Source,Location ID,Jurisdiction,Latitude,Longitude,Time Zone,Local Time Zone,Distance to Shore,Directionality Coefficient,Energy Period,Maximum Energy Direction,Mean Absolute Period,Mean Wave Direction,Mean Zero-Crossing Period,Omni-Directional Wave Power,Peak Period,Significant Wave Height,Spectral Width,Water Depth,Version
DOE-WPTO US Wave dataset,599932,b'Oregon',42.7222,-124.507,0,-8,1213.9344,-,s,deg,s,deg,s,W/m,s,m,-,34,v1.0.0
Year,Month,Day,Hour,Minute,Directionality Coefficient,Energy Period,Maximum Energy Direction,Mean Absolute Period,Mean Zero-Crossing Period,Omni-Directional Wave Power,Peak Period,Significant Wave Height,Spectral Width
1997,1,1,0,0,0.9276059865951538,10.679699897766113,35,9.043499946594238,7.937600135803223,314865,13.326800346374512,7.265940189361572,0.3382900059223175
1997,1,1,3,0,0.9368619918823242,11.406999588012695,45,10.096699714660645,9.194899559020996,385145,13.326800346374512,7.745319843292236,0.29113999009132385
1997,1,1,6,0,0.938398003578186,11.996999740600586,45,10.885899543762207,10.100500106811523,361476,13.326800346374512,7.300469875335693,0.2570199966430664
1997,1,1,9,0,0.9221190214157104,12.026399612426758,45,10.919300079345703,10.128000259399414,270073,13.326800346374512,6.302340030670166,0.2561799883842468
1997,1,1,12,0,0.9183470010757446,12.587900161743164,35,11.303000450134277,10.384300231933594,246572,13.326800346374512,5.9234299659729,0.27279001474380493
1997,1,1,15,0,0.9261829853057861,13.351099967956543,25,11.865099906921387,10.774900436401367,268987,16.125999450683594,6.05640983581543,0.2802799940109253
1997,1,1,18,0,0.930059015750885,13.19379997253418,25,11.840900421142578,10.831600189208984,222052,16.125999450683594,5.515120029449463,0.2664400041103363
1997,1,1,21,0,0.9308300018310547,12.7524995803833,25,11.465999603271484,10.487500190734863,166646,14.659700393676758,4.837719917297363,0.2631399929523468
1997,1,2,0,0,0.9316909909248352,12.363900184631348,25,10.998800277709961,9.892800331115723,132114,14.659700393676758,4.3643798828125,0.2700499892234802
1997,1,2,3,0,0.9287170171737671,11.745699882507324,25,10.04069995880127,8.702699661254883,111074,13.326800346374512,4.108170032501221,0.3062700033187866
1997,1,2,6,0,0.925894021987915,11.227899551391602,25,9.406299591064453,8.09220027923584,99820,13.326800346374512,3.989680051803589,0.33362001180648804
1997,1,2,9,0,0.9224680066108704,10.754799842834473,35,8.862299919128418,7.595699787139893,97908,13.326800346374512,4.047100067138672,0.3592900037765503
1997,1,2,12,0,0.9234089851379395,10.638699531555176,35,8.721699714660645,7.474899768829346,103600,13.326800346374512,4.192319869995117,0.36948999762535095
1997,1,2,15,0,0.9254429936408997,10.814299583435059,35,8.969400405883789,7.756400108337402,113087,14.659700393676758,4.345190048217773,0.361270010471344
1997,1,2,18,0,0.9302989840507507,11.185400009155273,25,9.367400169372559,8.136500358581543,112318,14.659700393676758,4.252079963684082,0.34540000557899475
1997,1,2,21,0,0.9340490102767944,11.411800384521484,25,9.65820026397705,8.416999816894531,104650,14.659700393676758,4.056220054626465,0.32912999391555786
1997,1,3,0,0,0.9397259950637817,11.706999778747559,25,10.263999938964844,9.222999572753906,92020,14.659700393676758,3.744570016860962,0.29646000266075134
1997,1,3,3,0,0.9420589804649353,11.821399688720703,25,10.703100204467773,9.97920036315918,80477,13.326800346374512,3.4758400917053223,0.26934000849723816
1997,1,3,6,0,0.9405480027198792,11.680500030517578,25,10.61709976196289,9.879199981689453,71787,13.326800346374512,3.296600103378296,0.26179999113082886
1997,1,3,9,0,0.9344009757041931,10.727499961853027,25,8.932900428771973,7.569900035858154,66352,13.326800346374512,3.3133599758148193,0.32651999592781067
1997,1,3,12,0,0.9256410002708435,10.471400260925293,25,9.157600402832031,8.255800247192383,60900,13.326800346374512,3.2143900394439697,0.30776000022888184
1997,1,3,15,0,0.9218000173568726,10.506400108337402,25,9.542799949645996,8.949799537658691,56402,13.326800346374512,3.0811901092529297,0.27445998787879944
1997,1,3,18,0,0.9197760224342346,10.496100425720215,25,9.654399871826172,9.14210033416748,50598,12.114999771118164,2.9152400493621826,0.2579500079154968
1997,1,3,21,0,0.9177200198173523,10.446999549865723,25,9.667799949645996,9.192000389099121,44345,12.114999771118164,2.733299970626831,0.24875999987125397
1997,1,4,0,0,0.9173460006713867,10.400099754333496,15,9.668600082397461,9.219200134277344,39467,12.114999771118164,2.5826900005340576,0.2411399930715561
1997,1,4,3,0,0.9182909727096558,10.348299980163574,15,9.655200004577637,9.227399826049805,35461,12.114999771118164,2.453049898147583,0.23497000336647034
1997,1,4,6,0,0.9185550212860107,10.262999534606934,15,9.595199584960938,9.183899879455566,31384,12.114999771118164,2.3174099922180176,0.23193000257015228
1997,1,4,9,0,0.9176089763641357,10.14229965209961,15,9.489399909973145,9.090200424194336,27335,12.114999771118164,2.1768200397491455,0.23161999881267548
1997,1,4,12,0,0.9157940149307251,10.003100395202637,15,9.359600067138672,8.969400405883789,23740,11.013500213623047,2.044409990310669,0.23257000744342804
1997,1,4,15,0,0.9134740233421326,9.861700057983398,15,9.226300239562988,8.843700408935547,20821,11.013500213623047,1.9300199747085571,0.23345999419689178
1997,1,4,18,0,0.9110280275344849,9.72760009765625,15,9.10159969329834,8.725700378417969,18546,11.013500213623047,1.8356599807739258,0.2336599975824356
1997,1,4,21,0,0.9088150262832642,9.609000205993652,15,8.989500045776367,8.61870002746582,16740,11.013500213623047,1.756309986114502,0.23420000076293945
1997,1,5,0,0,0.9067609906196594,9.50570011138916,15,8.886699676513672,8.518400192260742,15230,11.013500213623047,1.6860100030899048,0.2362699955701828
1997,1,5,3,0,0.9042739868164062,9.404000282287598,15,8.782899856567383,8.416199684143066,13895,11.013500213623047,1.621019959449768,0.23930999636650085
1997,1,5,6,0,0.9008049964904785,9.298600196838379,15,8.677499771118164,8.313400268554688,12733,11.013500213623047,1.5625,0.24199000000953674
1997,1,5,9,0,0.8963029980659485,9.203700065612793,15,8.58489990234375,8.223600387573242,11791,10.01200008392334,1.5130800008773804,0.2438099980354309
1997,1,5,12,0,0.8911250233650208,9.13230037689209,15,8.515399932861328,8.156399726867676,11041,10.01200008392334,1.4712400436401367,0.24528999626636505
1997,1,5,15,0,0.8862829804420471,9.074199676513672,15,8.455400466918945,8.096699714660645,10316,10.01200008392334,1.4279899597167969,0.24758000671863556
1997,1,5,18,0,0.8821189999580383,8.988699913024902,5,8.347599983215332,7.968999862670898,9371,10.01200008392334,1.3692200183868408,0.2534700036048889
1997,1,5,21,0,0.8819079995155334,8.333000183105469,5,7.441999912261963,6.878600120544434,9088,10.01200008392334,1.4103800058364868,0.303849995136261
1997,1,6,0,0,0.8810179829597473,8.324899673461914,5,7.443600177764893,6.88129997253418,8096,10.01200008392334,1.3327699899673462,0.3032900094985962
1997,1,6,3,0,0.8838899731636047,8.449000358581543,5,7.58050012588501,7.02839994430542,7049,10.01200008392334,1.2330199480056763,0.299560010433197
1997,1,6,6,0,0.888526976108551,8.596699714660645,5,7.731400012969971,7.183300018310547,6298,9.101699829101562,1.1540600061416626,0.2978900074958801
1997,1,6,9,0,0.8920800089836121,8.736000061035156,5,7.862500190734863,7.318999767303467,5735,9.101699829101562,1.0921599864959717,0.30173999071121216
1997,1,6,12,0,0.8931900262832642,8.868399620056152,5,7.954800128936768,7.412799835205078,5287,9.101699829101562,1.0420900583267212,0.31700998544692993
1997,1,6,15,0,0.8946679830551147,9.091699600219727,5,8.055999755859375,7.492400169372559,4997,9.101699829101562,1.003499984741211,0.3487299978733063
1997,1,6,18,0,0.9024559855461121,9.605600357055664,5,8.303600311279297,7.660600185394287,5067,9.101699829101562,0.9861099720001221,0.3871000111103058
1997,1,6,21,0,0.9208170175552368,10.501799583435059,5,8.903800010681152,8.112899780273438,6122,16.125999450683594,1.0359300374984741,0.3911899924278259
1997,1,7,0,0,0.9428859949111938,11.304800033569336,5,9.796099662780762,8.96030044555664,10081,16.125999450683594,1.2725600004196167,0.3433299958705902
1997,1,7,3,0,0.9555209875106812,11.593999862670898,5,10.337900161743164,9.593899726867676,17620,14.659700393676758,1.6505800485610962,0.30044999718666077
1997,1,7,6,0,0.9609180092811584,11.722599983215332,5,10.593999862670898,9.890899658203125,24896,14.659700393676758,1.943969964981079,0.2768700122833252
1997,1,7,9,0,0.9629150032997131,11.80620002746582,5,10.754799842834473,10.077099800109863,28876,14.659700393676758,2.0820300579071045,0.2628900110721588
1997,1,7,12,0,0.963362991809845,11.846199989318848,5,10.85789966583252,10.218500137329102,30167,13.326800346374512,2.1221699714660645,0.2541700005531311
1997,1,7,15,0,0.9630200266838074,11.853300094604492,5,10.90470027923584,10.295999526977539,30248,13.326800346374512,2.1232399940490723,0.24973000586032867
1997,1,7,18,0,0.9625020027160645,11.836299896240234,5,10.910900115966797,10.322199821472168,29869,13.326800346374512,2.1107399463653564,0.247529998421669
1997,1,7,21,0,0.9624040126800537,11.785400390625,355,10.878100395202637,10.303999900817871,29168,13.326800346374512,2.0894699096679688,0.24594999849796295
1997,1,8,0,0,0.9626849889755249,11.690500259399414,355,10.798100471496582,10.233799934387207,27968,13.326800346374512,2.0532500743865967,0.24498000741004944
1997,1,8,3,0,0.9626110196113586,11.559599876403809,355,10.682499885559082,10.128700256347656,26179,13.326800346374512,1.9966200590133667,0.2445099949836731
1997,1,8,6,0,0.9619089961051941,11.389300346374512,355,10.472800254821777,9.86970043182373,24193,13.326800346374512,1.9330899715423584,0.24880999326705933
1997,1,8,9,0,0.960444986820221,11.225199699401855,355,10.258700370788574,9.602700233459473,22250,13.326800346374512,1.867319941520691,0.2547000050544739
1997,1,8,12,0,0.9588159918785095,11.136899948120117,355,10.201700210571289,9.579999923706055,20184,13.326800346374512,1.7854499816894531,0.25387999415397644
1997,1,8,15,0,0.9569939970970154,11.037199974060059,355,10.134699821472168,9.557299613952637,18014,13.326800346374512,1.694700002670288,0.2543399930000305
1997,1,8,18,0,0.9548940062522888,10.911299705505371,355,10.015899658203125,9.464699745178223,15809,12.114999771118164,1.5977699756622314,0.2589400112628937
1997,1,8,21,0,0.9519029855728149,10.812800407409668,355,9.886799812316895,9.337400436401367,13806,12.114999771118164,1.5019999742507935,0.2691799998283386
1997,1,9,0,0,0.9482709765434265,10.861300468444824,5,9.863100051879883,9.28689956665039,12678,12.114999771118164,1.438889980316162,0.28255000710487366
1997,1,9,3,0,0.9484339952468872,11.055399894714355,5,9.979599952697754,9.361200332641602,12618,12.114999771118164,1.4248299598693848,0.290800005197525
1997,1,9,6,0,0.947721004486084,11.246399879455566,5,10.106499671936035,9.44909954071045,12731,13.326800346374512,1.4205600023269653,0.2960500121116638
1997,1,9,9,0,0.9447640180587769,11.419899940490723,5,10.196700096130371,9.493200302124023,12450,13.326800346374512,1.396399974822998,0.3038400113582611
1997,1,9,12,0,0.9413959980010986,11.646900177001953,5,10.346099853515625,9.58810043334961,12327,13.326800346374512,1.3776099681854248,0.30724000930786133
1997,1,9,15,0,0.94234699010849,11.88659954071045,15,10.5802001953125,9.78969955444336,12907,13.326800346374512,1.3951499462127686,0.3001599907875061
1997,1,9,18,0,0.9459120035171509,12.007100105285645,15,10.758199691772461,9.97659969329834,14044,13.326800346374512,1.446720004081726,0.29038000106811523
1997,1,9,21,0,0.9495059847831726,11.937899589538574,15,10.673500061035156,9.733400344848633,15760,12.114999771118164,1.536679983139038,0.28839999437332153
1997,1,10,0,0,0.9528300166130066,11.269200325012207,15,9.12909984588623,7.356100082397461,19402,14.659700393676758,1.7570099830627441,0.33737999200820923
1997,1,10,3,0,0.9551529884338379,10.98859977722168,15,9.265700340270996,8.022700309753418,25526,13.326800346374512,2.040640115737915,0.33702000975608826
1997,1,10,6,0,0.9557530283927917,11.108599662780762,15,9.702099800109863,8.746800422668457,29918,13.326800346374512,2.192110061645508,0.31251001358032227
1997,1,10,9,0,0.9530090093612671,11.196599960327148,15,9.956500053405762,9.146499633789062,30925,12.114999771118164,2.2166800498962402,0.2973800003528595
1997,1,10,12,0,0.9485980272293091,11.187000274658203,15,10.015700340270996,9.282500267028809,29717,12.114999771118164,2.173830032348633,0.2943800091743469
1997,1,10,15,0,0.9443079829216003,11.115699768066406,25,9.95359992980957,9.256099700927734,27524,12.114999771118164,2.1007399559020996,0.2992900013923645
1997,1,10,18,0,0.9403910040855408,11.027199745178223,25,9.84220027923584,9.157299995422363,25163,11.013500213623047,2.0195200443267822,0.3077999949455261
1997,1,10,21,0,0.9377520084381104,10.96660041809082,15,9.732999801635742,9.044599533081055,22963,11.013500213623047,1.9382200241088867,0.3188599944114685
1997,1,11,0,0,0.9362120032310486,10.951899528503418,15,9.645299911499023,8.940699577331543,21054,13.326800346374512,1.861590027809143,0.3325299918651581
1997,1,11,3,0,0.9371730089187622,11.130999565124512,15,9.680399894714355,8.924799919128418,20140,16.125999450683594,1.8128600120544434,0.35071998834609985
1997,1,11,6,0,0.944021999835968,11.776900291442871,15,10.09060001373291,9.208100318908691,22031,16.125999450683594,1.8518600463867188,0.35885998606681824
1997,1,11,9,0,0.9536150097846985,12.610799789428711,15,10.776300430297852,9.715900421142578,27183,16.125999450683594,1.9920300245285034,0.3405799865722656
1997,1,11,12,0,0.961296021938324,13.261799812316895,15,11.509300231933594,10.38700008392334,34119,16.125999450683594,2.175410032272339,0.3102400004863739
1997,1,11,15,0,0.9666839838027954,13.74020004272461,15,12.137800216674805,11.034199714660645,41793,14.659700393676758,2.364809989929199,0.28474000096321106
1997,1,11,18,0,0.970221996307373,14.087300300598145,15,12.640600204467773,11.589900016784668,49442,14.659700393676758,2.540019989013672,0.2643600106239319
1997,1,11,21,0,0.9725720286369324,14.226799964904785,15,12.956500053405762,12.006600379943848,56605,14.659700393676758,2.7004098892211914,0.2472199946641922
1997,1,12,0,0,0.9738720059394836,14.100299835205078,15,12.987899780273438,12.166299819946289,62416,14.659700393676758,2.839590072631836,0.23680000007152557
1997,1,12,3,0,0.9740319848060608,13.876700401306152,15,12.84469985961914,12.12279987335205,66402,14.659700393676758,2.9457900524139404,0.23673999309539795
1997,1,12,6,0,0.9727650284767151,13.657600402832031,15,12.616700172424316,11.935999870300293,66997,14.659700393676758,2.981110095977783,0.24634000658988953
1997,1,12,9,0,0.9704920053482056,13.481200218200684,15,12.376299858093262,11.684499740600586,63637,14.659700393676758,2.9257900714874268,0.25887998938560486
1997,1,12,12,0,0.968267023563385,13.51710033416748,15,12.323599815368652,11.578200340270996,61752,14.659700393676758,2.8835999965667725,0.26708999276161194
1997,1,12,15,0,0.9666540026664734,13.728699684143066,15,12.475799560546875,11.66189956665039,64605,17.73889923095703,2.9322400093078613,0.2655799984931946
1997,1,12,18,0,0.9654660224914551,13.812199592590332,15,12.58810043334961,11.76830005645752,67761,17.73889923095703,2.9927399158477783,0.257999986410141
1997,1,12,21,0,0.9637269973754883,13.628700256347656,15,12.44320011138916,11.638699531555176,66738,16.125999450683594,2.9825899600982666,0.2542699873447418
1997,1,13,0,0,0.9611819982528687,13.304499626159668,15,12.172599792480469,11.418100357055664,61899,16.125999450683594,2.898020029067993,0.25290998816490173
1997,1,13,3,0,0.9583780169487,12.969799995422363,15,11.84939956665039,11.061400413513184,54138,16.125999450683594,2.73786997795105,0.25398001074790955
1997,1,13,6,0,0.954509973526001,12.617199897766113,15,11.473400115966797,10.659099578857422,43976,14.659700393676758,2.4970200061798096,0.25986000895500183
1997,1,13,9,0,0.9496809840202332,12.306400299072266,15,11.202899932861328,10.463000297546387,34648,14.659700393676758,2.241379976272583,0.26403000950813293
1997,1,13,12,0,0.9495369791984558,12.219400405883789,15,11.148799896240234,10.469099998474121,28871,14.659700393676758,2.0537400245666504,0.2667999863624573
1997,1,13,15,0,0.9533339738845825,12.418700218200684,15,11.292400360107422,10.509599685668945,27416,14.659700393676758,1.988450050354004,0.26820001006126404
1997,1,13,18,0,0.9591209888458252,12.761500358581543,15,11.637800216674805,10.842599868774414,28915,14.659700393676758,2.0157101154327393,0.25900998711586
1997,1,13,21,0,0.9640589952468872,13.053199768066406,15,12.010600090026855,11.252300262451172,32024,14.659700393676758,2.096290111541748,0.2436700016260147
1997,1,14,0,0,0.966763973236084,13.238300323486328,15,12.26099967956543,11.536199569702148,34918,14.659700393676758,2.1733200550079346,0.23506000638008118
1997,1,14,3,0,0.9684910178184509,13.373200416564941,15,12.425700187683105,11.71500015258789,35720,14.659700393676758,2.18887996673584,0.23377999663352966
1997,1,14,6,0,0.9696549773216248,13.496399879455566,15,12.563699722290039,11.874699592590332,35059,13.326800346374512,2.16129994392395,0.23440000414848328
1997,1,14,9,0,0.9698129892349243,13.519599914550781,15,12.528900146484375,11.697999954223633,33254,13.326800346374512,2.104789972305298,0.23739999532699585
1997,1,14,12,0,0.9684360027313232,13.329099655151367,15,11.907299995422363,10.407600402832031,30531,13.326800346374512,2.032910108566284,0.2579300105571747
1997,1,14,15,0,0.9617900252342224,12.716500282287598,15,10.85319995880127,9.41349983215332,28397,13.326800346374512,2.012279987335205,0.31060001254081726
1997,1,14,18,0,0.9480940103530884,12.170299530029297,15,10.15999984741211,8.838199615478516,27483,16.125999450683594,2.028320074081421,0.344760000705719
1997,1,14,21,0,0.9350860118865967,11.994000434875488,15,10.032099723815918,8.801400184631348,27778,16.125999450683594,2.0543301105499268,0.34909000992774963
1997,1,15,0,0,0.9259529709815979,11.929300308227539,15,10.096500396728516,8.965800285339355,28595,16.125999450683594,2.08732008934021,0.3419800102710724
1997,1,15,3,0,0.9165869951248169,11.83549976348877,15,10.163299560546875,9.140399932861328,29382,16.125999450683594,2.120300054550171,0.33263999223709106
1997,1,15,6,0,0.8984689712524414,11.532299995422363,25,10.101400375366211,9.264599800109863,31350,16.125999450683594,2.214750051498413,0.32440999150276184
1997,1,15,9,0,0.8827189803123474,11.36340045928955,25,10.056099891662598,9.322199821472168,30934,14.659700393676758,2.214430093765259,0.31953999400138855
1997,1,15,12,0,0.8761669993400574,11.354499816894531,25,10.08080005645752,9.373800277709961,29435,14.659700393676758,2.16018009185791,0.3167699873447418
1997,1,15,15,0,0.8712409734725952,11.365699768066406,25,10.129199981689453,9.443599700927734,29034,14.659700393676758,2.143359899520874,0.3128499984741211
1997,1,15,18,0,0.8694689869880676,11.415900230407715,25,10.188599586486816,9.50100040435791,29181,14.659700393676758,2.1440999507904053,0.31084999442100525
1997,1,15,21,0,0.8772220015525818,11.54520034790039,25,10.23449993133545,9.439800262451172,28794,14.659700393676758,2.1188299655914307,0.3124699890613556
1997,1,16,0,0,0.8884279727935791,11.269399642944336,25,9.310099601745605,7.8246002197265625,29398,14.659700393676758,2.169680118560791,0.3464199900627136
1997,1,16,3,0,0.896763026714325,10.987700462341309,25,8.914299964904785,7.451300144195557,30997,14.659700393676758,2.2570199966430664,0.36302000284194946
1997,1,16,6,0,0.9018790125846863,10.721699714660645,25,8.532699584960938,7.020199775695801,32609,14.659700393676758,2.3412599563598633,0.3720400035381317
1997,1,16,9,0,0.9006199836730957,9.992500305175781,25,7.873199939727783,6.5117998123168945,35414,14.659700393676758,2.529629945755005,0.3921700119972229
1997,1,16,12,0,0.8969849944114685,9.485799789428711,35,7.731599807739258,6.572999954223633,38682,13.326800346374512,2.7134499549865723,0.37650999426841736
1997,1,16,15,0,0.8926759958267212,8.994400024414062,35,7.331299781799316,6.22790002822876,39243,10.01200008392334,2.8085100650787354,0.3740899860858917
1997,1,16,18,0,0.9061089754104614,8.862299919128418,45,7.396900177001953,6.388700008392334,43548,11.013500213623047,2.9774200916290283,0.35199999809265137
1997,1,16,21,0,0.9172499775886536,9.071000099182129,45,7.684500217437744,6.6956000328063965,55715,11.013500213623047,3.317689895629883,0.331959992647171
1997,1,17,0,0,0.9155570268630981,8.97029972076416,45,7.634099960327148,6.7017998695373535,71369,11.013500213623047,3.7781999111175537,0.3312000036239624
1997,1,17,3,0,0.9188979864120483,9.359600067138672,45,8.058199882507324,7.105199813842773,77979,11.013500213623047,3.853219985961914,0.31446000933647156
1997,1,17,6,0,0.9194899797439575,9.558899879455566,45,8.245699882507324,7.285699844360352,85754,12.114999771118164,3.993720054626465,0.31227999925613403
1997,1,17,9,0,0.9229249954223633,9.78320026397705,45,8.418600082397461,7.413400173187256,92393,12.114999771118164,4.093200206756592,0.3122200071811676
1997,1,17,12,0,0.9256920218467712,9.752400398254395,45,8.227299690246582,7.117800235748291,108536,12.114999771118164,4.447579860687256,0.32822999358177185
1997,1,17,15,0,0.9242780208587646,10.07919979095459,45,8.593799591064453,7.539599895477295,127566,12.114999771118164,4.74714994430542,0.32844001054763794
1997,1,17,18,0,0.913661003112793,11.05090045928955,35,9.350199699401855,8.112899780273438,134468,12.114999771118164,4.66595983505249,0.33362001180648804
1997,1,17,21,0,0.9144390225410461,11.47700023651123,35,9.579500198364258,8.266200065612793,156700,13.326800346374512,4.96697998046875,0.3490299880504608
1997,1,18,0,0,0.9175689816474915,11.781299591064453,35,9.894800186157227,8.54740047454834,172779,16.125999450683594,5.151360034942627,0.3403100073337555
1997,1,18,3,0,0.9192309975624084,12.094599723815918,35,10.306599617004395,9.001399993896484,159662,16.125999450683594,4.887229919433594,0.3253600001335144
1997,1,18,6,0,0.9236980080604553,12.18690013885498,25,10.57979965209961,9.416199684143066,139716,16.125999450683594,4.546649932861328,0.3091700077056885
1997,1,18,9,0,0.9224550127983093,11.8302001953125,25,10.106800079345703,8.805100440979004,119679,14.659700393676758,4.263830184936523,0.3172700107097626
1997,1,18,12,0,0.9137979745864868,11.005499839782715,35,9.236000061035156,8.000300407409668,107924,14.659700393676758,4.194819927215576,0.34104999899864197
1997,1,18,15,0,0.9162439703941345,10.681500434875488,35,9.065999984741211,7.89709997177124,95565,14.659700393676758,3.996959924697876,0.32982999086380005
1997,1,18,18,0,0.9186040163040161,10.507200241088867,35,8.97920036315918,7.828100204467773,82016,14.659700393676758,3.724989891052246,0.3181000053882599
1997,1,18,21,0,0.9164429903030396,9.958900451660156,35,8.308899879455566,7.127699851989746,71295,12.114999771118164,3.5706899166107178,0.3386699855327606
1997,1,19,0,0,0.9237030148506165,9.813599586486816,35,8.321200370788574,7.208499908447266,69546,12.114999771118164,3.548909902572632,0.3227199912071228
1997,1,19,3,0,0.9281889796257019,9.96150016784668,35,8.621600151062012,7.596199989318848,66165,12.114999771118164,3.428539991378784,0.30234000086784363
1997,1,19,6,0,0.927416980266571,10.002599716186523,35,8.72819995880127,7.726799964904785,60304,12.114999771118164,3.2623300552368164,0.2913700044155121
1997,1,19,9,0,0.9257230162620544,9.979399681091309,35,8.802300453186035,7.863500118255615,53632,12.114999771118164,3.0778300762176514,0.2803899943828583
1997,1,19,12,0,0.9215739965438843,9.842000007629395,35,8.717100143432617,7.808000087738037,46887,12.114999771118164,2.8989500999450684,0.2764100134372711
1997,1,19,15,0,0.9145249724388123,9.442899703979492,35,8.089300155639648,7.0100998878479,41346,11.013500213623047,2.7866499423980713,0.3034000098705292
1997,1,19,18,0,0.9097309708595276,9.031700134277344,35,7.651800155639648,6.636600017547607,39823,11.013500213623047,2.8092200756073,0.32596999406814575
1997,1,19,21,0,0.9055529832839966,9.08080005645752,35,7.725100040435791,6.738900184631348,36745,11.013500213623047,2.6934099197387695,0.32809001207351685
1997,1,20,0,0,0.9026790261268616,9.166399955749512,35,7.804699897766113,6.830699920654297,33342,11.013500213623047,2.555579900741577,0.333079993724823
1997,1,20,3,0,0.9004200100898743,9.319299697875977,35,7.89769983291626,6.868599891662598,30425,11.013500213623047,2.4207499027252197,0.3365899920463562
1997,1,20,6,0,0.8992869853973389,9.31719970703125,35,7.760499954223633,6.660699844360352,29146,11.013500213623047,2.370609998703003,0.35034000873565674
1997,1,20,9,0,0.9011690020561218,9.533699989318848,35,8.076899528503418,7.0278000831604,29506,11.013500213623047,2.3540499210357666,0.335860013961792
1997,1,20,12,0,0.9099500179290771,9.894700050354004,25,8.67590045928955,7.7881999015808105,30258,11.013500213623047,2.332580089569092,0.30493998527526855
1997,1,20,15,0,0.9157869815826416,10.113699913024902,25,8.99209976196289,8.092599868774414,30770,11.013500213623047,2.32069993019104,0.2825300097465515
1997,1,20,18,0,0.9171630144119263,9.946800231933594,25,8.500200271606445,7.256100177764893,30804,11.013500213623047,2.3396899700164795,0.2971299886703491
1997,1,20,21,0,0.9089009761810303,9.180899620056152,25,7.388400077819824,6.179100036621094,31788,11.013500213623047,2.4829299449920654,0.35826998949050903
1997,1,21,0,0,0.8888530135154724,8.076000213623047,25,6.554599761962891,5.6402997970581055,36280,11.013500213623047,2.8629000186920166,0.3903200030326843
1997,1,21,3,0,0.8829770088195801,7.9903998374938965,25,6.794000148773193,6.000800132751465,38507,11.013500213623047,2.972630023956299,0.3445900082588196
1997,1,21,6,0,0.8714069724082947,7.774199962615967,35,6.645199775695801,5.876200199127197,39394,10.01200008392334,3.054460048675537,0.3335700035095215
1997,1,21,9,0,0.8713070154190063,7.671899795532227,35,6.652900218963623,5.932199954986572,37452,9.101699829101562,3.0041799545288086,0.3160800039768219
1997,1,21,12,0,0.8776199817657471,7.890999794006348,35,7.041800022125244,6.434000015258789,31098,9.101699829101562,2.694380044937134,0.28672000765800476
1997,1,21,15,0,0.8649960160255432,7.849899768829346,25,7.025000095367432,6.430099964141846,23424,8.274100303649902,2.3477699756622314,0.28558000922203064
1997,1,21,18,0,0.8580899834632874,7.594699859619141,25,6.682300090789795,6.0304999351501465,18263,9.101699829101562,2.114300012588501,0.3051699995994568
1997,1,21,21,0,0.854898989200592,7.359000205993652,15,6.393700122833252,5.724599838256836,14758,10.01200008392334,1.9363700151443481,0.3214699923992157
1997,1,22,0,0,0.855072021484375,7.49399995803833,15,6.6585001945495605,6.104400157928467,12161,10.01200008392334,1.740280032157898,0.3064500093460083
1997,1,22,3,0,0.8536339998245239,7.672999858856201,15,6.935100078582764,6.4822998046875,10691,10.01200008392334,1.609410047531128,0.2915099859237671
1997,1,22,6,0,0.8513680100440979,7.800600051879883,15,7.101399898529053,6.682700157165527,9892,9.101699829101562,1.533370018005371,0.28360000252723694
1997,1,22,9,0,0.8488579988479614,7.897299766540527,15,7.207300186157227,6.791800022125244,9269,9.101699829101562,1.474079966545105,0.28169000148773193
1997,1,22,12,0,0.8498420119285583,8.008399963378906,15,7.311500072479248,6.902699947357178,8795,9.101699829101562,1.424839973449707,0.2856599986553192
1997,1,22,15,0,0.8566679954528809,8.184900283813477,5,7.448599815368652,7.031300067901611,8751,9.101699829101562,1.4036999940872192,0.2954599857330322
1997,1,22,18,0,0.8698400259017944,8.455900192260742,5,7.677199840545654,7.241499900817871,9336,9.101699829101562,1.422379970550537,0.3004800081253052
1997,1,22,21,0,0.882157027721405,8.773099899291992,5,7.958399772644043,7.513199806213379,10165,9.101699829101562,1.4534499645233154,0.304639995098114
1997,1,23,0,0,0.8894079923629761,9.030599594116211,5,8.16100025177002,7.708499908447266,10501,9.101699829101562,1.4553600549697876,0.3159500062465668
1997,1,23,3,0,0.8930609822273254,9.196800231933594,5,8.260899543762207,7.795000076293945,10252,9.101699829101562,1.4256700277328491,0.3284800052642822
1997,1,23,6,0,0.8972160220146179,9.359199523925781,5,8.34000015258789,7.847300052642822,9880,9.101699829101562,1.3871999979019165,0.33901000022888184
1997,1,23,9,0,0.9027119874954224,9.547100067138672,5,8.4306001663208,7.897299766540527,9462,14.659700393676758,1.3432799577713013,0.3472999930381775
1997,1,23,12,0,0.9090710282325745,9.715299606323242,5,8.51509952545166,7.937900066375732,8960,14.659700393676758,1.2942099571228027,0.3508099913597107
1997,1,23,15,0,0.9178230166435242,9.953800201416016,5,8.679699897766113,8.043399810791016,8781,13.326800346374512,1.2622900009155273,0.34602999687194824
1997,1,23,18,0,0.9257500171661377,10.153499603271484,5,8.82960033416748,8.137999534606934,9071,13.326800346374512,1.2665899991989136,0.33799999952316284
1997,1,23,21,0,0.9270480275154114,9.941200256347656,5,8.49489974975586,7.725399971008301,9612,13.326800346374512,1.3168699741363525,0.3510400056838989
1997,1,24,0,0,0.9177410006523132,9.988499641418457,5,8.424599647521973,7.44320011138916,9550,13.326800346374512,1.3053799867630005,0.34310001134872437
1997,1,24,3,0,0.8836640119552612,10.118800163269043,15,8.738200187683105,7.753300189971924,10008,12.114999771118164,1.3230899572372437,0.3104499876499176
1997,1,24,6,0,0.8422530293464661,10.074000358581543,25,9.027600288391113,8.252699851989746,11445,12.114999771118164,1.4169700145721436,0.2791999876499176
1997,1,24,9,0,0.8226919770240784,9.936400413513184,25,9.098099708557129,8.54259967803955,12739,12.114999771118164,1.508739948272705,0.2715199887752533
1997,1,24,12,0,0.8163769841194153,9.896400451660156,25,9.083600044250488,8.612000465393066,12831,10.01200008392334,1.5225199460983276,0.28648999333381653
1997,1,24,15,0,0.8180969953536987,10.003399848937988,25,9.100299835205078,8.626099586486816,12315,10.01200008392334,1.4898200035095215,0.3142099976539612
1997,1,24,18,0,0.8245059847831726,10.243200302124023,25,9.193099975585938,8.686300277709961,11856,9.101699829101562,1.4506700038909912,0.3415299952030182
1997,1,24,21,0,0.8383010029792786,10.558099746704102,15,9.353300094604492,8.794899940490723,11706,17.73889923095703,1.423799991607666,0.35763999819755554
1997,1,25,0,0,0.8490729928016663,10.827300071716309,15,9.5,8.886500358581543,11578,16.125999450683594,1.4000999927520752,0.3632499873638153
1997,1,25,3,0,0.8515059947967529,10.923999786376953,15,9.529899597167969,8.878600120544434,10970,16.125999450683594,1.3571300506591797,0.36473000049591064
1997,1,25,6,0,0.8495740294456482,10.963899612426758,15,9.518899917602539,8.835599899291992,10154,16.125999450683594,1.3032399415969849,0.36599001288414
1997,1,25,9,0,0.8451520204544067,10.959600448608398,15,9.474300384521484,8.74470043182373,9430,16.125999450683594,1.2561999559402466,0.36739999055862427
1997,1,25,12,0,0.8364779949188232,10.202400207519531,25,9.081000328063965,8.542099952697754,11817,9.101699829101562,1.4550199508666992,0.34981000423431396
1997,1,25,15,0,0.8416420221328735,9.6875,45,8.51550006866455,7.691400051116943,14069,9.101699829101562,1.6275399923324585,0.34415000677108765
1997,1,25,18,0,0.8931760191917419,7.511099815368652,55,6.156899929046631,5.372399806976318,27694,9.101699829101562,2.6322600841522217,0.4216099977493286
1997,1,25,21,0,0.9215589761734009,8.17140007019043,55,7.183800220489502,6.536799907684326,52201,9.101699829101562,3.4299299716949463,0.3282800018787384
1997,1,26,0,0,0.9057070016860962,8.637399673461914,55,7.645999908447266,7.055600166320801,36405,9.101699829101562,2.780280113220215,0.33667999505996704
1997,1,26,3,0,0.900143027305603,9.394100189208984,55,8.393199920654297,7.854400157928467,30740,9.101699829101562,2.4381299018859863,0.33177998661994934
1997,1,26,6,0,0.9011189937591553,10.116399765014648,55,9.081700325012207,8.534500122070312,32841,10.01200008392334,2.4179599285125732,0.3198400139808655
1997,1,26,9,0,0.9138020277023315,10.581299781799316,45,9.526900291442871,8.951700210571289,42495,10.01200008392334,2.6810901165008545,0.3060699999332428
1997,1,26,12,0,0.9180660247802734,10.965800285339355,45,9.933799743652344,9.350700378417969,52884,13.326800346374512,2.9310600757598877,0.2905200123786926
1997,1,26,15,0,0.914376974105835,11.47029972076416,45,10.440500259399414,9.83810043334961,58734,13.326800346374512,3.017080068588257,0.2775300145149231
1997,1,26,18,0,0.9199240207672119,12.013500213623047,45,11.040900230407715,10.44909954071045,62649,13.326800346374512,3.042910099029541,0.25909000635147095
1997,1,26,21,0,0.9249659776687622,12.297900199890137,35,11.419899940490723,10.870800018310547,63315,13.326800346374512,3.0199599266052246,0.24143999814987183
1997,1,27,0,0,0.9277510046958923,12.2947998046875,35,11.491600036621094,10.988100051879883,58492,13.326800346374512,2.898969888687134,0.23306000232696533
1997,1,27,3,0,0.9267370104789734,12.155200004577637,35,11.373900413513184,10.898799896240234,50827,13.326800346374512,2.717129945755005,0.23808999359607697
1997,1,27,6,0,0.9236029982566833,11.974300384521484,35,11.094799995422363,10.414299964904785,43215,13.326800346374512,2.5271499156951904,0.2535400092601776
1997,1,27,9,0,0.916254997253418,10.672200202941895,35,8.501899719238281,7.000400066375732,40246,12.114999771118164,2.606139898300171,0.3817700147628784
1997,1,27,12,0,0.9095799922943115,9.956199645996094,35,7.820400238037109,6.577099800109863,40460,12.114999771118164,2.728559970855713,0.4336700141429901
1997,1,27,15,0,0.9020799994468689,9.297300338745117,35,7.187600135803223,6.080399990081787,40328,12.114999771118164,2.837779998779297,0.47255998849868774
1997,1,27,18,0,0.8989099860191345,9.090299606323242,35,7.197000026702881,6.184100151062012,43635,11.013500213623047,2.991450071334839,0.4637399911880493
1997,1,27,21,0,0.8957129716873169,8.55109977722168,45,6.80810022354126,5.8495001792907715,52374,10.01200008392334,3.37893009185791,0.4563100039958954
1997,1,28,0,0,0.9045739769935608,8.546899795532227,45,7.099899768829346,6.208199977874756,74537,10.01200008392334,4.002110004425049,0.3941799998283386
1997,1,28,3,0,0.9138420224189758,9.009099960327148,45,7.638199806213379,6.732600212097168,87572,10.01200008392334,4.196670055389404,0.3589499890804291
1997,1,28,6,0,0.9167979955673218,9.450400352478027,45,8.154899597167969,7.303100109100342,88852,10.01200008392334,4.113959789276123,0.34202998876571655
1997,1,28,9,0,0.9069989919662476,9.664199829101562,45,8.342000007629395,7.447700023651123,77723,10.01200008392334,3.8003599643707275,0.33831000328063965
1997,1,28,12,0,0.8928179740905762,9.901300430297852,45,8.644499778747559,7.790999889373779,63002,10.01200008392334,3.3782401084899902,0.32907000184059143
1997,1,28,15,0,0.8798819780349731,10.211400032043457,35,9.065600395202637,8.334199905395508,51910,10.01200008392334,3.0207600593566895,0.321399986743927
1997,1,28,18,0,0.8828960061073303,10.590999603271484,35,9.480299949645996,8.875399589538574,46262,10.01200008392334,2.8062500953674316,0.32681000232696533
1997,1,28,21,0,0.8936060070991516,11.27970027923584,25,10.021300315856934,9.384200096130371,48162,10.01200008392334,2.7837300300598145,0.3360399901866913
1997,1,29,0,0,0.9243130087852478,12.301799774169922,25,10.9798002243042,10.240500450134277,63165,16.125999450683594,3.0504798889160156,0.30542999505996704
1997,1,29,3,0,0.9364320039749146,12.595199584960938,15,11.401700019836426,10.677399635314941,71249,14.659700393676758,3.1902201175689697,0.2753700017929077
1997,1,29,6,0,0.9428430199623108,12.459400177001953,15,11.364299774169922,10.682600021362305,66453,14.659700393676758,3.08735990524292,0.2621600031852722
1997,1,29,9,0,0.9447609782218933,12.188300132751465,15,11.151200294494629,10.505499839782715,56965,14.659700393676758,2.882849931716919,0.25786998867988586
1997,1,29,12,0,0.9438610076904297,11.86460018157959,15,10.862199783325195,10.246100425720215,47468,13.326800346374512,2.6628899574279785,0.2587299942970276
1997,1,29,15,0,0.9410290122032166,11.503600120544434,15,10.521499633789062,9.92959976196289,38830,13.326800346374512,2.4439499378204346,0.2631399929523468
1997,1,29,18,0,0.9363669753074646,11.11340045928955,15,10.140600204467773,9.561800003051758,31244,13.326800346374512,2.230410099029541,0.26996999979019165
1997,1,29,21,0,0.9299089908599854,10.693599700927734,15,9.705400466918945,9.081100463867188,24662,13.326800346374512,2.021790027618408,0.2785399854183197
1997,1,30,0,0,0.922544002532959,10.165599822998047,15,8.734399795532227,7.47760009765625,19707,12.114999771118164,1.8578200340270996,0.3073199987411499
1997,1,30,3,0,0.9212179780006409,9.76990032196045,15,7.997200012207031,6.729300022125244,18308,12.114999771118164,1.8355000019073486,0.3626300096511841
1997,1,30,6,0,0.9287599921226501,9.74779987335205,15,7.538099765777588,6.1875,23262,14.659700393676758,2.0803000926971436,0.41297999024391174
1997,1,30,9,0,0.9411259889602661,10.139800071716309,15,7.999499797821045,6.645599842071533,34203,14.659700393676758,2.471359968185425,0.39656999707221985
1997,1,30,12,0,0.9470499753952026,10.412500381469727,15,8.383700370788574,7.031000137329102,44488,14.659700393676758,2.773710012435913,0.37376999855041504
1997,1,30,15,0,0.950206995010376,10.59000015258789,15,8.642000198364258,7.281199932098389,52468,14.659700393676758,2.980649948120117,0.3570599853992462
1997,1,30,18,0,0.9542930126190186,10.962599754333496,15,9.043000221252441,7.619699954986572,60620,13.326800346374512,3.144860029220581,0.34073999524116516
1997,1,30,21,0,0.9527140259742737,11.058899879455566,15,8.913999557495117,7.382800102233887,72067,13.326800346374512,3.418070077896118,0.354310005903244
1997,1,31,0,0,0.9470090270042419,10.888400077819824,15,8.714200019836426,7.262199878692627,82774,13.326800346374512,3.700360059738159,0.3710300028324127
1997,1,31,3,0,0.9431840181350708,10.850500106811523,15,8.71969985961914,7.309500217437744,86648,13.326800346374512,3.7967898845672607,0.3735800087451935
1997,1,31,6,0,0.9331910014152527,10.569100379943848,25,8.422599792480469,7.080699920654297,86987,14.659700393676758,3.861219882965088,0.3896700143814087
1997,1,31,9,0,0.9295960068702698,10.294500350952148,25,8.395000457763672,7.19350004196167,90625,14.659700393676758,3.992419958114624,0.3812299966812134
1997,1,31,12,0,0.9291030168533325,10.57960033416748,25,8.875800132751465,7.752099990844727,84221,14.659700393676758,3.7851901054382324,0.35319000482559204
1997,1,31,15,0,0.9250699877738953,10.69279956817627,25,9.01509952545166,7.876100063323975,76036,14.659700393676758,3.572920083999634,0.3439300060272217
1997,1,31,18,0,0.9228289723396301,10.88129997253418,25,9.305999755859375,8.226200103759766,67630,13.326800346374512,3.3367600440979004,0.33063000440597534
1997,1,31,21,0,0.9159259796142578,10.60830020904541,25,8.709799766540527,7.381999969482422,60942,13.326800346374512,3.211430072784424,0.35578998923301697
1997,2,1,0,0,0.9119459986686707,10.300299644470215,25,8.304200172424316,6.990799903869629,54915,13.326800346374512,3.0980100631713867,0.3755500018596649
1997,2,1,3,0,0.9141250252723694,10.088800430297852,25,8.116600036621094,6.852499961853027,49103,13.326800346374512,2.961669921875,0.38238999247550964
1997,2,1,6,0,0.9191200137138367,10.223899841308594,15,8.48449993133545,7.33489990234375,43280,13.326800346374512,2.757859945297241,0.36030998826026917
1997,2,1,9,0,0.9251880049705505,10.358099937438965,15,8.907600402832031,7.984099864959717,39035,13.326800346374512,2.5987799167633057,0.3374499976634979
1997,2,1,12,0,0.9289129972457886,10.482199668884277,15,9.218000411987305,8.49590015411377,36583,13.326800346374512,2.499419927597046,0.3238700032234192
1997,2,1,15,0,0.9307550191879272,10.648200035095215,15,9.407999992370605,8.713000297546387,34906,12.114999771118164,2.4227399826049805,0.32078999280929565
1997,2,1,18,0,0.9316819906234741,10.858799934387207,15,9.596099853515625,8.891300201416016,33550,12.114999771118164,2.353480100631714,0.3211599886417389
1997,2,1,21,0,0.9337689876556396,11.111300468444824,15,9.815600395202637,9.089400291442871,33049,12.114999771118164,2.310650110244751,0.3206399977207184
1997,2,2,0,0,0.9371169805526733,11.359700202941895,15,10.0447998046875,9.299400329589844,33297,12.114999771118164,2.294640064239502,0.3172700107097626
1997,2,2,3,0,0.940106987953186,11.498700141906738,15,10.201399803161621,9.454999923706055,33355,16.125999450683594,2.281630039215088,0.3108600080013275
1997,2,2,6,0,0.9426069855690002,11.53849983215332,15,10.281000137329102,9.54740047454834,33003,16.125999450683594,2.2632100582122803,0.3032299876213074
1997,2,2,9,0,0.9444490075111389,11.551400184631348,15,10.333399772644043,9.613200187683105,32735,16.125999450683594,2.250339984893799,0.2962999939918518
1997,2,2,12,0,0.9454290270805359,11.546899795532227,15,10.373200416564941,9.665900230407715,32831,13.326800346374512,2.251300096511841,0.28898999094963074
1997,2,2,15,0,0.9455310106277466,11.503899574279785,15,10.361599922180176,9.644800186157227,33095,14.659700393676758,2.2610599994659424,0.28169000148773193
1997,2,2,18,0,0.945455014705658,11.489500045776367,15,10.405699729919434,9.718000411987305,33140,14.659700393676758,2.260809898376465,0.2727600038051605
1997,2,2,21,0,0.9455000162124634,11.507699966430664,15,10.475299835205078,9.8233003616333,32771,13.326800346374512,2.244460105895996,0.26572999358177185
1997,2,3,0,0,0.9449059963226318,11.479100227355957,15,10.481100082397461,9.852999687194824,31479,13.326800346374512,2.2009799480438232,0.26148998737335205
1997,2,3,3,0,0.9439409971237183,11.402999877929688,15,10.429300308227539,9.817000389099121,29457,13.326800346374512,2.1348800659179688,0.2589600086212158
1997,2,3,6,0,0.9428139925003052,11.32450008392334,15,10.363699913024902,9.759200096130371,27262,13.326800346374512,2.0600099563598633,0.25773999094963074
1997,2,3,9,0,0.9413009881973267,11.23330020904541,15,10.273699760437012,9.671099662780762,24775,13.326800346374512,1.9713799953460693,0.25845998525619507
1997,2,3,12,0,0.9389770030975342,11.105899810791016,15,10.137299537658691,9.530900001525879,21840,12.114999771118164,1.8616199493408203,0.2614099979400635
1997,2,3,15,0,0.9349349737167358,10.91569995880127,15,9.925600051879883,9.305800437927246,18491,12.114999771118164,1.7286100387573242,0.26750001311302185
1997,2,3,18,0,0.9302949905395508,10.486499786376953,15,9.296699523925781,8.363200187683105,15964,12.114999771118164,1.6428200006484985,0.2892799973487854
1997,2,3,21,0,0.9263960123062134,8.911999702453613,15,6.967899799346924,5.768199920654297,17889,12.114999771118164,1.9075100421905518,0.40400001406669617
1997,2,4,0,0,0.931020975112915,9.037199974060059,15,7.305600166320801,6.2164998054504395,25948,13.326800346374512,2.2843799591064453,0.3920300006866455
1997,2,4,3,0,0.9357230067253113,9.796600341796875,25,8.217399597167969,7.089399814605713,42444,13.326800346374512,2.785209894180298,0.3422499895095825
1997,2,4,6,0,0.9220269918441772,9.914400100708008,25,8.381199836730957,7.2399001121521,58192,13.326800346374512,3.2307701110839844,0.32552000880241394
1997,2,4,9,0,0.9066069722175598,9.971400260925293,35,8.606100082397461,7.57889986038208,58642,12.114999771118164,3.2304399013519287,0.3101699948310852
1997,2,4,12,0,0.8966360092163086,10.267200469970703,25,9.18529987335205,8.424500465393066,47215,12.114999771118164,2.853179931640625,0.28683000802993774
1997,2,4,15,0,0.9019259810447693,10.17549991607666,25,8.809000015258789,7.742000102996826,38596,12.114999771118164,2.5990500450134277,0.31766000390052795
1997,2,4,18,0,0.9124529957771301,10.009699821472168,25,8.562999725341797,7.634099960327148,37695,12.114999771118164,2.6074299812316895,0.36184999346733093
1997,2,4,21,0,0.9178339838981628,10.316900253295898,15,8.706700325012207,7.727399826049805,39132,12.114999771118164,2.632159948348999,0.39041000604629517
1997,2,5,0,0,0.9291960000991821,10.86139965057373,15,9.015899658203125,7.938899993896484,40600,19.513200759887695,2.626970052719116,0.4085400104522705
1997,2,5,3,0,0.9380509853363037,11.413000106811523,15,9.457599639892578,8.362000465393066,41670,19.513200759887695,2.6038200855255127,0.40612998604774475
1997,2,5,6,0,0.9445260167121887,11.8548002243042,15,9.86870002746582,8.75629997253418,42754,17.73889923095703,2.5886900424957275,0.39208999276161194
1997,2,5,9,0,0.9494400024414062,12.237500190734863,15,10.29419994354248,9.213399887084961,44023,17.73889923095703,2.582819938659668,0.3726400136947632
1997,2,5,12,0,0.9528819918632507,12.536999702453613,15,10.660400390625,9.597100257873535,44675,17.73889923095703,2.566689968109131,0.35343000292778015
1997,2,5,15,0,0.9551900029182434,12.780500411987305,15,10.966400146484375,9.914799690246582,44422,16.125999450683594,2.532320022583008,0.33849000930786133
1997,2,5,18,0,0.9569029808044434,13.057100296020508,15,11.27299976348877,10.213000297546387,44414,16.125999450683594,2.5054900646209717,0.3268899917602539
1997,2,5,21,0,0.9584280252456665,13.373299598693848,15,11.623900413513184,10.5423002243042,45334,16.125999450683594,2.501929998397827,0.31255000829696655
1997,2,6,0,0,0.9594259858131409,13.589799880981445,15,11.899399757385254,10.810400009155273,45144,16.125999450683594,2.475330114364624,0.2984299957752228
1997,2,6,3,0,0.9604889750480652,13.686300277709961,5,12.07759952545166,11.000900268554688,43572,16.125999450683594,2.4193999767303467,0.2852399945259094
1997,2,6,6,0,0.9614560008049011,13.666799545288086,5,12.167099952697754,11.129300117492676,41321,16.125999450683594,2.3513400554656982,0.27254998683929443
1997,2,6,9,0,0.9622910022735596,13.51550006866455,5,12.147700309753418,11.181400299072266,38818,16.125999450683594,2.283400058746338,0.26170000433921814
1997,2,6,12,0,0.963250994682312,13.32699966430664,5,12.089200019836426,11.205499649047852,37225,14.659700393676758,2.244230031967163,0.2526699900627136
1997,2,6,15,0,0.9642789959907532,13.165300369262695,5,12.03689956665039,11.231100082397461,36769,14.659700393676758,2.2383499145507812,0.24498000741004944
1997,2,6,18,0,0.9650689959526062,12.971799850463867,5,11.929499626159668,11.17389965057373,37257,14.659700393676758,2.2641899585723877,0.2386000007390976
1997,2,6,21,0,0.9658349752426147,12.630800247192383,15,11.5378999710083,10.64330005645752,38269,14.659700393676758,2.3200700283050537,0.2425999939441681
1997,2,7,0,0,0.9655479788780212,12.110400199890137,15,10.697199821472168,9.394800186157227,38978,13.326800346374512,2.3891398906707764,0.2671999931335449
1997,2,7,3,0,0.9647870063781738,11.881799697875977,15,10.516599655151367,9.410900115966797,38072,13.326800346374512,2.384320020675659,0.2771199941635132
1997,2,7,6,0,0.9647480249404907,12.027400016784668,15,10.789899826049805,9.900799751281738,36919,13.326800346374512,2.3366498947143555,0.2752099931240082
1997,2,7,9,0,0.9657610058784485,12.350000381469727,15,11.126700401306152,10.311100006103516,37953,13.326800346374512,2.3445498943328857,0.2768799960613251
1997,2,7,12,0,0.9672039747238159,12.734399795532227,15,11.498200416564941,10.682100296020508,41373,13.326800346374512,2.416949987411499,0.27379000186920166
1997,2,7,15,0,0.9681090116500854,12.948200225830078,15,11.633600234985352,10.659600257873535,45538,16.125999450683594,2.516940116882324,0.27000999450683594
1997,2,7,18,0,0.968080997467041,13.004500389099121,15,11.666999816894531,10.645500183105469,48542,16.125999450683594,2.591480016708374,0.2654300034046173
1997,2,7,21,0,0.9676290154457092,13.011699676513672,15,11.777099609375,10.83810043334961,49048,14.659700393676758,2.600330114364624,0.254940003156662
1997,2,8,0,0,0.9667389988899231,12.911700248718262,15,11.708900451660156,10.690199851989746,47732,14.659700393676758,2.570539951324463,0.24835999310016632
1997,2,8,3,0,0.9652159810066223,12.70110034942627,15,11.465299606323242,10.361900329589844,45516,14.659700393676758,2.526520013809204,0.24935999512672424
1997,2,8,6,0,0.9629349708557129,12.381500244140625,5,11.156999588012695,10.19320011138916,42907,14.659700393676758,2.4812800884246826,0.25727999210357666
1997,2,8,9,0,0.961870014667511,12.084199905395508,5,10.914299964904785,10.06089973449707,39691,14.659700393676758,2.4128899574279785,0.2606799900531769
1997,2,8,12,0,0.9617339968681335,11.883399963378906,5,10.799300193786621,10.039400100708008,35856,13.326800346374512,2.3095500469207764,0.25742000341415405
1997,2,8,15,0,0.9622439742088318,11.729700088500977,5,10.712499618530273,10.014200210571289,32192,13.326800346374512,2.2004899978637695,0.2550700008869171
1997,2,8,18,0,0.9624919891357422,11.604599952697754,5,10.624899864196777,9.972000122070312,28762,13.326800346374512,2.0910298824310303,0.25874000787734985
1997,2,8,21,0,0.9620169997215271,11.53279972076416,5,10.528300285339355,9.902799606323242,25484,13.326800346374512,1.9789299964904785,0.278329998254776
1997,2,9,0,0,0.9609529972076416,11.61240005493164,5,10.47760009765625,9.848400115966797,22848,13.326800346374512,1.8790099620819092,0.3187899887561798
1997,2,9,3,0,0.9593070149421692,11.82289981842041,5,10.447500228881836,9.758600234985352,20712,13.326800346374512,1.789430022239685,0.36586999893188477
1997,2,9,6,0,0.9570639729499817,12.24489974975586,5,10.389699935913086,9.45460033416748,19496,12.114999771118164,1.7283899784088135,0.41530999541282654
1997,2,9,9,0,0.955253005027771,12.927200317382812,5,10.632599830627441,9.562800407409668,18956,21.46489906311035,1.6816500425338745,0.44183000922203064
1997,2,9,12,0,0.9532849788665771,13.3725004196167,5,10.79889965057373,9.648300170898438,17849,21.46489906311035,1.617650032043457,0.4502300024032593
1997,2,9,15,0,0.9538030028343201,13.947799682617188,5,11.188199996948242,9.907999992370605,18186,21.46489906311035,1.6047199964523315,0.4331600069999695
1997,2,9,18,0,0.9566400051116943,14.653300285339355,5,11.786199569702148,10.20479965209961,20361,19.513200759887695,1.658120036125183,0.3985599875450134
1997,2,9,21,0,0.9561120271682739,13.832900047302246,15,9.819000244140625,7.405099868774414,23023,19.513200759887695,1.803879976272583,0.4324899911880493
1997,2,10,0,0,0.9571340084075928,12.18649959564209,15,9.252799987792969,7.687900066375732,32110,19.513200759887695,2.241849899291992,0.45274999737739563
1997,2,10,3,0,0.9498950242996216,11.575799942016602,15,9.602100372314453,8.558799743652344,48152,19.513200759887695,2.783139944076538,0.4065999984741211
1997,2,10,6,0,0.9287070035934448,11.682000160217285,25,9.894800186157227,8.967100143432617,51326,17.73889923095703,2.8514699935913086,0.38585999608039856
1997,2,10,9,0,0.9179819822311401,11.865599632263184,25,10.233499526977539,9.366600036621094,53101,17.73889923095703,2.867300033569336,0.36048001050949097
1997,2,10,12,0,0.9208530187606812,12.127300262451172,25,10.685400009155273,9.882200241088867,58820,17.73889923095703,2.971139907836914,0.32721999287605286
1997,2,10,15,0,0.9259269833564758,12.267200469970703,25,10.940500259399414,10.189499855041504,60670,17.73889923095703,2.9934298992156982,0.3090299963951111
1997,2,10,18,0,0.9285370111465454,12.267000198364258,15,10.981900215148926,10.261199951171875,57253,16.125999450683594,2.905980110168457,0.3039399981498718
1997,2,10,21,0,0.9290860295295715,12.15530014038086,15,10.884900093078613,10.183500289916992,51001,16.125999450683594,2.754240036010742,0.3043000102043152
1997,2,11,0,0,0.9288709759712219,12.026300430297852,15,10.76159954071045,10.069100379943848,44637,16.125999450683594,2.589169979095459,0.3048500120639801
1997,2,11,3,0,0.9294919967651367,11.95740032196045,15,10.672699928283691,9.969900131225586,39151,16.125999450683594,2.431960105895996,0.30706000328063965
1997,2,11,6,0,0.9297980070114136,11.876500129699707,15,10.5378999710083,9.81190013885498,33455,16.125999450683594,2.258009910583496,0.31725001335144043
1997,2,11,9,0,0.9301180243492126,11.816399574279785,15,10.28219985961914,9.455699920654297,28191,14.659700393676758,2.087090015411377,0.35030999779701233
1997,2,11,12,0,0.9354150295257568,12.396100044250488,15,10.48169994354248,9.550399780273438,25569,14.659700393676758,1.9675300121307373,0.40404000878334045
1997,2,11,15,0,0.945268988609314,13.728799819946289,15,11.20460033416748,10.040900230407715,26916,23.611900329589844,1.9580800533294678,0.4334399998188019
1997,2,11,18,0,0.95585697889328,15.396400451660156,15,12.413800239562988,10.884699821472168,32931,21.46489906311035,2.079040050506592,0.40421000123023987
1997,2,11,21,0,0.9588789939880371,15.602800369262695,15,10.562100410461426,7.62939977645874,45360,21.46489906311035,2.444659948348999,0.42750000953674316
1997,2,12,0,0,0.9504089951515198,13.15369987487793,15,8.534500122070312,6.63129997253418,66246,21.46489906311035,3.2043299674987793,0.5351999998092651
1997,2,12,3,0,0.9518240094184875,13.186300277709961,5,9.337800025939941,7.465799808502197,84861,19.513200759887695,3.5795199871063232,0.4829300045967102
1997,2,12,6,0,0.9573869705200195,13.576800346374512,5,10.764399528503418,9.240500450134277,99173,19.513200759887695,3.764159917831421,0.40935999155044556
1997,2,12,9,0,0.959975004196167,13.628700256347656,5,11.221199989318848,9.832799911499023,96819,19.513200759887695,3.6824300289154053,0.3744100034236908
1997,2,12,12,0,0.9605799913406372,13.46619987487793,5,11.299099922180176,9.962900161743164,89845,17.73889923095703,3.543639898300171,0.3531099855899811
1997,2,12,15,0,0.9607560038566589,13.303799629211426,5,11.237500190734863,9.886199951171875,82314,17.73889923095703,3.396850109100342,0.34101998805999756
1997,2,12,18,0,0.9607740044593811,13.202699661254883,5,11.291799545288086,10.080900192260742,76050,17.73889923095703,3.267930030822754,0.33142000436782837
1997,2,12,21,0,0.9602389931678772,13.118900299072266,5,11.301799774169922,10.10200023651123,68731,17.73889923095703,3.1077699661254883,0.3220199942588806
1997,2,13,0,0,0.9594770073890686,13.107199668884277,5,11.437600135803223,10.338700294494629,61839,16.125999450683594,2.9415900707244873,0.30946001410484314
1997,2,13,3,0,0.9596840143203735,13.195899963378906,5,11.679499626159668,10.727100372314453,56444,16.125999450683594,2.7966599464416504,0.29600998759269714
1997,2,13,6,0,0.9603700041770935,13.24209976196289,5,11.809700012207031,10.911299705505371,51179,16.125999450683594,2.655550003051758,0.2869099974632263
1997,2,13,9,0,0.9608690142631531,13.175700187683105,5,11.79740047454834,10.934000015258789,45238,16.125999450683594,2.499569892883301,0.282260000705719
1997,2,13,12,0,0.960972011089325,13.008000373840332,5,11.675399780273438,10.842900276184082,39270,16.125999450683594,2.339359998703003,0.27974000573158264
1997,2,13,15,0,0.9610419869422913,12.802499771118164,5,11.512800216674805,10.707300186157227,34107,16.125999450683594,2.1928799152374268,0.27742999792099
1997,2,13,18,0,0.9608100056648254,12.578800201416016,5,11.318499565124512,10.533599853515625,29424,16.125999450683594,2.050960063934326,0.2768700122833252
1997,2,13,21,0,0.9598720073699951,12.295599937438965,5,11.05210018157959,10.285599708557129,24685,14.659700393676758,1.8969199657440186,0.27928000688552856
1997,2,14,0,0,0.9580249786376953,11.9621000289917,5,10.731399536132812,9.985400199890137,20387,14.659700393676758,1.7454099655151367,0.2839899957180023
1997,2,14,3,0,0.95551598072052,11.597800254821777,5,10.384599685668945,9.66569995880127,17689,14.659700393676758,1.649590015411377,0.28992998600006104
1997,2,14,6,0,0.9549739956855774,11.309599876403809,5,10.118399620056152,9.415499687194824,17433,14.659700393676758,1.6570600271224976,0.293720006942749
1997,2,14,9,0,0.9570969939231873,11.169699668884277,355,10.014699935913086,9.326299667358398,18961,14.659700393676758,1.7381099462509155,0.29499000310897827
1997,2,14,12,0,0.9593430161476135,11.166899681091309,355,9.994500160217285,9.312000274658203,20468,13.326800346374512,1.809000015258789,0.3077999949455261
1997,2,14,15,0,0.9597529768943787,11.345600128173828,5,10.010000228881836,9.286999702453613,21455,13.326800346374512,1.8487399816513062,0.34442999958992004
1997,2,14,18,0,0.9609770178794861,11.767200469970703,5,10.118300437927246,9.290499687194824,22627,13.326800346374512,1.8831299543380737,0.3880400061607361
1997,2,14,21,0,0.962805986404419,12.473199844360352,5,10.449000358581543,9.457799911499023,24674,21.46489906311035,1.9309500455856323,0.4113999903202057
1997,2,15,0,0,0.9643470048904419,13.205599784851074,5,10.86460018157959,9.685600280761719,27053,21.46489906311035,1.981850028038025,0.4127799868583679
1997,2,15,3,0,0.9659420251846313,13.768199920654297,5,11.28909969329834,9.965299606323242,29602,19.513200759887695,2.0369300842285156,0.3959999978542328
1997,2,15,6,0,0.967619001865387,14.206500053405762,5,11.7524995803833,10.330499649047852,33112,19.513200759887695,2.1199300289154053,0.3687399923801422
1997,2,15,9,0,0.9690510034561157,14.406200408935547,5,12.119600296020508,10.702199935913086,37045,17.73889923095703,2.2191500663757324,0.34154999256134033
1997,2,15,12,0,0.9702699780464172,14.344400405883789,5,12.308500289916992,10.984700202941895,40476,17.73889923095703,2.3107500076293945,0.31742000579833984
1997,2,15,15,0,0.9710010290145874,14.103899955749512,5,12.310700416564941,11.116299629211426,42150,17.73889923095703,2.3622400760650635,0.29923999309539795
1997,2,15,18,0,0.9712859988212585,13.760100364685059,5,12.151599884033203,11.077799797058105,41161,16.125999450683594,2.349139928817749,0.28839999437332153
1997,2,15,21,0,0.9711830019950867,13.39210033416748,5,11.911999702453613,10.93280029296875,38237,16.125999450683594,2.2838900089263916,0.2828400135040283
1997,2,16,0,0,0.9707769751548767,13.028599739074707,5,11.642399787902832,10.73740005493164,34540,16.125999450683594,2.19212007522583,0.28011998534202576
1997,2,16,3,0,0.9701709747314453,12.676199913024902,5,11.371399879455566,10.531200408935547,30982,16.125999450683594,2.097909927368164,0.27814000844955444
1997,2,16,6,0,0.9694880247116089,12.33430004119873,5,11.109000205993652,10.330400466918945,27912,16.125999450683594,2.0129599571228027,0.2760300040245056
1997,2,16,9,0,0.9688270092010498,11.995100021362305,5,10.852100372314453,10.133600234985352,25303,14.659700393676758,1.9385700225830078,0.273250013589859
1997,2,16,12,0,0.9682980179786682,11.701800346374512,5,10.613300323486328,9.89780044555664,23286,14.659700393676758,1.879480004310608,0.2711299955844879
1997,2,16,15,0,0.9553869962692261,10.494400024414062,5,7.877699851989746,6.120100021362305,22522,14.659700393676758,1.9565999507904053,0.37634000182151794
1997,2,16,18,0,0.9162350296974182,8.59939956665039,5,6.454899787902832,5.382900238037109,27827,14.659700393676758,2.43887996673584,0.4780299961566925
1997,2,16,21,0,0.8837720155715942,8.288100242614746,15,6.4984002113342285,5.584499835968018,36195,13.326800346374512,2.8564999103546143,0.479449987411499
1997,2,17,0,0,0.8656650185585022,8.330499649047852,25,6.643199920654297,5.763800144195557,48848,13.326800346374512,3.322010040283203,0.48078998923301697
1997,2,17,3,0,0.8724669814109802,9.196499824523926,25,7.518199920654297,6.644499778747559,52809,13.326800346374512,3.277470111846924,0.46265000104904175
1997,2,17,6,0,0.8915579915046692,10.571700096130371,15,8.88759994506836,8.091899871826172,49812,13.326800346374512,2.9648098945617676,0.4384100139141083
1997,2,17,9,0,0.906620979309082,11.3193998336792,15,9.478300094604492,8.678099632263184,47672,21.46489906311035,2.8164000511169434,0.44290000200271606
1997,2,17,12,0,0.9172189831733704,11.734700202941895,15,9.675999641418457,8.793899536132812,45443,21.46489906311035,2.713710069656372,0.451229989528656
1997,2,17,15,0,0.9334359765052795,12.351200103759766,15,9.995200157165527,8.92080020904541,44845,21.46489906311035,2.6387100219726562,0.4464699923992157
1997,2,17,18,0,0.9463040232658386,12.899399757385254,15,10.364100456237793,9.143699645996094,47265,19.513200759887695,2.655489921569824,0.4303100109100342
1997,2,17,21,0,0.9542400240898132,13.320799827575684,15,10.854299545288086,9.559200286865234,53390,19.513200759887695,2.7701001167297363,0.39917001128196716
1997,2,18,0,0,0.9592900276184082,13.520400047302246,15,11.320099830627441,10.061599731445312,63835,19.513200759887695,2.9889299869537354,0.3633599877357483
1997,2,18,3,0,0.9613479971885681,13.454400062561035,15,11.572500228881836,10.474200248718262,75796,17.73889923095703,3.242949962615967,0.33507001399993896
1997,2,18,6,0,0.9620699882507324,13.459400177001953,15,11.80780029296875,10.811599731445312,83007,17.73889923095703,3.3767900466918945,0.3108600080013275
1997,2,18,9,0,0.962153971195221,13.50409984588623,15,12.016200065612793,11.095499992370605,84107,17.73889923095703,3.3831100463867188,0.29236000776290894
1997,2,18,12,0,0.9630470275878906,13.438300132751465,5,12.065999984741211,11.20740032196045,79176,16.125999450683594,3.2814199924468994,0.28082001209259033
1997,2,18,15,0,0.9639350175857544,13.249600410461426,5,11.960100173950195,11.15310001373291,70393,16.125999450683594,3.1070899963378906,0.2746399939060211
1997,2,18,18,0,0.963873028755188,12.9576997756958,5,11.679100036621094,10.83180046081543,60116,16.125999450683594,2.8957600593566895,0.27480000257492065
1997,2,18,21,0,0.9589260220527649,12.096500396728516,5,9.885199546813965,8.07960033416748,49220,16.125999450683594,2.710050106048584,0.328900009393692
1997,2,19,0,0,0.9327509999275208,9.73289966583252,5,7.366700172424316,6.070799827575684,46112,16.125999450683594,2.9440701007843018,0.4441800117492676
1997,2,19,3,0,0.907791018486023,8.786199569702148,15,6.910999774932861,5.870299816131592,50359,14.659700393676758,3.2452199459075928,0.4367400109767914
1997,2,19,6,0,0.8902950286865234,8.726200103759766,15,7.018700122833252,6.027500152587891,62739,14.659700393676758,3.6286299228668213,0.41444000601768494
1997,2,19,9,0,0.8952080011367798,9.184399604797363,25,7.658299922943115,6.719699859619141,82652,14.659700393676758,4.040900230407715,0.3757399916648865
1997,2,19,12,0,0.915332019329071,9.684499740600586,15,8.198800086975098,7.252200126647949,87157,13.326800346374512,4.025609970092773,0.3537899851799011
1997,2,19,15,0,0.9304550290107727,10.219499588012695,15,8.81190013885498,7.944399833679199,82945,13.326800346374512,3.8167099952697754,0.33820000290870667
1997,2,19,18,0,0.9382500052452087,11.012700080871582,5,9.785699844360352,9.064000129699707,80694,13.326800346374512,3.61722993850708,0.305649995803833
1997,2,19,21,0,0.9460830092430115,11.382800102233887,5,10.203700065612793,9.487000465393066,73980,13.326800346374512,3.4018499851226807,0.2895500063896179
1997,2,20,0,0,0.950967013835907,11.5177001953125,5,10.416799545288086,9.732999801635742,66240,13.326800346374512,3.1944499015808105,0.2752799987792969
1997,2,20,3,0,0.9544010162353516,11.584400177001953,5,10.551899909973145,9.902299880981445,60648,13.326800346374512,3.0436699390411377,0.264629989862442
1997,2,20,6,0,0.9563210010528564,11.63759994506836,5,10.63759994506836,10.009400367736816,57563,13.326800346374512,2.9569900035858154,0.2598299980163574
1997,2,20,9,0,0.9573590159416199,11.71560001373291,5,10.725700378417969,10.106499671936035,56139,13.326800346374512,2.910949945449829,0.25824999809265137
1997,2,20,12,0,0.9582210183143616,11.821599960327148,5,10.851799964904785,10.246600151062012,54985,13.326800346374512,2.8682100772857666,0.254830002784729
1997,2,20,15,0,0.95831698179245,11.822699546813965,5,10.889900207519531,10.308300018310547,52398,13.326800346374512,2.7980599403381348,0.2497600018978119
1997,2,20,18,0,0.9577230215072632,11.723999977111816,5,10.832099914550781,10.274800300598145,48356,13.326800346374512,2.6962599754333496,0.24476000666618347
1997,2,20,21,0,0.9569429755210876,11.598799705505371,5,10.741299629211426,10.203499794006348,44031,13.326800346374512,2.584009885787964,0.24090999364852905
1997,2,21,0,0,0.9563570022583008,11.480400085449219,5,10.649200439453125,10.126899719238281,40119,13.326800346374512,2.477400064468384,0.23839999735355377
1997,2,21,3,0,0.9560149908065796,11.362000465393066,5,10.552200317382812,10.0423002243042,36588,12.114999771118164,2.376879930496216,0.2367900013923645
1997,2,21,6,0,0.9558730125427246,11.249500274658203,5,10.457599639892578,9.959600448608398,33395,12.114999771118164,2.281179904937744,0.23566000163555145
1997,2,21,9,0,0.9557139873504639,11.145299911499023,5,10.362000465393066,9.870499610900879,30260,12.114999771118164,2.181230068206787,0.23571999371051788
1997,2,21,12,0,0.9551460146903992,11.026000022888184,5,10.240699768066406,9.750300407409668,26839,12.114999771118164,2.0655300617218018,0.23767000436782837
1997,2,21,15,0,0.9540169835090637,10.88700008392334,5,10.093899726867676,9.601400375366211,23380,12.114999771118164,1.9405900239944458,0.24066999554634094
1997,2,21,18,0,0.9525089859962463,10.755900382995605,5,9.95259952545166,9.454400062561035,20315,12.114999771118164,1.820389986038208,0.24355000257492065
1997,2,21,21,0,0.9506099820137024,10.642600059509277,5,9.824700355529785,9.319600105285645,17490,13.326800346374512,1.6986000537872314,0.24685999751091003
1997,2,22,0,0,0.9482719898223877,10.470000267028809,5,9.589400291442871,9.02239990234375,15176,13.326800346374512,1.5961799621582031,0.25505000352859497
1997,2,22,3,0,0.9450790286064148,10.078700065612793,5,8.871800422668457,7.865300178527832,13972,12.114999771118164,1.563599944114685,0.28001999855041504
1997,2,22,6,0,0.9406669735908508,9.774100303649902,5,8.585200309753418,7.716800212860107,13448,12.114999771118164,1.5618499517440796,0.2964400053024292
1997,2,22,9,0,0.9397820234298706,9.911600112915039,5,8.81820011138916,8.06089973449707,13024,12.114999771118164,1.5270099639892578,0.2913300096988678
1997,2,22,12,0,0.9431430101394653,10.206299781799316,5,9.178999900817871,8.491399765014648,13035,12.114999771118164,1.503440022468567,0.2806900143623352
1997,2,22,15,0,0.946291983127594,10.373200416564941,5,9.372599601745605,8.693099975585938,12969,12.114999771118164,1.4853999614715576,0.2720099985599518
1997,2,22,18,0,0.9467160105705261,10.341500282287598,5,9.313699722290039,8.589400291442871,12282,12.114999771118164,1.4469300508499146,0.27173998951911926
1997,2,22,21,0,0.9465569853782654,10.26609992980957,5,9.191699981689453,8.371000289916992,11250,12.114999771118164,1.3894699811935425,0.27250999212265015
1997,2,23,0,0,0.9425690174102783,9.9173002243042,5,8.465900421142578,7.296000003814697,10380,12.114999771118164,1.3598099946975708,0.30386999249458313
1997,2,23,3,0,0.9405339956283569,9.762999534606934,355,8.294699668884277,7.172900199890137,9575,12.114999771118164,1.3178399801254272,0.31442001461982727
1997,2,23,6,0,0.9386559724807739,9.737600326538086,355,8.312000274658203,7.239500045776367,8775,12.114999771118164,1.2641099691390991,0.31520000100135803
1997,2,23,9,0,0.9378790259361267,9.979700088500977,355,8.620800018310547,7.569900035858154,7980,12.114999771118164,1.1897000074386597,0.3049899935722351
1997,2,23,12,0,0.9399970173835754,10.405400276184082,355,9.066300392150879,7.9944000244140625,7576,12.114999771118164,1.135200023651123,0.3010300099849701
1997,2,23,15,0,0.9452739953994751,11.01140022277832,5,9.552599906921387,8.3951997756958,7762,12.114999771118164,1.1214599609375,0.3214699923992157
1997,2,23,18,0,0.9514539837837219,12.018099784851074,5,10.195199966430664,8.863300323486328,8705,12.114999771118164,1.1512199640274048,0.36807000637054443
1997,2,23,21,0,0.9580079913139343,13.890399932861328,5,11.396499633789062,9.656999588012695,11633,21.46489906311035,1.2673200368881226,0.39072999358177185
1997,2,24,0,0,0.9624810218811035,15.776399612426758,5,12.630499839782715,10.075900077819824,18880,21.46489906311035,1.5426599979400635,0.3543899953365326
1997,2,24,3,0,0.964264988899231,16.4335994720459,15,13.221599578857422,10.375399589538574,29901,19.513200759887695,1.9068399667739868,0.31915000081062317
1997,2,24,6,0,0.9660919904708862,16.473899841308594,15,13.662799835205078,10.950799942016602,41394,19.513200759887695,2.2283999919891357,0.28876999020576477
1997,2,24,9,0,0.9679549932479858,16.38599967956543,15,14.075900077819824,11.621899604797363,50038,19.513200759887695,2.4390199184417725,0.25913000106811523
1997,2,24,12,0,0.9689289927482605,16.135700225830078,15,14.193699836730957,12.028200149536133,53145,17.73889923095703,2.515000104904175,0.24052000045776367
1997,2,24,15,0,0.9690970182418823,15.82409954071045,15,14.101900100708008,12.152700424194336,51924,17.73889923095703,2.4946999549865723,0.23015999794006348
1997,2,24,18,0,0.9687529802322388,15.531399726867676,5,13.929800033569336,12.117899894714355,48190,17.73889923095703,2.4141199588775635,0.22529000043869019
1997,2,24,21,0,0.9691150188446045,15.24940013885498,5,13.75469970703125,12.044300079345703,42803,17.73889923095703,2.2853798866271973,0.22010000050067902
1997,2,25,0,0,0.9695789813995361,14.963800430297852,5,13.52180004119873,11.824999809265137,37841,16.125999450683594,2.159820079803467,0.21667000651359558
1997,2,25,3,0,0.9677199721336365,14.379799842834473,5,12.434800148010254,10.309200286865234,34078,16.125999450683594,2.0840699672698975,0.24677999317646027
1997,2,25,6,0,0.9637470245361328,13.767900466918945,5,11.63700008392334,9.598799705505371,31091,16.125999450683594,2.0289599895477295,0.2735700011253357
1997,2,25,9,0,0.9607319831848145,13.349200248718262,5,11.21679973602295,9.296299934387207,28050,16.125999450683594,1.9520599842071533,0.28461000323295593
1997,2,25,12,0,0.959289014339447,13.095199584960938,5,11.058600425720215,9.227299690246582,24872,14.659700393676758,1.8503199815750122,0.2826400101184845
1997,2,25,15,0,0.9610199928283691,12.939499855041504,5,10.980299949645996,9.162300109863281,22014,14.659700393676758,1.7455300092697144,0.2747099995613098
1997,2,25,18,0,0.9621790051460266,12.680399894714355,5,10.652700424194336,8.79539966583252,19780,14.659700393676758,1.667580008506775,0.27924999594688416
1997,2,25,21,0,0.9617890119552612,12.356200218200684,5,10.257699966430664,8.384300231933594,17717,14.659700393676758,1.596019983291626,0.2879999876022339
1997,2,26,0,0,0.960640013217926,11.93649959564209,5,9.532099723815918,7.490300178527832,15977,14.659700393676758,1.5399999618530273,0.30651000142097473
1997,2,26,3,0,0.9592800140380859,11.548700332641602,5,9.13379955291748,7.27239990234375,14782,14.659700393676758,1.5053800344467163,0.32561999559402466
1997,2,26,6,0,0.9566019773483276,10.898300170898438,5,8.655699729919434,7.170599937438965,14061,13.326800346374512,1.515239953994751,0.3584200143814087
1997,2,26,9,0,0.9518880248069763,9.678000450134277,5,8.008000373840332,7.040200233459473,15379,13.326800346374512,1.6971700191497803,0.38484999537467957
1997,2,26,12,0,0.9462779760360718,9.018600463867188,355,7.614999771118164,6.673900127410889,19379,13.326800346374512,1.9796600341796875,0.3645099997520447
1997,2,26,15,0,0.9453070163726807,8.824299812316895,355,7.4131999015808105,6.450399875640869,22271,9.101699829101562,2.1465799808502197,0.36667001247406006
1997,2,26,18,0,0.9446579813957214,9.207300186157227,355,7.7891998291015625,6.797399997711182,22750,9.101699829101562,2.1200499534606934,0.3622500002384186
1997,2,26,21,0,0.9430890083312988,9.85099983215332,355,8.265700340270996,7.184800148010254,21401,10.01200008392334,1.9880800247192383,0.3745900094509125
1997,2,27,0,0,0.9419209957122803,10.522000312805176,355,8.690799713134766,7.459700107574463,19901,17.73889923095703,1.8574899435043335,0.38280999660491943
1997,2,27,3,0,0.9407789707183838,10.7391996383667,355,8.508500099182129,7.054800033569336,19692,16.125999450683594,1.8313900232315063,0.3999600112438202
1997,2,27,6,0,0.9418830275535583,11.016900062561035,355,8.855799674987793,7.457099914550781,19901,16.125999450683594,1.8175599575042725,0.3895399868488312
1997,2,27,9,0,0.9420710206031799,10.781399726867676,355,8.260100364685059,6.707699775695801,20255,16.125999450683594,1.8547600507736206,0.41433998942375183
1997,2,27,12,0,0.9409379959106445,10.609700202941895,355,8.19909954071045,6.775100231170654,20628,14.659700393676758,1.8892699480056763,0.4231800138950348
1997,2,27,15,0,0.9344769716262817,8.739999771118164,355,6.647200107574463,5.581299781799316,28221,14.659700393676758,2.454169988632202,0.485260009765625
1997,2,27,18,0,0.9472640156745911,9.917099952697754,355,8.472200393676758,7.463099956512451,43113,11.013500213623047,2.8002099990844727,0.3515099883079529
1997,2,27,21,0,0.9548779726028442,11.064900398254395,355,9.878999710083008,9.008600234985352,50471,11.013500213623047,2.8504300117492676,0.2992100119590759
1997,2,28,0,0,0.9548730254173279,11.45359992980957,355,10.093199729919434,9.028499603271484,48126,12.114999771118164,2.7403199672698975,0.3049899935722351
1997,2,28,3,0,0.951645016670227,11.536499977111816,355,9.860400199890137,8.544300079345703,44240,17.73889923095703,2.6262900829315186,0.32712000608444214
1997,2,28,6,0,0.9500510096549988,11.67959976196289,355,9.996199607849121,8.706700325012207,41438,17.73889923095703,2.5294198989868164,0.328110009431839
1997,2,28,9,0,0.9503960013389587,11.915599822998047,355,10.469099998474121,9.501299858093262,38848,16.125999450683594,2.424060106277466,0.31345999240875244
1997,2,28,12,0,0.9507039785385132,12.098699569702148,355,10.725199699401855,9.840200424194336,36405,16.125999450683594,2.327739953994751,0.30316001176834106
1997,2,28,15,0,0.9503870010375977,12.197699546813965,355,10.812999725341797,9.890999794006348,34178,16.125999450683594,2.2456300258636475,0.2983100116252899
1997,2,28,18,0,0.9505890011787415,12.23900032043457,5,10.851200103759766,9.934900283813477,31879,16.125999450683594,2.1643500328063965,0.29537999629974365
1997,2,28,21,0,0.9505450129508972,12.25790023803711,5,10.895400047302246,10.005000114440918,29129,16.125999450683594,2.066540002822876,0.29203999042510986
1997,3,1,0,0,0.9498500227928162,12.202400207519531,5,10.876299858093262,10.026900291442871,26098,16.125999450683594,1.9595199823379517,0.2903200089931488
1997,3,1,3,0,0.9484500288963318,12.06029987335205,5,10.760899543762207,9.945099830627441,23262,14.659700393676758,1.859179973602295,0.2903200089931488
1997,3,1,6,0,0.9471359848976135,11.928299903869629,5,10.636300086975098,9.82960033416748,20883,14.659700393676758,1.7697700262069702,0.29082000255584717
1997,3,1,9,0,0.9458780288696289,11.80720043182373,5,10.360300064086914,9.191300392150879,18805,14.659700393676758,1.6876800060272217,0.294730007648468
1997,3,1,12,0,0.9209499955177307,8.995200157165527,5,6.210700035095215,4.9710001945495605,18749,14.659700393676758,1.951799988746643,0.5057299733161926
1997,3,1,15,0,0.8758599758148193,7.443999767303467,15,5.929900169372559,5.144100189208984,26945,14.659700393676758,2.6147398948669434,0.4640200138092041
1997,3,1,18,0,0.8616979718208313,7.523799896240234,25,6.362500190734863,5.638899803161621,37283,8.274100303649902,3.0510599613189697,0.3800399899482727
1997,3,1,21,0,0.8631889820098877,7.607100009918213,35,6.618800163269043,5.941299915313721,59746,8.274100303649902,3.827349901199341,0.32892000675201416
1997,3,2,0,0,0.8690590262413025,8.093700408935547,35,7.207399845123291,6.583700180053711,67301,9.101699829101562,3.9081599712371826,0.29679998755455017
1997,3,2,3,0,0.8618720173835754,8.653800010681152,25,7.862199783325195,7.347300052642822,56375,9.101699829101562,3.436490058898926,0.2787199914455414
1997,3,2,6,0,0.8516770005226135,9,15,8.024800300598145,7.3730998039245605,48505,9.101699829101562,3.120039939880371,0.30421000719070435
1997,3,2,9,0,0.8807600140571594,9.765199661254883,15,8.480999946594238,7.6483001708984375,58581,13.326800346374512,3.2874200344085693,0.33643999695777893
1997,3,2,12,0,0.9149979948997498,10.606200218200684,5,9.101699829101562,8.128399848937988,73777,14.659700393676758,3.5387299060821533,0.3417699933052063
1997,3,2,15,0,0.9312480092048645,11.13599967956543,5,9.603699684143066,8.596199989318848,78349,14.659700393676758,3.5567901134490967,0.33024999499320984
1997,3,2,18,0,0.9413750171661377,11.360899925231934,5,9.824399948120117,8.77180004119873,77293,14.659700393676758,3.49357008934021,0.32047000527381897
1997,3,2,21,0,0.9470440149307251,11.373100280761719,5,9.759699821472168,8.584199905395508,75269,14.659700393676758,3.4427499771118164,0.31929001212120056
1997,3,3,0,0,0.9488570094108582,11.18589973449707,5,9.54990005493164,8.371399879455566,71692,14.659700393676758,3.3872299194335938,0.32444000244140625
1997,3,3,3,0,0.9493950009346008,11.113200187683105,5,9.588199615478516,8.503100395202637,66416,13.326800346374512,3.26747989654541,0.3174299895763397
1997,3,3,6,0,0.9500269889831543,10.978899955749512,5,9.480400085449219,8.39050006866455,61776,13.326800346374512,3.1673500537872314,0.31474000215530396
1997,3,3,9,0,0.949944019317627,10.83489990234375,5,9.458999633789062,8.477800369262695,57210,13.326800346374512,3.064769983291626,0.3071900010108948
1997,3,3,12,0,0.9491580128669739,10.718400001525879,5,9.452099800109863,8.574399948120117,49851,13.326800346374512,2.873539924621582,0.29962000250816345
1997,3,3,15,0,0.9504629969596863,10.719400405883789,355,9.614299774169922,8.925000190734863,42329,13.326800346374512,2.6445400714874268,0.2868399918079376
1997,3,3,18,0,0.9520990252494812,10.69159984588623,355,9.642499923706055,9,36083,13.326800346374512,2.442850112915039,0.28064000606536865
1997,3,3,21,0,0.9529410004615784,10.628600120544434,355,9.592499732971191,8.95460033416748,31428,12.114999771118164,2.286259889602661,0.28009000420570374
1997,3,4,0,0,0.9526450037956238,10.608099937438965,355,9.58329963684082,8.938899993896484,27918,12.114999771118164,2.1566998958587646,0.27915000915527344
1997,3,4,3,0,0.9514809846878052,10.605999946594238,355,9.621399879455566,9.016799926757812,24752,12.114999771118164,2.0306599140167236,0.27656999230384827
1997,3,4,6,0,0.9497290253639221,10.574299812316895,355,9.618800163269043,9.049099922180176,21688,12.114999771118164,1.9041999578475952,0.2766900062561035
1997,3,4,9,0,0.947288990020752,10.505999565124512,355,9.562399864196777,9.011699676513672,18951,12.114999771118164,1.7870099544525146,0.27981001138687134
1997,3,4,12,0,0.944212019443512,10.378299713134766,355,9.442299842834473,8.906999588012695,16425,12.114999771118164,1.6753300428390503,0.28404998779296875
1997,3,4,15,0,0.9411410093307495,10.225500106811523,355,9.292200088500977,8.767900466918945,14185,12.114999771118164,1.5700700283050537,0.28870999813079834
1997,3,4,18,0,0.9384610056877136,10.123299598693848,355,9.172499656677246,8.648599624633789,12476,11.013500213623047,1.481719970703125,0.29565998911857605
1997,3,4,21,0,0.9354040026664734,10.041799545288086,355,9.06719970703125,8.539600372314453,11142,11.013500213623047,1.4077199697494507,0.30324000120162964
1997,3,5,0,0,0.9313070178031921,9.947999954223633,355,8.95300006866455,8.422100067138672,9995,11.013500213623047,1.3412100076675415,0.3103399872779846
1997,3,5,3,0,0.9267029762268066,9.905200004577637,355,8.86870002746582,8.324999809265137,9099,11.013500213623047,1.2842799425125122,0.31995001435279846
1997,3,5,6,0,0.9215319752693176,9.910900115966797,355,8.808500289916992,8.242400169372559,8343,11.013500213623047,1.231529951095581,0.33246999979019165
1997,3,5,9,0,0.914438009262085,9.869000434875488,355,8.683099746704102,8.052300453186035,7476,11.013500213623047,1.1705399751663208,0.34595000743865967
1997,3,5,12,0,0.8971059918403625,8.85420036315918,355,6.448400020599365,5.065400123596191,6650,10.01200008392334,1.172410011291504,0.4447300136089325
1997,3,5,15,0,0.871737003326416,7.17519998550415,355,5.317800045013428,4.468599796295166,7354,10.01200008392334,1.391950011253357,0.5257499814033508
1997,3,5,18,0,0.8469780087471008,6.289400100708008,15,5.084499835968018,4.44789981842041,11768,6.837800025939941,1.9073400497436523,0.46406999230384827
1997,3,5,21,0,0.8725370168685913,6.567200183868408,35,5.532700061798096,4.889100074768066,19674,7.5218000411987305,2.403249979019165,0.3841100037097931
1997,3,6,0,0,0.8914210200309753,7.394999980926514,35,6.343299865722656,5.634099960327148,27344,9.101699829101562,2.631930112838745,0.3440200090408325
1997,3,6,3,0,0.8813130259513855,7.881899833679199,25,6.7519001960754395,5.994999885559082,25239,8.274100303649902,2.4336600303649902,0.3460899889469147
1997,3,6,6,0,0.8805009722709656,8.325400352478027,25,7.063700199127197,6.2266998291015625,22310,9.101699829101562,2.2160000801086426,0.3556300103664398
1997,3,6,9,0,0.8978589773178101,8.894800186157227,15,7.5980000495910645,6.738800048828125,21794,11.013500213623047,2.1090099811553955,0.3500100076198578
1997,3,6,12,0,0.9205769896507263,9.53909969329834,15,8.154500007629395,7.227099895477295,24966,12.114999771118164,2.1699600219726562,0.34365999698638916
1997,3,6,15,0,0.9412069916725159,10.303199768066406,5,8.970800399780273,8.09529972076416,33563,13.326800346374512,2.4094600677490234,0.31992000341415405
1997,3,6,18,0,0.9529910087585449,10.790300369262695,5,9.505999565124512,8.56410026550293,40600,13.326800346374512,2.5808498859405518,0.2953299880027771
1997,3,6,21,0,0.9545469880104065,10.756099700927734,5,9.26930046081543,8.04259967803955,40207,12.114999771118164,2.571280002593994,0.3021399974822998
1997,3,7,0,0,0.9490879774093628,10.23900032043457,5,8.363300323486328,6.961299896240234,36829,12.114999771118164,2.5291600227355957,0.3458699882030487
1997,3,7,3,0,0.9452710151672363,9.858400344848633,5,7.978799819946289,6.699399948120117,32878,12.114999771118164,2.444499969482422,0.3729499876499176
1997,3,7,6,0,0.9467210173606873,9.879899978637695,5,8.045700073242188,6.814300060272217,28407,12.114999771118164,2.2755300998687744,0.38034000992774963
1997,3,7,9,0,0.946694016456604,9.86050033569336,5,7.88040018081665,6.595300197601318,25163,11.013500213623047,2.151710033416748,0.40171998739242554
1997,3,7,12,0,0.9459390044212341,9.711299896240234,5,7.655900001525879,6.404300212860107,23712,11.013500213623047,2.112920045852661,0.42388999462127686
1997,3,7,15,0,0.949504017829895,9.918100357055664,5,8.085000038146973,7.005199909210205,23894,11.013500213623047,2.101789951324463,0.41273999214172363
1997,3,7,18,0,0.9525830149650574,10.280599594116211,5,8.6358003616333,7.736199855804443,25525,17.73889923095703,2.132420063018799,0.3934600055217743
1997,3,7,21,0,0.953387975692749,10.532400131225586,5,8.96049976348877,8.124699592590332,27393,16.125999450683594,2.178179979324341,0.3775399923324585
1997,3,8,0,0,0.9538289904594421,10.842499732971191,5,9.368200302124023,8.5556001663208,29509,16.125999450683594,2.219409942626953,0.3509500026702881
1997,3,8,3,0,0.9552500247955322,11.175700187683105,355,9.805700302124023,9.007100105285645,31426,16.125999450683594,2.247450113296509,0.32332998514175415
1997,3,8,6,0,0.9572799801826477,11.393099784851074,355,10.106599807739258,9.338700294494629,32035,16.125999450683594,2.2424299716949463,0.30522000789642334
1997,3,8,9,0,0.9585469961166382,11.475000381469727,355,10.268099784851074,9.547200202941895,31039,14.659700393676758,2.1965999603271484,0.29394999146461487
1997,3,8,12,0,0.9593279957771301,11.449700355529785,355,10.306599617004395,9.630200386047363,28975,14.659700393676758,2.122760057449341,0.2875500023365021
1997,3,8,15,0,0.9598590135574341,11.376999855041504,355,10.271300315856934,9.621700286865234,26620,14.659700393676758,2.039979934692383,0.2848399877548218
1997,3,8,18,0,0.9604650139808655,11.361499786376953,355,10.261799812316895,9.617400169372559,24854,14.659700393676758,1.9723299741744995,0.2844499945640564
1997,3,8,21,0,0.961205005645752,11.42870044708252,355,10.315899848937988,9.661199569702148,23869,14.659700393676758,1.9274400472640991,0.2840900123119354
1997,3,9,0,0,0.9618279933929443,11.522600173950195,355,10.395899772644043,9.72659969329834,23216,14.659700393676758,1.8932100534439087,0.2825399935245514
1997,3,9,3,0,0.9619849920272827,11.554800033569336,355,10.424699783325195,9.747300148010254,22097,14.659700393676758,1.8438700437545776,0.28042998909950256
1997,3,9,6,0,0.9616609811782837,11.480999946594238,355,10.349800109863281,9.653800010681152,20101,14.659700393676758,1.7632100582122803,0.2793700098991394
1997,3,9,9,0,0.960722029209137,11.095800399780273,355,9.648099899291992,8.254199981689453,18074,13.326800346374512,1.7010600566864014,0.289359986782074
1997,3,9,12,0,0.9567880034446716,9.788000106811523,355,7.904699802398682,6.568900108337402,18233,13.326800346374512,1.8284300565719604,0.3627699911594391
1997,3,9,15,0,0.956417977809906,9.280699729919434,355,7.57919979095459,6.41379976272583,17880,13.326800346374512,1.8634099960327148,0.3662799894809723
1997,3,9,18,0,0.9574540257453918,9.14430046081543,355,7.680200099945068,6.639400005340576,18098,13.326800346374512,1.8883099555969238,0.3455899953842163
1997,3,9,21,0,0.9593939781188965,9.265600204467773,355,7.938899993896484,6.960100173950195,19125,12.114999771118164,1.9241299629211426,0.32488998770713806
1997,3,10,0,0,0.9635400176048279,9.915200233459473,355,8.773500442504883,8.011899948120117,23153,12.114999771118164,2.038360118865967,0.3025299906730652
1997,3,10,3,0,0.9667369723320007,11.081199645996094,355,9.900500297546387,9.15410041809082,33433,13.326800346374512,2.314810037612915,0.29234999418258667
1997,3,10,6,0,0.9674460291862488,12.047599792480469,355,10.876799583435059,10.124099731445312,45423,14.659700393676758,2.591779947280884,0.27410000562667847
1997,3,10,9,0,0.966916024684906,12.333800315856934,355,11.234199523925781,10.526300430297852,49338,14.659700393676758,2.6695899963378906,0.2611899971961975
1997,3,10,12,0,0.9662439823150635,12.157899856567383,355,11.119999885559082,10.453200340270996,46169,14.659700393676758,2.5961599349975586,0.2558099925518036
1997,3,10,15,0,0.965802013874054,11.837599754333496,355,10.84529972076416,10.201199531555176,41455,13.326800346374512,2.4872100353240967,0.25251999497413635
1997,3,10,18,0,0.965474009513855,11.565400123596191,355,10.59589958190918,9.902899742126465,36995,13.326800346374512,2.372270107269287,0.24788999557495117
1997,3,10,21,0,0.9616349935531616,10.931300163269043,355,9.188400268554688,7.599899768829346,32758,13.326800346374512,2.2953898906707764,0.28951001167297363
1997,3,11,0,0,0.9526529908180237,9.957300186157227,5,7.8769001960754395,6.414899826049805,29555,12.114999771118164,2.291260004043579,0.35155999660491943
1997,3,11,3,0,0.9484840035438538,9.376899719238281,5,7.386199951171875,6.091400146484375,26207,12.114999771118164,2.229680061340332,0.37196001410484314
1997,3,11,6,0,0.9505860209465027,9.171199798583984,355,7.561299800872803,6.4730000495910645,23828,12.114999771118164,2.1545701026916504,0.35155001282691956
1997,3,11,9,0,0.9516800045967102,9.367799758911133,355,8.184499740600586,7.415999889373779,20628,12.114999771118164,1.9808399677276611,0.31193000078201294
1997,3,11,12,0,0.9515969753265381,9.459400177001953,355,8.422100067138672,7.771999835968018,17296,11.013500213623047,1.8026299476623535,0.2936899960041046
1997,3,11,15,0,0.9504520297050476,9.460200309753418,355,8.49779987335205,7.900199890136719,14534,11.013500213623047,1.6521199941635132,0.28499001264572144
1997,3,11,18,0,0.948265016078949,9.360400199890137,355,8.366600036621094,7.688700199127197,12288,11.013500213623047,1.5289000272750854,0.28751999139785767
1997,3,11,21,0,0.9335409998893738,7.937300205230713,355,6.062399864196777,4.987400054931641,11463,11.013500213623047,1.619629979133606,0.4135400056838989
1997,3,12,0,0,0.9203230142593384,7.210999965667725,5,5.809999942779541,4.998300075531006,13643,11.013500213623047,1.8783299922943115,0.40985000133514404
1997,3,12,3,0,0.9229239821434021,7.4054999351501465,5,6.094099998474121,5.278200149536133,14865,9.101699829101562,1.932479977607727,0.3823699951171875
1997,3,12,6,0,0.9309309720993042,7.553899765014648,5,6.297100067138672,5.4928998947143555,16713,9.101699829101562,2.0258800983428955,0.3689900040626526
1997,3,12,9,0,0.939670979976654,8.226799964904785,5,7.052999973297119,6.270199775695801,18347,10.01200008392334,2.018620014190674,0.3396799862384796
1997,3,12,12,0,0.9466469883918762,8.901399612426758,5,7.728899955749512,6.930099964141846,20393,11.013500213623047,2.031680107116699,0.322409987449646
1997,3,12,15,0,0.950643002986908,9.452099800109863,5,8.320099830627441,7.565700054168701,22373,11.013500213623047,2.0557401180267334,0.3073500096797943
1997,3,12,18,0,0.9523400068283081,9.706299781799316,5,8.392000198364258,7.3927998542785645,23833,12.114999771118164,2.0894999504089355,0.30900999903678894
1997,3,12,21,0,0.953665018081665,9.831000328063965,5,8.490599632263184,7.489099979400635,24977,12.114999771118164,2.1245100498199463,0.3109300136566162
1997,3,13,0,0,0.9553710222244263,10.046699523925781,5,8.869000434875488,8.04170036315918,25584,12.114999771118164,2.124880075454712,0.2969599962234497
1997,3,13,3,0,0.9563620090484619,10.165200233459473,5,9.128499984741211,8.469499588012695,25495,12.114999771118164,2.1064200401306152,0.28352999687194824
1997,3,13,6,0,0.95660799741745,10.142200469970703,355,9.184300422668457,8.587699890136719,24197,12.114999771118164,2.0527899265289307,0.2736999988555908
1997,3,13,9,0,0.9578790068626404,10.031999588012695,355,9.135199546813965,8.576000213623047,21996,12.114999771118164,1.9671200513839722,0.26614001393318176
1997,3,13,12,0,0.9579759836196899,9.88539981842041,355,9.039600372314453,8.511899948120117,19461,12.114999771118164,1.8642300367355347,0.26072999835014343
1997,3,13,15,0,0.9563480019569397,9.721799850463867,355,8.910799980163574,8.40779972076416,16875,11.013500213623047,1.7519500255584717,0.25898000597953796
1997,3,13,18,0,0.9530959725379944,9.563199996948242,355,8.77079963684082,8.28499984741211,14583,11.013500213623047,1.6443899869918823,0.2610499858856201
1997,3,13,21,0,0.94896000623703,9.419699668884277,355,8.632399559020996,8.15779972076416,12692,11.013500213623047,1.5485199689865112,0.2661600112915039
1997,3,14,0,0,0.9450230002403259,9.268899917602539,355,8.476799964904785,8.008500099182129,11032,11.013500213623047,1.4586199522018433,0.2738400101661682
1997,3,14,3,0,0.9419479966163635,9.089500427246094,355,8.266799926757812,7.758999824523926,9525,10.01200008392334,1.3722200393676758,0.2835800051689148
1997,3,14,6,0,0.9403550028800964,8.9173002243042,355,8.059000015258789,7.524899959564209,8261,10.01200008392334,1.2934399843215942,0.294189989566803
1997,3,14,9,0,0.939054012298584,8.748499870300293,355,7.8256001472473145,7.247200012207031,7246,10.01200008392334,1.2258100509643555,0.3077000081539154
1997,3,14,12,0,0.9365760087966919,8.660699844360352,355,7.73829984664917,7.195799827575684,6356,10.01200008392334,1.155959963798523,0.31595999002456665
1997,3,14,15,0,0.9312790036201477,8.614399909973145,355,7.669300079345703,7.148399829864502,5577,10.01200008392334,1.0875400304794312,0.3274500072002411
1997,3,14,18,0,0.9220179915428162,8.580699920654297,355,7.582300186157227,7.059999942779541,4874,9.101699829101562,1.0200999975204468,0.3423900008201599
1997,3,14,21,0,0.9084280133247375,8.522600173950195,355,7.4456000328063965,6.905300140380859,4186,9.101699829101562,0.9500799775123596,0.36079999804496765
1997,3,15,0,0,0.893206000328064,8.520600318908691,355,7.329800128936768,6.751299858093262,3621,9.101699829101562,0.8846499919891357,0.3819600045681
1997,3,15,3,0,0.8971409797668457,8.804499626159668,5,7.534599781036377,6.896999835968018,3786,14.659700393676758,0.8865399956703186,0.37748000025749207
1997,3,15,6,0,0.9284819960594177,9.147100448608398,5,8.068400382995605,7.442299842834473,5431,10.01200008392334,1.0346499681472778,0.324070006608963
1997,3,15,9,0,0.9444079995155334,9.060099601745605,5,7.9120001792907715,6.86269998550415,7423,10.01200008392334,1.21396005153656,0.2926200032234192
1997,3,15,12,0,0.937021017074585,7.7895002365112305,15,5.978300094604492,4.890999794006348,8362,10.01200008392334,1.400979995727539,0.39882999658584595
1997,3,15,15,0,0.8975200057029724,6.507999897003174,15,5.198500156402588,4.480500221252441,10692,9.101699829101562,1.7662700414657593,0.4261400103569031
1997,3,15,18,0,0.8775489926338196,6.324900150299072,25,5.290200233459473,4.65310001373291,13471,7.5218000411987305,2.026520013809204,0.37828999757766724
1997,3,15,21,0,0.875307023525238,6.486700057983398,35,5.593299865722656,4.986800193786621,17998,7.5218000411987305,2.3139901161193848,0.33487001061439514
1997,3,16,0,0,0.8774449825286865,6.750100135803223,35,5.837699890136719,5.208600044250488,20656,7.5218000411987305,2.4187300205230713,0.327210009098053
1997,3,16,3,0,0.8750190138816833,7.080599784851074,25,6.13040018081665,5.4644999504089355,20554,8.274100303649902,2.3428399562835693,0.325080007314682
1997,3,16,6,0,0.8743590116500854,7.311200141906738,25,6.247600078582764,5.523799896240234,19466,9.101699829101562,2.23294997215271,0.34071001410484314
1997,3,16,9,0,0.8690609931945801,7.593100070953369,25,6.4558000564575195,5.697299957275391,20003,9.101699829101562,2.2098500728607178,0.34654998779296875
1997,3,16,12,0,0.8628630042076111,7.566800117492676,25,6.392000198364258,5.615499973297119,19538,9.101699829101562,2.1879498958587646,0.3532400131225586
1997,3,16,15,0,0.8587769865989685,7.415299892425537,25,6.231599807739258,5.458499908447266,18204,9.101699829101562,2.1394999027252197,0.3616200089454651
1997,3,16,18,0,0.8538190126419067,7.189300060272217,35,6.008500099182129,5.256499767303467,17109,9.101699829101562,2.1149799823760986,0.37345999479293823
1997,3,16,21,0,0.8629059791564941,7.0441999435424805,35,5.941999912261963,5.2332000732421875,17382,8.274100303649902,2.161940097808838,0.3694700002670288
1997,3,17,0,0,0.8783029913902283,7.0879998207092285,35,6.046500205993652,5.3582000732421875,18456,8.274100303649902,2.2231199741363525,0.3589499890804291
1997,3,17,3,0,0.8764960169792175,7.173699855804443,35,6.082499980926514,5.388700008392334,16638,7.5218000411987305,2.0977399349212646,0.3755800127983093
1997,3,17,6,0,0.8794310092926025,7.440899848937988,25,6.30649995803833,5.593900203704834,17397,7.5218000411987305,2.098860025405884,0.37735000252723694
1997,3,17,9,0,0.8852360248565674,7.708399772644043,25,6.433300018310547,5.631800174713135,20738,8.274100303649902,2.237730026245117,0.3802799880504608
1997,3,17,12,0,0.873727023601532,7.566800117492676,25,6.174099922180176,5.353400230407715,23570,8.274100303649902,2.408050060272217,0.4047499895095825
1997,3,17,15,0,0.8749849796295166,7.692299842834473,25,6.367099761962891,5.548999786376953,25988,8.274100303649902,2.5062999725341797,0.3882800042629242
1997,3,17,18,0,0.8775579929351807,7.490499973297119,35,6.2017998695373535,5.398900032043457,31091,8.274100303649902,2.7816200256347656,0.3826499879360199
1997,3,17,21,0,0.8843849897384644,7.524199962615967,45,6.39300012588501,5.633900165557861,40012,8.274100303649902,3.145740032196045,0.34762001037597656
1997,3,18,0,0,0.8996300101280212,7.861100196838379,45,6.734399795532227,5.945799827575684,46186,9.101699829101562,3.2877299785614014,0.32989999651908875
1997,3,18,3,0,0.9034410119056702,8.247200012207031,45,7.077099800109863,6.2480998039245605,52597,9.101699829101562,3.406589984893799,0.32464998960494995
1997,3,18,6,0,0.9039989709854126,8.68220043182373,45,7.515100002288818,6.678800106048584,63665,11.013500213623047,3.6344799995422363,0.31407999992370605
1997,3,18,9,0,0.9046329855918884,8.890399932861328,45,7.613399982452393,6.690700054168701,69816,11.013500213623047,3.7548201084136963,0.322050005197525
1997,3,18,12,0,0.9091780185699463,9.258399963378906,45,7.912399768829346,6.961699962615967,93165,12.114999771118164,4.242770195007324,0.3271999955177307
1997,3,18,15,0,0.9087880253791809,10.166899681091309,45,8.92650032043457,8.016400337219238,95896,12.114999771118164,4.086850166320801,0.2972100079059601
1997,3,18,18,0,0.9036470055580139,10.201899528503418,45,8.705100059509277,7.5725998878479,102505,13.326800346374512,4.217949867248535,0.3132599890232086
1997,3,18,21,0,0.9042369723320007,9.843799591064453,45,8.296799659729004,7.187399864196777,106852,13.326800346374512,4.391900062561035,0.32899999618530273
1997,3,19,0,0,0.9125990271568298,9.64169979095459,45,8.226900100708008,7.201600074768066,105329,12.114999771118164,4.405550003051758,0.31909000873565674
1997,3,19,3,0,0.9223250150680542,9.555899620056152,45,8.196900367736816,7.202499866485596,103844,12.114999771118164,4.392320156097412,0.31299999356269836
1997,3,19,6,0,0.93020099401474,9.728500366210938,45,8.366999626159668,7.342199802398682,96685,12.114999771118164,4.194049835205078,0.3059599995613098
1997,3,19,9,0,0.9347820281982422,9.900500297546387,45,8.503499984741211,7.444200038909912,95437,12.114999771118164,4.129189968109131,0.3065199851989746
1997,3,19,12,0,0.938260018825531,10.27299976348877,45,8.922300338745117,7.873300075531006,96959,12.114999771118164,4.080269813537598,0.294730007648468
1997,3,19,15,0,0.9384440183639526,10.349100112915039,45,8.988499641418457,7.915800094604492,90378,12.114999771118164,3.9234700202941895,0.2926599979400635
1997,3,19,18,0,0.9368529915809631,10.195699691772461,45,8.800100326538086,7.71019983291626,82556,12.114999771118164,3.7797000408172607,0.2983900010585785
1997,3,19,21,0,0.9334729909896851,9.996600151062012,45,8.596799850463867,7.535900115966797,74823,12.114999771118164,3.637579917907715,0.30522000789642334
1997,3,20,0,0,0.9311609864234924,10.078900337219238,35,8.793100357055664,7.804599761962891,66004,12.114999771118164,3.39985990524292,0.29267001152038574
1997,3,20,3,0,0.9286149740219116,10.22599983215332,35,8.993800163269043,8.013400077819824,58757,12.114999771118164,3.1807401180267334,0.28174999356269836
1997,3,20,6,0,0.9268509745597839,10.630399703979492,35,9.761199951171875,9.155099868774414,52651,12.114999771118164,2.946320056915283,0.24567000567913055
1997,3,20,9,0,0.9238889813423157,10.82129955291748,35,10.067399978637695,9.574799537658691,49344,12.114999771118164,2.8248300552368164,0.2323099970817566
1997,3,20,12,0,0.9210500121116638,10.929300308227539,35,10.211999893188477,9.75409984588623,47182,12.114999771118164,2.747879981994629,0.22759999334812164
1997,3,20,15,0,0.9224420189857483,10.989100456237793,25,10.288299560546875,9.846199989318848,45282,12.114999771118164,2.6843199729919434,0.2254599928855896
1997,3,20,18,0,0.9233540296554565,11.02340030670166,25,10.327500343322754,9.892399787902832,43454,12.114999771118164,2.6257100105285645,0.22533999383449554
1997,3,20,21,0,0.9217569828033447,11.045499801635742,25,10.347800254821777,9.913900375366211,41926,12.114999771118164,2.5769100189208984,0.22598999738693237
1997,3,21,0,0,0.9178190231323242,11.038700103759766,25,10.342700004577637,9.899499893188477,40691,12.114999771118164,2.5392000675201416,0.22509999573230743
1997,3,21,3,0,0.9169849753379822,10.896599769592285,15,9.976200103759766,9.095199584960938,38860,12.114999771118164,2.497610092163086,0.2346699982881546
1997,3,21,6,0,0.917972981929779,10.715100288391113,15,9.792099952697754,9.070099830627441,35976,12.114999771118164,2.4246299266815186,0.24562999606132507
1997,3,21,9,0,0.9206920266151428,10.773599624633789,15,9.956399917602539,9.37559986114502,32984,12.114999771118164,2.3151800632476807,0.2387000024318695
1997,3,21,12,0,0.9248809814453125,10.976900100708008,15,10.246100425720215,9.757399559020996,31405,12.114999771118164,2.2376999855041504,0.22990000247955322
1997,3,21,15,0,0.9320549964904785,11.110899925231934,5,10.427200317382812,9.98859977722168,30218,12.114999771118164,2.181849956512451,0.22509999573230743
1997,3,21,18,0,0.9348040223121643,11.069899559020996,5,10.35219955444336,9.889300346374512,28004,12.114999771118164,2.104909896850586,0.22968000173568726
1997,3,21,21,0,0.9320560097694397,10.743300437927246,5,9.4931001663208,8.216400146484375,25013,12.114999771118164,2.0217199325561523,0.2602599859237671
1997,3,22,0,0,0.9235150218009949,9.633600234985352,5,7.929800033569336,6.689799785614014,23296,12.114999771118164,2.0750999450683594,0.34376999735832214
1997,3,22,3,0,0.9171959757804871,9.566900253295898,355,8.041000366210938,6.911300182342529,19643,12.114999771118164,1.913930058479309,0.33403000235557556
1997,3,22,6,0,0.9116389751434326,9.727999687194824,355,8.3927001953125,7.379300117492676,15923,12.114999771118164,1.7065199613571167,0.31363001465797424
1997,3,22,9,0,0.9058319926261902,9.859199523925781,355,8.625399589538574,7.680600166320801,13693,11.013500213623047,1.5703400373458862,0.30171999335289
1997,3,22,12,0,0.9034000039100647,9.991299629211426,5,8.777099609375,7.812099933624268,13137,11.013500213623047,1.5264500379562378,0.2945699989795685
1997,3,22,15,0,0.9074280261993408,10.12279987335205,5,8.943900108337402,7.992800235748291,13981,11.013500213623047,1.5625799894332886,0.2867400050163269
1997,3,22,18,0,0.912979006767273,10.211099624633789,5,8.980500221252441,7.88640022277832,15230,11.013500213623047,1.6221599578857422,0.28073999285697937
1997,3,22,21,0,0.9158830046653748,9.977899551391602,5,8.3371000289917,6.930600166320801,16545,11.013500213623047,1.7113800048828125,0.30807000398635864
1997,3,23,0,0,0.9185140132904053,9.794099807739258,5,8.058500289916992,6.673999786376953,17535,11.013500213623047,1.7800500392913818,0.3240399956703186
1997,3,23,3,0,0.9215610027313232,9.85509967803955,5,8.267499923706055,6.985400199890137,17599,11.013500213623047,1.7774300575256348,0.31512001156806946
1997,3,23,6,0,0.9234049916267395,10.112099647521973,5,8.83899974822998,7.813799858093262,17026,11.013500213623047,1.7245999574661255,0.29214000701904297
1997,3,23,9,0,0.9247429966926575,10.37030029296875,5,9.252799987792969,8.397199630737305,16795,11.013500213623047,1.6911100149154663,0.2808000147342682
1997,3,23,12,0,0.9278339743614197,10.61359977722168,5,9.558199882507324,8.800000190734863,17554,11.013500213623047,1.7092499732971191,0.2766599953174591
1997,3,23,15,0,0.9326329827308655,10.829299926757812,5,9.833800315856934,9.150199890136719,19381,11.013500213623047,1.777109980583191,0.2687399983406067
1997,3,23,18,0,0.9367610216140747,10.95259952545166,5,10.026599884033203,9.413000106811523,21363,12.114999771118164,1.8538999557495117,0.2596200108528137
1997,3,23,21,0,0.9384980201721191,10.971799850463867,5,10.087499618530273,9.519599914550781,22270,12.114999771118164,1.890679955482483,0.2552799880504608
1997,3,24,0,0,0.938480019569397,10.935600280761719,5,10.06719970703125,9.520400047302246,22144,12.114999771118164,1.8882700204849243,0.2542099952697754
1997,3,24,3,0,0.9378780126571655,10.901800155639648,5,10.030099868774414,9.485600471496582,21606,13.326800346374512,1.8680599927902222,0.2550100088119507
1997,3,24,6,0,0.936676025390625,10.870100021362305,5,9.979900360107422,9.431699752807617,20644,13.326800346374512,1.8292499780654907,0.25891000032424927
1997,3,24,9,0,0.9348670244216919,10.820300102233887,5,9.897100448608398,9.33549976348877,19179,12.114999771118164,1.7685699462890625,0.2660300135612488
1997,3,24,12,0,0.9335989952087402,10.778300285339355,5,9.81089973449707,9.232199668884277,17648,12.114999771118164,1.7017500400543213,0.2754899859428406
1997,3,24,15,0,0.9324060082435608,10.73799991607666,5,9.718899726867676,9.125,16713,12.114999771118164,1.661870002746582,0.28687000274658203
1997,3,24,18,0,0.9307969808578491,10.661999702453613,5,9.571800231933594,8.958200454711914,16448,12.114999771118164,1.6578799486160278,0.30153000354766846
1997,3,24,21,0,0.93060702085495,10.636199951171875,5,9.462300300598145,8.808699607849121,16284,12.114999771118164,1.6542099714279175,0.3151000142097473
1997,3,25,0,0,0.9310200214385986,10.713299751281738,5,9.458499908447266,8.739399909973145,16304,12.114999771118164,1.65146005153656,0.3253900110721588
1997,3,25,3,0,0.9321780204772949,10.8233003616333,5,9.306300163269043,8.31089973449707,16642,12.114999771118164,1.6644599437713623,0.3467000126838684
1997,3,25,6,0,0.9337329864501953,10.90470027923584,5,9.092700004577637,7.951499938964844,17152,12.114999771118164,1.6907600164413452,0.37749001383781433
1997,3,25,9,0,0.938435971736908,11.276399612426758,5,9.265999794006348,8.043100357055664,18400,12.114999771118164,1.7293200492858887,0.3901500105857849
1997,3,25,12,0,0.9441109895706177,11.787400245666504,5,9.673500061035156,8.368000030517578,20032,17.73889923095703,1.7686899900436401,0.382860004901886
1997,3,25,15,0,0.9475200176239014,12.032999992370605,5,9.903200149536133,8.551300048828125,21055,17.73889923095703,1.7939800024032593,0.37178000807762146
1997,3,25,18,0,0.9500730037689209,12.241100311279297,5,10.158699989318848,8.766200065612793,22076,17.73889923095703,1.817929983139038,0.3543800115585327
1997,3,25,21,0,0.9518179893493652,12.271599769592285,5,9.970199584960938,8.22189998626709,23302,16.125999450683594,1.8616199493408203,0.3475100100040436
1997,3,26,0,0,0.953328013420105,12.20680046081543,5,9.944999694824219,8.235699653625488,25381,16.125999450683594,1.9430899620056152,0.34106001257896423
1997,3,26,3,0,0.9563180208206177,12.500399589538574,5,10.691300392150879,9.181500434875488,28091,16.125999450683594,2.0116899013519287,0.2997399866580963
1997,3,26,6,0,0.9584529995918274,12.55150032043457,5,11.223899841308594,10.147199630737305,30726,14.659700393676758,2.0914599895477295,0.2674799859523773
1997,3,26,9,0,0.9589179754257202,12.362000465393066,5,11.303400039672852,10.548199653625488,31863,14.659700393676758,2.140160083770752,0.25339001417160034
1997,3,26,12,0,0.9577230215072632,12.106399536132812,5,11.135899543762207,10.508999824523926,31174,14.659700393676758,2.136859893798828,0.2534399926662445
1997,3,26,15,0,0.9557309746742249,11.888899803161621,5,10.904899597167969,10.302499771118164,29182,13.326800346374512,2.087090015411377,0.2618899941444397
1997,3,26,18,0,0.9529640078544617,11.71969985961914,5,10.678199768066406,10.055100440979004,26631,13.326800346374512,2.0099101066589355,0.2728100121021271
1997,3,26,21,0,0.9500370025634766,11.550700187683105,5,10.373100280761719,9.601200103759766,24355,13.326800346374512,1.9376399517059326,0.28598999977111816
1997,3,27,0,0,0.946931004524231,11.113699913024902,5,9.356100082397461,7.952099800109863,22822,13.326800346374512,1.9152899980545044,0.324070006608963
1997,3,27,3,0,0.9423850178718567,10.446100234985352,5,8.343400001525879,6.919300079345703,22367,14.659700393676758,1.9618200063705444,0.37288999557495117
1997,3,27,6,0,0.93858802318573,10.087599754333496,5,8.540399551391602,7.6132001876831055,25199,13.326800346374512,2.123729944229126,0.36079999804496765
1997,3,27,9,0,0.9388459920883179,10.266599655151367,5,8.952400207519531,8.189000129699707,26816,13.326800346374512,2.165519952774048,0.3329299986362457
1997,3,27,12,0,0.9400449991226196,10.483699798583984,5,9.287699699401855,8.583999633789062,27136,13.326800346374512,2.149359941482544,0.3113099932670593
1997,3,27,15,0,0.9415280222892761,10.645000457763672,5,9.540900230407715,8.87720012664795,26984,13.326800346374512,2.1219398975372314,0.29392001032829285
1997,3,27,18,0,0.9424629807472229,10.757800102233887,5,9.718299865722656,9.084699630737305,26389,13.326800346374512,2.0843400955200195,0.2826800048351288
1997,3,27,21,0,0.9416189789772034,10.74429988861084,5,9.635700225830078,8.826399803161621,25088,13.326800346374512,2.0325100421905518,0.28213998675346375
1997,3,28,0,0,0.9351630210876465,9.959799766540527,5,7.928100109100342,6.450200080871582,23570,12.114999771118164,2.0521199703216553,0.3551500141620636
1997,3,28,3,0,0.9297260046005249,9.031800270080566,5,6.971499919891357,5.75600004196167,22753,12.114999771118164,2.133510112762451,0.4169999957084656
1997,3,28,6,0,0.9194599986076355,8.441699981689453,355,6.949699878692627,6.030600070953369,25481,12.114999771118164,2.354020118713379,0.3948400020599365
1997,3,28,9,0,0.9258819818496704,9.195199966430664,355,8.14430046081543,7.493899822235107,25941,10.01200008392334,2.2599399089813232,0.32646000385284424
1997,3,28,12,0,0.9285860061645508,9.622099876403809,5,8.659299850463867,8.121299743652344,24580,10.01200008392334,2.1440200805664062,0.31266000866889954
1997,3,28,15,0,0.930374026298523,9.888099670410156,5,8.92549991607666,8.391400337219238,23124,11.013500213623047,2.0480000972747803,0.30831998586654663
1997,3,28,18,0,0.9332810044288635,10.169699668884277,5,9.183699607849121,8.639200210571289,22812,11.013500213623047,2.0043299198150635,0.3096500039100647
1997,3,28,21,0,0.9381319880485535,10.600199699401855,5,9.478699684143066,8.8858003616333,23880,11.013500213623047,2.014620065689087,0.3325600028038025
1997,3,29,0,0,0.9454500079154968,11.402799606323242,5,9.943599700927734,9.184200286865234,27594,11.013500213623047,2.104059934616089,0.36493000388145447
1997,3,29,3,0,0.9554830193519592,12.659600257873535,5,10.903800010681152,9.934200286865234,37167,17.73889923095703,2.3331398963928223,0.3551799952983856
1997,3,29,6,0,0.9624450206756592,13.632399559020996,5,11.965999603271484,10.947799682617188,50954,17.73889923095703,2.6344399452209473,0.31185999512672424
1997,3,29,9,0,0.9646779894828796,13.973799705505371,5,12.519200325012207,11.582099914550781,59288,16.125999450683594,2.8001201152801514,0.28016000986099243
1997,3,29,12,0,0.9642159938812256,13.88539981842041,5,12.559000015258789,11.694999694824219,57364,16.125999450683594,2.7540299892425537,0.2671099901199341
1997,3,29,15,0,0.9624450206756592,13.58080005645752,5,12.326499938964844,11.519100189208984,50002,16.125999450683594,2.590240001678467,0.26346999406814575
1997,3,29,18,0,0.9601399898529053,13.238800048828125,5,12.029199600219727,11.26200008392334,42446,16.125999450683594,2.4091200828552246,0.2630699872970581
1997,3,29,21,0,0.9575269818305969,12.92770004272461,5,11.750200271606445,11.011099815368652,36494,16.125999450683594,2.2546300888061523,0.2638700008392334
1997,3,30,0,0,0.9558209776878357,12.732799530029297,355,11.592599868774414,10.878199577331543,33669,14.659700393676758,2.178070068359375,0.26252999901771545
1997,3,30,3,0,0.9568349719047546,12.696700096130371,355,11.604599952697754,10.913299560546875,34224,14.659700393676758,2.196320056915283,0.25707000494003296
1997,3,30,6,0,0.9580789804458618,12.675100326538086,355,11.621600151062012,10.951800346374512,35339,14.659700393676758,2.2318499088287354,0.25328001379966736
1997,3,30,9,0,0.9586300253868103,12.628399848937988,355,11.5733003616333,10.894800186157227,35299,14.659700393676758,2.2345499992370605,0.2549799978733063
1997,3,30,12,0,0.9306929707527161,10.404500007629395,5,7.102499961853027,5.425899982452393,36930,14.659700393676758,2.53302001953125,0.4484899938106537
1997,3,30,15,0,0.8518530130386353,8.22599983215332,25,6.566999912261963,5.680699825286865,60711,14.659700393676758,3.7093000411987305,0.44912999868392944
1997,3,30,18,0,0.8734909892082214,8.897100448608398,25,7.636000156402588,6.879199981689453,64177,8.274100303649902,3.632469892501831,0.3641600012779236
1997,3,30,21,0,0.8971359729766846,9.624899864196777,15,8.482799530029297,7.765999794006348,71601,11.013500213623047,3.654330015182495,0.3196699917316437
1997,3,31,0,0,0.9023640155792236,9.974900245666504,15,8.914400100708008,8.26830005645752,59333,11.013500213623047,3.259469985961914,0.3034699857234955
1997,3,31,3,0,0.9077739715576172,10.297300338745117,5,9.132699966430664,8.368300437927246,53859,13.326800346374512,3.052419900894165,0.303600013256073
1997,3,31,6,0,0.9218140244483948,10.668899536132812,5,9.554300308227539,8.88010025024414,49870,13.326800346374512,2.8829500675201416,0.2948000133037567
1997,3,31,9,0,0.9249740242958069,10.579099655151367,5,9.390399932861328,8.593600273132324,41821,13.326800346374512,2.6507298946380615,0.29798001050949097
1997,3,31,12,0,0.9241250157356262,10.371100425720215,5,9.176199913024902,8.380499839782715,35769,13.326800346374512,2.4766499996185303,0.3019999861717224
1997,3,31,15,0,0.9235420227050781,10.297100067138672,5,9.23639965057373,8.612700462341309,31566,13.326800346374512,2.3338301181793213,0.2935999929904938
1997,3,31,18,0,0.9251989722251892,10.266900062561035,5,9.280099868774414,8.704700469970703,28599,13.326800346374512,2.223299980163574,0.28523001074790955
1997,3,31,21,0,0.928646981716156,10.25629997253418,5,9.22920036315918,8.556300163269043,26316,13.326800346374512,2.1332499980926514,0.28501999378204346
1997,4,1,0,0,0.9347190260887146,10.29580020904541,5,9.038800239562988,8.01360034942627,25927,13.326800346374512,2.1126699447631836,0.29315000772476196
1997,4,1,3,0,0.9436360001564026,10.535799980163574,5,9.281800270080566,8.26360034942627,28909,12.114999771118164,2.2016000747680664,0.2859500050544739
1997,4,1,6,0,0.9486290216445923,10.676899909973145,5,9.518899917602539,8.61620044708252,31231,12.114999771118164,2.2703700065612793,0.27573999762535095
1997,4,1,9,0,0.9483649730682373,10.615599632263184,5,9.589400291442871,8.906499862670898,30021,12.114999771118164,2.2326500415802,0.2715499997138977
1997,4,1,12,0,0.9487580060958862,10.519599914550781,355,9.558099746704102,8.935199737548828,27040,12.114999771118164,2.1286799907684326,0.26743000745773315
1997,4,1,15,0,0.949088990688324,10.371700286865234,355,9.415499687194824,8.79520034790039,23805,12.114999771118164,2.0120699405670166,0.2687000036239624
1997,4,1,18,0,0.9491869807243347,10.236100196838379,355,9.293499946594238,8.682100296020508,20943,12.114999771118164,1.9003000259399414,0.2689499855041504
1997,4,1,21,0,0.9487199783325195,10.032699584960938,355,8.828700065612793,7.770999908447266,18354,12.114999771118164,1.7977399826049805,0.2794399857521057
1997,4,2,0,0,0.9455050230026245,9.609100341796875,355,8.137200355529785,6.945000171661377,16218,12.114999771118164,1.7303600311279297,0.3102099895477295
1997,4,2,3,0,0.9426609873771667,9.412199974060059,355,7.971099853515625,6.832799911499023,14211,12.114999771118164,1.6387699842453003,0.31431999802589417
1997,4,2,6,0,0.9406229853630066,9.369600296020508,355,8.077300071716309,7.053599834442139,12305,12.114999771118164,1.5290299654006958,0.3041900098323822
1997,4,2,9,0,0.9384379982948303,9.35830020904541,355,8.178299903869629,7.237299919128418,10567,12.114999771118164,1.4177800416946411,0.29394999146461487
1997,4,2,12,0,0.9363679885864258,9.353099822998047,355,8.22819995880127,7.3105998039245605,8997,12.114999771118164,1.3084700107574463,0.28672000765800476
1997,4,2,15,0,0.9346129894256592,9.292900085449219,345,8.170999526977539,7.259099960327148,7673,12.114999771118164,1.2133400440216064,0.2896600067615509
1997,4,2,18,0,0.9329140186309814,9.281100273132324,345,8.081100463867188,7.072800159454346,6602,11.013500213623047,1.1281499862670898,0.3015199899673462
1997,4,2,21,0,0.9215520024299622,8.019800186157227,345,5.926700115203857,4.801499843597412,6685,11.013500213623047,1.2371000051498413,0.45761001110076904
1997,4,3,0,0,0.9187309741973877,8.222399711608887,345,6.061399936676025,4.94890022277832,8463,11.013500213623047,1.3865699768066406,0.49505001306533813
1997,4,3,3,0,0.9228150248527527,9.04170036315918,345,6.5995001792907715,5.32450008392334,12578,16.125999450683594,1.6102800369262695,0.4902699887752533
1997,4,3,6,0,0.936385989189148,10.341099739074707,355,7.975599765777588,6.481599807739258,17518,16.125999450683594,1.7636799812316895,0.41975000500679016
1997,4,3,9,0,0.9439709782600403,11.089900016784668,355,8.920499801635742,7.414299964904785,19983,14.659700393676758,1.8088500499725342,0.3729499876499176
1997,4,3,12,0,0.9479389786720276,11.383199691772461,355,9.43690013885498,8.009099960327148,20223,14.659700393676758,1.7881699800491333,0.34108999371528625
1997,4,3,15,0,0.9526129961013794,11.517999649047852,5,9.815099716186523,8.51669979095459,19014,13.326800346374512,1.717020034790039,0.31415000557899475
1997,4,3,18,0,0.9580060243606567,11.440299987792969,5,9.952400207519531,8.802200317382812,17137,13.326800346374512,1.631119966506958,0.2970300018787384
1997,4,3,21,0,0.9572420120239258,11.041000366210938,5,9.297900199890137,7.7357001304626465,15005,13.326800346374512,1.5527700185775757,0.30629000067710876
1997,4,4,0,0,0.939079999923706,9.367300033569336,355,7.462800025939941,6.192200183868408,15551,13.326800346374512,1.7318700551986694,0.3853999972343445
1997,4,4,3,0,0.9310529828071594,9.206299781799316,355,7.532100200653076,6.350100040435791,14660,12.114999771118164,1.6963900327682495,0.3657599985599518
1997,4,4,6,0,0.9262380003929138,9.419500350952148,355,7.901400089263916,6.775700092315674,12537,12.114999771118164,1.5480200052261353,0.3451699912548065
1997,4,4,9,0,0.9219040274620056,9.57390022277832,355,8.120699882507324,7.042900085449219,11193,12.114999771118164,1.449779987335205,0.33845001459121704
1997,4,4,12,0,0.9191579818725586,9.772100448608398,355,8.277700424194336,7.203400135040283,10710,12.114999771118164,1.403149962425232,0.3419800102710724
1997,4,4,15,0,0.9210280179977417,10.150500297546387,355,8.664600372314453,7.609499931335449,11141,12.114999771118164,1.4015100002288818,0.33324000239372253
1997,4,4,18,0,0.9241520166397095,10.491100311279297,355,9.059200286865234,8.021300315856934,12026,12.114999771118164,1.4285900592803955,0.31654998660087585
1997,4,4,21,0,0.924111008644104,10.520099639892578,355,8.797100067138672,7.3460001945495605,12667,13.326800346374512,1.4618799686431885,0.3168500065803528
1997,4,5,0,0,0.917231023311615,9.900400161743164,355,7.602700233459473,6.037099838256836,12890,13.326800346374512,1.522510051727295,0.3716900050640106
1997,4,5,3,0,0.9101669788360596,9.627699851989746,355,7.458799839019775,6.031099796295166,12440,13.326800346374512,1.5192099809646606,0.38133999705314636
1997,4,5,6,0,0.9039289951324463,9.775799751281738,355,7.937300205230713,6.650700092315674,11209,12.114999771118164,1.430209994316101,0.35659000277519226
1997,4,5,9,0,0.8970289826393127,9.915599822998047,355,8.343899726867676,7.223599910736084,9740,12.114999771118164,1.3221999406814575,0.3345299959182739
1997,4,5,12,0,0.889831006526947,9.97350025177002,355,8.55210018157959,7.5229997634887695,8428,12.114999771118164,1.2252600193023682,0.3197700083255768
1997,4,5,15,0,0.8809019923210144,9.965700149536133,355,8.636500358581543,7.668700218200684,7325,12.114999771118164,1.1425299644470215,0.3119400143623352
1997,4,5,18,0,0.8694009780883789,9.90839958190918,355,8.61870002746582,7.688399791717529,6346,11.013500213623047,1.0672500133514404,0.31169000267982483
1997,4,5,21,0,0.8549849987030029,9.839599609375,355,8.534600257873535,7.598400115966797,5536,11.013500213623047,1.0015000104904175,0.31707999110221863
1997,4,6,0,0,0.8431529998779297,9.525199890136719,5,7.581200122833252,6.076600074768066,4978,11.013500213623047,0.9674199819564819,0.351749986410141
1997,4,6,3,0,0.830597996711731,8.980199813842773,5,6.965000152587891,5.73799991607666,4729,11.013500213623047,0.975409984588623,0.40637001395225525
1997,4,6,6,0,0.8183940052986145,8.902400016784668,5,7.06879997253418,5.9944000244140625,4512,10.01200008392334,0.9600300192832947,0.41185998916625977
1997,4,6,9,0,0.8115109801292419,9.178600311279297,5,7.397200107574463,6.333000183105469,4196,10.01200008392334,0.911620020866394,0.4018700122833252
1997,4,6,12,0,0.8126919865608215,9.399800300598145,15,7.244900226593018,5.758800029754639,3954,14.659700393676758,0.8739699721336365,0.3969700038433075
1997,4,6,15,0,0.8141270279884338,8.071800231933594,15,5.260700225830078,4.150100231170654,4284,14.659700393676758,0.9861099720001221,0.5374199748039246
1997,4,6,18,0,0.8244609832763672,7.379499912261963,25,4.8242998123168945,3.9123001098632812,5171,13.326800346374512,1.1375000476837158,0.5864499807357788
1997,4,6,21,0,0.8387020230293274,6.928100109100342,25,4.861499786376953,4.089700222015381,7118,13.326800346374512,1.3833800554275513,0.5815799832344055
1997,4,7,0,0,0.8463640213012695,7.132699966430664,25,5.195000171661377,4.3902997970581055,8854,13.326800346374512,1.5183900594711304,0.5379199981689453
1997,4,7,3,0,0.847241997718811,7.070499897003174,25,5.39139986038208,4.616099834442139,11381,13.326800346374512,1.7328599691390991,0.49619999527931213
1997,4,7,6,0,0.8467879891395569,7.240699768066406,25,5.672699928283691,4.872499942779541,12686,12.114999771118164,1.806089997291565,0.4573200047016144
1997,4,7,9,0,0.8424760103225708,7.845799922943115,15,6.210299968719482,5.329899787902832,10880,11.013500213623047,1.5934300422668457,0.42871999740600586
1997,4,7,12,0,0.8501780033111572,8.201700210571289,15,6.536399841308594,5.583099842071533,9535,11.013500213623047,1.452340006828308,0.4066399931907654
1997,4,7,15,0,0.8629270195960999,8.234100341796875,15,6.665800094604492,5.726799964904785,9089,11.013500213623047,1.4170299768447876,0.39357998967170715
1997,4,7,18,0,0.8698089718818665,8.400300025939941,15,6.902500152587891,6.008699893951416,8601,12.114999771118164,1.3669099807739258,0.39309999346733093
1997,4,7,21,0,0.8770470023155212,8.901200294494629,5,7.265200138092041,6.349999904632568,8337,12.114999771118164,1.3105599880218506,0.4192799925804138
1997,4,8,0,0,0.8954579830169678,9.990300178527832,5,7.922299861907959,6.829699993133545,9349,17.73889923095703,1.3153799772262573,0.44418999552726746
1997,4,8,3,0,0.9200810194015503,11.446200370788574,5,9.01710033416748,7.636600017547607,12438,17.73889923095703,1.4181699752807617,0.41214001178741455
1997,4,8,6,0,0.9388179779052734,12.455100059509277,5,10.13599967956543,8.560799598693848,17094,16.125999450683594,1.586609959602356,0.35126999020576477
1997,4,8,9,0,0.9489369988441467,12.762900352478027,5,10.8233003616333,9.298600196838379,21430,16.125999450683594,1.7433799505233765,0.30270999670028687
1997,4,8,12,0,0.953095018863678,12.649900436401367,5,11.04740047454834,9.657299995422363,24132,14.659700393676758,1.847040057182312,0.2725900113582611
1997,4,8,15,0,0.9528980255126953,12.191699981689453,5,10.36620044708252,8.580100059509277,24842,14.659700393676758,1.901229977607727,0.2754899859428406
1997,4,8,18,0,0.9497330188751221,11.664199829101562,5,9.746600151062012,8.057700157165527,24169,14.659700393676758,1.9137699604034424,0.29366999864578247
1997,4,8,21,0,0.9437969923019409,10.961899757385254,5,9.038599967956543,7.576700210571289,22830,13.326800346374512,1.9202200174331665,0.3241400122642517
1997,4,9,0,0,0.9356250166893005,10.250399589538574,5,8.17710018157959,6.727499961853027,21354,13.326800346374512,1.923509955406189,0.3550400137901306
1997,4,9,3,0,0.9260010123252869,9.367899894714355,5,7.190199851989746,5.888599872589111,20613,13.326800346374512,1.9843699932098389,0.4019699990749359
1997,4,9,6,0,0.9212260246276855,9.022299766540527,355,7.377299785614014,6.350200176239014,20664,13.326800346374512,2.034140110015869,0.37966999411582947
1997,4,9,9,0,0.9218469858169556,9.111700057983398,355,7.872300148010254,7.070700168609619,19391,12.114999771118164,1.960360050201416,0.3370800018310547
1997,4,9,12,0,0.9174860119819641,9.038999557495117,355,7.790800094604492,6.910600185394287,17413,12.114999771118164,1.8645000457763672,0.32958999276161194
1997,4,9,15,0,0.9105449914932251,9.118499755859375,355,8.057499885559082,7.366000175476074,15884,12.114999771118164,1.7717299461364746,0.3131699860095978
1997,4,9,18,0,0.9005470275878906,9.277099609375,355,8.22029972076416,7.485799789428711,14348,12.114999771118164,1.666509985923767,0.3045099973678589
1997,4,9,21,0,0.8893830180168152,9.22189998626709,355,7.900700092315674,6.875100135803223,13007,11.013500213623047,1.5912699699401855,0.3206599950790405
1997,4,10,0,0,0.8795740008354187,8.948699951171875,355,7.343800067901611,6.1828999519348145,11999,11.013500213623047,1.5540499687194824,0.35221999883651733
1997,4,10,3,0,0.8743860125541687,8.843299865722656,355,7.179500102996826,6.015399932861328,10888,11.013500213623047,1.4902000427246094,0.36289000511169434
1997,4,10,6,0,0.8739960193634033,8.912500381469727,355,7.343100070953369,6.2210001945495605,9768,11.013500213623047,1.405210018157959,0.3536899983882904
1997,4,10,9,0,0.8744980096817017,8.903400421142578,355,7.365099906921387,6.252500057220459,8848,11.013500213623047,1.3379900455474854,0.3503600060939789
1997,4,10,12,0,0.8725370168685913,8.976200103759766,355,7.567800045013428,6.56220006942749,8007,11.013500213623047,1.2683000564575195,0.34591999650001526
1997,4,10,15,0,0.8661370277404785,9.168399810791016,355,7.851900100708008,6.977799892425537,7236,11.013500213623047,1.1941699981689453,0.34988999366760254
1997,4,10,18,0,0.8571490049362183,9.420299530029297,355,8.062199592590332,7.204400062561035,6719,11.013500213623047,1.1370400190353394,0.36309000849723816
1997,4,10,21,0,0.8492310047149658,9.375,355,7.334000110626221,5.926599979400635,6506,10.01200008392334,1.1244900226593018,0.40365999937057495
1997,4,11,0,0,0.8455920219421387,8.819299697875977,355,6.303400039672852,5.004199981689453,6707,13.326800346374512,1.181030035018921,0.4768800139427185
1997,4,11,3,0,0.8498740196228027,8.856599807739258,5,6.377600193023682,5.126500129699707,6913,13.326800346374512,1.1972600221633911,0.48388999700546265
1997,4,11,6,0,0.8620359897613525,9.56779956817627,5,7.249800205230713,5.9558000564575195,6963,13.326800346374512,1.1531200408935547,0.44600000977516174
1997,4,11,9,0,0.8708850145339966,10.217100143432617,5,7.917200088500977,6.552299976348877,7124,13.326800346374512,1.1265900135040283,0.4215500056743622
1997,4,11,12,0,0.8792229890823364,10.754500389099121,5,8.476200103759766,7.031799793243408,7341,13.326800346374512,1.1131399869918823,0.3997099995613098
1997,4,11,15,0,0.8906170129776001,11.162500381469727,5,9.001099586486816,7.517300128936768,7597,12.114999771118164,1.1091599464416504,0.37391000986099243
1997,4,11,18,0,0.9033340215682983,11.447500228881836,5,9.471799850463867,8.005800247192383,7947,12.114999771118164,1.1173800230026245,0.3472599983215332
1997,4,11,21,0,0.9137120246887207,11.691699981689453,5,9.793700218200684,8.199700355529785,8622,12.114999771118164,1.1498899459838867,0.32561999559402466
1997,4,12,0,0,0.9216989874839783,12.008000373840332,15,10.15530014038086,8.46660041809082,10080,12.114999771118164,1.2263699769973755,0.30869001150131226
1997,4,12,3,0,0.928866982460022,12.399900436401367,15,10.893199920654297,9.515000343322754,12501,12.114999771118164,1.3431600332260132,0.28327998518943787
1997,4,12,6,0,0.9332470297813416,12.583000183105469,15,11.35200023651123,10.282899856567383,15361,12.114999771118164,1.4768600463867188,0.26510000228881836
1997,4,12,9,0,0.935034990310669,12.494999885559082,5,11.411600112915039,10.592399597167969,17741,12.114999771118164,1.592079997062683,0.2618100047111511
1997,4,12,12,0,0.937870979309082,12.196499824523926,5,11.138099670410156,10.454000473022461,19047,12.114999771118164,1.670300006866455,0.2717599868774414
1997,4,12,15,0,0.9397709965705872,11.8302001953125,5,10.738900184631348,10.10509967803955,19310,12.114999771118164,1.708590030670166,0.2856299877166748
1997,4,12,18,0,0.9390599727630615,11.459199905395508,5,10.315600395202637,9.688400268554688,19121,12.114999771118164,1.7287100553512573,0.2996799945831299
1997,4,12,21,0,0.9358530044555664,11.096099853515625,15,9.897500038146973,9.259400367736816,18795,12.114999771118164,1.7434699535369873,0.31373000144958496
1997,4,13,0,0,0.9313629865646362,10.74470043182373,15,9.484600067138672,8.829500198364258,18425,16.125999450683594,1.757200002670288,0.32982000708580017
1997,4,13,3,0,0.9250959753990173,10.541000366210938,15,9.161399841308594,8.446999549865723,17379,16.125999450683594,1.7262200117111206,0.3481700122356415
1997,4,13,6,0,0.9193810224533081,10.49489974975586,15,8.962699890136719,8.14840030670166,16000,16.125999450683594,1.6616699695587158,0.36274001002311707
1997,4,13,9,0,0.9155330061912537,10.477399826049805,15,8.791899681091309,7.85129976272583,15067,16.125999450683594,1.614259958267212,0.3729900121688843
1997,4,13,12,0,0.9119639992713928,10.387999534606934,15,8.30519962310791,6.900400161743164,14420,16.125999450683594,1.5852899551391602,0.3840300142765045
1997,4,13,15,0,0.9054949879646301,9.602499961853027,15,7.139900207519531,5.747000217437744,14434,14.659700393676758,1.6528700590133667,0.43698999285697937
1997,4,13,18,0,0.8962259888648987,8.611900329589844,5,6.560400009155273,5.459799766540527,17569,13.326800346374512,1.9356900453567505,0.4533500075340271
1997,4,13,21,0,0.8999959826469421,8.612600326538086,5,6.781499862670898,5.723700046539307,20169,13.326800346374512,2.069230079650879,0.4221400022506714
1997,4,14,0,0,0.9087719917297363,9.097000122070312,5,7.390600204467773,6.303899765014648,21070,12.114999771118164,2.0455100536346436,0.38148999214172363
1997,4,14,3,0,0.9148749709129333,9.56719970703125,5,8.004400253295898,6.8902997970581055,21515,12.114999771118164,2.006510019302368,0.34439000487327576
1997,4,14,6,0,0.9185799956321716,9.956999778747559,5,8.587300300598145,7.565999984741211,21746,12.114999771118164,1.9729399681091309,0.3184700012207031
1997,4,14,9,0,0.9202790260314941,10.242600440979004,5,8.96310043334961,7.9878997802734375,22266,12.114999771118164,1.9659099578857422,0.30463001132011414
1997,4,14,12,0,0.919812023639679,10.352100372314453,5,9.149999618530273,8.228400230407715,22344,12.114999771118164,1.9567999839782715,0.2943800091743469
1997,4,14,15,0,0.9185910224914551,10.257499694824219,5,9.06879997253418,8.095499992370605,21517,11.013500213623047,1.927590012550354,0.28850001096725464
1997,4,14,18,0,0.9169489741325378,10.053799629211426,5,8.859199523925781,7.837500095367432,19965,11.013500213623047,1.8753700256347656,0.2869899868965149
1997,4,14,21,0,0.9143679738044739,9.81149959564209,5,8.601499557495117,7.593900203704834,18004,11.013500213623047,1.8041900396347046,0.2923800051212311
1997,4,15,0,0,0.9113280177116394,9.617400169372559,5,8.435999870300293,7.49399995803833,16027,11.013500213623047,1.721940040588379,0.2980000078678131
1997,4,15,3,0,0.9073659777641296,9.489700317382812,5,8.343999862670898,7.493199825286865,14392,10.01200008392334,1.6455800533294678,0.3047800064086914
1997,4,15,6,0,0.9036179780960083,9.443499565124512,5,8.381400108337402,7.668499946594238,13203,10.01200008392334,1.5823800563812256,0.3070099949836731
1997,4,15,9,0,0.9005380272865295,9.391400337219238,5,8.368300437927246,7.729599952697754,12253,10.01200008392334,1.5309499502182007,0.31080999970436096
1997,4,15,12,0,0.8972629904747009,9.306099891662598,5,8.271400451660156,7.645199775695801,11238,10.01200008392334,1.475450038909912,0.31874001026153564
1997,4,15,15,0,0.8939390182495117,9.192000389099121,5,8.12279987335205,7.484499931335449,10210,10.01200008392334,1.417799949645996,0.32910001277923584
1997,4,15,18,0,0.8933179974555969,8.883999824523926,5,7.613100051879883,6.695700168609619,9670,9.101699829101562,1.4082599878311157,0.3470799922943115
1997,4,15,21,0,0.9010800123214722,8.40820026397705,5,6.973700046539307,5.968100070953369,10333,9.101699829101562,1.5018999576568604,0.3691299855709076
1997,4,16,0,0,0.914110004901886,8.374099731445312,5,6.947700023651123,5.929699897766113,11893,10.01200008392334,1.6121100187301636,0.35885998606681824
1997,4,16,3,0,0.9211620092391968,8.406100273132324,5,6.861400127410889,5.773600101470947,13511,10.01200008392334,1.7095199823379517,0.3594900071620941
1997,4,16,6,0,0.9232280254364014,8.414799690246582,5,6.894599914550781,5.837299823760986,14537,10.01200008392334,1.7707500457763672,0.3588399887084961
1997,4,16,9,0,0.9220579862594604,8.419099807739258,5,6.932499885559082,5.897900104522705,14599,10.01200008392334,1.7749700546264648,0.358460009098053
1997,4,16,12,0,0.9206069707870483,8.467900276184082,5,7.0381999015808105,6.037099838256836,14207,9.101699829101562,1.7470999956130981,0.3560200035572052
1997,4,16,15,0,0.9099860191345215,7.924699783325195,15,6.297800064086914,5.308499813079834,14650,9.101699829101562,1.8430900573730469,0.4035399854183197
1997,4,16,18,0,0.9052240252494812,7.855899810791016,15,6.296599864959717,5.356200218200684,14824,9.101699829101562,1.8661600351333618,0.40615999698638916
1997,4,16,21,0,0.9063900113105774,8.032899856567383,15,6.500199794769287,5.572800159454346,14112,9.101699829101562,1.7985399961471558,0.4021799862384796
1997,4,17,0,0,0.9107750058174133,8.520299911499023,15,7.069499969482422,6.160099983215332,13113,9.101699829101562,1.6758099794387817,0.3783299922943115
1997,4,17,3,0,0.9148100018501282,8.954099655151367,5,7.663099765777588,6.8368000984191895,12807,9.101699829101562,1.6087100505828857,0.34735000133514404
1997,4,17,6,0,0.9220240116119385,9.136300086975098,5,8.00879955291748,7.293499946594238,12985,9.101699829101562,1.600409984588623,0.3238399922847748
1997,4,17,9,0,0.9268509745597839,9.183500289916992,5,8.177800178527832,7.556000232696533,13245,9.101699829101562,1.6106899976730347,0.30783000588417053
1997,4,17,12,0,0.931331992149353,9.237500190734863,5,8.31470012664795,7.749899864196777,13722,11.013500213623047,1.6325099468231201,0.2939800024032593
1997,4,17,15,0,0.9356859922409058,9.33899974822998,5,8.476099967956543,7.945400238037109,14463,11.013500213623047,1.6639699935913086,0.2810699939727783
1997,4,17,18,0,0.938510000705719,9.436599731445312,5,8.615500450134277,8.109100341796875,15016,11.013500213623047,1.684380054473877,0.2719700038433075
1997,4,17,21,0,0.9396849870681763,9.497099876403809,5,8.697199821472168,8.204700469970703,15051,10.01200008392334,1.679900050163269,0.2678599953651428
1997,4,18,0,0,0.9398980140686035,9.517900466918945,5,8.711099624633789,8.18529987335205,14771,10.01200008392334,1.6619700193405151,0.266400009393692
1997,4,18,3,0,0.9391639828681946,9.404500007629395,5,8.401200294494629,7.61460018157959,14473,10.01200008392334,1.6553800106048584,0.27921000123023987
1997,4,18,6,0,0.9377909898757935,9.322199821472168,5,8.36989974975586,7.714300155639648,14097,10.01200008392334,1.6418399810791016,0.2828499972820282
1997,4,18,9,0,0.9368150234222412,9.348999977111816,5,8.489500045776367,7.920899868011475,13277,10.01200008392334,1.590999960899353,0.27360999584198
1997,4,18,12,0,0.9363600015640259,9.330499649047852,5,8.536999702453613,8.027600288391113,12114,10.01200008392334,1.5219899415969849,0.2676999866962433
1997,4,18,15,0,0.9349380135536194,9.227299690246582,5,8.362199783325195,7.6697998046875,10823,10.01200008392334,1.4487600326538086,0.2709600031375885
1997,4,18,18,0,0.9188219904899597,8.182000160217285,5,6.4496002197265625,5.3119001388549805,10058,10.01200008392334,1.4934799671173096,0.3754099905490875
1997,4,18,21,0,0.8563979864120483,6.775000095367432,25,5.481200218200684,4.739799976348877,13205,10.01200008392334,1.919700026512146,0.41339999437332153
1997,4,19,0,0,0.8540740013122559,6.920000076293945,35,5.910600185394287,5.23769998550415,18295,7.5218000411987305,2.242379903793335,0.3505200147628784
1997,4,19,3,0,0.8494459986686707,7.033100128173828,45,6.064499855041504,5.404200077056885,18695,7.5218000411987305,2.247649908065796,0.3413200080394745
1997,4,19,6,0,0.8433660268783569,6.918000221252441,45,5.948299884796143,5.2967000007629395,19116,7.5218000411987305,2.296020030975342,0.34571000933647156
1997,4,19,9,0,0.8444679975509644,6.898099899291992,55,5.9375,5.285399913787842,17789,7.5218000411987305,2.2205801010131836,0.3452399969100952
1997,4,19,12,0,0.8443989753723145,6.791999816894531,55,5.881199836730957,5.264100074768066,17373,7.5218000411987305,2.2172200679779053,0.3432599902153015
1997,4,19,15,0,0.8402299880981445,6.559000015258789,55,5.59089994430542,4.95959997177124,16528,7.5218000411987305,2.2058000564575195,0.36065998673439026
1997,4,19,18,0,0.8660449981689453,6.486199855804443,55,5.583899974822998,4.9745001792907715,19390,7.5218000411987305,2.40487003326416,0.34134000539779663
1997,4,19,21,0,0.8924999833106995,6.891200065612793,55,6.061600208282471,5.455900192260742,25233,7.5218000411987305,2.6445600986480713,0.3028300106525421
1997,4,20,0,0,0.9040049910545349,7.146900177001953,55,6.361499786376953,5.763700008392334,30772,8.274100303649902,2.8555800914764404,0.282260000705719
1997,4,20,3,0,0.9200299978256226,7.44189977645874,55,6.68209981918335,6.098800182342529,45125,8.274100303649902,3.370150089263916,0.27028998732566833
1997,4,20,6,0,0.9200220108032227,7.760900020599365,55,6.958600044250488,6.354700088500977,58465,9.101699829101562,3.7313499450683594,0.2725600004196167
1997,4,20,9,0,0.900950014591217,8.29640007019043,45,7.56220006942749,7.037499904632568,56483,9.101699829101562,3.5186901092529297,0.2572700083255768
1997,4,20,12,0,0.888293981552124,8.666500091552734,35,7.9918999671936035,7.518700122833252,46442,9.101699829101562,3.1088600158691406,0.24548999965190887
1997,4,20,15,0,0.8847209811210632,8.8056001663208,35,8.27750015258789,7.954999923706055,35513,9.101699829101562,2.6959900856018066,0.2280299961566925
1997,4,20,18,0,0.8915259838104248,8.734600067138672,25,8.20479965209961,7.890600204467773,26167,10.01200008392334,2.32709002494812,0.23309999704360962
1997,4,20,21,0,0.9000459909439087,8.728599548339844,25,8.171500205993652,7.845600128173828,21058,9.101699829101562,2.0888500213623047,0.24036000669002533
1997,4,21,0,0,0.9098140001296997,8.873100280761719,25,8.282999992370605,7.936800003051758,19375,10.01200008392334,1.9831199645996094,0.2438099980354309
1997,4,21,3,0,0.9159590005874634,9.0625,25,8.449000358581543,8.08650016784668,19158,10.01200008392334,1.9463599920272827,0.24412000179290771
1997,4,21,6,0,0.9219390153884888,9.21560001373291,15,8.579899787902832,8.204500198364258,18911,10.01200008392334,1.9146599769592285,0.24607999622821808
1997,4,21,9,0,0.9253039956092834,9.361300468444824,15,8.692899703979492,8.3016996383667,18661,10.01200008392334,1.8853399753570557,0.2511099874973297
1997,4,21,12,0,0.9265940189361572,9.505399703979492,15,8.799099922180176,8.389300346374512,18564,10.01200008392334,1.8648099899291992,0.2566399872303009
1997,4,21,15,0,0.9265890121459961,9.605999946594238,15,8.871700286865234,8.446800231933594,18340,10.01200008392334,1.8426899909973145,0.2597000002861023
1997,4,21,18,0,0.9260820150375366,9.649399757385254,15,8.899800300598145,8.465299606323242,17791,10.01200008392334,1.8100999593734741,0.26093998551368713
1997,4,21,21,0,0.9252340197563171,9.646400451660156,15,8.884200096130371,8.441399574279785,16817,12.114999771118164,1.7600899934768677,0.262719988822937
1997,4,22,0,0,0.9225659966468811,9.412799835205078,5,8.27649974822998,7.304599761962891,15570,12.114999771118164,1.717039942741394,0.28845998644828796
1997,4,22,3,0,0.8885480165481567,8.105400085449219,15,6.565899848937988,5.598700046539307,17054,11.013500213623047,1.9590799808502197,0.38374999165534973
1997,4,22,6,0,0.8747699856758118,8.083000183105469,15,6.684800148010254,5.7993998527526855,16905,11.013500213623047,1.9579499959945679,0.3768700063228607
1997,4,22,9,0,0.8783919811248779,8.074399948120117,15,6.52239990234375,5.572800159454346,16900,11.013500213623047,1.9592700004577637,0.39719998836517334
1997,4,22,12,0,0.8893880248069763,8.272199630737305,15,6.611400127410889,5.61870002746582,17641,11.013500213623047,1.9758199453353882,0.4080199897289276
1997,4,22,15,0,0.900143027305603,8.572199821472168,15,6.809299945831299,5.7530999183654785,18468,11.013500213623047,1.982800006866455,0.41054001450538635
1997,4,22,18,0,0.9007179737091064,8.567399978637695,15,6.688899993896484,5.600900173187256,19432,11.013500213623047,2.0358099937438965,0.42524001002311707
1997,4,22,21,0,0.869933009147644,7.509799957275391,25,5.917099952697754,5.070899963378906,25214,7.5218000411987305,2.505650043487549,0.45350998640060425
1997,4,23,0,0,0.8939099907875061,7.831500053405762,25,6.622700214385986,5.865799903869629,30821,8.274100303649902,2.7071099281311035,0.3770799934864044
1997,4,23,3,0,0.8935400247573853,8.590299606323242,25,7.380899906158447,6.614500045776367,25447,8.274100303649902,2.332360029220581,0.3600499927997589
1997,4,23,6,0,0.8912559747695923,8.868599891662598,25,7.578100204467773,6.759399890899658,22968,9.101699829101562,2.176179885864258,0.3637000024318695
1997,4,23,9,0,0.9041420221328735,8.938199996948242,15,7.588399887084961,6.714000225067139,23154,10.01200008392334,2.174149990081787,0.36542999744415283
1997,4,23,12,0,0.9157389998435974,9.048100471496582,15,7.640900135040283,6.732600212097168,25331,10.01200008392334,2.2561700344085693,0.36614999175071716
1997,4,23,15,0,0.9288359880447388,9.643799781799316,15,8.29520034790039,7.40749979019165,31389,11.013500213623047,2.419290065765381,0.34099000692367554
1997,4,23,18,0,0.9402649998664856,10.29889965057373,15,9.059800148010254,8.240699768066406,38022,12.114999771118164,2.565609931945801,0.3132399916648865
1997,4,23,21,0,0.9475299715995789,10.695300102233887,15,9.474100112915039,8.639300346374512,41584,12.114999771118164,2.6287200450897217,0.3007499873638153
1997,4,24,0,0,0.9511780142784119,10.883600234985352,15,9.665300369262695,8.822600364685059,42822,12.114999771118164,2.6431899070739746,0.29565998911857605
1997,4,24,3,0,0.9516329765319824,10.968700408935547,15,9.836000442504883,9.126999855041504,44630,12.114999771118164,2.6868300437927246,0.2892400026321411
1997,4,24,6,0,0.9520859718322754,11.097900390625,5,10.036199569702148,9.384200096130371,46066,12.114999771118164,2.711009979248047,0.2785100042819977
1997,4,24,9,0,0.9540420174598694,11.217100143432617,5,10.218899726867676,9.6003999710083,45625,12.114999771118164,2.6804699897766113,0.26719000935554504
1997,4,24,12,0,0.9551119804382324,11.235400199890137,5,10.297800064086914,9.712499618530273,43349,12.114999771118164,2.6075499057769775,0.2577899992465973
1997,4,24,15,0,0.9554889798164368,11.153200149536133,5,10.270500183105469,9.717100143432617,39623,12.114999771118164,2.4993700981140137,0.25053998827934265
1997,4,24,18,0,0.9552689790725708,11.015800476074219,5,10.177200317382812,9.650500297546387,35283,12.114999771118164,2.3712899684906006,0.24553999304771423
1997,4,24,21,0,0.9543799757957458,10.830300331115723,5,10.024499893188477,9.51930046081543,30669,12.114999771118164,2.2288599014282227,0.24307000637054443
1997,4,25,0,0,0.9527760148048401,10.588000297546387,5,9.793899536132812,9.279899597167969,25905,12.114999771118164,2.0722200870513916,0.24352000653743744
1997,4,25,3,0,0.950452983379364,10.303400039672852,5,9.496999740600586,8.927399635314941,21336,12.114999771118164,1.908120036125183,0.2463500052690506
1997,4,25,6,0,0.9473720192909241,10.009699821472168,5,9.226699829101562,8.718199729919434,17239,12.114999771118164,1.7428900003433228,0.25080999732017517
1997,4,25,9,0,0.9432920217514038,9.704099655151367,5,8.93120002746582,8.46310043334961,13693,12.114999771118164,1.5814299583435059,0.25804999470710754
1997,4,25,12,0,0.939162015914917,9.448699951171875,5,8.657899856567383,8.20359992980957,10955,12.114999771118164,1.4374899864196777,0.26934000849723816
1997,4,25,15,0,0.9393290281295776,9.427000045776367,5,8.575699806213379,8.09529972076416,9721,12.114999771118164,1.356850028038025,0.2810400128364563
1997,4,25,18,0,0.9470109939575195,9.666799545288086,5,8.792499542236328,8.280699729919434,10616,12.114999771118164,1.3969299793243408,0.2761799991130829
1997,4,25,21,0,0.9557369947433472,9.882599830627441,5,9.060099601745605,8.556500434875488,12966,12.114999771118164,1.5233999490737915,0.2615000009536743
1997,4,26,0,0,0.960457980632782,9.968999862670898,5,9.18280029296875,8.69219970703125,14728,11.013500213623047,1.6152700185775757,0.2542400062084198
1997,4,26,3,0,0.9623349905014038,9.981800079345703,5,9.200300216674805,8.717100143432617,15296,11.013500213623047,1.6454800367355347,0.25525999069213867
1997,4,26,6,0,0.9629300236701965,9.973999977111816,5,9.177000045776367,8.695300102233887,15272,11.013500213623047,1.6463799476623535,0.2617399990558624
1997,4,26,9,0,0.9630820155143738,10.011199951171875,5,9.17870044708252,8.688400268554688,15442,11.013500213623047,1.654539942741394,0.27147001028060913
1997,4,26,12,0,0.9641219973564148,10.192899703979492,15,9.283599853515625,8.762499809265137,16316,11.013500213623047,1.687459945678711,0.2840299904346466
1997,4,26,15,0,0.9660999774932861,10.437100410461426,15,9.448399543762207,8.884400367736816,17688,11.013500213623047,1.7371200323104858,0.2914400100708008
1997,4,26,18,0,0.9677630066871643,10.669699668884277,15,9.629400253295898,8.993200302124023,20010,11.013500213623047,1.8260200023651123,0.2892799973487854
1997,4,26,21,0,0.967697024345398,10.49779987335205,15,8.808699607849121,7.388800144195557,24524,13.326800346374512,2.0373001098632812,0.3163999915122986
1997,4,27,0,0,0.9668570160865784,10.535900115966797,15,9.097399711608887,7.97760009765625,29181,13.326800346374512,2.217329978942871,0.3076600134372711
1997,4,27,3,0,0.9666529893875122,10.723699569702148,15,9.490900039672852,8.583499908447266,29872,13.326800346374512,2.2213399410247803,0.29065999388694763
1997,4,27,6,0,0.9650570154190063,10.70419979095459,15,9.42300033569336,8.467700004577637,28770,13.326800346374512,2.1810500621795654,0.29236000776290894
1997,4,27,9,0,0.9623709917068481,10.604000091552734,15,9.34749984741211,8.49470043182373,27183,13.326800346374512,2.12992000579834,0.2957800030708313
1997,4,27,12,0,0.9596009850502014,10.557299613952637,15,9.359399795532227,8.567000389099121,24955,13.326800346374512,2.0443499088287354,0.29155001044273376
1997,4,27,15,0,0.9572569727897644,10.514599800109863,15,9.376199722290039,8.633600234985352,22706,12.114999771118164,1.9533799886703491,0.2869499921798706
1997,4,27,18,0,0.9553959965705872,10.494000434875488,15,9.389900207519531,8.680800437927246,20915,12.114999771118164,1.876710057258606,0.2852399945259094
1997,4,27,21,0,0.9544510245323181,10.49590015411377,5,9.365599632263184,8.599100112915039,19550,12.114999771118164,1.8148900270462036,0.28690001368522644
1997,4,28,0,0,0.9549199938774109,10.49489974975586,5,9.26830005645752,8.32759952545166,18603,12.114999771118164,1.7714699506759644,0.2912999987602234
1997,4,28,3,0,0.9556019902229309,10.523799896240234,5,9.295999526977539,8.404899597167969,18443,12.114999771118164,1.76173996925354,0.2938399910926819
1997,4,28,6,0,0.9568210244178772,10.596199989318848,5,9.451399803161621,8.690299987792969,19371,12.114999771118164,1.7977800369262695,0.2868399918079376
1997,4,28,9,0,0.957647979259491,10.59570026397705,5,9.557600021362305,8.878299713134766,20746,12.114999771118164,1.8581000566482544,0.27404001355171204
1997,4,28,12,0,0.9570509791374207,10.468000411987305,5,9.525699615478516,8.91759967803955,21173,12.114999771118164,1.887279987335205,0.264710009098053
1997,4,28,15,0,0.95551598072052,10.266599655151367,5,9.379500389099121,8.817000389099121,20149,12.114999771118164,1.8595199584960938,0.2616499960422516
1997,4,28,18,0,0.9528970122337341,10.004199981689453,5,9.06879997253418,8.408499717712402,18108,12.114999771118164,1.7876299619674683,0.26697999238967896
1997,4,28,21,0,0.9383080005645752,8.758299827575684,5,6.863500118255615,5.618100166320801,16298,11.013500213623047,1.8246899843215942,0.3713099956512451
1997,4,29,0,0,0.9171069860458374,7.694200038909912,5,6.260799884796143,5.401199817657471,17624,11.013500213623047,2.0534000396728516,0.3924500048160553
1997,4,29,3,0,0.9296150207519531,8.411100387573242,5,7.283199787139893,6.5243000984191895,18421,11.013500213623047,1.9946500062942505,0.3269299864768982
1997,4,29,6,0,0.9396389722824097,8.9798002243042,5,8.014200210571289,7.387800216674805,18833,11.013500213623047,1.9407000541687012,0.2965399920940399
1997,4,29,9,0,0.9456310272216797,9.352299690246582,5,8.397899627685547,7.756800174713135,19362,11.013500213623047,1.9215400218963623,0.28558000922203064
1997,4,29,12,0,0.9483460187911987,9.480899810791016,5,8.43910026550293,7.719099998474121,19765,11.013500213623047,1.9263299703598022,0.29170000553131104
1997,4,29,15,0,0.9487400054931641,9.537099838256836,5,8.522500038146973,7.881700038909912,20218,11.013500213623047,1.9430299997329712,0.2942500114440918
1997,4,29,18,0,0.9491440057754517,9.679499626159668,5,8.70740032196045,8.109100341796875,20003,11.013500213623047,1.91743004322052,0.28913000226020813
1997,4,29,21,0,0.9500340223312378,9.839599609375,5,8.880000114440918,8.293000221252441,19485,11.013500213623047,1.87608003616333,0.2866699993610382
1997,4,30,0,0,0.9513869881629944,10.015899658203125,5,8.98550033569336,8.299599647521973,19174,11.013500213623047,1.844539999961853,0.29096999764442444
1997,4,30,3,0,0.9515659809112549,10.087300300598145,5,8.65939998626709,7.437399864196777,19099,11.013500213623047,1.835860013961792,0.3098500072956085
1997,4,30,6,0,0.9429559707641602,9.572600364685059,5,7.44890022277832,6.01669979095459,19312,11.013500213623047,1.900629997253418,0.37852999567985535
1997,4,30,9,0,0.911916971206665,8.170000076293945,15,6.344600200653076,5.38129997253418,23558,11.013500213623047,2.302690029144287,0.44971999526023865
1997,4,30,12,0,0.9176560044288635,8.198100090026855,15,6.422399997711182,5.469299793243408,24224,11.013500213623047,2.332979917526245,0.44530999660491943
1997,4,30,15,0,0.9228690266609192,8.639100074768066,5,7.189799785614014,6.332200050354004,27881,13.326800346374512,2.43218994140625,0.390529990196228
1997,4,30,18,0,0.9278720021247864,9.138699531555176,5,7.804299831390381,6.989799976348877,27634,9.101699829101562,2.3449299335479736,0.36217001080513
1997,4,30,21,0,0.9340519905090332,9.51509952545166,5,8.289999961853027,7.5192999839782715,28699,9.101699829101562,2.334439992904663,0.3384000062942505
1997,5,1,0,0,0.9375630021095276,9.826199531555176,5,8.618200302124023,7.815400123596191,28732,10.01200008392334,2.2923099994659424,0.3246600031852722
1997,5,1,3,0,0.9391229748725891,10.036700248718262,5,8.80459976196289,7.971399784088135,26765,10.01200008392334,2.1867198944091797,0.321289986371994
1997,5,1,6,0,0.9400579929351807,10.241499900817871,5,9.089400291442871,8.424099922180176,24987,14.659700393676758,2.0896899700164795,0.3154900074005127
1997,5,1,9,0,0.9412660002708435,10.358400344848633,5,9.197600364685059,8.541600227355957,23774,14.659700393676758,2.0257198810577393,0.313620001077652
1997,5,1,12,0,0.9426659941673279,10.434900283813477,5,9.268899917602539,8.602800369262695,22774,14.659700393676758,1.9740999937057495,0.3104900121688843
1997,5,1,15,0,0.9438509941101074,10.493900299072266,5,9.34119987487793,8.670299530029297,21969,14.659700393676758,1.9316500425338745,0.30491000413894653
1997,5,1,18,0,0.9447479844093323,10.543100357055664,5,9.423800468444824,8.760199546813965,21366,13.326800346374512,1.8982700109481812,0.2971000075340271
1997,5,1,21,0,0.9448660016059875,10.581500053405762,5,9.514800071716309,8.871899604797363,20838,13.326800346374512,1.868749976158142,0.28744998574256897
1997,5,2,0,0,0.9438959956169128,10.585800170898438,5,9.56470012664795,8.923399925231934,20101,13.326800346374512,1.8329700231552124,0.27873000502586365
1997,5,2,3,0,0.942147970199585,10.490500450134277,355,9.319899559020996,8.325499534606934,19048,13.326800346374512,1.7914600372314453,0.2787199914455414
1997,5,2,6,0,0.9402809739112854,10.43970012664795,355,9.395700454711914,8.65839958190918,17735,13.326800346374512,1.7321100234985352,0.275299996137619
1997,5,2,9,0,0.9375749826431274,10.400400161743164,355,9.451499938964844,8.837699890136719,16243,13.326800346374512,1.660599946975708,0.26954999566078186
1997,5,2,12,0,0.9330739974975586,10.31980037689209,355,9.406800270080566,8.848999977111816,14637,13.326800346374512,1.5830899477005005,0.2694000005722046
1997,5,2,15,0,0.9257280230522156,10.190600395202637,5,9.204299926757812,8.494500160217285,12854,12.114999771118164,1.494320034980774,0.2757599949836731
1997,5,2,18,0,0.8959519863128662,8.680000305175781,5,6.380499839782715,5.0879998207092285,11274,12.114999771118164,1.5281599760055542,0.42094001173973083
1997,5,2,21,0,0.8480290174484253,6.6331000328063965,25,5.257699966430664,4.562300205230713,14117,6.216100215911865,2.0112900733947754,0.46689000725746155
1997,5,3,0,0,0.8788120150566101,6.822400093078613,35,5.760499954223633,5.097300052642822,21618,7.5218000411987305,2.4576499462127686,0.3748300075531006
1997,5,3,3,0,0.9112039804458618,7.750100135803223,35,6.752799987792969,6.063600063323975,28466,9.101699829101562,2.6070399284362793,0.3198600113391876
1997,5,3,6,0,0.9030920267105103,8.205300331115723,35,7.318999767303467,6.702899932861328,20409,8.274100303649902,2.1364901065826416,0.2994999885559082
1997,5,3,9,0,0.8806719779968262,8.17710018157959,35,7.146999835968018,6.391900062561035,15453,8.274100303649902,1.8651200532913208,0.31891998648643494
1997,5,3,12,0,0.8636490106582642,8.115500450134277,35,6.95550012588501,6.131199836730957,13415,8.274100303649902,1.7460299730300903,0.3405900001525879
1997,5,3,15,0,0.8645790219306946,8.254899978637695,25,7.057400226593018,6.21750020980835,12931,7.5218000411987305,1.6971999406814575,0.3461099863052368
1997,5,3,18,0,0.8683980107307434,8.366299629211426,15,6.9984002113342285,6.050300121307373,13677,9.101699829101562,1.7295500040054321,0.35857999324798584
1997,5,3,21,0,0.8837829828262329,8.463000297546387,15,6.9405999183654785,5.917799949645996,15609,10.01200008392334,1.8320000171661377,0.36921000480651855
1997,5,4,0,0,0.8966879844665527,8.595100402832031,15,6.986499786376953,5.917300224304199,18611,10.01200008392334,1.9802700281143188,0.37154000997543335
1997,5,4,3,0,0.9027690291404724,8.621500015258789,15,6.932799816131592,5.844099998474121,22490,12.114999771118164,2.1724600791931152,0.38082998991012573
1997,5,4,6,0,0.9124400019645691,8.826399803161621,15,7.212699890136719,6.151899814605713,27509,12.114999771118164,2.3722898960113525,0.3701399862766266
1997,5,4,9,0,0.9269539713859558,9.418399810791016,15,7.941500186920166,6.8968000411987305,31167,12.114999771118164,2.434030055999756,0.3384400010108948
1997,5,4,12,0,0.9326239824295044,9.897100448608398,15,8.49120044708252,7.438799858093262,32274,12.114999771118164,2.407259941101074,0.31560999155044556
1997,5,4,15,0,0.933381974697113,10.201700210571289,15,8.96049976348877,8.019000053405762,31088,12.114999771118164,2.321160078048706,0.29295000433921814
1997,5,4,18,0,0.932096004486084,10.222700119018555,5,9.00570011138916,8.028300285339355,27943,12.114999771118164,2.1963798999786377,0.2850300073623657
1997,5,4,21,0,0.9277169704437256,9.876299858093262,5,8.408499717712402,7.218100070953369,24402,12.114999771118164,2.091049909591675,0.3070099949836731
1997,5,5,0,0,0.9265530109405518,9.709799766540527,5,8.408300399780273,7.402699947357178,21803,12.114999771118164,1.9960999488830566,0.3043299913406372
1997,5,5,3,0,0.926842987537384,9.667099952697754,5,8.474800109863281,7.546199798583984,20298,11.013500213623047,1.9305399656295776,0.2952499985694885
1997,5,5,6,0,0.9272800087928772,9.63539981842041,5,8.461799621582031,7.505300045013428,19598,11.013500213623047,1.8997900485992432,0.2898299992084503
1997,5,5,9,0,0.9272969961166382,9.554400444030762,5,8.36359977722168,7.377600193023682,19288,11.013500213623047,1.8931100368499756,0.2903600037097931
1997,5,5,12,0,0.9280229806900024,9.476099967956543,15,8.355799674987793,7.458499908447266,19222,11.013500213623047,1.8989100456237793,0.28843000531196594
1997,5,5,15,0,0.9292939901351929,9.479999542236328,15,8.45989990234375,7.661099910736084,19235,11.013500213623047,1.8991700410842896,0.28016000986099243
1997,5,5,18,0,0.929161012172699,9.33240032196045,15,8.055700302124023,6.9653000831604,19116,10.01200008392334,1.9092400074005127,0.2949199974536896
1997,5,5,21,0,0.9260579943656921,8.857099533081055,15,7.274400234222412,6.116600036621094,19407,10.01200008392334,1.9810899496078491,0.3400300145149231
1997,5,6,0,0,0.9245960116386414,8.709199905395508,15,7.176000118255615,6.09660005569458,19406,10.01200008392334,2.002229928970337,0.3488200008869171
1997,5,6,3,0,0.9235360026359558,8.825599670410156,15,7.324900150299072,6.249800205230713,18832,10.01200008392334,1.9586900472640991,0.34369000792503357
1997,5,6,6,0,0.9246609807014465,9.010100364685059,15,7.626800060272217,6.606599807739258,18710,10.01200008392334,1.931089997291565,0.3307099938392639
1997,5,6,9,0,0.9260069727897644,9.24020004272461,15,7.98199987411499,7.03849983215332,18755,10.01200008392334,1.9066200256347656,0.31556999683380127
1997,5,6,12,0,0.9256539940834045,9.519599914550781,15,8.448200225830078,7.7170000076293945,18328,10.01200008392334,1.8533799648284912,0.298880010843277
1997,5,6,15,0,0.9231460094451904,9.678000450134277,5,8.686800003051758,8.046199798583984,17791,10.01200008392334,1.8090399503707886,0.290039986371994
1997,5,6,18,0,0.9223650097846985,9.741100311279297,5,8.79010009765625,8.195099830627441,17162,11.013500213623047,1.7705800533294678,0.2865000069141388
1997,5,6,21,0,0.9205560088157654,9.762100219726562,5,8.824999809265137,8.240500450134277,16590,11.013500213623047,1.7388800382614136,0.285290002822876
1997,5,7,0,0,0.9175639748573303,9.708100318908691,5,8.68690013885498,7.923699855804443,15909,11.013500213623047,1.708240032196045,0.2883400022983551
1997,5,7,3,0,0.9138429760932922,9.536999702453613,5,8.304699897766113,7.319399833679199,14991,11.013500213623047,1.6751400232315063,0.30557000637054443
1997,5,7,6,0,0.9112460017204285,9.510299682617188,5,8.399200439453125,7.635200023651123,13869,10.01200008392334,1.615470051765442,0.3091900050640106
1997,5,7,9,0,0.9094870090484619,9.482799530029297,5,8.3996000289917,7.712500095367432,12762,10.01200008392334,1.5540800094604492,0.3159100115299225
1997,5,7,12,0,0.9071459770202637,9.496299743652344,5,8.427599906921387,7.781099796295166,11805,10.01200008392334,1.4950499534606934,0.32030999660491943
1997,5,7,15,0,0.9016320109367371,9.502400398254395,5,8.408599853515625,7.757299900054932,11006,10.01200008392334,1.4441699981689453,0.32624998688697815
1997,5,7,18,0,0.8922430276870728,9.441300392150879,5,8.274800300598145,7.573999881744385,10277,12.114999771118164,1.401479959487915,0.3367300033569336
1997,5,7,21,0,0.8794299960136414,9.12909984588623,5,7.430500030517578,6.2322998046875,9685,12.114999771118164,1.3861900568008423,0.3734099864959717
1997,5,8,0,0,0.8625419735908508,8.353300094604492,5,6.526899814605713,5.45359992980957,10120,12.114999771118164,1.4918500185012817,0.42809998989105225
1997,5,8,3,0,0.8569369912147522,8.673199653625488,355,6.999300003051758,5.959400177001953,9537,12.114999771118164,1.4210100173950195,0.40856000781059265
1997,5,8,6,0,0.8554549813270569,9.19729995727539,5,7.637199878692627,6.684899806976318,8276,12.114999771118164,1.2826900482177734,0.39298999309539795
1997,5,8,9,0,0.8572580218315125,9.423100471496582,5,7.85260009765625,6.910699844360352,7366,12.114999771118164,1.1949900388717651,0.39184999465942383
1997,5,8,12,0,0.8548679947853088,9.493599891662598,5,7.889900207519531,6.941199779510498,6586,17.73889923095703,1.1258800029754639,0.3951599895954132
1997,5,8,15,0,0.8483859896659851,9.546899795532227,5,7.883600234985352,6.909599781036377,5871,17.73889923095703,1.060289978981018,0.40053001046180725
1997,5,8,18,0,0.8434129953384399,9.705499649047852,15,7.961100101470947,6.943299770355225,5281,11.013500213623047,0.997439980506897,0.4043799936771393
1997,5,8,21,0,0.8409619927406311,9.872699737548828,15,7.7743000984191895,6.411499977111816,4897,16.125999450683594,0.9525200128555298,0.41260001063346863
1997,5,9,0,0,0.833266019821167,9.368499755859375,15,6.472499847412109,5.023799896240234,4812,16.125999450683594,0.9710299968719482,0.48135998845100403
1997,5,9,3,0,0.8272299766540527,8.81029987335205,15,5.939599990844727,4.718200206756592,4950,16.125999450683594,1.0183600187301636,0.5317299962043762
1997,5,9,6,0,0.8346289992332458,9.271100044250488,15,6.5756001472473145,5.319300174713135,4810,16.125999450683594,0.9763399958610535,0.49663999676704407
1997,5,9,9,0,0.8446329832077026,9.68220043182373,15,7.0503997802734375,5.706399917602539,4662,16.125999450683594,0.9370800256729126,0.46175000071525574
1997,5,9,12,0,0.8562890291213989,10.047200202941895,15,7.567299842834473,6.125100135803223,4734,16.125999450683594,0.9232400059700012,0.4203999936580658
1997,5,9,15,0,0.8678690195083618,10.368000030517578,15,8.180999755859375,6.69290018081665,5142,16.125999450683594,0.9438899755477905,0.37599000334739685
1997,5,9,18,0,0.877036988735199,10.43529987335205,15,8.385299682617188,6.808899879455566,5877,16.125999450683594,1.0039000511169434,0.35100001096725464
1997,5,9,21,0,0.866349995136261,9.172100067138672,5,6.513000011444092,5.086699962615967,7123,14.659700393676758,1.1834399700164795,0.4424999952316284
1997,5,10,0,0,0.8614739775657654,8.208000183105469,5,6.188700199127197,5.122099876403809,9241,12.114999771118164,1.4380600452423096,0.45949000120162964
1997,5,10,3,0,0.8602510094642639,8.54170036315918,5,6.569699764251709,5.429500102996826,9068,12.114999771118164,1.3917299509048462,0.42805999517440796
1997,5,10,6,0,0.8630229830741882,8.95580005645752,5,7.099599838256836,5.927800178527832,8244,12.114999771118164,1.2906999588012695,0.39487001299858093
1997,5,10,9,0,0.8653920292854309,9.284799575805664,5,7.677000045776367,6.5792999267578125,7488,11.013500213623047,1.2045400142669678,0.359499990940094
1997,5,10,12,0,0.8689680099487305,9.472000122070312,5,8.051199913024902,7.024700164794922,6828,11.013500213623047,1.1364200115203857,0.33337000012397766
1997,5,10,15,0,0.8674209713935852,9.46030044555664,5,8.048100471496582,6.986700057983398,6253,11.013500213623047,1.0876100063323975,0.327210009098053
1997,5,10,18,0,0.8498759865760803,9.104299545288086,5,7.43209981918335,6.2154998779296875,5818,11.013500213623047,1.0719799995422363,0.3539699912071228
1997,5,10,21,0,0.8300790190696716,8.981900215148926,5,7.200900077819824,5.930200099945068,5462,11.013500213623047,1.0473999977111816,0.36579999327659607
1997,5,11,0,0,0.814786970615387,8.547100067138672,355,6.5019001960754395,5.26230001449585,5287,10.01200008392334,1.0600999593734741,0.41273000836372375
1997,5,11,3,0,0.8050100207328796,8.580300331115723,355,6.701000213623047,5.535999774932861,5146,10.01200008392334,1.0457899570465088,0.4085899889469147
1997,5,11,6,0,0.798812985420227,8.888299942016602,5,7.293000221252441,6.262400150299072,4821,10.01200008392334,0.993939995765686,0.3834100067615509
1997,5,11,9,0,0.7986999750137329,9.061599731445312,5,7.569499969482422,6.615200042724609,4308,10.01200008392334,0.9301499724388123,0.3745200037956238
1997,5,11,12,0,0.8005340099334717,9.119099617004395,5,7.666999816894531,6.753799915313721,3819,13.326800346374512,0.8730199933052063,0.37220999598503113
1997,5,11,15,0,0.8031960129737854,9.10569953918457,5,7.685800075531006,6.805600166320801,3475,13.326800346374512,0.8334100246429443,0.37081998586654663
1997,5,11,18,0,0.8073329925537109,9.096500396728516,5,7.692699909210205,6.8354997634887695,3253,13.326800346374512,0.8069199919700623,0.37160998582839966
1997,5,11,21,0,0.8146820068359375,9.169400215148926,5,7.719099998474121,6.807400226593018,3167,13.326800346374512,0.7931399941444397,0.37448999285697937
1997,5,12,0,0,0.8169350028038025,7.734799861907959,15,4.980800151824951,3.8777999877929688,3451,13.326800346374512,0.9070500135421753,0.5292699933052063
1997,5,12,3,0,0.8434380292892456,8.604599952697754,15,6.236199855804443,4.989799976348877,3678,10.01200008392334,0.884630024433136,0.4632599949836731
1997,5,12,6,0,0.862483024597168,9.061100006103516,15,6.609000205993652,5.194799900054932,4162,10.01200008392334,0.9147499799728394,0.4385699927806854
1997,5,12,9,0,0.8808709979057312,9.218600273132324,15,6.64870023727417,5.189300060272217,5030,12.114999771118164,0.9944000244140625,0.4351699948310852
1997,5,12,12,0,0.9007750153541565,9.779500007629395,15,7.525300025939941,6.037099838256836,6052,12.114999771118164,1.0546000003814697,0.3898400068283081
1997,5,12,15,0,0.9129559993743896,10.341899871826172,15,8.375300407409668,6.816500186920166,7015,12.114999771118164,1.1002800464630127,0.342849999666214
1997,5,12,18,0,0.9197930097579956,10.73390007019043,15,9.101099967956543,7.701300144195557,7827,12.114999771118164,1.1387499570846558,0.3136500120162964
1997,5,12,21,0,0.9225590229034424,10.89490032196045,15,9.225199699401855,7.67549991607666,8393,12.114999771118164,1.1699700355529785,0.30629000067710876
1997,5,13,0,0,0.9222239851951599,10.937600135803223,15,9.249500274658203,7.757400035858154,8653,12.114999771118164,1.1856800317764282,0.31060001254081726
1997,5,13,3,0,0.9197080135345459,10.98840045928955,15,9.413299560546875,8.066800117492676,8592,11.013500213623047,1.178570032119751,0.30744001269340515
1997,5,13,6,0,0.91628098487854,10.97249984741211,15,9.494099617004395,8.26509952545166,8345,11.013500213623047,1.1621700525283813,0.3043999969959259
1997,5,13,9,0,0.9131919741630554,10.868399620056152,15,9.481499671936035,8.369000434875488,8004,11.013500213623047,1.1434199810028076,0.30223000049591064
1997,5,13,12,0,0.9099910259246826,10.719599723815918,15,9.414999961853027,8.40060043334961,7669,11.013500213623047,1.1271699666976929,0.30103999376296997
1997,5,13,15,0,0.9061790108680725,10.582500457763672,15,9.347100257873535,8.417699813842773,7392,12.114999771118164,1.1146299839019775,0.30138999223709106
1997,5,13,18,0,0.9023579955101013,10.48390007019043,15,9.306300163269043,8.456899642944336,7256,12.114999771118164,1.1107100248336792,0.3028799891471863
1997,5,13,21,0,0.8999050259590149,10.376700401306152,15,9.270400047302246,8.510700225830078,7452,11.013500213623047,1.1325700283050537,0.3030700087547302
1997,5,14,0,0,0.9059529900550842,10.141500473022461,25,9.079299926757812,8.385499954223633,7999,11.013500213623047,1.1887999773025513,0.3075299859046936
1997,5,14,3,0,0.9097049832344055,9.763799667358398,25,8.72130012512207,8.100299835205078,8581,10.01200008392334,1.258739948272705,0.3199799954891205
1997,5,14,6,0,0.9082589745521545,9.012100219726562,25,7.224699974060059,5.873799800872803,8864,9.101699829101562,1.338379979133606,0.3718099892139435
1997,5,14,9,0,0.9048669934272766,8.317700386047363,25,6.626999855041504,5.5970001220703125,9114,9.101699829101562,1.420680046081543,0.4154900014400482
1997,5,14,12,0,0.9057850241661072,8.201399803161621,35,6.736700057983398,5.848299980163574,9081,9.101699829101562,1.431980013847351,0.4060100018978119
1997,5,14,15,0,0.9097880125045776,8.260899543762207,35,6.940800189971924,6.129300117492676,9243,8.274100303649902,1.4404799938201904,0.3909499943256378
1997,5,14,18,0,0.9181730151176453,8.558799743652344,35,7.090400218963623,6.141300201416016,10462,8.274100303649902,1.5007699728012085,0.38988998532295227
1997,5,14,21,0,0.9327110052108765,8.935500144958496,35,6.965099811553955,5.740799903869629,16668,12.114999771118164,1.837649941444397,0.40242999792099
1997,5,15,0,0,0.9448680281639099,9.37090015411377,25,7.515600204467773,6.273399829864502,25490,12.114999771118164,2.206160068511963,0.3689900040626526
1997,5,15,3,0,0.9511629939079285,9.85200023651123,25,8.515800476074219,7.552499771118164,28427,12.114999771118164,2.264280080795288,0.313400000333786
1997,5,15,6,0,0.9502090215682983,9.906499862670898,25,8.854000091552734,8.136199951171875,26921,11.013500213623047,2.1950299739837646,0.2870199978351593
1997,5,15,9,0,0.9458109736442566,9.764599800109863,25,8.844200134277344,8.247699737548828,23820,11.013500213623047,2.080389976501465,0.2763800024986267
1997,5,15,12,0,0.941195011138916,9.589099884033203,35,8.724800109863281,8.180000305175781,20342,11.013500213623047,1.942370057106018,0.27448999881744385
1997,5,15,15,0,0.9374840259552002,9.444899559020996,35,8.594099998474121,8.069499969482422,17273,11.013500213623047,1.8067799806594849,0.27893000841140747
1997,5,15,18,0,0.9335790276527405,9.349599838256836,35,8.492799758911133,7.975299835205078,14953,10.01200008392334,1.6927000284194946,0.2856999933719635
1997,5,15,21,0,0.9285079836845398,9.295299530029297,35,8.425600051879883,7.909200191497803,13405,10.01200008392334,1.609570026397705,0.2916400134563446
1997,5,16,0,0,0.9211779832839966,9.26360034942627,35,8.371800422668457,7.849599838256836,12312,10.01200008392334,1.5467300415039062,0.2977699935436249
1997,5,16,3,0,0.9133650064468384,9.21780014038086,25,8.29990005493164,7.768899917602539,11331,9.101699829101562,1.4889099597930908,0.3042899966239929
1997,5,16,6,0,0.904325008392334,9.137900352478027,25,8.19629955291748,7.658299922943115,10329,9.101699829101562,1.4294899702072144,0.31119999289512634
1997,5,16,9,0,0.8941230177879333,9.047699928283691,25,8.087900161743164,7.546899795532227,9417,9.101699829101562,1.3733899593353271,0.3175399899482727
1997,5,16,12,0,0.8841210007667542,8.979599952697754,25,8.005399703979492,7.462299823760986,8677,9.101699829101562,1.3246300220489502,0.32260000705718994
1997,5,16,15,0,0.8756060004234314,8.942700386047363,25,7.955100059509277,7.409299850463867,8092,9.101699829101562,1.2826999425888062,0.3266099989414215
1997,5,16,18,0,0.8686720132827759,8.91189956665039,25,7.911900043487549,7.365200042724609,7553,8.274100303649902,1.2422200441360474,0.3306500017642975
1997,5,16,21,0,0.8631759881973267,8.862700462341309,25,7.853099822998047,7.308700084686279,6997,8.274100303649902,1.2000000476837158,0.334960013628006
1997,5,17,0,0,0.8584089875221252,8.789600372314453,25,7.758999824523926,7.202499866485596,6450,8.274100303649902,1.1580599546432495,0.3405100107192993
1997,5,17,3,0,0.8462799787521362,8.439200401306152,25,7.155900001525879,6.39139986038208,6074,8.274100303649902,1.1495599746704102,0.3723599910736084
1997,5,17,6,0,0.8280889987945557,8.303099632263184,25,7.051499843597412,6.350299835205078,5741,7.5218000411987305,1.1288100481033325,0.38095998764038086
1997,5,17,9,0,0.8128259778022766,8.300299644470215,25,7.088699817657471,6.428400039672852,5408,7.5218000411987305,1.0967799425125122,0.3818199932575226
1997,5,17,12,0,0.8092089891433716,8.42959976196289,25,7.219699859619141,6.563300132751465,4985,7.5218000411987305,1.0442099571228027,0.3799299895763397
1997,5,17,15,0,0.8131309747695923,8.584400177001953,25,7.336400032043457,6.65500020980835,4568,7.5218000411987305,0.9891600012779236,0.38012999296188354
1997,5,17,18,0,0.7930960059165955,8.351799964904785,15,6.819799900054932,5.900899887084961,4361,12.114999771118164,0.9811099767684937,0.40744999051094055
1997,5,17,21,0,0.7527130246162415,7.637499809265137,15,5.760300159454346,4.7692999839782715,4461,12.114999771118164,1.0422799587249756,0.4652099907398224
1997,5,18,0,0,0.7372000217437744,7.08620023727417,355,5.3119001388549805,4.4390997886657715,4965,12.114999771118164,1.1469000577926636,0.4865500032901764
1997,5,18,3,0,0.7387809753417969,7.653900146484375,355,5.9182000160217285,4.947700023651123,4643,12.114999771118164,1.0621600151062012,0.44369998574256897
1997,5,18,6,0,0.7380130290985107,8.366999626159668,5,6.70550012588501,5.69290018081665,4037,12.114999771118164,0.9417300224304199,0.41091999411582947
1997,5,18,9,0,0.7432780265808105,8.777000427246094,5,7.192999839782715,6.200699806213379,3939,11.013500213623047,0.906499981880188,0.39680999517440796
1997,5,18,12,0,0.7526919841766357,9.102100372314453,5,7.580599784851074,6.600500106811523,4126,11.013500213623047,0.9106299877166748,0.38798999786376953
1997,5,18,15,0,0.7667080163955688,9.392900466918945,5,7.747700214385986,6.71619987487793,4458,11.013500213623047,0.9339200258255005,0.4059399962425232
1997,5,18,18,0,0.7776650190353394,9.563400268554688,5,7.582499980926514,6.354899883270264,4738,19.513200759887695,0.9578999876976013,0.4360400140285492
1997,5,18,21,0,0.7875739932060242,9.006400108337402,5,6.286399841308594,4.973400115966797,5258,17.73889923095703,1.0453200340270996,0.5173699855804443
1997,5,19,0,0,0.7994310259819031,8.50529956817627,355,5.943299770355225,4.805500030517578,5955,17.73889923095703,1.1491400003433228,0.547510027885437
1997,5,19,3,0,0.8122280240058899,8.913200378417969,355,6.47160005569458,5.293300151824951,6360,16.125999450683594,1.1570199728012085,0.512969970703125
1997,5,19,6,0,0.8117030262947083,9.613800048828125,355,7.262499809265137,6.050000190734863,6231,16.125999450683594,1.0979199409484863,0.47255998849868774
1997,5,19,9,0,0.8090670108795166,10.065999984741211,5,7.742000102996826,6.467199802398682,5950,16.125999450683594,1.044010043144226,0.442440003156662
1997,5,19,12,0,0.8096539974212646,10.416000366210938,5,8.123200416564941,6.78980016708374,5945,14.659700393676758,1.0219899415969849,0.4170899987220764
1997,5,19,15,0,0.8074020147323608,10.399800300598145,5,8.035200119018555,6.632999897003174,5986,14.659700393676758,1.024359941482544,0.414249986410141
1997,5,19,18,0,0.8084509968757629,9.859000205993652,5,7.29449987411499,5.8592000007629395,6424,14.659700393676758,1.090749979019165,0.4421899914741516
1997,5,19,21,0,0.8044229745864868,8.905699729919434,5,6.099999904632568,4.820300102233887,7064,13.326800346374512,1.2070900201797485,0.5059000253677368
1997,5,20,0,0,0.7970209717750549,8.601300239562988,5,5.969099998474121,4.79010009765625,7111,13.326800346374512,1.2342000007629395,0.5159000158309937
1997,5,20,3,0,0.7982699871063232,8.968700408935547,5,6.44189977645874,5.202099800109863,6882,13.326800346374512,1.186020016670227,0.48399999737739563
1997,5,20,6,0,0.8007749915122986,9.561699867248535,5,7.278299808502197,5.999100208282471,6792,13.326800346374512,1.1369199752807617,0.4343999922275543
1997,5,20,9,0,0.7961519956588745,9.815600395202637,5,7.772299766540527,6.546000003814697,6497,13.326800346374512,1.0953799486160278,0.40470001101493835
1997,5,20,12,0,0.7856850028038025,9.79990005493164,5,7.871600151062012,6.663899898529053,6005,12.114999771118164,1.0528899431228638,0.39223000407218933
1997,5,20,15,0,0.7814220190048218,9.793399810791016,5,7.942800045013428,6.767300128936768,5736,12.114999771118164,1.0277700424194336,0.3827199935913086
1997,5,20,18,0,0.7836580276489258,9.954700469970703,5,8.212699890136719,7.070799827575684,5659,12.114999771118164,1.010640025138855,0.36614999175071716
1997,5,20,21,0,0.7816169857978821,9.59589958190918,5,7.153600215911865,5.55210018157959,5705,12.114999771118164,1.0348600149154663,0.398250013589859
1997,5,21,0,0,0.7750959992408752,9.019700050354004,5,6.398799896240234,5.014200210571289,5801,11.013500213623047,1.0798399448394775,0.4535900056362152
1997,5,21,3,0,0.7719069719314575,9.549099922180176,5,7.262800216674805,5.84660005569458,5694,11.013500213623047,1.0387099981307983,0.41284000873565674
1997,5,21,6,0,0.7707059979438782,10.003899574279785,5,8.133000373840332,6.870800018310547,5722,11.013500213623047,1.016160011291504,0.37731000781059265
1997,5,21,9,0,0.7701290249824524,10.207099914550781,15,8.565199851989746,7.5100998878479,5685,11.013500213623047,1.0026700496673584,0.36469998955726624
1997,5,21,12,0,0.7690770030021667,10.297699928283691,15,8.711099624633789,7.76200008392334,5459,16.125999450683594,0.9788600206375122,0.36566001176834106
1997,5,21,15,0,0.767952024936676,10.363800048828125,15,8.731300354003906,7.7972002029418945,5158,16.125999450683594,0.9497600197792053,0.37334999442100525
1997,5,21,18,0,0.7719579935073853,10.496000289916992,15,8.772299766540527,7.799099922180176,4998,16.125999450683594,0.9302999973297119,0.3807600140571594
1997,5,21,21,0,0.7830619812011719,10.50059986114502,15,8.161700248718262,6.530099868774414,5107,16.125999450683594,0.941510021686554,0.3971099853515625
1997,5,22,0,0,0.798812985420227,10.38290023803711,15,7.502200126647949,5.786399841308594,5546,16.125999450683594,0.987559974193573,0.42985999584198
1997,5,22,3,0,0.812263011932373,10.913299560546875,15,8.358599662780762,6.685100078582764,5879,14.659700393676758,0.9902399778366089,0.39768001437187195
1997,5,22,6,0,0.8252840042114258,11.362500190734863,15,9.126399993896484,7.564799785614014,6244,14.659700393676758,0.998199999332428,0.36618998646736145
1997,5,22,9,0,0.838018000125885,11.708700180053711,15,9.673600196838379,8.225099563598633,6703,14.659700393676758,1.0173799991607666,0.3441399931907654
1997,5,22,12,0,0.8437920212745667,11.817099571228027,15,9.915499687194824,8.582500457763672,6857,14.659700393676758,1.0228400230407715,0.3328399956226349
1997,5,22,15,0,0.8486229777336121,11.850899696350098,15,10.050299644470215,8.777899742126465,7060,14.659700393676758,1.0343199968338013,0.3222599923610687
1997,5,22,18,0,0.8535040020942688,11.897700309753418,15,10.167799949645996,8.91919994354248,7322,14.659700393676758,1.049780011177063,0.31349998712539673
1997,5,22,21,0,0.8521860241889954,11.799699783325195,15,10.087300300598145,8.831399917602539,7079,13.326800346374512,1.035770058631897,0.31446999311447144
1997,5,23,0,0,0.8505169749259949,11.694600105285645,15,10.017999649047852,8.787599563598633,6805,13.326800346374512,1.0194000005722046,0.315310001373291
1997,5,23,3,0,0.8512589931488037,11.68970012664795,15,10.035400390625,8.816200256347656,6688,13.326800346374512,1.0105600357055664,0.3149999976158142
1997,5,23,6,0,0.8494859933853149,11.709400177001953,15,10.025199890136719,8.81089973449707,6368,13.326800346374512,0.9866499900817871,0.3228900134563446
1997,5,23,9,0,0.8482630252838135,11.803400039672852,15,10.04419994354248,8.805899620056152,6082,12.114999771118164,0.96315997838974,0.33522000908851624
1997,5,23,12,0,0.8490679860115051,11.968600273132324,15,10.099599838256836,8.803000450134277,6007,12.114999771118164,0.953540027141571,0.34624001383781433
1997,5,23,15,0,0.8489360213279724,12.065299987792969,15,9.999699592590332,8.590999603271484,5962,12.114999771118164,0.9494199752807617,0.3616900146007538
1997,5,23,18,0,0.8540530204772949,11.425999641418457,25,8.751999855041504,7.23330020904541,5977,12.114999771118164,0.9822499752044678,0.42715001106262207
1997,5,23,21,0,0.8684120178222656,9.861000061035156,25,6.7947998046875,5.3850998878479,6462,11.013500213623047,1.1087100505828857,0.5275400280952454
1997,5,24,0,0,0.8745219707489014,8.789799690246582,25,5.75029993057251,4.6194000244140625,6990,19.513200759887695,1.2278499603271484,0.6028199791908264
1997,5,24,3,0,0.8733260035514832,9.638099670410156,25,6.529699802398682,5.267899990081787,6873,19.513200759887695,1.1609300374984741,0.5606300234794617
1997,5,24,6,0,0.8750050067901611,10.461899757385254,35,7.214000225067139,5.791500091552734,6855,19.513200759887695,1.1124399900436401,0.52538001537323
1997,5,24,9,0,0.8759599924087524,10.591699600219727,35,7.3968000411987305,6.025300025939941,7174,19.513200759887695,1.133620023727417,0.5255900025367737
1997,5,24,12,0,0.8639150261878967,10.215299606323242,35,7.296000003814697,6.110799789428711,7790,17.73889923095703,1.2065900564193726,0.5402899980545044
1997,5,24,15,0,0.862496018409729,10.28969955444336,35,7.38670015335083,6.2058000564575195,7831,17.73889923095703,1.2058700323104858,0.5362600088119507
1997,5,24,18,0,0.8725770115852356,10.62559986114502,35,7.593900203704834,6.315400123596191,7522,17.73889923095703,1.161180019378662,0.5213900208473206
1997,5,24,21,0,0.8824700117111206,10.814200401306152,35,7.388199806213379,5.807400226593018,7348,17.73889923095703,1.1355799436569214,0.5125399827957153
1997,5,25,0,0,0.8908759951591492,10.956999778747559,35,7.260700225830078,5.586299896240234,7461,17.73889923095703,1.1350200176239014,0.5095000267028809
1997,5,25,3,0,0.8955140113830566,10.975600242614746,35,7.094200134277344,5.417600154876709,7847,17.73889923095703,1.1627700328826904,0.5160099864006042
1997,5,25,6,0,0.9025409817695618,11.503299713134766,35,7.816299915313721,6.099699974060059,8182,17.73889923095703,1.1593199968338013,0.4859499931335449
1997,5,25,9,0,0.9008939862251282,11.701399803161621,35,8.179900169372559,6.480800151824951,8441,17.73889923095703,1.1679600477218628,0.47251999378204346
1997,5,25,12,0,0.8952789902687073,11.62339973449707,35,8.256099700927734,6.639400005340576,8402,17.73889923095703,1.1691900491714478,0.47209998965263367
1997,5,25,15,0,0.8942300081253052,11.51550006866455,35,8.223299980163574,6.651000022888184,7968,16.125999450683594,1.1424800157546997,0.47165000438690186
1997,5,25,18,0,0.8971880078315735,11.486800193786621,35,8.23840045928955,6.656899929046631,7455,16.125999450683594,1.1036399602890015,0.4637700021266937
1997,5,25,21,0,0.9023770093917847,11.53950023651123,35,8.155400276184082,6.387800216674805,7214,16.125999450683594,1.0803699493408203,0.4518499970436096
1997,5,26,0,0,0.8989440202713013,11.068900108337402,35,7.144100189208984,5.376999855041504,7466,16.125999450683594,1.1215900182724,0.48903998732566833
1997,5,26,3,0,0.8916810154914856,10.82800006866455,35,7.011199951171875,5.402200222015381,8026,16.125999450683594,1.176300048828125,0.5079799890518188
1997,5,26,6,0,0.9002789855003357,11.500200271606445,35,7.826700210571289,6.081500053405762,8155,16.125999450683594,1.148900032043457,0.46483999490737915
1997,5,26,9,0,0.9115229845046997,12.104499816894531,45,8.514699935913086,6.575900077819824,7856,16.125999450683594,1.097100019454956,0.42410001158714294
1997,5,26,12,0,0.9197189807891846,12.424699783325195,45,9.015600204467773,6.970900058746338,7290,16.125999450683594,1.0407999753952026,0.39465999603271484
1997,5,26,15,0,0.9227399826049805,12.399999618530273,45,8.999699592590332,6.75600004196167,6723,16.125999450683594,0.9977700114250183,0.3783699870109558
1997,5,26,18,0,0.9223870038986206,11.253600120544434,45,7.285200119018555,5.323299884796143,6593,16.125999450683594,1.0353200435638428,0.4455699920654297
1997,5,26,21,0,0.9246919751167297,9.171600341796875,35,6.1178998947143555,4.854899883270264,8012,16.125999450683594,1.2700400352478027,0.5348899960517883
1997,5,27,0,0,0.9351469874382019,8.379500389099121,35,6.486700057983398,5.480000019073486,13456,16.125999450683594,1.7284499406814575,0.4637700021266937
1997,5,27,3,0,0.9404019713401794,8.267499923706055,35,6.518899917602539,5.533199787139893,17839,16.125999450683594,1.9982600212097168,0.4377500116825104
1997,5,27,6,0,0.9453880190849304,8.691200256347656,35,7.0208001136779785,6.013800144195557,18929,16.125999450683594,1.9977600574493408,0.4066399931907654
1997,5,27,9,0,0.9462130069732666,9.019399642944336,35,7.303599834442139,6.214099884033203,18155,11.013500213623047,1.9127999544143677,0.39072999358177185
1997,5,27,12,0,0.9446079730987549,9.137999534606934,35,7.382800102233887,6.2332000732421875,16919,11.013500213623047,1.830649971961975,0.38288000226020813
1997,5,27,15,0,0.9420449733734131,9.007200241088867,35,7.247399806976318,6.101200103759766,15883,10.01200008392334,1.7868200540542603,0.38471999764442444
1997,5,27,18,0,0.9399960041046143,8.86400032043457,35,7.170000076293945,6.069799900054932,14913,10.01200008392334,1.7467199563980103,0.3834100067615509
1997,5,27,21,0,0.9395210146903992,8.833999633789062,35,7.248499870300293,6.207900047302246,13918,10.01200008392334,1.6909300088882446,0.37549999356269836
1997,5,28,0,0,0.9398350119590759,8.87559986114502,35,7.355800151824951,6.3607001304626465,12938,14.659700393676758,1.6259599924087524,0.3696399927139282
1997,5,28,3,0,0.94063800573349,8.968700408935547,35,7.533899784088135,6.610599994659424,12112,14.659700393676758,1.5642600059509277,0.3625999987125397
1997,5,28,6,0,0.9412680268287659,8.988100051879883,35,7.530399799346924,6.564000129699707,11448,14.659700393676758,1.5192899703979492,0.36215999722480774
1997,5,28,9,0,0.9409109950065613,8.798800468444824,35,7.193299770355225,6.1280999183654785,11004,14.659700393676758,1.5077099800109863,0.37775999307632446
1997,5,28,12,0,0.9395710229873657,8.561800003051758,35,6.883900165557861,5.82450008392334,10540,14.659700393676758,1.4988000392913818,0.39504000544548035
1997,5,28,15,0,0.9384869933128357,8.530099868774414,35,6.898600101470947,5.875999927520752,9717,14.659700393676758,1.4429099559783936,0.3956800103187561
1997,5,28,18,0,0.9363729953765869,8.44320011138916,35,6.713799953460693,5.651199817657471,8803,14.659700393676758,1.3815799951553345,0.40751001238822937
1997,5,28,21,0,0.9315090179443359,7.815999984741211,35,5.89900016784668,4.894999980926514,8401,14.659700393676758,1.4092299938201904,0.4611400067806244
1997,5,29,0,0,0.9279099702835083,7.528800010681152,35,5.782800197601318,4.889800071716309,8297,9.101699829101562,1.4330699443817139,0.4697900116443634
1997,5,29,3,0,0.9266120195388794,7.740699768066406,35,6.117700099945068,5.235099792480469,7886,13.326800346374512,1.3776700496673584,0.4473299980163574
1997,5,29,6,0,0.923321008682251,7.888299942016602,35,6.2540998458862305,5.33489990234375,7480,13.326800346374512,1.328220009803772,0.4392099976539612
1997,5,29,9,0,0.9201779961585999,8.084699630737305,35,6.409999847412109,5.4355998039245605,7159,13.326800346374512,1.2823599576950073,0.43355000019073486
1997,5,29,12,0,0.9184920191764832,8.334400177001953,35,6.639900207519531,5.643099784851074,6990,13.326800346374512,1.2464100122451782,0.4295699894428253
1997,5,29,15,0,0.9167979955673218,8.691100120544434,35,7.079400062561035,6.1483001708984375,6943,13.326800346374512,1.2140300273895264,0.417820006608963
1997,5,29,18,0,0.9134650230407715,8.99020004272461,35,7.4054999351501465,6.490200042724609,7042,13.326800346374512,1.1996500492095947,0.407370001077652
1997,5,29,21,0,0.9108120203018188,9.235699653625488,25,7.6859002113342285,6.788300037384033,7303,13.326800346374512,1.2027499675750732,0.39684000611305237
1997,5,30,0,0,0.9102200269699097,9.422200202941895,25,7.909299850463867,7.021200180053711,7677,13.326800346374512,1.2189199924468994,0.3877600133419037
1997,5,30,3,0,0.9085649847984314,9.562399864196777,25,8.108200073242188,7.273900032043457,8049,11.013500213623047,1.2375400066375732,0.38082000613212585
1997,5,30,6,0,0.9056559801101685,9.617600440979004,25,8.116499900817871,7.176599979400635,8256,11.013500213623047,1.2493300437927246,0.3788999915122986
1997,5,30,9,0,0.9021639823913574,9.608799934387207,25,8.02810001373291,7.009900093078613,8210,11.013500213623047,1.2467000484466553,0.3834399878978729
1997,5,30,12,0,0.8969590067863464,9.110400199890137,25,6.959199905395508,5.635700225830078,8059,10.01200008392334,1.2724299430847168,0.43230998516082764
1997,5,30,15,0,0.9007499814033508,8.321999549865723,25,6.457600116729736,5.454699993133545,8938,10.01200008392334,1.4148000478744507,0.4708000123500824
1997,5,30,18,0,0.9017630219459534,7.6255998611450195,25,5.874800205230713,4.982800006866455,10743,7.5218000411987305,1.6331900358200073,0.49636000394821167
1997,5,30,21,0,0.8970800042152405,7.175899982452393,35,5.6504998207092285,4.882599830627441,13092,7.5218000411987305,1.869879961013794,0.4985499978065491
1997,5,31,0,0,0.9037500023841858,7.404799938201904,35,5.899799823760986,5.116099834442139,12890,7.5218000411987305,1.8261300325393677,0.4876199960708618
1997,5,31,3,0,0.9023870229721069,7.564700126647949,35,5.933499813079834,5.11269998550415,11633,7.5218000411987305,1.7160300016403198,0.5040799975395203
1997,5,31,6,0,0.8954700231552124,7.416800022125244,35,5.688199996948242,4.870299816131592,11722,6.837800025939941,1.742609977722168,0.5306100249290466
1997,5,31,9,0,0.9013149738311768,7.684100151062012,35,5.932300090789795,5.093200206756592,12579,6.837800025939941,1.7719999551773071,0.5239199995994568
1997,5,31,12,0,0.9023200273513794,7.863999843597412,35,5.929800033569336,5.032299995422363,13971,6.837800025939941,1.8417799472808838,0.5351799726486206
1997,5,31,15,0,0.9050620198249817,7.958000183105469,35,6.128699779510498,5.256899833679199,17810,6.837800025939941,2.061069965362549,0.5130500197410583
1997,5,31,18,0,0.9066759943962097,8.812399864196777,35,6.934000015258789,5.965099811553955,18764,13.326800346374512,1.9912199974060059,0.4654900133609772
1997,5,31,21,0,0.9037389755249023,9.059100151062012,35,7.023900032043457,5.88129997253418,20689,12.114999771118164,2.0497000217437744,0.44547998905181885
1997,6,1,0,0,0.9017069935798645,9.180000305175781,35,7.138700008392334,5.9532999992370605,22427,12.114999771118164,2.1126298904418945,0.4312799870967865
1997,6,1,3,0,0.9063760042190552,9.550000190734863,25,7.665800094604492,6.502600193023682,22373,12.114999771118164,2.0624899864196777,0.4030900001525879
1997,6,1,6,0,0.911641001701355,9.865699768066406,25,8.208900451660156,7.176700115203857,21203,11.013500213623047,1.9727100133895874,0.37996000051498413
1997,6,1,9,0,0.9113060235977173,9.932600021362305,25,8.451800346374512,7.59630012512207,19950,11.013500213623047,1.9084399938583374,0.37189000844955444
1997,6,1,12,0,0.90802001953125,9.894700050354004,25,8.501500129699707,7.753900051116943,18866,10.01200008392334,1.862220048904419,0.37174999713897705
1997,6,1,15,0,0.9035069942474365,9.867300033569336,25,8.500499725341797,7.793300151824951,17860,10.01200008392334,1.8167400360107422,0.37382999062538147
1997,6,1,18,0,0.899088978767395,9.879500389099121,25,8.51930046081543,7.827499866485596,17208,16.125999450683594,1.7837300300598145,0.3752799928188324
1997,6,1,21,0,0.8951129913330078,9.932000160217285,25,8.545000076293945,7.812699794769287,16890,16.125999450683594,1.7633099555969238,0.37623000144958496
1997,6,2,0,0,0.890949010848999,9.984999656677246,25,8.520299911499023,7.639999866485596,16904,16.125999450683594,1.7592500448226929,0.3759700059890747
1997,6,2,3,0,0.8857010006904602,10.052000045776367,25,8.630200386047363,7.782299995422363,17338,9.101699829101562,1.7738499641418457,0.3689900040626526
1997,6,2,6,0,0.8801289796829224,10.123100280761719,25,8.829700469970703,8.137299537658691,17940,9.101699829101562,1.794600009918213,0.3562600016593933
1997,6,2,9,0,0.8751609921455383,10.166899681091309,15,8.942899703979492,8.2923002243042,18462,10.01200008392334,1.8125499486923218,0.3434000015258789
1997,6,2,12,0,0.871740996837616,10.197400093078613,15,9.021699905395508,8.388099670410156,18672,10.01200008392334,1.8167200088500977,0.33256998658180237
1997,6,2,15,0,0.8673549890518188,10.22350025177002,15,9.068900108337402,8.44159984588623,18384,14.659700393676758,1.7986500263214111,0.32697001099586487
1997,6,2,18,0,0.8634120225906372,10.251299858093262,15,9.090800285339355,8.462300300598145,17697,14.659700393676758,1.7624200582504272,0.32705000042915344
1997,6,2,21,0,0.8604390025138855,10.235400199890137,15,8.954400062561035,8.150799751281738,16799,14.659700393676758,1.7200100421905518,0.33500999212265015
1997,6,3,0,0,0.8580139875411987,10.0246000289917,25,8.255900382995605,6.956900119781494,15873,14.659700393676758,1.6928000450134277,0.36476001143455505
1997,6,3,3,0,0.8557299971580505,9.055399894714355,25,6.709799766540527,5.4243998527526855,15363,14.659700393676758,1.7626299858093262,0.4535300135612488
1997,6,3,6,0,0.8564040064811707,7.985599994659424,25,6.117599964141846,5.165200233459473,17828,16.125999450683594,2.0439701080322266,0.4810299873352051
1997,6,3,9,0,0.8761190176010132,8.09939956665039,25,6.447700023651123,5.509099960327148,18855,8.274100303649902,2.0856499671936035,0.44227999448776245
1997,6,3,12,0,0.8888540267944336,8.319100379943848,35,6.7515997886657715,5.831900119781494,17214,8.274100303649902,1.963320016860962,0.42497000098228455
1997,6,3,15,0,0.8855479955673218,7.9390997886657715,35,6.305300235748291,5.393899917602539,17127,8.274100303649902,2.0099799633026123,0.4466499984264374
1997,6,3,18,0,0.8824219703674316,8.006600379943848,35,6.415900230407715,5.527699947357178,16606,8.274100303649902,1.9700499773025513,0.44168001413345337
1997,6,3,21,0,0.878974974155426,8.332300186157227,35,6.707399845123291,5.779399871826172,15919,8.274100303649902,1.8841700553894043,0.4306100010871887
1997,6,4,0,0,0.8821539878845215,8.58240032196045,25,6.869100093841553,5.858500003814697,16425,8.274100303649902,1.8779699802398682,0.4207899868488312
1997,6,4,3,0,0.8863329887390137,8.391400337219238,25,6.566400051116943,5.544300079345703,19489,9.101699829101562,2.065959930419922,0.43529999256134033
1997,6,4,6,0,0.8971239924430847,8.890399932861328,25,7.197199821472168,6.162700176239014,23853,14.659700393676758,2.209120035171509,0.39660999178886414
1997,6,4,9,0,0.9067479968070984,9.439900398254395,15,7.8292999267578125,6.759099960327148,27982,11.013500213623047,2.308990001678467,0.36195001006126404
1997,6,4,12,0,0.9158430099487305,9.937800407409668,15,8.532600402832031,7.55079984664917,29747,12.114999771118164,2.3105900287628174,0.3266200125217438
1997,6,4,15,0,0.9190899729728699,10.23270034790039,15,9.054200172424316,8.294899940490723,29205,12.114999771118164,2.25108003616333,0.30243998765945435
1997,6,4,18,0,0.9200909733772278,10.36240005493164,15,9.289999961853027,8.624099731445312,28077,12.114999771118164,2.190999984741211,0.28984999656677246
1997,6,4,21,0,0.9201939702033997,10.320099830627441,15,9.073200225830078,8.061800003051758,27465,12.114999771118164,2.17044997215271,0.2917099893093109
1997,6,5,0,0,0.9187099933624268,10.228400230407715,15,8.904600143432617,7.789299964904785,26625,11.013500213623047,2.146199941635132,0.2942900061607361
1997,6,5,3,0,0.9146190285682678,10.229299545288086,15,9.186699867248535,8.43280029296875,24423,11.013500213623047,2.0558600425720215,0.28172001242637634
1997,6,5,6,0,0.9083880186080933,10.11460018157959,15,9.177200317382812,8.6141996383667,21426,11.013500213623047,1.9389899969100952,0.2828800082206726
1997,6,5,9,0,0.9012929797172546,9.98270034790039,15,9.037199974060059,8.496899604797363,18570,11.013500213623047,1.820199966430664,0.29137998819351196
1997,6,5,12,0,0.8936669826507568,9.88230037689209,15,8.896200180053711,8.342700004577637,16356,11.013500213623047,1.7197799682617188,0.30177998542785645
1997,6,5,15,0,0.8861290216445923,9.797499656677246,15,8.73550033569336,8.128999710083008,14843,10.01200008392334,1.6476800441741943,0.31360000371932983
1997,6,5,18,0,0.8799149990081787,9.784799575805664,15,8.684900283813477,8.047499656677246,13832,10.01200008392334,1.592900037765503,0.319350004196167
1997,6,5,21,0,0.8746910095214844,9.738200187683105,15,8.458399772644043,7.506499767303467,13142,10.01200008392334,1.5576399564743042,0.326339989900589
1997,6,6,0,0,0.8638439774513245,8.998600006103516,15,7.021699905395508,5.756999969482422,13056,10.01200008392334,1.6208100318908691,0.39781999588012695
1997,6,6,3,0,0.862621009349823,8.906700134277344,5,7.137400150299072,6.041500091552734,12772,10.01200008392334,1.6140300035476685,0.3987399935722351
1997,6,6,6,0,0.8646929860115051,9.347599983215332,5,7.840700149536133,6.864500045776367,11750,10.01200008392334,1.5080499649047852,0.36528998613357544
1997,6,6,9,0,0.8666340112686157,9.626399993896484,15,8.291399955749512,7.4375,10955,9.101699829101562,1.4334100484848022,0.34617000818252563
1997,6,6,12,0,0.8676249980926514,9.774299621582031,15,8.535099983215332,7.7820000648498535,10342,9.101699829101562,1.3819999694824219,0.338919997215271
1997,6,6,15,0,0.8669530153274536,9.839699745178223,15,8.634200096130371,7.950099945068359,9748,14.659700393676758,1.3375300168991089,0.3387100100517273
1997,6,6,18,0,0.8656269907951355,9.867300033569336,15,8.644100189208984,7.9807000160217285,9075,14.659700393676758,1.2890100479125977,0.34205999970436096
1997,6,6,21,0,0.8651829957962036,9.807600021362305,15,8.149700164794922,6.895599842071533,8529,13.326800346374512,1.2541300058364868,0.3580400049686432
1997,6,7,0,0,0.8609089851379395,9.065500259399414,15,6.680099964141846,5.340099811553955,8728,13.326800346374512,1.3235000371932983,0.43900999426841736
1997,6,7,3,0,0.8643230199813843,8.630599975585938,5,6.352499961853027,5.168799877166748,9200,13.326800346374512,1.3968900442123413,0.463919997215271
1997,6,7,6,0,0.871957004070282,8.158599853515625,5,6.288599967956543,5.313399791717529,9921,13.326800346374512,1.4995100498199463,0.46149998903274536
1997,6,7,9,0,0.8843500018119812,8.163700103759766,5,6.724999904632568,5.877099990844727,11775,7.5218000411987305,1.6365100145339966,0.4085800051689148
1997,6,7,12,0,0.8883060216903687,8.56779956817627,5,7.042600154876709,6.101600170135498,11822,14.659700393676758,1.5942399501800537,0.39824000000953674
1997,6,7,15,0,0.8931159973144531,8.82919979095459,5,6.9934000968933105,5.869100093841553,12115,14.659700393676758,1.5848599672317505,0.4124700129032135
1997,6,7,18,0,0.9051960110664368,9.214799880981445,5,7.309999942779541,6.105899810791016,13709,14.659700393676758,1.644279956817627,0.4001399874687195
1997,6,7,21,0,0.9223399758338928,9.676199913024902,355,7.774799823760986,6.468200206756592,16857,13.326800346374512,1.7693599462509155,0.37070998549461365
1997,6,8,0,0,0.9347710013389587,10.052499771118164,355,8.28909969329834,6.941699981689453,20090,13.326800346374512,1.8854800462722778,0.3351599872112274
1997,6,8,3,0,0.9406260251998901,10.198100090026855,355,8.497099876403809,7.121099948883057,21949,13.326800346374512,1.9514299631118774,0.3174999952316284
1997,6,8,6,0,0.9430540204048157,10.235199928283691,355,8.692099571228027,7.417099952697754,22580,13.326800346374512,1.974329948425293,0.30515000224113464
1997,6,8,9,0,0.9435880184173584,10.2746000289917,355,8.944899559020996,7.852099895477295,22023,12.114999771118164,1.9453400373458862,0.29102998971939087
1997,6,8,12,0,0.9427760243415833,10.203300476074219,355,8.971599578857422,7.96589994430542,20720,12.114999771118164,1.893589973449707,0.28512001037597656
1997,6,8,15,0,0.9400010108947754,9.994600296020508,355,8.752099990844727,7.71589994430542,19007,12.114999771118164,1.8341799974441528,0.2881399989128113
1997,6,8,18,0,0.9345870018005371,9.70479965209961,355,8.311300277709961,7.126699924468994,17043,12.114999771118164,1.7648799419403076,0.3003999888896942
1997,6,8,21,0,0.9187570214271545,8.504799842834473,355,6.584099769592285,5.3796000480651855,16634,12.114999771118164,1.8766599893569946,0.3893600106239319
1997,6,9,0,0,0.9173880219459534,7.9319000244140625,345,6.170899868011475,5.076099872589111,18205,11.013500213623047,2.045259952545166,0.39274001121520996
1997,6,9,3,0,0.916047990322113,8.357399940490723,345,6.604300022125244,5.408599853515625,14639,11.013500213623047,1.7780200242996216,0.36406999826431274
1997,6,9,6,0,0.9144359827041626,8.472999572753906,345,6.787799835205078,5.596799850463867,12255,11.013500213623047,1.613360047340393,0.35131001472473145
1997,6,9,9,0,0.9128699898719788,8.958499908447266,345,7.631999969482422,6.5100998878479,10311,11.013500213623047,1.4343700408935547,0.2994000017642975
1997,6,9,12,0,0.9082379937171936,9.03339958190918,355,7.840099811553955,6.803400039672852,9173,11.013500213623047,1.346809983253479,0.2863200008869171
1997,6,9,15,0,0.9026039838790894,8.967700004577637,355,7.800600051879883,6.814300060272217,8240,10.01200008392334,1.2822099924087524,0.28870001435279846
1997,6,9,18,0,0.8962630033493042,9.00100040435791,355,7.885300159454346,6.915299892425537,7451,10.01200008392334,1.2171000242233276,0.2821600139141083
1997,6,9,21,0,0.8799260258674622,7.8343000411987305,355,5.902699947357178,4.774499893188477,7349,10.01200008392334,1.304900050163269,0.40081000328063965
1997,6,10,0,0,0.8762069940567017,7.231800079345703,345,5.530600070953369,4.588699817657471,7813,10.01200008392334,1.41211998462677,0.422760009765625
1997,6,10,3,0,0.8729559779167175,7.910399913787842,345,6.34250020980835,5.288700103759766,6756,10.01200008392334,1.2494399547576904,0.36552000045776367
1997,6,10,6,0,0.869288980960846,8.272199630737305,355,6.852200031280518,5.802800178527832,5781,10.01200008392334,1.1276999711990356,0.33987998962402344
1997,6,10,9,0,0.8660669922828674,8.46660041809082,355,7.229899883270264,6.317299842834473,5161,9.101699829101562,1.0525399446487427,0.32725998759269714
1997,6,10,12,0,0.8630959987640381,8.592900276184082,355,7.47130012512207,6.680099964141846,4822,9.101699829101562,1.009619951248169,0.32093000411987305
1997,6,10,15,0,0.8585799932479858,8.685500144958496,355,7.580999851226807,6.829599857330322,4631,9.101699829101562,0.9835399985313416,0.3214400112628937
1997,6,10,18,0,0.8577110171318054,8.809900283813477,5,7.67710018157959,6.913300037384033,4515,9.101699829101562,0.9627900123596191,0.3219900131225586
1997,6,10,21,0,0.8580589890480042,8.8951997756958,5,7.566400051116943,6.536300182342529,4439,9.101699829101562,0.9484599828720093,0.32425999641418457
1997,6,11,0,0,0.8604570031166077,8.939800262451172,5,7.367000102996826,6.096700191497803,4436,12.114999771118164,0.9439100027084351,0.3280999958515167
1997,6,11,3,0,0.8670560121536255,9.139100074768066,5,7.71019983291626,6.513800144195557,4572,12.114999771118164,0.9451599717140198,0.30952998995780945
1997,6,11,6,0,0.8754730224609375,9.29520034790039,5,8.147899627685547,7.172800064086914,4842,10.01200008392334,0.9627500176429749,0.28338998556137085
1997,6,11,9,0,0.8831560015678406,9.298999786376953,5,8.35319995880127,7.552700042724609,5191,10.01200008392334,0.9969300031661987,0.264849990606308
1997,6,11,12,0,0.8896570205688477,9.190899848937988,5,8.397600173950195,7.755300045013428,5646,10.01200008392334,1.0478899478912354,0.25402000546455383
1997,6,11,15,0,0.8951429724693298,8.88029956817627,5,8.105400085449219,7.504300117492676,6229,9.101699829101562,1.1243900060653687,0.26210999488830566
1997,6,11,18,0,0.8975250124931335,8.336700439453125,5,7.374899864196777,6.696899890899658,6560,10.01200008392334,1.19760000705719,0.302729994058609
1997,6,11,21,0,0.895363986492157,8.27400016784668,5,7.297399997711182,6.601200103759766,6148,10.01200008392334,1.1649999618530273,0.3076300024986267
1997,6,12,0,0,0.896507978439331,7.8734002113342285,5,6.820700168609619,6.116799831390381,6448,10.01200008392334,1.228309988975525,0.331959992647171
1997,6,12,3,0,0.8940240144729614,7.815299987792969,5,6.718999862670898,5.966800212860107,6391,10.01200008392334,1.2280499935150146,0.3344399929046631
1997,6,12,6,0,0.8938429951667786,7.935299873352051,5,6.927700042724609,6.252600193023682,6261,10.01200008392334,1.2050000429153442,0.3227599859237671
1997,6,12,9,0,0.8972489833831787,7.969099998474121,5,7.060500144958496,6.460899829864502,6561,9.101699829101562,1.2317500114440918,0.31123000383377075
1997,6,12,12,0,0.9008820056915283,8.006099700927734,5,7.184199810028076,6.654600143432617,7093,9.101699829101562,1.2781399488449097,0.300029993057251
1997,6,12,15,0,0.9049500226974487,8.088899612426758,355,7.316100120544434,6.822500228881836,7443,9.101699829101562,1.3014800548553467,0.2905200123786926
1997,6,12,18,0,0.9076449871063232,8.080100059509277,355,7.298099994659424,6.776800155639648,7618,9.101699829101562,1.3175100088119507,0.2892000079154968
1997,6,12,21,0,0.9055899977684021,7.7270002365112305,355,6.58459997177124,5.715799808502197,7558,9.101699829101562,1.3459899425506592,0.324429988861084
1997,6,13,0,0,0.9033030271530151,7.143400192260742,355,5.971499919891357,5.189199924468994,8233,9.101699829101562,1.4720900058746338,0.3589499890804291
1997,6,13,3,0,0.9031500220298767,7.306399822235107,355,6.323999881744385,5.633200168609619,8408,8.274100303649902,1.4725099802017212,0.33329999446868896
1997,6,13,6,0,0.8991460204124451,7.502399921417236,355,6.594699859619141,5.958600044250488,7737,8.274100303649902,1.3929500579833984,0.32631000876426697
1997,6,13,9,0,0.895218014717102,7.6778998374938965,355,6.822000026702881,6.23360013961792,7179,8.274100303649902,1.3257800340652466,0.32381999492645264
1997,6,13,12,0,0.8911340236663818,7.759099960327148,355,6.88070011138916,6.2779998779296875,6616,8.274100303649902,1.266070008277893,0.33028000593185425
1997,6,13,15,0,0.8827160000801086,7.423900127410889,355,6.22790002822876,5.411799907684326,6084,8.274100303649902,1.2448500394821167,0.3743799924850464
1997,6,13,18,0,0.8782789707183838,7.267899990081787,355,6.08489990234375,5.287300109863281,5766,8.274100303649902,1.2284599542617798,0.38124001026153564
1997,6,13,21,0,0.8720560073852539,6.991300106048584,345,5.686600208282471,4.868899822235107,5430,8.274100303649902,1.2188400030136108,0.4083699882030487
1997,6,14,0,0,0.866595983505249,6.625,345,5.321599960327148,4.565000057220459,5580,7.5218000411987305,1.2744300365447998,0.4325700104236603
1997,6,14,3,0,0.8539220094680786,6.861299991607666,345,5.495699882507324,4.693299770355225,5007,7.5218000411987305,1.1844899654388428,0.4357599914073944
1997,6,14,6,0,0.8314160108566284,7.303400039672852,355,5.82919979095459,4.977099895477295,4034,7.5218000411987305,1.0268900394439697,0.44940999150276184
1997,6,14,9,0,0.8186179995536804,7.59689998626709,355,5.943699836730957,5.031199932098389,3521,7.5218000411987305,0.9384899735450745,0.4703800082206726
1997,6,14,12,0,0.809145987033844,7.80109977722168,355,6.072800159454346,5.161399841308594,3286,14.659700393676758,0.8936700224876404,0.482589989900589
1997,6,14,15,0,0.8102329969406128,8.143799781799316,5,6.473700046539307,5.607600212097168,3106,14.659700393676758,0.8490999937057495,0.4738200008869171
1997,6,14,18,0,0.8178269863128662,8.209099769592285,5,6.4756999015808105,5.554200172424316,3070,14.659700393676758,0.8410000205039978,0.47641000151634216
1997,6,14,21,0,0.8140590190887451,7.558300018310547,5,5.521900177001953,4.5528998374938965,3261,14.659700393676758,0.906440019607544,0.5293099880218506
1997,6,15,0,0,0.8078659772872925,6.943699836730957,355,5.022299766540527,4.19379997253418,3681,16.125999450683594,1.0084400177001953,0.5622900128364563
1997,6,15,3,0,0.8171529769897461,6.943299770355225,355,5.169099807739258,4.349899768829346,4184,7.5218000411987305,1.0749900341033936,0.5356900095939636
1997,6,15,6,0,0.8252869844436646,7.7469000816345215,355,6.064700126647949,5.174099922180176,4170,7.5218000411987305,1.0089499950408936,0.47672000527381897
1997,6,15,9,0,0.8326680064201355,8.435600280761719,5,6.825500011444092,5.933499813079834,4188,16.125999450683594,0.9624300003051758,0.4396499991416931
1997,6,15,12,0,0.8448519706726074,8.927800178527832,5,7.328800201416016,6.407700061798096,4490,16.125999450683594,0.9642400145530701,0.41648000478744507
1997,6,15,15,0,0.8494300246238708,9.25510025024414,5,7.635499954223633,6.673999786376953,4876,16.125999450683594,0.9844800233840942,0.4046800136566162
1997,6,15,18,0,0.8500580191612244,9.3149995803833,15,7.577000141143799,6.52370023727417,5168,16.125999450683594,1.0095399618148804,0.4086199998855591
1997,6,15,21,0,0.8454570174217224,8.896900177001953,15,6.63129997253418,5.311100006103516,5402,16.125999450683594,1.0574899911880493,0.44578999280929565
1997,6,16,0,0,0.8378589749336243,8.165300369262695,5,5.911799907684326,4.80620002746582,5778,16.125999450683594,1.1455600261688232,0.4938800036907196
1997,6,16,3,0,0.8408179879188538,8.275899887084961,5,6.166299819946289,5.073400020599365,5736,14.659700393676758,1.1327199935913086,0.47484999895095825
1997,6,16,6,0,0.8441550135612488,8.662300109863281,15,6.797100067138672,5.75629997253418,5565,14.659700393676758,1.0875500440597534,0.4380899965763092
1997,6,16,9,0,0.848908007144928,9.008500099182129,15,7.237800121307373,6.199399948120117,5462,14.659700393676758,1.053570032119751,0.4133000075817108
1997,6,16,12,0,0.852957010269165,9.329700469970703,15,7.603700160980225,6.54610013961792,5481,14.659700393676758,1.0344200134277344,0.3943600058555603
1997,6,16,15,0,0.8564800024032593,9.628100395202637,15,7.9644999504089355,6.89709997177124,5625,14.659700393676758,1.0291800498962402,0.3755199909210205
1997,6,16,18,0,0.8591259717941284,9.85669994354248,15,8.292799949645996,7.244200229644775,5906,14.659700393676758,1.0402300357818604,0.35697001218795776
1997,6,16,21,0,0.8607169985771179,9.968700408935547,15,8.475600242614746,7.405700206756592,6246,14.659700393676758,1.0625,0.34307000041007996
1997,6,17,0,0,0.861732006072998,9.848999977111816,15,8.117199897766113,6.6946001052856445,6524,14.659700393676758,1.0923700332641602,0.3442800045013428
1997,6,17,3,0,0.8631709814071655,9.728099822998047,15,8.095800399780273,6.860400199890137,6691,14.659700393676758,1.1127099990844727,0.3471899926662445
1997,6,17,6,0,0.8646379709243774,9.659099578857422,15,8.204000473022461,7.156199932098389,6745,13.326800346374512,1.1208499670028687,0.34060001373291016
1997,6,17,9,0,0.8642820119857788,9.572699546813965,15,8.239700317382812,7.303699970245361,6776,13.326800346374512,1.1286300420761108,0.3344300091266632
1997,6,17,12,0,0.8615540266036987,9.425000190734863,5,8.21660041809082,7.414599895477295,6953,13.326800346374512,1.1533199548721313,0.33052000403404236
1997,6,17,15,0,0.8633520007133484,9.206700325012207,5,8.06149959564209,7.322299957275391,7325,13.326800346374512,1.1996400356292725,0.331059992313385
1997,6,17,18,0,0.8671720027923584,8.996100425720215,5,7.820700168609619,7.020999908447266,7916,13.326800346374512,1.2631200551986694,0.3334600031375885
1997,6,17,21,0,0.8737949728965759,8.430500030517578,5,6.798399925231934,5.679900169372559,9085,10.01200008392334,1.4012099504470825,0.3720499873161316
1997,6,18,0,0,0.8842620253562927,8.436400413513184,5,7.130799770355225,6.226099967956543,10558,9.101699829101562,1.5101699829101562,0.34738999605178833
1997,6,18,3,0,0.8912360072135925,8.716500282287598,5,7.691199779510498,6.992199897766113,11033,9.101699829101562,1.5151499509811401,0.3126699924468994
1997,6,18,6,0,0.8969630002975464,8.88860034942627,5,7.97790002822876,7.394100189208984,11374,9.101699829101562,1.5212700366973877,0.2990100085735321
1997,6,18,9,0,0.9080929756164551,9.190799713134766,5,8.304499626159668,7.755099773406982,13004,10.01200008392334,1.5951299667358398,0.2922700047492981
1997,6,18,12,0,0.9219520092010498,9.652700424194336,5,8.739999771118164,8.178000450134277,16166,10.01200008392334,1.7296299934387207,0.2886199951171875
1997,6,18,15,0,0.9336439967155457,10.112700462341309,5,9.059200286865234,8.318099975585938,20113,10.01200008392334,1.880679965019226,0.2909800112247467
1997,6,18,18,0,0.9418309926986694,10.393600463867188,5,9.15369987487793,8.236000061035156,24156,10.01200008392334,2.0305099487304688,0.2979699969291687
1997,6,18,21,0,0.9466260075569153,10.565999984741211,5,9.234199523925781,8.170700073242188,26986,13.326800346374512,2.125839948654175,0.2944299876689911
1997,6,19,0,0,0.9469429850578308,10.358400344848633,5,8.70930004119873,7.372000217437744,27964,13.326800346374512,2.1851000785827637,0.3129599988460541
1997,6,19,3,0,0.9448699951171875,10.046500205993652,5,8.40410041809082,7.139699935913086,27216,13.326800346374512,2.191070079803467,0.323419988155365
1997,6,19,6,0,0.9449359774589539,10.08530044555664,5,8.750900268554688,7.713399887084961,24617,13.326800346374512,2.077970027923584,0.29989001154899597
1997,6,19,9,0,0.9442989826202393,10.13700008392334,5,9.030500411987305,8.198399543762207,21423,12.114999771118164,1.9312900304794312,0.2796199917793274
1997,6,19,12,0,0.9420419931411743,10.077099800109863,5,9.103799819946289,8.401000022888184,18571,12.114999771118164,1.803030014038086,0.26875999569892883
1997,6,19,15,0,0.9386190176010132,10.000699996948242,5,9.109299659729004,8.485899925231934,16278,12.114999771118164,1.6949700117111206,0.2632000148296356
1997,6,19,18,0,0.9338859915733337,9.939599990844727,5,9.089300155639648,8.512700080871582,14330,12.114999771118164,1.596709966659546,0.26403000950813293
1997,6,19,21,0,0.9249280095100403,9.541299819946289,5,8.054100036621094,6.717800140380859,12546,11.013500213623047,1.52947998046875,0.3053799867630005
1997,6,20,0,0,0.9082750082015991,8.67770004272461,5,6.859300136566162,5.656799793243408,11361,11.013500213623047,1.5362999439239502,0.3812299966812134
1997,6,20,3,0,0.8981480002403259,8.565099716186523,5,6.86460018157959,5.747799873352051,9993,11.013500213623047,1.4549800157546997,0.38624000549316406
1997,6,20,6,0,0.8905619978904724,8.925600051879883,5,7.416600227355957,6.397299766540527,8638,11.013500213623047,1.3258399963378906,0.37264999747276306
1997,6,20,9,0,0.8794950246810913,9.290399551391602,5,7.828400135040283,6.885900020599365,7651,10.01200008392334,1.2247899770736694,0.3763299882411957
1997,6,20,12,0,0.8665540218353271,9.588600158691406,15,8.093000411987305,7.171000003814697,6847,10.01200008392334,1.1428099870681763,0.3846000134944916
1997,6,20,15,0,0.859595000743866,9.790300369262695,15,8.265600204467773,7.375400066375732,6205,17.73889923095703,1.0784599781036377,0.3912599980831146
1997,6,20,18,0,0.8552389740943909,10.007200241088867,15,8.451399803161621,7.588900089263916,5969,16.125999450683594,1.046820044517517,0.3934299945831299
1997,6,20,21,0,0.8547359704971313,9.61340045928955,15,6.905099868774414,5.3460001945495605,6644,16.125999450683594,1.1288299560546875,0.4534600079059601
1997,6,21,0,0,0.8574960231781006,9.381600379943848,15,6.577300071716309,5.157199859619141,8071,16.125999450683594,1.2603000402450562,0.4837999939918518
1997,6,21,3,0,0.861739993095398,9.46030044555664,15,6.805699825286865,5.414400100708008,9285,16.125999450683594,1.3444299697875977,0.4719400107860565
1997,6,21,6,0,0.869642972946167,9.83549976348877,15,7.680500030517578,6.428100109100342,10142,16.125999450683594,1.3738600015640259,0.42574000358581543
1997,6,21,9,0,0.8758059740066528,9.86620044708252,15,8.017600059509277,6.9405999183654785,11273,14.659700393676758,1.4441200494766235,0.4034000039100647
1997,6,21,12,0,0.8809369802474976,10.009599685668945,15,8.289899826049805,7.278500080108643,12143,14.659700393676758,1.4844000339508057,0.38446998596191406
1997,6,21,15,0,0.8845300078392029,9.786600112915039,15,7.652200222015381,6.275899887084961,13100,14.659700393676758,1.5576200485229492,0.39972999691963196
1997,6,21,18,0,0.8877760171890259,8.8681001663208,5,6.857600212097168,5.73799991607666,15662,14.659700393676758,1.798550009727478,0.43939000368118286
1997,6,21,21,0,0.8895580172538757,8.708900451660156,5,6.980899810791016,5.970600128173828,17271,14.659700393676758,1.907639980316162,0.41732001304626465
1997,6,22,0,0,0.8953149914741516,8.9576997756958,5,7.489099979400635,6.535600185394287,18911,14.659700393676758,1.9615299701690674,0.3732300102710724
1997,6,22,3,0,0.8990529775619507,9.204099655151367,5,7.9141998291015625,7.039899826049805,19932,9.101699829101562,1.9801499843597412,0.34428998827934265
1997,6,22,6,0,0.8996359705924988,9.472000122070312,5,8.378999710083008,7.725399971008301,19737,9.101699829101562,1.9379299879074097,0.32558000087738037
1997,6,22,9,0,0.8970479965209961,9.646699905395508,5,8.593299865722656,7.985599994659424,19356,10.01200008392334,1.8992300033569336,0.3195599913597107
1997,6,22,12,0,0.8919829726219177,9.729000091552734,5,8.679499626159668,8.081199645996094,18547,10.01200008392334,1.8504600524902344,0.31887000799179077
1997,6,22,15,0,0.8841660022735596,9.75160026550293,5,8.697999954223633,8.102999687194824,17331,10.01200008392334,1.7871500253677368,0.3207300007343292
1997,6,22,18,0,0.8753010034561157,9.759200096130371,5,8.695099830627441,8.10420036315918,15971,10.01200008392334,1.716539978981018,0.32558000087738037
1997,6,22,21,0,0.8661810159683228,9.734000205993652,15,8.485600471496582,7.625899791717529,14859,10.01200008392334,1.6605499982833862,0.3395400047302246
1997,6,23,0,0,0.8598830103874207,9.692500114440918,15,8.214400291442871,7.133299827575684,14018,10.01200008392334,1.6191799640655518,0.3586199879646301
1997,6,23,3,0,0.8519660234451294,9.610400199890137,15,8.002699851989746,6.890999794006348,13213,9.101699829101562,1.5814399719238281,0.37692001461982727
1997,6,23,6,0,0.8447870016098022,9.44950008392334,15,7.96150016784668,7.0559000968933105,12510,9.101699829101562,1.5549299716949463,0.38517001271247864
1997,6,23,9,0,0.8396679759025574,9.275400161743164,15,7.876699924468994,7.057499885559082,12012,9.101699829101562,1.5401400327682495,0.38460999727249146
1997,6,23,12,0,0.8355759978294373,9.197099685668945,15,7.832399845123291,7.065100193023682,11547,9.101699829101562,1.51774001121521,0.3856000006198883
1997,6,23,15,0,0.831167995929718,9.258700370788574,15,7.878399848937988,7.129799842834473,11302,9.101699829101562,1.4977500438690186,0.3899399936199188
1997,6,23,18,0,0.8260779976844788,9.461999893188477,15,8.020000457763672,7.25,11092,16.125999450683594,1.4684200286865234,0.39500001072883606
1997,6,23,21,0,0.8165789842605591,9.325300216674805,15,7.350100040435791,6.127200126647949,10777,16.125999450683594,1.4605300426483154,0.4281499981880188
1997,6,24,0,0,0.7964349985122681,8.359199523925781,5,6.240499973297119,5.169400215148926,11083,16.125999450683594,1.5736000537872314,0.49277999997138977
1997,6,24,3,0,0.7939130067825317,8.165200233459473,5,6.195899963378906,5.165299892425537,10370,16.125999450683594,1.5419700145721436,0.48232999444007874
1997,6,24,6,0,0.7947099804878235,8.537300109863281,5,6.778200149536133,5.758800029754639,8598,16.125999450683594,1.3683700561523438,0.43988001346588135
1997,6,24,9,0,0.790132999420166,8.891300201416016,5,7.3069000244140625,6.364500045776367,7304,16.125999450683594,1.2317299842834473,0.4105600118637085
1997,6,24,12,0,0.7797060012817383,9.185799598693848,15,7.598199844360352,6.6529998779296875,6627,16.125999450683594,1.1521400213241577,0.4018700122833252
1997,6,24,15,0,0.7739580273628235,9.43910026550293,15,7.723499774932861,6.703499794006348,6323,16.125999450683594,1.1095499992370605,0.4064899981021881
1997,6,24,18,0,0.766264021396637,9.50220012664795,15,7.537899971008301,6.349699974060059,6086,16.125999450683594,1.0854300260543823,0.42089998722076416
1997,6,24,21,0,0.7458509802818298,8.38479995727539,15,5.918700218200684,4.754700183868408,5984,16.125999450683594,1.1518199443817139,0.5085800290107727
1997,6,25,0,0,0.7403730154037476,7.792200088500977,5,5.64769983291626,4.65310001373291,5753,16.125999450683594,1.1767899990081787,0.5188900232315063
1997,6,25,3,0,0.7461950182914734,7.420100212097168,5,5.445899963378906,4.526100158691406,5277,14.659700393676758,1.1578999757766724,0.5179200172424316
1997,6,25,6,0,0.7545949816703796,7.990499973297119,5,6.220600128173828,5.281599998474121,4532,14.659700393676758,1.0303499698638916,0.46531999111175537
1997,6,25,9,0,0.7500969767570496,8.606200218200684,15,6.844099998474121,5.893499851226807,3915,14.659700393676758,0.9180899858474731,0.4424999952316284
1997,6,25,12,0,0.756151020526886,9.101300239562988,15,7.206099987030029,6.170899868011475,3654,14.659700393676758,0.8593800067901611,0.43366000056266785
1997,6,25,15,0,0.7670120000839233,9.475600242614746,25,7.50570011138916,6.376399993896484,3610,14.659700393676758,0.834909975528717,0.42006999254226685
1997,6,25,18,0,0.7804589867591858,9.606599807739258,25,7.854800224304199,6.765900135040283,4050,14.659700393676758,0.8768200278282166,0.39193999767303467
1997,6,25,21,0,0.8067259788513184,9.008099555969238,15,6.97599983215332,5.527100086212158,5021,14.659700393676758,1.0109800100326538,0.3930499851703644
1997,6,26,0,0,0.8341789841651917,7.996699810028076,5,6.077600002288818,4.959799766540527,6236,8.274100303649902,1.2027699947357178,0.4351400136947632
1997,6,26,3,0,0.8627889752388,7.856100082397461,5,6.538899898529053,5.6855998039245605,7572,8.274100303649902,1.3414499759674072,0.38705000281333923
1997,6,26,6,0,0.878682017326355,8.104499816894531,5,7.106100082397461,6.482100009918213,7847,8.274100303649902,1.3418899774551392,0.3476000130176544
1997,6,26,9,0,0.8860160112380981,8.287500381469727,5,7.36460018157959,6.808199882507324,7837,8.274100303649902,1.3229700326919556,0.3338100016117096
1997,6,26,12,0,0.8921980261802673,8.490699768066406,5,7.602399826049805,7.072700023651123,8341,8.274100303649902,1.3439300060272217,0.3215799927711487
1997,6,26,15,0,0.9006339907646179,8.708800315856934,5,7.878300189971924,7.383200168609619,10048,9.101699829101562,1.4503400325775146,0.3023799955844879
1997,6,26,18,0,0.9098550081253052,8.895999908447266,355,8.092000007629395,7.614200115203857,11737,9.101699829101562,1.5459500551223755,0.29113999009132385
1997,6,26,21,0,0.9157450199127197,9.080900192260742,355,8.246299743652344,7.716000080108643,12786,10.01200008392334,1.5931400060653687,0.28793999552726746
1997,6,27,0,0,0.9215369820594788,9.218500137329102,355,8.197500228881836,7.330699920654297,13740,10.01200008392334,1.6356500387191772,0.28878000378608704
1997,6,27,3,0,0.926459014415741,9.354399681091309,355,8.338700294494629,7.466400146484375,14291,10.01200008392334,1.6531399488449097,0.2835499942302704
1997,6,27,6,0,0.9303839802742004,9.444600105285645,355,8.616700172424316,8.077699661254883,14206,10.01200008392334,1.6396199464797974,0.27671998739242554
1997,6,27,9,0,0.9328550100326538,9.406100273132324,355,8.58180046081543,8.094300270080566,13675,10.01200008392334,1.6137200593948364,0.2831900119781494
1997,6,27,12,0,0.9328449964523315,9.313300132751465,355,8.445099830627441,7.941400051116943,12842,10.01200008392334,1.5746400356292725,0.29561999440193176
1997,6,27,15,0,0.930217981338501,9.194999694824219,355,8.28339958190918,7.756899833679199,11866,10.01200008392334,1.5268100500106812,0.3082199990749359
1997,6,27,18,0,0.9252550005912781,9.073100090026855,355,8.125200271606445,7.572400093078613,10848,10.01200008392334,1.4728699922561646,0.31885001063346863
1997,6,27,21,0,0.9189079999923706,8.928099632263184,355,7.892399787902832,7.232999801635742,9955,9.101699829101562,1.4259599447250366,0.33235999941825867
1997,6,28,0,0,0.9118350148200989,8.634200096130371,355,7.125999927520752,6.026000022888184,9339,9.101699829101562,1.4088200330734253,0.36994999647140503
1997,6,28,3,0,0.9062409996986389,8.47760009765625,355,6.8256001472473145,5.74560022354126,9058,9.101699829101562,1.403439998626709,0.40053999423980713
1997,6,28,6,0,0.9051690101623535,8.763500213623047,5,7.309500217437744,6.400300025939941,8661,9.101699829101562,1.3503600358963013,0.39403998851776123
1997,6,28,9,0,0.902010977268219,8.966099739074707,5,7.5817999839782715,6.776000022888184,8112,8.274100303649902,1.2933900356292725,0.39660999178886414
1997,6,28,12,0,0.8963050246238708,9.040300369262695,5,7.667399883270264,6.920899868011475,7518,8.274100303649902,1.241960048675537,0.4048599898815155
1997,6,28,15,0,0.8901749849319458,9.051400184631348,5,7.666800022125244,6.951099872589111,7026,8.274100303649902,1.2014600038528442,0.41332000494003296
1997,6,28,18,0,0.8858330249786377,9.100199699401855,5,7.6529998779296875,6.91480016708374,6769,8.274100303649902,1.1769700050354004,0.42228999733924866
1997,6,28,21,0,0.883463978767395,9.236200332641602,5,7.648399829864502,6.837900161743164,6788,7.5218000411987305,1.170639991760254,0.435479998588562
1997,6,29,0,0,0.8810999989509583,9.324999809265137,5,7.535900115966797,6.652400016784668,7037,13.326800346374512,1.1880500316619873,0.45785000920295715
1997,6,29,3,0,0.8784480094909668,9.151200294494629,15,6.864799976348877,5.689899921417236,7276,13.326800346374512,1.222749948501587,0.4976100027561188
1997,6,29,6,0,0.8752269744873047,9.26930046081543,15,7.02810001373291,5.946499824523926,7284,19.513200759887695,1.2167199850082397,0.5028499960899353
1997,6,29,9,0,0.8705999851226807,9.369199752807617,15,7.175899982452393,6.1269001960754395,7148,19.513200759887695,1.1991100311279297,0.4986799955368042
1997,6,29,12,0,0.8655509948730469,9.488800048828125,15,7.332499980926514,6.298799991607666,7046,19.513200759887695,1.1823699474334717,0.4912000000476837
1997,6,29,15,0,0.861627995967865,9.691900253295898,15,7.518199920654297,6.471799850463867,7126,19.513200759887695,1.1755000352859497,0.4837999939918518
1997,6,29,18,0,0.8593220114707947,9.967599868774414,15,7.729800224304199,6.650899887084961,7396,17.73889923095703,1.1802500486373901,0.47775998711586
1997,6,29,21,0,0.8580639958381653,9.8149995803833,15,7.0904998779296875,5.728700160980225,7814,17.73889923095703,1.2240699529647827,0.5035200119018555
1997,6,30,0,0,0.8589730262756348,9.391799926757812,25,6.698800086975098,5.494200229644775,8359,17.73889923095703,1.2972400188446045,0.5346300005912781
1997,6,30,3,0,0.8640120029449463,9.32610034942627,25,6.952199935913086,5.92609977722168,8617,17.73889923095703,1.3232899904251099,0.5268300175666809
1997,6,30,6,0,0.8658270239830017,9.241000175476074,25,7.042399883270264,6.109499931335449,8569,17.73889923095703,1.3265700340270996,0.5205100178718567
1997,6,30,9,0,0.8626649975776672,9.252799987792969,25,7.09499979019165,6.190800189971924,8209,17.73889923095703,1.2969499826431274,0.5166400074958801
1997,6,30,12,0,0.8623120188713074,9.384599685668945,35,7.167699813842773,6.235899925231934,7803,17.73889923095703,1.2535099983215332,0.5121700167655945
1997,6,30,15,0,0.8657079935073853,9.633500099182129,35,7.330100059509277,6.341599941253662,7609,17.73889923095703,1.2188600301742554,0.501800000667572
1997,6,30,18,0,0.8701810240745544,9.956500053405762,35,7.56790018081665,6.506999969482422,7607,16.125999450683594,1.1958400011062622,0.4867900013923645
1997,6,30,21,0,0.872219979763031,10.223299980163574,35,7.776899814605713,6.6483001708984375,7511,16.125999450683594,1.1704100370407104,0.47293001413345337
1997,7,1,0,0,0.8719099760055542,10.418499946594238,35,7.939300060272217,6.770299911499023,7283,16.125999450683594,1.1401499509811401,0.46279001235961914
1997,7,1,3,0,0.8699150085449219,10.487700462341309,35,7.905799865722656,6.614500045776367,6978,16.125999450683594,1.1114599704742432,0.45895999670028687
1997,7,1,6,0,0.8655480146408081,10.458800315856934,35,7.866199970245361,6.605199813842773,6664,16.125999450683594,1.0871399641036987,0.4613099992275238
1997,7,1,9,0,0.8540869951248169,10.228300094604492,35,7.669400215148926,6.4868998527526855,6503,16.125999450683594,1.0864299535751343,0.4726000130176544
1997,7,1,12,0,0.848343014717102,10.137200355529785,35,7.588600158691406,6.4278998374938965,6313,16.125999450683594,1.0749499797821045,0.4755600094795227
1997,7,1,15,0,0.8492519855499268,10.204999923706055,35,7.625999927520752,6.4359002113342285,6044,16.125999450683594,1.0468699932098389,0.47044000029563904
1997,7,1,18,0,0.8527430295944214,10.296699523925781,35,7.691800117492676,6.46560001373291,5731,16.125999450683594,1.0130800008773804,0.46303999423980713
1997,7,1,21,0,0.853380024433136,10.12399959564209,35,7.1570000648498535,5.643400192260742,5436,16.125999450683594,0.9942399859428406,0.47053998708724976
1997,7,2,0,0,0.8001059889793396,8.126399993896484,25,5.207699775695801,4.203999996185303,5803,14.659700393676758,1.1541399955749512,0.6065800189971924
1997,7,2,3,0,0.766543984413147,7.442800045013428,15,5.116000175476074,4.267499923706055,6343,14.659700393676758,1.268030047416687,0.6059600114822388
1997,7,2,6,0,0.7791910171508789,8.271300315856934,25,5.913899898529053,4.932700157165527,5580,14.659700393676758,1.1222200393676758,0.5440300107002258
1997,7,2,9,0,0.7936649918556213,8.901800155639648,25,6.439300060272217,5.362800121307373,4929,14.659700393676758,1.011579990386963,0.5117599964141846
1997,7,2,12,0,0.8060809969902039,9.366700172424316,25,6.802000045776367,5.620100021362305,4561,14.659700393676758,0.9454500079154968,0.48798999190330505
1997,7,2,15,0,0.8171749711036682,9.692299842834473,25,7.019499778747559,5.741000175476074,4358,14.659700393676758,0.9066799879074097,0.47367000579833984
1997,7,2,18,0,0.8261039853096008,9.854499816894531,35,7.13040018081665,5.801499843597412,4238,14.659700393676758,0.8860999941825867,0.46667999029159546
1997,7,2,21,0,0.8309599757194519,9.9266996383667,35,7.110000133514404,5.666800022125244,4095,14.659700393676758,0.8674600124359131,0.4595000147819519
1997,7,3,0,0,0.7871000170707703,8.093400001525879,25,5.232600212097168,4.196499824523926,4382,14.659700393676758,1.0015300512313843,0.5833899974822998
1997,7,3,3,0,0.7624629735946655,7.4980998039245605,15,5.427000045776367,4.548500061035156,5101,14.659700393676758,1.1324000358581543,0.550790011882782
1997,7,3,6,0,0.7579460144042969,8.088600158691406,15,6.067399978637695,5.1194000244140625,4550,14.659700393676758,1.0261199474334717,0.5069500207901001
1997,7,3,9,0,0.7579389810562134,8.711400032043457,15,6.614200115203857,5.598499774932861,3965,14.659700393676758,0.9191100001335144,0.4835900068283081
1997,7,3,12,0,0.7650730013847351,9.140700340270996,15,6.875800132751465,5.757800102233887,3598,14.659700393676758,0.8522800207138062,0.4749299883842468
1997,7,3,15,0,0.7731689810752869,9.296299934387207,25,6.948500156402588,5.775400161743164,3439,14.659700393676758,0.8252000212669373,0.47126999497413635
1997,7,3,18,0,0.7749890089035034,9.208499908447266,15,6.788599967956543,5.535999774932861,3419,14.659700393676758,0.8261799812316895,0.4698199927806854
1997,7,3,21,0,0.7597079873085022,7.840799808502197,15,5.361299991607666,4.331500053405762,3869,13.326800346374512,0.9581000208854675,0.5468000173568726
1997,7,4,0,0,0.7742390036582947,7.30649995803833,355,5.387599945068359,4.485499858856201,4992,13.326800346374512,1.1342500448226929,0.5118899941444397
1997,7,4,3,0,0.7931190133094788,8.065999984741211,355,6.277100086212158,5.258399963378906,4996,13.326800346374512,1.0735199451446533,0.4437200129032135
1997,7,4,6,0,0.8169639706611633,8.48799991607666,5,6.816100120544434,5.7932000160217285,5097,13.326800346374512,1.0527600049972534,0.41328999400138855
1997,7,4,9,0,0.8379380106925964,8.63949966430664,5,7.165599822998047,6.268499851226807,5445,13.326800346374512,1.0770200490951538,0.39362001419067383
1997,7,4,12,0,0.8493689894676208,8.684700012207031,5,7.344600200653076,6.538400173187256,5642,9.101699829101562,1.0931999683380127,0.3808700144290924
1997,7,4,15,0,0.8539209961891174,8.695899963378906,5,7.416500091552734,6.655200004577637,5535,8.274100303649902,1.0821599960327148,0.37529000639915466
1997,7,4,18,0,0.8543170094490051,8.68120002746582,5,7.34689998626709,6.539100170135498,5241,8.274100303649902,1.054110050201416,0.38016998767852783
1997,7,4,21,0,0.8526530265808105,8.45740032196045,5,6.742099761962891,5.625899791717529,4982,8.274100303649902,1.042889952659607,0.4074000120162964
1997,7,5,0,0,0.8467429876327515,7.702499866485596,5,5.676300048828125,4.653299808502197,5001,8.274100303649902,1.099869966506958,0.4810900092124939
1997,7,5,3,0,0.8487280011177063,7.820400238037109,5,5.932300090789795,4.955399990081787,4802,8.274100303649902,1.0701500177383423,0.4738599956035614
1997,7,5,6,0,0.851764976978302,8.155200004577637,5,6.399099826812744,5.46150016784668,4455,8.274100303649902,1.008039951324463,0.4536699950695038
1997,7,5,9,0,0.854075014591217,8.303199768066406,5,6.622900009155273,5.721499919891357,4182,8.274100303649902,0.9675300121307373,0.4439300000667572
1997,7,5,12,0,0.8567709922790527,8.382399559020996,5,6.750500202178955,5.872200012207031,3987,7.5218000411987305,0.9400200247764587,0.4377099871635437
1997,7,5,15,0,0.8591679930686951,8.525199890136719,5,6.889400005340576,6.003399848937988,3879,7.5218000411987305,0.9184499979019165,0.43296000361442566
1997,7,5,18,0,0.8615530133247375,8.806300163269043,5,7.125199794769287,6.192599773406982,3901,13.326800346374512,0.9041699767112732,0.42493000626564026
1997,7,5,21,0,0.8650929927825928,9.180100440979004,15,7.463699817657471,6.472400188446045,4091,13.326800346374512,0.9042500257492065,0.41137999296188354
1997,7,6,0,0,0.8691890239715576,9.544400215148926,5,7.84089994430542,6.819399833679199,4410,13.326800346374512,0.9182900190353394,0.3950499892234802
1997,7,6,3,0,0.8741700053215027,9.774299621582031,5,8.086099624633789,7.008699893951416,4744,16.125999450683594,0.9393799901008606,0.38126999139785767
1997,7,6,6,0,0.8812459707260132,9.50160026550293,5,7.914999961853027,6.986199855804443,5229,16.125999450683594,1.001539945602417,0.3882000148296356
1997,7,6,9,0,0.8886160254478455,8.852100372314453,5,7.330900192260742,6.523799896240234,5864,16.125999450683594,1.1031399965286255,0.409960001707077
1997,7,6,12,0,0.8935549855232239,8.738499641418457,5,7.244500160217285,6.436699867248535,5971,9.101699829101562,1.1204500198364258,0.4068000018596649
1997,7,6,15,0,0.8980010151863098,8.761899948120117,5,7.2652997970581055,6.442399978637695,6045,14.659700393676758,1.1253000497817993,0.4030100107192993
1997,7,6,18,0,0.9009900093078613,8.657099723815918,5,7.086900234222412,6.207499980926514,6293,14.659700393676758,1.1559499502182007,0.4115299880504608
1997,7,6,21,0,0.8979319930076599,8.138299942016602,5,6.281899929046631,5.280900001525879,6611,14.659700393676758,1.2255100011825562,0.4526900053024292
1997,7,7,0,0,0.8852840065956116,7.42549991607666,5,5.575799942016602,4.697999954223633,6990,14.659700393676758,1.3256299495697021,0.49632999300956726
1997,7,7,3,0,0.8790339827537537,7.47760009765625,5,5.750999927520752,4.900400161743164,6693,13.326800346374512,1.2927700281143188,0.48030000925064087
1997,7,7,6,0,0.879531979560852,7.9390997886657715,5,6.262199878692627,5.401299953460693,5814,13.326800346374512,1.1643699407577515,0.45247000455856323
1997,7,7,9,0,0.8820719718933105,8.303299903869629,5,6.620800018310547,5.739200115203857,5185,13.326800346374512,1.0712800025939941,0.4352400004863739
1997,7,7,12,0,0.8850460052490234,8.51449966430664,5,6.806399822235107,5.896399974822998,4826,13.326800346374512,1.0183099508285522,0.42633000016212463
1997,7,7,15,0,0.8856070041656494,8.587200164794922,5,6.852799892425537,5.920499801635742,4521,13.326800346374512,0.9803100228309631,0.4235999882221222
1997,7,7,18,0,0.8836849927902222,8.577099800109863,5,6.838500022888184,5.897500038146973,4207,13.326800346374512,0.9460899829864502,0.4226300120353699
1997,7,7,21,0,0.8798149824142456,8.46679973602295,5,6.616700172424316,5.54640007019043,3927,12.114999771118164,0.9207599759101868,0.42487001419067383
1997,7,8,0,0,0.8713719844818115,7.838699817657471,5,5.701200008392334,4.622900009155273,3866,12.114999771118164,0.9528499841690063,0.47078999876976013
1997,7,8,3,0,0.8720160126686096,7.770299911499023,5,5.82919979095459,4.799499988555908,3932,12.114999771118164,0.9662399888038635,0.45419999957084656
1997,7,8,6,0,0.87922602891922,8.154500007629395,5,6.691100120544434,5.7667999267578125,4252,12.114999771118164,0.9795500040054321,0.38659998774528503
1997,7,8,9,0,0.8858489990234375,8.201600074768066,355,7.134500026702881,6.43310022354126,5069,8.274100303649902,1.0676599740982056,0.3407000005245209
1997,7,8,12,0,0.8977810144424438,8.193900108337402,355,7.329800128936768,6.797900199890137,5971,8.274100303649902,1.1593799591064453,0.31509000062942505
1997,7,8,15,0,0.9081199765205383,8.258500099182129,355,7.469699859619141,7.000999927520752,6865,8.274100303649902,1.2361500263214111,0.2988399863243103
1997,7,8,18,0,0.9156060218811035,8.356900215148926,355,7.595200061798096,7.135499954223633,7661,9.101699829101562,1.2952500581741333,0.28711000084877014
1997,7,8,21,0,0.920524001121521,8.390399932861328,355,7.5030999183654785,6.808599948883057,8124,9.101699829101562,1.3291499614715576,0.2854599952697754
1997,7,9,0,0,0.9251149892807007,8.444700241088867,355,7.465700149536133,6.6442999839782715,8585,9.101699829101562,1.3598099946975708,0.28582000732421875
1997,7,9,3,0,0.9324390292167664,8.533499717712402,355,7.5528998374938965,6.748700141906738,9852,9.101699829101562,1.4461400508880615,0.2831900119781494
1997,7,9,6,0,0.9396219849586487,8.59850025177002,355,7.747499942779541,7.148200035095215,11613,10.01200008392334,1.5622999668121338,0.2771199941635132
1997,7,9,9,0,0.9437860250473022,8.671699523925781,355,7.884799957275391,7.365300178527832,13087,10.01200008392334,1.6500099897384644,0.26989999413490295
1997,7,9,12,0,0.9448130130767822,8.803899765014648,355,8.048700332641602,7.5553998947143555,13363,10.01200008392334,1.6519399881362915,0.26236000657081604
1997,7,9,15,0,0.9431989789009094,8.829999923706055,355,7.953499794006348,7.253600120544434,12861,10.01200008392334,1.6168700456619263,0.2658799886703491
1997,7,9,18,0,0.9393720030784607,8.444700241088867,355,7.299799919128418,6.4334001541137695,12610,10.01200008392334,1.641819953918457,0.30480000376701355
1997,7,9,21,0,0.9351540207862854,8.468799591064453,355,7.345099925994873,6.469099998474121,11770,10.01200008392334,1.5840799808502197,0.29973000288009644
1997,7,10,0,0,0.9319030046463013,8.484700202941895,5,7.2881999015808105,6.322700023651123,10706,10.01200008392334,1.5088800191879272,0.30020999908447266
1997,7,10,3,0,0.9279699921607971,8.338500022888184,5,7.097700119018555,6.146200180053711,9845,10.01200008392334,1.4617899656295776,0.3131900131702423
1997,7,10,6,0,0.9263259768486023,8.333600044250488,5,7.350900173187256,6.655900001525879,9168,10.01200008392334,1.4140499830245972,0.3017599880695343
1997,7,10,9,0,0.9239720106124878,8.257800102233887,5,7.269199848175049,6.539999961853027,8702,10.01200008392334,1.3866900205612183,0.3036699891090393
1997,7,10,12,0,0.9221979975700378,8.181900024414062,5,7.234799861907959,6.595399856567383,8379,9.101699829101562,1.3691799640655518,0.30994001030921936
1997,7,10,15,0,0.9224069714546204,8.237899780273438,355,7.348800182342529,6.7779998779296875,8189,9.101699829101562,1.349269986152649,0.3067600131034851
1997,7,10,18,0,0.9223809838294983,8.37339973449707,355,7.502200126647949,6.951600074768066,7965,9.101699829101562,1.31836998462677,0.30347999930381775
1997,7,10,21,0,0.9218270182609558,8.447999954223633,355,7.494200229644775,6.786900043487549,8015,9.101699829101562,1.315659999847412,0.30270999670028687
1997,7,11,0,0,0.9201629757881165,8.135299682617188,355,6.694399833679199,5.631199836730957,8566,9.101699829101562,1.3870699405670166,0.3428199887275696
1997,7,11,3,0,0.9196450114250183,7.911799907684326,355,6.433700084686279,5.438799858093262,9103,9.101699829101562,1.4516600370407104,0.36427000164985657
1997,7,11,6,0,0.9237350225448608,8.129899978637695,355,6.85699987411499,5.964399814605713,9026,9.101699829101562,1.4244400262832642,0.342629998922348
1997,7,11,9,0,0.9275130033493042,8.366499900817871,355,7.318600177764893,6.611199855804443,8849,9.101699829101562,1.3884199857711792,0.32019999623298645
1997,7,11,12,0,0.928505003452301,8.559700012207031,355,7.587100028991699,6.9506001472473145,8411,9.101699829101562,1.3357499837875366,0.30880001187324524
1997,7,11,15,0,0.927603006362915,8.706500053405762,355,7.743000030517578,7.113800048828125,7822,9.101699829101562,1.2751200199127197,0.3041999936103821
1997,7,11,18,0,0.9256259799003601,8.795299530029297,355,7.81790018081665,7.176300048828125,7277,9.101699829101562,1.2225300073623657,0.3042300045490265
1997,7,11,21,0,0.9169570207595825,8.210000038146973,355,6.508500099182129,5.361800193786621,7018,11.013500213623047,1.2470300197601318,0.3730500042438507
1997,7,12,0,0,0.9022989869117737,7.103899955749512,345,5.647299766540527,4.806700229644775,8628,11.013500213623047,1.5084799528121948,0.42048999667167664
1997,7,12,3,0,0.9006770253181458,7.236100196838379,345,5.826700210571289,4.951099872589111,9016,7.5218000411987305,1.5286200046539307,0.3979499936103821
1997,7,12,6,0,0.8835309743881226,7.739699840545654,345,6.286399841308594,5.323200225830078,7290,8.274100303649902,1.3222099542617798,0.38308000564575195
1997,7,12,9,0,0.8597559928894043,8.278499603271484,355,6.859899997711182,5.864299774169922,5857,8.274100303649902,1.140589952468872,0.36715999245643616
1997,7,12,12,0,0.8461639881134033,8.531399726867676,355,7.104899883270264,6.127399921417236,5042,11.013500213623047,1.0400099754333496,0.3680799901485443
1997,7,12,15,0,0.8412290215492249,8.722000122070312,355,7.268499851226807,6.260300159454346,4549,11.013500213623047,0.9748799800872803,0.3643200099468231
1997,7,12,18,0,0.8380810022354126,8.406000137329102,355,6.61460018157959,5.4532999992370605,4369,11.013500213623047,0.9739800095558167,0.3957599997520447
1997,7,12,21,0,0.8332819938659668,7.666600227355957,355,5.65339994430542,4.597499847412109,4566,11.013500213623047,1.0471700429916382,0.45521000027656555
1997,7,13,0,0,0.8355749845504761,7.120999813079834,345,5.259200096130371,4.347899913787842,5319,11.013500213623047,1.1792500019073486,0.4799500107765198
1997,7,13,3,0,0.8459939956665039,7.668600082397461,355,5.828800201416016,4.802599906921387,5564,11.013500213623047,1.1579400300979614,0.43924999237060547
1997,7,13,6,0,0.8519610166549683,8.10770034790039,355,6.355800151824951,5.282199859619141,5888,11.013500213623047,1.1552000045776367,0.411980003118515
1997,7,13,9,0,0.8551779985427856,8.683899879455566,355,7.09689998626709,6.035999774932861,5997,11.013500213623047,1.1217800378799438,0.3793799877166748
1997,7,13,12,0,0.8609600067138672,9.13700008392334,355,7.634699821472168,6.597700119018555,6036,11.013500213623047,1.0927599668502808,0.35899999737739563
1997,7,13,15,0,0.8699550032615662,9.48550033569336,355,8.047599792480469,7.008299827575684,6235,11.013500213623047,1.0863200426101685,0.3394800126552582
1997,7,13,18,0,0.8767529726028442,9.562299728393555,355,7.900000095367432,6.598800182342529,6587,12.114999771118164,1.1099799871444702,0.3396100103855133
1997,7,13,21,0,0.8732360005378723,8.538299560546875,355,6.318399906158447,5.067599773406982,7511,12.114999771118164,1.2607699632644653,0.42895999550819397
1997,7,14,0,0,0.8712059855461121,8.234700202941895,355,6.190899848937988,5.055300235748291,8485,12.114999771118164,1.3698400259017944,0.43748998641967773
1997,7,14,3,0,0.8727930188179016,8.637399673461914,355,6.724100112915039,5.544000148773193,8430,11.013500213623047,1.331030011177063,0.40891000628471375
1997,7,14,6,0,0.8730829954147339,9.191200256347656,355,7.466300010681152,6.311500072479248,7947,11.013500213623047,1.249060034751892,0.37922000885009766
1997,7,14,9,0,0.874625027179718,9.509099960327148,5,7.873700141906738,6.747399806976318,7573,11.013500213623047,1.1968599557876587,0.36539000272750854
1997,7,14,12,0,0.8793119788169861,9.722900390625,5,8.167400360107422,7.066100120544434,7358,11.013500213623047,1.1657500267028809,0.3544999957084656
1997,7,14,15,0,0.8820589780807495,9.903800010681152,5,8.442899703979492,7.376699924468994,7250,11.013500213623047,1.14614999294281,0.3437199890613556
1997,7,14,18,0,0.8805800080299377,9.94909954071045,5,8.398599624633789,7.17609977722168,7251,11.013500213623047,1.144610047340393,0.34529000520706177
1997,7,14,21,0,0.872215986251831,9.518799781799316,5,7.344699859619141,5.839200019836426,7437,10.01200008392334,1.1890300512313843,0.3942300081253052
1997,7,15,0,0,0.8581429719924927,8.728699684143066,5,6.347599983215332,5.065499782562256,7892,10.01200008392334,1.2867200374603271,0.4633300006389618
1997,7,15,3,0,0.8534280061721802,8.701700210571289,5,6.565000057220459,5.373799800872803,8062,10.01200008392334,1.3065500259399414,0.4584999978542328
1997,7,15,6,0,0.8534860014915466,9.107500076293945,5,7.2322001457214355,6.103099822998047,7643,17.73889923095703,1.2426799535751343,0.42840999364852905
1997,7,15,9,0,0.852741003036499,9.352299690246582,5,7.586699962615967,6.491600036621094,7175,17.73889923095703,1.1876699924468994,0.41391000151634216
1997,7,15,12,0,0.8548300266265869,9.480199813842773,15,7.723299980163574,6.6269001960754395,6784,17.73889923095703,1.1470500230789185,0.4104999899864197
1997,7,15,15,0,0.8564450144767761,9.517900466918945,15,7.695199966430664,6.567500114440918,6510,10.01200008392334,1.121940016746521,0.41561999917030334
1997,7,15,18,0,0.8558400273323059,9.549200057983398,15,7.650599956512451,6.487100124359131,6307,10.01200008392334,1.1031700372695923,0.4214699864387512
1997,7,15,21,0,0.8536700010299683,9.492899894714355,15,7.320199966430664,5.972899913787842,6168,16.125999450683594,1.0948899984359741,0.4347499907016754
1997,7,16,0,0,0.8414999842643738,8.775400161743164,15,6.224999904632568,4.967199802398682,6295,16.125999450683594,1.1541800498962402,0.4988900125026703
1997,7,16,3,0,0.8310149908065796,8.343400001525879,15,6.0903000831604,5.008299827575684,6625,16.125999450683594,1.2194700241088867,0.5129899978637695
1997,7,16,6,0,0.8216279745101929,8.291399955749512,5,6.358099937438965,5.372300148010254,6850,16.125999450683594,1.2470899820327759,0.49171000719070435
1997,7,16,9,0,0.8077170252799988,8.500300407409668,5,6.642399787902832,5.651100158691406,6547,16.125999450683594,1.2033499479293823,0.4735200107097626
1997,7,16,12,0,0.7894819974899292,8.897899627685547,5,7.007800102233887,5.985799789428711,5825,16.125999450683594,1.1067800521850586,0.46112000942230225
1997,7,16,15,0,0.7836530208587646,9.285099983215332,15,7.2307000160217285,6.103799819946289,5133,16.125999450683594,1.0147500038146973,0.45695000886917114
1997,7,16,18,0,0.7805740237236023,9.182999610900879,15,6.744100093841553,5.457399845123291,4828,16.125999450683594,0.9894000291824341,0.4810299873352051
1997,7,16,21,0,0.7669180035591125,8.483699798583984,15,5.8597002029418945,4.691800117492676,4872,14.659700393676758,1.0371099710464478,0.5350000262260437
1997,7,17,0,0,0.7504130005836487,7.784999847412109,5,5.37060022354126,4.386099815368652,5285,14.659700393676758,1.1324599981307983,0.5697799921035767
1997,7,17,3,0,0.7532860040664673,7.947400093078613,5,5.651599884033203,4.643499851226807,5433,14.659700393676758,1.1363099813461304,0.546280026435852
1997,7,17,6,0,0.767208993434906,8.834500312805176,15,6.521100044250488,5.402500152587891,4885,14.659700393676758,1.0177700519561768,0.5044100284576416
1997,7,17,9,0,0.7857009768486023,9.37559986114502,25,7.009099960327148,5.855800151824951,4616,14.659700393676758,0.9584000110626221,0.4885900020599365
1997,7,17,12,0,0.8024510145187378,9.644000053405762,25,7.226600170135498,6.068900108337402,4618,14.659700393676758,0.9450299739837646,0.4855400025844574
1997,7,17,15,0,0.8061890006065369,9.67020034790039,25,7.131700038909912,5.901299953460693,4759,14.659700393676758,0.959089994430542,0.4923799932003021
1997,7,17,18,0,0.7983490228652954,9.521200180053711,25,7.09689998626709,5.958399772644043,4990,14.659700393676758,0.991159975528717,0.4977400004863739
1997,7,17,21,0,0.7865359783172607,9.267499923706055,25,6.947800159454346,5.822999954223633,5191,14.659700393676758,1.0260800123214722,0.4985400140285492
1997,7,18,0,0,0.775858998298645,8.89050006866455,15,6.449699878692627,5.272299766540527,5189,14.659700393676758,1.0484000444412231,0.515209972858429
1997,7,18,3,0,0.7664750218391418,8.659600257873535,15,6.175300121307373,5.053299903869629,4972,14.659700393676758,1.0400199890136719,0.5335900187492371
1997,7,18,6,0,0.7549660205841064,8.568900108337402,15,6.102499961853027,5.024199962615967,4871,16.125999450683594,1.0349299907684326,0.5415099859237671
1997,7,18,9,0,0.7453709840774536,8.829999923706055,25,6.365600109100342,5.260700225830078,4855,16.125999450683594,1.016510009765625,0.5273399949073792
1997,7,18,12,0,0.744700014591217,9.266200065612793,25,6.75540018081665,5.604499816894531,4755,16.125999450683594,0.9798600077629089,0.5091999769210815
1997,7,18,15,0,0.7434790134429932,9.529800415039062,25,6.9268999099731445,5.7179999351501465,4577,16.125999450683594,0.9467200040817261,0.5013499855995178
1997,7,18,18,0,0.7370200157165527,9.593400001525879,25,6.940000057220459,5.7006001472473145,4327,16.125999450683594,0.9170799851417542,0.5004299879074097
1997,7,18,21,0,0.7066760063171387,8.290499687194824,25,5.326399803161621,4.240300178527832,4319,16.125999450683594,0.9897699952125549,0.5936599969863892
1997,7,19,0,0,0.6858839988708496,7.103700160980225,5,4.964600086212158,4.139200210571289,5452,16.125999450683594,1.2115399837493896,0.6021400094032288
1997,7,19,3,0,0.6892380118370056,7.543000221252441,5,5.383200168609619,4.458600044250488,5441,14.659700393676758,1.1698499917984009,0.5568000078201294
1997,7,19,6,0,0.6823850274085999,8.329899787902832,15,5.9857001304626465,4.910399913787842,4952,14.659700393676758,1.0555200576782227,0.5231299996376038
1997,7,19,9,0,0.6883289813995361,9.156100273132324,25,6.703499794006348,5.5096001625061035,4660,14.659700393676758,0.9717400074005127,0.4893699884414673
1997,7,19,12,0,0.7055100202560425,9.698399543762207,25,7.155099868774414,5.87529993057251,4542,14.659700393676758,0.9291899800300598,0.4683699905872345
1997,7,19,15,0,0.7145990133285522,9.840700149536133,25,7.207900047302246,5.844600200653076,4603,14.659700393676758,0.9263899922370911,0.4593900144100189
1997,7,19,18,0,0.7205920219421387,9.637800216674805,15,6.937900066375732,5.499499797821045,4950,14.659700393676758,0.9681800007820129,0.4555400013923645
1997,7,19,21,0,0.7340790033340454,8.398599624633789,5,5.714399814605713,4.5447001457214355,5927,14.659700393676758,1.1373399496078491,0.5171899795532227
1997,7,20,0,0,0.7634159922599792,8.130000114440918,355,5.819900035858154,4.7266998291015625,7124,13.326800346374512,1.267930030822754,0.4927000105381012
1997,7,20,3,0,0.7891629934310913,8.626500129699707,355,6.3927001953125,5.171500205993652,7533,13.326800346374512,1.2590199708938599,0.44207000732421875
1997,7,20,6,0,0.8030419945716858,9.243900299072266,5,7.28879976272583,6.045300006866455,7558,13.326800346374512,1.2123899459838867,0.3885299861431122
1997,7,20,9,0,0.8081690073013306,9.668800354003906,5,7.924499988555908,6.718599796295166,7718,13.326800346374512,1.194309949874878,0.35493001341819763
1997,7,20,12,0,0.8104569911956787,9.912599563598633,5,8.327300071716309,7.190800189971924,7914,13.326800346374512,1.1924699544906616,0.3346700072288513
1997,7,20,15,0,0.8187800049781799,9.95300006866455,5,8.475199699401855,7.417500019073486,7816,11.013500213623047,1.1824599504470825,0.3273800015449524
1997,7,20,18,0,0.8250100016593933,9.857799530029297,5,8.301899909973145,7.1407999992370605,7613,11.013500213623047,1.1738200187683105,0.3342199921607971
1997,7,20,21,0,0.8244060277938843,9.187000274658203,5,7.025199890136719,5.628200054168701,7502,11.013500213623047,1.2111300230026245,0.3930499851703644
1997,7,21,0,0,0.8241900205612183,8.560600280761719,5,6.362599849700928,5.132900238037109,7407,11.013500213623047,1.25163996219635,0.43393999338150024
1997,7,21,3,0,0.8280869722366333,8.41919994354248,355,6.332799911499023,5.166900157928467,7174,11.013500213623047,1.243839979171753,0.4346800148487091
1997,7,21,6,0,0.8348270058631897,8.830699920654297,5,6.975599765777588,5.830599784851074,6792,11.013500213623047,1.1797900199890137,0.40160998702049255
1997,7,21,9,0,0.8382369875907898,9.203200340270996,5,7.478300094604492,6.395500183105469,6581,11.013500213623047,1.136780023574829,0.38760000467300415
1997,7,21,12,0,0.8374760150909424,9.509099960327148,5,7.811200141906738,6.745299816131592,6535,11.013500213623047,1.1144700050354004,0.38350000977516174
1997,7,21,15,0,0.8338220119476318,9.750499725341797,5,8.068499565124512,7.005899906158447,6445,11.013500213623047,1.0929900407791138,0.3787499964237213
1997,7,21,18,0,0.8293460011482239,9.88949966430664,5,8.238499641418457,7.1656999588012695,6179,10.01200008392334,1.0623699426651,0.3714500069618225
1997,7,21,21,0,0.8252670168876648,9.919699668884277,5,8.28339958190918,7.142300128936768,5807,10.01200008392334,1.027959942817688,0.36309000849723816
1997,7,22,0,0,0.8231710195541382,9.78320026397705,5,7.807400226593018,6.276000022888184,5533,10.01200008392334,1.0108599662780762,0.3679400086402893
1997,7,22,3,0,0.8258950114250183,9.957599639892578,15,8.13659954071045,6.702300071716309,5412,10.01200008392334,0.9909200072288513,0.3597699999809265
1997,7,22,6,0,0.8313930034637451,10.227999687194824,15,8.5802001953125,7.369100093841553,5432,16.125999450683594,0.9802500009536743,0.35697001218795776
1997,7,22,9,0,0.8359349966049194,10.416099548339844,15,8.777700424194336,7.676499843597412,5502,16.125999450683594,0.9790499806404114,0.3630400002002716
1997,7,22,12,0,0.8382059931755066,10.35509967803955,15,8.654999732971191,7.614299774169922,5531,16.125999450683594,0.9866399765014648,0.37893998622894287
1997,7,22,15,0,0.8384479880332947,10.04520034790039,15,8.25879955291748,7.261300086975098,5414,16.125999450683594,0.9931700229644775,0.40209999680519104
1997,7,22,18,0,0.8368300199508667,9.722599983215332,15,7.865799903869629,6.85230016708374,5083,16.125999450683594,0.9793099761009216,0.41815999150276184
1997,7,22,21,0,0.8301720023155212,8.857000350952148,15,6.394499778747559,5.0802998542785645,4779,16.125999450683594,0.9978799819946289,0.47196000814437866
1997,7,23,0,0,0.8186550140380859,6.950699806213379,5,5.050899982452393,4.260900020599365,5730,14.659700393676758,1.2494299411773682,0.5598400235176086
1997,7,23,3,0,0.8206400275230408,7.09119987487793,5,5.496500015258789,4.717899799346924,6128,14.659700393676758,1.2826100587844849,0.5022000074386597
1997,7,23,6,0,0.809781014919281,7.616799831390381,5,5.961100101470947,5.117700099945068,5583,14.659700393676758,1.1764700412750244,0.48183000087738037
1997,7,23,9,0,0.7966650128364563,8.258899688720703,5,6.51230001449585,5.601500034332275,5033,14.659700393676758,1.067430019378662,0.46432000398635864
1997,7,23,12,0,0.7893589735031128,8.73490047454834,15,6.855500221252441,5.869800090789795,4638,14.659700393676758,0.9928699731826782,0.4571399986743927
1997,7,23,15,0,0.7959020137786865,8.894000053405762,15,6.958899974822998,5.9278998374938965,4493,14.659700393676758,0.9670900106430054,0.45298999547958374
1997,7,23,18,0,0.7970560193061829,8.570699691772461,5,6.569300174713135,5.463699817657471,4583,14.659700393676758,0.9962499737739563,0.45934998989105225
1997,7,23,21,0,0.7924100160598755,7.1528000831604,355,5.2692999839782715,4.378200054168701,5546,14.659700393676758,1.2107700109481812,0.5120099782943726
1997,7,24,0,0,0.8199390172958374,6.939599990844727,345,5.413099765777588,4.584799766540527,6805,7.5218000411987305,1.3657399415969849,0.4563499987125397
1997,7,24,3,0,0.8211249709129333,7.306600093841553,345,5.777599811553955,4.880300045013428,5858,8.274100303649902,1.229509949684143,0.42917999625205994
1997,7,24,6,0,0.8149380087852478,7.745299816131592,355,6.25540018081665,5.320799827575684,4836,8.274100303649902,1.0806699991226196,0.40834999084472656
1997,7,24,9,0,0.8151040077209473,8.152199745178223,355,6.84689998626709,5.999599933624268,4350,8.274100303649902,0.9956600069999695,0.38137999176979065
1997,7,24,12,0,0.8146719932556152,8.286100387573242,355,6.975599765777588,6.117199897766113,4078,8.274100303649902,0.9548199772834778,0.3777500092983246
1997,7,24,15,0,0.8107870221138,8.192899703979492,355,6.761099815368652,5.8414998054504395,3889,8.274100303649902,0.9382200241088867,0.39271000027656555
1997,7,24,18,0,0.801613986492157,7.923999786376953,355,6.195700168609619,5.13040018081665,3707,8.274100303649902,0.9330899715423584,0.42274001240730286
1997,7,24,21,0,0.789493978023529,6.860499858856201,355,5.086599826812744,4.235000133514404,4026,8.274100303649902,1.053820013999939,0.49891000986099243
1997,7,25,0,0,0.8055909872055054,6.626500129699707,345,5.0605998039245605,4.274499893188477,4649,8.274100303649902,1.1572400331497192,0.48342999815940857
1997,7,25,3,0,0.8042280077934265,6.9375,345,5.332699775695801,4.479700088500977,4204,8.274100303649902,1.0728700160980225,0.46599000692367554
1997,7,25,6,0,0.7876480221748352,7.146999835968018,345,5.508200168609619,4.6234002113342285,3470,8.274100303649902,0.9595199823379517,0.46728000044822693
1997,7,25,9,0,0.7820850014686584,7.182000160217285,345,5.5524001121521,4.664999961853027,3082,8.274100303649902,0.9027199745178223,0.46841999888420105
1997,7,25,12,0,0.7846440076828003,7.432000160217285,345,5.910200119018555,5.0183000564575195,2878,8.274100303649902,0.8567900061607361,0.44481000304222107
1997,7,25,15,0,0.7875739932060242,7.6880998611450195,345,6.255899906158447,5.369900226593018,2731,8.274100303649902,0.8194400072097778,0.4260999858379364
1997,7,25,18,0,0.7925710082054138,7.3043999671936035,345,5.576399803161621,4.601099967956543,2774,8.274100303649902,0.8490300178527832,0.46178001165390015
1997,7,25,21,0,0.8184059858322144,6.2032999992370605,335,4.647799968719482,3.9214999675750732,3519,8.274100303649902,1.046720027923584,0.5161600112915039
1997,7,26,0,0,0.857367992401123,6.16480016708374,335,4.785299777984619,4.071100234985352,4770,8.274100303649902,1.2237000465393066,0.47086000442504883
1997,7,26,3,0,0.8628349900245667,6.740600109100342,335,5.24970006942749,4.400899887084961,4766,8.274100303649902,1.1613800525665283,0.43615999817848206
1997,7,26,6,0,0.8527079820632935,7.206999778747559,335,5.782599925994873,4.8917999267578125,4166,8.274100303649902,1.046180009841919,0.4111199975013733
1997,7,26,9,0,0.8294519782066345,7.7221999168396,335,6.368899822235107,5.466700077056885,3442,8.274100303649902,0.9162200093269348,0.3986800014972687
1997,7,26,12,0,0.8056820034980774,7.823500156402588,345,6.369200229644775,5.460400104522705,3045,8.274100303649902,0.8573899865150452,0.42757999897003174
1997,7,26,15,0,0.7865260243415833,7.78879976272583,345,6.1433000564575195,5.169600009918213,2812,7.5218000411987305,0.8280199766159058,0.4615499973297119
1997,7,26,18,0,0.7741990089416504,7.339600086212158,345,5.47790002822876,4.5269999504089355,2752,7.5218000411987305,0.8471999764442444,0.5126699805259705
1997,7,26,21,0,0.7893249988555908,6.093999862670898,335,4.456200122833252,3.768899917602539,3291,7.5218000411987305,1.0261600017547607,0.5778300166130066
1997,7,27,0,0,0.8394449949264526,6.127999782562256,335,4.719799995422363,4.0258002281188965,4509,7.5218000411987305,1.1970800161361694,0.5030500292778015
1997,7,27,3,0,0.8364819884300232,6.7093000411987305,335,5.188399791717529,4.369800090789795,4052,8.274100303649902,1.0770100355148315,0.4687800109386444
1997,7,27,6,0,0.8199769854545593,7.127099990844727,335,5.621099948883057,4.752500057220459,3397,7.5218000411987305,0.9535700082778931,0.44898998737335205
1997,7,27,9,0,0.8000900149345398,7.604100227355957,345,6.118100166320801,5.215099811553955,3007,8.274100303649902,0.8656100034713745,0.43474000692367554
1997,7,27,12,0,0.7901149988174438,7.991499900817871,345,6.512599945068359,5.634699821472168,2955,8.274100303649902,0.8359299898147583,0.43915000557899475
1997,7,27,15,0,0.7827050089836121,8.294500350952148,345,6.742199897766113,5.854400157928467,3034,8.274100303649902,0.8317700028419495,0.45357999205589294
1997,7,27,18,0,0.7790619730949402,8.359299659729004,355,6.615799903869629,5.614699840545654,3063,8.274100303649902,0.8334100246429443,0.47251999378204346
1997,7,27,21,0,0.7773820161819458,6.917300224304199,345,4.91480016708374,4.073299884796143,3461,8.274100303649902,0.9810799956321716,0.5777699947357178
1997,7,28,0,0,0.79728102684021,6.54040002822876,345,4.889100074768066,4.144000053405762,4094,8.274100303649902,1.1010500192642212,0.5489199757575989
1997,7,28,3,0,0.7986199855804443,6.811100006103516,345,5.115300178527832,4.301400184631348,3836,8.274100303649902,1.0411900281906128,0.5227800011634827
1997,7,28,6,0,0.7804949879646301,7.401700019836426,345,5.654099941253662,4.751500129699707,3133,8.274100303649902,0.8986700177192688,0.49889999628067017
1997,7,28,9,0,0.7697539925575256,7.908199787139893,355,6.160900115966797,5.228899955749512,2655,8.274100303649902,0.7978799939155579,0.4844000041484833
1997,7,28,12,0,0.7676960229873657,8.103500366210938,355,6.281000137329102,5.325699806213379,2475,8.274100303649902,0.7607799768447876,0.49312999844551086
1997,7,28,15,0,0.7670890092849731,8.14900016784668,355,6.238500118255615,5.265500068664551,2436,8.274100303649902,0.7539299726486206,0.511430025100708
1997,7,28,18,0,0.7699840068817139,8.309900283813477,355,6.310699939727783,5.303299903869629,2431,8.274100303649902,0.7469900250434875,0.5229700207710266
1997,7,28,21,0,0.7725740075111389,6.965700149536133,355,4.7027997970581055,3.8731000423431396,2752,8.274100303649902,0.8748499751091003,0.6395999789237976
1997,7,29,0,0,0.7815750241279602,6.534200191497803,355,4.623799800872803,3.897200107574463,3204,7.5218000411987305,0.9789000153541565,0.6365699768066406
1997,7,29,3,0,0.7881240248680115,6.9131999015808105,355,4.927599906921387,4.119800090789795,3073,7.5218000411987305,0.9302300214767456,0.6093599796295166
1997,7,29,6,0,0.7928040027618408,7.716300010681152,355,5.53980016708374,4.599899768829346,2716,7.5218000411987305,0.8248699903488159,0.5872799754142761
1997,7,29,9,0,0.8031010031700134,8.559300422668457,5,6.3078999519348145,5.292399883270264,2582,16.125999450683594,0.7623900175094604,0.5655400156974792
1997,7,29,12,0,0.8165940046310425,9.116399765014648,5,6.852399826049805,5.778600215911865,2597,23.611900329589844,0.7402999997138977,0.5460399985313416
1997,7,29,15,0,0.8217779994010925,9.250300407409668,5,7.03849983215332,5.934500217437744,2644,8.274100303649902,0.740339994430542,0.5306199789047241
1997,7,29,18,0,0.8232799768447876,9.173299789428711,5,7.0920000076293945,6.01609992980957,2654,8.274100303649902,0.743149995803833,0.5144400000572205
1997,7,29,21,0,0.818157970905304,8.276000022888184,5,5.693600177764893,4.489699840545654,2707,8.274100303649902,0.7907800078392029,0.5581300258636475
1997,7,30,0,0,0.8157600164413452,6.9390997886657715,355,4.760000228881836,3.943700075149536,3123,8.274100303649902,0.9332299828529358,0.6329399943351746
1997,7,30,3,0,0.8159970045089722,7.38700008392334,355,5.203400135040283,4.331200122833252,3227,8.274100303649902,0.9207199811935425,0.6166300177574158
1997,7,30,6,0,0.8177890181541443,8.277299880981445,5,5.803100109100342,4.817500114440918,3208,8.274100303649902,0.8687099814414978,0.6156100034713745
1997,7,30,9,0,0.8247789740562439,9.042799949645996,5,6.273600101470947,5.197000026702881,3349,21.46489906311035,0.8518000245094299,0.6155999898910522
1997,7,30,12,0,0.8292149901390076,9.44279956817627,5,6.546999931335449,5.443299770355225,3582,21.46489906311035,0.8636599779129028,0.6127399802207947
1997,7,30,15,0,0.8332579731941223,9.622699737548828,15,6.718299865722656,5.618000030517578,3789,21.46489906311035,0.8799800276756287,0.6068800091743469
1997,7,30,18,0,0.8381649851799011,9.755999565124512,15,6.808800220489502,5.667799949645996,3806,21.46489906311035,0.874530017375946,0.5977100133895874
1997,7,30,21,0,0.8307430148124695,8.847999572753906,15,5.604300022125244,4.460999965667725,3836,21.46489906311035,0.9215099811553955,0.6504200100898743
1997,7,31,0,0,0.8242359757423401,7.499899864196777,5,4.966700077056885,4.135799884796143,4524,14.659700393676758,1.0901000499725342,0.6968399882316589
1997,7,31,3,0,0.83371502161026,7.9822001457214355,5,5.493599891662598,4.600500106811523,4916,19.513200759887695,1.1012300252914429,0.6568499803543091
1997,7,31,6,0,0.8434010148048401,9.153599739074707,5,6.189700126647949,5.13100004196167,4782,19.513200759887695,1.0127999782562256,0.6307299733161926
1997,7,31,9,0,0.8589730262756348,10.205900192260742,15,6.767199993133545,5.497900009155273,4780,19.513200759887695,0.9571099877357483,0.5962799787521362
1997,7,31,12,0,0.8700100183486938,10.989899635314941,15,7.284200191497803,5.811100006103516,4967,19.513200759887695,0.9380099773406982,0.5582200288772583
1997,7,31,15,0,0.8737840056419373,11.59119987487793,15,7.7795000076293945,6.138599872589111,5204,19.513200759887695,0.9331899881362915,0.5242599844932556
1997,7,31,18,0,0.8754220008850098,11.970000267028809,25,8.150400161743164,6.401400089263916,5322,19.513200759887695,0.9272699952125549,0.5004100203514099
1997,7,31,21,0,0.8757330179214478,12.062199592590332,15,8.252799987792969,6.415200233459473,5238,19.513200759887695,0.9143800139427185,0.48662999272346497
1997,8,1,0,0,0.871662974357605,11.339699745178223,15,7.027100086212158,5.1930999755859375,5120,19.513200759887695,0.9302999973297119,0.5231099724769592
1997,8,1,3,0,0.8672710061073303,10.705300331115723,15,6.480999946594238,4.866199970245361,5128,17.73889923095703,0.9556099772453308,0.5529599785804749
1997,8,1,6,0,0.8722100257873535,11.118399620056152,15,7.14709997177124,5.459700107574463,5199,17.73889923095703,0.9405400156974792,0.5158900022506714
1997,8,1,9,0,0.8787440061569214,11.539299964904785,15,7.795000076293945,5.995999813079834,5478,17.73889923095703,0.9455199837684631,0.4781099855899811
1997,8,1,12,0,0.8842650055885315,11.527199745178223,15,8.182499885559082,6.477799892425537,5890,17.73889923095703,0.9805399775505066,0.4641999900341034
1997,8,1,15,0,0.8871440291404724,11.359700202941895,15,8.277299880981445,6.721399784088135,6061,17.73889923095703,1.0015000104904175,0.4636000096797943
1997,8,1,18,0,0.8892970085144043,11.20930004119873,15,8.226699829101562,6.7241997718811035,6032,17.73889923095703,1.0044599771499634,0.46340999007225037
1997,8,1,21,0,0.8883330225944519,10.569700241088867,15,7.120999813079834,5.458700180053711,6104,17.73889923095703,1.0401099920272827,0.49667999148368835
1997,8,2,0,0,0.8788120150566101,9.368000030517578,15,6.07919979095459,4.791800022125244,6673,16.125999450683594,1.157670021057129,0.5665299892425537
1997,8,2,3,0,0.8830909729003906,9.715499877929688,15,6.680600166320801,5.371200084686279,6962,16.125999450683594,1.1599400043487549,0.5343899726867676
1997,8,2,6,0,0.8909689784049988,10.362199783325195,15,7.410200119018555,6.01140022277832,6994,16.125999450683594,1.1238900423049927,0.49678999185562134
1997,8,2,9,0,0.8943009972572327,10.740599632263184,15,7.916500091552734,6.460000038146973,6931,16.125999450683594,1.0977400541305542,0.4702500104904175
1997,8,2,12,0,0.8933709859848022,10.882599830627441,15,8.253800392150879,6.828400135040283,6702,16.125999450683594,1.070989966392517,0.45197001099586487
1997,8,2,15,0,0.8909509778022766,10.939800262451172,15,8.450699806213379,7.084099769592285,6477,14.659700393676758,1.0496200323104858,0.4432699978351593
1997,8,2,18,0,0.8891230225563049,11.144000053405762,15,8.658900260925293,7.309100151062012,6469,14.659700393676758,1.0412700176239014,0.4438300132751465
1997,8,2,21,0,0.8878600001335144,11.42650032043457,15,8.634200096130371,6.991300106048584,6680,14.659700393676758,1.049049973487854,0.4514099955558777
1997,8,3,0,0,0.8849760293960571,11.338700294494629,15,7.912399768829346,6.059100151062012,6964,21.46489906311035,1.0786499977111816,0.4820300042629242
1997,8,3,3,0,0.8828989863395691,11.55840015411377,15,8.303999900817871,6.507599830627441,7016,21.46489906311035,1.071679949760437,0.46983999013900757
1997,8,3,6,0,0.8819789886474609,11.759200096130371,25,8.789400100708008,7.0802998542785645,6930,21.46489906311035,1.0533499717712402,0.44672998785972595
1997,8,3,9,0,0.8831700086593628,12.02560043334961,25,9.187199592590332,7.48960018157959,6973,16.125999450683594,1.0436999797821045,0.4274600148200989
1997,8,3,12,0,0.8872039914131165,12.466699600219727,25,9.6318998336792,7.9039998054504395,7303,19.513200759887695,1.051069974899292,0.4142000079154968
1997,8,3,15,0,0.8905180096626282,12.873700141906738,25,9.984999656677246,8.233099937438965,7790,19.513200759887695,1.0718799829483032,0.4080899953842163
1997,8,3,18,0,0.8895879983901978,12.923399925231934,25,9.980600357055664,8.285799980163574,8110,19.513200759887695,1.0942100286483765,0.4153600037097931
1997,8,3,21,0,0.8835030198097229,12.452699661254883,25,9.436599731445312,7.718500137329102,8214,19.513200759887695,1.1220699548721313,0.4356899857521057
1997,8,4,0,0,0.8730559945106506,11.41919994354248,25,8.23639965057373,6.455699920654297,8490,19.513200759887695,1.1893199682235718,0.4711099863052368
1997,8,4,3,0,0.869920015335083,11.003499984741211,25,8.325599670410156,6.896500110626221,8822,19.513200759887695,1.231469988822937,0.46671000123023987
1997,8,4,6,0,0.8737159967422485,11.049099922180176,25,8.563400268554688,7.27239990234375,9215,17.73889923095703,1.2531800270080566,0.4527899920940399
1997,8,4,9,0,0.8785809874534607,11.289799690246582,25,8.790599822998047,7.507699966430664,9831,17.73889923095703,1.2796299457550049,0.4431299865245819
1997,8,4,12,0,0.8820769786834717,11.589500427246094,25,8.981599807739258,7.639599800109863,10386,17.73889923095703,1.2984299659729004,0.4368399977684021
1997,8,4,15,0,0.8833460211753845,11.847200393676758,25,9.121100425720215,7.680699825286865,10564,17.73889923095703,1.2953599691390991,0.4305799901485443
1997,8,4,18,0,0.8820760250091553,11.970800399780273,25,9.191699981689453,7.675600051879883,10343,17.73889923095703,1.2743200063705444,0.4246799945831299
1997,8,4,21,0,0.8780149817466736,11.832500457763672,25,8.822099685668945,7.0030999183654785,9864,17.73889923095703,1.2500100135803223,0.4255799949169159
1997,8,5,0,0,0.8710489869117737,11.291600227355957,25,8.023300170898438,6.222899913787842,9406,17.73889923095703,1.2470799684524536,0.4509899914264679
1997,8,5,3,0,0.8626530170440674,10.570899963378906,25,7.316100120544434,5.716400146484375,9162,17.73889923095703,1.269860029220581,0.4818800091743469
1997,8,5,6,0,0.857699990272522,10.329299926757812,25,7.411499977111816,5.994200229644775,9061,16.125999450683594,1.275089979171753,0.4783799946308136
1997,8,5,9,0,0.8560829758644104,10.556500434875488,25,7.768099784851074,6.335700035095215,8857,16.125999450683594,1.2442100048065186,0.45482999086380005
1997,8,5,12,0,0.8569520115852356,10.858799934387207,25,8.126999855041504,6.634099960327148,8699,16.125999450683594,1.2138700485229492,0.4330900013446808
1997,8,5,15,0,0.8555750250816345,10.977700233459473,25,8.238300323486328,6.696800231933594,8632,16.125999450683594,1.2020900249481201,0.42563000321388245
1997,8,5,18,0,0.8475180268287659,10.800399780273438,25,8.030400276184082,6.49429988861084,8630,16.125999450683594,1.2127599716186523,0.43498000502586365
1997,8,5,21,0,0.8294559717178345,10.00059986114502,25,6.850500106811523,5.346799850463867,8678,16.125999450683594,1.2667299509048462,0.48949000239372253
1997,8,6,0,0,0.7938539981842041,8.968700408935547,15,6.273900032043457,5.07889986038208,9311,16.125999450683594,1.3925700187683105,0.5272499918937683
1997,8,6,3,0,0.7874780297279358,9.076399803161621,15,6.480899810791016,5.249899864196777,8652,16.125999450683594,1.3327300548553467,0.5060300230979919
1997,8,6,6,0,0.7876139879226685,9.4350004196167,15,6.912600040435791,5.642899990081787,7546,16.125999450683594,1.2170699834823608,0.4796000123023987
1997,8,6,9,0,0.7994379997253418,9.80459976196289,25,7.364699840545654,6.078000068664551,6565,14.659700393676758,1.1100000143051147,0.4541400074958801
1997,8,6,12,0,0.8154730200767517,10.049699783325195,25,7.63040018081665,6.3140997886657715,5973,14.659700393676758,1.0431100130081177,0.4379200041294098
1997,8,6,15,0,0.8263580203056335,10.2431001663208,25,7.763000011444092,6.385499954223633,5784,14.659700393676758,1.015179991722107,0.43018001317977905
1997,8,6,18,0,0.831242024898529,10.259499549865723,25,7.515500068664551,5.9721999168396,5756,14.659700393676758,1.0109299421310425,0.43474000692367554
1997,8,6,21,0,0.8195239901542664,9.431900024414062,25,6.245699882507324,4.834499835968018,6005,14.659700393676758,1.0788400173187256,0.5022000074386597
1997,8,7,0,0,0.806082010269165,8.664600372314453,15,5.67110013961792,4.501699924468994,6637,14.659700393676758,1.1882599592208862,0.552649974822998
1997,8,7,3,0,0.8107479810714722,9.025899887084961,15,6.135000228881836,4.8867998123168945,6782,14.659700393676758,1.1754900217056274,0.5197799801826477
1997,8,7,6,0,0.8241320252418518,9.567299842834473,15,6.728899955749512,5.366799831390381,6527,14.659700393676758,1.1160399913787842,0.4794999957084656
1997,8,7,9,0,0.8339859843254089,9.849599838256836,15,7.098400115966797,5.695499897003174,6474,14.659700393676758,1.0928900241851807,0.4556800127029419
1997,8,7,12,0,0.8390229940414429,10.03320026397705,15,7.35699987411499,5.928999900817871,6349,14.659700393676758,1.0708600282669067,0.43933001160621643
1997,8,7,15,0,0.838716983795166,10.016400337219238,15,7.395500183105469,5.958499908447266,5917,14.659700393676758,1.0333600044250488,0.43163999915122986
1997,8,7,18,0,0.8271530270576477,9.268199920654297,5,6.399199962615967,5.002600193023682,5545,13.326800346374512,1.0411200523376465,0.47304001450538635
1997,8,7,21,0,0.8077939748764038,7.785999774932861,355,5.380300045013428,4.373499870300293,6196,13.326800346374512,1.211859941482544,0.5376099944114685
1997,8,8,0,0,0.8164190053939819,7.501800060272217,355,5.4054999351501465,4.441400051116943,6909,13.326800346374512,1.308169960975647,0.5099599957466125
1997,8,8,3,0,0.8211439847946167,7.570799827575684,345,5.480299949645996,4.46589994430542,6687,13.326800346374512,1.2794500589370728,0.48965999484062195
1997,8,8,6,0,0.8164370059967041,8.196499824523926,355,6.19379997253418,5.078999996185303,5738,13.326800346374512,1.1332900524139404,0.44196999073028564
1997,8,8,9,0,0.8162500262260437,9.103599548339844,355,7.513999938964844,6.4994001388549805,5011,12.114999771118164,0.9982600212097168,0.3737800121307373
1997,8,8,12,0,0.8189809918403625,9.45930004119873,355,7.93120002746582,6.9197998046875,4812,12.114999771118164,0.95660001039505,0.3544999957084656
1997,8,8,15,0,0.8218299746513367,9.542499542236328,5,7.821800231933594,6.646200180053711,4619,12.114999771118164,0.9322400093078613,0.36243000626564026
1997,8,8,18,0,0.8157240152359009,9.05150032043457,5,6.825300216674805,5.491799831390381,4372,12.114999771118164,0.9338399767875671,0.4156700074672699
1997,8,8,21,0,0.7903199791908264,7.503300189971924,355,5.16540002822876,4.177800178527832,4384,12.114999771118164,1.0386699438095093,0.5321499705314636
1997,8,9,0,0,0.7924439907073975,6.446300029754639,345,4.720200061798096,3.9709999561309814,5255,11.013500213623047,1.245669960975647,0.5427500009536743
1997,8,9,3,0,0.800445020198822,7.114099979400635,345,5.287099838256836,4.385300159454346,4963,8.274100303649902,1.1473599672317505,0.4961499869823456
1997,8,9,6,0,0.7790449857711792,7.951399803161621,355,6.05019998550415,5.033599853515625,4583,8.274100303649902,1.0390299558639526,0.47775998711586
1997,8,9,9,0,0.755378007888794,8.91919994354248,355,6.942699909210205,5.86299991607666,4638,11.013500213623047,0.9843900203704834,0.46525999903678894
1997,8,9,12,0,0.7486969828605652,9.64210033416748,5,7.649899959564209,6.552700042724609,5121,17.73889923095703,0.9924899935722351,0.4456999897956848
1997,8,9,15,0,0.7423909902572632,9.948599815368652,5,7.957900047302246,6.859399795532227,5476,17.73889923095703,1.008620023727417,0.43362000584602356
1997,8,9,18,0,0.7382910251617432,10.043399810791016,15,8.0024995803833,6.878900051116943,5528,17.73889923095703,1.0079100131988525,0.43147000670433044
1997,8,9,21,0,0.7357789874076843,9.953300476074219,15,7.628600120544434,6.246699810028076,5596,16.125999450683594,1.0184600353240967,0.4384799897670746
1997,8,10,0,0,0.7342730164527893,9.682000160217285,15,7.075200080871582,5.620699882507324,5856,16.125999450683594,1.055780053138733,0.45715999603271484
1997,8,10,3,0,0.7342590093612671,9.790499687194824,25,7.446700096130371,6.107999801635742,6161,14.659700393676758,1.0749599933624268,0.4394499957561493
1997,8,10,6,0,0.7307400107383728,9.869400024414062,25,7.864799976348877,6.720600128173828,6580,14.659700393676758,1.104449987411499,0.41596001386642456
1997,8,10,9,0,0.7302820086479187,9.993000030517578,25,8.196700096130371,7.163099765777588,6964,14.659700393676758,1.1267399787902832,0.39361000061035156
1997,8,10,12,0,0.7347490191459656,10.142900466918945,25,8.436100006103516,7.4506001472473145,7184,13.326800346374512,1.1334999799728394,0.37832000851631165
1997,8,10,15,0,0.7379480004310608,10.188199996948242,25,8.533599853515625,7.569300174713135,7480,13.326800346374512,1.151769995689392,0.36796998977661133
1997,8,10,18,0,0.7393479943275452,10.073399543762207,25,8.489100456237793,7.562300205230713,7834,13.326800346374512,1.1840399503707886,0.3614499866962433
1997,8,10,21,0,0.7385519742965698,9.977399826049805,35,8.467599868774414,7.565400123596191,7822,13.326800346374512,1.1871600151062012,0.35227999091148376
1997,8,11,0,0,0.7434269785881042,10.021599769592285,35,8.578399658203125,7.692399978637695,7691,13.326800346374512,1.1723899841308594,0.3400599956512451
1997,8,11,3,0,0.7511720061302185,10.097100257873535,35,8.717499732971191,7.836100101470947,7681,12.114999771118164,1.1651999950408936,0.3273800015449524
1997,8,11,6,0,0.7584670186042786,10.126099586486816,35,8.811400413513184,7.968500137329102,7687,12.114999771118164,1.162850022315979,0.319130003452301
1997,8,11,9,0,0.7658799886703491,10.116600036621094,35,8.831700325012207,8.002799987792969,7578,12.114999771118164,1.1545499563217163,0.31551000475883484
1997,8,11,12,0,0.7728409767150879,10.091099739074707,35,8.822600364685059,7.993800163269043,7314,12.114999771118164,1.1353100538253784,0.31317999958992004
1997,8,11,15,0,0.7786329984664917,10.036399841308594,35,8.780699729919434,7.952499866485596,6956,12.114999771118164,1.110069990158081,0.3122999966144562
1997,8,11,18,0,0.7816200256347656,9.9173002243042,35,8.670700073242188,7.851600170135498,6589,12.114999771118164,1.0873600244522095,0.3143100142478943
1997,8,11,21,0,0.78056800365448,9.719099998474121,35,8.401300430297852,7.451499938964844,6271,11.013500213623047,1.0728700160980225,0.3205699920654297
1997,8,12,0,0,0.7774279713630676,9.344300270080566,35,7.530600070953369,6.116499900817871,5992,11.013500213623047,1.0718599557876587,0.3480699956417084
1997,8,12,3,0,0.7761030197143555,9.146400451660156,35,7.314700126647949,6.0320000648498535,5761,11.013500213623047,1.0639400482177734,0.3690899908542633
1997,8,12,6,0,0.7748630046844482,9.018799781799316,35,7.275000095367432,6.158899784088135,5621,11.013500213623047,1.0607500076293945,0.3853600025177002
1997,8,12,9,0,0.7742289900779724,8.995200157165527,35,7.281300067901611,6.224800109863281,5482,11.013500213623047,1.0511300563812256,0.39528000354766846
1997,8,12,12,0,0.7758619785308838,9.049300193786621,35,7.3277997970581055,6.282299995422363,5304,11.013500213623047,1.0322500467300415,0.40149998664855957
1997,8,12,15,0,0.777866005897522,9.11400032043457,35,7.360099792480469,6.308899879455566,5117,10.01200008392334,1.0116300582885742,0.4084700047969818
1997,8,12,18,0,0.7769749760627747,9.041500091552734,35,7.088500022888184,5.919600009918213,5003,10.01200008392334,1.0063300132751465,0.4274899959564209
1997,8,12,21,0,0.7506549954414368,8.110099792480469,25,5.860099792480469,4.770400047302246,5351,10.01200008392334,1.106510043144226,0.503250002861023
1997,8,13,0,0,0.7287529706954956,7.490499973297119,15,5.564199924468994,4.651299953460693,6293,10.01200008392334,1.2585400342941284,0.5177800059318542
1997,8,13,3,0,0.738906979560852,8.044699668884277,15,6.18209981918335,5.192800045013428,6137,7.5218000411987305,1.1969799995422363,0.48072999715805054
1997,8,13,6,0,0.7489150166511536,8.653499603271484,15,6.7967000007629395,5.79040002822876,5741,14.659700393676758,1.1124600172042847,0.4620499908924103
1997,8,13,9,0,0.7623339891433716,9.201000213623047,25,7.371300220489502,6.369500160217285,5739,14.659700393676758,1.0751999616622925,0.44161999225616455
1997,8,13,12,0,0.7788910269737244,9.61929988861084,25,7.826499938964844,6.818999767303467,5957,14.659700393676758,1.0686999559402466,0.4222300052642822
1997,8,13,15,0,0.7877470254898071,9.830100059509277,25,8.097999572753906,7.105500221252441,6289,17.73889923095703,1.0845500230789185,0.4081999957561493
1997,8,13,18,0,0.7921140193939209,9.961400032043457,25,8.22350025177002,7.184100151062012,6466,13.326800346374512,1.0908499956130981,0.39945998787879944
1997,8,13,21,0,0.7936260104179382,9.719599723815918,25,7.329400062561035,5.8256001472473145,6571,13.326800346374512,1.1128000020980835,0.4264799952507019
1997,8,14,0,0,0.7889909744262695,9.131099700927734,25,6.451099872589111,5.088099956512451,6962,13.326800346374512,1.183150053024292,0.47832998633384705
1997,8,14,3,0,0.7981070280075073,9.584199905395508,25,7.213900089263916,5.856800079345703,7187,13.326800346374512,1.1707899570465088,0.43985000252723694
1997,8,14,6,0,0.8047019839286804,10.0693998336792,25,8.048600196838379,6.7855000495910645,7335,13.326800346374512,1.1508100032806396,0.3987500071525574
1997,8,14,9,0,0.8061400055885315,10.287500381469727,25,8.489700317382812,7.343200206756592,7502,13.326800346374512,1.1492300033569336,0.3757399916648865
1997,8,14,12,0,0.8058140277862549,10.325499534606934,25,8.662400245666504,7.635700225830078,7689,13.326800346374512,1.1600899696350098,0.3656800091266632
1997,8,14,15,0,0.8067190051078796,10.333499908447266,25,8.72599983215332,7.753600120544434,7964,13.326800346374512,1.1791900396347046,0.3603299856185913
1997,8,14,18,0,0.8111839890480042,10.442899703979492,25,8.878399848937988,7.9131999015808105,8317,12.114999771118164,1.196969985961914,0.35019999742507935
1997,8,14,21,0,0.8174020051956177,10.508099555969238,25,8.80780029296875,7.52869987487793,8696,12.114999771118164,1.2183200120925903,0.3419699966907501
1997,8,15,0,0,0.8130350112915039,9.767900466918945,15,7.435299873352051,5.953100204467773,9320,12.114999771118164,1.310539960861206,0.4005900025367737
1997,8,15,3,0,0.8157520294189453,9.512499809265137,15,7.414999961853027,6.116300106048584,9866,11.013500213623047,1.3681399822235107,0.4033200144767761
1997,8,15,6,0,0.8214899897575378,9.652700424194336,15,7.820499897003174,6.633900165557861,10201,11.013500213623047,1.380079984664917,0.38032999634742737
1997,8,15,9,0,0.8301870226860046,9.735699653625488,5,8.115099906921387,7.031400203704834,10922,11.013500213623047,1.421180009841919,0.3607499897480011
1997,8,15,12,0,0.8451439738273621,9.946999549865723,5,8.55109977722168,7.589799880981445,12292,10.01200008392334,1.4876500368118286,0.33219000697135925
1997,8,15,15,0,0.8540099859237671,10.332200050354004,5,9.066300392150879,8.184100151062012,12763,11.013500213623047,1.4820300340652466,0.30724000930786133
1997,8,15,18,0,0.8580179810523987,10.606200218200684,5,9.397899627685547,8.536100387573242,12319,14.659700393676758,1.4346200227737427,0.29346001148223877
1997,8,15,21,0,0.8612480163574219,10.557000160217285,5,8.924599647521973,7.435200214385986,11932,14.659700393676758,1.414989948272705,0.30292001366615295
1997,8,16,0,0,0.863398015499115,10.36050033569336,5,8.418100357055664,6.795300006866455,12033,13.326800346374512,1.434340000152588,0.32322001457214355
1997,8,16,3,0,0.8650140166282654,10.291000366210938,355,8.401300430297852,6.860899925231934,12190,13.326800346374512,1.4483000040054321,0.3254300057888031
1997,8,16,6,0,0.8682339787483215,10.514399528503418,355,9.168899536132812,8.08489990234375,12166,13.326800346374512,1.4299700260162354,0.2953000068664551
1997,8,16,9,0,0.8692179918289185,10.546799659729004,355,9.449299812316895,8.696399688720703,11887,12.114999771118164,1.4111000299453735,0.2842999994754791
1997,8,16,12,0,0.868412971496582,10.471199989318848,355,9.43340015411377,8.769599914550781,11243,12.114999771118164,1.3779200315475464,0.2841399908065796
1997,8,16,15,0,0.8672490119934082,10.367600440979004,5,9.333700180053711,8.691100120544434,10448,12.114999771118164,1.3359999656677246,0.28847000002861023
1997,8,16,18,0,0.8651610016822815,10.31190013885498,5,9.247400283813477,8.602299690246582,9686,12.114999771118164,1.2916500568389893,0.29794999957084656
1997,8,16,21,0,0.8593860268592834,10.364700317382812,5,9.197999954223633,8.484199523925781,9115,12.114999771118164,1.252959966659546,0.3158699870109558
1997,8,17,0,0,0.8505290150642395,10.374899864196777,5,8.704500198364258,7.3404998779296875,8722,12.114999771118164,1.2296299934387207,0.34716999530792236
1997,8,17,3,0,0.8423219919204712,10.430100440979004,5,8.67549991607666,7.4496002197265625,8386,12.114999771118164,1.2062100172042847,0.3717299997806549
1997,8,17,6,0,0.837785005569458,10.46030044555664,15,8.771900177001953,7.6971001625061035,7957,12.114999771118164,1.1752400398254395,0.37828001379966736
1997,8,17,9,0,0.8354460000991821,10.327300071716309,15,8.697199821472168,7.71999979019165,7563,12.114999771118164,1.1540900468826294,0.38220998644828796
1997,8,17,12,0,0.8318139910697937,10.216699600219727,15,8.592900276184082,7.668399810791016,7446,11.013500213623047,1.152590036392212,0.3883500099182129
1997,8,17,15,0,0.8264819979667664,10.3572998046875,15,8.639800071716309,7.685999870300293,7632,17.73889923095703,1.160979986190796,0.39614999294281006
1997,8,17,18,0,0.8204780220985413,10.662799835205078,15,8.814599990844727,7.794899940490723,8033,17.73889923095703,1.1765300035476685,0.4019399881362915
1997,8,17,21,0,0.8146679997444153,10.908599853515625,25,8.827799797058105,7.558300018310547,8385,17.73889923095703,1.1913800239562988,0.40873000025749207
1997,8,18,0,0,0.8136019706726074,10.91349983215332,25,8.518699645996094,6.967100143432617,8387,17.73889923095703,1.1938899755477905,0.42228999733924866
1997,8,18,3,0,0.8103989958763123,10.868599891662598,25,8.664400100708008,7.359399795532227,7974,17.73889923095703,1.1672899723052979,0.424780011177063
1997,8,18,6,0,0.8064979910850525,10.674799919128418,15,8.658699989318848,7.5578999519348145,7459,17.73889923095703,1.13850998878479,0.4240899980068207
1997,8,18,9,0,0.8029029965400696,10.500800132751465,15,8.592700004577637,7.5833001136779785,7120,16.125999450683594,1.1197500228881836,0.41916999220848083
1997,8,18,12,0,0.8005610108375549,10.542400360107422,25,8.630900382995605,7.615799903869629,7081,16.125999450683594,1.112820029258728,0.41227999329566956
1997,8,18,15,0,0.8015249967575073,10.759699821472168,25,8.76039981842041,7.687699794769287,7303,16.125999450683594,1.1182199716567993,0.40821000933647156
1997,8,18,18,0,0.8019800186157227,10.940299987792969,25,8.827099800109863,7.697000026702881,7555,16.125999450683594,1.1287200450897217,0.41032999753952026
1997,8,18,21,0,0.7992969751358032,10.746399879455566,25,8.026399612426758,6.366499900817871,7554,16.125999450683594,1.1408599615097046,0.43415001034736633
1997,8,19,0,0,0.7863119840621948,9.731499671936035,25,6.683300018310547,5.276199817657471,7495,16.125999450683594,1.1981500387191772,0.5115399956703186
1997,8,19,3,0,0.7816200256347656,9.545900344848633,25,6.766200065612793,5.47730016708374,7008,16.125999450683594,1.1701899766921997,0.5106499791145325
1997,8,19,6,0,0.7795360088348389,9.623700141906738,25,7.064000129699707,5.832600116729736,6398,17.73889923095703,1.1113200187683105,0.4903799891471863
1997,8,19,9,0,0.7776380181312561,9.777000427246094,25,7.339300155639648,6.105400085449219,6033,14.659700393676758,1.0674099922180176,0.4672299921512604
1997,8,19,12,0,0.7797309756278992,10.081000328063965,25,7.6855998039245605,6.401800155639648,5934,14.659700393676758,1.0393600463867188,0.4431400001049042
1997,8,19,15,0,0.7874950170516968,10.474300384521484,35,8.072799682617188,6.715000152587891,6026,14.659700393676758,1.0254100561141968,0.4221799969673157
1997,8,19,18,0,0.7986900210380554,10.849599838256836,35,8.427200317382812,6.996600151062012,6146,14.659700393676758,1.016700029373169,0.40669000148773193
1997,8,19,21,0,0.8070160150527954,11.065600395202637,35,8.491999626159668,6.861100196838379,6100,14.659700393676758,1.0030200481414795,0.40026000142097473
1997,8,20,0,0,0.8063520193099976,10.78909969329834,35,7.881899833679199,6.185400009155273,5862,14.659700393676758,0.9968299865722656,0.42702001333236694
1997,8,20,3,0,0.7888479828834534,10.19849967956543,35,7.479700088500977,6.075699806213379,5644,14.659700393676758,1.008039951324463,0.458079993724823
1997,8,20,6,0,0.7851619720458984,10.147199630737305,25,7.575799942016602,6.207900047302246,5256,14.659700393676758,0.9740800261497498,0.4478699862957001
1997,8,20,9,0,0.7961670160293579,10.406299591064453,25,7.8942999839782715,6.464000225067139,4966,14.659700393676758,0.9320899844169617,0.42388999462127686
1997,8,20,12,0,0.812300980091095,10.788200378417969,35,8.303600311279297,6.776199817657471,4925,14.659700393676758,0.9091899991035461,0.39862000942230225
1997,8,20,15,0,0.8271480202674866,10.321200370788574,35,6.3308000564575195,4.323599815368652,5062,14.659700393676758,0.9448000192642212,0.4259999990463257
1997,8,20,18,0,0.8448299765586853,7.732699871063232,35,4.904099941253662,3.990600109100342,6430,14.659700393676758,1.2447500228881836,0.631309986114502
1997,8,20,21,0,0.8655110001564026,7.5665998458862305,35,5.1585001945495605,4.298699855804443,7310,14.659700393676758,1.3481600284576416,0.6109200119972229
1997,8,21,0,0,0.8635839819908142,7.647900104522705,35,5.21560001373291,4.347599983215332,7288,14.659700393676758,1.3377599716186523,0.6083099842071533
1997,8,21,3,0,0.8502629995346069,8.425600051879883,35,5.8246002197265625,4.810100078582764,6693,13.326800346374512,1.2132500410079956,0.5595200061798096
1997,8,21,6,0,0.8348230123519897,8.972100257873535,35,6.355199813842773,5.21019983291626,6398,13.326800346374512,1.14274001121521,0.5101900100708008
1997,8,21,9,0,0.8261439800262451,9.210100173950195,25,6.768799781799316,5.588500022888184,6435,13.326800346374512,1.1275700330734253,0.4722900092601776
1997,8,21,12,0,0.8273680210113525,9.336600303649902,25,7.089900016784668,5.9471001625061035,6628,13.326800346374512,1.1355199813842773,0.44933998584747314
1997,8,21,15,0,0.830702006816864,9.44849967956543,25,7.31220006942749,6.202400207519531,6836,13.326800346374512,1.1467399597167969,0.4378800094127655
1997,8,21,18,0,0.8363549709320068,9.547599792480469,25,7.499100208282471,6.418399810791016,7159,13.326800346374512,1.16812002658844,0.42932000756263733
1997,8,21,21,0,0.8435999751091003,9.543000221252441,25,7.589700222015381,6.4944000244140625,7767,13.326800346374512,1.2173099517822266,0.41811999678611755
1997,8,22,0,0,0.8572499752044678,9.459500312805176,15,7.635300159454346,6.5254998207092285,8692,13.326800346374512,1.292680025100708,0.40198999643325806
1997,8,22,3,0,0.8678230047225952,9.45110034942627,15,7.92140007019043,7.011199951171875,9500,12.114999771118164,1.3503199815750122,0.3783000111579895
1997,8,22,6,0,0.8731099963188171,9.418800354003906,15,8.053899765014648,7.258200168609619,9711,12.114999771118164,1.3667700290679932,0.36355000734329224
1997,8,22,9,0,0.8745329976081848,9.387200355529785,15,8.094900131225586,7.355199813842773,9454,12.114999771118164,1.3510500192642212,0.3582099974155426
1997,8,22,12,0,0.8729320168495178,9.396400451660156,15,8.103899955749512,7.378900051116943,8939,12.114999771118164,1.3139899969100952,0.3611299991607666
1997,8,22,15,0,0.8690400123596191,9.449600219726562,15,8.105899810791016,7.367400169372559,8310,12.114999771118164,1.264549970626831,0.3695699870586395
1997,8,22,18,0,0.8655449748039246,9.468099594116211,25,7.922500133514404,6.9492998123168945,7722,13.326800346374512,1.2195899486541748,0.3837299942970276
1997,8,22,21,0,0.8647710084915161,9.262399673461914,25,7.2982001304626465,6.063600063323975,7289,13.326800346374512,1.2007499933242798,0.4183399975299835
1997,8,23,0,0,0.8661689758300781,9.325499534606934,25,7.477099895477295,6.385300159454346,6944,13.326800346374512,1.16989004611969,0.42318999767303467
1997,8,23,3,0,0.8711130023002625,9.288599967956543,25,7.582799911499023,6.638299942016602,6872,12.114999771118164,1.1687699556350708,0.42603999376296997
1997,8,23,6,0,0.8772619962692261,9.099200248718262,25,7.479899883270264,6.62529993057251,7010,12.114999771118164,1.1959999799728394,0.4334299862384796
1997,8,23,9,0,0.8810409903526306,8.949000358581543,25,7.3471999168396,6.525000095367432,7101,6.837800025939941,1.2160099744796753,0.44106000661849976
1997,8,23,12,0,0.8828740119934082,8.780099868774414,25,7.1350998878479,6.320099830627441,7166,6.837800025939941,1.2351800203323364,0.45506998896598816
1997,8,23,15,0,0.8818389773368835,8.807900428771973,25,7.055300235748291,6.201000213623047,6983,6.837800025939941,1.217579960823059,0.4666999876499176
1997,8,23,18,0,0.8788579702377319,9.017600059509277,25,7.109000205993652,6.180500030517578,6634,12.114999771118164,1.1715199947357178,0.4729500114917755
1997,8,23,21,0,0.8767430186271667,9.119500160217285,25,6.873899936676025,5.716400146484375,6390,12.114999771118164,1.1424100399017334,0.4848400056362152
1997,8,24,0,0,0.8765479922294617,9.36240005493164,25,7.065800189971924,5.908199787139893,6246,12.114999771118164,1.1133899688720703,0.4818800091743469
1997,8,24,3,0,0.8779339790344238,9.594300270080566,25,7.271200180053711,6.116099834442139,6173,12.114999771118164,1.0924500226974487,0.47692999243736267
1997,8,24,6,0,0.879938006401062,9.633299827575684,25,6.994500160217285,5.617099761962891,6196,12.114999771118164,1.093000054359436,0.485289990901947
1997,8,24,9,0,0.8812010288238525,8.656599998474121,25,5.855000019073486,4.713399887084961,6766,12.114999771118164,1.2107900381088257,0.5647799968719482
1997,8,24,12,0,0.89021897315979,7.871300220489502,25,5.680699825286865,4.770100116729736,8341,6.216100215911865,1.420549988746643,0.5729699730873108
1997,8,24,15,0,0.892831027507782,7.8607001304626465,25,5.877900123596191,5.002900123596191,8972,6.216100215911865,1.4766199588775635,0.5507799983024597
1997,8,24,18,0,0.8844169974327087,7.606900215148926,35,5.590700149536133,4.726500034332275,8952,6.216100215911865,1.5008200407028198,0.5664499998092651
1997,8,24,21,0,0.8841530084609985,7.214600086212158,35,5.391600131988525,4.616799831390381,9524,6.216100215911865,1.5934499502182007,0.5684400200843811
1997,8,25,0,0,0.8876550197601318,7.365499973297119,35,5.637800216674805,4.869200229644775,9633,6.216100215911865,1.5852199792861938,0.5451200008392334
1997,8,25,3,0,0.8853800296783447,7.738999843597412,35,5.8979997634887695,5.088799953460693,8932,6.216100215911865,1.4861700534820557,0.5444200038909912
1997,8,25,6,0,0.8799669742584229,8.160699844360352,35,6.103899955749512,5.202700138092041,8457,6.216100215911865,1.404860019683838,0.5466399788856506
1997,8,25,9,0,0.871599018573761,8.395400047302246,25,6.276000022888184,5.306700229644775,9111,16.125999450683594,1.432960033416748,0.5298399925231934
1997,8,25,12,0,0.8721709847450256,8.534000396728516,25,6.571499824523926,5.566999912261963,10812,16.125999450683594,1.5416899919509888,0.48758000135421753
1997,8,25,15,0,0.8803640007972717,8.50469970703125,15,6.663400173187256,5.643199920654297,12542,8.274100303649902,1.6580100059509277,0.45833998918533325
1997,8,25,18,0,0.8840090036392212,8.217300415039062,15,6.462800025939941,5.482500076293945,14258,8.274100303649902,1.7983299493789673,0.45173001289367676
1997,8,25,21,0,0.8868759870529175,7.876699924468994,25,6.232999801635742,5.322700023651123,16362,8.274100303649902,1.9714000225067139,0.4511699974536896
1997,8,26,0,0,0.8904759883880615,8.168399810791016,25,6.666999816894531,5.798999786376953,16580,8.274100303649902,1.945430040359497,0.4255799949169159
1997,8,26,3,0,0.8827170133590698,8.27810001373291,25,6.678500175476074,5.744100093841553,15797,8.274100303649902,1.8850799798965454,0.43042001128196716
1997,8,26,6,0,0.8768330216407776,8.142900466918945,25,6.558800220489502,5.6479997634887695,15772,8.274100303649902,1.9023100137710571,0.4361500144004822
1997,8,26,9,0,0.870307981967926,7.953499794006348,25,6.4105000495910645,5.524899959564209,15961,7.5218000411987305,1.9394400119781494,0.4371899962425232
1997,8,26,12,0,0.8625749945640564,8.069000244140625,25,6.6072998046875,5.7519001960754395,15120,7.5218000411987305,1.8723200559616089,0.4238300025463104
1997,8,26,15,0,0.8501009941101074,8.336400032043457,25,6.889400005340576,6.04640007019043,13637,7.5218000411987305,1.7448300123214722,0.41589999198913574
1997,8,26,18,0,0.8398200273513794,8.527700424194336,25,6.961100101470947,6.039100170135498,12568,6.837800025939941,1.6529200077056885,0.42013999819755554
1997,8,26,21,0,0.8350080251693726,8.426300048828125,25,6.63100004196167,5.623899936676025,12181,16.125999450683594,1.6376500129699707,0.44648998975753784
1997,8,27,0,0,0.8355709910392761,8.547300338745117,25,6.67549991607666,5.654300212860107,11793,16.125999450683594,1.600450038909912,0.45612001419067383
1997,8,27,3,0,0.8436509966850281,8.564499855041504,25,6.726399898529053,5.745200157165527,11768,16.125999450683594,1.5992599725723267,0.45980000495910645
1997,8,27,6,0,0.8558760285377502,8.621299743652344,15,7.062900066375732,6.216100215911865,12162,16.125999450683594,1.6204999685287476,0.4324199855327606
1997,8,27,9,0,0.8576509952545166,8.684700012207031,15,7.1596999168396,6.308599948883057,11883,16.125999450683594,1.5939899682998657,0.4219900071620941
1997,8,27,12,0,0.859080970287323,8.841300010681152,15,7.269000053405762,6.366399765014648,11676,16.125999450683594,1.5629199743270874,0.4165099859237671
1997,8,27,15,0,0.8615009784698486,8.954000473022461,15,7.374800205230713,6.458000183105469,11527,16.125999450683594,1.5397599935531616,0.4088599979877472
1997,8,27,18,0,0.8634600043296814,9.018699645996094,15,7.498300075531006,6.618100166320801,11268,14.659700393676758,1.513569951057434,0.3970299959182739
1997,8,27,21,0,0.8654059767723083,8.78849983215332,15,6.946000099182129,5.840000152587891,11257,14.659700393676758,1.5316200256347656,0.4174700081348419
1997,8,28,0,0,0.870760977268219,8.819600105285645,15,7.067599773406982,6.052599906921387,11378,14.659700393676758,1.5367499589920044,0.4160099923610687
1997,8,28,3,0,0.8737980127334595,8.847800254821777,15,7.124000072479248,6.098400115966797,11201,14.659700393676758,1.5220600366592407,0.4096300005912781
1997,8,28,6,0,0.8759989738464355,8.618200302124023,15,6.913599967956543,5.866799831390381,11009,14.659700393676758,1.531059980392456,0.4085899889469147
1997,8,28,9,0,0.8807139992713928,8.244400024414062,15,6.606599807739258,5.614500045776367,11271,14.659700393676758,1.5878700017929077,0.4118399918079376
1997,8,28,12,0,0.884181022644043,7.9334001541137695,15,6.362800121307373,5.42519998550415,11878,13.326800346374512,1.6663399934768677,0.4150699973106384
1997,8,28,15,0,0.8798940181732178,7.970099925994873,15,6.424300193786621,5.506700038909912,11128,13.326800346374512,1.6091699600219727,0.41477999091148376
1997,8,28,18,0,0.8719450235366821,8.037199974060059,15,6.415999889373779,5.476600170135498,9780,13.326800346374512,1.5006400346755981,0.42267000675201416
1997,8,28,21,0,0.8656449913978577,8.057000160217285,15,6.36269998550415,5.392199993133545,8525,13.326800346374512,1.3982499837875366,0.42809998989105225
1997,8,29,0,0,0.8635370135307312,8.338299751281738,15,6.807300090789795,5.907299995422363,7387,13.326800346374512,1.2770299911499023,0.40487000346183777
1997,8,29,3,0,0.862621009349823,8.4891996383667,15,7.064799785614014,6.240200042724609,6712,13.326800346374512,1.2049599885940552,0.3922699987888336
1997,8,29,6,0,0.8634340167045593,8.525199890136719,15,7.157199859619141,6.395299911499023,6422,12.114999771118164,1.1754200458526611,0.38835999369621277
1997,8,29,9,0,0.8645740151405334,8.508199691772461,15,7.162300109863281,6.430200099945068,6331,12.114999771118164,1.1679199934005737,0.3879599869251251
1997,8,29,12,0,0.8641250133514404,8.491999626159668,15,7.137199878692627,6.4028000831604,6177,12.114999771118164,1.1543699502944946,0.38909000158309937
1997,8,29,15,0,0.8621670007705688,8.48270034790039,15,7.1149001121521,6.366399765014648,5916,12.114999771118164,1.1299400329589844,0.38934001326560974
1997,8,29,18,0,0.8603360056877136,8.488800048828125,15,7.120699882507324,6.361400127410889,5639,12.114999771118164,1.1024399995803833,0.38705000281333923
1997,8,29,21,0,0.8594809770584106,8.477399826049805,15,7.02400016784668,6.131199836730957,5428,12.114999771118164,1.08201003074646,0.385670006275177
1997,8,30,0,0,0.8590109944343567,8.536199569702148,15,7.088500022888184,6.194799900054932,5275,11.013500213623047,1.0620100498199463,0.3811199963092804
1997,8,30,3,0,0.858240008354187,8.65880012512207,15,7.281000137329102,6.450300216674805,5126,11.013500213623047,1.038159966468811,0.37244001030921936
1997,8,30,6,0,0.8570690155029297,8.767200469970703,15,7.417099952697754,6.620200157165527,4948,11.013500213623047,1.0127099752426147,0.3688400089740753
1997,8,30,9,0,0.8557519912719727,8.808600425720215,15,7.450300216674805,6.665999889373779,4723,12.114999771118164,0.9873999953269958,0.3734799921512604
1997,8,30,12,0,0.8553259968757629,8.663999557495117,15,7.307400226593018,6.56850004196167,4576,12.114999771118164,0.9822999835014343,0.38721999526023865
1997,8,30,15,0,0.8555769920349121,8.507499694824219,15,7.166800022125244,6.4492998123168945,4527,12.114999771118164,0.9877200126647949,0.3935000002384186
1997,8,30,18,0,0.8619030117988586,8.409199714660645,5,7.212299823760986,6.531400203704834,5035,12.114999771118164,1.0485899448394775,0.3713099956512451
1997,8,30,21,0,0.8785099983215332,8.321599960327148,5,7.296299934387207,6.657899856567383,6035,8.274100303649902,1.1552400588989258,0.34130001068115234
1997,8,31,0,0,0.8855929970741272,8.314000129699707,5,7.364099979400635,6.763899803161621,6662,8.274100303649902,1.2143399715423584,0.32798999547958374
1997,8,31,3,0,0.887017011642456,8.35789966583252,5,7.41510009765625,6.825300216674805,6990,8.274100303649902,1.2396700382232666,0.3255600035190582
1997,8,31,6,0,0.8858699798583984,8.467000007629395,5,7.492499828338623,6.897500038146973,7114,10.01200008392334,1.2402700185775757,0.3280400037765503
1997,8,31,9,0,0.8854399919509888,8.558199882507324,5,7.534299850463867,6.901199817657471,7285,10.01200008392334,1.2464100122451782,0.3307799994945526
1997,8,31,12,0,0.8853520154953003,8.637999534606934,5,7.592800140380859,6.934500217437744,7403,10.01200008392334,1.2492899894714355,0.32989999651908875
1997,8,31,15,0,0.885873019695282,8.68220043182373,5,7.659599781036377,7.011099815368652,7492,10.01200008392334,1.2530299425125122,0.32528001070022583
1997,8,31,18,0,0.8871350288391113,8.613900184631348,5,7.645699977874756,7.04040002822876,7653,9.101699829101562,1.2728400230407715,0.3208500146865845
1997,8,31,21,0,0.8855950236320496,8.462499618530273,5,7.442599773406982,6.73769998550415,7529,9.101699829101562,1.276479959487915,0.32548999786376953
1997,9,1,0,0,0.8794869780540466,8.313799858093262,5,7.120200157165527,6.249000072479248,6934,9.101699829101562,1.2379599809646606,0.3428100049495697
1997,9,1,3,0,0.8703259825706482,8.325799942016602,5,7.178500175476074,6.43310022354126,6172,9.101699829101562,1.1679999828338623,0.3524799942970276
1997,9,1,6,0,0.8601920008659363,8.342300415039062,5,7.18120002746582,6.4644999504089355,5522,9.101699829101562,1.1048500537872314,0.3626599907875061
1997,9,1,9,0,0.8489239811897278,8.367400169372559,5,7.183599948883057,6.476099967956543,5007,8.274100303649902,1.0515700578689575,0.3718099892139435
1997,9,1,12,0,0.8383610248565674,8.395999908447266,15,7.179299831390381,6.474999904632568,4602,8.274100303649902,1.0069500207901,0.380730003118515
1997,9,1,15,0,0.829479992389679,8.441800117492676,15,7.172100067138672,6.459000110626221,4281,8.274100303649902,0.9682999849319458,0.3895600140094757
1997,9,1,18,0,0.8216580152511597,8.49940013885498,15,7.161499977111816,6.429500102996826,4039,8.274100303649902,0.9368299841880798,0.3984299898147583
1997,9,1,21,0,0.8164309859275818,8.489999771118164,15,6.936100006103516,6.001100063323975,3834,12.114999771118164,0.9132400155067444,0.4124299883842468
1997,9,2,0,0,0.8139939904212952,8.374300003051758,15,6.512899875640869,5.406700134277344,3639,12.114999771118164,0.8961899876594543,0.4366300106048584
1997,9,2,3,0,0.8125979900360107,8.555100440979004,15,6.798600196838379,5.807300090789795,3423,16.125999450683594,0.859220027923584,0.43479999899864197
1997,9,2,6,0,0.812408983707428,8.682900428771973,15,6.937399864196777,5.985499858856201,3279,16.125999450683594,0.834559977054596,0.4368700087070465
1997,9,2,9,0,0.8122280240058899,8.732099533081055,15,6.9695000648498535,6.037600040435791,3234,16.125999450683594,0.826770007610321,0.4424700140953064
1997,9,2,12,0,0.8108760118484497,8.73550033569336,15,6.9552998542785645,6.023499965667725,3237,16.125999450683594,0.8271499872207642,0.44567999243736267
1997,9,2,15,0,0.8091030120849609,8.681699752807617,15,6.908299922943115,5.972400188446045,3253,12.114999771118164,0.8315399885177612,0.444599986076355
1997,9,2,18,0,0.8084040284156799,8.542200088500977,15,6.801400184631348,5.874000072479248,3283,11.013500213623047,0.8421499729156494,0.44249001145362854
1997,9,2,21,0,0.8067569732666016,7.836999893188477,15,5.7083001136779785,4.626699924468994,3409,11.013500213623047,0.8987500071525574,0.48517999053001404
1997,9,3,0,0,0.8138999938964844,6.70550012588501,5,4.947299957275391,4.183300018310547,4084,11.013500213623047,1.0732799768447876,0.5379800200462341
1997,9,3,3,0,0.820576012134552,6.689499855041504,5,5.217199802398682,4.516300201416016,4612,5.650899887084961,1.146399974822998,0.5043399930000305
1997,9,3,6,0,0.8208810091018677,7.311500072479248,5,5.888299942016602,5.179100036621094,4345,6.216100215911865,1.0601199865341187,0.4724400043487549
1997,9,3,9,0,0.8193070292472839,7.821599960327148,5,6.287499904632568,5.510799884796143,4033,10.01200008392334,0.9833599925041199,0.4647800028324127
1997,9,3,12,0,0.8206300139427185,8.168999671936035,5,6.556300163269043,5.7378997802734375,3911,10.01200008392334,0.9452199935913086,0.4607599973678589
1997,9,3,15,0,0.8204299807548523,8.314599990844727,5,6.579500198364258,5.685500144958496,3880,10.01200008392334,0.9327899813652039,0.46726998686790466
1997,9,3,18,0,0.8180530071258545,8.272199630737305,5,6.4679999351501465,5.576399803161621,3931,9.101699829101562,0.9427800178527832,0.4841800034046173
1997,9,3,21,0,0.8143600225448608,8.288200378417969,5,6.394599914550781,5.456099987030029,3932,9.101699829101562,0.9434900283813477,0.4963200092315674
1997,9,4,0,0,0.8056210279464722,7.750999927520752,5,5.463099956512451,4.470799922943115,3982,9.101699829101562,0.9851099848747253,0.5572900176048279
1997,9,4,3,0,0.8069459795951843,7.523900032043457,5,5.355899810791016,4.443900108337402,4178,9.101699829101562,1.0265899896621704,0.5700299739837646
1997,9,4,6,0,0.8190580010414124,8.161499977111816,5,6.136099815368652,5.184500217437744,4168,9.101699829101562,0.981220006942749,0.5195000171661377
1997,9,4,9,0,0.8319510221481323,8.638699531555176,5,6.755799770355225,5.7846999168396,4448,8.274100303649902,0.9821699857711792,0.4775499999523163
1997,9,4,12,0,0.8403800129890442,8.949399948120117,5,7.2322998046875,6.288099765777588,4992,8.274100303649902,1.0200300216674805,0.4461199939250946
1997,9,4,15,0,0.8435419797897339,9.139800071716309,5,7.568999767303467,6.695400238037109,5592,8.274100303649902,1.0668699741363525,0.4262000024318695
1997,9,4,18,0,0.8442109823226929,9.216099739074707,5,7.735599994659424,6.925899982452393,6013,8.274100303649902,1.100890040397644,0.4157400131225586
1997,9,4,21,0,0.8449429869651794,9.134900093078613,5,7.518499851226807,6.490300178527832,6128,8.274100303649902,1.115939974784851,0.4153299927711487
1997,9,5,0,0,0.8442789912223816,8.50469970703125,5,6.395599842071533,5.222599983215332,6239,8.274100303649902,1.1684399843215942,0.465939998626709
1997,9,5,3,0,0.8491029739379883,8.470499992370605,5,6.431700229644775,5.314899921417236,6287,8.274100303649902,1.1742000579833984,0.46494999527931213
1997,9,5,6,0,0.8529919981956482,8.805399894714355,5,6.893199920654297,5.816199779510498,6372,9.101699829101562,1.156440019607544,0.444599986076355
1997,9,5,9,0,0.8537150025367737,8.970199584960938,5,7.122900009155273,6.076900005340576,6635,16.125999450683594,1.167930006980896,0.4358200132846832
1997,9,5,12,0,0.8534430265426636,8.732600212097168,5,6.882900238037109,5.836400032043457,7136,9.101699829101562,1.2294399738311768,0.44356000423431396
1997,9,5,15,0,0.8526489734649658,8.343899726867676,5,6.552800178527832,5.5680999755859375,7664,9.101699829101562,1.3068100214004517,0.45423001050949097
1997,9,5,18,0,0.8517860174179077,8.347999572753906,5,6.656700134277344,5.713699817657471,7359,9.101699829101562,1.2791500091552734,0.44196000695228577
1997,9,5,21,0,0.8509529829025269,8.238200187683105,5,6.507800102233887,5.526400089263916,6813,9.101699829101562,1.2377300262451172,0.4392699897289276
1997,9,6,0,0,0.8507400155067444,8.124799728393555,355,6.411799907684326,5.434700012207031,6516,9.101699829101562,1.218790054321289,0.43643999099731445
1997,9,6,3,0,0.8517839908599854,8.199600219726562,355,6.5233001708984375,5.5680999755859375,6380,9.101699829101562,1.1994999647140503,0.43094998598098755
1997,9,6,6,0,0.8544790148735046,8.481499671936035,355,6.904300212860107,6.0015997886657715,6450,9.101699829101562,1.1832400560379028,0.4140099883079529
1997,9,6,9,0,0.8578500151634216,8.803799629211426,5,7.290800094604492,6.410799980163574,6662,14.659700393676758,1.1766300201416016,0.3946700096130371
1997,9,6,12,0,0.8619260191917419,9.04740047454834,5,7.624499797821045,6.776100158691406,6787,14.659700393676758,1.1681699752807617,0.37376999855041504
1997,9,6,15,0,0.8649799823760986,9.131099700927734,355,7.813799858093262,7.0208001136779785,6682,9.101699829101562,1.1521899700164795,0.35780999064445496
1997,9,6,18,0,0.8673710227012634,9.087300300598145,355,7.867800235748291,7.140699863433838,6326,9.101699829101562,1.1237599849700928,0.34790998697280884
1997,9,6,21,0,0.8680850267410278,8.97029972076416,355,7.780399799346924,7.042500019073486,5802,9.101699829101562,1.0841699838638306,0.34501999616622925
1997,9,7,0,0,0.8635259866714478,8.299799919128418,355,6.453199863433838,5.2846999168396,5373,9.101699829101562,1.0888899564743042,0.40310001373291016
1997,9,7,3,0,0.8573470115661621,7.94189977645874,355,6.167699813842773,5.146599769592285,5041,9.101699829101562,1.082110047340393,0.4288100004196167
1997,9,7,6,0,0.8455219864845276,8.152099609375,355,6.575200080871582,5.663099765777588,4528,8.274100303649902,1.0125000476837158,0.41550999879837036
1997,9,7,9,0,0.8286780118942261,8.3774995803833,5,6.837800025939941,5.951300144195557,4030,8.274100303649902,0.9419999718666077,0.4112800061702728
1997,9,7,12,0,0.819130003452301,8.57450008392334,5,7.0218000411987305,6.138700008392334,3656,8.274100303649902,0.8869100213050842,0.4129300117492676
1997,9,7,15,0,0.8213610053062439,8.88539981842041,5,7.27869987487793,6.372499942779541,3604,13.326800346374512,0.8634300231933594,0.41130000352859497
1997,9,7,18,0,0.8543009757995605,9.489100456237793,5,7.9303998947143555,6.971199989318848,4572,13.326800346374512,0.9337599873542786,0.3726699948310852
1997,9,7,21,0,0.897258996963501,9.896900177001953,355,8.677200317382812,7.798600196838379,7077,11.013500213623047,1.1291600465774536,0.3103199899196625
1997,9,8,0,0,0.9212920069694519,9.812000274658203,355,8.453499794006348,7.113999843597412,9683,11.013500213623047,1.3247699737548828,0.2904300093650818
1997,9,8,3,0,0.9294700026512146,9.789299964904785,355,8.607799530029297,7.58650016784668,11139,11.013500213623047,1.4222500324249268,0.28992000222206116
1997,9,8,6,0,0.9326819777488708,9.82289981842041,355,8.789199829101562,7.996699810028076,11988,11.013500213623047,1.4726699590682983,0.28547999262809753
1997,9,8,9,0,0.9340199828147888,9.838700294494629,5,8.901599884033203,8.240500450134277,12298,11.013500213623047,1.4909000396728516,0.2818000018596649
1997,9,8,12,0,0.9342589974403381,9.830300331115723,5,8.924200057983398,8.34060001373291,11994,10.01200008392334,1.4750699996948242,0.2876400053501129
1997,9,8,15,0,0.9318879842758179,9.83430004119873,5,8.873299598693848,8.281000137329102,11326,10.01200008392334,1.4359899759292603,0.3027999997138977
1997,9,8,18,0,0.9275580048561096,9.831999778747559,5,8.762200355529785,8.10159969329834,10576,10.01200008392334,1.3909900188446045,0.3218899965286255
1997,9,8,21,0,0.9223039746284485,9.859600067138672,5,8.691800117492676,7.97790002822876,9971,10.01200008392334,1.3516499996185303,0.33878999948501587
1997,9,9,0,0,0.9186170101165771,9.914400100708008,5,8.659700393676758,7.893899917602539,9630,10.01200008392334,1.3271700143814087,0.3522999882698059
1997,9,9,3,0,0.9146429896354675,9.91349983215332,5,8.565500259399414,7.763500213623047,9430,10.01200008392334,1.31535005569458,0.3653700053691864
1997,9,9,6,0,0.9082329869270325,9.911700248718262,5,8.487299919128418,7.670899868011475,9238,10.01200008392334,1.3040599822998047,0.37724998593330383
1997,9,9,9,0,0.9016460180282593,10.015800476074219,5,8.513299942016602,7.698400020599365,9098,12.114999771118164,1.2897499799728394,0.3891099989414215
1997,9,9,12,0,0.8981199860572815,10.198399543762207,15,8.602299690246582,7.773399829864502,9066,9.101699829101562,1.2778899669647217,0.398250013589859
1997,9,9,15,0,0.8973180055618286,10.427200317382812,15,8.72719955444336,7.8643999099731445,9240,17.73889923095703,1.2773000001907349,0.40349000692367554
1997,9,9,18,0,0.8987500071525574,10.723999977111816,15,8.642399787902832,7.328700065612793,9951,17.73889923095703,1.3092399835586548,0.4103100001811981
1997,9,9,21,0,0.8998399972915649,9.940699577331543,15,6.912399768829346,5.460999965667725,11806,17.73889923095703,1.487380027770996,0.5005699992179871
1997,9,10,0,0,0.902616024017334,9.576000213623047,15,6.869999885559082,5.624100208282471,14074,17.73889923095703,1.6583600044250488,0.5125300288200378
1997,9,10,3,0,0.8959479928016663,9.664400100708008,15,7.036200046539307,5.764800071716309,14800,16.125999450683594,1.6878600120544434,0.49292001128196716
1997,9,10,6,0,0.8862760066986084,9.597599983215332,15,6.894000053405762,5.57919979095459,15381,16.125999450683594,1.7213000059127808,0.4884899854660034
1997,9,10,9,0,0.8873159885406494,10.013299942016602,15,7.441500186920166,6.100500106811523,16411,16.125999450683594,1.7353099584579468,0.4565199911594391
1997,9,10,12,0,0.887919008731842,10.342399597167969,15,7.752200126647949,6.330100059509277,17141,16.125999450683594,1.7410399913787842,0.4370799958705902
1997,9,10,15,0,0.8882480263710022,10.468400001525879,15,8.14109992980957,6.868199825286865,17180,16.125999450683594,1.7298500537872314,0.4191800057888031
1997,9,10,18,0,0.8841869831085205,10.554800033569336,15,8.383299827575684,7.157899856567383,16001,16.125999450683594,1.6586099863052368,0.40092000365257263
1997,9,10,21,0,0.8790979981422424,10.674500465393066,15,8.650500297546387,7.468200206756592,14584,13.326800346374512,1.5695500373840332,0.379720002412796
1997,9,11,0,0,0.8812119960784912,10.895299911499023,5,8.997200012207031,7.833799839019775,13870,14.659700393676758,1.5106600522994995,0.35670000314712524
1997,9,11,3,0,0.8847200274467468,11.138699531555176,5,9.353599548339844,8.19909954071045,13382,14.659700393676758,1.4645500183105469,0.3357999920845032
1997,9,11,6,0,0.8855159878730774,11.28439998626709,5,9.628399848937988,8.539600372314453,12693,14.659700393676758,1.4153800010681152,0.3207800090312958
1997,9,11,9,0,0.8820369839668274,11.290200233459473,5,9.75160026550293,8.7475004196167,11883,14.659700393676758,1.3681999444961548,0.3124699890613556
1997,9,11,12,0,0.8755900263786316,11.176600456237793,5,9.739700317382812,8.826800346374512,11225,14.659700393676758,1.336050033569336,0.3091000020503998
1997,9,11,15,0,0.8680769801139832,10.901399612426758,5,9.554699897766113,8.745200157165527,10988,12.114999771118164,1.3391900062561035,0.3125
1997,9,11,18,0,0.8605610132217407,10.424200057983398,5,8.982099533081055,8.145099639892578,11000,12.114999771118164,1.3733199834823608,0.3372200131416321
1997,9,11,21,0,0.8544999957084656,10.131799697875977,5,8.31659984588623,7.163300037384033,10488,12.114999771118164,1.3616399765014648,0.3677099943161011
1997,9,12,0,0,0.8527089953422546,10.354599952697754,5,8.57800006866455,7.406199932098389,9792,13.326800346374512,1.2999999523162842,0.3562600016593933
1997,9,12,3,0,0.8518760204315186,10.421799659729004,5,8.522700309753418,7.117000102996826,9278,13.326800346374512,1.2609399557113647,0.3516499996185303
1997,9,12,6,0,0.8507350087165833,10.380000114440918,5,8.515999794006348,7.18120002746582,8841,13.326800346374512,1.2336100339889526,0.35350000858306885
1997,9,12,9,0,0.8484799861907959,10.150400161743164,5,8.262900352478027,6.997099876403809,8436,11.013500213623047,1.2201999425888062,0.3676300048828125
1997,9,12,12,0,0.845782995223999,9.816100120544434,5,7.938300132751465,6.785200119018555,8136,11.013500213623047,1.2214800119400024,0.3872399926185608
1997,9,12,15,0,0.8414899706840515,9.774100303649902,5,7.798399925231934,6.550000190734863,7619,11.013500213623047,1.1852600574493408,0.3926199972629547
1997,9,12,18,0,0.8384720087051392,9.871899604797363,5,7.865200042724609,6.601399898529053,7131,11.013500213623047,1.1409300565719604,0.39298999309539795
1997,9,12,21,0,0.8362389802932739,9.889100074768066,5,7.67140007019043,6.216400146484375,6781,11.013500213623047,1.1123100519180298,0.39873000979423523
1997,9,13,0,0,0.8333460092544556,9.553999900817871,5,7.006499767303467,5.514800071716309,6601,11.013500213623047,1.1187800168991089,0.43184998631477356
1997,9,13,3,0,0.8318880200386047,9.360400199890137,5,6.8471999168396,5.445400238037109,6432,10.01200008392334,1.1174999475479126,0.44596999883651733
1997,9,13,6,0,0.8315389752388,9.739399909973145,15,7.566699981689453,6.2332000732421875,6040,10.01200008392334,1.060520052909851,0.4129199981689453
1997,9,13,9,0,0.8297439813613892,9.937899589538574,15,7.978000164031982,6.713600158691406,5737,10.01200008392334,1.0229899883270264,0.3933199942111969
1997,9,13,12,0,0.8251370191574097,9.949600219726562,15,8.151900291442871,6.9959001541137695,5607,10.01200008392334,1.0115200281143188,0.3860499858856201
1997,9,13,15,0,0.8199639916419983,9.914799690246582,15,8.234000205993652,7.188300132751465,5579,10.01200008392334,1.0116100311279297,0.3839299976825714
1997,9,13,18,0,0.816690981388092,9.944299697875977,15,8.329400062561035,7.359799861907959,5581,10.01200008392334,1.0108200311660767,0.3823600113391876
1997,9,13,21,0,0.8163880109786987,9.993300437927246,15,8.331999778747559,7.263599872589111,5625,9.101699829101562,1.012470006942749,0.3810099959373474
1997,9,14,0,0,0.7825930118560791,6.511300086975098,25,4.637599945068359,3.9391000270843506,8077,9.101699829101562,1.5358500480651855,0.6044600009918213
1997,9,14,3,0,0.867106020450592,6.616799831390381,35,5.406899929046631,4.748799800872803,13163,6.837800025939941,1.9620800018310547,0.4556100070476532
1997,9,14,6,0,0.8893020153045654,6.9953999519348145,45,5.81850004196167,5.122000217437744,14797,7.5218000411987305,2.0137100219726562,0.4171600043773651
1997,9,14,9,0,0.8913530111312866,7.274600028991699,45,6.097799777984619,5.377500057220459,15268,7.5218000411987305,1.9975199699401855,0.40007999539375305
1997,9,14,12,0,0.8850700259208679,7.23799991607666,35,6.030099868774414,5.297999858856201,15249,7.5218000411987305,2.0010499954223633,0.4045700132846832
1997,9,14,15,0,0.8841890096664429,7.074999809265137,35,5.923799991607666,5.227200031280518,18084,7.5218000411987305,2.2057600021362305,0.3977000117301941
1997,9,14,18,0,0.8819730281829834,7.212600231170654,35,6.141900062561035,5.454100131988525,21811,8.274100303649902,2.3938000202178955,0.37014999985694885
1997,9,14,21,0,0.8810790181159973,7.219699859619141,35,6.14300012588501,5.434999942779541,24155,8.274100303649902,2.515589952468872,0.3632499873638153
1997,9,15,0,0,0.8869829773902893,7.348199844360352,35,6.320899963378906,5.631499767303467,24826,8.274100303649902,2.5243101119995117,0.35054999589920044
1997,9,15,3,0,0.8795989751815796,7.541500091552734,35,6.498300075531006,5.803199768066406,20341,8.274100303649902,2.2525599002838135,0.3540700078010559
1997,9,15,6,0,0.8682360053062439,7.677999973297119,25,6.55679988861084,5.839600086212158,15908,8.274100303649902,1.9740500450134277,0.37404000759124756
1997,9,15,9,0,0.856590986251831,7.941100120544434,25,6.722599983215332,5.944900035858154,13616,8.274100303649902,1.7912100553512573,0.3833400011062622
1997,9,15,12,0,0.8450739979743958,7.768199920654297,25,6.237100124359131,5.33050012588501,13089,8.274100303649902,1.7748700380325317,0.4242199957370758
1997,9,15,15,0,0.8539699912071228,7.55810022354126,15,5.98330020904541,5.128499984741211,14226,9.101699829101562,1.8755899667739868,0.4473699927330017
1997,9,15,18,0,0.8576369881629944,7.290599822998047,15,5.877500057220459,5.117800235748291,16796,9.101699829101562,2.0810699462890625,0.44293999671936035
1997,9,15,21,0,0.8644809722900391,7.101600170135498,15,5.92710018157959,5.243100166320801,20585,6.837800025939941,2.345249891281128,0.4074400067329407
1997,9,16,0,0,0.8713849782943726,7.7546000480651855,15,6.714600086212158,6.070199966430664,19890,8.274100303649902,2.1887900829315186,0.3584499955177307
1997,9,16,3,0,0.8792660236358643,8.298500061035156,5,7.35830020904541,6.77810001373291,18500,9.101699829101562,2.0255401134490967,0.3276199996471405
1997,9,16,6,0,0.8782550096511841,8.537599563598633,5,7.675600051879883,7.198800086975098,16226,9.101699829101562,1.8660800457000732,0.3182600140571594
1997,9,16,9,0,0.8738849759101868,8.636799812316895,5,7.749000072479248,7.263400077819824,14135,9.101699829101562,1.7314499616622925,0.3240399956703186
1997,9,16,12,0,0.8688769936561584,8.656499862670898,5,7.5524001121521,6.791600227355957,12845,9.101699829101562,1.6489900350570679,0.3401300013065338
1997,9,16,15,0,0.8512070178985596,7.895100116729736,15,6.192399978637695,5.195700168609619,12608,9.101699829101562,1.7192599773406982,0.4263800084590912
1997,9,16,18,0,0.8440219759941101,7.218900203704834,15,5.701700210571289,4.8983001708984375,14062,9.101699829101562,1.9157099723815918,0.4578799903392792
1997,9,16,21,0,0.8457800149917603,7.235499858856201,15,5.835899829864502,5.053999900817871,15261,8.274100303649902,1.9966800212860107,0.43876999616622925
1997,9,17,0,0,0.8466020226478577,7.2484002113342285,15,5.8881001472473145,5.111599922180176,16294,8.274100303649902,2.0599400997161865,0.4283199906349182
1997,9,17,3,0,0.8394619822502136,6.9232001304626465,15,5.652699947357178,4.925099849700928,19739,8.274100303649902,2.3270299434661865,0.42364999651908875
1997,9,17,6,0,0.8506389856338501,7.136300086975098,15,6.012400150299072,5.307600021362305,26217,9.101699829101562,2.63454008102417,0.37843000888824463
1997,9,17,9,0,0.8890489935874939,7.700900077819824,15,6.7846999168396,6.164999961853027,41145,9.101699829101562,3.1508500576019287,0.3175300061702728
1997,9,17,12,0,0.8995630145072937,8.489299774169922,15,7.639500141143799,7.083799839019775,36427,10.01200008392334,2.79338002204895,0.293069988489151
1997,9,17,15,0,0.9049929976463318,8.851499557495117,5,8.014300346374512,7.4741997718811035,31855,10.01200008392334,2.548449993133545,0.28685998916625977
1997,9,17,18,0,0.9130079746246338,9.130999565124512,5,8.338899612426758,7.863900184631348,30171,10.01200008392334,2.4354701042175293,0.27928999066352844
1997,9,17,21,0,0.9137830138206482,9.222700119018555,5,8.309100151062012,7.686500072479248,26741,10.01200008392334,2.2799301147460938,0.28918999433517456
1997,9,18,0,0,0.9107080101966858,9.134300231933594,5,7.893499851226807,6.938399791717529,24036,10.01200008392334,2.173799991607666,0.3174999952316284
1997,9,18,3,0,0.9093959927558899,9.160499572753906,5,7.814000129699707,6.796800136566162,23295,10.01200008392334,2.136929988861084,0.3281700015068054
1997,9,18,6,0,0.9128689765930176,9.353500366210938,5,8.131699562072754,7.202199935913086,23376,11.013500213623047,2.1159400939941406,0.31461000442504883
1997,9,18,9,0,0.9160410165786743,9.605600357055664,5,8.596199989318848,7.942399978637695,22017,11.013500213623047,2.0241599082946777,0.3005400002002716
1997,9,18,12,0,0.9185450077056885,9.852899551391602,5,8.889300346374512,8.329899787902832,20967,11.013500213623047,1.9478600025177002,0.2953299880027771
1997,9,18,15,0,0.9210339784622192,10.088800430297852,5,9.121600151062012,8.560500144958496,20559,11.013500213623047,1.9034299850463867,0.29008999466896057
1997,9,18,18,0,0.9201430082321167,10.229999542236328,5,9.271499633789062,8.712300300598145,19867,11.013500213623047,1.8565399646759033,0.28540998697280884
1997,9,18,21,0,0.9138550162315369,10.250800132751465,5,9.286100387573242,8.711199760437012,18490,11.013500213623047,1.7895900011062622,0.28630998730659485
1997,9,19,0,0,0.9013410210609436,10.024299621582031,5,8.787599563598633,7.771900177001953,17281,11.013500213623047,1.7536799907684326,0.3057900071144104
1997,9,19,3,0,0.8907719850540161,9.674200057983398,355,8.344499588012695,7.408199787139893,16711,11.013500213623047,1.760259985923767,0.3315500020980835
1997,9,19,6,0,0.8830209970474243,9.656399726867676,355,8.4576997756958,7.683300018310547,14958,11.013500213623047,1.6674699783325195,0.3260999917984009
1997,9,19,9,0,0.8797829747200012,9.593500137329102,355,8.48859977722168,7.8196001052856445,12902,11.013500213623047,1.5538300275802612,0.3201099932193756
1997,9,19,12,0,0.8738849759101868,9.527199745178223,355,8.465800285339355,7.842199802398682,11119,10.01200008392334,1.4483699798583984,0.31863000988960266
1997,9,19,15,0,0.858489990234375,9.535300254821777,355,8.47029972076416,7.853300094604492,9526,10.01200008392334,1.3411500453948975,0.322050005197525
1997,9,19,18,0,0.8373879790306091,9.521200180053711,355,8.37279987335205,7.700099945068359,8122,10.01200008392334,1.2408499717712402,0.334089994430542
1997,9,19,21,0,0.8120089769363403,9.485899925231934,5,8.146499633789062,7.280099868774414,7052,10.01200008392334,1.1605499982833862,0.35267001390457153
1997,9,20,0,0,0.7903810143470764,8.776599884033203,5,6.808800220489502,5.623499870300293,6554,10.01200008392334,1.169409990310669,0.42405998706817627
1997,9,20,3,0,0.7781929969787598,8.441499710083008,355,6.6656999588012695,5.655700206756592,6389,14.659700393676758,1.1831599473953247,0.43735000491142273
1997,9,20,6,0,0.7620530128479004,8.660099983215332,5,7.012400150299072,6.077499866485596,5711,14.659700393676758,1.1041699647903442,0.4239799976348877
1997,9,20,9,0,0.745697021484375,8.976400375366211,5,7.349599838256836,6.423600196838379,4980,14.659700393676758,1.0112899541854858,0.4131999909877777
1997,9,20,12,0,0.7329689860343933,9.31089973449707,5,7.655200004577637,6.703800201416016,4501,14.659700393676758,0.9423499703407288,0.40476998686790466
1997,9,20,15,0,0.7340530157089233,9.59280014038086,15,7.867700099945068,6.862199783325195,4292,14.659700393676758,0.9050999879837036,0.4000299870967865
1997,9,20,18,0,0.7404950261116028,9.86299991607666,15,8.044500350952148,6.964799880981445,4275,14.659700393676758,0.8891800045967102,0.39531001448631287
1997,9,20,21,0,0.7540209889411926,10.15719985961914,15,8.251999855041504,7.05679988861084,4437,14.659700393676758,0.8903300166130066,0.38422998785972595
1997,9,21,0,0,0.7635120153427124,9.522600173950195,15,6.79640007019043,5.295100212097168,4818,14.659700393676758,0.9581900238990784,0.4411900043487549
1997,9,21,3,0,0.7785189747810364,9.083600044250488,5,6.788099765777588,5.578800201416016,5503,14.659700393676758,1.0498100519180298,0.44982001185417175
1997,9,21,6,0,0.7974309921264648,9.427399635314941,5,7.360400199890137,6.1468000411987305,5841,13.326800346374512,1.0577499866485596,0.4085800051689148
1997,9,21,9,0,0.8106570243835449,9.771699905395508,5,7.875100135803223,6.647600173950195,6108,13.326800346374512,1.0582900047302246,0.37303999066352844
1997,9,21,12,0,0.8165959715843201,9.946700096130371,5,8.229499816894531,7.043499946594238,6473,13.326800346374512,1.0773999691009521,0.3483999967575073
1997,9,21,15,0,0.8176770210266113,10.089900016784668,5,8.5423002243042,7.427000045776367,6796,13.326800346374512,1.094539999961853,0.329039990901947
1997,9,21,18,0,0.8168740272521973,10.205900192260742,5,8.800600051879883,7.770199775695801,6957,13.326800346374512,1.10030996799469,0.31547001004219055
1997,9,21,21,0,0.8158419728279114,10.272000312805176,5,8.963199615478516,8.004199981689453,6899,13.326800346374512,1.0920100212097168,0.3082300126552582
1997,9,22,0,0,0.8158349990844727,10.293499946594238,5,9.044699668884277,8.140800476074219,6659,13.326800346374512,1.0721800327301025,0.30643001198768616
1997,9,22,3,0,0.8168609738349915,10.28969955444336,5,9.074399948120117,8.220499992370605,6296,13.326800346374512,1.0439599752426147,0.3106299936771393
1997,9,22,6,0,0.8194789886474609,10.295000076293945,5,9.083499908447266,8.270899772644043,5911,13.326800346374512,1.0133299827575684,0.3212200105190277
1997,9,22,9,0,0.8230829834938049,10.344599723815918,5,9.112000465393066,8.326899528503418,5619,13.326800346374512,0.9878699779510498,0.3349300026893616
1997,9,22,12,0,0.8262720108032227,10.42389965057373,5,9.166299819946289,8.399100303649902,5440,11.013500213623047,0.9701499938964844,0.3460099995136261
1997,9,22,15,0,0.8280220031738281,10.499799728393555,5,9.215399742126465,8.45829963684082,5372,12.114999771118164,0.9619100093841553,0.3537899851799011
1997,9,22,18,0,0.8308389782905579,10.470499992370605,15,9.071100234985352,8.273699760437012,5479,12.114999771118164,0.9743300080299377,0.36910998821258545
1997,9,22,21,0,0.8392300009727478,10.237299919128418,15,8.537400245666504,7.587600231170654,5826,12.114999771118164,1.0191400051116943,0.4039900004863739
1997,9,23,0,0,0.8469039797782898,9.980500221252441,15,7.655799865722656,6.1946001052856445,6278,12.114999771118164,1.0755800008773804,0.4426800012588501
1997,9,23,3,0,0.856544017791748,9.81149959564209,15,7.261099815368652,5.8892998695373535,7030,12.114999771118164,1.150130033493042,0.47672000527381897
1997,9,23,6,0,0.8723260164260864,9.926799774169922,15,7.575099945068359,6.307000160217285,8511,12.114999771118164,1.2560800313949585,0.46226999163627625
1997,9,23,9,0,0.891107976436615,10.338199615478516,15,8.277899742126465,7.017899990081787,10413,12.114999771118164,1.3550900220870972,0.41495999693870544
1997,9,23,12,0,0.9073389768600464,10.621000289916992,15,8.824299812316895,7.627799987792969,12231,11.013500213623047,1.4453200101852417,0.3819200098514557
1997,9,23,15,0,0.9185870289802551,10.790399551391602,15,9.06820011138916,7.914899826049805,14205,11.013500213623047,1.5455800294876099,0.3733200132846832
1997,9,23,18,0,0.9270480275154114,11.076199531555176,15,9.366700172424316,8.219900131225586,16714,11.013500213623047,1.6552599668502808,0.3673099875450134
1997,9,23,21,0,0.9305800199508667,11.268500328063965,15,9.30840015411377,7.937099933624268,19210,13.326800346374512,1.7647099494934082,0.38618001341819763
1997,9,24,0,0,0.9259970188140869,11.226400375366211,5,8.91670036315918,7.48960018157959,21601,13.326800346374512,1.8911499977111816,0.43773001432418823
1997,9,24,3,0,0.9255579710006714,12.119799613952637,5,9.57390022277832,8.185099601745605,23729,12.114999771118164,1.932860016822815,0.4627299904823303
1997,9,24,6,0,0.931007981300354,13.308099746704102,15,10.352299690246582,8.772700309753418,26760,23.611900329589844,1.98471999168396,0.4619100093841553
1997,9,24,9,0,0.9422659873962402,14.85669994354248,15,11.549099922180176,9.651200294494629,35013,21.46489906311035,2.1756200790405273,0.4262099862098694
1997,9,24,12,0,0.9510300159454346,15.90839958190918,15,12.695300102233887,10.619099617004395,45446,21.46489906311035,2.4048900604248047,0.3786500096321106
1997,9,24,15,0,0.9576320052146912,16.400299072265625,15,13.722599983215332,11.735400199890137,58923,19.513200759887695,2.6830499172210693,0.3244200050830841
1997,9,24,18,0,0.9614729881286621,16.46419906616211,15,14.445899963378906,12.824700355529785,73677,19.513200759887695,2.9677999019622803,0.2776400148868561
1997,9,24,21,0,0.9627810120582581,16.23080062866211,5,14.680700302124023,13.451299667358398,81816,19.513200759887695,3.122339963912964,0.24952000379562378
1997,9,25,0,0,0.9623010158538818,15.849599838256836,5,14.54889965057373,13.566200256347656,80159,17.73889923095703,3.104180097579956,0.23739999532699585
1997,9,25,3,0,0.9598410129547119,15.434499740600586,5,14.266599655151367,13.42300033569336,73224,17.73889923095703,2.9874799251556396,0.23237000405788422
1997,9,25,6,0,0.9568989872932434,15.148799896240234,5,14.050600051879883,13.279800415039062,67110,17.73889923095703,2.8752799034118652,0.22954000532627106
1997,9,25,9,0,0.9543290138244629,14.96049976348877,5,13.890999794006348,13.155799865722656,62023,17.73889923095703,2.7750799655914307,0.22923000156879425
1997,9,25,12,0,0.9519799947738647,14.78689956665039,5,13.73169994354248,13.016799926757812,57296,16.125999450683594,2.6775898933410645,0.22988000512123108
1997,9,25,15,0,0.9501090049743652,14.602299690246582,5,13.564000129699707,12.86620044708252,53039,16.125999450683594,2.586790084838867,0.22987000644207
1997,9,25,18,0,0.9481800198554993,14.397199630737305,5,13.39169979095459,12.716500282287598,49564,16.125999450683594,2.5115199089050293,0.2279299944639206
1997,9,25,21,0,0.9461190104484558,14.195500373840332,5,13.217900276184082,12.50790023803711,47098,16.125999450683594,2.458559989929199,0.2243500053882599
1997,9,26,0,0,0.9423850178718567,13.610099792480469,5,11.542499542236328,9.22700023651123,44860,16.125999450683594,2.444920063018799,0.2622399926185608
1997,9,26,3,0,0.9372770190238953,12.899399757385254,5,10.486000061035156,8.288800239562988,41935,14.659700393676758,2.4242498874664307,0.3017300069332123
1997,9,26,6,0,0.9278540015220642,11.602800369262695,5,8.686400413513184,6.794099807739258,38969,14.659700393676758,2.466249942779541,0.38286998867988586
1997,9,26,9,0,0.9162480235099792,10.404899597167969,15,7.705900192260742,6.219099998474121,36149,14.659700393676758,2.5164499282836914,0.4358600080013275
1997,9,26,12,0,0.9081169962882996,10.028300285339355,5,7.791500091552734,6.482100009918213,34175,14.659700393676758,2.4916999340057373,0.4189800024032593
1997,9,26,15,0,0.9140949845314026,10.313400268554688,5,8.572199821472168,7.395699977874756,35887,14.659700393676758,2.50396990776062,0.36136001348495483
1997,9,26,18,0,0.9105669856071472,10.153200149536133,5,8.308199882507324,7.033599853515625,33294,14.659700393676758,2.431459903717041,0.36862000823020935
1997,9,26,21,0,0.9104390144348145,9.663299560546875,5,7.577499866485596,6.302999973297119,35894,13.326800346374512,2.5954298973083496,0.40918999910354614
1997,9,27,0,0,0.9296979904174805,10.68589973449707,5,8.77810001373291,7.471099853515625,45972,16.125999450683594,2.7839601039886475,0.3627200126647949
1997,9,27,3,0,0.9471589922904968,12.081899642944336,5,10.628399848937988,9.616600036621094,65064,14.659700393676758,3.1082499027252197,0.29809001088142395
1997,9,27,6,0,0.9533640146255493,12.82409954071045,5,11.62090015411377,10.824299812316895,78163,14.659700393676758,3.3085100650787354,0.26482000946998596
1997,9,27,9,0,0.9538180232048035,13.014599800109863,5,11.907500267028809,11.179400444030762,78596,14.659700393676758,3.2928500175476074,0.2528400123119354
1997,9,27,12,0,0.9517850279808044,12.904500007629395,5,11.86359977722168,11.186599731445312,72099,14.659700393676758,3.1619999408721924,0.24733999371528625
1997,9,27,15,0,0.9482859969139099,12.651300430297852,5,11.663299560546875,11.027899742126465,63073,14.659700393676758,2.979990005493164,0.24449999630451202
1997,9,27,18,0,0.943867027759552,12.343999862670898,5,11.395500183105469,10.792499542236328,53816,14.659700393676758,2.780639886856079,0.24382999539375305
1997,9,27,21,0,0.939070999622345,12.024999618530273,5,11.109199523925781,10.53279972076416,45597,13.326800346374512,2.5885300636291504,0.24414999783039093
1997,9,28,0,0,0.9337909817695618,11.711299896240234,5,10.820899963378906,10.263699531555176,38468,13.326800346374512,2.4059998989105225,0.24508999288082123
1997,9,28,3,0,0.9273920059204102,11.392499923706055,5,10.516500473022461,9.974699974060059,31968,13.326800346374512,2.222320079803467,0.24827000498771667
1997,9,28,6,0,0.9205380082130432,11.070699691772461,5,10.202400207519531,9.675100326538086,26353,12.114999771118164,2.0468599796295166,0.25339001417160034
1997,9,28,9,0,0.9139630198478699,10.796699523925781,5,9.934900283813477,9.418899536132812,22198,12.114999771118164,1.9031399488449097,0.2585499882698059
1997,9,28,12,0,0.9086570143699646,10.595999717712402,5,9.737299919128418,9.230299949645996,19332,12.114999771118164,1.7941499948501587,0.2637999951839447
1997,9,28,15,0,0.9040520191192627,10.425200462341309,5,9.560999870300293,9.057999610900879,17054,11.013500213623047,1.70100998878479,0.27094000577926636
1997,9,28,18,0,0.9001349806785583,10.273599624633789,5,9.404199600219727,8.909700393676758,15140,11.013500213623047,1.6169999837875366,0.2787199914455414
1997,9,28,21,0,0.8976640105247498,10.085700035095215,5,9.085200309753418,8.398599624633789,13645,11.013500213623047,1.5519800186157227,0.2928600013256073
1997,9,29,0,0,0.8910840153694153,9.19219970703125,5,7.443900108337402,6.229599952697754,13182,11.013500213623047,1.6065800189971924,0.3709000051021576
1997,9,29,3,0,0.891090989112854,9.194700241088867,5,7.653200149536133,6.5868000984191895,12961,10.01200008392334,1.5950299501419067,0.3632200062274933
1997,9,29,6,0,0.8958619832992554,9.479999542236328,5,8.15250015258789,7.224899768829346,13205,10.01200008392334,1.582919955253601,0.3400700092315674
1997,9,29,9,0,0.9019200205802917,9.745800018310547,5,8.56719970703125,7.740200042724609,13857,10.01200008392334,1.5957599878311157,0.3194499909877777
1997,9,29,12,0,0.9069759845733643,9.965299606323242,5,8.938699722290039,8.235099792480469,14244,10.01200008392334,1.597000002861023,0.2999599874019623
1997,9,29,15,0,0.9095879793167114,10.086600303649902,5,9.175700187683105,8.589699745178223,14137,10.01200008392334,1.5801399946212769,0.28786998987197876
1997,9,29,18,0,0.9089040160179138,10.137399673461914,5,9.269599914550781,8.750200271606445,13862,10.01200008392334,1.561020016670227,0.28571000695228577
1997,9,29,21,0,0.9062640070915222,10.190999984741211,5,9.319999694824219,8.823399543762207,13801,10.01200008392334,1.5539799928665161,0.2881399989128113
1997,9,30,0,0,0.9017879962921143,10.238200187683105,5,9.341500282287598,8.843899726867676,13756,10.01200008392334,1.5487200021743774,0.2932499945163727
1997,9,30,3,0,0.894864022731781,10.240599632263184,5,9.301199913024902,8.792799949645996,13136,10.01200008392334,1.5152100324630737,0.30261000990867615
1997,9,30,6,0,0.8854950070381165,10.184000015258789,5,9.151399612426758,8.548399925231934,11809,10.01200008392334,1.4437299966812134,0.3170900046825409
1997,9,30,9,0,0.8693990111351013,9.361200332641602,15,7.151899814605713,5.7179999351501465,10318,10.01200008392334,1.4148199558258057,0.40834999084472656
1997,9,30,12,0,0.8630939722061157,8.24020004272461,15,6.071599960327148,4.98769998550415,9839,10.01200008392334,1.4864100217819214,0.48844000697135925
1997,9,30,15,0,0.8633570075035095,7.47160005569458,15,5.761600017547607,4.882999897003174,12934,10.01200008392334,1.804260015487671,0.47953000664711
1997,9,30,18,0,0.8725770115852356,7.527400016784668,15,5.970399856567383,5.0929999351501465,17299,9.101699829101562,2.075119972229004,0.4407399892807007
1997,9,30,21,0,0.8816530108451843,7.840000152587891,15,6.332300186157227,5.438399791717529,19638,9.101699829101562,2.1586899757385254,0.41901999711990356
1997,10,1,0,0,0.8880569934844971,8.45989990234375,15,7.109600067138672,6.288899898529053,18200,9.101699829101562,1.9935400485992432,0.3914499878883362
1997,10,1,3,0,0.8849120140075684,8.864800453186035,15,7.535799980163574,6.724400043487549,16651,9.101699829101562,1.858870029449463,0.3827599883079529
1997,10,1,6,0,0.8797420263290405,8.851300239562988,15,7.25540018081665,6.220900058746338,15902,9.101699829101562,1.817430019378662,0.39897000789642334
1997,10,1,9,0,0.8589730262756348,7.274400234222412,25,5.661200046539307,4.83459997177124,20369,9.101699829101562,2.2975399494171143,0.47699999809265137
1997,10,1,12,0,0.8758969902992249,7.191199779510498,35,6.051400184631348,5.342299938201904,36548,8.274100303649902,3.1004600524902344,0.3844299912452698
1997,10,1,15,0,0.8984450101852417,7.622099876403809,45,6.467100143432617,5.702000141143799,60319,9.101699829101562,3.8323700428009033,0.3540300130844116
1997,10,1,18,0,0.9272609949111938,8.859399795532227,45,7.801400184631348,7.072999954223633,89469,10.01200008392334,4.263110160827637,0.3075900077819824
1997,10,1,21,0,0.9322559833526611,9.484399795532227,45,8.584699630737305,7.956200122833252,67499,10.01200008392334,3.5560500621795654,0.27469000220298767
1997,10,2,0,0,0.8950520157814026,9.378499984741211,45,8.418600082397461,7.6828999519348145,54091,10.01200008392334,3.2063300609588623,0.28169000148773193
1997,10,2,3,0,0.876986026763916,9.355600357055664,35,8.175600051879883,7.261600017547607,53237,10.01200008392334,3.187230110168457,0.30493998527526855
1997,10,2,6,0,0.8783800005912781,9.175100326538086,35,7.781799793243408,6.827300071716309,63194,11.013500213623047,3.5196499824523926,0.34512999653816223
1997,10,2,9,0,0.8889889717102051,9.479100227355957,25,8.0201997756958,7.0630998611450195,89262,12.114999771118164,4.117219924926758,0.35346999764442444
1997,10,2,12,0,0.9082630276679993,10.464500427246094,25,9.197400093078613,8.378499984741211,99003,12.114999771118164,4.106269836425781,0.3136900067329407
1997,10,2,15,0,0.9143419861793518,10.86240005493164,25,9.731499671936035,9.010199546813965,82149,12.114999771118164,3.6636900901794434,0.2923299968242645
1997,10,2,18,0,0.9189109802246094,10.98740005493164,15,9.9576997756958,9.319600105285645,66266,12.114999771118164,3.2685799598693848,0.28102999925613403
1997,10,2,21,0,0.9220939874649048,10.967000007629395,15,9.864700317382812,9.077199935913086,56137,12.114999771118164,3.0096099376678467,0.2814300060272217
1997,10,3,0,0,0.9213200211524963,10.886199951171875,15,9.571100234985352,8.475600242614746,49390,12.114999771118164,2.833750009536743,0.291269987821579
1997,10,3,3,0,0.9161890149116516,10.714900016784668,15,9.071200370788574,7.713099956512451,44029,12.114999771118164,2.7012200355529785,0.31735000014305115
1997,10,3,6,0,0.9041190147399902,10.172699928283691,15,8.09119987487793,6.6757001876831055,40471,12.114999771118164,2.670370101928711,0.3770099878311157
1997,10,3,9,0,0.8865919709205627,8.909899711608887,25,6.8506999015808105,5.742800235748291,40685,11.013500213623047,2.8958098888397217,0.45587000250816345
1997,10,3,12,0,0.8796079754829407,8.496800422668457,25,6.7347002029418945,5.764699935913086,45431,11.013500213623047,3.152519941329956,0.4551199972629547
1997,10,3,15,0,0.8814039826393127,8.52079963684082,35,6.919000148773193,6.004899978637695,50479,10.01200008392334,3.3189499378204346,0.4401099979877472
1997,10,3,18,0,0.8851600289344788,8.944000244140625,25,7.250400066375732,6.314199924468994,44624,10.01200008392334,3.0523600578308105,0.4565100073814392
1997,10,3,21,0,0.8853099942207336,9.440299987792969,25,7.285600185394287,6.237400054931641,41210,10.01200008392334,2.885699987411499,0.5218300223350525
1997,10,4,0,0,0.8852450251579285,9.801899909973145,25,7.347700119018555,6.232399940490723,40675,21.46489906311035,2.831360101699829,0.549239993095398
1997,10,4,3,0,0.8946329951286316,10.509900093078613,25,7.658199787139893,6.400599956512451,47038,21.46489906311035,2.9525198936462402,0.5501800179481506
1997,10,4,6,0,0.9109809994697571,11.436800003051758,15,8.130499839782715,6.670400142669678,60896,19.513200759887695,3.2337799072265625,0.5347200036048889
1997,10,4,9,0,0.9203670024871826,11.707200050354004,15,8.400300025939941,6.884200096130371,72011,19.513200759887695,3.4688498973846436,0.5148699879646301
1997,10,4,12,0,0.9255669713020325,11.930299758911133,15,9.119799613952637,7.660699844360352,79767,19.513200759887695,3.5784099102020264,0.4599800109863281
1997,10,4,15,0,0.9314519762992859,12.321700096130371,15,9.925100326538086,8.520400047302246,81900,17.73889923095703,3.5332999229431152,0.40226998925209045
1997,10,4,18,0,0.9389610290527344,12.560799598693848,5,10.384499549865723,8.92870044708252,88911,17.73889923095703,3.62007999420166,0.36155998706817627
1997,10,4,21,0,0.9419230222702026,12.396499633789062,5,10.185799598693848,8.600299835205078,96419,17.73889923095703,3.7756600379943848,0.3506999909877777
1997,10,5,0,0,0.944845974445343,12.42770004272461,5,10.554699897766113,9.165900230407715,93321,16.125999450683594,3.693160057067871,0.3233200013637543
1997,10,5,3,0,0.9465240240097046,12.475299835205078,5,10.843500137329102,9.589400291442871,86114,16.125999450683594,3.5288500785827637,0.30059000849723816
1997,10,5,6,0,0.9471840262413025,12.522299766540527,5,11.130999565124512,10.140399932861328,82208,16.125999450683594,3.435389995574951,0.2847299873828888
1997,10,5,9,0,0.9469670057296753,12.427900314331055,5,11.104900360107422,10.172100067138672,77747,14.659700393676758,3.349329948425293,0.280460000038147
1997,10,5,12,0,0.9458810091018677,12.282400131225586,5,11.082200050354004,10.315199851989746,71388,14.659700393676758,3.2232799530029297,0.2752799987792969
1997,10,5,15,0,0.9435319900512695,12.191800117492676,5,11.070699691772461,10.355799674987793,64227,14.659700393676758,3.0633599758148193,0.26787999272346497
1997,10,5,18,0,0.940110981464386,12.12090015411377,5,11.05210018157959,10.36769962310791,57626,14.659700393676758,2.906440019607544,0.2625199854373932
1997,10,5,21,0,0.9358710050582886,12.01729965209961,5,10.974800109863281,10.307600021362305,51633,13.326800346374512,2.760970115661621,0.2612600028514862
1997,10,6,0,0,0.9297999739646912,11.805100440979004,5,10.671199798583984,9.847700119018555,45180,13.326800346374512,2.6053500175476074,0.269430011510849
1997,10,6,3,0,0.9200850129127502,11.112500190734863,5,9.420999526977539,8.088600158691406,39216,13.326800346374512,2.507280111312866,0.31922999024391174
1997,10,6,6,0,0.9118499755859375,10.969499588012695,5,9.423600196838379,8.25629997253418,32559,13.326800346374512,2.3004798889160156,0.31856998801231384
1997,10,6,9,0,0.9021540284156799,10.656900405883789,5,8.87969970703125,7.509799957275391,26840,13.326800346374512,2.121570110321045,0.3380100131034851
1997,10,6,12,0,0.8893470168113708,10.233699798583984,5,8.216500282287598,6.73390007019043,22623,12.114999771118164,1.991569995880127,0.363290011882782
1997,10,6,15,0,0.8724769949913025,9.78279972076416,5,7.654699802398682,6.180200099945068,19942,12.114999771118164,1.9170399904251099,0.38468000292778015
1997,10,6,18,0,0.8560199737548828,9.382499694824219,355,7.254199981689453,5.8703999519348145,18509,12.114999771118164,1.8890600204467773,0.4007599949836731
1997,10,6,21,0,0.8506140112876892,9.133899688720703,355,7.046000003814697,5.718599796295166,17743,10.01200008392334,1.875599980354309,0.40516000986099243
1997,10,7,0,0,0.8463129997253418,8.981800079345703,355,6.901599884033203,5.603799819946289,16647,10.01200008392334,1.832900047302246,0.40922999382019043
1997,10,7,3,0,0.8428679704666138,9.01509952545166,355,6.9847002029418945,5.684000015258789,14807,10.01200008392334,1.725450038909912,0.4022499918937683
1997,10,7,6,0,0.839356005191803,9.347299575805664,355,7.509799957275391,6.220900058746338,12570,10.01200008392334,1.5593299865722656,0.3765000104904175
1997,10,7,9,0,0.8353059887886047,9.288800239562988,355,7.421899795532227,6.143799781799316,11064,9.101699829101562,1.4691599607467651,0.38378000259399414
1997,10,7,12,0,0.840969979763031,9.38029956817627,5,7.60099983215332,6.3471999168396,10567,9.101699829101562,1.4285199642181396,0.37474000453948975
1997,10,7,15,0,0.8520060181617737,9.47700023651123,355,7.804599761962891,6.603000164031982,11226,10.01200008392334,1.4632699489593506,0.36337000131607056
1997,10,7,18,0,0.862621009349823,9.833800315856934,355,8.459400177001953,7.505799770355225,12039,10.01200008392334,1.4832500219345093,0.3356199860572815
1997,10,7,21,0,0.868071973323822,10.067099571228027,355,8.824299812316895,7.962699890136719,12493,11.013500213623047,1.4897500276565552,0.31652000546455383
1997,10,8,0,0,0.8698930144309998,10.027999877929688,355,8.629599571228027,7.473899841308594,12325,11.013500213623047,1.4814200401306152,0.3153499960899353
1997,10,8,3,0,0.866873025894165,9.617500305175781,355,7.6427998542785645,6.093999862670898,11625,11.013500213623047,1.4709099531173706,0.34911999106407166
1997,10,8,6,0,0.828495979309082,7.30019998550415,5,5.362299919128418,4.479800224304199,13202,11.013500213623047,1.83024001121521,0.5032600164413452
1997,10,8,9,0,0.8103410005569458,6.815499782562256,15,5.579999923706055,4.883399963378906,19292,7.5218000411987305,2.320849895477295,0.42289999127388
1997,10,8,12,0,0.8292120099067688,6.86460018157959,35,5.822400093078613,5.150000095367432,28763,8.274100303649902,2.8250300884246826,0.3635900020599365
1997,10,8,15,0,0.821943998336792,7.404399871826172,35,6.467599868774414,5.829699993133545,29595,7.5218000411987305,2.740139961242676,0.3287299871444702
1997,10,8,18,0,0.8198279738426208,7.4028000831604,35,6.432300090789795,5.77869987487793,30532,7.5218000411987305,2.782589912414551,0.3359299898147583
1997,10,8,21,0,0.8325120210647583,7.682300090789795,25,6.76170015335083,6.159299850463867,38515,7.5218000411987305,3.0564301013946533,0.32565000653266907
1997,10,9,0,0,0.8664699792861938,8.343299865722656,15,7.249800205230713,6.562600135803223,51275,10.01200008392334,3.3587000370025635,0.3449299931526184
1997,10,9,3,0,0.8892689943313599,9.49470043182373,15,7.906199932098389,6.923799991607666,67955,11.013500213623047,3.6064600944519043,0.3821600079536438
1997,10,9,6,0,0.9004560112953186,9.928899765014648,15,8.075699806213379,6.9542999267578125,95274,14.659700393676758,4.181359767913818,0.39890000224113464
1997,10,9,9,0,0.9198229908943176,10.707799911499023,15,9.007699966430664,7.957699775695801,120411,14.659700393676758,4.513659954071045,0.3650299906730652
1997,10,9,12,0,0.9287170171737671,11.399100303649902,15,9.60669994354248,8.474900245666504,140239,14.659700393676758,4.727799892425537,0.3570300042629242
1997,10,9,15,0,0.9313820004463196,11.786299705505371,15,9.874099731445312,8.621899604797363,161698,16.125999450683594,5.001259803771973,0.3549500107765198
1997,10,9,18,0,0.9286479949951172,11.644000053405762,15,9.847599983215332,8.668700218200684,147952,14.659700393676758,4.802159786224365,0.3463999927043915
1997,10,9,21,0,0.9253349900245667,11.176199913024902,15,9.5649995803833,8.529000282287598,115381,14.659700393676758,4.3130598068237305,0.3386000096797943
1997,10,10,0,0,0.9218869805335999,10.670100212097168,5,9.084799766540527,8.020400047302246,87830,13.326800346374512,3.84335994720459,0.3396899998188019
1997,10,10,3,0,0.9167760014533997,10.236700057983398,5,8.669699668884277,7.607999801635742,70554,13.326800346374512,3.514899969100952,0.3434000015258789
1997,10,10,6,0,0.9139869809150696,10.04259967803955,5,8.50160026550293,7.45359992980957,58433,13.326800346374512,3.2279000282287598,0.34240999817848206
1997,10,10,9,0,0.9174219965934753,10.175299644470215,5,8.750800132751465,7.76800012588501,48194,13.326800346374512,2.907219886779785,0.32646000385284424
1997,10,10,12,0,0.9193360209465027,10.299300193786621,5,8.984999656677246,8.013699531555176,39365,12.114999771118164,2.605410099029541,0.3063499927520752
1997,10,10,15,0,0.9192370176315308,10.30150032043457,5,9.22439956665039,8.473999977111816,31882,12.114999771118164,2.34089994430542,0.2855600118637085
1997,10,10,18,0,0.9160659909248352,10.191200256347656,5,9.277799606323242,8.707799911499023,25883,12.114999771118164,2.119879961013794,0.2736299932003021
1997,10,10,21,0,0.9110050201416016,10.045900344848633,5,9.204000473022461,8.712499618530273,21445,11.013500213623047,1.9446699619293213,0.27046999335289
1997,10,11,0,0,0.9048680067062378,9.916799545288086,5,9.091500282287598,8.623499870300293,18232,11.013500213623047,1.8069299459457397,0.27393999695777893
1997,10,11,3,0,0.8976920247077942,9.788200378417969,5,8.928400039672852,8.417499542236328,15703,11.013500213623047,1.6909699440002441,0.283050000667572
1997,10,11,6,0,0.889976978302002,9.52649974822998,5,8.374300003051758,7.459000110626221,13870,11.013500213623047,1.6151599884033203,0.30796998739242554
1997,10,11,9,0,0.8906499743461609,8.665399551391602,355,7.267099857330322,6.307499885559082,14399,10.01200008392334,1.7393800020217896,0.3616499900817871
1997,10,11,12,0,0.9010549783706665,8.84280014038086,355,7.693699836730957,6.891200065612793,16070,10.01200008392334,1.8149700164794922,0.329120010137558
1997,10,11,15,0,0.8988800048828125,9.1628999710083,355,8.213600158691406,7.650100231170654,14111,10.01200008392334,1.6655199527740479,0.30748000741004944
1997,10,11,18,0,0.8881149888038635,9.164400100708008,355,8.235799789428711,7.708899974822998,11416,10.01200008392334,1.4987900257110596,0.30866000056266785
1997,10,11,21,0,0.8801149725914001,9.07919979095459,355,8.145600318908691,7.598199844360352,9881,10.01200008392334,1.4030400514602661,0.31185999512672424
1997,10,12,0,0,0.8731070160865784,8.821800231933594,355,7.644899845123291,6.7571001052856445,8973,9.101699829101562,1.3602999448776245,0.3307900130748749
1997,10,12,3,0,0.8679119944572449,8.543000221252441,355,7.422100067138672,6.708199977874756,8415,9.101699829101562,1.343459963798523,0.3470900058746338
1997,10,12,6,0,0.8630329966545105,8.459500312805176,355,7.4054999351501465,6.796800136566162,7868,9.101699829101562,1.3078700304031372,0.3502100110054016
1997,10,12,9,0,0.8544059991836548,8.525300025939941,355,7.4721999168396,6.9131999015808105,7099,9.101699829101562,1.2381500005722046,0.3567599952220917
1997,10,12,12,0,0.8450250029563904,8.632100105285645,355,7.537199974060059,6.981100082397461,6363,9.101699829101562,1.1653800010681152,0.36625999212265015
1997,10,12,15,0,0.835220992565155,8.707599639892578,355,7.575300216674805,7.017000198364258,5722,9.101699829101562,1.1010199785232544,0.3744400143623352
1997,10,12,18,0,0.8242350220680237,8.730299949645996,355,7.5721001625061035,7.014200210571289,5138,9.101699829101562,1.0427800416946411,0.3813599944114685
1997,10,12,21,0,0.8133500218391418,8.728400230407715,5,7.542600154876709,6.9816999435424805,4613,9.101699829101562,0.9888899922370911,0.3879700005054474
1997,10,13,0,0,0.8061730265617371,8.717700004577637,5,7.481800079345703,6.891499996185303,4154,9.101699829101562,0.9395700097084045,0.3957900106906891
1997,10,13,3,0,0.7999650239944458,8.661600112915039,5,7.256899833679199,6.4604997634887695,3761,8.274100303649902,0.8975600004196167,0.40759000182151794
1997,10,13,6,0,0.7952449917793274,8.65470027923584,5,7.252799987792969,6.542300224304199,3425,8.274100303649902,0.8571500182151794,0.4160600006580353
1997,10,13,9,0,0.7929229736328125,8.614899635314941,5,7.2083001136779785,6.531599998474121,3158,14.659700393676758,0.825689971446991,0.42320001125335693
1997,10,13,12,0,0.793383002281189,8.613300323486328,5,7.1844000816345215,6.530600070953369,2963,14.659700393676758,0.8003299832344055,0.4304499924182892
1997,10,13,15,0,0.7992219924926758,8.709799766540527,5,7.222899913787842,6.5528998374938965,2884,14.659700393676758,0.7842100262641907,0.4331499934196472
1997,10,13,18,0,0.8149160146713257,8.8951997756958,5,7.359099864959717,6.629499912261963,3056,14.659700393676758,0.7960299849510193,0.4224399924278259
1997,10,13,21,0,0.8394359946250916,8.944999694824219,5,7.238800048828125,6.209099769592285,3670,14.659700393676758,0.8664100170135498,0.4063499867916107
1997,10,14,0,0,0.8690090179443359,8.166899681091309,355,6.1915998458862305,5.117300033569336,5051,12.114999771118164,1.0649299621582031,0.44699999690055847
1997,10,14,3,0,0.892520010471344,8.366999626159668,355,6.593500137329102,5.5395002365112305,6588,10.01200008392334,1.198330044746399,0.4115599989891052
1997,10,14,6,0,0.9123849868774414,8.967900276184082,355,7.481500148773193,6.488500118255615,8398,10.01200008392334,1.2997599840164185,0.3572700023651123
1997,10,14,9,0,0.9260150194168091,9.508299827575684,355,8.212400436401367,7.245699882507324,10481,12.114999771118164,1.402690052986145,0.31426000595092773
1997,10,14,12,0,0.93607497215271,9.765000343322754,5,8.632499694824219,7.761199951171875,12172,12.114999771118164,1.4871599674224854,0.28828999400138855
1997,10,14,15,0,0.9415209889411926,9.770999908447266,5,8.699700355529785,7.813000202178955,12647,12.114999771118164,1.5139000415802002,0.2750200033187866
1997,10,14,18,0,0.9415919780731201,9.530400276184082,5,8.449999809265137,7.580599784851074,12162,11.013500213623047,1.5050400495529175,0.28064998984336853
1997,10,14,21,0,0.9401310086250305,9.300200462341309,5,8.126700401306152,7.127500057220459,11343,11.013500213623047,1.4739500284194946,0.2880600094795227
1997,10,15,0,0,0.9382789731025696,9.149499893188477,5,8.029800415039062,7.13070011138916,10693,11.013500213623047,1.4452999830245972,0.29264000058174133
1997,10,15,3,0,0.9373909831047058,9.131699562072754,5,8.107500076293945,7.319699764251709,10121,10.01200008392334,1.4084999561309814,0.28850001096725464
1997,10,15,6,0,0.9354469776153564,9.069499969482422,5,8.105400085449219,7.39870023727417,9672,10.01200008392334,1.3831299543380737,0.2881999909877777
1997,10,15,9,0,0.9331629872322083,9.031499862670898,5,8.126099586486816,7.481800079345703,9080,10.01200008392334,1.3444199562072754,0.2860099971294403
1997,10,15,12,0,0.9310929775238037,8.961000442504883,15,8.074299812316895,7.464399814605713,8403,10.01200008392334,1.3005499839782715,0.2904900014400482
1997,10,15,15,0,0.9292920231819153,8.922100067138672,15,8.017399787902832,7.421800136566162,7815,10.01200008392334,1.2593200206756592,0.3015899956226349
1997,10,15,18,0,0.9203190207481384,8.788999557495117,15,7.733500003814697,7.066800117492676,7503,10.01200008392334,1.2469199895858765,0.3327699899673462
1997,10,15,21,0,0.9157570004463196,8.908599853515625,15,7.69320011138916,6.915299892425537,7200,9.101699829101562,1.2141799926757812,0.35326001048088074
1997,10,16,0,0,0.9131860136985779,8.784199714660645,5,7.23769998550415,6.247000217437744,7292,9.101699829101562,1.2328499555587769,0.3895399868488312
1997,10,16,3,0,0.9136180281639099,8.914899826049805,5,7.386099815368652,6.468299865722656,7497,9.101699829101562,1.2408000230789185,0.39392998814582825
1997,10,16,6,0,0.9195569753646851,9.227100372314453,5,7.696400165557861,6.762700080871582,7670,14.659700393676758,1.2304400205612183,0.38262999057769775
1997,10,16,9,0,0.9260039925575256,9.427800178527832,5,7.911799907684326,6.964200019836426,8035,13.326800346374512,1.2433199882507324,0.3716300129890442
1997,10,16,12,0,0.9296129941940308,9.532699584960938,5,8.034899711608887,7.083199977874756,8406,13.326800346374512,1.2630000114440918,0.3641499876976013
1997,10,16,15,0,0.9326260089874268,9.669899940490723,5,8.2253999710083,7.285799980163574,8636,13.326800346374512,1.2690900564193726,0.35238999128341675
1997,10,16,18,0,0.9340699911117554,9.65470027923584,5,8.189900398254395,7.222499847412109,8948,13.326800346374512,1.2917300462722778,0.3507100045681
1997,10,16,21,0,0.9338099956512451,9.576899528503418,5,8.040900230407715,6.972400188446045,9424,12.114999771118164,1.3298900127410889,0.35074999928474426
1997,10,17,0,0,0.9337689876556396,9.439299583435059,5,7.768700122833252,6.5802998542785645,9990,12.114999771118164,1.3779499530792236,0.35558000206947327
1997,10,17,3,0,0.9332600235939026,9.396699905395508,5,7.923099994659424,6.928699970245361,10538,12.114999771118164,1.418179988861084,0.3476400077342987
1997,10,17,6,0,0.9332889914512634,9.55739974975586,5,8.200900077819824,7.254799842834473,10565,12.114999771118164,1.4060499668121338,0.3308500051498413
1997,10,17,9,0,0.9326490163803101,9.641400337219238,5,8.345100402832031,7.431399822235107,10369,12.114999771118164,1.3864400386810303,0.3239699900150299
1997,10,17,12,0,0.9312390089035034,9.716699600219727,5,8.501199722290039,7.65339994430542,10036,11.013500213623047,1.3591300249099731,0.3186599910259247
1997,10,17,15,0,0.9283419847488403,9.75100040435791,5,8.60949993133545,7.839600086212158,9637,11.013500213623047,1.3305699825286865,0.31659001111984253
1997,10,17,18,0,0.9242299795150757,9.748600006103516,5,8.663000106811523,7.971399784088135,9191,11.013500213623047,1.3009699583053589,0.31773000955581665
1997,10,17,21,0,0.9192079901695251,9.723999977111816,5,8.633700370788574,7.94350004196167,8721,11.013500213623047,1.2704999446868896,0.32308000326156616
1997,10,18,0,0,0.9038779735565186,8.722999572753906,5,6.840099811553955,5.6869001388549805,8538,10.01200008392334,1.3363499641418457,0.41639000177383423
1997,10,18,3,0,0.8786489963531494,7.980100154876709,355,6.396299839019775,5.448699951171875,9746,10.01200008392334,1.5083199739456177,0.4276599884033203
1997,10,18,6,0,0.8640959858894348,8.535599708557129,355,6.957300186157227,5.938499927520752,8616,9.101699829101562,1.3646999597549438,0.4022200107574463
1997,10,18,9,0,0.855135977268219,8.993200302124023,355,7.362100124359131,6.274499893188477,7513,10.01200008392334,1.2374800443649292,0.3929400146007538
1997,10,18,12,0,0.8492220044136047,9.28380012512207,355,7.654600143432617,6.553500175476074,7101,10.01200008392334,1.182420015335083,0.38662999868392944
1997,10,18,15,0,0.8446980118751526,9.512299537658691,5,7.820099830627441,6.672100067138672,6870,10.01200008392334,1.147510051727295,0.3854300081729889
1997,10,18,18,0,0.8386750221252441,9.62279987335205,5,7.788400173187256,6.545300006866455,6698,10.01200008392334,1.1260299682617188,0.39127999544143677
1997,10,18,21,0,0.83120197057724,9.599800109863281,5,7.552700042724609,6.190800189971924,6542,10.01200008392334,1.1147799491882324,0.4043700098991394
1997,10,19,0,0,0.8205140233039856,9.059399604797363,5,6.711599826812744,5.381199836730957,6610,16.125999450683594,1.1572500467300415,0.451339989900589
1997,10,19,3,0,0.8148769736289978,8.965999603271484,5,6.867199897766113,5.639999866485596,6814,16.125999450683594,1.183590054512024,0.4441699981689453
1997,10,19,6,0,0.8130900263786316,9.03320026397705,5,7.037199974060059,5.832099914550781,6807,16.125999450683594,1.1792399883270264,0.4354900121688843
1997,10,19,9,0,0.811260998249054,9.153900146484375,5,7.267600059509277,6.125800132751465,6625,9.101699829101562,1.156309962272644,0.43011000752449036
1997,10,19,12,0,0.8089950084686279,9.308199882507324,5,7.514699935913086,6.442200183868408,6405,9.101699829101562,1.127769947052002,0.42458000779151917
1997,10,19,15,0,0.8071309924125671,9.427000045776367,5,7.718299865722656,6.7118000984191895,6269,9.101699829101562,1.1086299419403076,0.4181399941444397
1997,10,19,18,0,0.8031290173530579,9.378999710083008,5,7.627699851989746,6.576000213623047,6248,14.659700393676758,1.1101100444793701,0.420989990234375
1997,10,19,21,0,0.7954909801483154,9.164199829101562,5,7.289999961853027,6.148200035095215,6359,14.659700393676758,1.1344300508499146,0.43323999643325806
1997,10,20,0,0,0.7842299938201904,8.579400062561035,5,6.402500152587891,5.2241997718811035,6635,14.659700393676758,1.2013100385665894,0.4778600037097931
1997,10,20,3,0,0.7832480072975159,8.796199798583984,5,6.867199897766113,5.763400077819824,6686,14.659700393676758,1.1909099817276,0.4559899866580963
1997,10,20,6,0,0.7774509787559509,9.024800300598145,5,7.131499767303467,6.064599990844727,6305,14.659700393676758,1.1412999629974365,0.45194000005722046
1997,10,20,9,0,0.7695279717445374,9.315600395202637,5,7.441699981689453,6.391600131988525,5795,14.659700393676758,1.0759299993515015,0.4435200095176697
1997,10,20,12,0,0.7612599730491638,9.48639965057373,5,7.548600196838379,6.464799880981445,5305,14.659700393676758,1.0192699432373047,0.44200000166893005
1997,10,20,15,0,0.7554699778556824,9.508099555969238,5,7.5055999755859375,6.412499904632568,4973,14.659700393676758,0.9853500127792358,0.44659000635147095
1997,10,20,18,0,0.7542979717254639,9.551600456237793,15,7.541800022125244,6.46560001373291,4801,16.125999450683594,0.9658799767494202,0.44738999009132385
1997,10,20,21,0,0.7510849833488464,9.20460033416748,15,6.666600227355957,5.335599899291992,4731,16.125999450683594,0.9785299897193909,0.4856100082397461
1997,10,21,0,0,0.7514780163764954,8.161600112915039,5,5.832799911499023,4.782299995422363,5501,16.125999450683594,1.1277199983596802,0.5387799739837646
1997,10,21,3,0,0.7662019729614258,8.632499694824219,5,6.537600040435791,5.470399856567383,5822,16.125999450683594,1.1257400512695312,0.4928700029850006
1997,10,21,6,0,0.7763749957084656,9.0733003616333,5,7.029600143432617,5.96150016784668,5928,16.125999450683594,1.105370044708252,0.47275999188423157
1997,10,21,9,0,0.791608989238739,9.48270034790039,5,7.427299976348877,6.331600189208984,6199,16.125999450683594,1.1024999618530273,0.45576998591423035
1997,10,21,12,0,0.8114640116691589,9.851900100708008,5,7.691999912261963,6.510499954223633,6733,17.73889923095703,1.1248600482940674,0.44582000374794006
1997,10,21,15,0,0.8278509974479675,9.968299865722656,5,7.7307000160217285,6.488699913024902,7342,17.73889923095703,1.1657600402832031,0.4418100118637085
1997,10,21,18,0,0.8470619916915894,10.141400337219238,5,7.803500175476074,6.462800025939941,8388,16.125999450683594,1.2333699464797974,0.4344500005245209
1997,10,21,21,0,0.8621209859848022,10.059599876403809,5,7.432799816131592,5.965700149536133,9848,16.125999450683594,1.3417600393295288,0.4486300051212311
1997,10,22,0,0,0.8692770004272461,9.79539966583252,5,7.118899822235107,5.684500217437744,11019,16.125999450683594,1.438480019569397,0.4610300064086914
1997,10,22,3,0,0.8788750171661377,9.90820026397705,5,7.530399799346924,6.178800106048584,11761,14.659700393676758,1.4750299453735352,0.4365699887275696
1997,10,22,6,0,0.8903120160102844,10.26609992980957,5,8.001099586486816,6.622200012207031,12158,14.659700393676758,1.4686399698257446,0.40852001309394836
1997,10,22,9,0,0.9005550146102905,10.556500434875488,5,8.291899681091309,6.877099990844727,12367,14.659700393676758,1.4569799900054932,0.3932099938392639
1997,10,22,12,0,0.9101769924163818,10.848600387573242,5,8.607500076293945,7.145299911499023,12223,14.659700393676758,1.4249000549316406,0.37485000491142273
1997,10,22,15,0,0.9190469980239868,11.034199714660645,5,8.810799598693848,7.2846999168396,11893,14.659700393676758,1.3901100158691406,0.3591499924659729
1997,10,22,18,0,0.9271050095558167,11.172200202941895,5,9.010000228881836,7.446400165557861,11728,14.659700393676758,1.3687200546264648,0.3431999981403351
1997,10,22,21,0,0.933713972568512,11.36709976196289,5,9.377300262451172,7.815299987792969,11784,14.659700393676758,1.3571200370788574,0.3194499909877777
1997,10,23,0,0,0.9379079937934875,11.552000045776367,5,9.794400215148926,8.274499893188477,11896,13.326800346374512,1.3502899408340454,0.29429998993873596
1997,10,23,3,0,0.9395589828491211,11.567399978637695,5,9.795700073242188,8.086400032043457,11983,13.326800346374512,1.3528800010681152,0.2831000089645386
1997,10,23,6,0,0.9394019842147827,11.338500022888184,5,9.450300216674805,7.767899990081787,12137,13.326800346374512,1.3748500347137451,0.2966200113296509
1997,10,23,9,0,0.9339929819107056,10.447600364685059,5,8.564900398254395,7.26609992980957,13095,13.326800346374512,1.4942200183868408,0.3477799892425537
1997,10,23,12,0,0.9332720041275024,10.143400192260742,355,8.501299858093262,7.43209981918335,13564,13.326800346374512,1.5455100536346436,0.3463200032711029
1997,10,23,15,0,0.9353020191192627,10.1673002243042,355,8.656399726867676,7.6545000076293945,13064,13.326800346374512,1.5123599767684937,0.3305000066757202
1997,10,23,18,0,0.9372889995574951,10.15149974822998,355,8.74899959564209,7.799799919128418,12433,13.326800346374512,1.4744199514389038,0.3172299861907959
1997,10,23,21,0,0.9381470084190369,10.02560043334961,355,8.600799560546875,7.534200191497803,11643,13.326800346374512,1.4348100423812866,0.3121100068092346
1997,10,24,0,0,0.9364889860153198,9.616900444030762,355,7.951000213623047,6.702499866485596,10875,12.114999771118164,1.4173400402069092,0.3328799903392792
1997,10,24,3,0,0.934315025806427,9.341899871826172,355,7.814899921417236,6.726200103759766,10215,12.114999771118164,1.3959399461746216,0.3354400098323822
1997,10,24,6,0,0.9324910044670105,9.325799942016602,355,7.998199939727783,7.059000015258789,9388,12.114999771118164,1.3393199443817139,0.32006001472473145
1997,10,24,9,0,0.9307969808578491,9.354499816894531,355,8.149499893188477,7.287499904632568,8471,12.114999771118164,1.2695300579071045,0.30621999502182007
1997,10,24,12,0,0.9286100268363953,9.357600212097168,355,8.249199867248535,7.448699951171875,7608,11.013500213623047,1.2027299404144287,0.2955400049686432
1997,10,24,15,0,0.9259639978408813,9.33549976348877,355,8.323200225830078,7.597499847412109,6837,11.013500213623047,1.1418800354003906,0.2867000102996826
1997,10,24,18,0,0.9229360222816467,9.286100387573242,355,8.35219955444336,7.697199821472168,6176,11.013500213623047,1.0889899730682373,0.28115999698638916
1997,10,24,21,0,0.9197220206260681,9.228799819946289,355,8.349800109863281,7.745200157165527,5637,11.013500213623047,1.0448600053787231,0.2786499857902527
1997,10,25,0,0,0.9146779775619507,8.96090030670166,355,7.706900119781494,6.629899978637695,5229,11.013500213623047,1.0237799882888794,0.30368998646736145
1997,10,25,3,0,0.9058849811553955,8.468199729919434,355,6.972700119018555,5.892499923706055,4976,10.01200008392334,1.032039999961853,0.350739985704422
1997,10,25,6,0,0.8985919952392578,8.36870002746582,355,7.035900115966797,6.109899997711182,4644,10.01200008392334,1.0061800479888916,0.35339000821113586
1997,10,25,9,0,0.8945559859275818,8.527000427246094,355,7.335100173950195,6.485199928283691,4173,10.01200008392334,0.9454200267791748,0.33994001150131226
1997,10,25,12,0,0.8922160267829895,8.6496000289917,355,7.56790018081665,6.796199798583984,3780,10.01200008392334,0.8938500285148621,0.33052998781204224
1997,10,25,15,0,0.8914840221405029,8.708499908447266,355,7.7093000411987305,7.0055999755859375,3497,10.01200008392334,0.8573499917984009,0.3246699869632721
1997,10,25,18,0,0.8909170031547546,8.714599609375,355,7.73859977722168,7.074999809265137,3293,10.01200008392334,0.8324599862098694,0.3269599974155426
1997,10,25,21,0,0.8904820084571838,8.757800102233887,355,7.747099876403809,7.0802001953125,3200,9.101699829101562,0.8187800049781799,0.33434000611305237
1997,10,26,0,0,0.8903899788856506,8.89680004119873,355,7.798900127410889,7.076900005340576,3290,9.101699829101562,0.8227400183677673,0.34220999479293823
1997,10,26,3,0,0.8906859755516052,8.773500442504883,355,7.347700119018555,6.414700031280518,3693,9.101699829101562,0.8769299983978271,0.3725999891757965
1997,10,26,6,0,0.8954899907112122,8.7923002243042,355,7.326399803161621,6.389900207519531,4371,11.013500213623047,0.9512799978256226,0.3743799924850464
1997,10,26,9,0,0.9034140110015869,9.144000053405762,355,7.788400173187256,6.855000019073486,5023,11.013500213623047,0.9953699707984924,0.3436500132083893
1997,10,26,12,0,0.9121479988098145,9.45479965209961,355,8.259099960327148,7.379199981689453,5695,11.013500213623047,1.038450002670288,0.31262001395225525
1997,10,26,15,0,0.9223480224609375,9.712499618530273,355,8.678400039672852,7.895899772644043,6613,11.013500213623047,1.100909948348999,0.286980003118515
1997,10,26,18,0,0.9333000183105469,9.951499938964844,355,9.05049991607666,8.344900131225586,8099,11.013500213623047,1.2003200054168701,0.2639800012111664
1997,10,26,21,0,0.9322620034217834,9.315500259399414,355,7.15500020980835,5.578000068664551,10132,11.013500213623047,1.3885799646377563,0.3415600061416626
1997,10,27,0,0,0.9368150234222412,9.4798002243042,355,7.790299892425537,6.402100086212158,11376,11.013500213623047,1.4574099779129028,0.3138200044631958
1997,10,27,3,0,0.9408069849014282,9.432999610900879,5,7.873700141906738,6.565400123596191,12113,11.013500213623047,1.5081599950790405,0.30724000930786133
1997,10,27,6,0,0.9438319802284241,9.35890007019043,5,8.153499603271484,7.177000045776367,12763,11.013500213623047,1.5569499731063843,0.2932699918746948
1997,10,27,9,0,0.9450640082359314,9.315500259399414,5,8.322500228881836,7.5980000495910645,12213,11.013500213623047,1.5294300317764282,0.28617000579833984
1997,10,27,12,0,0.9449830055236816,9.1766996383667,5,8.268500328063965,7.685699939727783,11520,10.01200008392334,1.5010199546813965,0.29186999797821045
1997,10,27,15,0,0.9440169930458069,9.02239990234375,5,8.137999534606934,7.6128997802734375,11169,10.01200008392334,1.4944599866867065,0.2993299961090088
1997,10,27,18,0,0.942458987236023,8.990400314331055,5,8.089699745178223,7.560699939727783,10589,10.01200008392334,1.4589699506759644,0.304390013217926
1997,10,27,21,0,0.9409819841384888,9.04259967803955,5,8.116600036621094,7.5706000328063965,9941,10.01200008392334,1.409909963607788,0.30928999185562134
1997,10,28,0,0,0.9394360184669495,9.065699577331543,5,7.963200092315674,7.1940999031066895,9574,10.01200008392334,1.381909966468811,0.3225800096988678
1997,10,28,3,0,0.9370830059051514,8.933199882507324,5,7.581600189208984,6.638199806213379,9673,11.013500213623047,1.3997900485992432,0.3473599851131439
1997,10,28,6,0,0.9378989934921265,9.157899856567383,5,7.935800075531006,7.097899913787842,9766,11.013500213623047,1.386680006980896,0.33267998695373535
1997,10,28,9,0,0.9400150179862976,9.423399925231934,5,8.313799858093262,7.540200233459473,9717,11.013500213623047,1.3605999946594238,0.3145099878311157
1997,10,28,12,0,0.9407740235328674,9.5649995803833,5,8.552399635314941,7.86329984664917,9544,11.013500213623047,1.3372900485992432,0.3041200041770935
1997,10,28,15,0,0.9390640258789062,9.64009952545166,5,8.67870044708252,8.064000129699707,9264,11.013500213623047,1.3129600286483765,0.3045499920845032
1997,10,28,18,0,0.934781014919281,9.729100227355957,5,8.632100105285645,7.817599773406982,9031,11.013500213623047,1.2932499647140503,0.3226499855518341
1997,10,28,21,0,0.9083939790725708,7.969799995422363,5,5.734300136566162,4.691100120544434,10071,11.013500213623047,1.5320700407028198,0.519349992275238
1997,10,29,0,0,0.8799459934234619,7.237299919128418,15,5.545899868011475,4.751100063323975,14486,6.837800025939941,1.9617799520492554,0.5397700071334839
1997,10,29,3,0,0.8733649849891663,7.447800159454346,15,5.795899868011475,4.99560022354126,22099,8.274100303649902,2.3922300338745117,0.531470000743866
1997,10,29,6,0,0.8681970238685608,7.759099960327148,25,6.167500019073486,5.357600212097168,34729,8.274100303649902,2.9287900924682617,0.5041499733924866
1997,10,29,9,0,0.8803079724311829,8.505499839782715,25,6.866600036621094,6.007199764251709,43889,9.101699829101562,3.127310037612915,0.4785099923610687
1997,10,29,12,0,0.8830329775810242,9.114399909973145,25,7.190999984741211,6.216899871826172,47555,9.101699829101562,3.1429800987243652,0.49046000838279724
1997,10,29,15,0,0.8824059963226318,9.3302001953125,25,7.268899917602539,6.249000072479248,53052,17.73889923095703,3.2814199924468994,0.49538999795913696
1997,10,29,18,0,0.8934720158576965,9.777999877929688,15,7.640100002288818,6.550099849700928,57241,17.73889923095703,3.319089889526367,0.4768100082874298
1997,10,29,21,0,0.8976010084152222,9.950200080871582,15,7.762800216674805,6.626699924468994,59521,17.73889923095703,3.3474600315093994,0.4665200114250183
1997,10,30,0,0,0.9037879705429077,10.208999633789062,15,7.964200019836426,6.765900135040283,58696,17.73889923095703,3.2731800079345703,0.4531500041484833
1997,10,30,3,0,0.90556800365448,10.464400291442871,15,8.142600059509277,6.877299785614014,63372,16.125999450683594,3.3518800735473633,0.4422599971294403
1997,10,30,6,0,0.9006109833717346,10.332099914550781,15,7.9096999168396,6.616099834442139,76549,16.125999450683594,3.705709934234619,0.4506700038909912
1997,10,30,9,0,0.8971660137176514,10.262399673461914,15,7.921199798583984,6.644899845123291,85569,16.125999450683594,3.9263699054718018,0.4438300132751465
1997,10,30,12,0,0.8857849836349487,9.915499687194824,15,7.868199825286865,6.717199802398682,95698,16.125999450683594,4.217820167541504,0.4308600127696991
1997,10,30,15,0,0.887798011302948,10.018699645996094,25,8.190600395202637,7.106500148773193,98333,16.125999450683594,4.2383599281311035,0.40257999300956726
1997,10,30,18,0,0.8848090171813965,10.09060001373291,15,8.271200180053711,7.180799961090088,92739,16.125999450683594,4.096459865570068,0.3963100016117096
1997,10,30,21,0,0.875531017780304,9.677800178527832,25,8.119000434875488,7.187900066375732,106322,14.659700393676758,4.478419780731201,0.3843500018119812
1997,10,31,0,0,0.8782529830932617,9.939900398254395,25,8.506600379943848,7.649499893188477,111121,14.659700393676758,4.500450134277344,0.36013999581336975
1997,10,31,3,0,0.8963140249252319,10.733699798583984,15,9.420599937438965,8.664999961853027,92240,14.659700393676758,3.9324300289154053,0.3296299874782562
1997,10,31,6,0,0.9133449792861938,11.371600151062012,15,10.089500427246094,9.381699562072754,77710,14.659700393676758,3.506089925765991,0.3149000108242035
1997,10,31,9,0,0.9327089786529541,11.922800064086914,5,10.612899780273438,9.87090015411377,72309,14.659700393676758,3.3043599128723145,0.3039200007915497
1997,10,31,12,0,0.947288990020752,12.319100379943848,5,11.026100158691406,10.268099784851074,70026,14.659700393676758,3.199460029602051,0.292169988155365
1997,10,31,15,0,0.9560329914093018,12.63379955291748,5,11.3641996383667,10.601200103759766,68771,14.659700393676758,3.1331300735473633,0.28411000967025757
1997,10,31,18,0,0.9607679843902588,12.896400451660156,5,11.645099639892578,10.883399963378906,68214,14.659700393676758,3.092099905014038,0.2787199914455414
1997,10,31,21,0,0.9629790186882019,13.042699813842773,5,11.812100410461426,11.060199737548828,66763,14.659700393676758,3.0439000129699707,0.2749499976634979
1997,11,1,0,0,0.9637550115585327,13.043800354003906,5,11.839900016784668,11.105199813842773,63674,14.659700393676758,2.9714300632476807,0.27219000458717346
1997,11,1,3,0,0.9637929797172546,12.95359992980957,5,11.774999618530273,11.057999610900879,59623,16.125999450683594,2.882499933242798,0.27042001485824585
1997,11,1,6,0,0.9632880091667175,12.810500144958496,5,11.647299766540527,10.944000244140625,54853,16.125999450683594,2.7772300243377686,0.2707099914550781
1997,11,1,9,0,0.9624249935150146,12.63700008392334,5,11.480899810791016,10.787599563598633,49604,14.659700393676758,2.656440019607544,0.27285000681877136
1997,11,1,12,0,0.9615060091018677,12.47659969329834,5,11.325300216674805,10.637800216674805,44844,14.659700393676758,2.5397799015045166,0.27498000860214233
1997,11,1,15,0,0.9607610106468201,12.347700119018555,5,11.201399803161621,10.51669979095459,40904,14.659700393676758,2.4365100860595703,0.2762500047683716
1997,11,1,18,0,0.9600639939308167,12.235199928283691,5,11.095000267028809,10.41670036315918,37431,14.659700393676758,2.3400399684906006,0.27709999680519104
1997,11,1,21,0,0.9590889811515808,12.138299942016602,5,11.001899719238281,10.326299667358398,34419,14.659700393676758,2.2516400814056396,0.27757999300956726
1997,11,2,0,0,0.957298994064331,12.051799774169922,5,10.913800239562988,10.237199783325195,31723,14.659700393676758,2.1685400009155273,0.27838999032974243
1997,11,2,3,0,0.9543269872665405,11.98009967803955,5,10.832799911499023,10.151200294494629,29265,13.326800346374512,2.0887598991394043,0.28025999665260315
1997,11,2,6,0,0.9506700038909912,11.917200088500977,5,10.7568998336792,10.069199562072754,27009,13.326800346374512,2.0119099617004395,0.2827700078487396
1997,11,2,9,0,0.9473279714584351,11.84280014038086,5,10.672499656677246,9.979700088500977,24813,13.326800346374512,1.9342399835586548,0.2850799858570099
1997,11,2,12,0,0.9449120163917542,11.735300064086914,5,10.563799858093262,9.871000289916992,22538,13.326800346374512,1.8511899709701538,0.2868100106716156
1997,11,2,15,0,0.9436060190200806,11.597700119018555,5,10.433699607849121,9.745499610900879,20275,13.326800346374512,1.7650799751281738,0.28762000799179077
1997,11,2,18,0,0.9427170157432556,11.457500457763672,5,10.305500030517578,9.623100280761719,18286,13.326800346374512,1.6853200197219849,0.28749001026153564
1997,11,2,21,0,0.9406419992446899,11.330900192260742,5,10.188199996948242,9.511199951171875,16672,13.326800346374512,1.6173900365829468,0.28766000270843506
1997,11,3,0,0,0.9360740184783936,11.233799934387207,5,10.090900421142578,9.416500091552734,15480,13.326800346374512,1.5651400089263916,0.2893899977207184
1997,11,3,3,0,0.9298419952392578,11.161999702453613,5,10.011199951171875,9.337200164794922,14647,13.326800346374512,1.5278500318527222,0.2925899922847748
1997,11,3,6,0,0.9236090183258057,11.103500366210938,5,9.941300392150879,9.26669979095459,14076,13.326800346374512,1.502519965171814,0.29649001359939575
1997,11,3,9,0,0.9192190170288086,11.033100128173828,5,9.870100021362305,9.199399948120117,13708,12.114999771118164,1.4880499839782715,0.29927998781204224
1997,11,3,12,0,0.9181150197982788,10.905900001525879,5,9.772600173950195,9.121700286865234,13681,12.114999771118164,1.4951900243759155,0.29947999119758606
1997,11,3,15,0,0.9195129871368408,10.646900177001953,5,9.55150032043457,8.917799949645996,13979,12.114999771118164,1.5300699472427368,0.3010300099849701
1997,11,3,18,0,0.9213969707489014,10.309900283813477,5,9.20460033416748,8.505499839782715,14312,12.114999771118164,1.5746899843215942,0.3057200014591217
1997,11,3,21,0,0.9221289753913879,9.932999610900879,5,8.75409984588623,7.937399864196777,14907,11.013500213623047,1.6394200325012207,0.3151499927043915
1997,11,4,0,0,0.9239280223846436,9.657600402832031,5,8.512499809265137,7.798399925231934,16581,10.01200008392334,1.7545299530029297,0.31922999024391174
1997,11,4,3,0,0.9251279830932617,9.682000160217285,5,8.630499839782715,7.98859977722168,17932,10.01200008392334,1.8201700448989868,0.3063899874687195
1997,11,4,6,0,0.9220799803733826,9.730600357055664,5,8.710800170898438,8.097700119018555,17745,10.01200008392334,1.8051600456237793,0.3017899990081787
1997,11,4,9,0,0.9184780120849609,9.76509952545166,15,8.734999656677246,8.121999740600586,16506,10.01200008392334,1.7379399538040161,0.30324000120162964
1997,11,4,12,0,0.9145780205726624,9.755499839782715,15,8.710100173950195,8.095000267028809,14969,10.01200008392334,1.6566699743270874,0.3068000078201294
1997,11,4,15,0,0.9097520112991333,9.706399917602539,15,8.643799781799316,8.028900146484375,13433,10.01200008392334,1.5747499465942383,0.31216999888420105
1997,11,4,18,0,0.9057419896125793,9.69279956817627,15,8.591899871826172,7.967599868774414,12215,10.01200008392334,1.5043100118637085,0.31995999813079834
1997,11,4,21,0,0.905174970626831,9.861499786376953,15,8.682900428771973,8.01990032196045,11919,14.659700393676758,1.473039984703064,0.32607999444007874
1997,11,5,0,0,0.9083539843559265,10.216300010681152,15,8.972000122070312,8.25160026550293,12853,13.326800346374512,1.4996800422668457,0.32054999470710754
1997,11,5,3,0,0.9118580222129822,10.527799606323242,5,9.288200378417969,8.538999557495117,14241,13.326800346374512,1.55131995677948,0.30757999420166016
1997,11,5,6,0,0.9147639870643616,10.708399772644043,5,9.499899864196777,8.752799987792969,15125,12.114999771118164,1.583299994468689,0.29844000935554504
1997,11,5,9,0,0.9147869944572449,10.814399719238281,5,9.612600326538086,8.868900299072266,15163,12.114999771118164,1.5773999691009521,0.2960599958896637
1997,11,5,12,0,0.9149199724197388,10.88759994506836,5,9.657400131225586,8.879599571228027,14833,14.659700393676758,1.5556600093841553,0.2976599931716919
1997,11,5,15,0,0.9182490110397339,10.915499687194824,5,9.513500213623047,8.400400161743164,14855,14.659700393676758,1.556380033493042,0.30379000306129456
1997,11,5,18,0,0.9249470233917236,10.777000427246094,5,8.876099586486816,7.333199977874756,15916,14.659700393676758,1.6250200271606445,0.33643001317977905
1997,11,5,21,0,0.9308109879493713,10.520700454711914,5,8.001700401306152,6.3821001052856445,19362,13.326800346374512,1.8258600234985352,0.40507999062538147
1997,11,6,0,0,0.9422439932823181,11.22719955444336,5,8.910300254821777,7.504000186920166,25940,13.326800346374512,2.0602200031280518,0.4055100083351135
1997,11,6,3,0,0.9506660103797913,12.167400360107422,15,9.720999717712402,8.046500205993652,33677,17.73889923095703,2.260390043258667,0.377920001745224
1997,11,6,6,0,0.9542239904403687,12.40880012512207,15,9.680700302124023,7.736400127410889,40676,17.73889923095703,2.4575600624084473,0.3697099983692169
1997,11,6,9,0,0.9568420052528381,12.393500328063965,15,10.08240032196045,8.456199645996094,44631,16.125999450683594,2.5668699741363525,0.34968000650405884
1997,11,6,12,0,0.9539999961853027,12.247099876403809,15,10.213399887084961,8.713700294494629,44396,16.125999450683594,2.5637199878692627,0.3296799957752228
1997,11,6,15,0,0.9458850026130676,11.849100112915039,15,9.87399959564209,8.362099647521973,41086,14.659700393676758,2.4985899925231934,0.32732999324798584
1997,11,6,18,0,0.9311519861221313,11.274700164794922,15,9.606599807739258,8.367799758911133,38902,14.659700393676758,2.4853599071502686,0.3222300112247467
1997,11,6,21,0,0.9146869778633118,10.774900436401367,5,9.584500312805176,8.859100341796875,38258,13.326800346374512,2.5177199840545654,0.30518999695777893
1997,11,7,0,0,0.9003360271453857,10.481399536132812,5,9.399700164794922,8.81410026550293,32922,13.326800346374512,2.3683300018310547,0.3037799894809723
1997,11,7,3,0,0.8932790160179138,10.338199615478516,5,9.2568998336792,8.671500205993652,26534,13.326800346374512,2.1404099464416504,0.3048500120639801
1997,11,7,6,0,0.889274001121521,9.718099594116211,5,8.281599998474121,7.312900066375732,23400,13.326800346374512,2.078749895095825,0.3409099876880646
1997,11,7,9,0,0.8910239934921265,9.644700050354004,355,8.035400390625,6.907299995422363,19690,13.326800346374512,1.9124499559402466,0.3483799993991852
1997,11,7,12,0,0.9034940004348755,9.91670036315918,355,8.399900436401367,7.288599967956543,16273,13.326800346374512,1.709439992904663,0.3279300034046173
1997,11,7,15,0,0.9154729843139648,10.163100242614746,355,8.8951997756958,8.003299713134766,14450,12.114999771118164,1.5870699882507324,0.30197998881340027
1997,11,7,18,0,0.9218590259552002,10.275099754333496,355,9.164199829101562,8.41409969329834,13376,12.114999771118164,1.5164400339126587,0.28508999943733215
1997,11,7,21,0,0.9234650135040283,10.25100040435791,355,9.214799880981445,8.540300369262695,12477,12.114999771118164,1.4662100076675415,0.27978000044822693
1997,11,8,0,0,0.9225429892539978,10.13070011138916,355,9.083000183105469,8.427000045776367,11757,12.114999771118164,1.4330400228500366,0.2864600121974945
1997,11,8,3,0,0.9211549758911133,10.098299980163574,355,8.997099876403809,8.30210018157959,11166,12.114999771118164,1.3996000289916992,0.2937299907207489
1997,11,8,6,0,0.9213650226593018,10.198699951171875,355,9.080400466918945,8.370200157165527,10906,12.114999771118164,1.3763699531555176,0.29396000504493713
1997,11,8,9,0,0.9223620295524597,10.336700439453125,355,9.219900131225586,8.505499839782715,10830,12.114999771118164,1.361780047416687,0.29058000445365906
1997,11,8,12,0,0.9220460057258606,10.425800323486328,355,9.310500144958496,8.590499877929688,10621,12.114999771118164,1.3420300483703613,0.28738000988960266
1997,11,8,15,0,0.9189500212669373,10.469400405883789,355,9.361499786376953,8.640399932861328,10110,12.114999771118164,1.3063900470733643,0.2857699990272522
1997,11,8,18,0,0.9129980206489563,10.523200035095215,355,9.409199714660645,8.696399688720703,9424,12.114999771118164,1.2591400146484375,0.2901400029659271
1997,11,8,21,0,0.9051160216331482,10.67389965057373,355,9.493399620056152,8.768500328063965,8807,12.114999771118164,1.2115000486373901,0.3040100038051605
1997,11,9,0,0,0.9035080075263977,11.084400177001953,5,9.738699913024902,8.947999954223633,8687,12.114999771118164,1.1855599880218506,0.32300999760627747
1997,11,9,3,0,0.9145539999008179,11.907699584960938,5,10.360600471496582,9.429499626159668,9885,16.125999450683594,1.2248200178146362,0.3234499990940094
1997,11,9,6,0,0.9300810098648071,12.768699645996094,5,11.245599746704102,10.208100318908691,12791,16.125999450683594,1.34552001953125,0.2903299927711487
1997,11,9,9,0,0.9478510022163391,13.315999984741211,15,12.027899742126465,11.022199630737305,17213,14.659700393676758,1.5250600576400757,0.2500700056552887
1997,11,9,12,0,0.9603610038757324,13.578499794006348,15,12.580699920654297,11.731900215148926,24034,14.659700393676758,1.7799999713897705,0.2168699949979782
1997,11,9,15,0,0.9666039943695068,13.614500045776367,15,12.797200202941895,12.073699951171875,32450,14.659700393676758,2.0621700286865234,0.20017999410629272
1997,11,9,18,0,0.9674720168113708,12.978799819946289,15,11.793399810791016,10.675800323486328,37462,14.659700393676758,2.2672300338745117,0.2356799989938736
1997,11,9,21,0,0.9689589738845825,11.722900390625,25,10.293800354003906,9.269000053405762,41573,14.659700393676758,2.5147500038146973,0.29370999336242676
1997,11,10,0,0,0.9697149991989136,11.414199829101562,25,10.14050006866455,9.29520034790039,45655,13.326800346374512,2.6665499210357666,0.28937000036239624
1997,11,10,3,0,0.9674829840660095,11.398599624633789,25,10.225299835205078,9.404399871826172,49090,13.326800346374512,2.7601499557495117,0.2738899886608124
1997,11,10,6,0,0.9625489711761475,11.233200073242188,35,10.172900199890137,9.442099571228027,50515,13.326800346374512,2.814379930496216,0.2625499963760376
1997,11,10,9,0,0.9601160287857056,11.157699584960938,35,10.215299606323242,9.564800262451172,50193,13.326800346374512,2.8089499473571777,0.24782000482082367
1997,11,10,12,0,0.9527440071105957,11.012100219726562,35,10.187100410461426,9.618300437927246,49805,12.114999771118164,2.8118200302124023,0.2345000058412552
1997,11,10,15,0,0.9379969835281372,10.769399642944336,35,9.977299690246582,9.44480037689209,45899,12.114999771118164,2.7301599979400635,0.2353699952363968
1997,11,10,18,0,0.9203029870986938,10.677900314331055,35,9.877599716186523,9.34939956665039,41372,12.114999771118164,2.6055099964141846,0.24098999798297882
1997,11,10,21,0,0.9046019911766052,10.865799903869629,35,10.071999549865723,9.561699867248535,40413,12.114999771118164,2.5543200969696045,0.24199000000953674
1997,11,11,0,0,0.9075009822845459,11.095499992370605,25,10.338500022888184,9.861300468444824,42703,12.114999771118164,2.5978500843048096,0.2356099933385849
1997,11,11,3,0,0.906512975692749,11.087499618530273,25,10.373800277709961,9.934399604797363,42287,12.114999771118164,2.5853700637817383,0.23082000017166138
1997,11,11,6,0,0.8997139930725098,10.884900093078613,25,10.18970012664795,9.773799896240234,37537,12.114999771118164,2.459249973297119,0.2324800044298172
1997,11,11,9,0,0.8961229920387268,10.619799613952637,15,9.922699928283691,9.516300201416016,31379,11.013500213623047,2.2787599563598633,0.23879000544548035
1997,11,11,12,0,0.892831027507782,10.369000434875488,15,9.657299995422363,9.2524995803833,25898,11.013500213623047,2.0985400676727295,0.24835999310016632
1997,11,11,15,0,0.8904939889907837,10.189499855041504,15,9.44159984588623,9.030099868774414,21712,11.013500213623047,1.9429800510406494,0.2640500068664551
1997,11,11,18,0,0.8900330066680908,10.119500160217285,15,9.305100440979004,8.876399993896484,18933,11.013500213623047,1.8262699842453003,0.28690001368522644
1997,11,11,21,0,0.8926010131835938,10.173299789428711,15,9.199199676513672,8.685500144958496,17620,11.013500213623047,1.7637499570846558,0.3188300132751465
1997,11,12,0,0,0.8988209962844849,10.473799705505371,15,9.317399978637695,8.73069953918457,17650,11.013500213623047,1.7475999593734741,0.3492400050163269
1997,11,12,3,0,0.9065750241279602,10.891799926757812,15,9.596400260925293,8.97029972076416,18539,11.013500213623047,1.7623100280761719,0.363209992647171
1997,11,12,6,0,0.9157840013504028,11.448200225830078,15,10.005399703979492,9.3016996383667,20927,17.73889923095703,1.8303699493408203,0.3632600009441376
1997,11,12,9,0,0.9237310290336609,11.929900169372559,5,10.405799865722656,9.575599670410156,24828,17.73889923095703,1.9532699584960938,0.3498600125312805
1997,11,12,12,0,0.9284369945526123,12.050100326538086,5,10.47439956665039,9.527000427246094,29155,17.73889923095703,2.1023099422454834,0.33932000398635864
1997,11,12,15,0,0.9272940158843994,12.031499862670898,5,10.559399604797363,9.69279956817627,32171,16.125999450683594,2.2052199840545654,0.3271099925041199
1997,11,12,18,0,0.9230949878692627,11.952400207519531,5,10.521699905395508,9.669699668884277,33344,16.125999450683594,2.2487900257110596,0.32095998525619507
1997,11,12,21,0,0.9175689816474915,11.847999572753906,15,10.425600051879883,9.563400268554688,32210,16.125999450683594,2.21737003326416,0.31891998648643494
1997,11,13,0,0,0.9122419953346252,11.498000144958496,15,9.71679973602295,8.399700164794922,29386,16.125999450683594,2.149940013885498,0.3388899862766266
1997,11,13,3,0,0.9065579771995544,10.722399711608887,15,8.572099685668945,7.1539998054504395,26697,16.125999450683594,2.127650022506714,0.38721001148223877
1997,11,13,6,0,0.9007760286331177,9.748499870300293,15,7.796999931335449,6.6255998611450195,26176,14.659700393676758,2.21835994720459,0.41464999318122864
1997,11,13,9,0,0.8954820036888123,9.066200256347656,25,7.3983001708984375,6.372000217437744,28522,9.101699829101562,2.4052700996398926,0.4078100025653839
1997,11,13,12,0,0.9022819995880127,9.261099815368652,35,7.481900215148926,6.422599792480469,39811,10.01200008392334,2.8199899196624756,0.4323500096797943
1997,11,13,15,0,0.9046459794044495,11.167200088500977,25,8.635299682617188,7.225100040435791,61766,19.513200759887695,3.2286899089813232,0.4532400071620941
1997,11,13,18,0,0.9194750189781189,12.93910026550293,25,10.181099891662598,8.385100364685059,97227,17.73889923095703,3.7619500160217285,0.38596001267433167
1997,11,13,21,0,0.9391080141067505,13.726699829101562,15,11.320300102233887,9.443099975585938,121191,17.73889923095703,4.061009883880615,0.32787999510765076
1997,11,14,0,0,0.94794100522995,14.024800300598145,15,12.133199691772461,10.611599922180176,123466,16.125999450683594,4.041220188140869,0.2916800081729889
1997,11,14,3,0,0.9531829953193665,14.100600242614746,15,12.556300163269043,11.305100440979004,119207,16.125999450683594,3.947309970855713,0.26791998744010925
1997,11,14,6,0,0.9573420286178589,14.147600173950195,15,12.724800109863281,11.531499862670898,117300,16.125999450683594,3.904129981994629,0.257860004901886
1997,11,14,9,0,0.9595940113067627,14.147299766540527,15,12.422800064086914,10.8503999710083,122958,16.125999450683594,4.004590034484863,0.27180999517440796
1997,11,14,12,0,0.9600669741630554,14.153800010681152,15,12.412199974060059,10.919500350952148,131502,16.125999450683594,4.144999980926514,0.2766300141811371
1997,11,14,15,0,0.9581329822540283,14.019000053405762,15,12.362000465393066,11.02929973602295,132826,16.125999450683594,4.181210041046143,0.2772600054740906
1997,11,14,18,0,0.9549649953842163,13.735099792480469,15,11.953200340270996,10.458900451660156,126056,16.125999450683594,4.107769966125488,0.2860099971294403
1997,11,14,21,0,0.948714017868042,13.085800170898438,15,10.874300003051758,9.134400367736816,121201,16.125999450683594,4.122010231018066,0.3217200040817261
1997,11,15,0,0,0.9430530071258545,12.606800079345703,15,10.388999938964844,8.736599922180176,115775,16.125999450683594,4.096240043640137,0.3349199891090393
1997,11,15,3,0,0.9445390105247498,12.64109992980957,15,10.821599960327148,9.453900337219238,103689,14.659700393676758,3.858220100402832,0.3098599910736084
1997,11,15,6,0,0.9467620253562927,12.692899703979492,15,11.246800422668457,10.213000297546387,90008,14.659700393676758,3.5747299194335938,0.28352999687194824
1997,11,15,9,0,0.9469329714775085,12.555700302124023,15,11.325400352478027,10.509900093078613,77526,14.659700393676758,3.3255999088287354,0.269569993019104
1997,11,15,12,0,0.9435679912567139,12.252699851989746,15,11.116800308227539,10.38599967956543,66930,14.659700393676758,3.1210598945617676,0.2668600082397461
1997,11,15,15,0,0.9340519905090332,11.865599632263184,15,10.781100273132324,10.110699653625488,58682,14.659700393676758,2.96628999710083,0.27087000012397766
1997,11,15,18,0,0.9157779812812805,11.545100212097168,15,10.526800155639648,9.92140007019043,52836,13.326800346374512,2.8511500358581543,0.2719399929046631
1997,11,15,21,0,0.8888720273971558,11.110799789428711,25,9.956999778747559,8.998800277709961,51402,13.326800346374512,2.8647799491882324,0.27900999784469604
1997,11,16,0,0,0.8656269907951355,9.60159969329834,35,7.967199802398682,6.877900123596191,56847,13.326800346374512,3.2647900581359863,0.36294999718666077
1997,11,16,3,0,0.8538150191307068,9.477299690246582,35,7.881100177764893,6.815400123596191,49789,13.326800346374512,3.080670118331909,0.3653999865055084
1997,11,16,6,0,0.845986008644104,9.207099914550781,35,7.5605998039245605,6.490699768066406,44632,13.326800346374512,2.966279983520508,0.37994998693466187
1997,11,16,9,0,0.8592759966850281,9.29699993133545,35,7.790500164031982,6.756700038909912,44318,9.101699829101562,2.9373700618743896,0.3596299886703491
1997,11,16,12,0,0.8600540161132812,9.021900177001953,35,7.443399906158447,6.404099941253662,46473,9.101699829101562,3.0580999851226807,0.37476998567581177
1997,11,16,15,0,0.8666830062866211,9.140700340270996,45,7.647299766540527,6.6427998542785645,49785,9.101699829101562,3.1394898891448975,0.3612299859523773
1997,11,16,18,0,0.867559015750885,8.818499565124512,45,7.249300003051758,6.234399795532227,57829,9.101699829101562,3.450819969177246,0.37740999460220337
1997,11,16,21,0,0.8772730231285095,8.876199722290039,45,7.407199859619141,6.436999797821045,66754,10.01200008392334,3.691119909286499,0.3634699881076813
1997,11,17,0,0,0.8874199986457825,9.344099998474121,35,8.07129955291748,7.214600086212158,69509,10.01200008392334,3.6544299125671387,0.3296799957752228
1997,11,17,3,0,0.8867369890213013,9.613100051879883,35,8.366000175476074,7.51170015335083,54829,11.013500213623047,3.1932899951934814,0.3190000057220459
1997,11,17,6,0,0.8841789960861206,9.789400100708008,25,8.66919994354248,7.904600143432617,42260,12.114999771118164,2.7737700939178467,0.3020800054073334
1997,11,17,9,0,0.8856989741325378,9.804499626159668,25,8.789999961853027,8.105500221252441,33954,11.013500213623047,2.483259916305542,0.29089000821113586
1997,11,17,12,0,0.8843430280685425,9.713299751281738,25,8.73069953918457,8.043999671936035,28195,11.013500213623047,2.2746999263763428,0.2883400022983551
1997,11,17,15,0,0.879643976688385,9.479999542236328,25,8.259099960327148,7.2718000411987305,23747,11.013500213623047,2.1169700622558594,0.30717000365257263
1997,11,17,18,0,0.8741989731788635,9.219400405883789,25,7.8383002281188965,6.799699783325195,20639,11.013500213623047,2.0074400901794434,0.3352000117301941
1997,11,17,21,0,0.8669710159301758,8.788000106811523,25,7.160299777984619,6.084400177001953,18960,10.01200008392334,1.9798699617385864,0.38165000081062317
1997,11,18,0,0,0.866441011428833,8.928899765014648,15,7.377600193023682,6.386199951171875,17826,10.01200008392334,1.908270001411438,0.3868899941444397
1997,11,18,3,0,0.8716470003128052,9.192099571228027,15,7.55620002746582,6.486800193786621,17801,10.01200008392334,1.8789000511169434,0.388480007648468
1997,11,18,6,0,0.8769329786300659,9.416000366210938,15,7.765399932861328,6.64300012588501,18628,10.01200008392334,1.896049976348877,0.37893998622894287
1997,11,18,9,0,0.8796700239181519,9.484600067138672,5,7.797100067138672,6.652200222015381,18935,10.01200008392334,1.903730034828186,0.3788299858570099
1997,11,18,12,0,0.8843590021133423,9.614999771118164,5,7.954400062561035,6.83620023727417,18177,10.01200008392334,1.8527599573135376,0.37657999992370605
1997,11,18,15,0,0.8834919929504395,9.580400466918945,5,7.787399768829346,6.59060001373291,17037,16.125999450683594,1.7984000444412231,0.38721999526023865
1997,11,18,18,0,0.8696699738502502,9.098999977111816,5,7.076399803161621,5.855100154876709,16136,14.659700393676758,1.8011399507522583,0.42337000370025635
1997,11,18,21,0,0.8438659906387329,7.958199977874756,25,6.201900005340576,5.2505998611450195,17826,14.659700393676758,2.0438199043273926,0.45695000886917114
1997,11,19,0,0,0.8671200275421143,7.526299953460693,45,6.217199802398682,5.4019999504089355,27256,8.274100303649902,2.60260009765625,0.3907899856567383
1997,11,19,3,0,0.9420160055160522,9.092000007629395,45,7.586699962615967,6.518599987030029,64444,12.114999771118164,3.563570022583008,0.3411400020122528
1997,11,19,6,0,0.9501199722290039,10.189800262451172,45,8.928899765014648,8.023799896240234,121330,12.114999771118164,4.591740131378174,0.298880010843277
1997,11,19,9,0,0.940326988697052,10.853899955749512,45,9.611300468444824,8.723400115966797,197302,12.114999771118164,5.667540073394775,0.28720998764038086
1997,11,19,12,0,0.9348120093345642,11.541099548339844,35,10.249600410461426,9.35669994354248,265306,13.326800346374512,6.389430046081543,0.2869499921798706
1997,11,19,15,0,0.9373800158500671,12.28279972076416,35,10.827099800109863,9.828499794006348,348239,14.659700393676758,7.139080047607422,0.29642999172210693
1997,11,19,18,0,0.9410499930381775,12.944999694824219,25,11.51710033416748,10.533900260925293,372539,16.125999450683594,7.216790199279785,0.28321999311447144
1997,11,19,21,0,0.9388309717178345,12.530099868774414,25,11.156700134277344,10.215299606323242,276491,14.659700393676758,6.297130107879639,0.28262999653816223
1997,11,20,0,0,0.93402498960495,11.779199600219727,25,10.520999908447266,9.664299964904785,193904,14.659700393676758,5.410679817199707,0.2809799909591675
1997,11,20,3,0,0.9269400238990784,11.372900009155273,25,10.259900093078613,9.482999801635742,137836,13.326800346374512,4.62539005279541,0.26802998781204224
1997,11,20,6,0,0.9238499999046326,11.048500061035156,15,9.99020004272461,9.233200073242188,107832,13.326800346374512,4.144539833068848,0.263949990272522
1997,11,20,9,0,0.9232079982757568,10.854999542236328,15,9.867899894714355,9.159500122070312,86785,12.114999771118164,3.7478599548339844,0.2578299939632416
1997,11,20,12,0,0.919975996017456,10.782999992370605,15,10.005399703979492,9.503700256347656,68201,12.114999771118164,3.3291499614715576,0.23792000114917755
1997,11,20,15,0,0.9142630100250244,10.604999542236328,15,9.918000221252441,9.486499786376953,54245,12.114999771118164,2.992460012435913,0.2283799946308136
1997,11,20,18,0,0.9055410027503967,10.364500045776367,15,9.724699974060059,9.327699661254883,42774,11.013500213623047,2.68927001953125,0.2251099944114685
1997,11,20,21,0,0.8954319953918457,10.09220027923584,15,9.487899780273438,9.117400169372559,33601,11.013500213623047,2.418639898300171,0.22436000406742096
1997,11,21,0,0,0.8859360218048096,9.840800285339355,15,9.263500213623047,8.914899826049805,26741,11.013500213623047,2.189199924468994,0.2252800017595291
1997,11,21,3,0,0.8769710063934326,9.608499526977539,15,9.043600082397461,8.710599899291992,21483,10.01200008392334,1.9908900260925293,0.2295600026845932
1997,11,21,6,0,0.8682249784469604,9.398099899291992,15,8.835000038146973,8.512200355529785,17638,10.01200008392334,1.829450011253357,0.23642000555992126
1997,11,21,9,0,0.8601359724998474,9.224300384521484,15,8.648699760437012,8.329299926757812,14790,9.101699829101562,1.6962100267410278,0.24653999507427216
1997,11,21,12,0,0.8525850176811218,9.086099624633789,15,8.476099967956543,8.151800155639648,12517,9.101699829101562,1.5775500535964966,0.2626200020313263
1997,11,21,15,0,0.8469039797782898,9.003899574279785,15,8.331399917602539,7.992400169372559,10762,9.101699829101562,1.4745700359344482,0.2855300009250641
1997,11,21,18,0,0.8439040184020996,9.009499549865723,15,8.237000465393066,7.868899822235107,9505,9.101699829101562,1.3897199630737305,0.31400999426841736
1997,11,21,21,0,0.8446400165557861,9.114700317382812,5,8.211799621582031,7.796999931335449,8737,8.274100303649902,1.3272700309753418,0.3402000069618225
1997,11,22,0,0,0.8527899980545044,9.32450008392334,5,8.269399642944336,7.775300025939941,8435,8.274100303649902,1.2892199754714966,0.35784000158309937
1997,11,22,3,0,0.8630409836769104,9.155099868774414,5,7.530900001525879,6.463799953460693,8565,14.659700393676758,1.3102500438690186,0.3930000066757202
1997,11,22,6,0,0.8731650114059448,8.503000259399414,15,6.666399955749512,5.5630998611450195,9918,14.659700393676758,1.466689944267273,0.4291599988937378
1997,11,22,9,0,0.8919919729232788,8.47719955444336,25,6.9456000328063965,5.963799953460693,12816,13.326800346374512,1.6668800115585327,0.39305999875068665
1997,11,22,12,0,0.9103909730911255,8.582200050354004,25,7.033199787139893,5.97760009765625,16337,10.01200008392334,1.861739993095398,0.37132999300956726
1997,11,22,15,0,0.9315009713172913,8.756400108337402,35,7.401100158691406,6.410999774932861,22251,10.01200008392334,2.1431899070739746,0.3372200131416321
1997,11,22,18,0,0.9364370107650757,8.765899658203125,35,7.456999778747559,6.478600025177002,27186,10.01200008392334,2.3637800216674805,0.3249100148677826
1997,11,22,21,0,0.929938018321991,8.359800338745117,35,6.962200164794922,5.980299949645996,30988,10.01200008392334,2.5912399291992188,0.3437899947166443
1997,11,23,0,0,0.939145028591156,8.64490032196045,45,7.334099769592285,6.353600025177002,40241,11.013500213623047,2.8928298950195312,0.31940001249313354
1997,11,23,3,0,0.9371079802513123,8.66100025177002,45,7.35099983215332,6.409900188446045,54174,11.013500213623047,3.3541200160980225,0.3259600102901459
1997,11,23,6,0,0.9433900117874146,9.06779956817627,55,7.750500202178955,6.798099994659424,73108,11.013500213623047,3.794260025024414,0.3185400068759918
1997,11,23,9,0,0.9459199905395508,9.124799728393555,55,7.866399765014648,6.946800231933594,62190,11.013500213623047,3.4848198890686035,0.3093299865722656
1997,11,23,12,0,0.933007001876831,8.399800300598145,55,7.054599761962891,6.146200180053711,55614,11.013500213623047,3.460170030593872,0.3443399965763092
1997,11,23,15,0,0.9271609783172607,8.152700424194336,55,6.968299865722656,6.156599998474121,59717,11.013500213623047,3.654360055923462,0.3330399990081787
1997,11,23,18,0,0.9254890084266663,8.193699836730957,55,7.054100036621094,6.257199764251709,65328,10.01200008392334,3.8106400966644287,0.32366999983787537
1997,11,23,21,0,0.928197979927063,8.533900260925293,55,7.531599998474121,6.819399833679199,61901,10.01200008392334,3.6217100620269775,0.2986299991607666
1997,11,24,0,0,0.9239230155944824,8.736000061035156,45,7.789299964904785,7.127900123596191,50800,10.01200008392334,3.236840009689331,0.28971999883651733
1997,11,24,3,0,0.9118009805679321,8.87660026550293,45,7.8343000411987305,7.066199779510498,41166,10.01200008392334,2.8861300945281982,0.29517999291419983
1997,11,24,6,0,0.8967139720916748,9.156999588012695,35,8.178000450134277,7.4558000564575195,37537,11.013500213623047,2.706279993057251,0.28306999802589417
1997,11,24,9,0,0.8953549861907959,9.412500381469727,35,8.481300354003906,7.779900074005127,37601,11.013500213623047,2.6651198863983154,0.2713199853897095
1997,11,24,12,0,0.8992699980735779,9.797300338745117,25,9.048399925231934,8.57759952545166,38666,11.013500213623047,2.6419999599456787,0.25143998861312866
1997,11,24,15,0,0.9084380269050598,10.208600044250488,25,9.468000411987305,9.010499954223633,41260,11.013500213623047,2.668070077896118,0.24578000605106354
1997,11,24,18,0,0.9135739803314209,10.594400405883789,15,9.845600128173828,9.370800018310547,44517,11.013500213623047,2.7158799171447754,0.23975999653339386
1997,11,24,21,0,0.9186189770698547,10.735199928283691,15,10.009699821472168,9.548999786376953,43726,12.114999771118164,2.671570062637329,0.23360000550746918
1997,11,25,0,0,0.9172919988632202,10.652700424194336,15,9.964799880981445,9.541399955749512,39261,12.114999771118164,2.5409998893737793,0.23041999340057373
1997,11,25,3,0,0.9130380153656006,10.457300186157227,15,9.778599739074707,9.353699684143066,33883,11.013500213623047,2.384320020675659,0.23249000310897827
1997,11,25,6,0,0.9066449999809265,9.988800048828125,15,8.7568998336792,7.55620002746582,28695,11.013500213623047,2.2510600090026855,0.2709600031375885
1997,11,25,9,0,0.9026060104370117,9.539199829101562,15,8.41349983215332,7.609000205993652,25413,11.013500213623047,2.1782000064849854,0.300029993057251
1997,11,25,12,0,0.9020799994468689,9.566100120544434,15,8.628700256347656,8.06029987335205,23448,10.01200008392334,2.0923900604248047,0.29151999950408936
1997,11,25,15,0,0.9013559818267822,9.624600410461426,15,8.677800178527832,8.03969955444336,22468,10.01200008392334,2.0429799556732178,0.29016000032424927
1997,11,25,18,0,0.8964669704437256,9.533100128173828,15,8.201299667358398,7.1367998123168945,21371,10.01200008392334,2.002810001373291,0.31481000781059265
1997,11,25,21,0,0.8909509778022766,9.398900032043457,15,8.03849983215332,7.0177001953125,19688,13.326800346374512,1.938670039176941,0.32697001099586487
1997,11,26,0,0,0.8767679929733276,9.147000312805176,15,8.083800315856934,7.4232001304626465,17939,13.326800346374512,1.8821300268173218,0.32041001319885254
1997,11,26,3,0,0.8646799921989441,9.05620002746582,25,8.071800231933594,7.45359992980957,16560,9.101699829101562,1.8197599649429321,0.3134399950504303
1997,11,26,6,0,0.8969119787216187,9.74020004272461,25,8.812600135803223,8.243900299072266,22429,12.114999771118164,2.0269699096679688,0.2875399887561798
1997,11,26,9,0,0.9174000024795532,10.397199630737305,25,9.53849983215332,8.99020004272461,31016,12.114999771118164,2.2945199012756348,0.26221999526023865
1997,11,26,12,0,0.9147379994392395,10.725299835205078,25,9.88070011138916,9.36240005493164,33749,11.013500213623047,2.3568499088287354,0.261790007352829
1997,11,26,15,0,0.8991550207138062,10.934000015258789,25,10.074299812316895,9.578499794006348,36493,11.013500213623047,2.4314699172973633,0.26837998628616333
1997,11,26,18,0,0.8902720212936401,11.10260009765625,25,10.194499969482422,9.690799713134766,38517,11.013500213623047,2.4831299781799316,0.2759599983692169
1997,11,26,21,0,0.885362982749939,11.276000022888184,25,10.329999923706055,9.815400123596191,40213,14.659700393676758,2.520359992980957,0.2792600095272064
1997,11,27,0,0,0.887004017829895,11.46090030670166,15,10.481100082397461,9.930800437927246,41052,14.659700393676758,2.526360034942627,0.27755001187324524
1997,11,27,3,0,0.8948320150375366,11.152799606323242,15,9.773599624633789,8.790800094604492,39798,14.659700393676758,2.5227699279785156,0.3055500090122223
1997,11,27,6,0,0.8977839946746826,10.964599609375,15,9.725899696350098,8.948800086975098,37224,13.326800346374512,2.459089994430542,0.3013499975204468
1997,11,27,9,0,0.9055010080337524,11.003199577331543,15,9.976900100708008,9.332300186157227,33686,13.326800346374512,2.3266799449920654,0.27292999625205994
1997,11,27,12,0,0.9078620076179504,10.78339958190918,15,9.923999786376953,9.382800102233887,28407,13.326800346374512,2.1532599925994873,0.2533999979496002
1997,11,27,15,0,0.910552978515625,10.373200416564941,5,9.586899757385254,9.102299690246582,22709,12.114999771118164,1.9637099504470825,0.24995000660419464
1997,11,27,18,0,0.911674976348877,9.962300300598145,5,9.197400093078613,8.732500076293945,18255,12.114999771118164,1.8001099824905396,0.2538599967956543
1997,11,27,21,0,0.909072995185852,9.615599632263184,5,8.730199813842773,7.964700222015381,14859,12.114999771118164,1.6567100286483765,0.25975000858306885
1997,11,28,0,0,0.892877995967865,8.18970012664795,5,6.407199859619141,5.291299819946289,13110,11.013500213623047,1.7012300491333008,0.38273999094963074
1997,11,28,3,0,0.8711050152778625,7.15369987487793,15,5.724800109863281,4.9116997718811035,13866,11.013500213623047,1.8989399671554565,0.4100100100040436
1997,11,28,6,0,0.8583869934082031,6.940400123596191,15,5.720300197601318,4.993299961090088,15233,7.5218000411987305,2.0333499908447266,0.3920300006866455
1997,11,28,9,0,0.8524789810180664,7.132800102233887,15,5.922699928283691,5.189599990844727,18134,7.5218000411987305,2.187269926071167,0.389629989862442
1997,11,28,12,0,0.862966001033783,7.791200160980225,15,6.389599800109863,5.55210018157959,22570,10.01200008392334,2.318779945373535,0.40303000807762146
1997,11,28,15,0,0.8756120204925537,8.541399955749512,15,6.885700225830078,5.928999900817871,29293,11.013500213623047,2.5127999782562256,0.4223400056362152
1997,11,28,18,0,0.8923389911651611,9.399999618530273,5,7.369100093841553,6.238699913024902,37485,13.326800346374512,2.708820104598999,0.4431599974632263
1997,11,28,21,0,0.9219189882278442,10.578100204467773,5,8.402000427246094,7.139599800109863,47677,14.659700393676758,2.881659984588623,0.4239499866962433
1997,11,29,0,0,0.9395849704742432,11.697999954223633,5,9.396300315856934,7.969600200653076,56141,14.659700393676758,2.9788401126861572,0.39836999773979187
1997,11,29,3,0,0.9453259706497192,12.244400024414062,5,9.662699699401855,7.963500022888184,64175,14.659700393676758,3.118000030517578,0.38989999890327454
1997,11,29,6,0,0.94172602891922,12.04580020904541,5,9.324899673461914,7.606400012969971,71267,17.73889923095703,3.314889907836914,0.40314000844955444
1997,11,29,9,0,0.9273539781570435,11.179499626159668,15,8.73390007019043,7.288300037384033,79828,17.73889923095703,3.6376800537109375,0.42239999771118164
1997,11,29,12,0,0.912755012512207,10.591899871826172,15,8.508899688720703,7.236299991607666,93992,17.73889923095703,4.035910129547119,0.4094200134277344
1997,11,29,15,0,0.9043269753456116,10.890199661254883,25,9.298500061035156,8.3572998046875,97502,11.013500213623047,4.034279823303223,0.3642500042915344
1997,11,29,18,0,0.8957780003547668,11.541899681091309,15,10.140600204467773,9.385199546813965,80582,16.125999450683594,3.560760021209717,0.3375700116157532
1997,11,29,21,0,0.9047470092773438,11.925999641418457,15,10.585000038146973,9.8681001663208,75114,16.125999450683594,3.381089925765991,0.32260000705718994
1997,11,30,0,0,0.9151530265808105,12.121299743652344,15,10.789400100708008,10.083499908447266,70995,16.125999450683594,3.2616000175476074,0.3172900080680847
1997,11,30,3,0,0.9253659844398499,12.300700187683105,15,10.956500053405762,10.227999687194824,67249,16.125999450683594,3.1508100032806396,0.31112998723983765
1997,11,30,6,0,0.934473991394043,12.421899795532227,5,11.110699653625488,10.373100280761719,65647,16.125999450683594,3.093410015106201,0.2999599874019623
1997,11,30,9,0,0.9381570219993591,12.403200149536133,5,11.151599884033203,10.431099891662598,64034,14.659700393676758,3.0515100955963135,0.29027000069618225
1997,11,30,12,0,0.9414770007133484,12.317000389099121,5,11.13659954071045,10.445500373840332,60968,14.659700393676758,2.981139898300171,0.2808000147342682
1997,11,30,15,0,0.9451839923858643,12.176899909973145,5,11.08080005645752,10.430700302124023,56074,14.659700393676758,2.867949962615967,0.2708300054073334
1997,11,30,18,0,0.9469190239906311,11.932999610900879,5,10.918399810791016,10.314399719238281,49353,14.659700393676758,2.7108700275421143,0.2630299925804138
1997,11,30,21,0,0.9460970163345337,11.611900329589844,5,10.65939998626709,10.09469985961914,41971,13.326800346374512,2.5290799140930176,0.2589299976825714
1997,12,1,0,0,0.944038987159729,11.265600204467773,5,10.362799644470215,9.83080005645752,35249,13.326800346374512,2.349869966506958,0.2569099962711334
1997,12,1,3,0,0.9423099756240845,10.948200225830078,5,10.087900161743164,9.582300186157227,29915,13.326800346374512,2.194230079650879,0.25527000427246094
1997,12,1,6,0,0.9415609836578369,10.687399864196777,5,9.858599662780762,9.371500015258789,25819,13.326800346374512,2.0627501010894775,0.2544200122356415
1997,12,1,9,0,0.9418780207633972,10.495800018310547,5,9.684599876403809,9.203700065612793,22804,12.114999771118164,1.9565399885177612,0.25505000352859497
1997,12,1,12,0,0.9435840249061584,10.436200141906738,5,9.630800247192383,9.153200149536133,21009,12.114999771118164,1.8840399980545044,0.2571299970149994
1997,12,1,15,0,0.948593020439148,10.530400276184082,355,9.70740032196045,9.218799591064453,20293,12.114999771118164,1.8443900346755981,0.26175999641418457
1997,12,1,18,0,0.9531040191650391,10.720499992370605,355,9.828200340270996,9.279000282287598,20220,12.114999771118164,1.8265899419784546,0.2706499993801117
1997,12,1,21,0,0.9552599787712097,10.855199813842773,355,9.793399810791016,9.061800003051758,20148,12.114999771118164,1.8145300149917603,0.285290002822876
1997,12,2,0,0,0.9546020030975342,10.779000282287598,355,9.50570011138916,8.604900360107422,19751,12.114999771118164,1.8062299489974976,0.30640000104904175
1997,12,2,3,0,0.9538819789886475,10.86240005493164,355,9.602800369262695,8.735199928283691,18640,12.114999771118164,1.7488000392913818,0.3061699867248535
1997,12,2,6,0,0.9532099962234497,11.000399589538574,355,9.767499923706055,8.943400382995605,17419,13.326800346374512,1.6805499792099,0.3037799894809723
1997,12,2,9,0,0.9533669948577881,11.153200149536133,355,9.948800086975098,9.16510009765625,16435,13.326800346374512,1.6216700077056885,0.3003599941730499
1997,12,2,12,0,0.9542490243911743,11.300399780273438,355,10.086400032043457,9.280599594116211,15925,13.326800346374512,1.5865299701690674,0.2984499931335449
1997,12,2,15,0,0.9500939846038818,11.051400184631348,355,8.761899948120117,6.857500076293945,16303,13.326800346374512,1.6257799863815308,0.3402499854564667
1997,12,2,18,0,0.9453089833259583,11.088500022888184,355,8.767000198364258,7.001299858093262,17321,16.125999450683594,1.6735999584197998,0.351500004529953
1997,12,2,21,0,0.9295549988746643,10.050100326538086,5,7.274799823760986,5.743899822235107,19485,14.659700393676758,1.8720300197601318,0.43494999408721924
1997,12,3,0,0,0.9106079936027527,9.474900245666504,5,7.007699966430664,5.723599910736084,22052,14.659700393676758,2.0596399307250977,0.4567599892616272
1997,12,3,3,0,0.8917179703712463,9.116700172424316,15,6.846399784088135,5.681600093841553,24851,13.326800346374512,2.236409902572632,0.4653100073337555
1997,12,3,6,0,0.8749520182609558,8.736599922180176,25,6.765600204467773,5.716400146484375,29093,13.326800346374512,2.481909990310669,0.45899999141693115
1997,12,3,9,0,0.8873569965362549,9.296299934387207,25,7.81689977645874,6.918600082397461,33970,9.101699829101562,2.588399887084961,0.3889999985694885
1997,12,3,12,0,0.897491991519928,10.1983003616333,35,8.911399841308594,8.098600387573242,43700,11.013500213623047,2.7805299758911133,0.34084001183509827
1997,12,3,15,0,0.8940640091896057,10.66670036315918,35,9.445699691772461,8.643799781799316,51703,11.013500213623047,2.94773006439209,0.3191399872303009
1997,12,3,18,0,0.8875550031661987,10.80150032043457,35,9.674599647521973,8.980999946594238,58550,11.013500213623047,3.1125099658966064,0.3063200116157532
1997,12,3,21,0,0.8714699745178223,10.950699806213379,35,9.940999984741211,9.358099937438965,59383,10.01200008392334,3.1082499027252197,0.29054000973701477
1997,12,4,0,0,0.860863983631134,10.928000450134277,25,9.904800415039062,9.27750015258789,54111,11.013500213623047,2.969219923019409,0.28845998644828796
1997,12,4,3,0,0.8536390066146851,10.276800155639648,25,8.856599807739258,7.81689977645874,50684,14.659700393676758,2.9705700874328613,0.3260599970817566
1997,12,4,6,0,0.8498259782791138,10.31309986114502,25,9.114999771118164,8.318499565124512,42520,14.659700393676758,2.7144999504089355,0.3111000061035156
1997,12,4,9,0,0.8485360145568848,10.425299644470215,25,9.39780044555664,8.787699699401855,35256,14.659700393676758,2.454080104827881,0.2928299903869629
1997,12,4,12,0,0.844173014163971,10.413599967956543,25,9.503100395202637,8.972200393676758,30161,13.326800346374512,2.2679800987243652,0.27768999338150024
1997,12,4,15,0,0.8468469977378845,10.333600044250488,25,9.461199760437012,8.956700325012207,25432,13.326800346374512,2.091320037841797,0.27581000328063965
1997,12,4,18,0,0.8514230251312256,10.305000305175781,25,9.380599975585938,8.826800346374512,21922,13.326800346374512,1.9476499557495117,0.2868500053882599
1997,12,4,21,0,0.8551560044288635,10.503899574279785,25,9.434000015258789,8.807000160217285,20416,13.326800346374512,1.8660900592803955,0.30748000741004944
1997,12,5,0,0,0.8654929995536804,11.05150032043457,15,9.893899917602539,9.268099784851074,21401,13.326800346374512,1.8655200004577637,0.31376001238822937
1997,12,5,3,0,0.8751599788665771,11.60260009765625,25,10.456500053405762,9.817500114440918,24399,13.326800346374512,1.9421900510787964,0.29850998520851135
1997,12,5,6,0,0.8693550229072571,11.893500328063965,25,10.904500007629395,10.320199966430664,29205,12.114999771118164,2.0914700031280518,0.2699599862098694
1997,12,5,9,0,0.858089029788971,11.961700439453125,35,11.121399879455566,10.605299949645996,33532,13.326800346374512,2.2265899181365967,0.24501000344753265
1997,12,5,12,0,0.8546950221061707,11.887900352478027,35,11.178999900817871,10.721099853515625,36878,13.326800346374512,2.3334200382232666,0.22169999778270721
1997,12,5,15,0,0.8559439778327942,11.717000007629395,45,11.097900390625,10.697699546813965,37138,13.326800346374512,2.3528099060058594,0.2074899971485138
1997,12,5,18,0,0.8525859713554382,11.4931001663208,45,10.92389965057373,10.562899589538574,34259,13.326800346374512,2.2790300846099854,0.20183999836444855
1997,12,5,21,0,0.8457159996032715,11.337900161743164,45,10.78320026397705,10.43529987335205,30565,13.326800346374512,2.1667699813842773,0.20128999650478363
1997,12,6,0,0,0.8382310271263123,11.140199661254883,45,10.609299659729004,10.27970027923584,27294,12.114999771118164,2.065469980239868,0.2004300057888031
1997,12,6,3,0,0.8298289775848389,10.891599655151367,45,10.363300323486328,10.043700218200684,23630,11.013500213623047,1.9452999830245972,0.20497000217437744
1997,12,6,6,0,0.821977972984314,10.657099723815918,45,10.108799934387207,9.78320026397705,20425,11.013500213623047,1.8310400247573853,0.2134999930858612
1997,12,6,9,0,0.8184679746627808,10.494600296020508,35,9.917900085449219,9.578900337219238,17924,11.013500213623047,1.7311400175094604,0.22308999300003052
1997,12,6,12,0,0.817628026008606,10.428099632263184,35,9.813199996948242,9.460599899291992,16146,11.013500213623047,1.6515599489212036,0.23826999962329865
1997,12,6,15,0,0.8188890218734741,10.559100151062012,35,9.826000213623047,9.450300216674805,15154,10.01200008392334,1.5980900526046753,0.2825700044631958
1997,12,6,18,0,0.8305019736289978,11.297699928283691,35,10.192099571228027,9.715700149536133,16384,10.01200008392334,1.6270099878311157,0.36322999000549316
1997,12,6,21,0,0.8449379801750183,12.605199813842773,35,10.958700180053711,10.281299591064453,20870,11.013500213623047,1.7674100399017334,0.40591999888420105
1997,12,7,0,0,0.8521040081977844,13.736100196838379,25,11.813599586486816,10.957900047302246,27157,21.46489906311035,1.948740005493164,0.3898099958896637
1997,12,7,3,0,0.8624759912490845,14.54170036315918,25,12.628899574279785,11.690699577331543,34026,19.513200759887695,2.1254799365997314,0.3540700078010559
1997,12,7,6,0,0.8716890215873718,15.036999702453613,15,13.2391996383667,12.178600311279297,40457,19.513200759887695,2.2768399715423584,0.3174299895763397
1997,12,7,9,0,0.8813400268554688,14.214500427246094,15,10.652000427246094,8.027600288391113,45188,19.513200759887695,2.4690799713134766,0.3702000081539154
1997,12,7,12,0,0.8585090041160583,10.853099822998047,25,7.472300052642822,5.990200042724609,55181,17.73889923095703,3.1210598945617676,0.5283100008964539
1997,12,7,15,0,0.8569679856300354,10.600799560546875,25,7.940199851989746,6.653299808502197,58699,17.73889923095703,3.2365000247955322,0.48704999685287476
1997,12,7,18,0,0.8629900217056274,10.295599937438965,15,7.957099914550781,6.816999912261963,58364,17.73889923095703,3.270519971847534,0.47606000304222107
1997,12,7,21,0,0.885021984577179,10.424200057983398,15,8.570799827575684,7.5756001472473145,63306,17.73889923095703,3.35506010055542,0.41800999641418457
1997,12,8,0,0,0.8934590220451355,10.735199928283691,15,9.027099609375,8.065899848937988,56893,17.73889923095703,3.119849920272827,0.38778001070022583
1997,12,8,3,0,0.8907589912414551,10.965399742126465,15,9.36870002746582,8.539600372314453,49048,16.125999450683594,2.8622701168060303,0.3733600080013275
1997,12,8,6,0,0.8915969729423523,11.191900253295898,5,9.639800071716309,8.853799819946289,43137,16.125999450683594,2.6541199684143066,0.361519992351532
1997,12,8,9,0,0.8983460068702698,11.414299964904785,5,9.882200241088867,9.092399597167969,38720,16.125999450683594,2.4869298934936523,0.3500800132751465
1997,12,8,12,0,0.906669020652771,11.530599594116211,5,10.081100463867188,9.318099975585938,36962,16.125999450683594,2.412559986114502,0.33597999811172485
1997,12,8,15,0,0.9144690036773682,11.525699615478516,5,10.241600036621094,9.552499771118164,38943,16.125999450683594,2.468679904937744,0.31700998544692993
1997,12,8,18,0,0.9231430292129517,11.518199920654297,5,10.34749984741211,9.713899612426758,41570,14.659700393676758,2.545639991760254,0.30379998683929443
1997,12,8,21,0,0.9307720065116882,11.599800109863281,5,10.441300392150879,9.805999755859375,43130,14.659700393676758,2.58243989944458,0.29971998929977417
1997,12,9,0,0,0.9389809966087341,11.843000411987305,5,10.62339973449707,9.899999618530273,45747,14.659700393676758,2.6331400871276855,0.2974500060081482
1997,12,9,3,0,0.9475079774856567,11.937899589538574,5,10.612600326538086,9.81719970703125,54051,14.659700393676758,2.8520500659942627,0.3014099895954132
1997,12,9,6,0,0.9546399712562561,12.314800262451172,5,11.128700256347656,10.388500213623047,58728,14.659700393676758,2.922070026397705,0.2764799892902374
1997,12,9,9,0,0.9586150050163269,12.39840030670166,5,11.332599639892578,10.666199684143066,56087,14.659700393676758,2.841200113296509,0.26146000623703003
1997,12,9,12,0,0.9601870179176331,12.248800277709961,5,11.248000144958496,10.631099700927734,49623,13.326800346374512,2.6845600605010986,0.2566100060939789
1997,12,9,15,0,0.9605889916419983,12.029399871826172,5,11.036199569702148,10.381500244140625,43633,13.326800346374512,2.537130117416382,0.25655999779701233
1997,12,9,18,0,0.9602349996566772,11.720100402832031,5,10.612700462341309,9.677300453186035,39109,14.659700393676758,2.43176007270813,0.262719988822937
1997,12,9,21,0,0.9581000208854675,11.046699523925781,5,9.478400230407715,8.161800384521484,36123,14.659700393676758,2.409709930419922,0.30329999327659607
1997,12,10,0,0,0.9557570219039917,10.650199890136719,5,9.16759967803955,8.040200233459473,33294,14.659700393676758,2.357870101928711,0.31306999921798706
1997,12,10,3,0,0.9539340138435364,10.517999649047852,5,9.124300003051758,8.079700469970703,30081,13.326800346374512,2.2548298835754395,0.30970001220703125
1997,12,10,6,0,0.9567970037460327,10.92959976196289,5,9.704500198364258,8.90779972076416,31987,13.326800346374512,2.281559944152832,0.29945001006126404
1997,12,10,9,0,0.965224027633667,11.975299835205078,5,10.795700073242188,10.043600082397461,47373,14.659700393676758,2.6552600860595703,0.27733999490737915
1997,12,10,12,0,0.9694610238075256,12.552499771118164,5,11.486599922180176,10.781000137329102,63310,14.659700393676758,2.997889995574951,0.25273001194000244
1997,12,10,15,0,0.9698619842529297,12.584500312805176,5,11.590299606323242,10.930800437927246,64191,14.659700393676758,3.011770009994507,0.24404999613761902
1997,12,10,18,0,0.9693809747695923,12.431599617004395,5,11.465700149536133,10.834199905395508,58491,14.659700393676758,2.889770030975342,0.24412000179290771
1997,12,10,21,0,0.9692869782447815,12.32289981842041,5,11.357000350952148,10.739399909973145,54818,13.326800346374512,2.809530019760132,0.24749000370502472
1997,12,11,0,0,0.9695429801940918,12.325200080871582,5,11.351200103759766,10.73169994354248,55772,13.326800346374512,2.8344500064849854,0.24900999665260315
1997,12,11,3,0,0.9689189791679382,12.365599632263184,5,11.395400047302246,10.7701997756958,57160,13.326800346374512,2.8643798828125,0.2466599941253662
1997,12,11,6,0,0.9671059846878052,12.373600006103516,15,11.413599967956543,10.791799545288086,57061,13.326800346374512,2.860179901123047,0.2447900027036667
1997,12,11,9,0,0.9690340161323547,12.40410041809082,15,11.416600227355957,10.780699729919434,57359,13.326800346374512,2.8663899898529053,0.2491299957036972
1997,12,11,12,0,0.970134973526001,12.59119987487793,15,11.524800300598145,10.848099708557129,59979,13.326800346374512,2.9178199768066406,0.2612999975681305
1997,12,11,15,0,0.9706000089645386,13.136199951171875,15,11.93809986114502,11.18970012664795,68595,13.326800346374512,3.0745999813079834,0.27379998564720154
1997,12,11,18,0,0.9701150059700012,13.696200370788574,15,12.445899963378906,11.645600318908691,81236,17.73889923095703,3.2925100326538086,0.2683599889278412
1997,12,11,21,0,0.9690650105476379,13.844400405883789,15,12.635199546813965,11.847000122070312,87579,16.125999450683594,3.40054988861084,0.2584500014781952
1997,12,12,0,0,0.9679070115089417,13.691300392150879,15,12.526800155639648,11.766300201416016,85023,16.125999450683594,3.361680030822754,0.2539899945259094
1997,12,12,3,0,0.9667479991912842,13.442099571228027,15,12.308300018310547,11.567899703979492,78629,16.125999450683594,3.2541298866271973,0.2530199885368347
1997,12,12,6,0,0.965175986289978,13.183300018310547,15,12.06190013885498,11.324399948120117,71417,16.125999450683594,3.124969959259033,0.2547299861907959
1997,12,12,9,0,0.9631749987602234,12.942500114440918,15,11.82289981842041,11.059000015258789,64488,14.659700393676758,2.9916000366210938,0.2563900053501129
1997,12,12,12,0,0.9610109925270081,12.693699836730957,15,11.509699821472168,10.581600189208984,58287,14.659700393676758,2.867340087890625,0.25992000102996826
1997,12,12,15,0,0.9587349891662598,12.147600173950195,15,10.858400344848633,9.918100357055664,53031,14.659700393676758,2.793210029602051,0.27970001101493835
1997,12,12,18,0,0.9545450210571289,11.491700172424316,15,10.122300148010254,9.046299934387207,54154,14.659700393676758,2.8983500003814697,0.29403001070022583
1997,12,12,21,0,0.9445250034332275,11.080499649047852,25,9.668000221252441,8.583600044250488,56998,13.326800346374512,3.025789976119995,0.3033199906349182
1997,12,13,0,0,0.9302560091018677,10.914400100708008,25,9.50059986114502,8.425100326538086,62878,13.326800346374512,3.199739933013916,0.30483999848365784
1997,12,13,3,0,0.9282010197639465,10.987799644470215,35,9.692899703979492,8.732799530029297,67688,13.326800346374512,3.3058900833129883,0.29455000162124634
1997,12,13,6,0,0.929768979549408,11.104299545288086,35,9.889399528503418,9.000499725341797,68926,13.326800346374512,3.316800117492676,0.2865599989891052
1997,12,13,9,0,0.9360010027885437,11.566399574279785,35,10.389399528503418,9.584199905395508,75187,13.326800346374512,3.398279905319214,0.28161001205444336
1997,12,13,12,0,0.9456040263175964,12.304900169372559,35,11.195500373840332,10.463399887084961,91841,14.659700393676758,3.6464900970458984,0.26388999819755554
1997,12,13,15,0,0.9519990086555481,12.762900352478027,35,11.736700057983398,11.042200088500977,104127,14.659700393676758,3.8153300285339355,0.24754999577999115
1997,12,13,18,0,0.9563720226287842,12.84469985961914,35,11.484999656677246,10.232099533081055,117183,14.659700393676758,4.042990207672119,0.26183998584747314
1997,12,13,21,0,0.9619659781455994,12.855199813842773,45,11.581999778747559,10.632499694824219,146229,14.659700393676758,4.520909786224365,0.2677200138568878
1997,12,14,0,0,0.9632920026779175,12.837200164794922,45,11.369099617004395,10.155200004577637,155159,14.659700393676758,4.662489891052246,0.2752699851989746
1997,12,14,3,0,0.9624069929122925,12.282999992370605,45,10.83180046081543,9.733200073242188,163965,14.659700393676758,4.889520168304443,0.2869899868965149
1997,12,14,6,0,0.9602540135383606,12.049400329589844,45,10.393099784851074,9.049300193786621,160780,14.659700393676758,4.882730007171631,0.29592999815940857
1997,12,14,9,0,0.9551270008087158,11.431900024414062,45,9.869400024414062,8.684399604797363,175225,14.659700393676758,5.224730014801025,0.30496999621391296
1997,12,14,12,0,0.9509289860725403,10.879300117492676,55,9.304400444030762,8.140700340270996,148843,13.326800346374512,4.93120002746582,0.31529998779296875
1997,12,14,15,0,0.9469820261001587,10.722800254821777,55,9.400099754333496,8.456899642944336,115986,13.326800346374512,4.376100063323975,0.2976199984550476
1997,12,14,18,0,0.9377890229225159,10.872200012207031,55,9.799799919128418,9.052399635314941,83594,13.326800346374512,3.6806399822235107,0.2699599862098694
1997,12,14,21,0,0.9239410161972046,10.984600067138672,55,10.13539981842041,9.585200309753418,64319,13.326800346374512,3.2057299613952637,0.24518999457359314
1997,12,15,0,0,0.9012519717216492,10.793999671936035,45,9.911199569702148,9.248499870300293,53040,13.326800346374512,2.934309959411621,0.2432900071144104
1997,12,15,3,0,0.8733559846878052,10.347700119018555,45,9.466899871826172,8.853699684143066,45840,12.114999771118164,2.789400100708008,0.25200000405311584
1997,12,15,6,0,0.8586099743843079,10.21560001373291,45,9.50100040435791,9.04069995880127,37379,12.114999771118164,2.534179925918579,0.23443999886512756
1997,12,15,9,0,0.8500699996948242,10.105500221252441,45,9.486300468444824,9.085800170898438,30550,12.114999771118164,2.3027400970458984,0.22046999633312225
1997,12,15,12,0,0.8451110124588013,9.746100425720215,45,8.471799850463867,6.914299964904785,25719,11.013500213623047,2.15474009513855,0.2350900024175644
1997,12,15,15,0,0.8511819839477539,8.538900375366211,45,6.811600208282471,5.633800029754639,23325,11.013500213623047,2.208169937133789,0.34995999932289124
1997,12,15,18,0,0.8835989832878113,7.399499893188477,55,6.138400077819824,5.347400188446045,26758,11.013500213623047,2.5859200954437256,0.3666200041770935
1997,12,15,21,0,0.9122430086135864,7.367800235748291,55,6.337800025939941,5.620999813079834,51145,9.101699829101562,3.593600034713745,0.32194000482559204
1997,12,16,0,0,0.9173600077629089,8.360199928283691,55,7.213799953460693,6.393899917602539,88894,10.01200008392334,4.385970115661621,0.3137100040912628
1997,12,16,3,0,0.9219470024108887,8.890199661254883,55,7.687900066375732,6.817599773406982,116354,11.013500213623047,4.840139865875244,0.3092600107192993
1997,12,16,6,0,0.9307929873466492,8.82919979095459,55,7.696899890899658,6.853499889373779,91514,10.01200008392334,4.305520057678223,0.29708999395370483
1997,12,16,9,0,0.9289810061454773,8.733699798583984,55,7.821499824523926,7.134200096130371,66083,10.01200008392334,3.680959939956665,0.2685700058937073
1997,12,16,12,0,0.9049680233001709,8.086700439453125,55,7.037700176239014,6.2519001960754395,60899,10.01200008392334,3.699709892272949,0.2962299883365631
1997,12,16,15,0,0.904570996761322,8.354999542236328,55,7.514500141143799,6.876500129699707,64752,9.101699829101562,3.745620012283325,0.2645399868488312
1997,12,16,18,0,0.8953890204429626,8.219499588012695,55,7.376999855041504,6.736100196838379,59953,9.101699829101562,3.6407699584960938,0.2670300006866455
1997,12,16,21,0,0.884539008140564,8.009900093078613,55,7.04580020904541,6.2967000007629395,53655,9.101699829101562,3.4969398975372314,0.2832300066947937
1997,12,17,0,0,0.8826360106468201,8.137900352478027,45,7.249300003051758,6.59660005569458,57455,9.101699829101562,3.5881400108337402,0.28095999360084534
1997,12,17,3,0,0.8729959726333618,8.78030014038086,35,7.8719000816345215,7.248700141906738,58378,9.101699829101562,3.4596099853515625,0.2836900055408478
1997,12,17,6,0,0.8811159729957581,9.50510025024414,25,8.58650016784668,7.985099792480469,52649,12.114999771118164,3.142549991607666,0.28064998984336853
1997,12,17,9,0,0.8984130024909973,10.254199981689453,15,9.286600112915039,8.693499565124512,51540,12.114999771118164,2.9873600006103516,0.28248998522758484
1997,12,17,12,0,0.9198110103607178,10.961799621582031,15,9.903900146484375,9.256999969482422,56371,13.326800346374512,3.0206499099731445,0.282260000705719
1997,12,17,15,0,0.933122992515564,11.350700378417969,5,10.26039981842041,9.578800201416016,60056,13.326800346374512,3.063119888305664,0.2767699956893921
1997,12,17,18,0,0.9437909722328186,11.552599906921387,5,10.466099739074707,9.800200462341309,59600,13.326800346374512,3.0249600410461426,0.27364999055862427
1997,12,17,21,0,0.9507129788398743,11.744500160217285,5,10.668700218200684,10.008199691772461,58383,13.326800346374512,2.9702401161193848,0.27006998658180237
1997,12,18,0,0,0.9548919796943665,11.888400077819824,5,10.84220027923584,10.198800086975098,56654,13.326800346374512,2.90841007232666,0.2651199996471405
1997,12,18,3,0,0.9574040174484253,11.915300369262695,5,10.900500297546387,10.277199745178223,52999,13.326800346374512,2.8088700771331787,0.2611300051212311
1997,12,18,6,0,0.9588940143585205,11.827500343322754,5,10.844499588012695,10.240799903869629,47590,13.326800346374512,2.669339895248413,0.2580600082874298
1997,12,18,9,0,0.9596440196037292,11.671099662780762,5,10.71660041809082,10.131400108337402,41754,13.326800346374512,2.5148000717163086,0.25635001063346863
1997,12,18,12,0,0.9599300026893616,11.492600440979004,5,10.56149959564209,9.993900299072266,36368,13.326800346374512,2.363539934158325,0.2559399902820587
1997,12,18,15,0,0.9598979949951172,11.298399925231934,5,10.388899803161621,9.835000038146973,31575,13.326800346374512,2.2198500633239746,0.25567999482154846
1997,12,18,18,0,0.959945023059845,11.114399909973145,5,10.217100143432617,9.667900085449219,27688,13.326800346374512,2.0951499938964844,0.2563000023365021
1997,12,18,21,0,0.9607070088386536,11.0201997756958,5,10.12440013885498,9.57509994506836,24957,13.326800346374512,1.997789978981018,0.257779985666275
1997,12,19,0,0,0.9618009924888611,10.981599807739258,5,10.083600044250488,9.514900207519531,22800,13.326800346374512,1.9128400087356567,0.25788000226020813
1997,12,19,3,0,0.9622589945793152,10.944899559020996,5,9.999300003051758,9.345999717712402,21269,13.326800346374512,1.8502700328826904,0.25951001048088074
1997,12,19,6,0,0.9633319973945618,11.029600143432617,5,10.156900405883789,9.585100173950195,20535,12.114999771118164,1.8102799654006958,0.2520099878311157
1997,12,19,9,0,0.9644110202789307,11.05090045928955,355,10.23900032043457,9.73069953918457,19949,12.114999771118164,1.782080054283142,0.24660000205039978
1997,12,19,12,0,0.9650980234146118,10.946499824523926,355,10.16819953918457,9.6983003616333,19018,12.114999771118164,1.7482800483703613,0.24541999399662018
1997,12,19,15,0,0.965050995349884,10.773799896240234,355,10.00220012664795,9.547599792480469,17711,12.114999771118164,1.7012699842453003,0.24796000123023987
1997,12,19,18,0,0.9646649956703186,10.583000183105469,355,9.790800094604492,9.331600189208984,16012,12.114999771118164,1.6337499618530273,0.2549700140953064
1997,12,19,21,0,0.9649289846420288,10.603899955749512,355,9.731499671936035,9.238300323486328,15343,12.114999771118164,1.6006699800491333,0.2703700065612793
1997,12,20,0,0,0.9673200249671936,11.209799766540527,355,10.213500022888184,9.641400337219238,19438,13.326800346374512,1.7544499635696411,0.27744001150131226
1997,12,20,3,0,0.9690359830856323,11.853400230407715,355,10.861700057983398,10.258299827575684,28825,14.659700393676758,2.077049970626831,0.26148998737335205
1997,12,20,6,0,0.9695219993591309,12.102999687194824,5,11.053600311279297,10.250300407409668,36996,14.659700393676758,2.3291099071502686,0.25589999556541443
1997,12,20,9,0,0.967054009437561,11.264399528503418,5,9.065500259399414,7.4257001876831055,42785,14.659700393676758,2.6113500595092773,0.3508799970149994
1997,12,20,12,0,0.9595549702644348,10.616299629211426,5,8.344200134277344,6.9355998039245605,55099,14.659700393676758,3.0760300159454346,0.40599000453948975
1997,12,20,15,0,0.9611089825630188,10.885700225830078,5,8.89900016784668,7.670599937438965,76170,13.326800346374512,3.5714499950408936,0.38714998960494995
1997,12,20,18,0,0.962598979473114,11.798199653625488,5,10.212800025939941,9.264399528503418,82615,13.326800346374512,3.563889980316162,0.33643001317977905
1997,12,20,21,0,0.9629409909248352,12.243399620056152,5,10.738300323486328,9.84060001373291,79971,16.125999450683594,3.4430599212646484,0.3197999894618988
1997,12,21,0,0,0.9625290036201477,12.418100357055664,5,10.952099800109863,10.094599723815918,74941,16.125999450683594,3.310389995574951,0.313289999961853
1997,12,21,3,0,0.962215006351471,12.491999626159668,5,11.062399864196777,10.223699569702148,68543,16.125999450683594,3.1554598808288574,0.307559996843338
1997,12,21,6,0,0.9617949724197388,12.519399642944336,5,11.118200302124023,10.291099548339844,62253,16.125999450683594,3.0023601055145264,0.30309000611305237
1997,12,21,9,0,0.9599459767341614,12.295999526977539,5,10.905799865722656,10.08489990234375,56943,16.125999450683594,2.893549919128418,0.30487000942230225
1997,12,21,12,0,0.9578840136528015,11.968700408935547,5,10.61299991607666,9.794099807739258,53285,16.125999450683594,2.831249952316284,0.30518999695777893
1997,12,21,15,0,0.9566580057144165,11.759900093078613,5,10.456000328063965,9.61709976196289,49474,16.125999450683594,2.7459399700164795,0.2989000082015991
1997,12,21,18,0,0.9556639790534973,11.666000366210938,5,10.44909954071045,9.67770004272461,45398,14.659700393676758,2.6357901096343994,0.28984999656677246
1997,12,21,21,0,0.9548770189285278,11.663000106811523,5,10.544099807739258,9.833000183105469,41408,14.659700393676758,2.5127599239349365,0.27720001339912415
1997,12,22,0,0,0.9553300142288208,11.703399658203125,5,10.695799827575684,10.050100326538086,37647,14.659700393676758,2.38700008392334,0.26208001375198364
1997,12,22,3,0,0.9570109844207764,11.715700149536133,5,10.794400215148926,10.19950008392334,34439,14.659700393676758,2.27810001373291,0.25009000301361084
1997,12,22,6,0,0.9589229822158813,11.700400352478027,5,10.83240032196045,10.268899917602539,31951,14.659700393676758,2.193380117416382,0.2426300048828125
1997,12,22,9,0,0.9601550102233887,11.639300346374512,5,10.800100326538086,10.253499984741211,29750,13.326800346374512,2.1204700469970703,0.23895999789237976
1997,12,22,12,0,0.9608740210533142,11.525899887084961,5,10.719400405883789,10.195599555969238,27359,13.326800346374512,2.042069911956787,0.2361000031232834
1997,12,22,15,0,0.9611799716949463,11.368000030517578,5,10.593600273132324,10.08810043334961,24705,13.326800346374512,1.95278000831604,0.23396000266075134
1997,12,22,18,0,0.9609060287475586,11.198200225830078,5,10.453200340270996,9.984999656677246,21967,13.326800346374512,1.8548200130462646,0.23352999985218048
1997,12,22,21,0,0.9598379731178284,11.022700309753418,5,10.279600143432617,9.82859992980957,19161,12.114999771118164,1.7469700574874878,0.23839999735355377
1997,12,23,0,0,0.9580879807472229,10.906399726867676,5,10.098699569702148,9.632399559020996,16568,12.114999771118164,1.637279987335205,0.25832998752593994
1997,12,23,3,0,0.9575039744377136,11.177399635314941,5,10.160200119018555,9.61929988861084,15677,12.114999771118164,1.583240032196045,0.29940998554229736
1997,12,23,6,0,0.960250973701477,12.08489990234375,5,10.787300109863281,10.102399826049805,19093,13.326800346374512,1.6927399635314941,0.3194099962711334
1997,12,23,9,0,0.964451014995575,12.952199935913086,5,11.607000350952148,10.843000411987305,28176,17.73889923095703,1.9921200275421143,0.30017000436782837
1997,12,23,12,0,0.9667850136756897,13.152700424194336,5,11.885499954223633,11.147700309753418,39217,16.125999450683594,2.3304100036621094,0.2865000069141388
1997,12,23,15,0,0.9680539965629578,13.071999549865723,5,11.786199569702148,11.048800468444824,46562,16.125999450683594,2.547300100326538,0.29256999492645264
1997,12,23,18,0,0.9690219759941101,13.167499542236328,5,11.743399620056152,10.935199737548828,51184,16.125999450683594,2.6701900959014893,0.30882999300956726
1997,12,23,21,0,0.9666500091552734,12.89900016784668,5,11.270000457763672,10.385600090026855,67125,16.125999450683594,3.1022400856018066,0.34060999751091003
1997,12,24,0,0,0.9649710059165955,13.378499984741211,5,11.552000045776367,10.452500343322754,87664,19.513200759887695,3.495650053024292,0.3391900062561035
1997,12,24,3,0,0.9665349721908569,14.0871000289917,5,12.31779956817627,11.241399765014648,97597,19.513200759887695,3.6065800189971924,0.3161599934101105
1997,12,24,6,0,0.9674860239028931,14.437399864196777,5,12.807299613952637,11.775699615478516,101678,17.73889923095703,3.6353399753570557,0.29322001338005066
1997,12,24,9,0,0.9677900075912476,14.527600288391113,5,13.046600341796875,12.081999778747559,100159,17.73889923095703,3.5888800621032715,0.2752099931240082
1997,12,24,12,0,0.9677180051803589,14.431099891662598,5,13.080900192260742,12.188199996948242,94055,17.73889923095703,3.477440118789673,0.26221999526023865
1997,12,24,15,0,0.9671900272369385,14.206000328063965,5,12.958600044250488,12.129300117492676,84937,16.125999450683594,3.317199945449829,0.25369998812675476
1997,12,24,18,0,0.9662700295448303,13.914199829101562,5,12.737000465393066,11.954099655151367,74336,16.125999450683594,3.123339891433716,0.24925999343395233
1997,12,24,21,0,0.9645339846611023,13.425800323486328,5,12.240799903869629,11.47130012512207,64417,16.125999450683594,2.949049949645996,0.25637999176979065
1997,12,25,0,0,0.9618499875068665,12.951800346374512,5,11.732799530029297,10.93340015411377,56643,16.125999450683594,2.8064799308776855,0.2640100121498108
1997,12,25,3,0,0.9597629904747009,12.723400115966797,5,11.565600395202637,10.792400360107422,48526,14.659700393676758,2.613420009613037,0.258870005607605
1997,12,25,6,0,0.9569380283355713,12.445099830627441,5,11.307000160217285,10.54319953918457,41042,14.659700393676758,2.425029993057251,0.25968998670578003
1997,12,25,9,0,0.9546369910240173,12.276900291442871,5,11.181500434875488,10.444899559020996,35510,14.659700393676758,2.2679998874664307,0.2586100101470947
1997,12,25,12,0,0.9542490243911743,12.300999641418457,5,11.230500221252441,10.51830005645752,32389,14.659700393676758,2.164530038833618,0.2593800127506256
1997,12,25,15,0,0.9552850127220154,12.515999794006348,5,11.397700309753418,10.662400245666504,31191,13.326800346374512,2.1111299991607666,0.2662700116634369
1997,12,25,18,0,0.9567959904670715,12.849699974060059,5,11.633099555969238,10.822799682617188,31695,13.326800346374512,2.1078898906707764,0.27270999550819397
1997,12,25,21,0,0.9578369855880737,13.161399841308594,5,11.902700424194336,11.05370044708252,32971,16.125999450683594,2.129509925842285,0.2707900106906891
1997,12,26,0,0,0.958076000213623,13.360199928283691,5,12.111700057983398,11.238800048828125,33637,16.125999450683594,2.136199951171875,0.26353999972343445
1997,12,26,3,0,0.9574540257453918,13.354499816894531,5,12.053400039672852,11.081899642944336,32981,16.125999450683594,2.1147899627685547,0.26256000995635986
1997,12,26,6,0,0.9561150074005127,13.203399658203125,5,11.804100036621094,10.715200424194336,31109,16.125999450683594,2.064150094985962,0.268310010433197
1997,12,26,9,0,0.9558039903640747,13.156000137329102,5,11.797900199890137,10.735600471496582,28502,16.125999450683594,1.9772499799728394,0.26440998911857605
1997,12,26,12,0,0.9554839730262756,13.137200355529785,5,11.826700210571289,10.803199768066406,26164,16.125999450683594,1.894129991531372,0.2598400115966797
1997,12,26,15,0,0.954276978969574,13.187600135803223,5,11.928600311279297,10.944100379943848,24883,16.125999450683594,1.8426799774169922,0.25360000133514404
1997,12,26,18,0,0.9530119895935059,13.299599647521973,5,12.136199951171875,11.217599868774414,25205,14.659700393676758,1.8453400135040283,0.242139995098114
1997,12,26,21,0,0.9525160193443298,13.326399803161621,5,12.302900314331055,11.501899719238281,26409,14.659700393676758,1.883739948272705,0.22892999649047852
1997,12,27,0,0,0.952813982963562,13.215800285339355,5,12.305899620056152,11.622900009155273,27224,14.659700393676758,1.9167399406433105,0.2210800051689148
1997,12,27,3,0,0.9538030028343201,13.050700187683105,5,12.184900283813477,11.541000366210938,27178,14.659700393676758,1.9243199825286865,0.21950000524520874
1997,12,27,6,0,0.9548239707946777,12.869199752807617,5,11.957300186157227,11.217499732971191,26255,14.659700393676758,1.9029099941253662,0.2235500067472458
1997,12,27,9,0,0.9547190070152283,12.65779972076416,5,11.645299911499023,10.78030014038086,24754,14.659700393676758,1.8619699478149414,0.23259000480175018
1997,12,27,12,0,0.9524030089378357,12.498499870300293,5,11.509400367736816,10.719099998474121,23250,14.659700393676758,1.8155299425125122,0.23687000572681427
1997,12,27,15,0,0.9490810036659241,12.390600204467773,5,11.380399703979492,10.673199653625488,23380,13.326800346374512,1.8316400051116943,0.25044000148773193
1997,12,27,18,0,0.9493529796600342,12.474200248718262,5,11.296600341796875,10.519800186157227,27710,13.326800346374512,1.9938700199127197,0.2691499888896942
1997,12,27,21,0,0.9524790048599243,12.65999984741211,5,11.442399978637695,10.593000411987305,34063,14.659700393676758,2.194269895553589,0.2632099986076355
1997,12,28,0,0,0.9534760117530823,12.656800270080566,5,11.568099975585938,10.801799774169922,36547,14.659700393676758,2.2675700187683105,0.24761000275611877
1997,12,28,3,0,0.9524610042572021,12.45930004119873,5,11.485400199890137,10.814800262451172,34554,14.659700393676758,2.2164900302886963,0.23826999962329865
1997,12,28,6,0,0.9497990012168884,12.158900260925293,5,11.247400283813477,10.637700080871582,30241,13.326800346374512,2.0949299335479736,0.2362699955701828
1997,12,28,9,0,0.9454280138015747,11.812100410461426,5,10.929300308227539,10.356100082397461,25327,13.326800346374512,1.9427800178527832,0.23896999657154083
1997,12,28,12,0,0.940218985080719,11.480899810791016,5,10.614999771118164,10.065400123596191,21177,13.326800346374512,1.8007899522781372,0.24254000186920166
1997,12,28,15,0,0.9351850152015686,11.176600456237793,5,10.32859992980957,9.800100326538086,18339,13.326800346374512,1.6980299949645996,0.24560999870300293
1997,12,28,18,0,0.9314219951629639,10.852499961853027,5,10.023799896240234,9.521499633789062,16937,13.326800346374512,1.6569099426269531,0.2502799928188324
1997,12,28,21,0,0.9335970282554626,10.59630012512207,355,9.740099906921387,9.23960018157959,17095,12.114999771118164,1.687980055809021,0.2655700147151947
1997,12,29,0,0,0.9391850233078003,10.826199531555176,355,9.713800430297852,9.130000114440918,18405,12.114999771118164,1.7483199834823608,0.33410999178886414
1997,12,29,3,0,0.9455879926681519,12.315500259399414,5,10.425000190734863,9.581000328063965,23238,12.114999771118164,1.888700008392334,0.4279100000858307
1997,12,29,6,0,0.9576759934425354,14.2878999710083,5,11.743399620056152,10.536999702453613,33817,21.46489906311035,2.159019947052002,0.417820006608963
1997,12,29,9,0,0.9645119905471802,15.210100173950195,5,12.656599998474121,11.241900444030762,45438,21.46489906311035,2.431649923324585,0.372189998626709
1997,12,29,12,0,0.9682940244674683,15.405799865722656,5,13.087200164794922,11.616999626159668,55433,19.513200759887695,2.653830051422119,0.333950012922287
1997,12,29,15,0,0.9704769849777222,15.219499588012695,5,13.202300071716309,11.822500228881836,61309,17.73889923095703,2.784060001373291,0.30566999316215515
1997,12,29,18,0,0.9713069796562195,14.706399917602539,5,12.7568998336792,11.360099792480469,63340,17.73889923095703,2.854789972305298,0.2986699938774109
1997,12,29,21,0,0.970990002155304,14.168899536132812,5,12.274299621582031,10.906000137329102,61695,17.73889923095703,2.851330041885376,0.29877999424934387
1997,12,30,0,0,0.9699000120162964,13.62339973449707,5,11.775699615478516,10.421199798583984,56413,16.125999450683594,2.7639400959014893,0.3006399869918823
1997,12,30,3,0,0.968517005443573,13.146300315856934,5,11.380599975585938,10.0600004196167,49904,16.125999450683594,2.6319799423217773,0.29868000745773315
1997,12,30,6,0,0.9672150015830994,12.803999900817871,5,11.200300216674805,9.99839973449707,43869,16.125999450683594,2.4889299869537354,0.28988000750541687
1997,12,30,9,0,0.9664859771728516,12.553899765014648,5,11.11340045928955,10.013299942016602,37484,16.125999450683594,2.3139801025390625,0.2776400148868561
1997,12,30,12,0,0.9652150273323059,12.18809986114502,5,10.859800338745117,9.835200309753418,31470,14.659700393676758,2.143749952316284,0.27087000012397766
1997,12,30,15,0,0.9639700055122375,11.894700050354004,5,10.640999794006348,9.649299621582031,27395,14.659700393676758,2.018889904022217,0.26438000798225403
1997,12,30,18,0,0.9610509872436523,11.645600318908691,5,10.443499565124512,9.500200271606445,23835,14.659700393676758,1.8999700546264648,0.261790007352829
1997,12,30,21,0,0.9583179950714111,11.444100379943848,5,10.349699974060059,9.474599838256836,20254,13.326800346374512,1.7629499435424805,0.2515299916267395
1997,12,31,0,0,0.9581429958343506,11.312899589538574,5,10.349699974060059,9.561300277709961,18185,13.326800346374512,1.676800012588501,0.23720000684261322
1997,12,31,3,0,0.958482027053833,11.223099708557129,5,10.362700462341309,9.665599822998047,17069,13.326800346374512,1.6294399499893188,0.22766000032424927
1997,12,31,6,0,0.957584023475647,11.053299903869629,5,10.254599571228027,9.632599830627441,15622,12.114999771118164,1.570870041847229,0.22630000114440918
1997,12,31,9,0,0.9520969986915588,10.334600448608398,5,7.974899768829346,5.737400054931641,14322,12.114999771118164,1.559999942779541,0.2781600058078766
1997,12,31,12,0,0.9322329759597778,9.10260009765625,5,6.76609992980957,5.387700080871582,14626,12.114999771118164,1.6904799938201904,0.4014900028705597
1997,12,31,15,0,0.9178919792175293,8.585100173950195,5,6.46560001373291,5.303400039672852,15181,12.114999771118164,1.784749984741211,0.43114998936653137
1997,12,31,18,0,0.908840000629425,8.533499717712402,5,6.404900074005127,5.27810001373291,14694,12.114999771118164,1.7646000385284424,0.4441399872303009
1997,12,31,21,0,0.8922190070152283,8.15429973602295,15,6.080999851226807,5.0690999031066895,15100,11.013500213623047,1.838610053062439,0.47411999106407166
