Datetime,year,month,day,hour,minute,directionality_coefficient,energy_period,maximum_energy_direction,mean_absolute_period,mean_zero-crossing_period,omni-directional_wave_power,peak_period,significant_wave_height,spectral_width
2002-01-01 00:00:00,2002,1,1,0,0,0.953025996685028,10.97920036315918,25,9.30150032043457,8.20009994506836,33344,17.73889923095703,2.3542799949646,0.3727299869060516
2002-01-01 03:00:00,2002,1,1,3,0,0.9402999877929688,10.800700187683104,25,9.364700317382812,8.509099960327148,38090,11.013500213623049,2.5316998958587646,0.3600600063800812
2002-01-01 06:00:00,2002,1,1,6,0,0.9291080236434937,10.651800155639648,35,9.214200019836426,8.288900375366211,40256,11.013500213623049,2.618860006332397,0.3579899966716766
2002-01-01 09:00:00,2002,1,1,9,0,0.9289960265159608,10.158599853515623,35,8.514900207519531,7.314400196075439,43898,11.013500213623049,2.7960400581359863,0.3652600049972534
2002-01-01 12:00:00,2002,1,1,12,0,0.931052029132843,9.964799880981444,35,8.508899688720703,7.479000091552734,54037,11.013500213623049,3.1230599880218506,0.3476000130176544
2002-01-01 15:00:00,2002,1,1,15,0,0.9298980236053468,10.107399940490724,45,8.588899612426758,7.467700004577637,61586,11.013500213623049,3.301769971847534,0.3379299938678741
2002-01-01 18:00:00,2002,1,1,18,0,0.9288730025291444,10.379899978637695,45,8.967700004577637,7.922900199890137,71182,11.013500213623049,3.4955201148986816,0.320499986410141
2002-01-01 21:00:00,2002,1,1,21,0,0.9257829785346984,10.455499649047852,45,8.844799995422363,7.592000007629394,79766,12.114999771118164,3.681339979171753,0.322730004787445
2002-01-02 00:00:00,2002,1,2,0,0,0.926967978477478,10.061699867248535,45,8.355899810791016,7.132900238037109,100618,13.326800346374512,4.219220161437988,0.3410899937152862
2002-01-02 03:00:00,2002,1,2,3,0,0.9355069994926452,10.51039981842041,45,8.947199821472168,7.768599987030029,116983,13.326800346374512,4.442959785461426,0.316890001296997
2002-01-02 06:00:00,2002,1,2,6,0,0.9418380260467528,10.81659984588623,45,9.230199813842772,7.994900226593018,140075,13.326800346374512,4.788000106811523,0.3080999851226806
2002-01-02 09:00:00,2002,1,2,9,0,0.9432700276374816,11.117199897766112,45,9.71969985961914,8.620100021362305,141158,12.114999771118164,4.734889984130859,0.2873199880123138
2002-01-02 12:00:00,2002,1,2,12,0,0.9387850165367126,11.145600318908691,45,9.88290023803711,8.907699584960938,120359,12.114999771118164,4.361020088195801,0.2751500010490417
2002-01-02 15:00:00,2002,1,2,15,0,0.9326379895210266,11.174699783325195,45,9.934499740600586,8.910599708557129,96035,12.114999771118164,3.885910034179688,0.2670899927616119
2002-01-02 18:00:00,2002,1,2,18,0,0.9264950156211852,11.53030014038086,35,10.284099578857422,9.230600357055664,93917,12.114999771118164,3.787309885025024,0.2640900015830993
2002-01-02 21:00:00,2002,1,2,21,0,0.9321240186691284,11.631600379943848,35,10.477100372314451,9.45829963684082,95619,13.326800346374512,3.800050020217896,0.2506299912929535
2002-01-03 00:00:00,2002,1,3,0,0,0.9333159923553468,11.52340030670166,35,10.610899925231934,9.868200302124023,84618,13.326800346374512,3.584249973297119,0.2321300059556961
2002-01-03 03:00:00,2002,1,3,3,0,0.932774007320404,11.41349983215332,35,10.656200408935549,10.118499755859377,72012,12.114999771118164,3.320120096206665,0.2225300073623657
2002-01-03 06:00:00,2002,1,3,6,0,0.9325609803199768,11.36139965057373,35,10.648699760437012,10.177000045776367,63870,12.114999771118164,3.134660005569458,0.2221699953079223
2002-01-03 09:00:00,2002,1,3,9,0,0.9326159954071044,11.428799629211426,35,10.697999954223633,10.220499992370604,60062,12.114999771118164,3.033720016479492,0.2273399978876114
2002-01-03 12:00:00,2002,1,3,12,0,0.93361097574234,11.571999549865724,25,10.803600311279297,10.288800239562988,59458,12.114999771118164,3.0024900436401367,0.231330007314682
2002-01-03 15:00:00,2002,1,3,15,0,0.9372829794883728,11.645400047302246,25,10.875499725341797,10.377300262451172,59257,12.114999771118164,2.988369941711426,0.2309399992227554
2002-01-03 18:00:00,2002,1,3,18,0,0.938165009021759,11.571800231933594,25,10.815899848937988,10.335200309753418,56442,12.114999771118164,2.924880027770996,0.2301300019025802
2002-01-03 21:00:00,2002,1,3,21,0,0.936964988708496,11.400400161743164,25,10.662500381469728,10.201499938964844,51431,12.114999771118164,2.8122498989105225,0.2306499928236007
2002-01-04 00:00:00,2002,1,4,0,0,0.934911012649536,11.195199966430664,25,10.476300239562988,10.034799575805664,46199,12.114999771118164,2.6893699169158936,0.2314700037240982
2002-01-04 03:00:00,2002,1,4,3,0,0.9314950108528136,10.975000381469728,25,10.273300170898438,9.847900390625,41073,12.114999771118164,2.5611801147460938,0.2321700006723404
2002-01-04 06:00:00,2002,1,4,6,0,0.9261379837989808,10.737099647521973,25,10.04860019683838,9.634300231933594,35738,12.114999771118164,2.416110038757324,0.233250007033348
2002-01-04 09:00:00,2002,1,4,9,0,0.9194419980049132,10.498000144958496,25,9.816800117492676,9.40839958190918,30493,11.013500213623049,2.2586100101470947,0.2352599948644638
2002-01-04 12:00:00,2002,1,4,12,0,0.9123049974441528,10.250800132751465,25,9.572699546813965,9.1697998046875,25324,11.013500213623049,2.0853500366210938,0.2384500056505203
2002-01-04 15:00:00,2002,1,4,15,0,0.9057340025901794,10.009599685668944,15,9.332500457763672,8.934399604797363,20496,11.013500213623049,1.901139974594116,0.2418999969959259
2002-01-04 18:00:00,2002,1,4,18,0,0.8996090292930603,9.771900177001951,25,9.092000007629396,8.693900108337402,16291,11.013500213623049,1.7184100151062012,0.2461699992418289
2002-01-04 21:00:00,2002,1,4,21,0,0.8957780003547668,9.544400215148926,25,8.842300415039062,8.410900115966797,13011,11.013500213623049,1.557379961013794,0.2534100115299225
2002-01-05 00:00:00,2002,1,5,0,0,0.9016180038452148,9.046299934387209,25,7.520500183105469,6.216000080108643,11802,11.013500213623049,1.5292099714279177,0.3157599866390228
2002-01-05 03:00:00,2002,1,5,3,0,0.9189500212669371,8.489100456237793,25,6.741899967193604,5.630300045013428,15673,12.114999771118164,1.8310199975967407,0.3915500044822693
2002-01-05 06:00:00,2002,1,5,6,0,0.9268289804458618,8.494799613952637,25,6.875999927520752,5.860799789428711,27841,12.114999771118164,2.4447100162506104,0.3904600143432617
2002-01-05 09:00:00,2002,1,5,9,0,0.931298017501831,8.972000122070312,35,7.464600086212158,6.452600002288818,50481,11.013500213623049,3.185519933700561,0.3576300144195556
2002-01-05 12:00:00,2002,1,5,12,0,0.9347869753837584,9.666299819946287,35,8.177000045776367,7.113800048828125,74802,12.114999771118164,3.716619968414306,0.3334200084209442
2002-01-05 15:00:00,2002,1,5,15,0,0.9353640079498292,10.18690013885498,35,8.814200401306152,7.7982001304626465,77188,12.114999771118164,3.665050029754639,0.3079699873924255
2002-01-05 18:00:00,2002,1,5,18,0,0.9274250268936156,10.130399703979492,35,8.649299621582031,7.52269983291626,69828,13.326800346374512,3.4956400394439697,0.3142299950122833
2002-01-05 21:00:00,2002,1,5,21,0,0.9252790212631226,10.12090015411377,35,8.706199645996094,7.623300075531006,63077,13.326800346374512,3.3241000175476074,0.3099699914455414
2002-01-06 00:00:00,2002,1,6,0,0,0.9169800281524658,9.498900413513184,45,7.824699878692627,6.664100170135498,61358,12.114999771118164,3.399770021438598,0.354310005903244
2002-01-06 03:00:00,2002,1,6,3,0,0.9215999841690063,9.237199783325195,45,7.733399868011475,6.704999923706055,72813,12.114999771118164,3.761149883270264,0.3491100072860718
2002-01-06 06:00:00,2002,1,6,6,0,0.9231690168380736,9.464200019836426,45,8.143899917602539,7.229800224304199,81128,11.013500213623049,3.915600061416626,0.3271400034427643
2002-01-06 09:00:00,2002,1,6,9,0,0.9120370149612428,10.184300422668455,45,8.86769962310791,7.903800010681152,76225,11.013500213623049,3.646850109100342,0.3098900020122528
2002-01-06 12:00:00,2002,1,6,12,0,0.8989269733428955,9.711099624633787,35,8.045299530029297,6.93720006942749,99806,12.114999771118164,4.296899795532227,0.3619099855422973
2002-01-06 15:00:00,2002,1,6,15,0,0.9001020193099976,9.741600036621094,45,8.123900413513184,7.044899940490723,126884,12.114999771118164,4.835619926452637,0.3565900027751922
2002-01-06 18:00:00,2002,1,6,18,0,0.9085959792137146,10.0246000289917,45,8.571999549865723,7.552999973297119,155291,12.114999771118164,5.254370212554932,0.3270899951457977
2002-01-06 21:00:00,2002,1,6,21,0,0.9078869819641112,9.989100456237791,45,8.472900390625,7.402900218963623,141294,13.326800346374512,5.0207600593566895,0.3315399885177612
2002-01-07 00:00:00,2002,1,7,0,0,0.9129639863967896,9.854900360107422,45,8.427499771118164,7.41949987411499,150842,13.326800346374512,5.221340179443359,0.3254899978637695
2002-01-07 03:00:00,2002,1,7,3,0,0.9259759783744812,10.500100135803224,45,9.211099624633787,8.29069995880127,160003,13.326800346374512,5.194200038909912,0.3001500070095062
2002-01-07 06:00:00,2002,1,7,6,0,0.9220979809761048,10.646400451660156,45,9.138400077819824,8.069199562072754,180581,13.326800346374512,5.49705982208252,0.3249000012874603
2002-01-07 09:00:00,2002,1,7,9,0,0.9161019921302797,11.246500015258787,45,9.709400177001951,8.6274995803833,184454,13.326800346374512,5.418139934539795,0.3253400027751922
2002-01-07 12:00:00,2002,1,7,12,0,0.9087629914283752,11.054800033569336,35,9.22920036315918,8.024900436401367,209669,13.326800346374512,5.859300136566162,0.3650999963283539
2002-01-07 15:00:00,2002,1,7,15,0,0.9136639833450316,11.847599983215332,35,10.051600456237791,8.853799819946289,224749,13.326800346374512,5.870110034942627,0.3479599952697754
2002-01-07 18:00:00,2002,1,7,18,0,0.9118850231170654,11.864800453186035,35,9.848799705505373,8.508600234985352,239336,13.326800346374512,6.070429801940918,0.3642700016498565
2002-01-07 21:00:00,2002,1,7,21,0,0.9145039916038512,11.940999984741213,35,10.071900367736816,8.8016996383667,261953,13.326800346374512,6.317619800567627,0.3490499854087829
2002-01-08 00:00:00,2002,1,8,0,0,0.9118850231170654,12.077699661254885,35,10.287400245666504,9.071000099182127,244872,13.326800346374512,6.0704498291015625,0.3403800129890442
2002-01-08 03:00:00,2002,1,8,3,0,0.9057520031929016,11.989500045776367,35,10.13889980316162,8.893799781799316,218532,12.114999771118164,5.760489940643311,0.3489699959754944
2002-01-08 06:00:00,2002,1,8,6,0,0.901639997959137,11.985099792480469,35,10.092100143432615,8.855600357055664,192715,12.114999771118164,5.422440052032471,0.3596400022506714
2002-01-08 09:00:00,2002,1,8,9,0,0.900583028793335,12.361200332641602,35,10.327400207519531,9.01360034942627,165314,17.73889923095703,4.96973991394043,0.369590014219284
2002-01-08 12:00:00,2002,1,8,12,0,0.913627028465271,13.22130012512207,25,11.118000030517578,9.790800094604492,148267,17.73889923095703,4.584139823913574,0.3641999959945678
2002-01-08 15:00:00,2002,1,8,15,0,0.929099977016449,14.15939998626709,25,12.196700096130373,11.046099662780762,144355,17.73889923095703,4.399209976196289,0.3423300087451935
2002-01-08 18:00:00,2002,1,8,18,0,0.9387590289115906,14.675299644470217,25,12.81820011138916,11.736599922180176,144400,17.73889923095703,4.3332600593566895,0.3232699930667877
2002-01-08 21:00:00,2002,1,8,21,0,0.9464690089225768,14.874799728393556,15,13.145400047302246,12.10949993133545,142886,17.73889923095703,4.277569770812988,0.3054499924182892
2002-01-09 00:00:00,2002,1,9,0,0,0.9527570009231568,14.866600036621094,15,13.27519989013672,12.299699783325195,137995,17.73889923095703,4.192570209503174,0.2903000116348266
2002-01-09 03:00:00,2002,1,9,3,0,0.956142008304596,14.746700286865234,15,13.267999649047852,12.349499702453612,129512,17.73889923095703,4.064219951629639,0.2794800102710724
2002-01-09 06:00:00,2002,1,9,6,0,0.9579769968986512,14.569000244140623,15,13.17590045928955,12.305100440979004,119137,17.73889923095703,3.9084300994873047,0.2722299993038177
2002-01-09 09:00:00,2002,1,9,9,0,0.9587060213088988,14.339799880981444,15,13.011500358581545,12.180800437927246,107656,17.73889923095703,3.732199907302856,0.2678099870681762
2002-01-09 12:00:00,2002,1,9,12,0,0.958670973777771,14.05869960784912,15,12.77910041809082,11.9822998046875,95397,16.125999450683594,3.536050081253052,0.2658199965953827
2002-01-09 15:00:00,2002,1,9,15,0,0.9580649733543396,13.73900032043457,15,12.494000434875488,11.725500106811523,83094,16.125999450683594,3.327379941940308,0.2661400139331817
2002-01-09 18:00:00,2002,1,9,18,0,0.9570080041885376,13.384099960327148,15,12.16450023651123,11.42099952697754,71082,16.125999450683594,3.108380079269409,0.2682999968528747
2002-01-09 21:00:00,2002,1,9,21,0,0.9554420113563538,12.994500160217283,15,11.795299530029297,11.076000213623049,59595,16.125999450683594,2.8802199363708496,0.271910011768341
2002-01-10 00:00:00,2002,1,10,0,0,0.9534909725189208,12.59529972076416,15,11.410599708557127,10.712200164794922,49273,16.125999450683594,2.653850078582764,0.2766900062561035
2002-01-10 03:00:00,2002,1,10,3,0,0.9512180089950562,12.19760036468506,15,11.017399787902832,10.33650016784668,40152,14.659700393676758,2.430619955062866,0.2839800119400024
2002-01-10 06:00:00,2002,1,10,6,0,0.9491490125656128,11.896200180053713,15,10.6806001663208,10.001700401306152,32896,14.659700393676758,2.228679895401001,0.2983199954032898
2002-01-10 09:00:00,2002,1,10,9,0,0.949546992778778,12.006099700927734,15,10.629400253295898,9.89330005645752,29339,14.659700393676758,2.1051599979400635,0.3249399960041046
2002-01-10 12:00:00,2002,1,10,12,0,0.9553380012512208,12.857799530029297,15,11.209799766540527,10.319299697875977,32561,16.125999450683594,2.161550045013428,0.3400599956512451
2002-01-10 15:00:00,2002,1,10,15,0,0.9640480279922484,13.933500289916992,15,12.278499603271484,11.278599739074709,45370,16.125999450683594,2.462820053100586,0.3130199909210205
2002-01-10 18:00:00,2002,1,10,18,0,0.9698489904403688,14.490699768066406,15,13.030500411987305,12.08839988708496,62748,14.659700393676758,2.842449903488159,0.2861000001430511
2002-01-10 21:00:00,2002,1,10,21,0,0.9725040197372437,14.69159984588623,15,13.347299575805664,12.48840045928955,77631,14.659700393676758,3.1419999599456787,0.2755700051784515
2002-01-11 00:00:00,2002,1,11,0,0,0.9732189774513244,14.756099700927734,15,13.414600372314451,12.575200080871582,87428,19.51320075988769,3.330859899520874,0.2736600041389465
2002-01-11 03:00:00,2002,1,11,3,0,0.9730550050735474,14.737199783325195,15,13.36050033569336,12.497900009155272,90790,19.51320075988769,3.3976900577545166,0.2732400000095367
2002-01-11 06:00:00,2002,1,11,6,0,0.9723809957504272,14.636899948120115,15,13.242300033569336,12.358599662780762,88019,17.73889923095703,3.3533499240875244,0.2720600068569183
2002-01-11 09:00:00,2002,1,11,9,0,0.9713870286941528,14.43910026550293,15,13.0378999710083,12.143199920654297,80839,17.73889923095703,3.2285399436950684,0.2719199955463409
2002-01-11 12:00:00,2002,1,11,12,0,0.9702550172805786,14.163000106811523,15,12.746999740600586,11.843799591064451,72245,17.73889923095703,3.0738000869750977,0.2746300101280212
2002-01-11 15:00:00,2002,1,11,15,0,0.9690579771995544,13.83530044555664,15,12.39579963684082,11.484399795532228,63874,17.73889923095703,2.9167399406433105,0.2799000144004822
2002-01-11 18:00:00,2002,1,11,18,0,0.9676610231399536,13.456700325012209,15,11.998600006103516,11.086199760437012,55648,16.125999450683594,2.7529799938201904,0.2865999937057495
2002-01-11 21:00:00,2002,1,11,21,0,0.9660410284996032,13.034500122070312,15,11.55090045928955,10.618200302124023,48073,16.125999450683594,2.5931100845336914,0.2949000000953674
2002-01-12 00:00:00,2002,1,12,0,0,0.9628310203552246,12.196000099182127,15,10.070199966430664,8.355799674987793,42110,16.125999450683594,2.504739999771118,0.3335599899291992
2002-01-12 03:00:00,2002,1,12,3,0,0.957269012928009,10.854599952697754,15,8.516799926757812,7.004300117492676,41478,16.125999450683594,2.636280059814453,0.3930499851703644
2002-01-12 06:00:00,2002,1,12,6,0,0.9390810132026672,9.476200103759766,15,7.310800075531006,6.098299980163574,47129,14.659700393676758,3.015850067138672,0.4365800023078918
2002-01-12 09:00:00,2002,1,12,9,0,0.932290017604828,9.29360008239746,15,7.518599987030029,6.463399887084961,57140,14.659700393676758,3.3458800315856934,0.4031899869441986
2002-01-12 12:00:00,2002,1,12,12,0,0.9466120004653932,10.08209991455078,15,8.531299591064453,7.507800102233887,57817,13.326800346374512,3.2065999507904053,0.3468300104141235
2002-01-12 15:00:00,2002,1,12,15,0,0.9487820267677308,10.354499816894531,15,9.146400451660156,8.407500267028809,52850,12.114999771118164,3.016129970550537,0.3112800121307373
2002-01-12 18:00:00,2002,1,12,18,0,0.9464589953422546,10.332200050354004,15,9.231800079345703,8.596099853515625,45973,12.114999771118164,2.815239906311035,0.3030099868774414
2002-01-12 21:00:00,2002,1,12,21,0,0.9436050057411194,10.330900192260742,15,9.246500015258787,8.621000289916992,40501,12.114999771118164,2.642549991607666,0.3016400039196014
2002-01-13 00:00:00,2002,1,13,0,0,0.9413189888000488,10.39109992980957,15,9.326299667358398,8.701899528503418,38309,12.114999771118164,2.561000108718872,0.296889990568161
2002-01-13 03:00:00,2002,1,13,3,0,0.9411010146141052,10.544599533081056,5,9.52519989013672,8.906800270080566,38264,12.114999771118164,2.536710023880005,0.2852100133895874
2002-01-13 06:00:00,2002,1,13,6,0,0.9439489841461182,10.65149974822998,5,9.653900146484377,9.0246000289917,37418,11.013500213623049,2.492719888687134,0.2770299911499023
2002-01-13 09:00:00,2002,1,13,9,0,0.9449099898338318,10.719300270080566,5,9.762200355529783,9.157400131225586,34776,11.013500213623049,2.394010066986084,0.2704800069332123
2002-01-13 12:00:00,2002,1,13,12,0,0.94521301984787,10.748299598693848,5,9.785599708557127,9.147600173950195,31330,11.013500213623049,2.268480062484741,0.2680799961090088
2002-01-13 15:00:00,2002,1,13,15,0,0.9443039894104004,10.70930004119873,5,9.667499542236328,8.88539981842041,27801,13.326800346374512,2.140630006790161,0.2706199884414673
2002-01-13 18:00:00,2002,1,13,18,0,0.9419220089912416,10.586099624633787,5,9.425999641418455,8.475000381469727,24327,13.326800346374512,2.014470100402832,0.2774899899959564
2002-01-13 21:00:00,2002,1,13,21,0,0.9394779801368712,10.477800369262695,5,9.252099990844728,8.208999633789062,20973,13.326800346374512,1.8796900510787964,0.2798100113868713
2002-01-14 00:00:00,2002,1,14,0,0,0.9387009739875792,10.030699729919434,355,8.407099723815918,7.045400142669678,18242,13.326800346374512,1.794039964675903,0.3104000091552734
2002-01-14 03:00:00,2002,1,14,3,0,0.9400950074195862,9.87559986114502,355,8.498000144958496,7.388299942016602,15914,12.114999771118164,1.6898800134658811,0.3024600148200989
2002-01-14 06:00:00,2002,1,14,6,0,0.940123975276947,9.8548002243042,355,8.589699745178223,7.581699848175049,13358,12.114999771118164,1.5486299991607666,0.2925300002098083
2002-01-14 09:00:00,2002,1,14,9,0,0.9404889941215516,9.836999893188477,355,8.7052001953125,7.840799808502197,11140,12.114999771118164,1.414680004119873,0.282370001077652
2002-01-14 12:00:00,2002,1,14,12,0,0.941078007221222,9.785400390625,355,8.720999717712402,7.939799785614014,9435,12.114999771118164,1.3060200214385986,0.2800599932670593
2002-01-14 15:00:00,2002,1,14,15,0,0.9412649869918824,9.844300270080566,355,8.774700164794922,8.024800300598145,8376,12.114999771118164,1.2283799648284912,0.2871100008487701
2002-01-14 18:00:00,2002,1,14,18,0,0.94166499376297,10.103799819946287,355,8.956899642944336,8.188400268554688,8071,12.114999771118164,1.191100001335144,0.2974199950695038
2002-01-14 21:00:00,2002,1,14,21,0,0.9522889852523804,9.205599784851074,355,7.965799808502197,7.088500022888184,12895,13.326800346374512,1.589050054550171,0.3275699913501739
2002-01-15 00:00:00,2002,1,15,0,0,0.952763020992279,9.311100006103516,355,8.036100387573242,7.056300163269043,17660,13.326800346374512,1.841770052909851,0.3115499913692474
2002-01-15 03:00:00,2002,1,15,3,0,0.953354001045227,9.7121000289917,355,8.633299827575684,7.815100193023682,18452,12.114999771118164,1.8355900049209597,0.2834999859333038
2002-01-15 06:00:00,2002,1,15,6,0,0.9528689980506896,10.011099815368652,355,9.044899940490724,8.329299926757812,17090,12.114999771118164,1.7359700202941897,0.2674300074577331
2002-01-15 09:00:00,2002,1,15,9,0,0.9513649940490724,10.16219997406006,355,9.18570041656494,8.465800285339355,15349,12.114999771118164,1.6325700283050537,0.2685700058937073
2002-01-15 12:00:00,2002,1,15,12,0,0.9505659937858582,10.241100311279297,355,9.23069953918457,8.489399909973145,14264,12.114999771118164,1.568660020828247,0.2739799916744232
2002-01-15 15:00:00,2002,1,15,15,0,0.950448989868164,10.340200424194336,355,9.265000343322754,8.440600395202637,13496,12.114999771118164,1.5191099643707275,0.2788499891757965
2002-01-15 18:00:00,2002,1,15,18,0,0.949409008026123,10.37119960784912,355,9.146200180053713,8.192299842834473,12791,12.114999771118164,1.4779800176620483,0.2925400137901306
2002-01-15 21:00:00,2002,1,15,21,0,0.9494940042495728,10.53380012512207,355,9.23740005493164,8.217300415039062,12341,12.114999771118164,1.440790057182312,0.2965900003910064
2002-01-16 00:00:00,2002,1,16,0,0,0.9504029750823976,10.697099685668944,355,9.152199745178224,7.86929988861084,12186,12.114999771118164,1.422279953956604,0.3108099997043609
2002-01-16 03:00:00,2002,1,16,3,0,0.951578974723816,10.90530014038086,355,9.237899780273438,7.943699836730957,12287,12.114999771118164,1.4178999662399292,0.3278000056743622
2002-01-16 06:00:00,2002,1,16,6,0,0.9526360034942628,11.053899765014648,355,9.368399620056152,8.152400016784668,13254,12.114999771118164,1.4675400257110596,0.341619998216629
2002-01-16 09:00:00,2002,1,16,9,0,0.952888011932373,11.29669952392578,355,9.580499649047852,8.440199851989746,14858,14.659700393676758,1.5430899858474731,0.3545899987220764
2002-01-16 12:00:00,2002,1,16,12,0,0.9527029991149902,11.723099708557127,355,9.854100227355955,8.620800018310547,15884,14.659700393676758,1.570389986038208,0.3588599860668182
2002-01-16 15:00:00,2002,1,16,15,0,0.9526990056037904,12.30720043182373,355,10.24470043182373,8.844099998474121,17269,14.659700393676758,1.6043299436569214,0.3578999936580658
2002-01-16 18:00:00,2002,1,16,18,0,0.9557880163192748,12.875800132751465,5,10.714900016784668,9.219799995422363,18671,19.51320075988769,1.6374499797821045,0.3510800004005432
2002-01-16 21:00:00,2002,1,16,21,0,0.9586060047149658,13.213000297546388,5,11.040800094604492,9.499199867248535,20378,17.73889923095703,1.6907999515533447,0.3389700055122375
2002-01-17 00:00:00,2002,1,17,0,0,0.96077698469162,13.450799942016602,5,11.147000312805176,9.321399688720703,22403,17.73889923095703,1.7577799558639526,0.3278200030326843
2002-01-17 03:00:00,2002,1,17,3,0,0.9607049822807312,13.35830020904541,5,10.987899780273438,9.141400337219238,24073,17.73889923095703,1.8276900053024288,0.3309899866580963
2002-01-17 06:00:00,2002,1,17,6,0,0.9550859928131104,12.32450008392334,5,9.19279956817627,7.128200054168701,24317,17.73889923095703,1.9110100269317627,0.390859991312027
2002-01-17 09:00:00,2002,1,17,9,0,0.9459120035171508,11.162599563598633,355,8.488200187683105,6.939799785614014,25053,16.125999450683594,2.0366899967193604,0.4250699877738952
2002-01-17 12:00:00,2002,1,17,12,0,0.9462569952011108,11.381199836730955,355,9.195799827575684,7.80649995803833,25064,16.125999450683594,2.006319999694824,0.3802599906921386
2002-01-17 15:00:00,2002,1,17,15,0,0.947301983833313,11.663800239562988,355,9.768199920654297,8.56659984588623,23758,16.125999450683594,1.9233399629592896,0.3510400056838989
2002-01-17 18:00:00,2002,1,17,18,0,0.946681022644043,11.753199577331545,355,9.990699768066406,8.872699737548828,21156,16.125999450683594,1.8044400215148928,0.3364799916744232
2002-01-17 21:00:00,2002,1,17,21,0,0.9453970193862916,11.666299819946287,355,9.947799682617188,8.870499610900879,17878,14.659700393676758,1.662500023841858,0.3325699865818023
2002-01-18 00:00:00,2002,1,18,0,0,0.9447550177574158,11.552900314331056,355,9.780400276184082,8.616999626159668,15593,14.659700393676758,1.558500051498413,0.3329600095748901
2002-01-18 03:00:00,2002,1,18,3,0,0.945339024066925,11.531900405883787,355,9.760600090026855,8.590499877929688,14096,14.659700393676758,1.4814800024032593,0.3295600116252899
2002-01-18 06:00:00,2002,1,18,6,0,0.945950984954834,11.444499969482422,355,9.6983003616333,8.549699783325195,12443,14.659700393676758,1.3961600065231323,0.3285500109195709
2002-01-18 09:00:00,2002,1,18,9,0,0.9458699822425842,11.226900100708008,355,9.504899978637695,8.400099754333496,10667,14.659700393676758,1.3046000003814695,0.3332000076770782
2002-01-18 12:00:00,2002,1,18,12,0,0.945161998271942,10.92039966583252,355,9.188300132751465,8.11240005493164,9356,13.326800346374512,1.239050030708313,0.3444199860095978
2002-01-18 15:00:00,2002,1,18,15,0,0.9440670013427734,10.732399940490724,355,8.928000450134277,7.820400238037109,8581,13.326800346374512,1.1982200145721436,0.3579199910163879
2002-01-18 18:00:00,2002,1,18,18,0,0.9431059956550598,10.759400367736816,355,8.86769962310791,7.705399990081787,8008,13.326800346374512,1.1579400300979614,0.3681100010871887
2002-01-18 21:00:00,2002,1,18,21,0,0.9423530101776124,10.795000076293944,355,8.844200134277344,7.66379976272583,7532,13.326800346374512,1.12322998046875,0.3769200146198272
2002-01-19 00:00:00,2002,1,19,0,0,0.9414340257644652,10.69320011138916,355,8.644100189208984,7.461100101470947,7283,13.326800346374512,1.1133699417114258,0.3960199952125549
2002-01-19 03:00:00,2002,1,19,3,0,0.940132975578308,10.508999824523926,355,8.145999908447266,6.768899917602539,7251,17.73889923095703,1.1245299577713013,0.4239299893379211
2002-01-19 06:00:00,2002,1,19,6,0,0.9400749802589417,10.6983003616333,355,8.16919994354248,6.791600227355957,7660,16.125999450683594,1.147449970245361,0.4342299997806549
2002-01-19 09:00:00,2002,1,19,9,0,0.944513976573944,11.043399810791016,5,8.349100112915039,6.849699974060059,8496,16.125999450683594,1.1904699802398682,0.429610013961792
2002-01-19 12:00:00,2002,1,19,12,0,0.9364380240440368,9.30780029296875,355,6.175300121307373,4.883299827575684,10638,16.125999450683594,1.4600199460983276,0.5445700287818909
2002-01-19 15:00:00,2002,1,19,15,0,0.9286100268363952,8.377099990844727,355,6.26830005645752,5.253200054168701,17762,14.659700393676758,1.9966100454330444,0.5082100033760071
2002-01-19 18:00:00,2002,1,19,18,0,0.9400680065155028,9.535200119018556,355,7.8379998207092285,6.80620002746582,22026,14.659700393676758,2.0579800605773926,0.4016700088977813
2002-01-19 21:00:00,2002,1,19,21,0,0.9451130032539368,10.3233003616333,355,8.855899810791016,7.970300197601318,23135,9.101699829101562,2.0142199993133545,0.3571699857711792
2002-01-20 00:00:00,2002,1,20,0,0,0.9446079730987548,10.801600456237791,355,9.339599609375,8.49590015411377,21774,13.326800346374512,1.907719969749451,0.3455899953842163
2002-01-20 03:00:00,2002,1,20,3,0,0.943697988986969,11.126700401306152,355,9.638699531555176,8.791999816894531,20427,13.326800346374512,1.819659948348999,0.3384599983692169
2002-01-20 06:00:00,2002,1,20,6,0,0.9442330002784728,11.328399658203123,5,9.824600219726562,8.932999610900879,19598,16.125999450683594,1.764919996261597,0.3302200138568878
2002-01-20 09:00:00,2002,1,20,9,0,0.9465709924697876,11.16349983215332,5,8.997200012207031,7.248700141906738,18933,16.125999450683594,1.7472100257873535,0.3464100062847137
2002-01-20 12:00:00,2002,1,20,12,0,0.9308199882507324,9.08489990234375,5,6.417900085449219,5.160900115966797,20661,14.659700393676758,2.0404999256134038,0.4915199875831604
2002-01-20 15:00:00,2002,1,20,15,0,0.9068580269813538,8.119999885559082,5,6.163899898529053,5.195899963378906,26931,14.659700393676758,2.4813199043273926,0.481469988822937
2002-01-20 18:00:00,2002,1,20,18,0,0.9162949919700624,8.661399841308594,5,6.81689977645874,5.765200138092041,31027,14.659700393676758,2.5581300258636475,0.4241099953651428
2002-01-20 21:00:00,2002,1,20,21,0,0.9209020137786864,8.93970012664795,5,7.092899799346924,5.998300075531006,33596,13.326800346374512,2.608030080795288,0.4042800068855285
2002-01-21 00:00:00,2002,1,21,0,0,0.9289680123329164,9.197400093078612,5,7.376200199127197,6.241799831390381,33916,13.326800346374512,2.575680017471313,0.385589987039566
2002-01-21 03:00:00,2002,1,21,3,0,0.9324970245361328,9.143699645996094,5,7.321499824523926,6.192800045013428,33959,12.114999771118164,2.583580017089844,0.3855099976062774
2002-01-21 06:00:00,2002,1,21,6,0,0.9324679970741272,8.944999694824219,5,7.163700103759766,6.069799900054932,34216,12.114999771118164,2.6257100105285645,0.3893299996852875
2002-01-21 09:00:00,2002,1,21,9,0,0.9358739852905272,9.168299674987791,5,7.431399822235107,6.319799900054932,34129,12.114999771118164,2.5861799716949463,0.3754499852657318
2002-01-21 12:00:00,2002,1,21,12,0,0.9359269738197328,9.23330020904541,5,7.464200019836426,6.360799789428711,37000,12.114999771118164,2.686739921569824,0.3842900097370147
2002-01-21 15:00:00,2002,1,21,15,0,0.93688702583313,9.852800369262695,5,8.046199798583984,6.906400203704834,40037,12.114999771118164,2.70632004737854,0.3800899982452392
2002-01-21 18:00:00,2002,1,21,18,0,0.940867006778717,10.11750030517578,355,8.187000274658203,7.022900104522705,50155,13.326800346374512,3.00216007232666,0.3982200026512146
2002-01-21 21:00:00,2002,1,21,21,0,0.946115016937256,10.666299819946287,5,8.75879955291748,7.548299789428711,67008,13.326800346374512,3.3785500526428223,0.3804599940776825
2002-01-22 00:00:00,2002,1,22,0,0,0.95209801197052,11.520600318908691,5,9.855600357055664,8.749600410461426,77669,16.125999450683594,3.4902501106262207,0.3369399905204773
2002-01-22 03:00:00,2002,1,22,3,0,0.956404983997345,11.911999702453612,5,10.255499839782717,9.089500427246094,82845,16.125999450683594,3.5429699420928955,0.32150998711586
2002-01-22 06:00:00,2002,1,22,6,0,0.9595509767532348,12.199399948120115,5,10.61180019378662,9.49240016937256,86960,16.125999450683594,3.5870399475097656,0.3095099925994873
2002-01-22 09:00:00,2002,1,22,9,0,0.961193025112152,12.41189956665039,5,10.96780014038086,9.984399795532228,83902,14.659700393676758,3.4909400939941406,0.2951599955558777
2002-01-22 12:00:00,2002,1,22,12,0,0.9613459706306458,12.475500106811523,5,11.149999618530272,10.287400245666504,75455,14.659700393676758,3.2985401153564453,0.284850001335144
2002-01-22 15:00:00,2002,1,22,15,0,0.96076500415802,12.43120002746582,5,11.190799713134766,10.40470027923584,67211,14.659700393676758,3.114219903945923,0.277539998292923
2002-01-22 18:00:00,2002,1,22,18,0,0.9615970253944396,12.30049991607666,355,11.090900421142578,10.30799961090088,58786,14.659700393676758,2.923280000686645,0.2740499973297119
2002-01-22 21:00:00,2002,1,22,21,0,0.9617969989776612,12.086199760437012,355,10.892000198364258,10.112899780273438,50792,14.659700393676758,2.7373199462890625,0.2742699980735779
2002-01-23 00:00:00,2002,1,23,0,0,0.9611380100250244,11.869600296020508,355,10.70740032196045,9.95069980621338,43969,14.659700393676758,2.5664799213409424,0.2734900116920471
2002-01-23 03:00:00,2002,1,23,3,0,0.9598469734191896,11.682000160217283,355,10.556099891662598,9.82960033416748,38181,13.326800346374512,2.407639980316162,0.2715699970722198
2002-01-23 06:00:00,2002,1,23,6,0,0.9584140181541444,11.526200294494627,355,10.455599784851074,9.781299591064451,33115,13.326800346374512,2.254460096359253,0.267520010471344
2002-01-23 09:00:00,2002,1,23,9,0,0.9569690227508544,11.371000289916992,355,10.366299629211426,9.737000465393066,28550,13.326800346374512,2.104840040206909,0.2616699934005737
2002-01-23 12:00:00,2002,1,23,12,0,0.9548460245132446,11.195500373840332,355,10.254599571228027,9.670000076293944,24679,13.326800346374512,1.9701000452041624,0.2562400102615356
2002-01-23 15:00:00,2002,1,23,15,0,0.9508919715881348,11.002900123596191,355,10.101099967956545,9.546600341796877,21406,13.326800346374512,1.849810004234314,0.2541700005531311
2002-01-23 18:00:00,2002,1,23,18,0,0.9444389939308168,10.803000450134276,355,9.914299964904783,9.374099731445312,18502,12.114999771118164,1.7357200384140017,0.2559599876403808
2002-01-23 21:00:00,2002,1,23,21,0,0.9366660118103028,10.618399620056152,355,9.728599548339844,9.1899995803833,16005,12.114999771118164,1.628980040550232,0.2595399916172027
2002-01-24 00:00:00,2002,1,24,0,0,0.9296470284461976,10.443300247192385,355,9.549599647521973,9.015600204467772,13818,12.114999771118164,1.5272300243377686,0.2640500068664551
2002-01-24 03:00:00,2002,1,24,3,0,0.9243509769439696,10.246299743652344,355,9.345399856567385,8.817899703979492,11743,12.114999771118164,1.4227999448776243,0.2700299918651581
2002-01-24 06:00:00,2002,1,24,6,0,0.9206129908561708,9.999300003051758,355,9.059300422668455,8.513199806213379,9752,11.013500213623049,1.3146400451660156,0.2805800139904022
2002-01-24 09:00:00,2002,1,24,9,0,0.9155460000038148,9.597700119018556,355,8.5826997756958,8.002400398254395,8576,11.013500213623049,1.2621400356292725,0.2998799979686737
2002-01-24 12:00:00,2002,1,24,12,0,0.9095420241355896,9.18179988861084,355,8.07409954071045,7.438199996948242,8114,11.013500213623049,1.2594599723815918,0.3214899897575378
2002-01-24 15:00:00,2002,1,24,15,0,0.9025689959526062,8.830900192260742,355,7.523600101470947,6.624100208282471,7986,12.114999771118164,1.2779500484466553,0.3412100076675415
2002-01-24 18:00:00,2002,1,24,18,0,0.8780509829521179,7.35890007019043,5,5.520199775695801,4.588600158691406,9157,12.114999771118164,1.51514995098114,0.4565500020980835
2002-01-24 21:00:00,2002,1,24,21,0,0.859512984752655,6.776999950408936,15,5.380199909210205,4.628699779510498,12193,6.837800025939941,1.8422600030899048,0.4376699924468994
2002-01-25 00:00:00,2002,1,25,0,0,0.8371769785881042,6.451300144195557,25,5.340199947357178,4.697400093078613,17685,6.837800025939941,2.2915101051330566,0.4025900065898895
2002-01-25 03:00:00,2002,1,25,3,0,0.8415529727935791,6.662300109863281,35,5.680799961090088,5.043399810791016,25096,7.52180004119873,2.6852500438690186,0.3542599976062774
2002-01-25 06:00:00,2002,1,25,6,0,0.8518139719963074,6.990799903869629,45,6.081500053405762,5.445099830627441,39616,7.52180004119873,3.278549909591675,0.3192200064659118
2002-01-25 09:00:00,2002,1,25,9,0,0.8574029803276062,7.578700065612793,35,6.620699882507324,5.9334001541137695,45985,8.274100303649902,3.35903000831604,0.3105100095272064
2002-01-25 12:00:00,2002,1,25,12,0,0.858489990234375,8.018600463867188,35,7.057799816131592,6.3796000480651855,57969,8.274100303649902,3.646749973297119,0.3085800111293793
2002-01-25 15:00:00,2002,1,25,15,0,0.8628479838371277,8.515299797058105,35,7.591000080108643,6.984799861907959,74285,9.101699829101562,3.988960027694702,0.3074800074100494
2002-01-25 18:00:00,2002,1,25,18,0,0.8486170172691345,9.253100395202637,25,8.27869987487793,7.716899871826172,63528,9.101699829101562,3.5269200801849365,0.3187699913978576
2002-01-25 21:00:00,2002,1,25,21,0,0.8400520086288452,9.638400077819824,15,8.389900207519531,7.619200229644775,51299,8.274100303649902,3.107789993286133,0.3460400104522705
2002-01-26 00:00:00,2002,1,26,0,0,0.8505250215530396,9.32569980621338,15,7.644199848175049,6.5920000076293945,45046,8.274100303649902,2.9681100845336914,0.3910799920558929
2002-01-26 03:00:00,2002,1,26,3,0,0.8630520105361938,9.25220012664795,5,7.634200096130371,6.63070011138916,43463,14.659700393676758,2.9265599250793457,0.387800008058548
2002-01-26 06:00:00,2002,1,26,6,0,0.890021026134491,9.237700462341309,5,7.671899795532227,6.682799816131592,48049,13.326800346374512,3.0746400356292725,0.3781799972057342
2002-01-26 09:00:00,2002,1,26,9,0,0.9145209789276124,9.67169952392578,5,8.1673002243042,7.200099945068359,52644,13.326800346374512,3.135629892349243,0.3599900007247925
2002-01-26 12:00:00,2002,1,26,12,0,0.9316570162773132,10.38860034942627,5,9.010700225830078,8.182499885559082,57843,14.659700393676758,3.164669990539551,0.3386799991130829
2002-01-26 15:00:00,2002,1,26,15,0,0.9439399838447572,11.167400360107422,5,9.602100372314451,8.582599639892578,60425,14.659700393676758,3.1203200817108154,0.3339599967002868
2002-01-26 18:00:00,2002,1,26,18,0,0.9500430226325988,11.179499626159668,5,9.19909954071045,7.853099822998047,64232,14.659700393676758,3.223429918289185,0.3598999977111816
2002-01-26 21:00:00,2002,1,26,21,0,0.949957013130188,10.756699562072754,5,8.695099830627441,7.369800090789795,66160,14.659700393676758,3.3396201133728027,0.3808600008487701
2002-01-27 00:00:00,2002,1,27,0,0,0.9521639943122864,10.962599754333496,5,9.217700004577637,8.055800437927246,63912,14.659700393676758,3.24084997177124,0.3490700125694275
2002-01-27 03:00:00,2002,1,27,3,0,0.9509620070457458,10.446100234985352,5,8.553799629211426,7.297900199890137,62272,14.659700393676758,3.2782599925994877,0.3686800003051758
2002-01-27 06:00:00,2002,1,27,6,0,0.9514849781990052,10.612199783325195,5,9.11740016937256,8.148200035095215,57360,13.326800346374512,3.113300085067749,0.3351599872112274
2002-01-27 09:00:00,2002,1,27,9,0,0.9521790146827698,10.695599555969238,5,9.22469997406006,8.217900276184082,48394,13.326800346374512,2.842910051345825,0.3238100111484527
2002-01-27 12:00:00,2002,1,27,12,0,0.9518010020256042,10.777000427246094,5,9.513999938964844,8.725000381469727,39890,13.326800346374512,2.566689968109131,0.3059299886226654
2002-01-27 15:00:00,2002,1,27,15,0,0.9519299864768982,10.690400123596191,355,9.488300323486328,8.727800369262695,32859,13.326800346374512,2.336519956588745,0.299019992351532
2002-01-27 18:00:00,2002,1,27,18,0,0.951907992362976,10.435400009155272,355,9.154399871826172,8.226499557495117,27502,13.326800346374512,2.1635398864746094,0.3032000064849853
2002-01-27 21:00:00,2002,1,27,21,0,0.9524379968643188,10.208800315856934,355,9.003399848937988,8.19379997253418,24021,12.114999771118164,2.044600009918213,0.3033699989318847
2002-01-28 00:00:00,2002,1,28,0,0,0.9532690048217772,10.154500007629396,355,9.08650016784668,8.43850040435791,21620,12.114999771118164,1.9429999589920044,0.292169988155365
2002-01-28 03:00:00,2002,1,28,3,0,0.9534639716148376,10.038700103759766,355,9.050600051879885,8.456299781799316,19602,12.114999771118164,1.85971999168396,0.2835299968719482
2002-01-28 06:00:00,2002,1,28,6,0,0.9523130059242249,9.852399826049805,355,8.913700103759766,8.350700378417969,17201,12.114999771118164,1.7591700553894043,0.280129998922348
2002-01-28 09:00:00,2002,1,28,9,0,0.950016975402832,9.678000450134276,355,8.774900436401367,8.236000061035156,14692,11.013500213623049,1.6417499780654907,0.2790400087833404
2002-01-28 12:00:00,2002,1,28,12,0,0.9471139907836914,9.536100387573242,355,8.656900405883789,8.137100219726562,12571,11.013500213623049,1.5316699743270874,0.2800900042057037
2002-01-28 15:00:00,2002,1,28,15,0,0.9439870119094848,9.409000396728516,355,8.543899536132812,8.03950023651123,10846,11.013500213623049,1.434309959411621,0.2831400036811828
2002-01-28 18:00:00,2002,1,28,18,0,0.9407860040664672,9.268500328063965,355,8.418499946594238,7.929100036621094,9399,11.013500213623049,1.347350001335144,0.2859199941158294
2002-01-28 21:00:00,2002,1,28,21,0,0.9381150007247924,9.112099647521973,355,8.287799835205078,7.818399906158447,8339,11.013500213623049,1.282230019569397,0.2867999970912933
2002-01-29 00:00:00,2002,1,29,0,0,0.9365059733390808,8.92490005493164,355,8.119999885559082,7.673799991607666,7725,10.01200008392334,1.2504199743270874,0.2914499938488006
2002-01-29 03:00:00,2002,1,29,3,0,0.9369059801101683,8.67590045928955,345,7.851900100708008,7.405900001525879,7582,10.01200008392334,1.260990023612976,0.303629994392395
2002-01-29 06:00:00,2002,1,29,6,0,0.9352250099182128,8.588299751281738,345,7.678199768066406,7.176599979400635,6743,10.01200008392334,1.1965999603271484,0.3183600008487701
2002-01-29 09:00:00,2002,1,29,9,0,0.933144986629486,8.461700439453125,345,7.410399913787842,6.783899784088135,5893,10.01200008392334,1.1283199787139893,0.3367100059986114
2002-01-29 12:00:00,2002,1,29,12,0,0.9306920170783995,8.433300018310547,345,7.367599964141846,6.730199813842773,5163,10.01200008392334,1.059149980545044,0.341619998216629
2002-01-29 15:00:00,2002,1,29,15,0,0.9272279739379884,8.444899559020996,345,7.4004998207092285,6.784900188446045,4582,9.101699829101562,0.9983000159263612,0.3429900109767914
2002-01-29 18:00:00,2002,1,29,18,0,0.9233360290527344,8.480500221252441,345,7.446800231933594,6.845399856567383,4145,9.101699829101562,0.9480599761009216,0.3440299928188324
2002-01-29 21:00:00,2002,1,29,21,0,0.9201729893684388,8.561300277709961,345,7.520599842071533,6.917799949645996,3813,9.101699829101562,0.904640018939972,0.3442200124263763
2002-01-30 00:00:00,2002,1,30,0,0,0.9183909893035888,8.630800247192383,345,7.527900218963623,6.835100173950195,3556,9.101699829101562,0.8694599866867065,0.3453400135040283
2002-01-30 03:00:00,2002,1,30,3,0,0.917917013168335,8.577300071716309,345,7.294899940490723,6.415599822998047,3340,9.101699829101562,0.8450199961662292,0.3556500077247619
2002-01-30 06:00:00,2002,1,30,6,0,0.919501006603241,8.607000350952148,345,7.369200229644775,6.545700073242188,3183,8.274100303649902,0.8228300213813782,0.3517299890518188
2002-01-30 09:00:00,2002,1,30,9,0,0.9230390191078186,8.660799980163574,345,7.502699851989746,6.741399765014648,3136,8.274100303649902,0.8132500052452087,0.3410899937152862
2002-01-30 12:00:00,2002,1,30,12,0,0.9270960092544556,8.696100234985352,345,7.599699974060059,6.890100002288818,3160,8.274100303649902,0.8137400150299072,0.3318800032138824
2002-01-30 15:00:00,2002,1,30,15,0,0.930118978023529,8.699999809265137,345,7.636499881744385,6.957799911499023,3178,8.274100303649902,0.8153200149536133,0.3268699944019317
2002-01-30 18:00:00,2002,1,30,18,0,0.9317870140075684,8.646599769592285,345,7.59250020980835,6.933700084686279,3181,8.274100303649902,0.8181700110435486,0.3273200094699859
2002-01-30 21:00:00,2002,1,30,21,0,0.9318349957466124,8.499099731445312,345,7.4421000480651855,6.805399894714356,3251,8.274100303649902,0.8352699875831604,0.3335900008678436
2002-01-31 00:00:00,2002,1,31,0,0,0.929639995098114,8.3371000289917,345,7.285900115966797,6.666399955749512,3406,8.274100303649902,0.8647099733352661,0.339029997587204
2002-01-31 03:00:00,2002,1,31,3,0,0.9272509813308716,8.0871000289917,345,7.001100063323975,6.378099918365479,3583,8.274100303649902,0.9031999707221984,0.3550800085067749
2002-01-31 06:00:00,2002,1,31,6,0,0.9298809766769408,7.627200126647949,345,6.470600128173828,5.805099964141846,4111,7.52180004119873,1.0026799440383911,0.3843800127506256
2002-01-31 09:00:00,2002,1,31,9,0,0.9321609735488892,7.521599769592285,345,6.245500087738037,5.425000190734863,4832,7.52180004119873,1.0995999574661257,0.4010599851608276
2002-01-31 12:00:00,2002,1,31,12,0,0.9055140018463136,7.070199966430664,355,5.350299835205078,4.504700183868408,5722,6.837800025939941,1.2420400381088257,0.5080599784851074
2002-01-31 15:00:00,2002,1,31,15,0,0.8956609964370728,7.416800022125244,5,5.45989990234375,4.615200042724609,7600,6.837800025939941,1.4028700590133667,0.5696799755096436
2002-01-31 18:00:00,2002,1,31,18,0,0.8907150030136108,7.890699863433838,5,5.597700119018555,4.686100006103516,12974,17.73889923095703,1.7774200439453125,0.5961599946022034
2002-01-31 21:00:00,2002,1,31,21,0,0.8877249956130981,8.34469985961914,5,6.097899913787842,5.144700050354004,23563,16.125999450683594,2.3210299015045166,0.5577200055122375
2002-02-01 00:00:00,2002,2,1,0,0,0.8935089707374573,9.007399559020996,5,6.750999927520752,5.7042999267578125,32201,16.125999450683594,2.594099998474121,0.509440004825592
2002-02-01 03:00:00,2002,2,1,3,0,0.903315007686615,9.769000053405762,5,7.459400177001953,6.311699867248535,33235,16.125999450683594,2.51148009300232,0.4657500088214874
2002-02-01 06:00:00,2002,2,1,6,0,0.9089019894599916,10.340999603271484,5,8.306300163269043,7.238800048828125,31432,14.659700393676758,2.3581199645996094,0.4129199981689453
2002-02-01 09:00:00,2002,2,1,9,0,0.9062319993972778,10.421099662780762,5,8.703300476074219,7.809700012207031,29092,14.659700393676758,2.2510299682617188,0.3798600137233734
2002-02-01 12:00:00,2002,2,1,12,0,0.9071509838104248,10.406100273132324,5,8.870800018310547,8.072500228881836,26058,14.659700393676758,2.12568998336792,0.3590100109577179
2002-02-01 15:00:00,2002,2,1,15,0,0.912917971611023,10.376500129699709,5,8.958200454711914,8.209500312805176,22660,14.659700393676758,1.9802299737930296,0.3438700139522552
2002-02-01 18:00:00,2002,2,1,18,0,0.9187729954719543,10.278900146484377,5,8.95460033416748,8.243300437927246,19449,13.326800346374512,1.840000033378601,0.3332499861717224
2002-02-01 21:00:00,2002,2,1,21,0,0.925471007823944,10.137200355529783,355,8.886699676513672,8.210000038146973,16780,13.326800346374512,1.719859957695007,0.3285999894142151
2002-02-02 00:00:00,2002,2,2,0,0,0.932096004486084,10.08810043334961,355,8.86709976196289,8.20829963684082,15051,13.326800346374512,1.6337100267410278,0.3313600122928619
2002-02-02 03:00:00,2002,2,2,3,0,0.9365699887275696,10.02970027923584,355,8.832599639892578,8.189000129699707,13622,12.114999771118164,1.559730052947998,0.333840012550354
2002-02-02 06:00:00,2002,2,2,6,0,0.939710021018982,9.96909999847412,355,8.77910041809082,8.136699676513672,12281,12.114999771118164,1.487220048904419,0.3384999930858612
2002-02-02 09:00:00,2002,2,2,9,0,0.9385380148887634,9.87339973449707,355,8.09749984741211,6.7281999588012695,11472,12.114999771118164,1.4509700536727903,0.3754900097846985
2002-02-02 12:00:00,2002,2,2,12,0,0.9137439727783204,8.946700096130371,355,6.661799907684326,5.414899826049805,11319,11.013500213623049,1.525439977645874,0.4700100123882293
2002-02-02 15:00:00,2002,2,2,15,0,0.890080988407135,8.19789981842041,5,6.066800117492676,5.021100044250488,10914,11.013500213623049,1.576050043106079,0.5096200108528137
2002-02-02 18:00:00,2002,2,2,18,0,0.8503919839859009,7.40880012512207,15,5.488500118255615,4.629700183868408,11193,11.013500213623049,1.6967999935150146,0.5519400238990784
2002-02-02 21:00:00,2002,2,2,21,0,0.849819004535675,7.20419979095459,25,5.5970001220703125,4.815100193023682,14098,17.73889923095703,1.9440300464630127,0.5238100290298462
2002-02-03 00:00:00,2002,2,3,0,0,0.883204996585846,7.423500061035156,35,6.0346999168396,5.265699863433838,20875,8.274100303649902,2.3212199211120605,0.46110999584198
2002-02-03 03:00:00,2002,2,3,3,0,0.9075549840927124,7.874000072479248,35,6.602200031280518,5.81790018081665,31415,9.101699829101562,2.7345499992370605,0.3999300003051758
2002-02-03 06:00:00,2002,2,3,6,0,0.9096980094909668,8.603899955749512,35,7.447800159454346,6.717199802398682,31016,9.101699829101562,2.576689958572388,0.3617700040340423
2002-02-03 09:00:00,2002,2,3,9,0,0.8996260166168213,8.947999954223633,25,7.906899929046631,7.295899868011475,25425,9.101699829101562,2.2837300300598145,0.3479599952697754
2002-02-03 12:00:00,2002,2,3,12,0,0.8995550274848938,9.15060043334961,25,8.169699668884277,7.656000137329102,23136,9.101699829101562,2.1513800621032715,0.3408200144767761
2002-02-03 15:00:00,2002,2,3,15,0,0.906275987625122,9.449399948120115,15,8.4798002243042,7.974800109863281,25088,9.101699829101562,2.194610118865967,0.3257099986076355
2002-02-03 18:00:00,2002,2,3,18,0,0.9233139753341676,9.93649959564209,15,8.972100257873535,8.441699981689453,29995,10.01200008392334,2.3249900341033936,0.3026399910449981
2002-02-03 21:00:00,2002,2,3,21,0,0.9293339848518372,10.211099624633787,5,9.279399871826172,8.750900268554688,31854,11.013500213623049,2.3559000492095947,0.2871200144290924
2002-02-04 00:00:00,2002,2,4,0,0,0.9334970116615297,10.216099739074709,5,9.314000129699709,8.80210018157959,29316,11.013500213623049,2.258140087127685,0.2821600139141083
2002-02-04 03:00:00,2002,2,4,3,0,0.9340559840202332,10.087300300598145,5,9.201299667358398,8.7052001953125,25264,11.013500213623049,2.111069917678833,0.2836500108242035
2002-02-04 06:00:00,2002,2,4,6,0,0.9335340261459352,9.955100059509276,5,9.059599876403809,8.569100379943848,21584,10.01200008392334,1.9671900272369385,0.290690004825592
2002-02-04 09:00:00,2002,2,4,9,0,0.9329259991645812,9.886899948120115,5,8.947099685668945,8.446399688720703,18692,10.01200008392334,1.8407700061798096,0.3030300140380859
2002-02-04 12:00:00,2002,2,4,12,0,0.9318670034408568,9.85789966583252,5,8.843000411987305,8.31879997253418,16125,10.01200008392334,1.7162699699401855,0.3192099928855896
2002-02-04 15:00:00,2002,2,4,15,0,0.9299870133399964,9.795900344848633,5,8.703300476074219,8.156200408935547,13608,9.101699829101562,1.5854300260543823,0.3354800045490265
2002-02-04 18:00:00,2002,2,4,18,0,0.9309239983558656,9.756999969482422,5,8.600799560546875,8.026399612426758,11890,9.101699829101562,1.487239956855774,0.3469600081443786
2002-02-04 21:00:00,2002,2,4,21,0,0.9404879808425904,9.874699592590332,5,8.706299781799316,8.116999626159668,12200,9.101699829101562,1.496109962463379,0.3437899947166443
2002-02-05 00:00:00,2002,2,5,0,0,0.9518479704856871,10.13230037689209,5,8.9350004196167,8.287599563598633,14262,14.659700393676758,1.5937399864196775,0.3352699875831604
2002-02-05 03:00:00,2002,2,5,3,0,0.957489013671875,10.14780044555664,5,8.473400115966797,7.245299816131592,16966,14.659700393676758,1.7354999780654907,0.352400004863739
2002-02-05 06:00:00,2002,2,5,6,0,0.9585530161857604,9.92140007019043,5,8.060400009155273,6.79040002822876,21164,14.659700393676758,1.9615099430084229,0.3730700016021728
2002-02-05 09:00:00,2002,2,5,9,0,0.9564589858055116,9.870699882507324,15,7.980000019073486,6.6844000816345215,27197,14.659700393676758,2.227240085601806,0.3715800046920776
2002-02-05 12:00:00,2002,2,5,12,0,0.9528229832649232,9.746999740600586,15,7.755300045013428,6.458399772644043,36022,13.326800346374512,2.5780999660491943,0.3820900022983551
2002-02-05 15:00:00,2002,2,5,15,0,0.9488620162010192,9.875300407409668,15,7.926000118255615,6.6321001052856445,48617,13.326800346374512,2.972480058670044,0.3733499944210052
2002-02-05 18:00:00,2002,2,5,18,0,0.9452379941940308,10.097800254821776,15,8.343299865722656,7.097099781036377,61102,13.326800346374512,3.2870900630950928,0.3464199900627136
2002-02-05 21:00:00,2002,2,5,21,0,0.9414690136909484,10.439599990844728,15,8.93649959564209,7.825799942016602,57023,13.326800346374512,3.112920045852661,0.3146300017833709
2002-02-06 00:00:00,2002,2,6,0,0,0.936797022819519,10.543899536132812,25,9.093600273132324,7.939300060272217,48792,12.114999771118164,2.8594601154327397,0.2996000051498413
2002-02-06 03:00:00,2002,2,6,3,0,0.9325860142707824,10.52910041809082,25,9.149900436401367,8.0108003616333,43033,12.114999771118164,2.684609889984131,0.2903900146484375
2002-02-06 06:00:00,2002,2,6,6,0,0.9262369871139526,10.322699546813965,25,8.829899787902832,7.597899913787842,38706,12.114999771118164,2.5723800659179688,0.3004299998283386
2002-02-06 09:00:00,2002,2,6,9,0,0.9206680059432985,10.0802001953125,15,8.527799606323242,7.281099796295166,34811,12.114999771118164,2.471889972686768,0.3119499981403351
2002-02-06 12:00:00,2002,2,6,12,0,0.911670982837677,9.36520004272461,25,7.548999786376953,6.298500061035156,31220,11.013500213623049,2.4392900466918945,0.3598099946975708
2002-02-06 15:00:00,2002,2,6,15,0,0.9018369913101196,8.42490005493164,25,6.725599765777588,5.692200183868408,31180,11.013500213623049,2.593950033187866,0.3976599872112274
2002-02-06 18:00:00,2002,2,6,18,0,0.8869670033454895,7.897600173950195,25,6.507400035858154,5.652900218963623,40554,9.101699829101562,3.075740098953247,0.3854100108146667
2002-02-06 21:00:00,2002,2,6,21,0,0.8778489828109741,7.843699932098389,35,6.592199802398682,5.791299819946289,57555,10.01200008392334,3.681080102920532,0.3684099912643432
2002-02-07 00:00:00,2002,2,7,0,0,0.8958470225334167,8.859399795532227,35,7.588200092315674,6.775899887084961,78297,10.01200008392334,4.013780117034912,0.3655399978160858
2002-02-07 03:00:00,2002,2,7,3,0,0.9060660004615784,10.21030044555664,25,8.523500442504883,7.575799942016602,89421,10.01200008392334,4.015729904174805,0.4130499958992004
2002-02-07 06:00:00,2002,2,7,6,0,0.9238719940185548,12.03339958190918,25,9.767399787902832,8.46720027923584,105218,17.73889923095703,4.045770168304443,0.4060699939727783
2002-02-07 09:00:00,2002,2,7,9,0,0.9356709718704224,13.00469970703125,15,10.694100379943848,9.153599739074709,124510,17.73889923095703,4.226840019226074,0.359470009803772
2002-02-07 12:00:00,2002,2,7,12,0,0.9426090121269226,13.105600357055664,15,10.91219997406006,9.3193998336792,124914,17.73889923095703,4.199580192565918,0.3362700045108795
2002-02-07 15:00:00,2002,2,7,15,0,0.9485369920730592,13.207200050354004,15,11.43529987335205,10.17389965057373,116044,16.125999450683594,4.014440059661865,0.3062799870967865
2002-02-07 18:00:00,2002,2,7,18,0,0.952771008014679,13.222000122070312,15,11.68809986114502,10.541899681091309,108963,16.125999450683594,3.8719000816345215,0.2829700112342834
2002-02-07 21:00:00,2002,2,7,21,0,0.903905987739563,10.598099708557127,25,8.707500457763672,7.583499908447266,142477,16.125999450683594,4.954090118408203,0.3885599970817566
2002-02-08 00:00:00,2002,2,8,0,0,0.8966879844665527,11.389900207519531,25,10.077699661254885,9.267200469970703,129450,14.659700393676758,4.513209819793701,0.309249997138977
2002-02-08 03:00:00,2002,2,8,3,0,0.8887349963188171,11.229299545288086,25,9.859100341796877,8.940400123596191,107350,14.659700393676758,4.13431978225708,0.3097499907016754
2002-02-08 06:00:00,2002,2,8,6,0,0.8945770263671875,10.79580020904541,15,9.472399711608888,8.58180046081543,93838,14.659700393676758,3.9396700859069824,0.3119899928569793
2002-02-08 09:00:00,2002,2,8,9,0,0.905663013458252,10.726300239562988,15,9.541299819946287,8.745800018310547,82027,14.659700393676758,3.687419891357422,0.2963199913501739
2002-02-08 12:00:00,2002,2,8,12,0,0.9148799777030944,10.812800407409668,15,9.720100402832031,8.981800079345703,73716,13.326800346374512,3.474740028381348,0.2815499901771545
2002-02-08 15:00:00,2002,2,8,15,0,0.9210870265960692,10.88070011138916,15,9.889699935913086,9.25179958343506,64650,13.326800346374512,3.240020036697388,0.2697899937629699
2002-02-08 18:00:00,2002,2,8,18,0,0.927275002002716,10.94480037689209,15,10.052300453186035,9.506099700927734,56109,13.326800346374512,3.006010055541992,0.2576999962329864
2002-02-08 21:00:00,2002,2,8,21,0,0.9305210113525392,10.918299674987791,15,10.0871000289917,9.57979965209961,48852,13.326800346374512,2.805459976196289,0.2490600049495697
2002-02-09 00:00:00,2002,2,9,0,0,0.933206021785736,10.801300048828123,5,10.01990032196045,9.543800354003906,42286,12.114999771118164,2.62241005897522,0.2430599927902221
2002-02-09 03:00:00,2002,2,9,3,0,0.9325249791145324,10.62030029296875,5,9.88290023803711,9.4350004196167,36452,12.114999771118164,2.454750061035156,0.2387199997901916
2002-02-09 06:00:00,2002,2,9,6,0,0.9297099709510804,10.408900260925291,5,9.707599639892578,9.283900260925291,31379,12.114999771118164,2.301069974899292,0.2360499948263168
2002-02-09 09:00:00,2002,2,9,9,0,0.9263830184936525,10.180800437927246,5,9.505000114440918,9.097700119018556,26811,12.114999771118164,2.152359962463379,0.2353000044822693
2002-02-09 12:00:00,2002,2,9,12,0,0.9230219721794128,9.939200401306152,5,9.275400161743164,8.870400428771973,22555,11.013500213623049,2.0006799697875977,0.2366700023412704
2002-02-09 15:00:00,2002,2,9,15,0,0.918503999710083,9.67300033569336,5,9.022299766540527,8.637100219726562,18442,11.013500213623049,1.83748996257782,0.2398200035095214
2002-02-09 18:00:00,2002,2,9,18,0,0.910165011882782,9.338700294494627,5,8.693099975585938,8.31980037689209,14181,11.013500213623049,1.64520001411438,0.24617999792099
2002-02-09 21:00:00,2002,2,9,21,0,0.8971260190010071,8.971599578857422,5,8.313799858093262,7.94980001449585,10299,11.013500213623049,1.4368900060653689,0.2586399912834167
2002-02-10 00:00:00,2002,2,10,0,0,0.8884329795837402,8.779999732971191,5,8.073599815368652,7.6975998878479,8005,11.013500213623049,1.285099983215332,0.2789199948310852
2002-02-10 03:00:00,2002,2,10,3,0,0.9060680270195008,9.29290008544922,15,8.294699668884277,7.836699962615967,8158,10.01200008392334,1.2684999704360962,0.3621399998664856
2002-02-10 06:00:00,2002,2,10,6,0,0.9503759741783142,12.20069980621338,15,10.11110019683838,9.206700325012209,15877,19.51320075988769,1.5727800130844116,0.4273900091648102
2002-02-10 09:00:00,2002,2,10,9,0,0.9731249809265136,15.01200008392334,15,13.102399826049805,11.886099815368652,47231,17.73889923095703,2.453389883041382,0.3039399981498718
2002-02-10 12:00:00,2002,2,10,12,0,0.976958990097046,15.381799697875977,15,14.096799850463867,13.14389991760254,89591,17.73889923095703,3.3120601177215576,0.2393199950456619
2002-02-10 15:00:00,2002,2,10,15,0,0.9767040014266968,15.038599967956545,15,14.009699821472168,13.25100040435791,109506,16.125999450683594,3.674720048904419,0.2195899933576584
2002-02-10 18:00:00,2002,2,10,18,0,0.9758139848709106,14.607600212097168,15,13.679499626159668,13.00759983062744,109217,16.125999450683594,3.700809955596924,0.2132200002670288
2002-02-10 21:00:00,2002,2,10,21,0,0.974951982498169,14.178500175476074,15,13.298500061035156,12.661199569702148,100870,16.125999450683594,3.591360092163086,0.2106900066137313
2002-02-11 00:00:00,2002,2,11,0,0,0.9736790060997008,13.693099975585938,15,12.861300468444824,12.264100074768066,88805,16.125999450683594,3.41065001487732,0.2083500027656555
2002-02-11 03:00:00,2002,2,11,3,0,0.9710170030593872,13.15779972076416,15,12.357199668884276,11.795700073242188,74374,14.659700393676758,3.1690399646759038,0.2093899995088577
2002-02-11 06:00:00,2002,2,11,6,0,0.9661399722099304,12.558099746704102,15,11.699899673461914,11.106800079345703,61075,14.659700393676758,2.9309699535369877,0.2221100032329559
2002-02-11 09:00:00,2002,2,11,9,0,0.9580950140953064,11.92300033569336,15,10.862099647521973,10.1358003616333,52682,13.326800346374512,2.793639898300171,0.2527500092983246
2002-02-11 12:00:00,2002,2,11,12,0,0.9547340273857116,11.696700096130373,5,10.56700038909912,9.744999885559082,46037,13.326800346374512,2.636549949645996,0.2617500126361847
2002-02-11 15:00:00,2002,2,11,15,0,0.9548799991607666,11.66759967803955,5,10.549699783325195,9.745699882507324,41488,13.326800346374512,2.506500005722046,0.2628999948501587
2002-02-11 18:00:00,2002,2,11,18,0,0.9550790190696716,11.775400161743164,5,10.737299919128418,9.947500228881836,37462,13.326800346374512,2.3690099716186523,0.2515999972820282
2002-02-11 21:00:00,2002,2,11,21,0,0.9529359936714172,11.693400382995604,5,10.663299560546877,9.846400260925291,33304,13.326800346374512,2.239989995956421,0.2496400028467178
2002-02-12 00:00:00,2002,2,12,0,0,0.9472200274467468,11.421099662780762,5,10.238200187683104,9.188599586486816,29093,13.326800346374512,2.1178500652313232,0.2599799931049347
2002-02-12 03:00:00,2002,2,12,3,0,0.9458919763565063,11.149700164794922,355,9.888400077819824,8.738800048828125,25162,13.326800346374512,1.9932700395584104,0.2675999999046325
2002-02-12 06:00:00,2002,2,12,6,0,0.9439070224761964,11.007200241088867,355,9.765299797058104,8.65429973602295,20966,13.326800346374512,1.8302600383758545,0.267659991979599
2002-02-12 09:00:00,2002,2,12,9,0,0.9407190084457396,10.8681001663208,355,9.714099884033203,8.71399974822998,17181,12.114999771118164,1.6663600206375122,0.263480007648468
2002-02-12 12:00:00,2002,2,12,12,0,0.9387630224227904,10.85099983215332,355,9.85890007019043,9.017499923706056,14350,12.114999771118164,1.52223002910614,0.2494200021028518
2002-02-12 15:00:00,2002,2,12,15,0,0.9343230128288268,10.76650047302246,355,9.850500106811523,9.083100318908691,12012,12.114999771118164,1.398210048675537,0.2466000020503997
2002-02-12 18:00:00,2002,2,12,18,0,0.925255000591278,10.63070011138916,355,9.68910026550293,8.94159984588623,10082,12.114999771118164,1.2918100357055664,0.2627399861812591
2002-02-12 21:00:00,2002,2,12,21,0,0.9156590104103088,10.624099731445312,355,9.62909984588623,8.900199890136719,8711,11.013500213623049,1.2057299613952637,0.2893199920654297
2002-02-13 00:00:00,2002,2,13,0,0,0.9083999991416932,10.79990005493164,355,9.714599609375,9.000100135803223,7905,11.013500213623049,1.1451200246810913,0.320360004901886
2002-02-13 03:00:00,2002,2,13,3,0,0.9053120017051696,11.325400352478027,355,9.943599700927734,9.084600448608398,7869,11.013500213623049,1.126109957695007,0.3642399907112121
2002-02-13 06:00:00,2002,2,13,6,0,0.905335009098053,11.758399963378906,355,9.800999641418455,8.472399711608887,8314,11.013500213623049,1.145509958267212,0.3996100127696991
2002-02-13 09:00:00,2002,2,13,9,0,0.9140040278434752,11.909700393676758,5,9.201700210571287,7.571800231933594,10076,19.51320075988769,1.2623599767684937,0.4389399886131286
2002-02-13 12:00:00,2002,2,13,12,0,0.9263479709625244,12.303199768066406,5,9.223600387573242,7.427800178527832,13686,19.51320075988769,1.4543999433517456,0.4426499903202057
2002-02-13 15:00:00,2002,2,13,15,0,0.9310899972915648,12.023699760437012,5,8.965100288391113,7.223000049591064,18412,19.51320075988769,1.7037500143051147,0.446370005607605
2002-02-13 18:00:00,2002,2,13,18,0,0.9352459907531738,11.927200317382812,5,9.262200355529783,7.638400077819824,24724,17.73889923095703,1.96943998336792,0.415800005197525
2002-02-13 21:00:00,2002,2,13,21,0,0.9413939714431764,12.366299629211426,5,10.002300262451172,8.400300025939941,30749,17.73889923095703,2.1453399658203125,0.37049001455307
2002-02-14 00:00:00,2002,2,14,0,0,0.9428279995918274,12.46339988708496,5,10.118200302124023,8.376700401306152,34063,17.73889923095703,2.241760015487671,0.352649986743927
2002-02-14 03:00:00,2002,2,14,3,0,0.9390159845352172,12.205599784851074,5,9.92389965057373,8.184200286865234,33974,17.73889923095703,2.254470109939575,0.3479399979114532
2002-02-14 06:00:00,2002,2,14,6,0,0.9365119934082032,12.241900444030762,5,10.360899925231934,8.923100471496582,30884,16.125999450683594,2.136790037155152,0.3207400143146515
2002-02-14 09:00:00,2002,2,14,9,0,0.938651978969574,12.447400093078612,5,10.711899757385254,9.273900032043455,27943,16.125999450683594,2.00954008102417,0.2960500121116638
2002-02-14 12:00:00,2002,2,14,12,0,0.9397010207176208,12.484000205993652,5,10.743200302124023,9.236499786376951,26457,16.125999450683594,1.950260043144226,0.2895399928092956
2002-02-14 15:00:00,2002,2,14,15,0,0.9383869767189026,12.362500190734863,5,10.607799530029297,9.083399772644045,24487,16.125999450683594,1.883489966392517,0.2905600070953369
2002-02-14 18:00:00,2002,2,14,18,0,0.9343670010566713,12.119400024414062,5,10.440699577331545,8.999600410461426,21564,14.659700393676758,1.7815200090408323,0.2893300056457519
2002-02-14 21:00:00,2002,2,14,21,0,0.9310089945793152,11.880599975585938,5,10.296600341796877,8.926400184631348,19062,14.659700393676758,1.6874799728393557,0.2837899923324585
2002-02-15 00:00:00,2002,2,15,0,0,0.9282050132751464,11.707300186157228,5,10.190799713134766,8.87559986114502,17497,14.659700393676758,1.6261600255966189,0.279909998178482
2002-02-15 03:00:00,2002,2,15,3,0,0.9237340092658995,11.548999786376951,5,10.066800117492676,8.796699523925781,16330,14.659700393676758,1.5810099840164185,0.2810400128364563
2002-02-15 06:00:00,2002,2,15,6,0,0.9163320064544678,11.365400314331056,5,9.913299560546877,8.696000099182129,14979,13.326800346374512,1.5268900394439695,0.2859899997711181
2002-02-15 09:00:00,2002,2,15,9,0,0.9111239910125732,11.368399620056152,5,10.019100189208984,8.856200218200684,13540,13.326800346374512,1.4516799449920654,0.2809799909591675
2002-02-15 12:00:00,2002,2,15,12,0,0.9018239974975586,10.878399848937988,5,8.426899909973145,6.510000228881836,12915,13.326800346374512,1.4527900218963623,0.3425500094890594
2002-02-15 15:00:00,2002,2,15,15,0,0.9057480096817015,11.100500106811523,5,8.690400123596191,6.839700222015381,13145,13.326800346374512,1.4550600051879885,0.3537400066852569
2002-02-15 18:00:00,2002,2,15,18,0,0.9038500189781188,10.680700302124023,5,7.676199913024902,5.917300224304199,14622,13.326800346374512,1.5745400190353394,0.4268499910831451
2002-02-15 21:00:00,2002,2,15,21,0,0.9061459898948668,10.482399940490724,5,7.433899879455566,5.903299808502197,18422,13.326800346374512,1.8042800426483157,0.485370010137558
2002-02-16 00:00:00,2002,2,16,0,0,0.91013902425766,10.626299858093262,15,7.599899768829346,6.124000072479248,23266,13.326800346374512,2.02620005607605,0.4967600107192993
2002-02-16 03:00:00,2002,2,16,3,0,0.9077519774436952,11.036700248718262,15,8.145600318908691,6.674499988555908,28939,19.51320075988769,2.220550060272217,0.4749999940395355
2002-02-16 06:00:00,2002,2,16,6,0,0.8994179964065552,11.105999946594238,15,8.226400375366211,6.73360013961792,34564,19.51320075988769,2.420419931411743,0.4694800078868866
2002-02-16 09:00:00,2002,2,16,9,0,0.8853279948234558,10.782099723815918,15,8.094900131225586,6.704100131988525,38819,17.73889923095703,2.599440097808838,0.4676600098609924
2002-02-16 12:00:00,2002,2,16,12,0,0.8787050247192383,10.96310043334961,15,8.602100372314453,7.341800212860107,40664,17.73889923095703,2.629420042037964,0.4355500042438507
2002-02-16 15:00:00,2002,2,16,15,0,0.8799870014190674,11.327300071716309,15,9.196599960327148,8.07409954071045,40421,17.73889923095703,2.5712199211120605,0.404909998178482
2002-02-16 18:00:00,2002,2,16,18,0,0.8804839849472046,11.48740005493164,15,9.520600318908691,8.472900390625,37527,16.125999450683594,2.4517300128936768,0.3819699883460998
2002-02-16 21:00:00,2002,2,16,21,0,0.8823189735412598,11.47189998626709,15,9.656800270080566,8.67590045928955,33528,16.125999450683594,2.3104898929595947,0.3637799918651581
2002-02-17 00:00:00,2002,2,17,0,0,0.8856769800186157,11.44130039215088,15,9.745800018310549,8.814499855041504,30520,16.125999450683594,2.2007598876953125,0.3490999937057495
2002-02-17 03:00:00,2002,2,17,3,0,0.8799309730529785,11.333499908447266,15,9.791399955749512,8.944299697875977,29554,14.659700393676758,2.171760082244873,0.337909996509552
2002-02-17 06:00:00,2002,2,17,6,0,0.8621839880943298,11.035400390625,25,9.773599624633787,9.09589958190918,33976,14.659700393676758,2.3541901111602783,0.3206799924373626
2002-02-17 09:00:00,2002,2,17,9,0,0.8668839931488037,11.153499603271484,25,10.033900260925291,9.409199714660645,38648,14.659700393676758,2.488670110702514,0.2962499856948852
2002-02-17 12:00:00,2002,2,17,12,0,0.878026008605957,11.301600456237791,25,10.309499740600586,9.718799591064451,39562,13.326800346374512,2.490900039672852,0.2693800032138824
2002-02-17 15:00:00,2002,2,17,15,0,0.8770459890365601,11.121700286865234,25,10.282500267028809,9.778200149536133,37831,13.326800346374512,2.448839902877808,0.2510800063610077
2002-02-17 18:00:00,2002,2,17,18,0,0.8724279999732971,10.84000015258789,15,10.095000267028809,9.660099983215332,33971,12.114999771118164,2.3493099212646484,0.2442400008440017
2002-02-17 21:00:00,2002,2,17,21,0,0.8722259998321533,10.5826997756958,15,9.878499984741213,9.478799819946287,29133,12.114999771118164,2.2029900550842285,0.243599995970726
2002-02-18 00:00:00,2002,2,18,0,0,0.8738139867782593,10.355199813842772,15,9.67140007019043,9.289199829101562,24842,12.114999771118164,2.0580201148986816,0.2442400008440017
2002-02-18 03:00:00,2002,2,18,3,0,0.8757550120353699,10.188300132751465,15,9.511099815368652,9.13510036468506,21768,13.326800346374512,1.9435800313949585,0.2454800009727478
2002-02-18 06:00:00,2002,2,18,6,0,0.8776119947433472,10.087300300598145,15,9.403300285339355,9.024800300598145,19678,13.326800346374512,1.858240008354187,0.2477499991655349
2002-02-18 09:00:00,2002,2,18,9,0,0.8791069984436035,10.020500183105469,15,9.324700355529783,8.939599990844727,18170,13.326800346374512,1.792289972305298,0.2499600052833557
2002-02-18 12:00:00,2002,2,18,12,0,0.8806790113449097,9.898099899291992,5,9.195199966430664,8.79800033569336,16691,13.326800346374512,1.7295299768447876,0.2519400119781494
2002-02-18 15:00:00,2002,2,18,15,0,0.8795679807662964,9.597999572753906,5,8.578800201416016,7.498300075531006,15133,12.114999771118164,1.675510048866272,0.2607699930667877
2002-02-18 18:00:00,2002,2,18,18,0,0.8619809746742249,8.48900032043457,5,6.700399875640869,5.489200115203857,14030,12.114999771118164,1.725419998168945,0.3634699881076813
2002-02-18 21:00:00,2002,2,18,21,0,0.8189129829406738,7.098899841308594,15,5.597599983215332,4.783699989318848,14819,12.114999771118164,1.9695099592208865,0.4277099967002868
2002-02-19 00:00:00,2002,2,19,0,0,0.8266069889068604,6.500899791717529,45,5.531599998474121,4.907100200653076,20987,6.837800025939941,2.490530014038086,0.3549000024795532
2002-02-19 03:00:00,2002,2,19,3,0,0.8969500064849854,7.037600040435791,45,6.10920000076294,5.43720006942749,37490,8.274100303649902,3.1705501079559326,0.307229995727539
2002-02-19 06:00:00,2002,2,19,6,0,0.914700984954834,7.667900085449219,55,6.67609977722168,5.947700023651123,53625,9.101699829101562,3.591279983520508,0.3007799983024597
2002-02-19 09:00:00,2002,2,19,9,0,0.9245949983596802,7.822299957275391,55,6.981800079345703,6.357699871063232,42121,9.101699829101562,3.149399995803833,0.2776699960231781
2002-02-19 12:00:00,2002,2,19,12,0,0.904075026512146,7.560800075531006,55,6.708700180053711,6.082200050354004,29278,9.101699829101562,2.684400081634521,0.2883299887180328
2002-02-19 15:00:00,2002,2,19,15,0,0.8469470143318176,7.454599857330322,55,6.506700038909912,5.822299957275391,23755,8.274100303649902,2.440619945526123,0.3115600049495697
2002-02-19 18:00:00,2002,2,19,18,0,0.8206560015678406,8.239100456237793,25,7.212500095367432,6.494900226593018,25323,8.274100303649902,2.372119903564453,0.3162299990653991
2002-02-19 21:00:00,2002,2,19,21,0,0.8731740117073059,9.48740005493164,15,8.485300064086914,7.83489990234375,32471,11.013500213623049,2.4728000164031982,0.2946400046348572
2002-02-20 00:00:00,2002,2,20,0,0,0.908145010471344,10.289600372314451,5,9.384900093078612,8.845999717712402,37504,12.114999771118164,2.5383400917053223,0.2699399888515472
2002-02-20 03:00:00,2002,2,20,3,0,0.9291059970855712,10.632399559020996,5,9.774499893188477,9.26039981842041,37959,12.114999771118164,2.507129907608032,0.2566100060939789
2002-02-20 06:00:00,2002,2,20,6,0,0.9386929869651794,10.740599632263184,5,9.917499542236328,9.419599533081056,36470,12.114999771118164,2.4426701068878174,0.2489300072193145
2002-02-20 09:00:00,2002,2,20,9,0,0.9387400150299072,10.698699951171877,5,9.911499977111816,9.43529987335205,34701,12.114999771118164,2.386620044708252,0.2445099949836731
2002-02-20 12:00:00,2002,2,20,12,0,0.9327229857444764,10.554200172424316,5,9.803400039672852,9.354599952697754,32935,12.114999771118164,2.341459989547729,0.242139995098114
2002-02-20 15:00:00,2002,2,20,15,0,0.9285240173339844,10.388400077819824,5,9.669599533081056,9.24180030822754,30437,12.114999771118164,2.269129991531372,0.2394399940967559
2002-02-20 18:00:00,2002,2,20,18,0,0.9255179762840272,10.221500396728516,5,9.526599884033203,9.113200187683104,27418,12.114999771118164,2.171910047531128,0.2376700043678283
2002-02-20 21:00:00,2002,2,20,21,0,0.9215779900550842,10.038299560546877,5,9.354700088500977,8.943699836730957,24267,11.013500213623049,2.0635199546813965,0.2381100058555603
2002-02-21 00:00:00,2002,2,21,0,0,0.911675989627838,9.77869987487793,5,9.020000457763672,8.435400009155273,21549,11.013500213623049,1.973420023918152,0.2440200001001358
2002-02-21 03:00:00,2002,2,21,3,0,0.8896700143814087,9.0024995803833,5,7.482900142669678,6.253300189971924,19525,11.013500213623049,1.966130018234253,0.3125100135803222
2002-02-21 06:00:00,2002,2,21,6,0,0.8674529790878296,7.947299957275391,15,6.369500160217285,5.378900051116943,18623,11.013500213623049,2.063910007476806,0.3781099915504455
2002-02-21 09:00:00,2002,2,21,9,0,0.8615700006484985,7.52839994430542,25,6.151100158691406,5.287199974060059,17290,10.01200008392334,2.0580999851226807,0.3761799931526184
2002-02-21 12:00:00,2002,2,21,12,0,0.8678539991378784,7.307600021362305,25,6.042200088500977,5.2316999435424805,16372,10.01200008392334,2.041599988937378,0.368369996547699
2002-02-21 15:00:00,2002,2,21,15,0,0.8793950080871582,7.408100128173828,25,6.203400135040283,5.397900104522705,15221,10.01200008392334,1.954040050506592,0.3520900011062622
2002-02-21 18:00:00,2002,2,21,18,0,0.8929060101509094,7.5524001121521,25,6.363100051879883,5.5381999015808105,14000,9.101699829101562,1.8532500267028809,0.3423100113868713
2002-02-21 21:00:00,2002,2,21,21,0,0.9006739854812622,7.429200172424316,25,6.154799938201904,5.306399822235107,14083,9.101699829101562,1.875749945640564,0.3592399954795837
2002-02-22 00:00:00,2002,2,22,0,0,0.913091003894806,7.537899971008301,25,6.276000022888184,5.43310022354126,16159,10.01200008392334,1.9927799701690676,0.3585300147533417
2002-02-22 03:00:00,2002,2,22,3,0,0.932204008102417,8.312800407409668,25,7.147900104522705,6.292799949645996,18835,10.01200008392334,2.0310299396514893,0.3237200081348419
2002-02-22 06:00:00,2002,2,22,6,0,0.9405379891395568,8.865400314331055,25,7.517799854278564,6.480400085449219,23010,11.013500213623049,2.1586899757385254,0.3213799893856048
2002-02-22 09:00:00,2002,2,22,9,0,0.947825014591217,9.262200355529783,25,7.873400211334228,6.78439998626709,27209,11.013500213623049,2.288870096206665,0.3163599967956543
2002-02-22 12:00:00,2002,2,22,12,0,0.9489120244979858,9.198399543762209,25,7.662799835205078,6.524099826812744,29206,11.013500213623049,2.3818399906158447,0.3362300097942352
2002-02-22 15:00:00,2002,2,22,15,0,0.9521620273590088,9.413800239562988,25,8.095499992370605,7.100500106811523,28393,11.013500213623049,2.3219399452209477,0.3203499913215637
2002-02-22 18:00:00,2002,2,22,18,0,0.949379026889801,9.36870002746582,25,7.861999988555908,6.722799777984619,27253,11.013500213623049,2.283200025558472,0.3377799987792969
2002-02-22 21:00:00,2002,2,22,21,0,0.9425089955329896,9.055299758911133,25,7.358799934387207,6.207200050354004,28244,11.013500213623049,2.3725099563598637,0.3727500140666961
2002-02-23 00:00:00,2002,2,23,0,0,0.9300900101661682,8.507599830627441,25,6.911699771881104,5.933300018310547,33446,11.013500213623049,2.6800200939178467,0.3972199857234955
2002-02-23 03:00:00,2002,2,23,3,0,0.9228169918060304,8.534600257873535,25,7.051700115203857,6.102200031280518,38366,10.01200008392334,2.8647000789642334,0.37950000166893
2002-02-23 06:00:00,2002,2,23,6,0,0.9164400100708008,8.491600036621094,35,7.127299785614014,6.235000133514404,46380,10.01200008392334,3.1565399169921875,0.3637799918651581
2002-02-23 09:00:00,2002,2,23,9,0,0.9058570265769958,8.361200332641602,35,7.065299987792969,6.21560001373291,45995,9.101699829101562,3.171880006790161,0.3591499924659729
2002-02-23 12:00:00,2002,2,23,12,0,0.8957170248031616,8.417099952697754,35,7.204599857330322,6.378399848937988,44517,9.101699829101562,3.1062800884246826,0.3416599929332733
2002-02-23 15:00:00,2002,2,23,15,0,0.9006249904632568,8.931599617004395,35,7.942399978637695,7.262199878692627,39768,9.101699829101562,2.834579944610596,0.3020699918270111
2002-02-23 18:00:00,2002,2,23,18,0,0.9052219986915588,9.341500282287598,35,8.589200019836426,8.132599830627441,36276,10.01200008392334,2.634809970855713,0.2658500075340271
2002-02-23 21:00:00,2002,2,23,21,0,0.8906409740447998,9.555299758911133,25,8.851099967956543,8.422800064086914,37025,10.01200008392334,2.6237800121307373,0.2512199878692627
2002-02-24 00:00:00,2002,2,24,0,0,0.8748279809951782,9.502799987792969,15,8.790599822998047,8.361700057983398,32108,10.01200008392334,2.4518699645996094,0.2547700107097626
2002-02-24 03:00:00,2002,2,24,3,0,0.8602839708328247,9.38290023803711,15,8.61769962310791,8.18120002746582,22034,10.01200008392334,2.0484299659729004,0.2707299888134002
2002-02-24 06:00:00,2002,2,24,6,0,0.8526639938354492,9.318699836730955,15,8.516599655151367,8.078700065612793,16203,10.01200008392334,1.7668499946594238,0.2855600118637085
2002-02-24 09:00:00,2002,2,24,9,0,0.849373996257782,9.305299758911133,5,8.434900283813477,7.984300136566162,12948,10.01200008392334,1.5853300094604492,0.3072600066661834
2002-02-24 12:00:00,2002,2,24,12,0,0.8507800102233887,9.366999626159668,15,8.400099754333496,7.922399997711182,11254,9.101699829101562,1.4772800207138062,0.3314599990844726
2002-02-24 15:00:00,2002,2,24,15,0,0.8589590191841125,9.545000076293944,5,8.454099655151367,7.933899879455566,10545,9.101699829101562,1.4196799993515017,0.3538900017738342
2002-02-24 18:00:00,2002,2,24,18,0,0.8739039897918701,9.915300369262695,5,8.642999649047852,8.052000045776367,10608,14.659700393676758,1.3997700214385986,0.374889999628067
2002-02-24 21:00:00,2002,2,24,21,0,0.8886929750442505,10.371000289916992,5,8.897100448608398,8.216300010681152,10982,14.659700393676758,1.3953900337219238,0.3897599875926971
2002-02-25 00:00:00,2002,2,25,0,0,0.9019740223884584,10.870800018310549,5,9.176400184631348,8.316900253295898,11632,14.659700393676758,1.4039700031280518,0.392769992351532
2002-02-25 03:00:00,2002,2,25,3,0,0.9118450284004213,10.969400405883787,5,8.471400260925293,6.959400177001953,13089,13.326800346374512,1.484910011291504,0.4237200021743774
2002-02-25 06:00:00,2002,2,25,6,0,0.9212480187416076,11.42389965057373,5,8.822099685668945,7.276999950408935,14956,17.73889923095703,1.5551300048828125,0.4144200086593628
2002-02-25 09:00:00,2002,2,25,9,0,0.9300450086593628,12.002699851989746,5,9.472100257873535,7.837600231170654,16498,17.73889923095703,1.5896799564361572,0.381410002708435
2002-02-25 12:00:00,2002,2,25,12,0,0.9371209740638732,12.435799598693848,5,10.093299865722656,8.408499717712402,17488,16.125999450683594,1.6028599739074707,0.3464300036430359
2002-02-25 15:00:00,2002,2,25,15,0,0.9422330260276794,12.603300094604492,5,10.413299560546877,8.719200134277344,18206,16.125999450683594,1.6198099851608276,0.3242200016975403
2002-02-25 18:00:00,2002,2,25,18,0,0.9470409750938416,12.701000213623049,5,10.642000198364258,8.952500343322754,19096,16.125999450683594,1.6486300230026243,0.3074899911880493
2002-02-25 21:00:00,2002,2,25,21,0,0.9506959915161132,12.737199783325195,5,10.727700233459473,9.01010036468506,20087,16.125999450683594,1.686269998550415,0.2992599904537201
2002-02-26 00:00:00,2002,2,26,0,0,0.9522870182991028,12.62559986114502,5,10.479599952697754,8.63860034942627,20955,14.659700393676758,1.729580044746399,0.3060699999332428
2002-02-26 03:00:00,2002,2,26,3,0,0.9517379999160768,12.356200218200684,5,10.016400337219238,8.130200386047363,22074,16.125999450683594,1.7953100204467771,0.3243899941444397
2002-02-26 06:00:00,2002,2,26,6,0,0.950551986694336,12.182100296020508,5,10.01200008392334,8.330900192260742,23321,14.659700393676758,1.8577699661254885,0.3255699872970581
2002-02-26 09:00:00,2002,2,26,9,0,0.9536759853363036,12.375100135803224,5,10.470800399780272,8.87720012664795,23731,14.659700393676758,1.854200005531311,0.2982400059700012
2002-02-26 12:00:00,2002,2,26,12,0,0.9576759934425354,12.490099906921388,5,10.828200340270996,9.337900161743164,23361,14.659700393676758,1.8258299827575684,0.2737599909305572
2002-02-26 15:00:00,2002,2,26,15,0,0.9592670202255248,12.3681001663208,5,10.797800064086914,9.367600440979004,22593,14.659700393676758,1.8006700277328491,0.2668200135231018
2002-02-26 18:00:00,2002,2,26,18,0,0.9557780027389526,11.920900344848633,5,10.20110034942627,8.716699600219727,21653,13.326800346374512,1.7948800325393677,0.286650002002716
2002-02-26 21:00:00,2002,2,26,21,0,0.9445090293884276,11.160699844360352,5,9.174400329589844,7.596799850463867,20967,13.326800346374512,1.8286900520324707,0.3251700103282928
2002-02-27 00:00:00,2002,2,27,0,0,0.9295650124549866,10.538900375366213,355,8.538599967956543,7.049300193786621,20080,13.326800346374512,1.845020055770874,0.3474799990653991
2002-02-27 03:00:00,2002,2,27,3,0,0.9216309785842896,10.499199867248535,355,8.59280014038086,7.129099845886231,18039,13.326800346374512,1.750290036201477,0.3387300074100494
2002-02-27 06:00:00,2002,2,27,6,0,0.916703999042511,10.751299858093262,355,8.975700378417969,7.549399852752685,15792,13.326800346374512,1.6143200397491455,0.3187699913978576
2002-02-27 09:00:00,2002,2,27,9,0,0.9140179753303528,10.874899864196776,355,9.12399959564209,7.634500026702881,14128,13.326800346374512,1.5155199766159058,0.3060300052165985
2002-02-27 12:00:00,2002,2,27,12,0,0.9083399772644044,10.766400337219238,355,8.943300247192383,7.403900146484375,12849,13.326800346374512,1.451840043067932,0.3095600008964538
2002-02-27 15:00:00,2002,2,27,15,0,0.8946520090103149,10.168700218200684,355,7.587900161743164,5.61299991607666,11459,12.114999771118164,1.4142500162124634,0.3428600132465362
2002-02-27 18:00:00,2002,2,27,18,0,0.8773490190505981,10.086400032043455,355,8.117600440979004,6.595699787139893,10092,12.114999771118164,1.3331300020217896,0.3395000100135803
2002-02-27 21:00:00,2002,2,27,21,0,0.8620790243148804,9.94260025024414,355,7.855400085449219,6.307199954986572,8783,12.114999771118164,1.252879977226257,0.349590003490448
2002-02-28 00:00:00,2002,2,28,0,0,0.8454009890556335,9.139699935913086,355,6.802700042724609,5.383699893951416,8115,12.114999771118164,1.2617199420928955,0.4043500125408172
2002-02-28 03:00:00,2002,2,28,3,0,0.8402379751205444,8.886799812316895,355,6.757699966430664,5.440599918365479,7866,12.114999771118164,1.262410044670105,0.4007599949836731
2002-02-28 06:00:00,2002,2,28,6,0,0.8408470153808594,9.07289981842041,355,7.070199966430664,5.730899810791016,7391,12.114999771118164,1.2094899415969849,0.3791800141334533
2002-02-28 09:00:00,2002,2,28,9,0,0.844327986240387,9.25100040435791,355,7.302999973297119,5.958000183105469,7169,12.114999771118164,1.178030014038086,0.3687399923801422
2002-02-28 12:00:00,2002,2,28,12,0,0.8450869917869568,9.442999839782717,355,7.499599933624268,6.121600151062012,7123,12.114999771118164,1.161020040512085,0.3624399900436401
2002-02-28 15:00:00,2002,2,28,15,0,0.8455229997634888,9.819299697875977,355,8.044699668884277,6.719600200653076,7247,13.326800346374512,1.1469600200653076,0.3442400097846985
2002-02-28 18:00:00,2002,2,28,18,0,0.8520209789276123,10.043299674987791,355,8.231800079345703,6.850200176239014,7755,13.326800346374512,1.1729600429534912,0.3427500128746032
2002-02-28 21:00:00,2002,2,28,21,0,0.8629879951477051,9.893799781799316,355,7.714900016784668,6.17609977722168,8672,13.326800346374512,1.252560019493103,0.3735899925231933
2002-03-01 00:00:00,2002,3,1,0,0,0.8728200197219849,9.371600151062012,355,6.900199890136719,5.445499897003174,9972,12.114999771118164,1.3868000507354736,0.4276300072669983
2002-03-01 03:00:00,2002,3,1,3,0,0.8858669996261597,9.57979965209961,355,7.286900043487549,5.862599849700928,10958,12.114999771118164,1.439560055732727,0.416159987449646
2002-03-01 06:00:00,2002,3,1,6,0,0.899433970451355,10.178400039672852,355,7.979100227355957,6.480199813842773,11360,11.013500213623049,1.4200700521469116,0.3893600106239319
2002-03-01 09:00:00,2002,3,1,9,0,0.9102810025215148,10.743200302124023,355,8.707099914550781,7.267899990081787,11745,16.125999450683594,1.4039499759674072,0.3657299876213074
2002-03-01 12:00:00,2002,3,1,12,0,0.9185640215873718,11.1072998046875,355,9.190400123596191,7.778500080108643,11938,16.125999450683594,1.389559984207153,0.3438299894332886
2002-03-01 15:00:00,2002,3,1,15,0,0.9237520098686218,11.245599746704102,355,9.403900146484377,7.992700099945068,11961,14.659700393676758,1.3793699741363523,0.3279600143432617
2002-03-01 18:00:00,2002,3,1,18,0,0.9250670075416564,11.171799659729004,355,9.343799591064451,7.923299789428711,11738,14.659700393676758,1.3687299489974976,0.322840005159378
2002-03-01 21:00:00,2002,3,1,21,0,0.9237890243530272,10.948399543762209,355,8.955400466918945,7.381400108337402,11410,14.659700393676758,1.362429976463318,0.3308500051498413
2002-03-02 00:00:00,2002,3,2,0,0,0.9188550114631652,10.260199546813965,355,7.780900001525879,6.1427998542785645,11221,14.659700393676758,1.398900032043457,0.382860004901886
2002-03-02 03:00:00,2002,3,2,3,0,0.9172229766845704,10.004799842834473,355,7.667500019073486,6.171299934387207,11226,14.659700393676758,1.420050024986267,0.393669992685318
2002-03-02 06:00:00,2002,3,2,6,0,0.9197189807891846,10.20069980621338,355,8.092300415039062,6.681000232696533,11144,13.326800346374512,1.4008400440216064,0.3762499988079071
2002-03-02 09:00:00,2002,3,2,9,0,0.9234730005264282,10.48289966583252,355,8.518400192260742,7.145699977874756,10878,13.326800346374512,1.3629300594329834,0.3559499979019165
2002-03-02 12:00:00,2002,3,2,12,0,0.9267889857292176,10.659299850463867,355,8.760000228881836,7.371699810028076,10585,13.326800346374512,1.330600023269653,0.3402000069618225
2002-03-02 15:00:00,2002,3,2,15,0,0.9277799725532532,10.693099975585938,355,8.826800346374512,7.424600124359131,10321,13.326800346374512,1.3100199699401855,0.331849992275238
2002-03-02 18:00:00,2002,3,2,18,0,0.9246259927749634,10.680999755859377,355,8.902400016784668,7.551000118255615,9733,13.326800346374512,1.2714200019836426,0.3237499892711639
2002-03-02 21:00:00,2002,3,2,21,0,0.917568027973175,10.59409999847412,355,8.832500457763672,7.472099781036377,8806,13.326800346374512,1.2130999565124512,0.320279985666275
2002-03-03 00:00:00,2002,3,3,0,0,0.9035159945487976,10.040399551391602,355,8.072400093078613,6.677999973297119,8123,13.326800346374512,1.199180006980896,0.351500004529953
2002-03-03 03:00:00,2002,3,3,3,0,0.89021897315979,9.545299530029297,355,7.62939977645874,6.345099925994873,8121,13.326800346374512,1.233240008354187,0.3682500123977661
2002-03-03 06:00:00,2002,3,3,6,0,0.8787750005722046,9.635000228881836,355,8.003999710083008,6.864799976348877,7615,12.114999771118164,1.1875900030136108,0.3438700139522552
2002-03-03 09:00:00,2002,3,3,9,0,0.8745830059051514,10.05720043182373,355,8.593999862670898,7.4770002365112305,6872,12.114999771118164,1.0997799634933472,0.3102299869060516
2002-03-03 12:00:00,2002,3,3,12,0,0.8718079924583435,10.284799575805664,355,8.95989990234375,7.88730001449585,6253,12.114999771118164,1.0347800254821775,0.2876000106334686
2002-03-03 15:00:00,2002,3,3,15,0,0.867671012878418,10.410799980163574,5,9.19760036468506,8.172699928283691,5756,12.114999771118164,0.985040009021759,0.2709800004959106
2002-03-03 18:00:00,2002,3,3,18,0,0.8628079891204834,10.48349952697754,5,9.3548002243042,8.38010025024414,5275,12.114999771118164,0.9386600255966188,0.2598499953746795
2002-03-03 21:00:00,2002,3,3,21,0,0.8536319732666016,10.507100105285645,5,9.414600372314451,8.463000297546387,4863,12.114999771118164,0.8998399972915649,0.2554700076580047
2002-03-04 00:00:00,2002,3,4,0,0,0.842868983745575,10.517900466918944,5,9.428500175476074,8.463199615478516,4507,11.013500213623049,0.8656299710273743,0.2541800141334533
2002-03-04 03:00:00,2002,3,4,3,0,0.835224986076355,10.485300064086914,15,9.372300148010254,8.376199722290039,4215,11.013500213623049,0.8385300040245056,0.255950003862381
2002-03-04 06:00:00,2002,3,4,6,0,0.8314650058746338,10.420599937438965,15,9.308099746704102,8.311400413513184,3941,11.013500213623049,0.8137400150299072,0.2579100131988525
2002-03-04 09:00:00,2002,3,4,9,0,0.8277890086174011,10.359800338745115,15,9.27079963684082,8.295299530029297,3674,11.013500213623049,0.7885900139808655,0.2592099905014038
2002-03-04 12:00:00,2002,3,4,12,0,0.8248800039291382,10.28219985961914,15,9.144800186157228,8.102899551391602,3436,11.013500213623049,0.7660999894142151,0.2642500102519989
2002-03-04 15:00:00,2002,3,4,15,0,0.8215749859809875,10.175200462341309,15,8.868000030517578,7.595300197601318,3188,11.013500213623049,0.7425100207328796,0.2732599973678589
2002-03-04 18:00:00,2002,3,4,18,0,0.8182160258293152,9.6899995803833,15,7.507999897003174,5.714399814605713,2981,11.013500213623049,0.7374799847602844,0.3212000131607055
2002-03-04 21:00:00,2002,3,4,21,0,0.8257989883422852,7.866000175476074,25,5.278900146484375,4.154799938201904,3100,11.013500213623049,0.8431100249290466,0.4895800054073334
2002-03-05 00:00:00,2002,3,5,0,0,0.8463410139083862,6.729700088500977,25,4.886099815368652,4.116499900817871,3696,10.01200008392334,1.0094000101089478,0.5306599736213684
2002-03-05 03:00:00,2002,3,5,3,0,0.8442760109901428,6.831299781799316,25,4.952899932861328,4.151400089263916,3529,10.01200008392334,0.9785000085830688,0.5239599943161011
2002-03-05 06:00:00,2002,3,5,6,0,0.8358910083770752,6.640500068664551,25,4.71019983291626,3.941400051116944,3438,10.01200008392334,0.9802700281143188,0.5478699803352356
2002-03-05 09:00:00,2002,3,5,9,0,0.837913990020752,6.6844000816345215,25,4.825799942016602,4.066500186920166,3445,10.01200008392334,0.9784600138664246,0.539330005645752
2002-03-05 12:00:00,2002,3,5,12,0,0.8395959734916687,6.981400012969971,25,5.092400074005127,4.284999847412109,3303,10.01200008392334,0.935289978981018,0.5211399793624878
2002-03-05 15:00:00,2002,3,5,15,0,0.8308510184288025,7.0609002113342285,25,4.9822998046875,4.11959981918335,3122,10.01200008392334,0.9028099775314332,0.5317000150680542
2002-03-05 18:00:00,2002,3,5,18,0,0.8235920071601868,6.44950008392334,35,4.533999919891357,3.813600063323975,3287,10.01200008392334,0.9751999974250792,0.5742300152778625
2002-03-05 21:00:00,2002,3,5,21,0,0.8351309895515442,6.35260009765625,35,4.742199897766113,4.07919979095459,3508,10.01200008392334,1.0203200578689575,0.5464299917221069
2002-03-06 00:00:00,2002,3,6,0,0,0.8444330096244812,6.110799789428711,35,4.70419979095459,4.079100131988525,3855,5.1371002197265625,1.0980499982833862,0.5243200063705444
2002-03-06 03:00:00,2002,3,6,3,0,0.8874670267105103,5.879000186920166,45,4.969600200653076,4.422200202941895,8722,6.216100215911865,1.706820011138916,0.3900299966335296
2002-03-06 06:00:00,2002,3,6,6,0,0.9074069857597352,6.53849983215332,45,5.6350998878479,5.010499954223633,15798,7.52180004119873,2.157550096511841,0.3291600048542022
2002-03-06 09:00:00,2002,3,6,9,0,0.908653974533081,6.478899955749512,55,5.587900161743164,4.974100112915039,15302,7.52180004119873,2.1363000869750977,0.330020010471344
2002-03-06 12:00:00,2002,3,6,12,0,0.9102870225906372,6.429399967193604,65,5.59250020980835,4.997099876403809,22730,7.52180004119873,2.617069959640503,0.3145999908447265
2002-03-06 15:00:00,2002,3,6,15,0,0.9100189805030824,6.925000190734863,55,6.05620002746582,5.422200202941895,34595,8.274100303649902,3.0808699131011963,0.302590012550354
2002-03-06 18:00:00,2002,3,6,18,0,0.9132540225982666,7.409500122070312,55,6.687600135803223,6.158599853515625,32354,8.274100303649902,2.862610101699829,0.2718600034713745
2002-03-06 21:00:00,2002,3,6,21,0,0.8965420126914978,7.812600135803223,55,7.28350019454956,6.9359002113342285,21910,8.274100303649902,2.2857799530029297,0.240009993314743
2002-03-07 00:00:00,2002,3,7,0,0,0.8546019792556763,7.935299873352051,45,7.47730016708374,7.199999809265137,17146,8.274100303649902,2.005959987640381,0.2320400029420852
2002-03-07 03:00:00,2002,3,7,3,0,0.8356490135192871,7.941199779510498,45,7.468400001525879,7.200099945068359,13751,8.274100303649902,1.7968699932098389,0.2433999925851822
2002-03-07 06:00:00,2002,3,7,6,0,0.7984859943389893,7.966100215911865,45,7.414999961853027,7.076700210571289,10926,8.274100303649902,1.598520040512085,0.2598100006580353
2002-03-07 09:00:00,2002,3,7,9,0,0.7766410112380981,8.09000015258789,35,7.521599769592285,7.189499855041504,8846,8.274100303649902,1.4242299795150757,0.2643400132656097
2002-03-07 12:00:00,2002,3,7,12,0,0.7770460247993469,8.19159984588623,25,7.59660005569458,7.263299942016602,7662,8.274100303649902,1.3144500255584717,0.268449991941452
2002-03-07 15:00:00,2002,3,7,15,0,0.7944589853286743,8.349300384521484,25,7.7027997970581055,7.340099811553955,6988,8.274100303649902,1.2402199506759644,0.2754000127315521
2002-03-07 18:00:00,2002,3,7,18,0,0.8024659752845764,7.593999862670898,25,6.126200199127197,5.164999961853027,7233,8.274100303649902,1.3277299404144287,0.374210000038147
2002-03-07 21:00:00,2002,3,7,21,0,0.8447499871253967,7.516799926757812,5,6.235899925231934,5.36959981918335,11958,8.274100303649902,1.717900037765503,0.3557800054550171
2002-03-08 00:00:00,2002,3,8,0,0,0.8765159845352173,8.301400184631348,5,7.1946001052856445,6.345699787139893,14335,9.101699829101562,1.7723400592803955,0.3061299920082092
2002-03-08 03:00:00,2002,3,8,3,0,0.8857740163803101,8.680800437927246,5,7.748499870300293,6.999800205230713,13491,10.01200008392334,1.6742299795150757,0.2764399945735931
2002-03-08 06:00:00,2002,3,8,6,0,0.8837630152702332,8.693499565124512,5,7.873899936676025,7.250899791717529,11449,10.01200008392334,1.541210055351257,0.2660199999809265
2002-03-08 09:00:00,2002,3,8,9,0,0.8792589902877808,8.52340030670166,355,7.77370023727417,7.2846999168396,9721,9.101699829101562,1.4377800226211548,0.2682099938392639
2002-03-08 12:00:00,2002,3,8,12,0,0.8780030012130737,8.431500434875488,355,7.696599960327148,7.237100124359131,8415,9.101699829101562,1.3472800254821775,0.2712500095367431
2002-03-08 15:00:00,2002,3,8,15,0,0.877668023109436,8.429699897766113,355,7.697199821472168,7.248799800872803,7338,9.101699829101562,1.25901997089386,0.2742699980735779
2002-03-08 18:00:00,2002,3,8,18,0,0.8801220059394836,8.469300270080566,355,7.740300178527832,7.300600051879883,6697,9.101699829101562,1.2001099586486816,0.2760300040245056
2002-03-08 21:00:00,2002,3,8,21,0,0.8826789855957031,8.514300346374512,355,7.781000137329102,7.346399784088135,6253,9.101699829101562,1.156559944152832,0.2792200148105621
2002-03-09 00:00:00,2002,3,9,0,0,0.8833569884300232,8.555700302124023,355,7.791500091552734,7.348100185394287,5770,9.101699829101562,1.1086299419403076,0.2880400121212005
2002-03-09 03:00:00,2002,3,9,3,0,0.8820679783821106,8.570500373840332,355,7.771599769592285,7.323100090026855,5247,8.274100303649902,1.056839942932129,0.2981800138950348
2002-03-09 06:00:00,2002,3,9,6,0,0.8786309957504272,8.533100128173828,355,7.699600219726562,7.228199958801269,4715,8.274100303649902,1.004979968070984,0.3066099882125854
2002-03-09 09:00:00,2002,3,9,9,0,0.8593670129776001,7.488500118255615,5,5.486000061035156,4.335700035095215,4280,11.013500213623049,1.029270052909851,0.4184499979019165
2002-03-09 12:00:00,2002,3,9,12,0,0.8433910012245178,6.445499897003174,5,4.989200115203857,4.252200126647949,4416,7.52180004119873,1.1419600248336792,0.4660399854183197
2002-03-09 15:00:00,2002,3,9,15,0,0.8640170097351074,5.992000102996826,25,4.89109992980957,4.260200023651123,6335,6.837800025939941,1.434939980506897,0.4142000079154968
2002-03-09 18:00:00,2002,3,9,18,0,0.8905609846115112,6.317200183868408,35,5.375100135803223,4.752999782562256,16043,7.52180004119873,2.2152099609375,0.3444800078868866
2002-03-09 21:00:00,2002,3,9,21,0,0.9252870082855223,7.80679988861084,45,6.618199825286865,5.799900054931641,59810,10.01200008392334,3.747499942779541,0.3338800072669983
2002-03-10 00:00:00,2002,3,10,0,0,0.9390329718589784,9.167200088500977,45,8.091699600219727,7.3053998947143555,82652,11.013500213623049,4.006669998168945,0.2889499962329864
2002-03-10 03:00:00,2002,3,10,3,0,0.9298809766769408,9.158499717712402,45,8.14330005645752,7.3582000732421875,55321,10.01200008392334,3.276060104370117,0.2748000025749206
2002-03-10 06:00:00,2002,3,10,6,0,0.9080929756164552,8.682700157165527,45,7.521399974822998,6.650899887084961,42323,10.01200008392334,2.958509922027588,0.3044599890708923
2002-03-10 09:00:00,2002,3,10,9,0,0.8895660042762756,8.395999908447266,45,7.127099990844727,6.236599922180176,38193,10.01200008392334,2.87037992477417,0.3328199982643127
2002-03-10 12:00:00,2002,3,10,12,0,0.8763610124588013,7.9653000831604,45,6.612500190734863,5.738699913024902,40980,10.01200008392334,3.069819927215576,0.3653500080108642
2002-03-10 15:00:00,2002,3,10,15,0,0.8811100125312805,7.7581000328063965,45,6.587900161743164,5.805900096893311,56444,9.101699829101562,3.6632800102233887,0.3453899919986725
2002-03-10 18:00:00,2002,3,10,18,0,0.8920459747314453,8.884699821472168,35,7.8078999519348145,7.065299987792969,82774,10.01200008392334,4.092810153961182,0.306439995765686
2002-03-10 21:00:00,2002,3,10,21,0,0.8937950134277344,9.860699653625488,25,8.6983003616333,7.883900165557861,82712,12.114999771118164,3.8592700958251953,0.2983199954032898
2002-03-11 00:00:00,2002,3,11,0,0,0.8986369967460632,10.32699966430664,25,9.06999969482422,8.128700256347656,75878,12.114999771118164,3.606100082397461,0.2945699989795685
2002-03-11 03:00:00,2002,3,11,3,0,0.896202027797699,10.278900146484377,15,8.816499710083008,7.661200046539307,66375,12.114999771118164,3.380350112915039,0.3056100010871887
2002-03-11 06:00:00,2002,3,11,6,0,0.8881880044937134,9.709699630737305,25,8.101900100708008,6.953499794006348,57941,12.114999771118164,3.259660005569458,0.3372600078582763
2002-03-11 09:00:00,2002,3,11,9,0,0.8781049847602844,9.068099975585938,25,7.468200206756592,6.42110013961792,52005,12.114999771118164,3.2101800441741943,0.3622100055217743
2002-03-11 12:00:00,2002,3,11,12,0,0.875432014465332,8.686599731445312,25,7.281099796295166,6.350399971008301,49209,12.114999771118164,3.202189922332764,0.3544700145721435
2002-03-11 15:00:00,2002,3,11,15,0,0.8719409704208374,8.405599594116211,25,7.125999927520752,6.273200035095215,46520,12.114999771118164,3.1732399463653564,0.3465099930763244
2002-03-11 18:00:00,2002,3,11,18,0,0.8630120158195496,7.94320011138916,35,6.7179999351501465,5.902400016784668,47740,11.013500213623049,3.321729898452759,0.3483099937438965
2002-03-11 21:00:00,2002,3,11,21,0,0.8724309802055359,8.018099784851074,35,6.928100109100342,6.171599864959717,48357,9.101699829101562,3.324680089950561,0.3237999975681305
2002-03-12 00:00:00,2002,3,12,0,0,0.8672400116920471,7.867000102996826,35,6.743000030517578,5.967899799346924,51692,10.01200008392334,3.474289894104004,0.3295199871063232
2002-03-12 03:00:00,2002,3,12,3,0,0.8815140128135681,8.362000465393066,25,7.307400226593018,6.575799942016602,50507,10.01200008392334,3.311729907989502,0.3107300102710724
2002-03-12 06:00:00,2002,3,12,6,0,0.8964589834213257,8.83650016784668,25,7.803100109100342,7.090799808502197,45962,11.013500213623049,3.0585899353027344,0.3006300032138824
2002-03-12 09:00:00,2002,3,12,9,0,0.9082689881324768,9.204299926757812,15,8.065500259399414,7.26140022277832,38776,11.013500213623049,2.747689962387085,0.3114799857139587
2002-03-12 12:00:00,2002,3,12,12,0,0.9243850111961364,9.885299682617188,15,8.413700103759766,7.465199947357178,38782,11.013500213623049,2.6642301082611084,0.3691299855709076
2002-03-12 15:00:00,2002,3,12,15,0,0.9478970170021056,12.043899536132812,5,9.763099670410156,8.336400032043457,63070,12.114999771118164,3.120419979095459,0.3991299867630005
2002-03-12 18:00:00,2002,3,12,18,0,0.9619969725608826,13.576499938964844,5,11.020899772644045,9.16790008544922,110032,17.73889923095703,3.90362000465393,0.3558700084686279
2002-03-12 21:00:00,2002,3,12,21,0,0.9659479856491088,14.018799781799316,5,11.597900390625,9.709699630737305,135391,17.73889923095703,4.261149883270264,0.330130010843277
2002-03-13 00:00:00,2002,3,13,0,0,0.9681050181388856,14.209699630737305,5,12.103699684143066,10.416500091552734,138738,17.73889923095703,4.276299953460693,0.3074800074100494
2002-03-13 03:00:00,2002,3,13,3,0,0.9691920280456544,14.229900360107422,5,12.330100059509276,10.79069995880127,137696,17.73889923095703,4.24705982208252,0.2930299937725067
2002-03-13 06:00:00,2002,3,13,6,0,0.9693809747695924,14.152000427246094,5,12.578399658203123,11.432600021362305,134176,16.125999450683594,4.189919948577881,0.2776100039482116
2002-03-13 09:00:00,2002,3,13,9,0,0.969232976436615,13.998900413513184,5,12.62049961090088,11.67430019378662,124785,16.125999450683594,4.048349857330322,0.266180008649826
2002-03-13 12:00:00,2002,3,13,12,0,0.9691619873046876,13.814599990844728,5,12.528300285339355,11.6358003616333,112774,16.125999450683594,3.861680030822754,0.2590200006961822
2002-03-13 15:00:00,2002,3,13,15,0,0.9685530066490172,13.438400268554688,5,11.994199752807615,10.83899974822998,102258,16.125999450683594,3.718100070953369,0.2681199908256531
2002-03-13 18:00:00,2002,3,13,18,0,0.9671270251274108,12.953399658203123,5,11.421299934387209,10.218799591064451,94719,16.125999450683594,3.635890007019043,0.2813200056552887
2002-03-13 21:00:00,2002,3,13,21,0,0.9656180143356324,12.59630012512207,5,11.248700141906738,10.31410026550293,85225,14.659700393676758,3.487260103225708,0.2786799967288971
2002-03-14 00:00:00,2002,3,14,0,0,0.964691996574402,12.34630012512207,5,11.172100067138672,10.410099983215332,74759,14.659700393676758,3.288690090179444,0.268669992685318
2002-03-14 03:00:00,2002,3,14,3,0,0.9639469981193542,12.148200035095217,5,11.0625,10.362600326538086,64952,14.659700393676758,3.0829899311065674,0.2614400088787079
2002-03-14 06:00:00,2002,3,14,6,0,0.9627280235290528,11.941499710083008,5,10.896499633789062,10.210700035095217,55192,13.326800346374512,2.86122989654541,0.2579100131988525
2002-03-14 09:00:00,2002,3,14,9,0,0.9600679874420166,11.579099655151367,5,10.490099906921388,9.761500358581545,48171,13.326800346374512,2.712209939956665,0.2659600079059601
2002-03-14 12:00:00,2002,3,14,12,0,0.9580879807472228,11.32759952545166,5,10.29699993133545,9.612799644470217,43660,13.326800346374512,2.607990026473999,0.2637799978256225
2002-03-14 15:00:00,2002,3,14,15,0,0.956961989402771,11.167200088500977,5,10.152099609375,9.437999725341797,38832,13.326800346374512,2.475169897079468,0.2614499926567077
2002-03-14 18:00:00,2002,3,14,18,0,0.955944001674652,11.024499893188477,5,10.033499717712402,9.343500137329102,33719,12.114999771118164,2.3200900554656982,0.2603000104427337
2002-03-14 21:00:00,2002,3,14,21,0,0.9564149975776672,10.895700454711914,355,9.927000045776367,9.229299545288086,28566,12.114999771118164,2.147469997406006,0.2583700120449066
2002-03-15 00:00:00,2002,3,15,0,0,0.9573019742965698,10.747699737548828,355,9.811599731445312,9.152400016784668,24244,12.114999771118164,1.992110013961792,0.2581000030040741
2002-03-15 03:00:00,2002,3,15,3,0,0.9580339789390564,10.612700462341309,355,9.73270034790039,9.153400421142578,20978,12.114999771118164,1.8649699687957764,0.2560600042343139
2002-03-15 06:00:00,2002,3,15,6,0,0.9585480093955994,10.482099533081056,355,9.646300315856934,9.121000289916992,18453,12.114999771118164,1.7601200342178345,0.2536700069904327
2002-03-15 09:00:00,2002,3,15,9,0,0.9582949876785278,10.32859992980957,355,9.512499809265137,9.00879955291748,16137,12.114999771118164,1.6588399410247805,0.2537600100040436
2002-03-15 12:00:00,2002,3,15,12,0,0.9571149945259094,10.186400413513184,355,9.362199783325195,8.860300064086914,14130,12.114999771118164,1.5643600225448608,0.257889986038208
2002-03-15 15:00:00,2002,3,15,15,0,0.9552010297775269,9.898200035095217,355,9.05490016937256,8.55150032043457,12678,11.013500213623049,1.506440043449402,0.2673900127410888
2002-03-15 18:00:00,2002,3,15,18,0,0.9544100165367126,9.264399528503418,355,8.413200378417969,7.920400142669678,13495,10.01200008392334,1.6152100563049316,0.2837600111961365
2002-03-15 21:00:00,2002,3,15,21,0,0.952468991279602,8.629799842834473,355,7.384399890899658,6.423299789428711,16171,10.01200008392334,1.8397200107574463,0.3160499930381775
2002-03-16 00:00:00,2002,3,16,0,0,0.9513890147209167,8.727700233459473,355,7.529900074005127,6.6149001121521,22062,10.01200008392334,2.132270097732544,0.3078700006008148
2002-03-16 03:00:00,2002,3,16,3,0,0.9564430117607116,9.480799674987791,355,8.429900169372559,7.549300193786621,24697,11.013500213623049,2.1484200954437256,0.2716099917888641
2002-03-16 06:00:00,2002,3,16,6,0,0.9592009782791138,9.838199615478516,355,8.96049976348877,8.281000137329102,23521,11.013500213623049,2.053309917449951,0.2542800009250641
2002-03-16 09:00:00,2002,3,16,9,0,0.9594150185585022,9.965299606323242,355,9.163200378417969,8.645500183105469,21097,11.013500213623049,1.9317899942398071,0.2528699934482574
2002-03-16 12:00:00,2002,3,16,12,0,0.9580270051956176,9.957300186157228,355,9.018799781799316,8.3548002243042,19030,11.013500213623049,1.837820053100586,0.2695200145244598
2002-03-16 15:00:00,2002,3,16,15,0,0.9544230103492736,9.415800094604492,355,7.776000022888184,6.546599864959717,18563,11.013500213623049,1.8743400573730469,0.3366700112819671
2002-03-16 18:00:00,2002,3,16,18,0,0.9508129954338074,9.228300094604492,355,7.475299835205078,6.251800060272217,18447,11.013500213623049,1.8917499780654907,0.358920007944107
2002-03-16 21:00:00,2002,3,16,21,0,0.948822021484375,9.22719955444336,355,7.562600135803223,6.3907999992370605,19165,11.013500213623049,1.9297900199890137,0.354779988527298
2002-03-17 00:00:00,2002,3,17,0,0,0.9478870034217834,9.149200439453123,355,7.465199947357178,6.289299964904785,19920,11.013500213623049,1.9763200283050537,0.3574399948120117
2002-03-17 03:00:00,2002,3,17,3,0,0.9460359811782836,8.954700469970703,355,7.237500190734863,6.090799808502197,20213,11.013500213623049,2.01518988609314,0.3699199855327606
2002-03-17 06:00:00,2002,3,17,6,0,0.944139003753662,9.013099670410156,355,7.36359977722168,6.23960018157959,19772,11.013500213623049,1.9863500595092771,0.3622699975967407
2002-03-17 09:00:00,2002,3,17,9,0,0.9418860077857972,8.790900230407715,355,7.05810022354126,5.932199954986572,19167,11.013500213623049,1.982879996299744,0.3777900040149688
2002-03-17 12:00:00,2002,3,17,12,0,0.93852299451828,8.73009967803955,355,7.112599849700928,6.049600124359131,17744,11.013500213623049,1.916260004043579,0.370849996805191
2002-03-17 15:00:00,2002,3,17,15,0,0.9386540055274964,8.82040023803711,345,7.36460018157959,6.375,15746,11.013500213623049,1.79489004611969,0.3522599935531616
2002-03-17 18:00:00,2002,3,17,18,0,0.940164029598236,9.003600120544434,345,7.769899845123291,6.9197998046875,13741,11.013500213623049,1.6575000286102295,0.3272700011730194
2002-03-17 21:00:00,2002,3,17,21,0,0.939652979373932,9.035599708557127,345,7.8607001304626465,7.041800022125244,11973,11.013500213623049,1.543910026550293,0.319350004196167
2002-03-18 00:00:00,2002,3,18,0,0,0.9365800023078918,8.870699882507324,345,7.559999942779541,6.588600158691406,10469,13.326800346374512,1.4588099718093872,0.329120010137558
2002-03-18 03:00:00,2002,3,18,3,0,0.930765986442566,8.692899703979492,345,7.276500225067139,6.2667999267578125,9018,13.326800346374512,1.3695399761199951,0.3444499969482422
2002-03-18 06:00:00,2002,3,18,6,0,0.9240109920501708,8.749799728393555,345,7.50540018081665,6.695700168609619,7697,13.326800346374512,1.261379957199097,0.3388600051403045
2002-03-18 09:00:00,2002,3,18,9,0,0.9166539907455444,8.805899620056152,345,7.651700019836426,6.9542999267578125,6696,13.326800346374512,1.1730400323867798,0.3347199857234955
2002-03-18 12:00:00,2002,3,18,12,0,0.9132310152053832,8.809599876403809,355,7.69980001449585,7.057499885559082,5978,12.114999771118164,1.1090999841690063,0.3342100083827972
2002-03-18 15:00:00,2002,3,18,15,0,0.9113590121269226,8.793399810791016,355,7.709199905395508,7.103099822998047,5439,12.114999771118164,1.059999942779541,0.3362500071525574
2002-03-18 18:00:00,2002,3,18,18,0,0.9104350209236144,8.790399551391602,355,7.711900234222412,7.129700183868408,5030,12.114999771118164,1.020740032196045,0.3412899971008301
2002-03-18 21:00:00,2002,3,18,21,0,0.9104650020599364,8.816499710083008,355,7.713500022888184,7.135600090026856,4737,12.114999771118164,0.9902499914169312,0.3500100076198578
2002-03-19 00:00:00,2002,3,19,0,0,0.9119970202445984,8.444999694824219,355,6.4893999099731445,5.177000045776367,4642,12.114999771118164,1.0046600103378296,0.4011099934577942
2002-03-19 03:00:00,2002,3,19,3,0,0.9147170186042786,8.31410026550293,355,6.416600227355957,5.321899890899658,4678,12.114999771118164,1.0175800323486328,0.4343400001525879
2002-03-19 06:00:00,2002,3,19,6,0,0.9245629906654358,7.984799861907959,355,6.256499767303467,5.289999961853027,5681,13.326800346374512,1.1493699550628662,0.4440900087356567
2002-03-19 09:00:00,2002,3,19,9,0,0.9398519992828368,8.110400199890137,355,6.788700103759766,6.024899959564209,7831,13.326800346374512,1.338420033454895,0.3959400057792663
2002-03-19 12:00:00,2002,3,19,12,0,0.9447289705276488,8.336299896240234,355,7.107600212097168,6.406700134277344,8567,13.326800346374512,1.3757799863815308,0.3741300106048584
2002-03-19 15:00:00,2002,3,19,15,0,0.9444509744644164,8.56350040435791,355,7.33050012588501,6.611499786376953,8626,12.114999771118164,1.3559999465942385,0.3597199916839599
2002-03-19 18:00:00,2002,3,19,18,0,0.9431099891662598,8.739500045776367,355,7.519999980926514,6.797699928283691,8535,12.114999771118164,1.3308099508285522,0.3471600115299225
2002-03-19 21:00:00,2002,3,19,21,0,0.9422119855880736,8.795299530029297,355,7.62529993057251,6.927599906921387,8208,12.114999771118164,1.2989000082015991,0.3361000120639801
2002-03-20 00:00:00,2002,3,20,0,0,0.9414899945259094,8.76930046081543,355,7.666200160980225,6.999199867248535,7789,12.114999771118164,1.2666200399398804,0.3252499997615814
2002-03-20 03:00:00,2002,3,20,3,0,0.940348982810974,8.746500015258789,355,7.696700096130371,7.058700084686279,7403,12.114999771118164,1.2362500429153442,0.3172500133514404
2002-03-20 06:00:00,2002,3,20,6,0,0.9382060170173644,8.731100082397461,355,7.714499950408935,7.103000164031982,6999,12.114999771118164,1.2031199932098389,0.3134599924087524
2002-03-20 09:00:00,2002,3,20,9,0,0.9353049993515016,8.700300216674805,355,7.704100131988525,7.110599994659424,6586,11.013500213623049,1.1694799661636353,0.3120999932289123
2002-03-20 12:00:00,2002,3,20,12,0,0.9328100085258484,8.679900169372559,355,7.693699836730957,7.109000205993652,6340,11.013500213623049,1.1489700078964231,0.3114599883556366
2002-03-20 15:00:00,2002,3,20,15,0,0.9310179948806764,8.693099975585938,355,7.698599815368652,7.111800193786621,6397,11.013500213623049,1.1532000303268433,0.3134500086307525
2002-03-20 18:00:00,2002,3,20,18,0,0.9283879995346068,8.791799545288086,355,7.771100044250488,7.178800106048584,6939,11.013500213623049,1.1942399740219116,0.3191500008106231
2002-03-20 21:00:00,2002,3,20,21,0,0.9349259734153748,9.112600326538086,5,8.070099830627441,7.453100204467773,8767,11.013500213623049,1.3152999877929688,0.3142899870872497
2002-03-21 00:00:00,2002,3,21,0,0,0.9409059882164,9.484800338745115,5,8.525899887084961,7.924200057983398,12347,11.013500213623049,1.5238399505615234,0.2895199954509735
2002-03-21 03:00:00,2002,3,21,3,0,0.9488829970359802,9.68910026550293,15,8.833900451660156,8.29539966583252,15750,11.013500213623049,1.6990100145339966,0.2706699967384338
2002-03-21 06:00:00,2002,3,21,6,0,0.9496709704399108,9.85770034790039,15,9.046099662780762,8.539299964904785,17893,11.013500213623049,1.7931100130081177,0.2626500129699707
2002-03-21 09:00:00,2002,3,21,9,0,0.9492549896240234,9.968899726867676,25,9.161299705505373,8.661199569702148,20706,11.013500213623049,1.9168100357055664,0.2608500123023987
2002-03-21 12:00:00,2002,3,21,12,0,0.9520710110664368,9.901399612426758,25,9.036499977111816,8.490799903869629,23454,11.013500213623049,2.048280000686645,0.2691799998283386
2002-03-21 15:00:00,2002,3,21,15,0,0.9496430158615112,9.86359977722168,25,8.980600357055664,8.430399894714355,23556,11.013500213623049,2.058650016784668,0.2753799855709076
2002-03-21 18:00:00,2002,3,21,18,0,0.9440069794654846,9.81130027770996,25,8.876799583435059,8.291500091552734,22315,11.013500213623049,2.0125598907470703,0.2872900068759918
2002-03-21 21:00:00,2002,3,21,21,0,0.9373090267181396,9.628399848937988,25,8.42300033569336,7.531799793243408,21539,10.01200008392334,2.001699924468994,0.3157199919223785
2002-03-22 00:00:00,2002,3,22,0,0,0.9316499829292296,9.57610034942627,25,8.382499694824219,7.610000133514404,21890,10.01200008392334,2.0280001163482666,0.3290500044822693
2002-03-22 03:00:00,2002,3,22,3,0,0.9258720278739928,9.690699577331545,25,8.553500175476074,7.865399837493896,22220,10.01200008392334,2.0315399169921875,0.3264000117778778
2002-03-22 06:00:00,2002,3,22,6,0,0.9192399978637696,9.74180030822754,25,8.58899974822998,7.852200031280518,21912,10.01200008392334,2.0120999813079834,0.3250100016593933
2002-03-22 09:00:00,2002,3,22,9,0,0.9117050170898438,9.679800033569336,25,8.531100273132324,7.821400165557861,21018,9.101699829101562,1.977650046348572,0.327239990234375
2002-03-22 12:00:00,2002,3,22,12,0,0.903823971748352,9.580699920654297,25,8.484299659729004,7.841400146484375,19843,9.101699829101562,1.9328800439834597,0.3265999853610992
2002-03-22 15:00:00,2002,3,22,15,0,0.8957290053367615,9.50759983062744,25,8.468700408935547,7.881499767303467,18625,9.101699829101562,1.881100058555603,0.3244000077247619
2002-03-22 18:00:00,2002,3,22,18,0,0.8891670107841492,9.424699783325195,35,8.399299621582031,7.814000129699707,17699,9.101699829101562,1.8436700105667116,0.326200008392334
2002-03-22 21:00:00,2002,3,22,21,0,0.8897730112075806,8.975799560546875,35,7.625699996948242,6.666999816894531,17780,9.101699829101562,1.8995200395584104,0.3548400104045868
2002-03-23 00:00:00,2002,3,23,0,0,0.8903909921646118,8.093700408935547,35,6.61929988861084,5.690100193023682,20678,9.101699829101562,2.171910047531128,0.3947699964046478
2002-03-23 03:00:00,2002,3,23,3,0,0.8832319974899292,8.404399871826172,35,7.181300163269043,6.371300220489502,19767,9.101699829101562,2.080389976501465,0.3602800071239471
2002-03-23 06:00:00,2002,3,23,6,0,0.8695510029792786,8.4483003616333,35,7.0802001953125,6.154799938201904,17407,8.274100303649902,1.9463200569152832,0.37117999792099
2002-03-23 09:00:00,2002,3,23,9,0,0.867579996585846,8.608499526977539,35,7.302800178527832,6.43940019607544,15685,8.274100303649902,1.8295600414276123,0.3682700097560882
2002-03-23 12:00:00,2002,3,23,12,0,0.8685380220413208,8.744600296020508,35,7.4517998695373535,6.596399784088135,14839,8.274100303649902,1.764739990234375,0.365880012512207
2002-03-23 15:00:00,2002,3,23,15,0,0.8700010180473328,8.809300422668457,35,7.4953999519348145,6.616199970245361,14519,8.274100303649902,1.7384799718856812,0.3655099868774414
2002-03-23 18:00:00,2002,3,23,18,0,0.8705769777297974,8.764200210571289,35,7.333199977874756,6.367800235748291,14234,8.274100303649902,1.7253299951553345,0.3736500144004822
2002-03-23 21:00:00,2002,3,23,21,0,0.8702279925346375,8.81089973449707,35,7.338900089263916,6.342299938201904,13587,9.101699829101562,1.6793299913406372,0.373089998960495
2002-03-24 00:00:00,2002,3,24,0,0,0.8674539923667908,8.891799926757812,35,7.343299865722656,6.28249979019165,12444,9.101699829101562,1.598330020904541,0.3736700117588043
2002-03-24 03:00:00,2002,3,24,3,0,0.8768399953842163,8.188899993896484,25,6.867000102996826,6.028200149536133,15775,8.274100303649902,1.888059973716736,0.3804599940776825
2002-03-24 06:00:00,2002,3,24,6,0,0.874364972114563,8.263500213623047,15,7.178599834442139,6.50540018081665,17535,8.274100303649902,1.9811099767684937,0.3530699908733368
2002-03-24 09:00:00,2002,3,24,9,0,0.8684830069541931,8.462400436401367,15,7.322800159454346,6.645100116729736,14845,8.274100303649902,1.79816997051239,0.3604600131511688
2002-03-24 12:00:00,2002,3,24,12,0,0.8613510131835938,8.622900009155273,15,7.376399993896484,6.662899971008301,12108,13.326800346374512,1.606510043144226,0.3735400140285492
2002-03-24 15:00:00,2002,3,24,15,0,0.8579369783401489,8.700400352478027,15,7.408400058746338,6.710299968719482,10333,13.326800346374512,1.476539969444275,0.3815599977970123
2002-03-24 18:00:00,2002,3,24,18,0,0.8567749857902527,8.696499824523926,15,7.406300067901611,6.722799777984619,9444,12.114999771118164,1.4128400087356567,0.3849700093269348
2002-03-24 21:00:00,2002,3,24,21,0,0.8592720031738281,8.753100395202637,15,7.479300022125244,6.8180999755859375,9116,12.114999771118164,1.38427996635437,0.3849900066852569
2002-03-25 00:00:00,2002,3,25,0,0,0.865572988986969,8.847399711608887,5,7.60230016708374,6.952400207519531,9189,12.114999771118164,1.3819199800491333,0.3790299892425537
2002-03-25 03:00:00,2002,3,25,3,0,0.8760070204734802,9.002400398254395,5,7.784900188446045,7.1554999351501465,9550,12.114999771118164,1.3948500156402588,0.3707599937915802
2002-03-25 06:00:00,2002,3,25,6,0,0.8830900192260742,9.20139980316162,5,7.9653000831604,7.33650016784668,9735,14.659700393676758,1.3905999660491943,0.3667300045490265
2002-03-25 09:00:00,2002,3,25,9,0,0.8862850069999695,9.377900123596191,5,8.094300270080566,7.442399978637695,9513,14.659700393676758,1.3591599464416504,0.3651799857616424
2002-03-25 12:00:00,2002,3,25,12,0,0.8872380256652832,9.488499641418455,5,8.161999702453613,7.4822998046875,9001,13.326800346374512,1.3119900226593018,0.3633899986743927
2002-03-25 15:00:00,2002,3,25,15,0,0.8879960179328918,9.52589988708496,5,8.167200088500977,7.464399814605713,8349,13.326800346374512,1.25941002368927,0.3629400134086609
2002-03-25 18:00:00,2002,3,25,18,0,0.8870369791984558,9.510199546813965,5,8.11929988861084,7.398399829864502,7637,13.326800346374512,1.2049200534820557,0.3662300109863281
2002-03-25 21:00:00,2002,3,25,21,0,0.8849660158157349,9.43630027770996,5,8.010000228881836,7.275700092315674,6817,13.326800346374512,1.143460035324097,0.374559998512268
2002-03-26 00:00:00,2002,3,26,0,0,0.8823969960212708,9.350799560546877,5,7.876200199127197,7.123300075531006,6011,12.114999771118164,1.0798799991607666,0.386489987373352
2002-03-26 03:00:00,2002,3,26,3,0,0.8810020089149475,9.354599952697754,5,7.789999961853027,6.997099876403809,5387,12.114999771118164,1.0233900547027588,0.4006899893283844
2002-03-26 06:00:00,2002,3,26,6,0,0.881496012210846,9.498000144958496,5,7.771900177001953,6.91379976272583,4936,12.114999771118164,0.9738799929618835,0.4190300107002258
2002-03-26 09:00:00,2002,3,26,9,0,0.8823140263557434,9.692899703979492,5,7.77869987487793,6.839000225067139,4665,12.114999771118164,0.9388999938964844,0.4347299933433532
2002-03-26 12:00:00,2002,3,26,12,0,0.8878690004348755,9.766799926757812,15,7.778299808502197,6.79449987411499,4645,12.114999771118164,0.9335299730300904,0.4376499950885772
2002-03-26 15:00:00,2002,3,26,15,0,0.8997039794921875,9.872099876403809,15,7.962399959564209,6.974500179290772,5254,12.114999771118164,0.9850800037384032,0.4190300107002258
2002-03-26 18:00:00,2002,3,26,18,0,0.9151530265808104,10.029000282287598,5,8.324600219726562,7.372300148010254,6811,11.013500213623049,1.1086599826812744,0.3849200010299682
2002-03-26 21:00:00,2002,3,26,21,0,0.9268069863319396,10.018199920654297,15,8.312199592590332,7.039299964904785,9241,11.013500213623049,1.2877099514007568,0.3542099893093109
2002-03-27 00:00:00,2002,3,27,0,0,0.9355109930038452,9.904600143432615,15,8.203700065612793,6.893700122833252,12599,11.013500213623049,1.5063199996948242,0.3375400006771087
2002-03-27 03:00:00,2002,3,27,3,0,0.9437919855117798,10.19629955291748,15,9.00469970703125,8.060799598693848,15927,11.013500213623049,1.6624000072479248,0.2879399955272674
2002-03-27 06:00:00,2002,3,27,6,0,0.9470109939575196,10.36769962310791,5,9.444199562072754,8.783900260925293,17975,11.013500213623049,1.7480100393295288,0.261709988117218
2002-03-27 09:00:00,2002,3,27,9,0,0.948589026927948,10.375800132751465,5,9.541000366210938,8.986200332641602,18105,11.013500213623049,1.7529300451278689,0.2536500096321106
2002-03-27 12:00:00,2002,3,27,12,0,0.9445400238037108,9.869799613952637,5,8.668399810791016,7.753499984741211,16969,11.013500213623049,1.74481999874115,0.2931300103664398
2002-03-27 15:00:00,2002,3,27,15,0,0.9361410140991212,9.168499946594238,5,7.999499797821045,7.240200042724609,16071,11.013500213623049,1.7733399868011477,0.3212999999523163
2002-03-27 18:00:00,2002,3,27,18,0,0.93340802192688,9.215399742126465,5,8.14739990234375,7.450300216674805,13586,11.013500213623049,1.6254500150680542,0.3073700070381164
2002-03-27 21:00:00,2002,3,27,21,0,0.9321619868278505,9.18340015411377,5,7.823999881744385,6.742599964141846,12083,10.01200008392334,1.5352400541305542,0.3175899982452392
2002-03-28 00:00:00,2002,3,28,0,0,0.9324780106544496,8.906800270080566,355,7.2418999671936035,6.073100090026856,12343,13.326800346374512,1.5795600414276123,0.3595499992370605
2002-03-28 03:00:00,2002,3,28,3,0,0.9396950006484984,9.097599983215332,355,7.38730001449585,6.206999778747559,13627,13.326800346374512,1.6414400339126587,0.3641499876976013
2002-03-28 06:00:00,2002,3,28,6,0,0.9489499926567078,9.773900032043455,355,8.313599586486816,7.265100002288818,14703,13.326800346374512,1.637470006942749,0.3276000022888183
2002-03-28 09:00:00,2002,3,28,9,0,0.9548329710960388,10.28380012512207,355,9.037500381469728,8.111300468444824,15175,13.326800346374512,1.615470051765442,0.2933599948883056
2002-03-28 12:00:00,2002,3,28,12,0,0.9575200080871582,10.507399559020996,355,9.459799766540527,8.70359992980957,14907,12.114999771118164,1.5811400413513184,0.2707599997520447
2002-03-28 15:00:00,2002,3,28,15,0,0.9583190083503724,10.533699989318848,355,9.587599754333496,8.937700271606445,14050,12.114999771118164,1.532389998435974,0.2620500028133392
2002-03-28 18:00:00,2002,3,28,18,0,0.9581239819526672,10.393600463867188,355,9.404199600219728,8.72029972076416,13095,12.114999771118164,1.4903299808502195,0.269210010766983
2002-03-28 21:00:00,2002,3,28,21,0,0.955847978591919,9.77750015258789,355,8.18850040435791,6.897600173950195,12964,12.114999771118164,1.534459948539734,0.3191800117492676
2002-03-29 00:00:00,2002,3,29,0,0,0.9504950046539308,9.00570011138916,355,7.126500129699707,5.894000053405762,13775,12.114999771118164,1.657130002975464,0.3790600001811981
2002-03-29 03:00:00,2002,3,29,3,0,0.9503030180931092,9.168399810791016,355,7.472099781036377,6.327199935913086,14021,12.114999771118164,1.6570600271224976,0.3650200068950653
2002-03-29 06:00:00,2002,3,29,6,0,0.953410029411316,9.734399795532228,355,8.313300132751465,7.334799766540527,13627,12.114999771118164,1.5798499584197998,0.3296799957752228
2002-03-29 09:00:00,2002,3,29,9,0,0.9561139941215516,10.14109992980957,355,8.856499671936035,7.94320011138916,13281,12.114999771118164,1.5238900184631348,0.3053599894046783
2002-03-29 12:00:00,2002,3,29,12,0,0.9573540091514589,10.28219985961914,355,9.027199745178224,8.124600410461426,13157,12.114999771118164,1.504979968070984,0.2983599901199341
2002-03-29 15:00:00,2002,3,29,15,0,0.9584789872169496,10.418899536132812,355,9.207599639892578,8.333600044250488,13115,12.114999771118164,1.4918500185012815,0.2914200127124786
2002-03-29 18:00:00,2002,3,29,18,0,0.959159016609192,10.462900161743164,355,9.193300247192385,8.250699996948242,13176,12.114999771118164,1.4922800064086914,0.294050008058548
2002-03-29 21:00:00,2002,3,29,21,0,0.957949995994568,10.19159984588623,355,8.447400093078613,7.053699970245361,13274,13.326800346374512,1.519700050354004,0.3242500126361847
2002-03-30 00:00:00,2002,3,30,0,0,0.9525319933891296,9.398300170898438,355,7.392300128936768,6.071400165557861,13898,13.326800346374512,1.628000020980835,0.3803699910640716
2002-03-30 03:00:00,2002,3,30,3,0,0.9497730135917664,9.18220043182373,345,7.296299934387207,6.055699825286865,13825,13.326800346374512,1.6460800170898438,0.3809899985790252
2002-03-30 06:00:00,2002,3,30,6,0,0.9499760270118712,9.414600372314451,345,7.835999965667725,6.743599891662598,12749,13.326800346374512,1.5588300228118896,0.3506900072097778
2002-03-30 09:00:00,2002,3,30,9,0,0.9487929940223694,9.592900276184082,345,8.1496000289917,7.124800205230713,11292,13.326800346374512,1.4506399631500244,0.3319799900054931
2002-03-30 12:00:00,2002,3,30,12,0,0.9468290209770204,9.680999755859377,355,8.30109977722168,7.298799991607666,9966,13.326800346374512,1.354949951171875,0.3212800025939941
2002-03-30 15:00:00,2002,3,30,15,0,0.9447389841079712,9.673399925231934,355,8.251299858093262,7.178400039672852,8906,13.326800346374512,1.2806600332260132,0.3200399875640869
2002-03-30 18:00:00,2002,3,30,18,0,0.9405519962310792,9.466699600219728,345,7.854499816894531,6.635300159454346,8166,13.326800346374512,1.2406799793243408,0.3353300094604492
2002-03-30 21:00:00,2002,3,30,21,0,0.9364200234413148,9.01930046081543,345,7.127699851989746,5.831999778747559,7726,12.114999771118164,1.2395700216293335,0.3693999946117401
2002-03-31 00:00:00,2002,3,31,0,0,0.9319570064544678,8.300600051879883,345,6.315199851989746,5.145500183105469,7730,12.114999771118164,1.2996400594711304,0.413239985704422
2002-03-31 03:00:00,2002,3,31,3,0,0.931676983833313,8.128600120544434,345,6.368599891662598,5.285399913787842,7735,12.114999771118164,1.3176499605178833,0.400160014629364
2002-03-31 06:00:00,2002,3,31,6,0,0.931168019771576,8.503600120544434,345,6.943299770355225,5.879700183868408,6767,12.114999771118164,1.2014600038528442,0.3649500012397766
2002-03-31 09:00:00,2002,3,31,9,0,0.928721010684967,8.71310043334961,345,7.274899959564209,6.26170015335083,5817,12.114999771118164,1.0982199907302856,0.3473599851131439
2002-03-31 12:00:00,2002,3,31,12,0,0.92630797624588,8.730400085449219,345,7.322800159454346,6.312600135803223,5155,12.114999771118164,1.0325499773025513,0.3423599898815155
2002-03-31 15:00:00,2002,3,31,15,0,0.921094000339508,8.322099685668945,345,6.72760009765625,5.641300201416016,4820,12.114999771118164,1.0262099504470823,0.3698500096797943
2002-03-31 18:00:00,2002,3,31,18,0,0.9131309986114502,8.169599533081055,345,6.644000053405762,5.600599765777588,4480,12.114999771118164,1.0015599727630615,0.371069997549057
2002-03-31 21:00:00,2002,3,31,21,0,0.9009320139884948,7.701600074768066,345,5.8566999435424805,4.782199859619141,4132,12.114999771118164,0.9940099716186525,0.4215700030326843
2002-04-01 00:00:00,2002,4,1,0,0,0.8937709927558899,6.981500148773193,335,5.259099960327148,4.363800048828125,4560,11.013500213623049,1.1059499979019165,0.4598299860954284
2002-04-01 03:00:00,2002,4,1,3,0,0.8992570042610168,7.063399791717529,335,5.435400009155273,4.523900032043457,5034,8.274100303649902,1.156309962272644,0.4362899959087372
2002-04-01 06:00:00,2002,4,1,6,0,0.8968020081520081,7.797800064086914,345,6.270100116729736,5.270999908447266,4564,8.274100303649902,1.0408999919891355,0.3896799981594085
2002-04-01 09:00:00,2002,4,1,9,0,0.8928350210189819,8.170100212097168,345,6.624000072479248,5.583199977874756,4004,11.013500213623049,0.9491699934005736,0.3832899928092956
2002-04-01 12:00:00,2002,4,1,12,0,0.8934770226478577,8.381500244140625,345,6.819900035858154,5.758800029754639,3830,11.013500213623049,0.914900004863739,0.3814300000667572
2002-04-01 15:00:00,2002,4,1,15,0,0.8905659914016724,8.16919994354248,345,6.32390022277832,5.148200035095215,3764,11.013500213623049,0.9202799797058104,0.4101099967956543
2002-04-01 18:00:00,2002,4,1,18,0,0.8811039924621582,8.073399543762207,345,6.204599857330322,5.071100234985352,3672,10.01200008392334,0.916800022125244,0.4294599890708923
2002-04-01 21:00:00,2002,4,1,21,0,0.8668040037155151,7.339799880981445,345,5.303100109100342,4.323299884796143,3823,10.01200008392334,0.9884899854660034,0.506060004234314
2002-04-02 00:00:00,2002,4,2,0,0,0.8618429899215698,7.042200088500977,345,5.155700206756592,4.243100166320801,4488,7.52180004119873,1.09975004196167,0.5116999745368958
2002-04-02 03:00:00,2002,4,2,3,0,0.8603649735450745,7.050000190734863,345,5.026299953460693,4.035600185394287,5250,8.274100303649902,1.190709948539734,0.5102800130844116
2002-04-02 06:00:00,2002,4,2,6,0,0.8510000109672546,8.153800010681152,345,6.105299949645996,4.999599933624268,4936,8.274100303649902,1.0654499530792236,0.4811699986457824
2002-04-02 09:00:00,2002,4,2,9,0,0.848468005657196,9.19159984588623,355,6.90310001373291,5.635300159454346,4867,14.659700393676758,0.9900599718093872,0.4614799916744232
2002-04-02 12:00:00,2002,4,2,12,0,0.8587369918823242,9.879300117492676,5,7.488999843597412,6.091400146484375,5208,14.659700393676758,0.981599986553192,0.4305300116539001
2002-04-02 15:00:00,2002,4,2,15,0,0.8738359808921814,10.165300369262695,5,7.779500007629394,6.298099994659424,5798,13.326800346374512,1.0159399509429932,0.404909998178482
2002-04-02 18:00:00,2002,4,2,18,0,0.8801360130310059,10.12119960784912,5,7.657599925994873,6.110400199890137,6302,13.326800346374512,1.0591299533843994,0.4010699987411499
2002-04-02 21:00:00,2002,4,2,21,0,0.8703349828720093,9.252400398254396,5,6.540200233459473,5.130300045013428,6802,13.326800346374512,1.1544699668884275,0.4573400020599365
2002-04-03 00:00:00,2002,4,3,0,0,0.860683023929596,8.830900192260742,355,6.383699893951416,5.101099967956543,7162,12.114999771118164,1.2158299684524536,0.4609499871730804
2002-04-03 03:00:00,2002,4,3,3,0,0.8580129742622375,8.773599624633789,355,6.500899791717529,5.235300064086914,7250,12.114999771118164,1.227810025215149,0.4455200135707855
2002-04-03 06:00:00,2002,4,3,6,0,0.8550500273704529,9.228699684143066,355,7.256100177764893,6.016900062561035,6804,12.114999771118164,1.156559944152832,0.4032300114631653
2002-04-03 09:00:00,2002,4,3,9,0,0.8508530259132385,9.50179958343506,355,7.59660005569458,6.363500118255615,6220,12.114999771118164,1.0874500274658203,0.3877600133419037
2002-04-03 12:00:00,2002,4,3,12,0,0.8493919968605042,9.701499938964844,5,7.895299911499023,6.695099830627441,5868,12.114999771118164,1.04298996925354,0.3712300062179565
2002-04-03 15:00:00,2002,4,3,15,0,0.8542749881744385,9.910499572753906,5,8.145700454711914,6.923799991607666,5642,12.114999771118164,1.0095399618148804,0.3557400107383728
2002-04-03 18:00:00,2002,4,3,18,0,0.8548949956893921,9.907699584960938,5,8.02560043334961,6.714000225067139,5542,12.114999771118164,1.0000699758529663,0.3597599864006042
2002-04-03 21:00:00,2002,4,3,21,0,0.8500580191612244,9.60849952697754,5,7.322100162506103,5.842299938201904,5498,12.114999771118164,1.012789964675903,0.3909099996089935
2002-04-04 00:00:00,2002,4,4,0,0,0.8371700048446655,8.919099807739258,5,6.485599994659424,5.176300048828125,5667,11.013500213623049,1.0721499919891355,0.4453400075435638
2002-04-04 03:00:00,2002,4,4,3,0,0.8301439881324768,8.970800399780273,5,6.780200004577637,5.533299922943115,5736,11.013500213623049,1.0771299600601196,0.4309200048446655
2002-04-04 06:00:00,2002,4,4,6,0,0.8285999894142151,9.34340000152588,5,7.406700134277344,6.222599983215332,5492,11.013500213623049,1.0310399532318115,0.3999899923801422
2002-04-04 09:00:00,2002,4,4,9,0,0.8310760259628296,9.619400024414062,5,7.810500144958496,6.644800186157227,5130,11.013500213623049,0.9800999760627748,0.3778199851512909
2002-04-04 12:00:00,2002,4,4,12,0,0.8354510068893433,9.798999786376951,5,8.062700271606445,6.89300012588501,4686,11.013500213623049,0.9263700246810912,0.3617799878120422
2002-04-04 15:00:00,2002,4,4,15,0,0.8400660157203674,9.934300422668455,15,8.245699882507324,7.0609002113342285,4265,11.013500213623049,0.8762500286102295,0.3493599891662597
2002-04-04 18:00:00,2002,4,4,18,0,0.8489360213279724,10.065799713134766,15,8.412699699401855,7.206999778747559,3978,11.013500213623049,0.8396700024604797,0.3391900062561035
2002-04-04 21:00:00,2002,4,4,21,0,0.8534820079803467,10.189200401306152,15,8.544300079345703,7.293900012969971,3839,11.013500213623049,0.8194000124931335,0.3324199914932251
2002-04-05 00:00:00,2002,4,5,0,0,0.8547419905662537,10.128999710083008,15,7.912300109863281,6.035699844360352,3791,10.01200008392334,0.8173400163650513,0.3373900055885315
2002-04-05 03:00:00,2002,4,5,3,0,0.8565499782562256,9.514800071716309,25,6.758600234985352,5.1402997970581055,3866,14.659700393676758,0.8535500168800354,0.4122399985790252
2002-04-05 06:00:00,2002,4,5,6,0,0.8642320036888123,8.456899642944336,25,5.559199810028076,4.323299884796143,4046,14.659700393676758,0.9311699867248536,0.5058500170707703
2002-04-05 09:00:00,2002,4,5,9,0,0.8757749795913696,7.487500190734863,25,5.155200004577637,4.230000019073486,4476,14.659700393676758,1.0502500534057615,0.5542899966239929
2002-04-05 12:00:00,2002,4,5,12,0,0.8824449777603149,7.18209981918335,25,5.221799850463867,4.390600204467773,4800,14.659700393676758,1.1171000003814695,0.5408599972724915
2002-04-05 15:00:00,2002,4,5,15,0,0.8902400135993958,7.153600215911865,35,5.368299961090088,4.557700157165527,4904,14.659700393676758,1.134469985961914,0.5188599824905396
2002-04-05 18:00:00,2002,4,5,18,0,0.8946849703788757,6.924699783325195,35,5.276999950408936,4.508800029754639,5286,6.216100215911865,1.2017199993133545,0.5118299722671509
2002-04-05 21:00:00,2002,4,5,21,0,0.8960760235786438,6.9903998374938965,35,5.447500228881836,4.683700084686279,5562,6.216100215911865,1.228309988975525,0.4895099997520447
2002-04-06 00:00:00,2002,4,6,0,0,0.8895220160484314,6.755499839782715,35,5.18149995803833,4.426000118255615,5766,6.216100215911865,1.274469971656799,0.502839982509613
2002-04-06 03:00:00,2002,4,6,3,0,0.8884369730949402,6.855500221252441,35,5.367599964141846,4.631199836730957,5803,6.216100215911865,1.2687300443649292,0.487199991941452
2002-04-06 06:00:00,2002,4,6,6,0,0.8839669823646545,7.216899871826172,35,5.702400207519531,4.939099788665772,5328,6.216100215911865,1.1802899837493896,0.4747200012207031
2002-04-06 09:00:00,2002,4,6,9,0,0.875648021697998,7.613699913024902,35,6.007900238037109,5.217599868774414,4722,13.326800346374512,1.0765700340270996,0.471450001001358
2002-04-06 12:00:00,2002,4,6,12,0,0.8689990043640137,7.933199882507324,35,6.242700099945068,5.414500236511231,4239,13.326800346374512,0.9955899715423584,0.4659999907016754
2002-04-06 15:00:00,2002,4,6,15,0,0.8636289834976196,8.13949966430664,35,6.399799823760986,5.537000179290772,3838,13.326800346374512,0.9332200288772584,0.4591200053691864
2002-04-06 18:00:00,2002,4,6,18,0,0.8589149713516235,8.241999626159668,35,6.459700107574463,5.572999954223633,3507,13.326800346374512,0.8852300047874451,0.4563199877738952
2002-04-06 21:00:00,2002,4,6,21,0,0.8543850183486938,8.271100044250488,35,6.3871002197265625,5.451399803161621,3254,13.326800346374512,0.8503299951553345,0.4612100124359131
2002-04-07 00:00:00,2002,4,7,0,0,0.8466299772262573,8.037099838256836,35,5.810400009155273,4.708600044250488,3127,13.326800346374512,0.8466699719429016,0.4862599968910217
2002-04-07 03:00:00,2002,4,7,3,0,0.8292620182037354,7.507500171661377,35,5.286699771881104,4.352099895477295,3168,13.326800346374512,0.8844900131225586,0.5354300141334534
2002-04-07 06:00:00,2002,4,7,6,0,0.8280519843101501,7.583000183105469,25,5.625800132751465,4.792200088500977,3140,13.326800346374512,0.8771200180053711,0.5228000283241272
2002-04-07 09:00:00,2002,4,7,9,0,0.8346009850502014,7.895800113677978,25,5.934299945831299,5.070199966430664,2934,13.326800346374512,0.8297100067138672,0.506630003452301
2002-04-07 12:00:00,2002,4,7,12,0,0.8437439799308777,8.3233003616333,25,6.270899772644043,5.319900035858154,2757,13.326800346374512,0.7814599871635437,0.488970011472702
2002-04-07 15:00:00,2002,4,7,15,0,0.8509359955787659,8.592900276184082,25,6.547599792480469,5.559899806976318,2757,13.326800346374512,0.7687900066375732,0.4750100076198578
2002-04-07 18:00:00,2002,4,7,18,0,0.8448740243911743,8.59689998626709,25,6.68779993057251,5.756499767303467,2984,13.326800346374512,0.8008900284767151,0.4675100147724151
2002-04-07 21:00:00,2002,4,7,21,0,0.8461009860038757,8.371299743652344,15,6.344399929046631,5.24459981918335,3521,13.326800346374512,0.8841400146484375,0.4705199897289276
2002-04-08 00:00:00,2002,4,8,0,0,0.8504300117492676,7.478000164031982,5,5.4257001876831055,4.509399890899658,4635,13.326800346374512,1.0789200067520142,0.5301200151443481
2002-04-08 03:00:00,2002,4,8,3,0,0.8660719990730286,7.6774001121521,5,5.854499816894531,4.98390007019043,5498,13.326800346374512,1.1599299907684326,0.5003299713134766
2002-04-08 06:00:00,2002,4,8,6,0,0.8715890049934387,8.135899543762207,5,6.402500152587891,5.543099880218506,5727,13.326800346374512,1.1466100215911863,0.4706900119781494
2002-04-08 09:00:00,2002,4,8,9,0,0.8735849857330322,8.59119987487793,5,6.846099853515625,5.947400093078613,5620,14.659700393676758,1.1011300086975098,0.4482400119304657
2002-04-08 12:00:00,2002,4,8,12,0,0.8751630187034607,8.985400199890137,5,7.228499889373779,6.2835001945495605,5563,14.659700393676758,1.0667799711227417,0.4269199967384338
2002-04-08 15:00:00,2002,4,8,15,0,0.8769369721412659,9.326499938964844,5,7.597499847412109,6.621200084686279,5627,12.114999771118164,1.0486799478530884,0.4038200080394745
2002-04-08 18:00:00,2002,4,8,18,0,0.8789640069007874,9.554200172424316,5,7.885200023651123,6.907400131225586,5760,13.326800346374512,1.0448100566864014,0.3839600086212158
2002-04-08 21:00:00,2002,4,8,21,0,0.8799610137939453,9.680999755859377,5,8.067299842834473,7.098499774932861,5912,13.326800346374512,1.0492199659347534,0.3699600100517273
2002-04-09 00:00:00,2002,4,9,0,0,0.8806449770927429,9.759200096130373,5,8.189000129699707,7.229599952697754,5972,13.326800346374512,1.0487099885940552,0.3604800105094909
2002-04-09 03:00:00,2002,4,9,3,0,0.881184995174408,9.8302001953125,5,8.291299819946289,7.315700054168701,5922,12.114999771118164,1.0394200086593628,0.3519499897956848
2002-04-09 06:00:00,2002,4,9,6,0,0.8663750290870667,8.156499862670898,5,5.545400142669678,4.391499996185303,6214,12.114999771118164,1.1765199899673462,0.4974299967288971
2002-04-09 09:00:00,2002,4,9,9,0,0.8303350210189819,6.419899940490723,15,4.787799835205078,4.098999977111816,8419,12.114999771118164,1.5749200582504272,0.5407199859619141
2002-04-09 12:00:00,2002,4,9,12,0,0.8567609786987305,6.2459001541137695,35,5.134900093078613,4.518400192260742,12371,6.216100215911865,1.9580899477005005,0.4308399856090545
2002-04-09 15:00:00,2002,4,9,15,0,0.8779739737510681,6.679500102996826,35,5.656400203704834,4.999300003051758,14823,7.52180004119873,2.064379930496216,0.3694599866867065
2002-04-09 18:00:00,2002,4,9,18,0,0.8821319937705994,6.910999774932861,35,5.893799781799316,5.2230000495910645,16203,7.52180004119873,2.112920045852661,0.3533700108528137
2002-04-09 21:00:00,2002,4,9,21,0,0.8806700110435486,6.996699810028076,35,5.938399791717529,5.247300148010254,17449,7.52180004119873,2.173219919204712,0.3558099865913391
2002-04-10 00:00:00,2002,4,10,0,0,0.8832259774208069,7.17579984664917,35,6.046999931335449,5.307000160217285,17563,7.52180004119873,2.144659996032715,0.3586499989032745
2002-04-10 03:00:00,2002,4,10,3,0,0.892861008644104,7.389400005340576,35,6.204999923706055,5.42519998550415,16515,10.01200008392334,2.041759967803955,0.3588199913501739
2002-04-10 06:00:00,2002,4,10,6,0,0.899042010307312,7.490499973297119,35,6.281599998474121,5.488399982452393,15271,10.01200008392334,1.9468200206756592,0.3603000044822693
2002-04-10 09:00:00,2002,4,10,9,0,0.899308979511261,7.400800228118896,35,6.138299942016602,5.335000038146973,14106,10.01200008392334,1.883520007133484,0.3722400069236755
2002-04-10 12:00:00,2002,4,10,12,0,0.8982419967651367,7.391499996185303,35,6.127900123596191,5.320400238037109,13019,9.101699829101562,1.8115899562835691,0.3730599880218506
2002-04-10 15:00:00,2002,4,10,15,0,0.8980209827423096,7.5346999168396,35,6.308199882507324,5.49970006942749,11894,9.101699829101562,1.7136499881744385,0.3636899888515472
2002-04-10 18:00:00,2002,4,10,18,0,0.894743025302887,7.591899871826172,35,6.34060001373291,5.507800102233887,11151,9.101699829101562,1.6524300575256348,0.3647300004959106
2002-04-10 21:00:00,2002,4,10,21,0,0.8954359889030457,7.559700012207031,25,6.258299827575684,5.407299995422363,10874,9.101699829101562,1.6354600191116333,0.3728500008583069
2002-04-11 00:00:00,2002,4,11,0,0,0.8977910280227661,7.48859977722168,25,6.182899951934815,5.344600200653076,10915,9.101699829101562,1.6475199460983276,0.3780600130558014
2002-04-11 03:00:00,2002,4,11,3,0,0.8961840271949768,7.507199764251709,25,6.203700065612793,5.349699974060059,10832,9.101699829101562,1.6392300128936768,0.3739100098609924
2002-04-11 06:00:00,2002,4,11,6,0,0.8949660062789917,7.405300140380859,25,6.079400062561035,5.218100070953369,10811,8.274100303649902,1.6508100032806396,0.3783000111579895
2002-04-11 09:00:00,2002,4,11,9,0,0.8827499747276306,6.79040002822876,35,5.572299957275391,4.843200206756592,13078,8.274100303649902,1.9113500118255613,0.3966200053691864
2002-04-11 12:00:00,2002,4,11,12,0,0.891074001789093,6.966000080108643,35,5.860499858856201,5.1427001953125,16095,8.274100303649902,2.092439889907837,0.3648599982261657
2002-04-11 15:00:00,2002,4,11,15,0,0.8886340260505676,7.329999923706055,35,6.2322998046875,5.503699779510498,16236,8.274100303649902,2.0388200283050537,0.3542500138282776
2002-04-11 18:00:00,2002,4,11,18,0,0.8846970200538635,7.61299991607666,25,6.441599845886231,5.655799865722656,15274,9.101699829101562,1.932240009307861,0.3558300137519836
2002-04-11 21:00:00,2002,4,11,21,0,0.8899379968643188,7.82450008392334,25,6.628099918365479,5.811800003051758,14626,9.101699829101562,1.8596899509429927,0.3523800075054168
2002-04-12 00:00:00,2002,4,12,0,0,0.8985289931297302,8.193900108337402,25,7.130199909210205,6.390100002288818,13785,9.101699829101562,1.7577500343322754,0.3295899927616119
2002-04-12 03:00:00,2002,4,12,3,0,0.9045010209083556,8.373700141906738,25,7.288700103759766,6.492400169372559,13234,9.101699829101562,1.7001999616622925,0.3234499990940094
2002-04-12 06:00:00,2002,4,12,6,0,0.9116010069847108,8.532999992370605,15,7.526599884033203,6.810200214385986,12853,9.101699829101562,1.6581900119781494,0.3170999884605407
2002-04-12 09:00:00,2002,4,12,9,0,0.9169719815254213,8.630900382995605,15,7.662899971008301,6.994400024414063,12468,9.101699829101562,1.6238800287246704,0.3164600133895874
2002-04-12 12:00:00,2002,4,12,12,0,0.9199450016021729,8.71030044555664,15,7.823800086975098,7.306600093841553,11890,9.101699829101562,1.579190015792847,0.3168100118637085
2002-04-12 15:00:00,2002,4,12,15,0,0.9214209914207458,8.73069953918457,15,7.853600025177002,7.367800235748291,11197,9.101699829101562,1.531880021095276,0.32014000415802
2002-04-12 18:00:00,2002,4,12,18,0,0.9223359823226928,8.737600326538086,15,7.85129976272583,7.371300220489502,10530,9.101699829101562,1.4860299825668335,0.3243800103664398
2002-04-12 21:00:00,2002,4,12,21,0,0.92282897233963,8.770500183105469,15,7.857699871063232,7.370999813079834,10004,9.101699829101562,1.4463499784469604,0.3300999999046325
2002-04-13 00:00:00,2002,4,13,0,0,0.9227579832077026,8.855299949645996,15,7.891200065612793,7.377299785614014,9682,9.101699829101562,1.4160499572753906,0.3375400006771087
2002-04-13 03:00:00,2002,4,13,3,0,0.9215070009231568,8.947600364685059,15,7.816699981689453,7.099599838256836,9546,9.101699829101562,1.398360013961792,0.3488599956035614
2002-04-13 06:00:00,2002,4,13,6,0,0.9161890149116516,8.471199989318848,25,6.598499774932861,5.434700012207031,9715,9.101699829101562,1.4524099826812744,0.4150699973106384
2002-04-13 09:00:00,2002,4,13,9,0,0.9061220288276672,7.523900032043457,25,5.836100101470947,4.949299812316895,11695,9.101699829101562,1.7054699659347534,0.4626100063323974
2002-04-13 12:00:00,2002,4,13,12,0,0.9106860160827636,7.719699859619141,15,6.287300109863281,5.430699825286865,13757,8.274100303649902,1.8248000144958496,0.4118500053882599
2002-04-13 15:00:00,2002,4,13,15,0,0.9209330081939696,8.080400466918945,15,6.754499912261963,5.880499839782715,14402,9.101699829101562,1.8161200284957888,0.3741700053215027
2002-04-13 18:00:00,2002,4,13,18,0,0.9223380088806152,8.166399955749512,15,6.772500038146973,5.831099987030029,14137,9.101699829101562,1.7853000164031982,0.3696300089359283
2002-04-13 21:00:00,2002,4,13,21,0,0.916458010673523,8.04640007019043,15,6.55049991607666,5.58080005645752,14300,9.101699829101562,1.8080500364303589,0.3821899890899658
2002-04-14 00:00:00,2002,4,14,0,0,0.9079989790916444,7.700600147247314,15,6.191299915313721,5.293000221252441,15865,9.101699829101562,1.95114004611969,0.4038699865341186
2002-04-14 03:00:00,2002,4,14,3,0,0.9045979976654052,7.771900177001953,15,6.3572998046875,5.485099792480469,17804,10.01200008392334,2.0564498901367188,0.3876000046730041
2002-04-14 06:00:00,2002,4,14,6,0,0.8995140194892883,7.551700115203857,15,6.200399875640869,5.3719000816345215,21348,10.01200008392334,2.2893500328063965,0.3868499994277954
2002-04-14 09:00:00,2002,4,14,9,0,0.9134089946746826,8.106599807739258,15,6.994200229644775,6.238999843597412,24292,9.101699829101562,2.343329906463623,0.3312000036239624
2002-04-14 12:00:00,2002,4,14,12,0,0.9179750084877014,8.516200065612793,5,7.553100109100342,6.882800102233887,26305,10.01200008392334,2.3666200637817383,0.2984600067138672
2002-04-14 15:00:00,2002,4,14,15,0,0.9226239919662476,8.887399673461914,5,8.059499740600586,7.508999824523926,27714,10.01200008392334,2.3672900199890137,0.2742100059986114
2002-04-14 18:00:00,2002,4,14,18,0,0.9276909828186036,9.260600090026855,5,8.517999649047852,8.054400444030762,27782,10.01200008392334,2.3121800422668457,0.2565299868583679
2002-04-14 21:00:00,2002,4,14,21,0,0.9314339756965636,9.515600204467772,5,8.775400161743164,8.300600051879883,26996,10.01200008392334,2.2427399158477783,0.2500799894332886
2002-04-15 00:00:00,2002,4,15,0,0,0.9339770078659058,9.58530044555664,5,8.686300277709961,7.924099922180176,25980,11.013500213623049,2.189239978790283,0.2535000145435333
2002-04-15 03:00:00,2002,4,15,3,0,0.935172975063324,9.561599731445312,5,8.518199920654297,7.593900203704834,24931,11.013500213623049,2.146509885787964,0.2630000114440918
2002-04-15 06:00:00,2002,4,15,6,0,0.9356579780578612,9.647299766540527,5,8.684100151062012,7.90369987487793,24707,11.013500213623049,2.1275200843811035,0.2629899978637695
2002-04-15 09:00:00,2002,4,15,9,0,0.9353950023651124,9.717599868774414,5,8.793299674987793,8.115699768066406,25268,11.013500213623049,2.144700050354004,0.2662599980831146
2002-04-15 12:00:00,2002,4,15,12,0,0.9355319738388062,9.759900093078612,5,8.819600105285645,8.136699676513672,25615,11.013500213623049,2.1550800800323486,0.2692300081253052
2002-04-15 15:00:00,2002,4,15,15,0,0.9362589716911316,9.739999771118164,355,8.687000274658203,7.851200103759766,25759,11.013500213623049,2.1640400886535645,0.2770400047302246
2002-04-15 18:00:00,2002,4,15,18,0,0.9396269917488098,9.58489990234375,355,8.286199569702148,7.248300075531006,27048,11.013500213623049,2.2382900714874268,0.3008599877357483
2002-04-15 21:00:00,2002,4,15,21,0,0.9436129927635192,9.816800117492676,355,8.718500137329102,7.901700019836426,28237,11.013500213623049,2.258270025253296,0.287090003490448
2002-04-16 00:00:00,2002,4,16,0,0,0.9463430047035216,10.096099853515623,355,9.150400161743164,8.505900382995605,28085,12.114999771118164,2.216820001602173,0.270000010728836
2002-04-16 03:00:00,2002,4,16,3,0,0.9462860226631165,10.209099769592283,355,9.347900390625,8.803199768066406,25585,12.114999771118164,2.1015899181365967,0.2594099938869476
2002-04-16 06:00:00,2002,4,16,6,0,0.9442399740219116,10.142200469970703,355,9.341500282287598,8.84589958190918,22042,12.114999771118164,1.9563499689102173,0.2522200047969818
2002-04-16 09:00:00,2002,4,16,9,0,0.9410110116004944,9.954400062561035,355,9.18970012664795,8.710399627685547,18497,11.013500213623049,1.809980034828186,0.2491700053215026
2002-04-16 12:00:00,2002,4,16,12,0,0.9288570284843444,9.152799606323242,355,7.411099910736084,6.020899772644043,15645,11.013500213623049,1.7420799732208252,0.3191800117492676
2002-04-16 15:00:00,2002,4,16,15,0,0.8799059987068176,7.149899959564209,5,5.711999893188477,4.911099910736084,17330,11.013500213623049,2.1210899353027344,0.4150600135326385
2002-04-16 18:00:00,2002,4,16,18,0,0.9063739776611328,7.785099983215332,5,6.801300048828125,6.132800102233887,20535,9.101699829101562,2.2053799629211426,0.3161999881267547
2002-04-16 21:00:00,2002,4,16,21,0,0.9119830131530762,8.244400024414062,5,7.376699924468994,6.7855000495910645,19921,9.101699829101562,2.098489999771118,0.2889400124549866
2002-04-17 00:00:00,2002,4,17,0,0,0.9149450063705444,8.595100402832031,355,7.789700031280518,7.282899856567383,18449,10.01200008392334,1.969889998435974,0.2786900103092193
2002-04-17 03:00:00,2002,4,17,3,0,0.9207199811935424,8.878299713134766,355,8.062000274658203,7.548699855804443,17844,10.01200008392334,1.9004600048065183,0.2760199904441833
2002-04-17 06:00:00,2002,4,17,6,0,0.9269189834594728,9.08489990234375,355,8.22089958190918,7.661799907684326,17996,11.013500213623049,1.8830000162124636,0.2784500122070312
2002-04-17 09:00:00,2002,4,17,9,0,0.9330329895019532,9.232600212097168,355,8.353699684143066,7.817399978637695,18695,11.013500213623049,1.9016499519348145,0.2812100052833557
2002-04-17 12:00:00,2002,4,17,12,0,0.9386230111122132,9.424400329589844,355,8.556500434875488,8.034600257873535,19630,11.013500213623049,1.9257700443267824,0.2769500017166137
2002-04-17 15:00:00,2002,4,17,15,0,0.9431719779968262,9.645400047302246,355,8.793100357055664,8.27869987487793,20189,11.013500213623049,1.9271700382232664,0.2705599963665008
2002-04-17 18:00:00,2002,4,17,18,0,0.9469109773635864,9.840100288391112,355,8.986900329589844,8.470100402832031,20469,11.013500213623049,1.9188599586486816,0.2673499882221222
2002-04-17 21:00:00,2002,4,17,21,0,0.949451982975006,9.939499855041504,355,9.065199851989746,8.534799575805664,20376,11.013500213623049,1.904579997062683,0.2692700028419494
2002-04-18 00:00:00,2002,4,18,0,0,0.9505130052566528,9.832599639892578,355,8.86989974975586,8.236200332641602,19989,11.013500213623049,1.8990700244903564,0.2803600132465362
2002-04-18 03:00:00,2002,4,18,3,0,0.95006000995636,9.586999893188477,355,8.531700134277344,7.788400173187256,19297,11.013500213623049,1.8932600021362305,0.2927800118923187
2002-04-18 06:00:00,2002,4,18,6,0,0.9483460187911988,9.48799991607666,355,8.490099906921387,7.856599807739258,17599,11.013500213623049,1.8187299966812132,0.2932800054550171
2002-04-18 09:00:00,2002,4,18,9,0,0.945518970489502,9.389100074768066,355,8.414400100708008,7.829800128936768,15682,11.013500213623049,1.7273800373077393,0.2955699861049652
2002-04-18 12:00:00,2002,4,18,12,0,0.9419559836387634,9.342499732971191,355,8.370800018310547,7.795599937438965,13812,11.013500213623049,1.6261600255966189,0.297789990901947
2002-04-18 15:00:00,2002,4,18,15,0,0.9382789731025696,9.347399711608888,355,8.366499900817871,7.790599822998047,12030,11.013500213623049,1.51760995388031,0.3004199862480163
2002-04-18 18:00:00,2002,4,18,18,0,0.9349279999732972,9.332799911499023,355,8.319499969482422,7.72599983215332,10617,11.013500213623049,1.4273699522018433,0.3060899972915649
2002-04-18 21:00:00,2002,4,18,21,0,0.9313439726829528,9.326499938964844,355,8.265000343322754,7.628799915313721,9470,11.013500213623049,1.348729968070984,0.3117299973964691
2002-04-19 00:00:00,2002,4,19,0,0,0.9227280020713806,8.770000457763672,355,6.887599945068359,5.598599910736084,8647,11.013500213623049,1.3326200246810913,0.3734099864959717
2002-04-19 03:00:00,2002,4,19,3,0,0.9189659953117372,7.933000087738037,345,6.221099853515625,5.231200218200684,8860,11.013500213623049,1.43094003200531,0.4205799996852875
2002-04-19 06:00:00,2002,4,19,6,0,0.9141330122947692,8.274200439453125,345,6.69189977645874,5.697100162506104,7778,11.013500213623049,1.310770034790039,0.3932200074195862
2002-04-19 09:00:00,2002,4,19,9,0,0.9071490168571472,8.33530044555664,345,6.768400192260742,5.77209997177124,6973,11.013500213623049,1.2370400428771973,0.3920400142669678
2002-04-19 12:00:00,2002,4,19,12,0,0.8992149829864502,8.525199890136719,345,7.086299896240234,6.154399871826172,6324,11.013500213623049,1.1650899648666382,0.3804199993610382
2002-04-19 15:00:00,2002,4,19,15,0,0.8885120153427124,8.688300132751465,345,7.210700035095215,6.236000061035156,5653,10.01200008392334,1.091230034828186,0.3823499977588653
2002-04-19 18:00:00,2002,4,19,18,0,0.8743060231208801,8.528400421142578,345,6.850500106811523,5.789299964904785,5156,10.01200008392334,1.0550199747085571,0.4114199876785278
2002-04-19 21:00:00,2002,4,19,21,0,0.858502984046936,7.865099906921387,345,5.894999980926514,4.842199802398682,5051,10.01200008392334,1.094879984855652,0.4750100076198578
2002-04-20 00:00:00,2002,4,20,0,0,0.8473320007324219,7.503399848937988,345,5.583600044250488,4.625100135803223,5153,8.274100303649902,1.1386100053787231,0.5039499998092651
2002-04-20 03:00:00,2002,4,20,3,0,0.835116982460022,7.547299861907959,345,5.631800174713135,4.680399894714356,4898,7.52180004119873,1.1090799570083618,0.5112199783325195
2002-04-20 06:00:00,2002,4,20,6,0,0.8229209780693054,7.726600170135498,355,5.835400104522705,4.881499767303467,4464,7.52180004119873,1.0473599433898926,0.5091400146484375
2002-04-20 09:00:00,2002,4,20,9,0,0.8156070113182068,7.723199844360352,355,5.91540002822876,4.9969000816345215,4228,7.52180004119873,1.0208200216293335,0.5056599974632263
2002-04-20 12:00:00,2002,4,20,12,0,0.8072260022163391,8.036499977111816,355,6.3531999588012695,5.478700160980225,3844,7.52180004119873,0.9529399871826172,0.484820008277893
2002-04-20 15:00:00,2002,4,20,15,0,0.793703019618988,8.261899948120117,355,6.479700088500977,5.564000129699707,3491,17.73889923095703,0.8945299983024597,0.4878700077533722
2002-04-20 18:00:00,2002,4,20,18,0,0.7799599766731262,8.343999862670898,355,6.359499931335449,5.376599788665772,3374,17.73889923095703,0.8746299743652344,0.5051400065422058
2002-04-20 21:00:00,2002,4,20,21,0,0.7736020088195801,8.440199851989746,5,6.170700073242188,5.069200038909912,3357,17.73889923095703,0.8669400215148926,0.5212500095367432
2002-04-21 00:00:00,2002,4,21,0,0,0.7674570083618164,7.728799819946289,5,5.190400123596191,4.209000110626221,3541,17.73889923095703,0.9325100183486938,0.5940899848937988
2002-04-21 03:00:00,2002,4,21,3,0,0.7713450193405151,7.756800174713135,5,5.263299942016602,4.305900096893311,3672,17.73889923095703,0.9470300078392028,0.5952900052070618
2002-04-21 06:00:00,2002,4,21,6,0,0.7776129841804504,8.322099685668945,5,5.8471999168396,4.8171000480651855,3608,17.73889923095703,0.902679979801178,0.5566499829292297
2002-04-21 09:00:00,2002,4,21,9,0,0.7844370007514954,8.743300437927246,15,6.321700096130371,5.248000144958496,3634,16.125999450683594,0.8807399868965149,0.5239499807357788
2002-04-21 12:00:00,2002,4,21,12,0,0.7923849821090698,8.941300392150879,15,6.678299903869629,5.600900173187256,3847,16.125999450683594,0.8943700194358826,0.494729995727539
2002-04-21 15:00:00,2002,4,21,15,0,0.8054180145263672,8.718099594116211,5,6.841300010681152,5.876699924468994,4578,16.125999450683594,0.9892399907112122,0.4654799997806549
2002-04-21 18:00:00,2002,4,21,18,0,0.8124769926071167,8.595100402832031,5,6.889999866485596,5.932799816131592,5171,16.125999450683594,1.0586999654769895,0.4421699941158294
2002-04-21 21:00:00,2002,4,21,21,0,0.8084909915924072,8.068300247192383,5,6.0609002113342285,4.986299991607666,5436,16.125999450683594,1.1216599941253662,0.4736300110816955
2002-04-22 00:00:00,2002,4,22,0,0,0.8105890154838562,7.478899955749512,355,5.6417999267578125,4.717400074005127,6018,16.125999450683594,1.2305599451065063,0.4903799891471863
2002-04-22 03:00:00,2002,4,22,3,0,0.8094429969787598,7.752200126647949,355,5.9899001121521,5.029900074005127,5808,16.125999450683594,1.1849499940872192,0.4626199901103973
2002-04-22 06:00:00,2002,4,22,6,0,0.8012480139732361,8.191800117492676,5,6.485799789428711,5.518400192260742,5199,16.125999450683594,1.0864100456237793,0.4410899877548218
2002-04-22 09:00:00,2002,4,22,9,0,0.7959049940109253,8.610199928283691,5,6.933599948883057,5.979899883270264,4754,14.659700393676758,1.0101399421691897,0.4270899891853332
2002-04-22 12:00:00,2002,4,22,12,0,0.7911170125007629,8.901700019836426,5,7.191699981689453,6.212399959564209,4550,14.659700393676758,0.9701899886131288,0.4212999939918518
2002-04-22 15:00:00,2002,4,22,15,0,0.7868070006370544,8.952199935913086,5,7.154399871826172,6.124000072479248,4491,14.659700393676758,0.9612600207328796,0.4275699853897095
2002-04-22 18:00:00,2002,4,22,18,0,0.7801899909973145,8.618000030517578,5,6.585899829864502,5.462299823760986,4464,14.659700393676758,0.9789999723434448,0.4570600092411041
2002-04-22 21:00:00,2002,4,22,21,0,0.771323025226593,7.886000156402588,5,5.74370002746582,4.707200050354004,4594,14.659700393676758,1.043220043182373,0.5051299929618835
2002-04-23 00:00:00,2002,4,23,0,0,0.7661589980125427,7.0854997634887695,355,5.164000034332275,4.314499855041504,5010,14.659700393676758,1.157130002975464,0.5386599898338318
2002-04-23 03:00:00,2002,4,23,3,0,0.7687069773674011,7.30810022354126,355,5.428299903869629,4.517399787902832,4845,14.659700393676758,1.1200100183486938,0.5103499889373779
2002-04-23 06:00:00,2002,4,23,6,0,0.7636209726333618,7.518799781799316,355,5.661699771881104,4.700300216674805,4652,14.659700393676758,1.0814599990844729,0.4922800064086914
2002-04-23 09:00:00,2002,4,23,9,0,0.7492250204086304,8.006500244140625,355,6.150899887084961,5.072000026702881,4461,7.52180004119873,1.0233700275421145,0.4602600038051605
2002-04-23 12:00:00,2002,4,23,12,0,0.722199022769928,8.423199653625488,355,6.344099998474121,5.083799839019775,4063,8.274100303649902,0.9495599865913392,0.4540799856185913
2002-04-23 15:00:00,2002,4,23,15,0,0.7019990086555481,8.86769962310791,5,6.548399925231934,5.145100116729736,3654,8.274100303649902,0.8753700256347656,0.4534499943256378
2002-04-23 18:00:00,2002,4,23,18,0,0.6962479948997498,9.128100395202637,5,6.765100002288818,5.386199951171875,3411,16.125999450683594,0.8327299952507019,0.4596099853515625
2002-04-23 21:00:00,2002,4,23,21,0,0.6993979811668396,8.625100135803223,5,5.967400074005127,4.690400123596191,3441,16.125999450683594,0.862060010433197,0.5106499791145325
2002-04-24 00:00:00,2002,4,24,0,0,0.7186470031738281,7.631400108337402,355,5.264200210571289,4.237400054931641,4145,16.125999450683594,1.0117900371551514,0.5522500276565552
2002-04-24 03:00:00,2002,4,24,3,0,0.760860025882721,7.259500026702881,345,5.07480001449585,4.058700084686279,5387,8.274100303649902,1.18464994430542,0.5291000008583069
2002-04-24 06:00:00,2002,4,24,6,0,0.7902259826660156,7.720600128173828,345,5.285900115966797,4.037199974060059,6253,9.101699829101562,1.2291100025177002,0.4738500118255615
2002-04-24 09:00:00,2002,4,24,9,0,0.7745440006256104,7.66919994354248,345,4.990600109100342,3.847899913787842,6503,10.01200008392334,1.2511500120162964,0.510129988193512
2002-04-24 12:00:00,2002,4,24,12,0,0.7980210185050964,9.241299629211426,345,7.364299774169922,6.000199794769287,6222,10.01200008392334,1.104200005531311,0.3769699931144714
2002-04-24 15:00:00,2002,4,24,15,0,0.7874940037727356,9.598999977111816,355,7.841300010681152,6.529099941253662,6001,11.013500213623049,1.0612900257110596,0.3607299923896789
2002-04-24 18:00:00,2002,4,24,18,0,0.7789790034294128,9.90999984741211,355,8.348600387573242,7.223199844360352,5687,11.013500213623049,1.0161199569702148,0.3494000136852264
2002-04-24 21:00:00,2002,4,24,21,0,0.7713500261306763,9.850099563598633,355,8.037699699401855,6.726399898529053,5476,11.013500213623049,1.001579999923706,0.3682299852371216
2002-04-25 00:00:00,2002,4,25,0,0,0.773140013217926,9.331899642944336,355,7.327600002288818,6.007400035858154,5761,10.01200008392334,1.0591399669647217,0.4008300006389618
2002-04-25 03:00:00,2002,4,25,3,0,0.7772629857063293,9.413200378417969,355,7.840700149536133,6.814000129699707,5883,10.01200008392334,1.0651099681854248,0.3747699856758117
2002-04-25 06:00:00,2002,4,25,6,0,0.7703649997711182,9.616700172424316,355,8.206999778747559,7.292600154876709,5436,10.01200008392334,1.0109100341796875,0.3541499972343445
2002-04-25 09:00:00,2002,4,25,9,0,0.7608569860458374,9.752099990844728,355,8.399399757385254,7.520100116729736,4966,10.01200008392334,0.9580100178718568,0.3432100117206573
2002-04-25 12:00:00,2002,4,25,12,0,0.7528709769248962,9.822799682617188,355,8.464599609375,7.58459997177124,4740,10.01200008392334,0.9322100281715392,0.3416599929332733
2002-04-25 15:00:00,2002,4,25,15,0,0.7493540048599243,9.94789981842041,5,8.54640007019043,7.645999908447266,4619,10.01200008392334,0.9147099852561952,0.3449299931526184
2002-04-25 18:00:00,2002,4,25,18,0,0.7459160089492798,9.93280029296875,5,8.269599914550781,7.125400066375732,4510,16.125999450683594,0.9061400294303894,0.3641999959945678
2002-04-25 21:00:00,2002,4,25,21,0,0.7314040064811707,7.889699935913086,5,5.475200176239014,4.416200160980225,5076,16.125999450683594,1.0917500257492063,0.5251200199127197
2002-04-26 00:00:00,2002,4,26,0,0,0.755299985408783,6.906199932098389,345,5.107500076293945,4.277999877929688,6817,16.125999450683594,1.3672599792480469,0.519860029220581
2002-04-26 03:00:00,2002,4,26,3,0,0.7795689702033997,7.306000232696533,345,5.542799949645996,4.619999885559082,7000,9.101699829101562,1.3401700258255005,0.4676899909973144
2002-04-26 06:00:00,2002,4,26,6,0,0.7771300077438354,7.727399826049805,345,5.970900058746338,4.962100028991699,5872,9.101699829101562,1.1886600255966189,0.4365800023078918
2002-04-26 09:00:00,2002,4,26,9,0,0.7735509872436523,8.000399589538574,345,6.311399936676025,5.269499778747559,4971,9.101699829101562,1.072849988937378,0.415010005235672
2002-04-26 12:00:00,2002,4,26,12,0,0.7539399862289429,8.279899597167969,345,6.713500022888184,5.7230000495910645,4118,8.274100303649902,0.9593799710273744,0.4045799970626831
2002-04-26 15:00:00,2002,4,26,15,0,0.7310649752616882,8.558699607849121,355,7.018899917602539,6.125,3428,8.274100303649902,0.861240029335022,0.4145500063896179
2002-04-26 18:00:00,2002,4,26,18,0,0.7193750143051147,8.82800006866455,5,7.192599773406982,6.343800067901611,2992,14.659700393676758,0.7919399738311768,0.4310599863529205
2002-04-26 21:00:00,2002,4,26,21,0,0.7239949703216553,9.00409984588623,5,7.201099872589111,6.308800220489502,2737,14.659700393676758,0.7497900128364563,0.4467499852180481
2002-04-27 00:00:00,2002,4,27,0,0,0.7383260130882263,8.836400032043457,15,6.489799976348877,5.221700191497803,2614,14.659700393676758,0.7406700253486633,0.4765999913215637
2002-04-27 03:00:00,2002,4,27,3,0,0.7549229860305786,7.392000198364258,5,5.041500091552734,4.121699810028076,2931,14.659700393676758,0.8649700284004211,0.5816199779510498
2002-04-27 06:00:00,2002,4,27,6,0,0.8006600141525269,6.967899799346924,355,5.355599880218506,4.571800231933594,4244,14.659700393676758,1.0807600021362305,0.5119500160217285
2002-04-27 09:00:00,2002,4,27,9,0,0.8434550166130066,7.359399795532227,355,5.9506001472473145,5.114299774169922,5668,7.52180004119873,1.2103899717330933,0.4343500137329101
2002-04-27 12:00:00,2002,4,27,12,0,0.8716380000114441,7.7322001457214355,355,6.475500106811523,5.6407999992370605,7074,8.274100303649902,1.3113499879837036,0.3855400085449219
2002-04-27 15:00:00,2002,4,27,15,0,0.8775749802589417,7.936699867248535,355,6.77400016784668,6.001500129699707,7302,8.274100303649902,1.3113399744033811,0.3708400130271911
2002-04-27 18:00:00,2002,4,27,18,0,0.877485990524292,8.080499649047852,355,7.019299983978272,6.360099792480469,7188,8.274100303649902,1.2870800495147705,0.3618699908256531
2002-04-27 21:00:00,2002,4,27,21,0,0.8781049847602844,8.102800369262695,355,6.8516998291015625,5.95959997177124,7259,8.274100303649902,1.289389967918396,0.363889992237091
2002-04-28 00:00:00,2002,4,28,0,0,0.8777089715003967,8.283100128173828,355,7.025599956512451,6.119800090789795,7256,8.274100303649902,1.271239995956421,0.357369989156723
2002-04-28 03:00:00,2002,4,28,3,0,0.8754889965057373,8.519200325012207,355,7.357900142669678,6.560699939727783,7182,9.101699829101562,1.2444299459457395,0.3497999906539917
2002-04-28 06:00:00,2002,4,28,6,0,0.8669459819793701,8.716300010681152,355,7.668099880218506,7.093500137329102,6925,9.101699829101562,1.2076300382614136,0.352539986371994
2002-04-28 09:00:00,2002,4,28,9,0,0.849711000919342,8.8572998046875,355,7.727399826049805,7.161600112915039,6463,9.101699829101562,1.158310055732727,0.3710600137710571
2002-04-28 12:00:00,2002,4,28,12,0,0.8265389800071716,9.032400131225586,355,7.758699893951416,7.146200180053711,5947,9.101699829101562,1.1012200117111206,0.3921500146389007
2002-04-28 15:00:00,2002,4,28,15,0,0.8094660043716431,9.238100051879885,5,7.825799942016602,7.1579999923706055,5564,9.101699829101562,1.0534900426864624,0.4058299958705902
2002-04-28 18:00:00,2002,4,28,18,0,0.7996640205383301,9.413200378417969,5,7.912799835205078,7.201300144195557,5312,14.659700393676758,1.0190399885177612,0.4096699953079223
2002-04-28 21:00:00,2002,4,28,21,0,0.7935879826545715,9.518099784851074,5,7.980199813842773,7.242599964141846,5091,14.659700393676758,0.9913300275802612,0.4084700047969818
2002-04-29 00:00:00,2002,4,29,0,0,0.7888249754905701,9.431900024414062,5,7.51639986038208,6.293399810791016,4885,14.659700393676758,0.975849986076355,0.4183700084686279
2002-04-29 03:00:00,2002,4,29,3,0,0.7836229801177979,9.140899658203123,5,6.999000072479248,5.806700229644775,4806,14.659700393676758,0.9844099879264832,0.4523099958896637
2002-04-29 06:00:00,2002,4,29,6,0,0.7778779864311218,9.083000183105469,5,7.081500053405762,6.066100120544434,4859,16.125999450683594,0.9945600032806396,0.4609900116920471
2002-04-29 09:00:00,2002,4,29,9,0,0.7711740136146545,9.324799537658691,5,7.34630012512207,6.352499961853027,4811,16.125999450683594,0.9767600297927856,0.4544799923896789
2002-04-29 12:00:00,2002,4,29,12,0,0.7662370204925537,9.593799591064451,15,7.574699878692627,6.555399894714356,4671,16.125999450683594,0.94854998588562,0.4487900137901306
2002-04-29 15:00:00,2002,4,29,15,0,0.7622920274734497,9.481499671936035,15,7.339300155639648,6.265999794006348,4592,16.125999450683594,0.9472100138664246,0.463340014219284
2002-04-29 18:00:00,2002,4,29,18,0,0.7498019933700562,8.848799705505371,5,6.62060022354126,5.486999988555908,4829,16.125999450683594,1.0094200372695925,0.4898200035095215
2002-04-29 21:00:00,2002,4,29,21,0,0.7434980273246765,7.396500110626221,355,5.27869987487793,4.380000114440918,5698,16.125999450683594,1.2088299989700315,0.5587700009346008
2002-04-30 00:00:00,2002,4,30,0,0,0.765923023223877,7.272500038146973,355,5.426700115203857,4.544000148773193,6619,16.125999450683594,1.3152600526809692,0.5163499712944031
2002-04-30 03:00:00,2002,4,30,3,0,0.7623429894447327,7.7434000968933105,355,5.902599811553955,4.947999954223633,6132,8.274100303649902,1.2218999862670898,0.4847800135612488
2002-04-30 06:00:00,2002,4,30,6,0,0.7585399746894836,8.15470027923584,355,6.393199920654297,5.4344000816345215,5720,8.274100303649902,1.1468499898910522,0.4614999890327453
2002-04-30 09:00:00,2002,4,30,9,0,0.7704269886016846,8.432600021362305,5,6.917500019073486,6.085899829864502,5880,8.274100303649902,1.1417200565338137,0.4317100048065185
2002-04-30 12:00:00,2002,4,30,12,0,0.7735289931297302,8.479700088500977,5,6.825399875640869,5.835400104522705,5827,14.659700393676758,1.1331000328063965,0.4329699873924255
2002-04-30 15:00:00,2002,4,30,15,0,0.7652410268783569,8.475799560546875,5,6.644299983978272,5.618899822235107,5301,14.659700393676758,1.0817999839782717,0.4571099877357483
2002-04-30 18:00:00,2002,4,30,18,0,0.7586249709129333,8.540900230407715,5,6.653200149536133,5.672200202941895,4833,14.659700393676758,1.0293200016021729,0.4730800092220306
2002-04-30 21:00:00,2002,4,30,21,0,0.7602139711380005,8.553999900817871,15,6.640100002288818,5.690000057220459,4595,14.659700393676758,1.0031700134277344,0.4821400046348572
2002-05-01 00:00:00,2002,5,1,0,0,0.7633450031280518,8.525500297546387,15,6.61299991607666,5.657700061798096,4559,14.659700393676758,1.0011999607086182,0.4832299947738647
2002-05-01 03:00:00,2002,5,1,3,0,0.764549970626831,8.555800437927246,15,6.6956000328063965,5.78380012512207,4518,14.659700393676758,0.994979977607727,0.4806500077247619
2002-05-01 06:00:00,2002,5,1,6,0,0.763342022895813,8.626999855041504,15,6.824699878692627,5.980400085449219,4377,14.659700393676758,0.975059986114502,0.478520005941391
2002-05-01 09:00:00,2002,5,1,9,0,0.760358989238739,8.690299987792969,15,6.908100128173828,6.090499877929688,4196,14.659700393676758,0.9510300159454346,0.4769400060176849
2002-05-01 12:00:00,2002,5,1,12,0,0.7569090127944946,8.792099952697754,15,6.983500003814697,6.168000221252441,4011,14.659700393676758,0.9238799810409546,0.4774799942970276
2002-05-01 15:00:00,2002,5,1,15,0,0.7567009925842285,8.9931001663208,15,7.074100017547607,6.225599765777588,3844,13.326800346374512,0.8938199877738953,0.482699990272522
2002-05-01 18:00:00,2002,5,1,18,0,0.761879026889801,9.31190013885498,15,7.210400104522705,6.2932000160217285,3783,13.326800346374512,0.8711900115013123,0.4886400103569031
2002-05-01 21:00:00,2002,5,1,21,0,0.7736369967460632,9.62320041656494,25,7.279900074005127,6.2153000831604,3814,17.73889923095703,0.8606299757957458,0.4925299882888794
2002-05-02 00:00:00,2002,5,2,0,0,0.7774739861488342,8.967700004577637,25,5.881499767303467,4.628300189971924,4001,17.73889923095703,0.915690004825592,0.5611500144004822
2002-05-02 03:00:00,2002,5,2,3,0,0.7814679741859436,8.862199783325195,25,5.948999881744385,4.798699855804443,4173,17.73889923095703,0.9412699937820436,0.5700500011444092
2002-05-02 06:00:00,2002,5,2,6,0,0.7901340126991272,9.340299606323242,25,6.54010009765625,5.356400012969971,4091,17.73889923095703,0.9054700136184692,0.5351200103759766
2002-05-02 09:00:00,2002,5,2,9,0,0.7962589859962463,9.71660041809082,25,6.985799789428711,5.738100051879883,3990,17.73889923095703,0.8740699887275696,0.5028200149536133
2002-05-02 12:00:00,2002,5,2,12,0,0.7990829944610596,9.972800254821776,25,7.361100196838379,6.087299823760986,3960,16.125999450683594,0.8573899865150452,0.4758599996566772
2002-05-02 15:00:00,2002,5,2,15,0,0.8009750247001648,10.164600372314451,25,7.651400089263916,6.374100208282471,4028,16.125999450683594,0.8548799753189087,0.4564799964427948
2002-05-02 18:00:00,2002,5,2,18,0,0.803076982498169,10.318599700927734,25,7.851799964904785,6.564700126647949,4178,16.125999450683594,0.8629999756813049,0.4437499940395355
2002-05-02 21:00:00,2002,5,2,21,0,0.8039860129356384,10.331299781799316,25,7.657100200653076,6.135700225830078,4352,16.125999450683594,0.879859983921051,0.4407800137996673
2002-05-03 00:00:00,2002,5,3,0,0,0.7979210019111633,9.655400276184082,25,6.457600116729736,4.971499919891357,4590,16.125999450683594,0.935920000076294,0.496289998292923
2002-05-03 03:00:00,2002,5,3,3,0,0.7938259840011597,9.41409969329834,25,6.427499771118164,5.0833001136779785,4780,16.125999450683594,0.9680100083351136,0.5084900259971619
2002-05-03 06:00:00,2002,5,3,6,0,0.7888669967651367,9.331100463867188,25,6.674300193786621,5.4583001136779785,4910,16.125999450683594,0.9859700202941896,0.5003299713134766
2002-05-03 09:00:00,2002,5,3,9,0,0.7757459878921509,8.996399879455566,15,6.613500118255615,5.4969000816345215,5169,16.125999450683594,1.031999945640564,0.4970400035381317
2002-05-03 12:00:00,2002,5,3,12,0,0.7667539715766907,8.618599891662598,15,6.480899810791016,5.444799900054932,5513,14.659700393676758,1.0908000469207764,0.4902099967002868
2002-05-03 15:00:00,2002,5,3,15,0,0.7590140104293823,8.587400436401367,5,6.706900119781494,5.751999855041504,5640,14.659700393676758,1.104580044746399,0.4643299877643585
2002-05-03 18:00:00,2002,5,3,18,0,0.7534719705581665,8.8371000289917,5,7.01170015335083,6.019999980926514,5300,14.659700393676758,1.0521600246429443,0.4394400119781494
2002-05-03 21:00:00,2002,5,3,21,0,0.7427160143852234,8.511099815368652,5,6.228300094604492,5.025599956512451,4979,14.659700393676758,1.038849949836731,0.4714600145816803
2002-05-04 00:00:00,2002,5,4,0,0,0.7431190013885498,7.122600078582764,355,5.117899894714356,4.2494001388549805,5821,14.659700393676758,1.2399699687957764,0.5428799986839294
2002-05-04 03:00:00,2002,5,4,3,0,0.7527499794960022,7.556399822235107,355,5.553500175476074,4.593800067901611,5628,14.659700393676758,1.1798700094223022,0.5051299929618835
2002-05-04 06:00:00,2002,5,4,6,0,0.7512289881706238,8.03950023651123,355,6.076900005340576,5.058499813079834,5121,14.659700393676758,1.0882899761199951,0.4788999855518341
2002-05-04 09:00:00,2002,5,4,9,0,0.7438160181045532,8.562000274658203,355,6.649199962615967,5.620299816131592,4480,14.659700393676758,0.9841600060462952,0.4603799879550934
2002-05-04 12:00:00,2002,5,4,12,0,0.7430520057678223,9.015299797058104,355,7.076600074768066,6.023600101470947,4101,14.659700393676758,0.9157299995422364,0.4497700035572052
2002-05-04 15:00:00,2002,5,4,15,0,0.7545089721679688,9.40530014038086,5,7.406899929046631,6.285900115966797,4048,14.659700393676758,0.8884699940681458,0.4379099905490875
2002-05-04 18:00:00,2002,5,4,18,0,0.7647719979286194,9.593500137329102,5,7.360199928283691,6.027999877929688,4137,14.659700393676758,0.8883900046348572,0.4382500052452087
2002-05-04 21:00:00,2002,5,4,21,0,0.7666029930114746,8.371000289916992,355,5.599699974060059,4.4355998039245605,4500,11.013500213623049,0.9986500144004822,0.548740029335022
2002-05-05 00:00:00,2002,5,5,0,0,0.7719650268554688,7.680600166320801,355,5.309999942779541,4.365099906921387,5059,19.51320075988769,1.1148899793624878,0.586679995059967
2002-05-05 03:00:00,2002,5,5,3,0,0.7636190056800842,8.151300430297852,355,5.666200160980225,4.628300189971924,4668,19.51320075988769,1.0399500131607056,0.5733500123023987
2002-05-05 06:00:00,2002,5,5,6,0,0.7578589916229248,8.858400344848633,5,6.311399936676025,5.200799942016602,4149,19.51320075988769,0.9391400218009948,0.5489000082015991
2002-05-05 09:00:00,2002,5,5,9,0,0.7535830140113831,9.391400337219238,5,6.781499862670898,5.609300136566162,3816,19.51320075988769,0.8744800090789795,0.5307000279426575
2002-05-05 12:00:00,2002,5,5,12,0,0.7568380236625671,9.60219955444336,15,7.04010009765625,5.872700214385986,3734,19.51320075988769,0.8560699820518494,0.5201900005340576
2002-05-05 15:00:00,2002,5,5,15,0,0.7596060037612915,9.546500205993652,15,7.145699977874756,6.05709981918335,3863,17.73889923095703,0.8740900158882141,0.5141800045967102
2002-05-05 18:00:00,2002,5,5,18,0,0.7641299962997437,9.403800010681152,15,7.104300022125244,6.073599815368652,4143,17.73889923095703,0.9130399823188782,0.5148100256919861
2002-05-05 21:00:00,2002,5,5,21,0,0.7728739976882935,9.006199836730957,5,6.765500068664551,5.746399879455566,4718,17.73889923095703,0.99753999710083,0.5259100198745728
2002-05-06 00:00:00,2002,5,6,0,0,0.7813299894332886,8.81980037689209,5,6.525899887084961,5.439599990844727,5040,17.73889923095703,1.0424100160598757,0.5293099880218506
2002-05-06 03:00:00,2002,5,6,3,0,0.7871549725532532,8.777799606323242,5,6.485700130462647,5.39900016784668,5159,17.73889923095703,1.055999994277954,0.5264899730682373
2002-05-06 06:00:00,2002,5,6,6,0,0.7926470041275024,8.979999542236328,5,6.8206000328063965,5.808599948883057,5256,17.73889923095703,1.0509099960327148,0.5076500177383423
2002-05-06 09:00:00,2002,5,6,9,0,0.7951059937477112,9.166600227355955,5,7.062099933624268,6.066599845886231,5390,13.326800346374512,1.0502099990844729,0.4903100132942199
2002-05-06 12:00:00,2002,5,6,12,0,0.7948470115661621,9.352800369262695,5,7.280900001525879,6.28980016708374,5416,13.326800346374512,1.0396300554275513,0.4755200147628784
2002-05-06 15:00:00,2002,5,6,15,0,0.7938960194587708,9.515700340270996,5,7.448800086975098,6.442800045013428,5394,16.125999450683594,1.0264899730682373,0.4641700088977813
2002-05-06 18:00:00,2002,5,6,18,0,0.7953370213508606,9.58769989013672,5,7.458600044250488,6.361800193786621,5443,16.125999450683594,1.025629997253418,0.4578999876976013
2002-05-06 21:00:00,2002,5,6,21,0,0.7966309785842896,9.078100204467772,5,6.43809986114502,5.128900051116943,5685,16.125999450683594,1.0780999660491943,0.4985400140285492
2002-05-07 00:00:00,2002,5,7,0,0,0.7949749827384949,7.937900066375732,5,5.422599792480469,4.418000221252441,6422,12.114999771118164,1.232149958610535,0.5740100145339966
2002-05-07 03:00:00,2002,5,7,3,0,0.7969970107078552,7.936399936676025,5,5.597499847412109,4.605400085449219,6688,12.114999771118164,1.259310007095337,0.5583400130271912
2002-05-07 06:00:00,2002,5,7,6,0,0.7997940182685852,8.450400352478027,5,6.25570011138916,5.21019983291626,6462,12.114999771118164,1.19622004032135,0.5123800039291382
2002-05-07 09:00:00,2002,5,7,9,0,0.7996860146522522,8.942299842834473,5,6.929299831390381,5.903299808502197,6098,12.114999771118164,1.1254899501800537,0.4720900058746338
2002-05-07 12:00:00,2002,5,7,12,0,0.799094021320343,9.217000007629396,5,7.285099983215332,6.276999950408936,5720,11.013500213623049,1.0708999633789062,0.4512799978256225
2002-05-07 15:00:00,2002,5,7,15,0,0.7991459965705872,9.343999862670898,5,7.4492998123168945,6.452700138092041,5440,11.013500213623049,1.036329984664917,0.4429999887943268
2002-05-07 18:00:00,2002,5,7,18,0,0.7989180088043213,9.343500137329102,5,7.371399879455566,6.289999961853027,5349,11.013500213623049,1.028010010719299,0.4454100131988525
2002-05-07 21:00:00,2002,5,7,21,0,0.7970929741859436,8.98330020904541,5,6.587699890136719,5.289599895477295,5452,17.73889923095703,1.060349941253662,0.4759700000286102
2002-05-08 00:00:00,2002,5,8,0,0,0.7950059771537781,7.743599891662598,355,5.39169979095459,4.407199859619141,6024,17.73889923095703,1.2082899808883667,0.5589699745178223
2002-05-08 03:00:00,2002,5,8,3,0,0.7957630157470703,7.894599914550781,355,5.627500057220459,4.618400096893311,5745,17.73889923095703,1.168660044670105,0.5401099920272827
2002-05-08 06:00:00,2002,5,8,6,0,0.7913200259208679,8.241900444030762,355,6.087900161743164,5.05679988861084,5177,17.73889923095703,1.0840400457382202,0.511389970779419
2002-05-08 09:00:00,2002,5,8,9,0,0.7844529747962952,8.539299964904785,355,6.505300045013428,5.482600212097168,4594,17.73889923095703,1.001539945602417,0.4865300059318542
2002-05-08 12:00:00,2002,5,8,12,0,0.7774059772491455,8.786199569702148,355,6.8470001220703125,5.844099998474121,4090,17.73889923095703,0.9299600124359132,0.466839998960495
2002-05-08 15:00:00,2002,5,8,15,0,0.7736909985542297,8.96399974822998,5,7.016200065612793,5.988999843597412,3695,11.013500213623049,0.873960018157959,0.457639992237091
2002-05-08 18:00:00,2002,5,8,18,0,0.7684289813041687,8.801199913024902,5,6.55709981918335,5.375500202178955,3482,16.125999450683594,0.8568999767303467,0.4788999855518341
2002-05-08 21:00:00,2002,5,8,21,0,0.760079026222229,7.166200160980225,355,4.920499801635742,4.0518999099731445,3937,16.125999450683594,1.020259976387024,0.5906000137329102
2002-05-09 00:00:00,2002,5,9,0,0,0.7995129823684692,6.473199844360352,345,4.876500129699707,4.162499904632568,5755,16.125999450683594,1.3106499910354614,0.5443500280380249
2002-05-09 03:00:00,2002,5,9,3,0,0.8039690256118774,7.036900043487549,345,5.3618998527526855,4.531599998474121,5596,16.125999450683594,1.2333799600601196,0.5031700134277344
2002-05-09 06:00:00,2002,5,9,6,0,0.7953280210494995,7.570799827575684,355,5.814700126647949,4.878499984741211,4926,16.125999450683594,1.1102499961853027,0.4788399934768677
2002-05-09 09:00:00,2002,5,9,9,0,0.8047540187835693,7.6178998947143555,345,5.875899791717529,4.9197998046875,4951,16.125999450683594,1.107640027999878,0.4656200110912323
2002-05-09 12:00:00,2002,5,9,12,0,0.8189539909362793,7.801599979400635,345,6.225399971008301,5.289899826049805,4935,7.52180004119873,1.0902299880981443,0.4329099953174591
2002-05-09 15:00:00,2002,5,9,15,0,0.8189250230789185,7.920100212097168,355,6.367700099945068,5.423099994659424,4367,7.52180004119873,1.016379952430725,0.4241400063037872
2002-05-09 18:00:00,2002,5,9,18,0,0.810932993888855,7.758900165557861,355,6.024400234222412,5.047999858856201,3765,7.52180004119873,0.953689992427826,0.4519599974155426
2002-05-09 21:00:00,2002,5,9,21,0,0.8033499717712402,7.5543999671936035,355,5.651400089263916,4.673699855804443,3450,14.659700393676758,0.9254599809646606,0.4821299910545349
2002-05-10 00:00:00,2002,5,10,0,0,0.7983390092849731,7.3892998695373535,355,5.415200233459473,4.475100040435791,3342,14.659700393676758,0.921109974384308,0.5057700276374817
2002-05-10 03:00:00,2002,5,10,3,0,0.7974749803543091,7.772299766540527,355,5.822999954223633,4.841100215911865,3165,14.659700393676758,0.8713899850845337,0.4855900108814239
2002-05-10 06:00:00,2002,5,10,6,0,0.7977129817008972,8.147899627685547,5,6.257699966430664,5.281700134277344,3020,14.659700393676758,0.8287299871444702,0.4676800072193146
2002-05-10 09:00:00,2002,5,10,9,0,0.8039389848709106,8.25059986114502,5,6.32480001449585,5.330599784851074,2946,14.659700393676758,0.8123400211334229,0.4664700031280517
2002-05-10 12:00:00,2002,5,10,12,0,0.8103920221328735,8.21560001373291,5,6.326300144195557,5.394499778747559,2868,14.659700393676758,0.8030300140380859,0.4717400074005127
2002-05-10 15:00:00,2002,5,10,15,0,0.8142229914665222,7.9745001792907715,5,6.190800189971924,5.339700222015381,2812,14.659700393676758,0.8096100091934204,0.4807800054550171
2002-05-10 18:00:00,2002,5,10,18,0,0.8279950022697449,7.639100074768066,355,6.035399913787842,5.156700134277344,3220,14.659700393676758,0.8904200196266174,0.4594300091266632
2002-05-10 21:00:00,2002,5,10,21,0,0.8358330130577087,6.867599964141846,355,5.173699855804443,4.324699878692627,3848,7.52180004119873,1.0333000421524048,0.4927200078964233
2002-05-11 00:00:00,2002,5,11,0,0,0.852183997631073,6.159599781036377,345,4.823599815368652,4.150000095367432,5015,6.837800025939941,1.2571699619293213,0.4882400035858154
2002-05-11 03:00:00,2002,5,11,3,0,0.8587560057640076,6.661499977111816,345,5.326099872589111,4.566100120544434,4815,7.52180004119873,1.1804300546646118,0.4466300010681152
2002-05-11 06:00:00,2002,5,11,6,0,0.8462730050086975,7.251900196075439,345,5.922699928283691,5.117099761962891,3876,7.52180004119873,1.0101300477981567,0.4295099973678589
2002-05-11 09:00:00,2002,5,11,9,0,0.8314250111579895,7.78350019454956,345,6.508900165557861,5.754199981689453,3298,7.52180004119873,0.8967499732971191,0.4257799983024597
2002-05-11 12:00:00,2002,5,11,12,0,0.8139619827270508,8.16919994354248,355,6.793799877166748,6.045400142669678,3010,7.52180004119873,0.8360900282859802,0.4491199851036072
2002-05-11 15:00:00,2002,5,11,15,0,0.8002930283546448,8.46399974822998,355,6.862599849700928,6.050899982452393,2851,7.52180004119873,0.8006100058555603,0.4824000000953674
2002-05-11 18:00:00,2002,5,11,18,0,0.7856960296630859,8.468999862670898,355,6.498499870300293,5.505300045013428,2776,7.52180004119873,0.7914599776268005,0.5198000073432922
2002-05-11 21:00:00,2002,5,11,21,0,0.7755190134048462,7.541900157928467,355,5.305200099945068,4.362599849700928,3033,6.837800025939941,0.8815500140190125,0.5948200225830078
2002-05-12 00:00:00,2002,5,12,0,0,0.7912610173225403,6.980999946594238,345,5.068399906158447,4.263599872589111,4024,7.52180004119873,1.059880018234253,0.5964699983596802
2002-05-12 03:00:00,2002,5,12,3,0,0.7826030254364014,7.8471999168396,355,5.788000106811523,4.841300010681152,4049,19.51320075988769,0.9994500279426576,0.5648199915885925
2002-05-12 06:00:00,2002,5,12,6,0,0.762257993221283,8.779199600219727,355,6.510200023651123,5.514400005340576,3593,19.51320075988769,0.889240026473999,0.5609700083732605
2002-05-12 09:00:00,2002,5,12,9,0,0.759306013584137,9.417200088500977,5,6.874800205230713,5.784800052642822,3188,19.51320075988769,0.8079599738121033,0.5562700033187866
2002-05-12 12:00:00,2002,5,12,12,0,0.7673450112342834,9.91189956665039,15,7.129899978637695,5.92140007019043,3015,19.51320075988769,0.7643499970436096,0.5445299744606018
2002-05-12 15:00:00,2002,5,12,15,0,0.7873979806900024,10.412799835205078,15,7.416999816894531,6.073800086975098,3046,19.51320075988769,0.7476300001144409,0.5255799889564514
2002-05-12 18:00:00,2002,5,12,18,0,0.8086810111999512,11.027999877929688,25,7.771900177001953,6.2600998878479,3341,17.73889923095703,0.7598199844360352,0.5048499703407288
2002-05-12 21:00:00,2002,5,12,21,0,0.8240029811859131,11.085000038146973,25,7.405099868774414,5.686699867248535,3743,17.73889923095703,0.8018400073051453,0.5090299844741821
2002-05-13 00:00:00,2002,5,13,0,0,0.8276649713516235,10.988900184631348,25,7.263999938964844,5.589900016784668,3967,17.73889923095703,0.828000009059906,0.5146999955177307
2002-05-13 03:00:00,2002,5,13,3,0,0.8266850113868713,10.992799758911133,25,7.401100158691406,5.761499881744385,3969,17.73889923095703,0.8262100219726562,0.5062299966812134
2002-05-13 06:00:00,2002,5,13,6,0,0.8244360089302063,11.029000282287598,25,7.589000225067139,5.944399833679199,3889,17.73889923095703,0.814300000667572,0.4910500049591064
2002-05-13 09:00:00,2002,5,13,9,0,0.8252739906311035,11.16230010986328,25,7.846399784088135,6.15399980545044,3911,17.73889923095703,0.8093900084495544,0.4702500104904175
2002-05-13 12:00:00,2002,5,13,12,0,0.8307499885559082,11.40839958190918,25,8.162500381469727,6.380300045013428,4120,16.125999450683594,0.8198300004005432,0.4473200142383575
2002-05-13 15:00:00,2002,5,13,15,0,0.8372719883918762,11.644100189208984,25,8.422800064086914,6.571400165557861,4453,16.125999450683594,0.8425999879837036,0.4310500025749206
2002-05-13 18:00:00,2002,5,13,18,0,0.8416479825973511,11.795700073242188,25,8.593199729919434,6.698299884796143,4747,16.125999450683594,0.8638799786567688,0.4214000105857849
2002-05-13 21:00:00,2002,5,13,21,0,0.8442469835281372,11.916500091552734,25,8.733699798583984,6.757299900054932,4918,16.125999450683594,0.8746299743652344,0.4117999970912933
2002-05-14 00:00:00,2002,5,14,0,0,0.8453930020332336,11.573800086975098,25,7.808700084686279,5.691400051116943,5037,16.125999450683594,0.8987699747085571,0.4366700053215027
2002-05-14 03:00:00,2002,5,14,3,0,0.8479909896850586,11.935400009155272,25,8.634900093078613,6.544600009918213,5062,16.125999450683594,0.8865600228309631,0.4095900058746338
2002-05-14 06:00:00,2002,5,14,6,0,0.8510270118713379,12.140299797058104,25,9.15880012512207,7.16540002822876,5127,16.125999450683594,0.8840399980545044,0.3926500082015991
2002-05-14 09:00:00,2002,5,14,9,0,0.8532410264015198,11.963299751281738,25,8.982399940490723,7.106299877166748,5340,16.125999450683594,0.9087600111961364,0.4036900103092193
2002-05-14 12:00:00,2002,5,14,12,0,0.8541010022163391,11.19729995727539,25,8.209799766540527,6.616899967193604,5853,16.125999450683594,0.9851999878883362,0.4480499923229217
2002-05-14 15:00:00,2002,5,14,15,0,0.8578270077705383,10.59689998626709,25,7.906700134277344,6.566999912261963,6507,16.125999450683594,1.0694899559020996,0.4667899906635284
2002-05-14 18:00:00,2002,5,14,18,0,0.8617950081825256,10.129300117492676,25,7.844099998474121,6.620699882507324,7565,16.125999450683594,1.1788599491119385,0.4539400041103363
2002-05-14 21:00:00,2002,5,14,21,0,0.8503509759902954,8.630499839782715,15,6.363800048828125,5.218599796295166,9951,16.125999450683594,1.4695099592208862,0.4981200098991394
2002-05-15 00:00:00,2002,5,15,0,0,0.8492479920387268,7.739500045776367,5,6.1128997802734375,5.237599849700928,13396,8.274100303649902,1.812019944190979,0.4726099967956543
2002-05-15 03:00:00,2002,5,15,3,0,0.8341019749641418,8.015700340270996,355,6.325799942016602,5.349400043487549,12078,8.274100303649902,1.6853300333023071,0.4530999958515167
2002-05-15 06:00:00,2002,5,15,6,0,0.8104860186576843,8.421299934387207,5,6.605899810791016,5.551799774169922,9627,8.274100303649902,1.4636900424957275,0.4516400098800659
2002-05-15 09:00:00,2002,5,15,9,0,0.7949450016021729,8.812000274658203,5,6.944399833679199,5.828800201416016,8122,8.274100303649902,1.3110400438308716,0.4417200088500976
2002-05-15 12:00:00,2002,5,15,12,0,0.7864530086517334,9.105999946594238,5,7.284500122070312,6.2104997634887695,7111,14.659700393676758,1.2050800323486328,0.4338699877262115
2002-05-15 15:00:00,2002,5,15,15,0,0.7831799983978271,9.392200469970703,5,7.611299991607666,6.580999851226807,6315,14.659700393676758,1.1165800094604492,0.4248499870300293
2002-05-15 18:00:00,2002,5,15,18,0,0.783856987953186,9.169099807739258,15,6.96150016784668,5.683199882507324,5858,14.659700393676758,1.088670015335083,0.4516800045967102
2002-05-15 21:00:00,2002,5,15,21,0,0.7765790224075317,8.38379955291748,5,5.886799812316895,4.71999979019165,5809,14.659700393676758,1.1371599435806274,0.5150700211524963
2002-05-16 00:00:00,2002,5,16,0,0,0.7700260281562805,7.4969000816345215,5,5.276899814605713,4.346199989318848,6412,14.659700393676758,1.2709399461746216,0.5588700175285339
2002-05-16 03:00:00,2002,5,16,3,0,0.7768369913101196,8.095600128173828,5,5.890999794006348,4.845399856567383,6083,14.659700393676758,1.1873199939727783,0.5140200257301331
2002-05-16 06:00:00,2002,5,16,6,0,0.7802510261535645,8.749500274658203,5,6.558000087738037,5.432700157165527,5490,14.659700393676758,1.0806399583816528,0.4803099930286407
2002-05-16 09:00:00,2002,5,16,9,0,0.7859349846839905,9.201700210571287,15,7.071199893951416,5.947100162506104,5137,14.659700393676758,1.0163099765777588,0.4580599963665008
2002-05-16 12:00:00,2002,5,16,12,0,0.7941089868545532,9.526100158691406,15,7.413000106811523,6.269599914550781,4885,14.659700393676758,0.9715999960899352,0.4416800141334533
2002-05-16 15:00:00,2002,5,16,15,0,0.8016179800033569,9.797900199890137,15,7.6930999755859375,6.521699905395508,4677,14.659700393676758,0.9350600242614746,0.4264799952507019
2002-05-16 18:00:00,2002,5,16,18,0,0.8110250234603882,10.084600448608398,15,7.956799983978271,6.72599983215332,4595,14.659700393676758,0.9112600088119508,0.4116399884223938
2002-05-16 21:00:00,2002,5,16,21,0,0.8212869763374329,10.231200218200684,15,7.912600040435791,6.430200099945068,4645,14.659700393676758,0.9076300263404846,0.401989996433258
2002-05-17 00:00:00,2002,5,17,0,0,0.8310220241546631,9.94849967956543,15,7.231299877166748,5.599899768829346,4913,14.659700393676758,0.9449899792671204,0.4188199937343597
2002-05-17 03:00:00,2002,5,17,3,0,0.8412969708442688,10.135000228881836,15,7.9145002365112305,6.414000034332275,5373,13.326800346374512,0.9759699702262878,0.3809700012207031
2002-05-17 06:00:00,2002,5,17,6,0,0.8535150289535522,10.159899711608888,5,8.339799880981445,7.017399787902832,5942,13.326800346374512,1.0237599611282349,0.3535600006580353
2002-05-17 09:00:00,2002,5,17,9,0,0.8701249957084656,9.73069953918457,5,8.156299591064453,7.104700088500977,7058,13.326800346374512,1.142590045928955,0.3578999936580658
2002-05-17 12:00:00,2002,5,17,12,0,0.8908500075340271,9.008500099182127,5,7.802000045776367,7.0970001220703125,9740,13.326800346374512,1.4031100273132324,0.3556900024414062
2002-05-17 15:00:00,2002,5,17,15,0,0.8995720148086548,8.871800422668457,5,7.743899822235107,7.1072998046875,10615,10.01200008392334,1.477270007133484,0.351529985666275
2002-05-17 18:00:00,2002,5,17,18,0,0.900301992893219,8.79259967803955,5,7.651999950408935,7.007999897003174,10639,10.01200008392334,1.486590027809143,0.3555999994277954
2002-05-17 21:00:00,2002,5,17,21,0,0.896452009677887,8.710700035095215,5,7.152599811553955,6.059700012207031,10290,10.01200008392334,1.4685100317001345,0.3746899962425232
2002-05-18 00:00:00,2002,5,18,0,0,0.8923060297966003,8.22350025177002,5,6.451399803161621,5.412300109863281,11107,10.01200008392334,1.573519945144653,0.4215100109577179
2002-05-18 03:00:00,2002,5,18,3,0,0.8981180191040039,8.538900375366211,5,6.943600177764893,5.948599815368652,12140,11.013500213623049,1.6101200580596924,0.3934699892997741
2002-05-18 06:00:00,2002,5,18,6,0,0.9046519994735718,9.208000183105469,5,7.877099990844727,6.993400096893311,12774,11.013500213623049,1.5808099508285522,0.3448199927806854
2002-05-18 09:00:00,2002,5,18,9,0,0.9086139798164368,9.619000434875488,5,8.493200302124023,7.7382001876831055,13412,11.013500213623049,1.579200029373169,0.3124000132083893
2002-05-18 12:00:00,2002,5,18,12,0,0.9098870158195496,9.814800262451172,5,8.818099975585938,8.177800178527832,13675,11.013500213623049,1.5764800310134888,0.2966600060462951
2002-05-18 15:00:00,2002,5,18,15,0,0.9082509875297546,9.906499862670898,5,8.962200164794922,8.387399673461914,13513,11.013500213623049,1.5595200061798096,0.2922900021076202
2002-05-18 18:00:00,2002,5,18,18,0,0.9040650129318236,9.952400207519531,5,9.01389980316162,8.464400291442871,13083,11.013500213623049,1.531499981880188,0.2939099967479706
2002-05-18 21:00:00,2002,5,18,21,0,0.8983820080757141,9.969300270080566,5,9.015299797058104,8.469900131225586,12516,11.013500213623049,1.4975299835205078,0.2979899942874908
2002-05-19 00:00:00,2002,5,19,0,0,0.8925510048866272,9.95709991455078,5,8.983599662780762,8.43280029296875,11920,11.013500213623049,1.463230013847351,0.3022100031375885
2002-05-19 03:00:00,2002,5,19,3,0,0.8874239921569824,9.920000076293944,5,8.934900283813477,8.386300086975098,11377,10.01200008392334,1.4330899715423584,0.3058199882507324
2002-05-19 06:00:00,2002,5,19,6,0,0.883076012134552,9.858099937438965,5,8.86240005493164,8.315400123596191,10994,10.01200008392334,1.4143199920654297,0.3099400103092193
2002-05-19 09:00:00,2002,5,19,9,0,0.8808090090751648,9.75059986114502,5,8.735799789428711,8.191200256347656,11007,10.01200008392334,1.424739956855774,0.3167499899864197
2002-05-19 12:00:00,2002,5,19,12,0,0.8817870020866394,9.710100173950195,5,8.634400367736816,8.059700012207031,11399,10.01200008392334,1.45360004901886,0.3247199952602386
2002-05-19 15:00:00,2002,5,19,15,0,0.887615978717804,9.746800422668455,5,8.570099830627441,7.920499801635742,12402,10.01200008392334,1.511989951133728,0.3307799994945526
2002-05-19 18:00:00,2002,5,19,18,0,0.8930119872093201,9.85610008239746,5,8.613800048828125,7.863699913024902,13915,11.013500213623049,1.5895999670028689,0.3264299929141998
2002-05-19 21:00:00,2002,5,19,21,0,0.8932210206985474,9.618599891662598,15,7.849800109863281,6.529600143432617,15356,11.013500213623049,1.6896300315856934,0.3482899963855743
2002-05-20 00:00:00,2002,5,20,0,0,0.8824639916419983,8.544699668884277,15,6.77239990234375,5.6930999755859375,18624,11.013500213623049,1.991039991378784,0.4030599892139435
2002-05-20 03:00:00,2002,5,20,3,0,0.8694779872894287,8.822799682617188,25,7.5254998207092285,6.701600074768066,19281,11.013500213623049,1.993620038032532,0.3558200001716614
2002-05-20 06:00:00,2002,5,20,6,0,0.8527969717979431,9.053799629211426,25,7.843299865722656,7.055799961090088,18391,11.013500213623049,1.9189000129699707,0.3398100137710571
2002-05-20 09:00:00,2002,5,20,9,0,0.8439850211143494,9.05679988861084,25,7.887100219726562,7.134699821472168,18164,11.013500213623049,1.9066499471664429,0.3357700109481811
2002-05-20 12:00:00,2002,5,20,12,0,0.8373050093650818,8.872900009155273,35,7.733099937438965,6.96750020980835,17767,10.01200008392334,1.908210039138794,0.3332999944686889
2002-05-20 15:00:00,2002,5,20,15,0,0.8367919921875,8.653599739074707,35,7.636099815368652,6.990200042724609,16576,7.52180004119873,1.8708200454711916,0.3274700045585632
2002-05-20 18:00:00,2002,5,20,18,0,0.8318169713020325,8.53380012512207,35,7.617300033569336,7.06689977645874,14450,7.52180004119873,1.7624499797821045,0.3211599886417389
2002-05-20 21:00:00,2002,5,20,21,0,0.8317049741744995,8.230899810791016,45,7.1153998374938965,6.34060001373291,12356,7.52180004119873,1.6647900342941284,0.3422999978065491
2002-05-21 00:00:00,2002,5,21,0,0,0.8405539989471436,8.009599685668945,45,6.974100112915039,6.302000045776367,11088,7.52180004119873,1.6041200160980225,0.3465000092983246
2002-05-21 03:00:00,2002,5,21,3,0,0.8462420105934143,7.980999946594238,45,6.979700088500977,6.33519983291626,9815,7.52180004119873,1.5133899450302124,0.344760000705719
2002-05-21 06:00:00,2002,5,21,6,0,0.851701021194458,8.066900253295898,45,7.116399765014648,6.534900188446045,8641,7.52180004119873,1.4117599725723269,0.3413400053977966
2002-05-21 09:00:00,2002,5,21,9,0,0.8559359908103943,8.094400405883789,45,7.065800189971924,6.372000217437744,7696,8.274100303649902,1.3299299478530884,0.3451299965381622
2002-05-21 12:00:00,2002,5,21,12,0,0.8526639938354492,8.159799575805664,45,7.221700191497803,6.66949987411499,6943,8.274100303649902,1.2579100131988523,0.3425500094890594
2002-05-21 15:00:00,2002,5,21,15,0,0.8320969939231873,8.130200386047363,35,7.278200149536133,6.823200225830078,6520,7.52180004119873,1.222749948501587,0.3373199999332428
2002-05-21 18:00:00,2002,5,21,18,0,0.8125209808349609,7.761199951171875,35,6.899199962615967,6.434899806976318,6519,7.52180004119873,1.2572799921035769,0.3516600131988525
2002-05-21 21:00:00,2002,5,21,21,0,0.8019019961357117,7.253300189971924,25,6.05109977722168,5.30210018157959,6267,7.52180004119873,1.2800400257110596,0.396259993314743
2002-05-22 00:00:00,2002,5,22,0,0,0.7935829758644104,7.339099884033203,25,6.214600086212158,5.56850004196167,5587,7.52180004119873,1.2002999782562256,0.3972600102424621
2002-05-22 03:00:00,2002,5,22,3,0,0.7943050265312195,7.455100059509277,15,6.344699859619141,5.722700119018555,5113,7.52180004119873,1.1381800174713137,0.3964299857616424
2002-05-22 06:00:00,2002,5,22,6,0,0.799884021282196,7.561800003051758,15,6.466700077056885,5.884099960327148,4842,7.52180004119873,1.0990500450134275,0.3980799913406372
2002-05-22 09:00:00,2002,5,22,9,0,0.802839994430542,7.646699905395508,15,6.527599811553955,5.952300071716309,4629,13.326800346374512,1.0680400133132937,0.4042699933052063
2002-05-22 12:00:00,2002,5,22,12,0,0.8034409880638123,7.734899997711182,15,6.56440019607544,5.975399971008301,4381,13.326800346374512,1.032170057296753,0.4124299883842468
2002-05-22 15:00:00,2002,5,22,15,0,0.8039339780807495,7.847499847412109,15,6.611499786376953,5.997200012207031,4137,6.837800025939941,0.9943000078201294,0.419510006904602
2002-05-22 18:00:00,2002,5,22,18,0,0.8050339818000793,7.97130012512207,15,6.667099952697754,6.019299983978272,3925,6.837800025939941,0.9591100215911864,0.4241200089454651
2002-05-22 21:00:00,2002,5,22,21,0,0.8032119870185852,7.83620023727417,15,6.1149001121521,5.106299877166748,3743,12.114999771118164,0.9445300102233888,0.4460299909114837
2002-05-23 00:00:00,2002,5,23,0,0,0.7926750183105469,7.134699821472168,15,5.224199771881104,4.348700046539307,3814,12.114999771118164,1.0016000270843506,0.5153499841690063
2002-05-23 03:00:00,2002,5,23,3,0,0.7929499745368958,6.997600078582764,15,5.2256999015808105,4.428299903869629,3965,12.114999771118164,1.032130002975464,0.5213599801063538
2002-05-23 06:00:00,2002,5,23,6,0,0.8012999892234802,7.470499992370605,15,5.731100082397461,4.918700218200684,3894,12.114999771118164,0.9859300255775452,0.4958600103855133
2002-05-23 09:00:00,2002,5,23,9,0,0.8170650005340576,7.997799873352051,15,6.2993998527526855,5.45419979095459,4040,12.114999771118164,0.9660599827766418,0.4602200090885162
2002-05-23 12:00:00,2002,5,23,12,0,0.8445320129394531,8.365400314331055,25,6.866499900817871,6.038300037384033,4607,12.114999771118164,1.0057499408721924,0.4122399985790252
2002-05-23 15:00:00,2002,5,23,15,0,0.8684809803962708,8.581199645996094,25,7.310999870300293,6.558199882507324,5312,11.013500213623049,1.0642900466918943,0.3716099858283996
2002-05-23 18:00:00,2002,5,23,18,0,0.8741779923439026,8.602399826049805,25,7.36359977722168,6.566800117492676,5746,11.013500213623049,1.1046299934387207,0.3572199940681457
2002-05-23 21:00:00,2002,5,23,21,0,0.8614389896392822,8.053299903869629,15,6.349899768829346,5.279699802398682,5996,10.01200008392334,1.1693300008773804,0.4025200009346008
2002-05-24 00:00:00,2002,5,24,0,0,0.8373309969902039,7.3125,5,5.75570011138916,4.888199806213379,6744,10.01200008392334,1.312019944190979,0.4367499947547912
2002-05-24 03:00:00,2002,5,24,3,0,0.8314539790153503,7.673099994659424,5,6.115099906921387,5.179100036621094,6153,10.01200008392334,1.2204999923706057,0.4162200093269348
2002-05-24 06:00:00,2002,5,24,6,0,0.8281360268592834,8.110400199890137,5,6.608200073242188,5.66379976272583,5395,10.01200008392334,1.1075199842453003,0.3969199955463409
2002-05-24 09:00:00,2002,5,24,9,0,0.8307369947433472,8.537300109863281,5,7.151000022888184,6.249899864196777,4778,10.01200008392334,1.0127500295639038,0.3747999966144562
2002-05-24 12:00:00,2002,5,24,12,0,0.8425329923629761,8.803500175476074,15,7.494999885559082,6.612800121307373,4392,10.01200008392334,0.9546200037002563,0.358920007944107
2002-05-24 15:00:00,2002,5,24,15,0,0.8511980175971985,8.952699661254883,15,7.702000141143799,6.839399814605713,4181,10.01200008392334,0.9227799773216248,0.3487499952316284
2002-05-24 18:00:00,2002,5,24,18,0,0.8514329791069031,8.987899780273438,15,7.682499885559082,6.776999950408936,4014,10.01200008392334,0.902400016784668,0.3531500101089477
2002-05-24 21:00:00,2002,5,24,21,0,0.8419299721717834,8.621199607849121,15,6.7006001472473145,5.414500236511231,3917,10.01200008392334,0.9121900200843812,0.3991400003433227
2002-05-25 00:00:00,2002,5,25,0,0,0.8198480010032654,7.730700016021728,15,5.620100021362305,4.57289981842041,4173,9.101699829101562,0.9997199773788452,0.4806300103664398
2002-05-25 03:00:00,2002,5,25,3,0,0.832722008228302,8.159899711608887,15,6.288400173187256,5.22730016708374,4365,9.101699829101562,0.9924899935722352,0.4373300075531006
2002-05-25 06:00:00,2002,5,25,6,0,0.8614090085029602,8.683300018310547,15,7.090199947357178,6.053400039672852,4852,9.101699829101562,1.0087599754333496,0.3812899887561798
2002-05-25 09:00:00,2002,5,25,9,0,0.8856289982795715,8.997200012207031,15,7.690199851989746,6.7256999015808105,5676,9.101699829101562,1.0677200555801392,0.3325699865818023
2002-05-25 12:00:00,2002,5,25,12,0,0.900963008403778,9.167099952697754,15,8.131199836730957,7.313600063323975,6533,9.101699829101562,1.1325299739837646,0.2958399951457977
2002-05-25 15:00:00,2002,5,25,15,0,0.9088940024375916,9.230799674987791,15,8.396599769592285,7.753900051116943,7228,9.101699829101562,1.1864800453186035,0.2736200094223022
2002-05-25 18:00:00,2002,5,25,18,0,0.9127320051193236,9.212300300598145,15,8.504400253295898,8.00979995727539,7758,9.101699829101562,1.2307000160217283,0.2621400058269501
2002-05-25 21:00:00,2002,5,25,21,0,0.914342999458313,9.126700401306152,15,8.47819995880127,8.05720043182373,8119,9.101699829101562,1.266129970550537,0.2577599883079529
2002-05-26 00:00:00,2002,5,26,0,0,0.9135500192642212,8.986800193786621,15,8.302000045776367,7.79610013961792,8134,9.101699829101562,1.2794100046157837,0.2618699967861175
2002-05-26 03:00:00,2002,5,26,3,0,0.9115610122680664,8.856399536132812,15,8.187299728393555,7.770299911499023,7777,9.101699829101562,1.2625800371170044,0.2693000137805938
2002-05-26 06:00:00,2002,5,26,6,0,0.9084399938583374,8.740599632263184,15,8.060799598693848,7.690499782562256,7272,9.101699829101562,1.230929970741272,0.2783200144767761
2002-05-26 09:00:00,2002,5,26,9,0,0.9039220213890076,8.644499778747559,15,7.929800033569336,7.5447998046875,6777,9.101699829101562,1.1964900493621826,0.286870002746582
2002-05-26 12:00:00,2002,5,26,12,0,0.8978980183601379,8.559399604797363,15,7.810800075531006,7.406099796295166,6390,9.101699829101562,1.1690800189971924,0.294869989156723
2002-05-26 15:00:00,2002,5,26,15,0,0.8914840221405029,8.452099800109863,15,7.672599792480469,7.249800205230713,6089,9.101699829101562,1.1503299474716189,0.303270012140274
2002-05-26 18:00:00,2002,5,26,18,0,0.8872529864311218,8.340900421142578,25,7.527200222015381,7.081699848175049,5765,8.274100303649902,1.1285300254821775,0.3120900094509125
2002-05-26 21:00:00,2002,5,26,21,0,0.8841500282287598,8.235300064086914,25,7.34089994430542,6.787399768829346,5409,8.274100303649902,1.1017800569534302,0.3219000101089477
2002-05-27 00:00:00,2002,5,27,0,0,0.8810780048370361,8.149399757385254,25,7.16379976272583,6.494400024414063,5082,8.274100303649902,1.0749900341033936,0.3313499987125397
2002-05-27 03:00:00,2002,5,27,3,0,0.8781129717826843,8.136199951171875,25,7.180699825286865,6.586999893188477,4798,8.274100303649902,1.0460799932479858,0.3359799981117248
2002-05-27 06:00:00,2002,5,27,6,0,0.8754860162734985,8.067099571228027,25,7.081900119781494,6.492199897766113,4641,8.274100303649902,1.0343600511550903,0.3466100096702575
2002-05-27 09:00:00,2002,5,27,9,0,0.8745189905166626,7.829699993133545,25,6.6579999923706055,5.910900115966797,4708,8.274100303649902,1.059499979019165,0.3724200129508972
2002-05-27 12:00:00,2002,5,27,12,0,0.8753899931907654,7.541999816894531,25,6.098199844360352,5.2052001953125,4804,7.52180004119873,1.0922499895095823,0.4098599851131439
2002-05-27 15:00:00,2002,5,27,15,0,0.8792060017585754,7.323599815368652,25,5.761199951171875,4.875899791717529,4958,7.52180004119873,1.1271400451660156,0.4401299953460693
2002-05-27 18:00:00,2002,5,27,18,0,0.8848459720611572,6.795400142669678,25,5.260499954223633,4.478799819946289,5664,7.52180004119873,1.2567100524902344,0.4726999998092651
2002-05-27 21:00:00,2002,5,27,21,0,0.8884050250053406,6.487500190734863,35,5.202000141143799,4.507999897003174,7257,6.837800025939941,1.4646799564361572,0.4483900070190429
2002-05-28 00:00:00,2002,5,28,0,0,0.8867859840393066,6.340700149536133,35,5.229400157928467,4.588200092315674,9361,6.837800025939941,1.6887999773025513,0.4147999882698059
2002-05-28 03:00:00,2002,5,28,3,0,0.87882000207901,6.511300086975098,35,5.436399936676025,4.765699863433838,11376,7.52180004119873,1.8336299657821653,0.3833500146865845
2002-05-28 06:00:00,2002,5,28,6,0,0.8741989731788635,6.757199764251709,35,5.64900016784668,4.938000202178955,12228,7.52180004119873,1.858309984207153,0.3722999989986419
2002-05-28 09:00:00,2002,5,28,9,0,0.8675469756126404,6.867300033569336,35,5.708399772644043,4.975100040435791,11864,7.52180004119873,1.8118400573730469,0.3785000145435333
2002-05-28 12:00:00,2002,5,28,12,0,0.8614410161972046,6.963699817657471,35,5.78000020980835,5.043799877166748,11283,6.837800025939941,1.752060055732727,0.3850399851799011
2002-05-28 15:00:00,2002,5,28,15,0,0.8608019948005676,7.134200096130371,35,5.917500019073486,5.157599925994873,10696,6.837800025939941,1.681439995765686,0.3855499923229217
2002-05-28 18:00:00,2002,5,28,18,0,0.8578320145606995,7.028200149536133,35,5.746500015258789,4.975100040435791,10678,6.837800025939941,1.6932599544525146,0.4004800021648407
2002-05-28 21:00:00,2002,5,28,21,0,0.8601719737052917,6.678199768066406,35,5.497300148010254,4.8018999099731445,11957,6.837800025939941,1.8477799892425537,0.4054000079631805
2002-05-29 00:00:00,2002,5,29,0,0,0.8737580180168152,6.698200225830078,35,5.632900238037109,4.971199989318848,13367,6.837800025939941,1.9540200233459477,0.3801600039005279
2002-05-29 03:00:00,2002,5,29,3,0,0.8812289834022522,6.905700206756592,35,5.790299892425537,5.072800159454346,15696,8.274100303649902,2.076169967651367,0.3675599992275238
2002-05-29 06:00:00,2002,5,29,6,0,0.8896250128746033,7.325500011444092,35,6.190999984741211,5.423200130462647,17758,9.101699829101562,2.1287999153137207,0.3479700088500976
2002-05-29 09:00:00,2002,5,29,9,0,0.8855389952659607,7.448699951171875,35,6.29670000076294,5.523900032043457,16071,9.101699829101562,2.0046401023864746,0.3491599857807159
2002-05-29 12:00:00,2002,5,29,12,0,0.8857110142707825,7.7846999168396,25,6.711999893188477,5.969699859619141,13597,9.101699829101562,1.7976900339126587,0.3326500058174133
2002-05-29 15:00:00,2002,5,29,15,0,0.8858299851417542,8.134400367736816,25,7.188899993896484,6.562900066375732,12116,9.101699829101562,1.6535500288009644,0.3141300082206726
2002-05-29 18:00:00,2002,5,29,18,0,0.8851789832115173,8.357199668884277,25,7.472899913787842,6.920899868011475,11275,9.101699829101562,1.569509983062744,0.3043799996376037
2002-05-29 21:00:00,2002,5,29,21,0,0.8889210224151611,8.513699531555176,15,7.649099826812744,7.128900051116943,10740,9.101699829101562,1.5152699947357178,0.301250010728836
2002-05-30 00:00:00,2002,5,30,0,0,0.8936079740524292,8.696399688720703,15,7.813199996948242,7.298299789428711,10637,9.101699829101562,1.49072003364563,0.3075999915599823
2002-05-30 03:00:00,2002,5,30,3,0,0.9008970260620116,9.03279972076416,15,8.055100440979004,7.518300056457519,11303,9.101699829101562,1.5087000131607056,0.3326700031757355
2002-05-30 06:00:00,2002,5,30,6,0,0.9125009775161744,9.683199882507324,15,8.48799991607666,7.88070011138916,13369,10.01200008392334,1.58774995803833,0.3665800094604492
2002-05-30 09:00:00,2002,5,30,9,0,0.9269390106201172,10.616700172424316,15,9.183600425720217,8.4576997756958,17773,17.73889923095703,1.7488399744033811,0.3714199960231781
2002-05-30 12:00:00,2002,5,30,12,0,0.939589023590088,11.441100120544434,5,9.886099815368652,8.98840045928955,25093,16.125999450683594,1.995419979095459,0.3447099924087524
2002-05-30 15:00:00,2002,5,30,15,0,0.9496390223503112,11.846400260925291,5,10.258299827575684,9.16860008239746,33389,16.125999450683594,2.2528200149536133,0.3170199990272522
2002-05-30 18:00:00,2002,5,30,18,0,0.95421302318573,11.942299842834473,5,10.414299964904783,9.272100448608398,38372,14.659700393676758,2.3972299098968506,0.2977400124073028
2002-05-30 21:00:00,2002,5,30,21,0,0.9555209875106812,11.82960033416748,5,10.360799789428713,9.214900016784668,38586,14.659700393676758,2.4089999198913574,0.2879399955272674
2002-05-31 00:00:00,2002,5,31,0,0,0.9524620175361632,11.052200317382812,5,9.009900093078612,7.465400218963623,36881,14.659700393676758,2.4373700618743896,0.334879994392395
2002-05-31 03:00:00,2002,5,31,3,0,0.948194980621338,10.688799858093262,5,8.833000183105469,7.466300010681152,33967,13.326800346374512,2.379110097885132,0.336540013551712
2002-05-31 06:00:00,2002,5,31,6,0,0.9477199912071228,10.797499656677246,5,9.235199928283691,8.04069995880127,29190,13.326800346374512,2.188810110092163,0.3093500137329101
2002-05-31 09:00:00,2002,5,31,9,0,0.947458028793335,10.824700355529783,5,9.467399597167969,8.418000221252441,25309,13.326800346374512,2.031179904937744,0.2894200086593628
2002-05-31 12:00:00,2002,5,31,12,0,0.9473029971122742,10.805700302124023,5,9.559300422668455,8.567899703979492,22731,13.326800346374512,1.923589944839477,0.2760800123214721
2002-05-31 15:00:00,2002,5,31,15,0,0.9467710256576538,10.753499984741213,5,9.566800117492676,8.579099655151367,20855,12.114999771118164,1.8451499938964844,0.267300009727478
2002-05-31 18:00:00,2002,5,31,18,0,0.9444569945335388,10.559200286865234,5,9.238300323486328,8.025400161743164,19211,12.114999771118164,1.787019968032837,0.2716600000858307
2002-05-31 21:00:00,2002,5,31,21,0,0.9366000294685364,9.889900207519531,5,8.043600082397461,6.569900035858154,18215,12.114999771118164,1.8028700351715088,0.3219200074672699
2002-06-01 00:00:00,2002,6,1,0,0,0.9286609888076782,8.70300006866455,355,6.781599998474121,5.583899974822998,19298,12.114999771118164,1.996690034866333,0.3903500139713287
2002-06-01 03:00:00,2002,6,1,3,0,0.9315580129623412,8.829500198364258,355,7.089799880981445,5.888500213623047,18371,12.114999771118164,1.9339699745178225,0.3623400032520294
2002-06-01 06:00:00,2002,6,1,6,0,0.9333119988441468,9.187199592590332,355,7.619200229644775,6.422900199890137,16716,12.114999771118164,1.8031799793243408,0.3311600089073181
2002-06-01 09:00:00,2002,6,1,9,0,0.9360430240631104,9.459099769592283,355,8.066300392150879,6.937300205230713,15416,12.114999771118164,1.7026100158691406,0.3073599934577942
2002-06-01 12:00:00,2002,6,1,12,0,0.9393519759178162,9.569299697875977,355,8.296600341796875,7.228600025177002,14566,12.114999771118164,1.6434199810028076,0.2923299968242645
2002-06-01 15:00:00,2002,6,1,15,0,0.9395310282707214,9.487500190734863,355,8.179400444030762,7.075399875640869,13423,11.013500213623049,1.5842100381851196,0.2934699952602386
2002-06-01 18:00:00,2002,6,1,18,0,0.9357579946517944,9.226900100708008,355,7.750400066375732,6.543399810791016,12341,11.013500213623049,1.541990041732788,0.3089199960231781
2002-06-01 21:00:00,2002,6,1,21,0,0.9331330060958862,9.030500411987305,355,7.470600128173828,6.228400230407715,11458,11.013500213623049,1.5033799409866333,0.3176400065422058
2002-06-02 00:00:00,2002,6,2,0,0,0.9277179837226868,8.460700035095215,355,6.69890022277832,5.513700008392334,11160,11.013500213623049,1.5389800071716309,0.3613100051879883
2002-06-02 03:00:00,2002,6,2,3,0,0.9266769886016846,8.310999870300293,355,6.617700099945068,5.465700149536133,10572,11.013500213623049,1.514780044555664,0.3602100014686584
2002-06-02 06:00:00,2002,6,2,6,0,0.9275360107421876,8.428500175476074,355,6.982600212097168,5.916600227355957,9775,11.013500213623049,1.4472600221633911,0.3350400030612945
2002-06-02 09:00:00,2002,6,2,9,0,0.928301990032196,8.671099662780762,355,7.527200222015381,6.626500129699707,8824,11.013500213623049,1.3545299768447876,0.3026500046253204
2002-06-02 12:00:00,2002,6,2,12,0,0.9289010167121888,8.759599685668945,355,7.729400157928467,6.914700031280518,7982,11.013500213623049,1.2811399698257446,0.2908099889755249
2002-06-02 15:00:00,2002,6,2,15,0,0.9275469779968262,8.763299942016602,355,7.737400054931641,6.922999858856201,7272,10.01200008392334,1.222790002822876,0.2912899851799011
2002-06-02 18:00:00,2002,6,2,18,0,0.9230070114135742,8.56089973449707,355,7.329400062561035,6.351399898529053,6603,10.01200008392334,1.1806800365447998,0.3124299943447113
2002-06-02 21:00:00,2002,6,2,21,0,0.9149829745292664,8.25,355,6.727099895477295,5.598599910736084,5980,10.01200008392334,1.1476500034332275,0.3443900048732757
2002-06-03 00:00:00,2002,6,3,0,0,0.8925179839134216,7.027200222015381,345,5.34119987487793,4.442500114440918,6070,10.01200008392334,1.2671899795532229,0.4417499899864197
2002-06-03 03:00:00,2002,6,3,3,0,0.8890299797058105,7.151500225067139,345,5.529300212860107,4.612400054931641,5803,10.01200008392334,1.229740023612976,0.4262599945068359
2002-06-03 06:00:00,2002,6,3,6,0,0.8890079855918884,7.832499980926514,345,6.324100017547607,5.342700004577637,5363,10.01200008392334,1.1234699487686155,0.3842999935150146
2002-06-03 09:00:00,2002,6,3,9,0,0.8962479829788208,8.4621000289917,355,7.1479997634887695,6.224400043487549,5335,10.01200008392334,1.0721399784088137,0.3493399918079376
2002-06-03 12:00:00,2002,6,3,12,0,0.9043409824371338,8.848400115966797,355,7.6834001541137695,6.832200050354004,5650,10.01200008392334,1.0752999782562256,0.3244999945163727
2002-06-03 15:00:00,2002,6,3,15,0,0.9095190167427064,9.027600288391112,355,7.963099956512451,7.166100025177002,5988,10.01200008392334,1.094640016555786,0.3096500039100647
2002-06-03 18:00:00,2002,6,3,18,0,0.91075199842453,9.08549976348877,355,8.053600311279297,7.257800102233887,6207,10.01200008392334,1.1108399629592896,0.3042699992656708
2002-06-03 21:00:00,2002,6,3,21,0,0.9109429717063904,9.072699546813965,5,7.914000034332275,6.886799812316895,6310,9.101699829101562,1.121709942817688,0.3065800070762634
2002-06-04 00:00:00,2002,6,4,0,0,0.9109519720077516,8.987299919128418,5,7.565700054168701,6.314199924468994,6328,9.101699829101562,1.130079984664917,0.3246200084686279
2002-06-04 03:00:00,2002,6,4,3,0,0.909142017364502,9.231300354003906,5,8.183500289916992,7.376399993896484,6203,9.101699829101562,1.103790044784546,0.3146399855613708
2002-06-04 06:00:00,2002,6,4,6,0,0.9060800075531006,9.416899681091309,5,8.44219970703125,7.812099933624268,6194,9.101699829101562,1.0918400287628174,0.3177199959754944
2002-06-04 09:00:00,2002,6,4,9,0,0.9148359894752502,9.63949966430664,5,8.772700309753418,8.261899948120117,7739,10.01200008392334,1.2014800310134888,0.297109991312027
2002-06-04 12:00:00,2002,6,4,12,0,0.9305260181427002,9.44130039215088,5,8.702300071716309,8.290599822998047,11904,10.01200008392334,1.5039000511169434,0.2764900028705597
2002-06-04 15:00:00,2002,6,4,15,0,0.9364230036735536,9.32960033416748,5,8.553400039672852,8.100099563598633,14145,10.01200008392334,1.6485199928283691,0.2773700058460235
2002-06-04 18:00:00,2002,6,4,18,0,0.9355800151824952,9.343099594116213,5,8.54539966583252,8.065099716186523,14185,10.01200008392334,1.649440050125122,0.2789900004863739
2002-06-04 21:00:00,2002,6,4,21,0,0.9311140179634094,9.357999801635742,5,8.536199569702148,8.038299560546875,13491,10.01200008392334,1.6085200309753418,0.2847700119018554
2002-06-05 00:00:00,2002,6,5,0,0,0.9245759844779968,9.297900199890137,5,8.257800102233887,7.407100200653076,12629,10.01200008392334,1.5637099742889404,0.2997699975967407
2002-06-05 03:00:00,2002,6,5,3,0,0.9192100167274476,9.207799911499023,15,8.043100357055664,7.1570000648498535,11776,10.01200008392334,1.5198299884796145,0.3196800053119659
2002-06-05 06:00:00,2002,6,5,6,0,0.9163960218429564,9.264200210571287,15,8.203399658203125,7.48960018157959,10922,9.101699829101562,1.4606900215148926,0.3209800124168396
2002-06-05 09:00:00,2002,6,5,9,0,0.9134789705276488,9.311599731445312,15,8.298800468444824,7.678100109100342,10163,9.101699829101562,1.4066599607467651,0.323199987411499
2002-06-05 12:00:00,2002,6,5,12,0,0.910506010055542,9.345199584960938,15,8.326199531555176,7.750699996948242,9496,9.101699829101562,1.358299970626831,0.3296700119972229
2002-06-05 15:00:00,2002,6,5,15,0,0.9070559740066528,9.384099960327148,15,8.31309986114502,7.737400054931641,8886,9.101699829101562,1.3122600317001345,0.3397200107574463
2002-06-05 18:00:00,2002,6,5,18,0,0.9015640020370485,9.258899688720703,15,8.13290023803711,7.5524001121521,8831,9.101699829101562,1.3199700117111206,0.3548499941825866
2002-06-05 21:00:00,2002,6,5,21,0,0.8966010212898254,8.796099662780762,15,7.382699966430664,6.480899810791016,9338,9.101699829101562,1.3987599611282349,0.3869099915027618
2002-06-06 00:00:00,2002,6,6,0,0,0.8944069743156433,8.334600448608398,15,6.797999858856201,5.886000156402588,9718,9.101699829101562,1.472000002861023,0.4184800088405609
2002-06-06 03:00:00,2002,6,6,3,0,0.893189013004303,8.189200401306152,15,6.727399826049805,5.873799800872803,9706,9.101699829101562,1.4872699975967407,0.4198899865150451
2002-06-06 06:00:00,2002,6,6,6,0,0.8909310102462769,8.110600471496582,15,6.790200233459473,6.017199993133545,9665,8.274100303649902,1.493299961090088,0.4079700112342834
2002-06-06 09:00:00,2002,6,6,9,0,0.8856970071792603,8.067500114440918,5,6.776599884033203,5.986000061035156,9141,8.274100303649902,1.457069993019104,0.4006800055503845
2002-06-06 12:00:00,2002,6,6,12,0,0.8768829703330994,8.136899948120117,5,6.876100063323975,6.092700004577637,8245,8.274100303649902,1.3770699501037598,0.393449991941452
2002-06-06 15:00:00,2002,6,6,15,0,0.8692529797554016,8.347999572753906,5,7.079999923706055,6.267600059509277,7392,8.274100303649902,1.2847800254821775,0.3852699995040893
2002-06-06 18:00:00,2002,6,6,18,0,0.8593909740447998,8.36400032043457,5,6.831299781799316,5.836999893188477,6966,8.274100303649902,1.245419979095459,0.4059500098228454
2002-06-06 21:00:00,2002,6,6,21,0,0.8334810137748718,7.39900016784668,355,5.548699855804443,4.615600109100342,7472,8.274100303649902,1.379729986190796,0.4893400073051452
2002-06-07 00:00:00,2002,6,7,0,0,0.8383539915084839,7.104899883270264,345,5.544099807739258,4.695400238037109,9255,8.274100303649902,1.5731699466705322,0.4602400064468384
2002-06-07 03:00:00,2002,6,7,3,0,0.8337399959564209,7.502900123596191,355,5.855400085449219,4.917600154876709,7768,8.274100303649902,1.3959100246429443,0.4452300071716308
2002-06-07 06:00:00,2002,6,7,6,0,0.8234670162200928,7.734600067138672,355,5.908199787139893,4.891300201416016,6123,8.274100303649902,1.2172199487686155,0.4557499885559082
2002-06-07 09:00:00,2002,6,7,9,0,0.8280320167541504,8.069199562072754,355,6.271500110626221,5.197700023651123,5575,8.274100303649902,1.1333600282669067,0.432229995727539
2002-06-07 12:00:00,2002,6,7,12,0,0.8353239893913269,8.196100234985352,355,6.463399887084961,5.402100086212158,5538,8.274100303649902,1.1186100244522097,0.4199000000953674
2002-06-07 15:00:00,2002,6,7,15,0,0.8422470092773438,8.600700378417969,355,7.002500057220459,5.951300144195557,5569,14.659700393676758,1.0911099910736084,0.3920300006866455
2002-06-07 18:00:00,2002,6,7,18,0,0.8446339964866638,8.469200134277344,355,6.562900066375732,5.374899864196777,5922,14.659700393676758,1.1327699422836304,0.4139499962329864
2002-06-07 21:00:00,2002,6,7,21,0,0.8416500091552734,7.32390022277832,355,5.44950008392334,4.518700122833252,7295,14.659700393676758,1.3627699613571167,0.4806300103664398
2002-06-08 00:00:00,2002,6,8,0,0,0.8576819896697998,7.2221999168396,345,5.537300109863281,4.6305999755859375,8556,8.274100303649902,1.488759994506836,0.4504700005054474
2002-06-08 03:00:00,2002,6,8,3,0,0.8692880272865295,7.569699764251709,345,5.914000034332275,4.936200141906738,8000,8.274100303649902,1.400760054588318,0.4171600043773651
2002-06-08 06:00:00,2002,6,8,6,0,0.8771010041236877,7.950699806213379,355,6.398900032043457,5.373300075531006,7139,9.101699829101562,1.2865699529647827,0.3824599981307983
2002-06-08 09:00:00,2002,6,8,9,0,0.8868589997291565,8.33899974822998,355,7.084400177001953,6.1427001953125,6772,9.101699829101562,1.2200000286102295,0.3364199995994568
2002-06-08 12:00:00,2002,6,8,12,0,0.8884090185165405,8.45110034942627,355,7.331900119781494,6.480000019073486,6542,9.101699829101562,1.1899199485778809,0.320169985294342
2002-06-08 15:00:00,2002,6,8,15,0,0.8854809999465942,8.367899894714355,355,7.13730001449585,6.174699783325195,6312,9.101699829101562,1.17507004737854,0.3264900147914886
2002-06-08 18:00:00,2002,6,8,18,0,0.8816019892692566,8.154899597167969,355,6.777400016784668,5.748199939727783,6101,9.101699829101562,1.1721899509429932,0.3445299863815307
2002-06-08 21:00:00,2002,6,8,21,0,0.8760600090026855,7.597099781036377,345,5.9791998863220215,4.964300155639648,6084,9.101699829101562,1.2179299592971802,0.393669992685318
2002-06-09 00:00:00,2002,6,9,0,0,0.8824359774589539,7.023799896240234,345,5.494900226593018,4.609899997711182,7081,9.101699829101562,1.3751100301742554,0.4144900143146515
2002-06-09 03:00:00,2002,6,9,3,0,0.8913530111312866,7.329899787902832,345,5.908299922943115,4.981500148773193,7327,9.101699829101562,1.366029977798462,0.3758099973201751
2002-06-09 06:00:00,2002,6,9,6,0,0.8969690203666687,7.918700218200684,345,6.777299880981445,5.893899917602539,6768,9.101699829101562,1.256700038909912,0.3204300105571747
2002-06-09 09:00:00,2002,6,9,9,0,0.8934000134468079,8.154800415039062,345,7.156300067901611,6.3730998039245605,5915,9.101699829101562,1.155110001564026,0.303710013628006
2002-06-09 12:00:00,2002,6,9,12,0,0.8847860097885132,8.240799903869629,345,7.354700088500977,6.716899871826172,4998,8.274100303649902,1.0563000440597534,0.3000200092792511
2002-06-09 15:00:00,2002,6,9,15,0,0.8718109726905823,8.136699676513672,345,7.214000225067139,6.59060001373291,4215,8.274100303649902,0.9782500267028807,0.316100001335144
2002-06-09 18:00:00,2002,6,9,18,0,0.862733006477356,7.957699775695801,345,7.014599800109863,6.4182000160217285,3815,8.274100303649902,0.944000005722046,0.3321200013160705
2002-06-09 21:00:00,2002,6,9,21,0,0.8506739735603333,7.415999889373779,345,5.842700004577637,4.820700168609619,3476,8.274100303649902,0.9376000165939332,0.3946700096130371
2002-06-10 00:00:00,2002,6,10,0,0,0.8452579975128174,6.803999900817871,345,5.202700138092041,4.348599910736084,3473,8.274100303649902,0.9835000038146972,0.4519200026988983
2002-06-10 03:00:00,2002,6,10,3,0,0.8509060144424438,6.98829984664917,345,5.511799812316895,4.667600154876709,3593,8.274100303649902,0.986710011959076,0.4311699867248535
2002-06-10 06:00:00,2002,6,10,6,0,0.8529009819030762,7.366799831390381,345,5.969799995422363,5.119200229644775,3556,8.274100303649902,0.9529299736022948,0.4095500111579895
2002-06-10 09:00:00,2002,6,10,9,0,0.8524370193481445,7.72189998626709,345,6.417399883270264,5.65369987487793,3487,7.52180004119873,0.9178400039672852,0.3996799886226654
2002-06-10 12:00:00,2002,6,10,12,0,0.8572049736976624,8.06659984588623,355,6.736700057983398,5.975200176239014,3503,12.114999771118164,0.8957700133323669,0.393990010023117
2002-06-10 15:00:00,2002,6,10,15,0,0.8651610016822815,8.365699768066406,355,6.941500186920166,6.110799789428711,3589,11.013500213623049,0.8867200016975403,0.3917900025844574
2002-06-10 18:00:00,2002,6,10,18,0,0.8716350197792053,8.567999839782715,355,7.001999855041504,6.050099849700928,3744,11.013500213623049,0.8923400044441223,0.3938899934291839
2002-06-10 21:00:00,2002,6,10,21,0,0.8700039982795715,7.6305999755859375,355,5.484899997711182,4.450200080871582,4211,11.013500213623049,1.007099986076355,0.4837099909782409
2002-06-11 00:00:00,2002,6,11,0,0,0.8652769923210144,6.854100227355957,355,5.110099792480469,4.294400215148926,5270,11.013500213623049,1.1998399496078491,0.5018500089645386
2002-06-11 03:00:00,2002,6,11,3,0,0.867447018623352,7.139500141143799,355,5.441599845886231,4.563799858093262,5382,11.013500213623049,1.1867300271987915,0.4666999876499176
2002-06-11 06:00:00,2002,6,11,6,0,0.87009197473526,7.77209997177124,355,6.149799823760986,5.198699951171875,4946,10.01200008392334,1.0851500034332275,0.4247899949550628
2002-06-11 09:00:00,2002,6,11,9,0,0.8635839819908142,8.137999534606934,355,6.537300109863281,5.5605998039245605,4478,10.01200008392334,1.0071899890899658,0.4129100143909454
2002-06-11 12:00:00,2002,6,11,12,0,0.8614410161972046,8.239100456237793,355,6.777400016784668,5.8379998207092285,4614,10.01200008392334,1.0177199840545654,0.3968499898910522
2002-06-11 15:00:00,2002,6,11,15,0,0.8646460175514221,8.110899925231934,355,6.679399967193604,5.714000225067139,5253,10.01200008392334,1.0959399938583374,0.3864000141620636
2002-06-11 18:00:00,2002,6,11,18,0,0.8645979762077332,8.100799560546875,355,6.683199882507324,5.694699764251709,5567,9.101699829101562,1.1287200450897217,0.3774099946022033
2002-06-11 21:00:00,2002,6,11,21,0,0.8586480021476746,7.625999927520752,345,5.881199836730957,4.853899955749512,5772,9.101699829101562,1.1878199577331543,0.4302499890327453
2002-06-12 00:00:00,2002,6,12,0,0,0.8587849736213684,7.276800155639648,345,5.650400161743164,4.754499912261963,6421,9.101699829101562,1.2891199588775637,0.4537799954414367
2002-06-12 03:00:00,2002,6,12,3,0,0.853717029094696,7.720699787139893,345,6.108099937438965,5.149199962615967,6397,9.101699829101562,1.2457400560379028,0.4338800013065338
2002-06-12 06:00:00,2002,6,12,6,0,0.840906023979187,8.337200164794922,355,6.871399879455566,5.964300155639648,6077,9.101699829101562,1.16225004196167,0.4048500061035156
2002-06-12 09:00:00,2002,6,12,9,0,0.8334149718284607,8.763899803161621,355,7.385200023651123,6.543799877166748,5880,9.101699829101562,1.1100000143051147,0.3840500116348266
2002-06-12 12:00:00,2002,6,12,12,0,0.8263469934463501,9.05679988861084,355,7.675399780273437,6.844200134277344,5797,9.101699829101562,1.08118999004364,0.3760699927806854
2002-06-12 15:00:00,2002,6,12,15,0,0.8223170042037964,9.37310028076172,355,7.932000160217285,7.063399791717529,5961,9.101699829101562,1.076069951057434,0.375110000371933
2002-06-12 18:00:00,2002,6,12,18,0,0.8192989826202393,9.598999977111816,355,8.030500411987305,7.064300060272217,6291,17.73889923095703,1.0923700332641602,0.3824799954891205
2002-06-12 21:00:00,2002,6,12,21,0,0.8203909993171692,9.70680046081543,5,7.982800006866455,6.843599796295166,6525,17.73889923095703,1.1061700582504272,0.3869700133800506
2002-06-13 00:00:00,2002,6,13,0,0,0.8212940096855164,9.694199562072754,5,7.915999889373779,6.723899841308594,6464,17.73889923095703,1.1007100343704224,0.3866400122642517
2002-06-13 03:00:00,2002,6,13,3,0,0.8211879730224609,9.65429973602295,5,8.074199676513672,7.04449987411499,6150,10.01200008392334,1.0740400552749634,0.3718200027942657
2002-06-13 06:00:00,2002,6,13,6,0,0.820451021194458,9.662500381469728,5,8.22719955444336,7.277200222015381,5775,10.01200008392334,1.038409948348999,0.353410005569458
2002-06-13 09:00:00,2002,6,13,9,0,0.8184279799461365,9.839400291442873,5,8.450200080871582,7.526800155639648,5662,10.01200008392334,1.0178699493408203,0.3444100022315979
2002-06-13 12:00:00,2002,6,13,12,0,0.8148620128631592,10.19379997253418,15,8.73799991607666,7.768099784851074,5892,10.01200008392334,1.0205899477005005,0.3459199965000152
2002-06-13 15:00:00,2002,6,13,15,0,0.8216230273246765,10.445799827575684,15,8.710399627685547,7.527500152587891,6247,16.125999450683594,1.0395100116729736,0.3609800040721893
2002-06-13 18:00:00,2002,6,13,18,0,0.8254579901695251,10.07450008392334,15,7.3592000007629395,5.661499977111816,6460,16.125999450683594,1.0797899961471558,0.4167400002479553
2002-06-13 21:00:00,2002,6,13,21,0,0.833325982093811,8.614800453186035,25,5.738399982452393,4.539599895477295,6835,16.125999450683594,1.2102700471878052,0.5370399951934814
2002-06-14 00:00:00,2002,6,14,0,0,0.8378769755363464,8.24590015411377,25,5.68149995803833,4.625400066375732,6658,16.125999450683594,1.2253799438476562,0.5515400171279907
2002-06-14 03:00:00,2002,6,14,3,0,0.8334550261497498,8.432999610900879,25,5.862100124359131,4.755499839782715,5877,16.125999450683594,1.1369199752807615,0.5360599756240845
2002-06-14 06:00:00,2002,6,14,6,0,0.8335369825363159,8.696000099182129,25,6.258399963378906,5.129700183868408,5423,16.125999450683594,1.073740005493164,0.5092099905014038
2002-06-14 09:00:00,2002,6,14,9,0,0.837020993232727,8.963399887084961,25,6.514400005340576,5.310200214385986,5359,14.659700393676758,1.0499199628829956,0.4913200139999389
2002-06-14 12:00:00,2002,6,14,12,0,0.8446729779243469,9.287799835205078,25,6.901999950408936,5.722599983215332,5642,14.659700393676758,1.0579500198364258,0.4802300035953522
2002-06-14 15:00:00,2002,6,14,15,0,0.8522440195083618,9.67240047454834,25,7.214499950408935,5.993299961090088,5969,14.659700393676758,1.0665199756622314,0.4742499887943268
2002-06-14 18:00:00,2002,6,14,18,0,0.8574879765510559,10.101400375366213,25,7.524600028991699,6.212600231170654,6138,14.659700393676758,1.0585999488830566,0.4662100076675415
2002-06-14 21:00:00,2002,6,14,21,0,0.859798014163971,10.31980037689209,25,7.470799922943115,5.943900108337402,6107,14.659700393676758,1.045300006866455,0.4651300013065338
2002-06-15 00:00:00,2002,6,15,0,0,0.8601419925689697,10.445500373840332,25,7.516200065612793,5.961999893188477,5928,14.659700393676758,1.0238100290298462,0.4652099907398224
2002-06-15 03:00:00,2002,6,15,3,0,0.862634003162384,10.738800048828123,35,7.922900199890137,6.385900020599365,5730,14.659700393676758,0.9924200177192688,0.4504300057888031
2002-06-15 06:00:00,2002,6,15,6,0,0.8681139945983887,11.040399551391602,35,8.262900352478027,6.705900192260742,5699,14.659700393676758,0.9764000177383424,0.4382300078868866
2002-06-15 09:00:00,2002,6,15,9,0,0.8751879930496216,11.319899559020996,35,8.53279972076416,6.942500114440918,5849,14.659700393676758,0.9774399995803832,0.4296799898147583
2002-06-15 12:00:00,2002,6,15,12,0,0.880702018737793,11.464400291442873,35,8.667799949645996,7.07420015335083,6059,17.73889923095703,0.9892699718475342,0.4270299971103668
2002-06-15 15:00:00,2002,6,15,15,0,0.8837500214576721,11.46720027923584,35,8.670299530029297,7.102399826049805,6225,17.73889923095703,1.002900004386902,0.4290600121021271
2002-06-15 18:00:00,2002,6,15,18,0,0.8865259885787964,11.5,35,8.694600105285645,7.114500045776367,6315,17.73889923095703,1.008190035820007,0.4267700016498565
2002-06-15 21:00:00,2002,6,15,21,0,0.8881379961967468,11.340999603271484,35,7.934000015258789,5.924099922180176,6457,17.73889923095703,1.026319980621338,0.4350799918174743
2002-06-16 00:00:00,2002,6,16,0,0,0.8825089931488037,10.728699684143066,35,7.008800029754639,5.26830005645752,6941,17.73889923095703,1.0944099426269531,0.4861299991607666
2002-06-16 03:00:00,2002,6,16,3,0,0.8849639892578125,10.979000091552734,35,7.480299949645996,5.739099979400635,7490,17.73889923095703,1.122939944267273,0.4679299890995025
2002-06-16 06:00:00,2002,6,16,6,0,0.8921989798545837,11.606599807739258,35,8.308799743652344,6.420599937438965,7884,17.73889923095703,1.118880033493042,0.4251599907875061
2002-06-16 09:00:00,2002,6,16,9,0,0.8966670036315918,12.04300022125244,35,8.981100082397461,6.990499973297119,8112,16.125999450683594,1.1132800579071045,0.3921400010585785
2002-06-16 12:00:00,2002,6,16,12,0,0.8976500034332275,12.183199882507324,35,9.38759994506836,7.450500011444092,8146,16.125999450683594,1.1087199449539185,0.3759199976921081
2002-06-16 15:00:00,2002,6,16,15,0,0.8964570164680481,12.077699661254885,35,9.512100219726562,7.740099906921387,8074,16.125999450683594,1.1083199977874756,0.3731499910354614
2002-06-16 18:00:00,2002,6,16,18,0,0.8951119780540466,11.878600120544434,35,9.502400398254396,7.914599895477295,8049,16.125999450683594,1.1155099868774414,0.3747400045394897
2002-06-16 21:00:00,2002,6,16,21,0,0.8948540091514587,11.709600448608398,35,9.443099975585938,7.946700096130371,8146,16.125999450683594,1.1299599409103394,0.3755199909210205
2002-06-17 00:00:00,2002,6,17,0,0,0.896336019039154,11.597200393676758,35,9.218799591064451,7.52370023727417,8329,16.125999450683594,1.1477500200271606,0.3760699927806854
2002-06-17 03:00:00,2002,6,17,3,0,0.8992000222206116,11.68929958343506,35,9.523500442504885,8.087599754333496,8497,16.125999450683594,1.1536099910736084,0.3677400052547455
2002-06-17 06:00:00,2002,6,17,6,0,0.9014559984207152,11.744099617004396,35,9.663700103759766,8.33329963684082,8585,16.125999450683594,1.1558300256729126,0.3617700040340423
2002-06-17 09:00:00,2002,6,17,9,0,0.8976100087165833,11.54800033569336,35,9.512700080871582,8.236700057983398,8746,16.125999450683594,1.176169991493225,0.365770012140274
2002-06-17 12:00:00,2002,6,17,12,0,0.8803849816322327,10.666799545288086,25,8.573399543762207,7.191299915313721,9642,16.125999450683594,1.287690043449402,0.3940899968147278
2002-06-17 15:00:00,2002,6,17,15,0,0.8724210262298584,9.263799667358398,25,6.867300033569336,5.524400234222412,11220,16.125999450683594,1.4973900318145752,0.459989994764328
2002-06-17 18:00:00,2002,6,17,18,0,0.8706979751586914,8.254799842834473,25,6.230400085449219,5.19950008392334,13645,16.125999450683594,1.7581299543380735,0.4847199916839599
2002-06-17 21:00:00,2002,6,17,21,0,0.8844709992408752,7.711699962615967,25,5.971499919891357,5.067500114440918,16593,8.274100303649902,2.0116000175476074,0.474700003862381
2002-06-18 00:00:00,2002,6,18,0,0,0.8912659883499146,7.717400074005127,25,6.111199855804443,5.224400043487549,17660,8.274100303649902,2.0728700160980225,0.4499399960041046
2002-06-18 03:00:00,2002,6,18,3,0,0.8947179913520813,7.974400043487549,25,6.421000003814697,5.5441999435424805,16185,8.274100303649902,1.9469200372695925,0.4334700107574463
2002-06-18 06:00:00,2002,6,18,6,0,0.9002640247344971,8.461199760437012,25,7.011000156402588,6.164999961853027,13946,8.274100303649902,1.7473200559616089,0.4056499898433685
2002-06-18 09:00:00,2002,6,18,9,0,0.9030579924583436,8.741299629211426,25,7.421899795532227,6.682499885559082,12375,14.659700393676758,1.6154999732971191,0.3862699866294861
2002-06-18 12:00:00,2002,6,18,12,0,0.904524028301239,8.843600273132324,25,7.586699962615967,6.90339994430542,11211,14.659700393676758,1.5270899534225464,0.3769899904727936
2002-06-18 15:00:00,2002,6,18,15,0,0.9053369760513306,8.888199806213379,25,7.653500080108643,6.988699913024902,10333,14.659700393676758,1.4614299535751345,0.3726100027561188
2002-06-18 18:00:00,2002,6,18,18,0,0.9051390290260316,8.913599967956543,25,7.673799991607666,7.006800174713135,9695,14.659700393676758,1.4129400253295898,0.3717800080776214
2002-06-18 21:00:00,2002,6,18,21,0,0.9017159938812256,8.800600051879883,25,7.342700004577637,6.40749979019165,9265,14.659700393676758,1.3906899690628052,0.3833999931812286
2002-06-19 00:00:00,2002,6,19,0,0,0.8884149789810181,8.266300201416016,25,6.425600051879883,5.367400169372559,9102,14.659700393676758,1.4256500005722046,0.4329000115394592
2002-06-19 03:00:00,2002,6,19,3,0,0.8745999932289124,7.946199893951416,25,6.155900001525879,5.188199996948242,8920,14.659700393676758,1.4430099725723269,0.450760006904602
2002-06-19 06:00:00,2002,6,19,6,0,0.872672975063324,8.110699653625488,25,6.574699878692627,5.724899768829346,8303,14.659700393676758,1.378059983253479,0.4261800050735473
2002-06-19 09:00:00,2002,6,19,9,0,0.8725429773330688,8.27869987487793,15,6.902500152587891,6.138700008392334,7448,14.659700393676758,1.2909300327301023,0.4057799875736236
2002-06-19 12:00:00,2002,6,19,12,0,0.872704029083252,8.332200050354004,15,7.035699844360352,6.310200214385986,6630,14.659700393676758,1.2135599851608276,0.3946500122547149
2002-06-19 15:00:00,2002,6,19,15,0,0.8697810173034668,8.286800384521484,15,7.033699989318848,6.322100162506104,5922,13.326800346374512,1.1503299474716189,0.389490008354187
2002-06-19 18:00:00,2002,6,19,18,0,0.8595730066299438,8.057100296020508,15,6.664700031280518,5.803100109100342,5384,13.326800346374512,1.1138499975204468,0.4003799855709076
2002-06-19 21:00:00,2002,6,19,21,0,0.841513991355896,7.314700126647949,5,5.657100200653076,4.7459001541137695,5193,13.326800346374512,1.15392005443573,0.4529600143432617
2002-06-20 00:00:00,2002,6,20,0,0,0.8355180025100708,6.57450008392334,355,5.16540002822876,4.420300006866455,5996,6.837800025939941,1.3205599784851074,0.4629200100898742
2002-06-20 03:00:00,2002,6,20,3,0,0.8308470249176025,7.048299789428711,355,5.589000225067139,4.756199836730957,5219,7.52180004119873,1.1850600242614746,0.439079999923706
2002-06-20 06:00:00,2002,6,20,6,0,0.8178550004959106,7.565000057220459,355,6.041200160980225,5.135000228881836,4246,13.326800346374512,1.0266900062561035,0.4302999973297119
2002-06-20 09:00:00,2002,6,20,9,0,0.8081380128860474,7.9653000831604,355,6.415500164031982,5.482600212097168,3691,13.326800346374512,0.929610013961792,0.4244900047779083
2002-06-20 12:00:00,2002,6,20,12,0,0.8141679763793945,8.265199661254883,5,6.716400146484375,5.788000106811523,3362,13.326800346374512,0.869379997253418,0.4209800064563751
2002-06-20 15:00:00,2002,6,20,15,0,0.8219670057296753,8.458399772644043,5,6.909800052642822,5.987599849700928,3144,13.326800346374512,0.8307300209999084,0.420659989118576
2002-06-20 18:00:00,2002,6,20,18,0,0.8263260126113892,8.377900123596191,5,6.629799842834473,5.55049991607666,2955,8.274100303649902,0.8100799918174744,0.4336299896240234
2002-06-20 21:00:00,2002,6,20,21,0,0.8103619813919067,7.054999828338623,5,5.015100002288818,4.121399879455566,3030,8.274100303649902,0.9009600281715392,0.5382900238037109
2002-06-21 00:00:00,2002,6,21,0,0,0.8103410005569458,6.298900127410889,355,4.654200077056885,3.949599981307984,3356,8.274100303649902,1.0119199752807615,0.5529000163078308
2002-06-21 03:00:00,2002,6,21,3,0,0.8215010166168213,6.797699928283691,355,5.174900054931641,4.371200084686279,3174,8.274100303649902,0.9448599815368652,0.5012500286102295
2002-06-21 06:00:00,2002,6,21,6,0,0.8250010013580322,7.338200092315674,355,5.690899848937988,4.803199768066406,2847,8.274100303649902,0.8572800159454346,0.4724000096321106
2002-06-21 09:00:00,2002,6,21,9,0,0.8298320174217224,7.748300075531006,355,6.169700145721436,5.287799835205078,2706,8.274100303649902,0.810949981212616,0.4528500139713287
2002-06-21 12:00:00,2002,6,21,12,0,0.8365079760551453,7.942699909210205,5,6.30649995803833,5.368400096893311,2733,8.274100303649902,0.8036800026893616,0.4487699866294861
2002-06-21 15:00:00,2002,6,21,15,0,0.8455719947814941,7.950200080871582,5,6.356200218200684,5.472799777984619,2864,8.274100303649902,0.8222000002861023,0.4503799974918365
2002-06-21 18:00:00,2002,6,21,18,0,0.8513889908790588,7.921299934387207,5,6.372799873352051,5.499300003051758,3037,8.274100303649902,0.8485299944877625,0.4447500109672546
2002-06-21 21:00:00,2002,6,21,21,0,0.8534960150718689,7.759699821472168,5,6.116399765014648,5.146999835968018,3125,9.101699829101562,0.8702999949455261,0.4456900060176849
2002-06-22 00:00:00,2002,6,22,0,0,0.8529319763183594,6.98859977722168,355,5.178899765014648,4.289700031280518,3297,9.101699829101562,0.945900022983551,0.4974400103092193
2002-06-22 03:00:00,2002,6,22,3,0,0.8575940132141113,6.853799819946289,355,5.217199802398682,4.3927998542785645,3311,9.101699829101562,0.9585899710655212,0.4874399900436401
2002-06-22 06:00:00,2002,6,22,6,0,0.86245197057724,7.156499862670898,355,5.716899871826172,4.93120002746582,3091,9.101699829101562,0.9049599766731262,0.451880007982254
2002-06-22 09:00:00,2002,6,22,9,0,0.8634290099143982,7.34250020980835,355,6.084099769592285,5.392600059509277,2945,9.101699829101562,0.8718500137329102,0.4286699891090393
2002-06-22 12:00:00,2002,6,22,12,0,0.8609499931335449,7.475500106811523,355,6.279200077056885,5.630899906158447,2810,8.274100303649902,0.8436300158500671,0.419869989156723
2002-06-22 15:00:00,2002,6,22,15,0,0.8579819798469543,7.600599765777588,5,6.389500141143799,5.749000072479248,2608,8.274100303649902,0.805180013179779,0.4216000139713287
2002-06-22 18:00:00,2002,6,22,18,0,0.856535017490387,7.703800201416016,5,6.433300018310547,5.77269983291626,2407,8.274100303649902,0.7677299976348877,0.4286699891090393
2002-06-22 21:00:00,2002,6,22,21,0,0.8552169799804688,7.780200004577637,5,6.393700122833252,5.65880012512207,2267,8.274100303649902,0.7406499981880188,0.439079999923706
2002-06-23 00:00:00,2002,6,23,0,0,0.8573529720306396,7.739699840545654,5,6.002999782562256,5.001999855041504,2217,8.274100303649902,0.7336699962615967,0.4555599987506866
2002-06-23 03:00:00,2002,6,23,3,0,0.8669400215148926,8.121199607849121,5,6.480899810791016,5.544400215148926,2293,8.274100303649902,0.7241100072860718,0.4341300129890442
2002-06-23 06:00:00,2002,6,23,6,0,0.8846520185470581,8.582300186157227,5,7.081799983978272,6.173399925231934,2618,11.013500213623049,0.7468400001525879,0.3908500075340271
2002-06-23 09:00:00,2002,6,23,9,0,0.9046390056610109,8.9399995803833,5,7.655900001525879,6.780300140380859,3268,10.01200008392334,0.8125900030136108,0.3391999900341034
2002-06-23 12:00:00,2002,6,23,12,0,0.9203879833221436,9.035699844360352,5,8.038900375366211,7.306700229644775,4317,10.01200008392334,0.9277499914169312,0.2974100112915039
2002-06-23 15:00:00,2002,6,23,15,0,0.9306039810180664,8.820799827575684,5,7.997200012207031,7.45930004119873,5764,10.01200008392334,1.0884599685668943,0.2890999913215637
2002-06-23 18:00:00,2002,6,23,18,0,0.9383379817008972,8.792799949645996,5,7.959700107574463,7.470600128173828,6991,9.101699829101562,1.2014000415802002,0.2969299852848053
2002-06-23 21:00:00,2002,6,23,21,0,0.9449309706687928,8.960000038146973,5,7.994900226593018,7.335700035095215,7958,9.101699829101562,1.2667800188064575,0.3016200065612793
2002-06-24 00:00:00,2002,6,24,0,0,0.9453179836273192,8.676300048828125,5,6.997600078582764,5.787700176239014,9005,12.114999771118164,1.3678900003433228,0.3506999909877777
2002-06-24 03:00:00,2002,6,24,3,0,0.9437310099601746,8.536100387573242,5,6.834199905395508,5.686999797821045,10043,12.114999771118164,1.4554799795150757,0.3634800016880035
2002-06-24 06:00:00,2002,6,24,6,0,0.9473170042037964,8.832500457763672,355,7.428100109100342,6.401599884033203,10519,11.013500213623049,1.4604599475860596,0.3269400000572204
2002-06-24 09:00:00,2002,6,24,9,0,0.9504600167274476,9.096099853515623,355,7.993199825286865,7.15399980545044,10526,11.013500213623049,1.4362800121307373,0.2896899878978729
2002-06-24 12:00:00,2002,6,24,12,0,0.9520819783210754,9.18929958343506,355,8.279600143432617,7.583899974822998,10142,11.013500213623049,1.4019299745559692,0.2667700052261352
2002-06-24 15:00:00,2002,6,24,15,0,0.9527170062065125,9.168899536132812,355,8.379400253295898,7.797100067138672,9531,11.013500213623049,1.3619199991226196,0.2570799887180328
2002-06-24 18:00:00,2002,6,24,18,0,0.9528589844703674,9.086299896240234,355,8.3725004196167,7.872099876403809,8813,10.01200008392334,1.3175899982452393,0.2529999911785126
2002-06-24 21:00:00,2002,6,24,21,0,0.9502519965171814,8.62720012664795,355,7.290699958801269,6.084099769592285,8130,10.01200008392334,1.3031400442123413,0.2930499911308288
2002-06-25 00:00:00,2002,6,25,0,0,0.9434549808502196,7.601099967956543,355,6.083099842071533,5.12559986114502,8242,10.01200008392334,1.411270022392273,0.3809100091457367
2002-06-25 03:00:00,2002,6,25,3,0,0.9434559941291808,7.600599765777588,355,6.2729997634887695,5.407400131225586,7853,10.01200008392334,1.3827199935913086,0.3730300068855285
2002-06-25 06:00:00,2002,6,25,6,0,0.9444569945335388,7.886600017547607,355,6.751100063323975,5.983200073242188,6942,10.01200008392334,1.275089979171753,0.3478499948978424
2002-06-25 09:00:00,2002,6,25,9,0,0.9445449709892272,8.049200057983398,355,7.026000022888184,6.316999912261963,6077,9.101699829101562,1.1793700456619265,0.3276500105857849
2002-06-25 12:00:00,2002,6,25,12,0,0.9458109736442566,8.19260025024414,355,7.2032999992370605,6.523499965667725,5545,9.101699829101562,1.1163899898529053,0.3248000144958496
2002-06-25 15:00:00,2002,6,25,15,0,0.9485340118408204,8.42199993133545,355,7.399700164794922,6.719600200653076,5417,9.101699829101562,1.0883599519729614,0.335640013217926
2002-06-25 18:00:00,2002,6,25,18,0,0.951574981212616,8.576499938964844,355,7.459400177001953,6.656000137329102,5674,9.101699829101562,1.102869987487793,0.3393700122833252
2002-06-25 21:00:00,2002,6,25,21,0,0.9530460238456726,8.34570026397705,355,6.846799850463867,5.720399856567383,6467,9.101699829101562,1.1919599771499634,0.3542999923229217
2002-06-26 00:00:00,2002,6,26,0,0,0.9536070227622986,8.010299682617188,355,6.39870023727417,5.341100215911865,8183,9.101699829101562,1.3666800260543823,0.3769200146198272
2002-06-26 03:00:00,2002,6,26,3,0,0.9592589735984802,8.442099571228027,355,7.0432000160217285,6.037600040435791,9830,10.01200008392334,1.4522199630737305,0.3410899937152862
2002-06-26 06:00:00,2002,6,26,6,0,0.963060975074768,8.954700469970703,355,7.821400165557861,6.973899841308594,10794,10.01200008392334,1.4708499908447266,0.3036699891090393
2002-06-26 09:00:00,2002,6,26,9,0,0.9638659954071044,9.191499710083008,355,8.240599632263184,7.532299995422363,11093,10.01200008392334,1.4690099954605105,0.2800300121307373
2002-06-26 12:00:00,2002,6,26,12,0,0.9631069898605348,9.235300064086914,355,8.431300163269043,7.852200031280518,10926,10.01200008392334,1.453830003738403,0.2625199854373932
2002-06-26 15:00:00,2002,6,26,15,0,0.9628379940986632,9.210100173950195,5,8.51360034942627,8.038999557495117,10729,10.01200008392334,1.442430019378662,0.2486300021409988
2002-06-26 18:00:00,2002,6,26,18,0,0.963470995426178,9.19629955291748,5,8.543800354003906,8.09749984741211,10750,10.01200008392334,1.4445799589157104,0.240569993853569
2002-06-26 21:00:00,2002,6,26,21,0,0.962110996246338,8.988699913024902,5,7.800399780273437,6.585899829864502,10907,10.01200008392334,1.473170042037964,0.2645100057125091
2002-06-27 00:00:00,2002,6,27,0,0,0.9583749771118164,8.599300384521484,5,7.18940019607544,6.068600177764893,11128,10.01200008392334,1.5247299671173096,0.3119499981403351
2002-06-27 03:00:00,2002,6,27,3,0,0.9591619968414308,8.787500381469727,5,7.654300212860107,6.708199977874756,10710,10.01200008392334,1.4790799617767334,0.2873300015926361
2002-06-27 06:00:00,2002,6,27,6,0,0.9589660167694092,8.964200019836426,5,8.093999862670898,7.397600173950195,10176,9.101699829101562,1.4265700578689575,0.2639000117778778
2002-06-27 09:00:00,2002,6,27,9,0,0.957614004611969,9.014900207519531,5,8.259400367736816,7.710400104522705,9719,9.101699829101562,1.3902699947357178,0.2558000087738037
2002-06-27 12:00:00,2002,6,27,12,0,0.9557269811630248,9.010700225830078,5,8.291000366210938,7.811999797821045,9240,9.101699829101562,1.3561899662017822,0.2557800114154815
2002-06-27 15:00:00,2002,6,27,15,0,0.953664004802704,8.999799728393555,5,8.27970027923584,7.825200080871582,8789,9.101699829101562,1.3237099647521973,0.2590700089931488
2002-06-27 18:00:00,2002,6,27,18,0,0.9515799880027772,8.995800018310547,5,8.251199722290039,7.791999816894531,8432,9.101699829101562,1.2967599630355835,0.264380007982254
2002-06-27 21:00:00,2002,6,27,21,0,0.9494360089302064,8.97249984741211,5,8.16670036315918,7.661399841308594,8150,10.01200008392334,1.276569962501526,0.2734000086784363
2002-06-28 00:00:00,2002,6,28,0,0,0.9459739923477172,8.640700340270996,5,7.439199924468994,6.502799987792969,8076,11.013500213623049,1.2978800535202026,0.3108899891376495
2002-06-28 03:00:00,2002,6,28,3,0,0.9420350193977356,8.513400077819824,355,7.272200107574463,6.3719000816345215,7819,11.013500213623049,1.2881699800491333,0.3255400061607361
2002-06-28 06:00:00,2002,6,28,6,0,0.9387909770011902,8.615699768066406,355,7.507400035858154,6.729000091552734,7324,10.01200008392334,1.239429950714111,0.3169000148773193
2002-06-28 09:00:00,2002,6,28,9,0,0.9348719716072084,8.679200172424316,5,7.654500007629394,6.950500011444092,6825,10.01200008392334,1.1928199529647827,0.3124099969863891
2002-06-28 12:00:00,2002,6,28,12,0,0.9307050108909608,8.702799797058105,5,7.725399971008301,7.078700065612793,6341,10.01200008392334,1.1495200395584106,0.3142099976539612
2002-06-28 15:00:00,2002,6,28,15,0,0.924650013446808,8.701000213623047,5,7.713099956512451,7.08050012588501,5770,10.01200008392334,1.0988800525665283,0.3256900012493133
2002-06-28 18:00:00,2002,6,28,18,0,0.914795994758606,8.355299949645996,5,6.84060001373291,5.663099765777588,5422,10.01200008392334,1.0931999683380127,0.3682999908924103
2002-06-28 21:00:00,2002,6,28,21,0,0.9025620222091676,7.083600044250488,5,5.53879976272583,4.6834001541137695,7331,9.101699829101562,1.3981000185012815,0.4492799937725067
2002-06-29 00:00:00,2002,6,29,0,0,0.8938699960708618,6.840400218963623,5,5.513999938964844,4.758999824523926,10541,8.274100303649902,1.7124099731445312,0.4305000007152557
2002-06-29 03:00:00,2002,6,29,3,0,0.8891270160675049,6.948500156402588,15,5.704899787902832,4.954400062561035,13730,9.101699829101562,1.935870051383972,0.4045099914073944
2002-06-29 06:00:00,2002,6,29,6,0,0.8921239972114563,7.265699863433838,15,6.036200046539307,5.250699996948242,17240,9.101699829101562,2.1095499992370605,0.3789499998092651
2002-06-29 09:00:00,2002,6,29,9,0,0.909967005252838,7.887199878692627,15,6.719399929046631,5.915299892425537,19624,10.01200008392334,2.141239881515503,0.3438000082969665
2002-06-29 12:00:00,2002,6,29,12,0,0.9245349764823914,8.554400444030762,5,7.62060022354126,7.004099845886231,18941,10.01200008392334,2.005300045013428,0.3052799999713897
2002-06-29 15:00:00,2002,6,29,15,0,0.9289299845695496,8.903599739074707,5,8.041099548339844,7.498300075531006,18021,10.01200008392334,1.9104399681091309,0.2915000021457672
2002-06-29 18:00:00,2002,6,29,18,0,0.928587019443512,9.124500274658203,5,8.288999557495117,7.776199817657471,17333,10.01200008392334,1.8475899696350095,0.2860200107097626
2002-06-29 21:00:00,2002,6,29,21,0,0.9272210001945496,9.26360034942627,5,8.44629955291748,7.953000068664551,16746,10.01200008392334,1.80062997341156,0.2827399969100952
2002-06-30 00:00:00,2002,6,30,0,0,0.9266210198402404,9.334500312805176,5,8.538200378417969,8.0625,16103,10.01200008392334,1.7581000328063965,0.2791399955749511
2002-06-30 03:00:00,2002,6,30,3,0,0.9269729852676392,9.351400375366213,5,8.579400062561035,8.11989974975586,15372,10.01200008392334,1.7155499458312988,0.2745600044727325
2002-06-30 06:00:00,2002,6,30,6,0,0.9273020029067992,9.339500427246094,5,8.591300010681152,8.146400451660156,14628,10.01200008392334,1.674090027809143,0.2696300148963928
2002-06-30 09:00:00,2002,6,30,9,0,0.9260720014572144,9.32979965209961,5,8.593199729919434,8.156499862670898,13943,10.01200008392334,1.6351499557495115,0.2672699987888336
2002-06-30 12:00:00,2002,6,30,12,0,0.9224609732627868,9.344900131225586,5,8.59939956665039,8.162400245666504,13359,10.01200008392334,1.5996400117874146,0.2696500122547149
2002-06-30 15:00:00,2002,6,30,15,0,0.9173219799995422,9.380399703979492,5,8.610799789428711,8.166600227355957,12864,10.01200008392334,1.567330002784729,0.2752299904823303
2002-06-30 18:00:00,2002,6,30,18,0,0.9123579859733582,9.413999557495115,5,8.618800163269043,8.165200233459473,12404,10.01200008392334,1.5367499589920044,0.2804999947547912
2002-06-30 21:00:00,2002,6,30,21,0,0.9091330170631408,9.423199653625488,5,8.611000061035156,8.14680004119873,11938,10.01200008392334,1.506999969482422,0.2829900085926056
2002-07-01 00:00:00,2002,7,1,0,0,0.9066060185432434,9.28339958190918,5,8.124600410461426,7.052599906921387,11510,10.01200008392334,1.4917399883270264,0.2934800088405609
2002-07-01 03:00:00,2002,7,1,3,0,0.9027100205421448,8.822699546813965,5,7.305099964141846,6.183499813079834,11314,10.01200008392334,1.5197700262069702,0.3415899872779846
2002-07-01 06:00:00,2002,7,1,6,0,0.899823009967804,8.737299919128418,5,7.367700099945068,6.405399799346924,10930,10.01200008392334,1.5028899908065796,0.341949999332428
2002-07-01 09:00:00,2002,7,1,9,0,0.8937180042266846,8.8503999710083,5,7.654399871826172,6.8282999992370605,10333,10.01200008392334,1.4522000551223757,0.3284899890422821
2002-07-01 12:00:00,2002,7,1,12,0,0.8870779871940613,9.011099815368652,5,7.823100090026855,6.9695000648498535,9576,10.01200008392334,1.383999943733215,0.3215900063514709
2002-07-01 15:00:00,2002,7,1,15,0,0.879190981388092,8.972399711608887,5,7.6930999755859375,6.752600193023682,9031,10.01200008392334,1.3476899862289429,0.3296200037002563
2002-07-01 18:00:00,2002,7,1,18,0,0.8692010045051575,8.784500122070312,5,7.365799903869629,6.324299812316895,8577,10.01200008392334,1.3298699855804443,0.3452399969100952
2002-07-01 21:00:00,2002,7,1,21,0,0.8597859740257263,7.914599895477295,355,6.095600128173828,5.0055999755859375,8811,10.01200008392334,1.4289400577545166,0.4119400084018707
2002-07-02 00:00:00,2002,7,2,0,0,0.8607720136642456,7.378200054168701,345,5.778900146484375,4.84089994430542,9949,9.101699829101562,1.5835599899291992,0.4173299968242645
2002-07-02 03:00:00,2002,7,2,3,0,0.8594080209732056,7.684700012207031,345,5.989299774169922,4.945400238037109,8723,9.101699829101562,1.4469399452209473,0.4017699956893921
2002-07-02 06:00:00,2002,7,2,6,0,0.853003978729248,8.116499900817871,355,6.484000205993652,5.39300012588501,7354,9.101699829101562,1.2874000072479248,0.3779000043869018
2002-07-02 09:00:00,2002,7,2,9,0,0.8486189842224121,8.488499641418457,355,6.880499839782715,5.744999885559082,6340,10.01200008392334,1.164800047874451,0.3625499904155731
2002-07-02 12:00:00,2002,7,2,12,0,0.8452500104904175,8.793800354003906,355,7.295599937438965,6.18940019607544,5715,10.01200008392334,1.0839200019836426,0.3460499942302704
2002-07-02 15:00:00,2002,7,2,15,0,0.8398299813270569,8.93970012664795,355,7.440400123596191,6.315899848937988,5273,10.01200008392334,1.0313999652862549,0.3420999944210052
2002-07-02 18:00:00,2002,7,2,18,0,0.8272029757499695,8.418899536132812,355,6.45550012588501,5.209799766540527,5140,10.01200008392334,1.0523699522018433,0.3946900069713592
2002-07-02 21:00:00,2002,7,2,21,0,0.8128460049629211,7.38040018081665,355,5.414000034332275,4.440700054168701,5597,10.01200008392334,1.1824599504470823,0.4680700004100799
2002-07-03 00:00:00,2002,7,3,0,0,0.8173840045928955,6.8917999267578125,345,5.179599761962891,4.324699878692627,6700,10.01200008392334,1.348289966583252,0.4686500132083893
2002-07-03 03:00:00,2002,7,3,3,0,0.8157669901847839,7.408999919891357,345,5.681399822235107,4.713600158691406,6358,10.01200008392334,1.2610000371932983,0.4300000071525574
2002-07-03 06:00:00,2002,7,3,6,0,0.8124129772186279,7.914599895477295,355,6.240200042724609,5.203400135040283,5589,10.01200008392334,1.139009952545166,0.4003100097179413
2002-07-03 09:00:00,2002,7,3,9,0,0.8153700232505798,8.284600257873535,355,6.699699878692627,5.646699905395508,5074,10.01200008392334,1.0574300289154053,0.3775700032711029
2002-07-03 12:00:00,2002,7,3,12,0,0.8223559856414795,8.479299545288086,355,7.058899879455566,6.107999801635742,4860,10.01200008392334,1.0216000080108645,0.3622399866580963
2002-07-03 15:00:00,2002,7,3,15,0,0.8327239751815796,8.581000328063965,5,7.277900218963623,6.423999786376953,4767,10.01200008392334,1.0049699544906616,0.3523699939250946
2002-07-03 18:00:00,2002,7,3,18,0,0.8412259817123413,8.613300323486328,5,7.328000068664551,6.469900131225586,4677,10.01200008392334,0.9929699897766112,0.3477799892425537
2002-07-03 21:00:00,2002,7,3,21,0,0.8404470086097717,8.207599639892578,5,6.362199783325195,5.143599987030029,4556,10.01200008392334,1.005769968032837,0.3865199983119964
2002-07-04 00:00:00,2002,7,4,0,0,0.8322790265083313,6.939199924468994,355,5.094299793243408,4.223100185394287,4991,10.01200008392334,1.155619978904724,0.4829399883747101
2002-07-04 03:00:00,2002,7,4,3,0,0.8416190147399902,6.99970006942749,355,5.3190999031066895,4.442599773406982,5100,10.01200008392334,1.165519952774048,0.4529500007629394
2002-07-04 06:00:00,2002,7,4,6,0,0.8571360111236572,7.57450008392334,355,6.222400188446045,5.3850998878479,4951,9.101699829101562,1.100749969482422,0.3870500028133392
2002-07-04 09:00:00,2002,7,4,9,0,0.8625199794769287,7.866000175476074,355,6.722400188446045,6.002399921417236,4736,9.101699829101562,1.0545599460601809,0.3577600121498108
2002-07-04 12:00:00,2002,7,4,12,0,0.8593850135803223,7.982800006866455,355,6.89109992980957,6.217100143432617,4542,9.101699829101562,1.0244499444961548,0.3519900143146515
2002-07-04 15:00:00,2002,7,4,15,0,0.8560240268707275,8.059399604797363,5,6.965000152587891,6.300300121307373,4330,9.101699829101562,0.9949300289154052,0.3533599972724914
2002-07-04 18:00:00,2002,7,4,18,0,0.8557779788970947,8.075300216674805,5,6.976099967956543,6.309899806976318,4197,9.101699829101562,0.9789400100708008,0.355459988117218
2002-07-04 21:00:00,2002,7,4,21,0,0.8512169718742371,7.571100234985352,355,5.884900093078613,4.823800086975098,4153,9.101699829101562,1.0093200206756592,0.4047499895095825
2002-07-05 00:00:00,2002,7,5,0,0,0.8500249981880188,6.528299808502197,355,4.986599922180176,4.220799922943115,4691,9.101699829101562,1.1660699844360352,0.472460001707077
2002-07-05 03:00:00,2002,7,5,3,0,0.8563399910926819,6.649899959564209,355,5.224899768829346,4.454100131988525,4657,9.101699829101562,1.1524399518966677,0.4451099932193756
2002-07-05 06:00:00,2002,7,5,6,0,0.8659930229187012,7.168099880218506,355,5.945400238037109,5.2017998695373535,4334,8.274100303649902,1.067729949951172,0.3967800140380859
2002-07-05 09:00:00,2002,7,5,9,0,0.8703650236129761,7.566800117492676,355,6.516200065612793,5.854899883270264,4051,8.274100303649902,1.0022399425506592,0.3647699952125549
2002-07-05 12:00:00,2002,7,5,12,0,0.8711069822311401,7.742499828338623,355,6.765999794006348,6.155600070953369,3852,8.274100303649902,0.9654300212860109,0.3537800014019012
2002-07-05 15:00:00,2002,7,5,15,0,0.869359016418457,7.801700115203857,355,6.818900108337402,6.207399845123291,3679,8.274100303649902,0.9398699998855592,0.3558399975299835
2002-07-05 18:00:00,2002,7,5,18,0,0.8636170029640198,7.699399948120117,355,6.525199890136719,5.717800140380859,3553,8.274100303649902,0.9308000206947328,0.3721300065517425
2002-07-05 21:00:00,2002,7,5,21,0,0.855239987373352,7.093299865722656,355,5.586999893188477,4.705100059509277,3656,8.274100303649902,0.9879999756813048,0.4304099977016449
2002-07-06 00:00:00,2002,7,6,0,0,0.8541579842567444,6.753699779510498,355,5.345300197601318,4.558599948883057,3894,8.274100303649902,1.0496400594711304,0.4445199966430664
2002-07-06 03:00:00,2002,7,6,3,0,0.849934995174408,7.046199798583984,355,5.680799961090088,4.87060022354126,3601,8.274100303649902,0.9870700240135192,0.4299499988555908
2002-07-06 06:00:00,2002,7,6,6,0,0.8382490277290344,7.493000030517578,355,6.2170000076293945,5.470300197601318,3176,7.52180004119873,0.8964599967002869,0.4215799868106842
2002-07-06 09:00:00,2002,7,6,9,0,0.8219450116157532,7.794099807739258,355,6.484799861907959,5.746500015258789,2879,7.52180004119873,0.8355100154876709,0.4280599951744079
2002-07-06 12:00:00,2002,7,6,12,0,0.8154540061950684,8.027099609375,5,6.667900085449219,5.925000190734863,2696,7.52180004119873,0.7956900000572205,0.4336299896240234
2002-07-06 15:00:00,2002,7,6,15,0,0.817421019077301,8.204700469970703,5,6.854400157928467,6.119200229644775,2665,7.52180004119873,0.7813400030136108,0.4275999963283539
2002-07-06 18:00:00,2002,7,6,18,0,0.8294060230255127,8.277199745178223,15,7.02370023727417,6.332499980926514,2761,7.52180004119873,0.7915300130844116,0.4120700061321258
2002-07-06 21:00:00,2002,7,6,21,0,0.8449069857597351,8.223400115966797,15,6.96120023727417,6.1631999015808105,2854,7.52180004119873,0.8083000183105469,0.4034599959850311
2002-07-07 00:00:00,2002,7,7,0,0,0.852400004863739,7.921999931335449,15,6.320499897003174,5.263199806213379,2904,7.52180004119873,0.8325999975204468,0.4264599978923797
2002-07-07 03:00:00,2002,7,7,3,0,0.8585420250892639,8.083200454711914,15,6.793499946594238,6.0258002281188965,2878,7.52180004119873,0.8202499747276306,0.4171099960803985
2002-07-07 06:00:00,2002,7,7,6,0,0.8624730110168457,8.174400329589844,25,6.946100234985352,6.277100086212158,2841,7.52180004119873,0.81045001745224,0.4203900098800659
2002-07-07 09:00:00,2002,7,7,9,0,0.8694450259208679,8.26259994506836,25,7.025899887084961,6.411699771881104,2790,7.52180004119873,0.7989100217819214,0.429309993982315
2002-07-07 12:00:00,2002,7,7,12,0,0.8740019798278809,8.344300270080566,25,7.057700157165527,6.4653000831604,2727,6.837800025939941,0.785860002040863,0.4405499994754791
2002-07-07 15:00:00,2002,7,7,15,0,0.8766430020332336,8.423700332641602,25,7.071000099182129,6.479599952697754,2659,6.837800025939941,0.7722200155258179,0.4515300095081329
2002-07-07 18:00:00,2002,7,7,18,0,0.8778129816055298,8.509599685668945,25,7.086900234222412,6.486000061035156,2599,6.837800025939941,0.7595700025558472,0.4610599875450134
2002-07-07 21:00:00,2002,7,7,21,0,0.8787980079650879,8.601699829101562,35,7.083000183105469,6.430200099945068,2570,6.837800025939941,0.7512400150299072,0.4700100123882293
2002-07-08 00:00:00,2002,7,8,0,0,0.8780620098114014,8.736300468444824,35,7.143400192260742,6.490799903869629,2583,6.837800025939941,0.7473099827766418,0.4780600070953369
2002-07-08 03:00:00,2002,7,8,3,0,0.8748559951782227,8.89229965209961,35,7.190800189971924,6.509500026702881,2614,16.125999450683594,0.7450799942016602,0.4866699874401092
2002-07-08 06:00:00,2002,7,8,6,0,0.8716840147972107,9.073100090026855,35,7.228400230407715,6.491499900817871,2631,16.125999450683594,0.7397900223731995,0.4950099885463714
2002-07-08 09:00:00,2002,7,8,9,0,0.8702260255813599,9.22350025177002,35,7.226500034332275,6.432199954986572,2666,16.125999450683594,0.7384600043296814,0.504040002822876
2002-07-08 12:00:00,2002,7,8,12,0,0.8692499995231628,9.117799758911133,35,6.984899997711182,6.148799896240234,2744,16.125999450683594,0.7537699937820435,0.5216900110244751
2002-07-08 15:00:00,2002,7,8,15,0,0.8644769787788391,8.982399940490723,35,6.703000068664551,5.770599842071533,2785,16.125999450683594,0.7647899985313416,0.5333399772644043
2002-07-08 18:00:00,2002,7,8,18,0,0.85732501745224,9.003700256347656,35,6.650300025939941,5.647299766540527,2791,16.125999450683594,0.7634999752044678,0.5294299721717834
2002-07-08 21:00:00,2002,7,8,21,0,0.8504430055618286,8.9753999710083,35,6.4679999351501465,5.311600208282471,2819,14.659700393676758,0.7684199810028076,0.5278400182723999
2002-07-09 00:00:00,2002,7,9,0,0,0.7931069731712341,7.381199836730957,25,4.839900016784668,3.9804000854492183,3223,14.659700393676758,0.9126999974250792,0.6454200148582458
2002-07-09 03:00:00,2002,7,9,3,0,0.7606880068778992,6.892099857330322,15,4.842299938201904,4.103499889373779,3877,14.659700393676758,1.042829990386963,0.6418499946594238
2002-07-09 06:00:00,2002,7,9,6,0,0.7602319717407227,7.548999786376953,15,5.504199981689453,4.696800231933594,3894,17.73889923095703,0.9975799918174744,0.597320020198822
2002-07-09 09:00:00,2002,7,9,9,0,0.7574229836463928,8.317500114440918,15,6.069900035858154,5.164000034332275,3551,17.73889923095703,0.9045100212097168,0.5738400220870972
2002-07-09 12:00:00,2002,7,9,12,0,0.7513480186462402,8.88290023803711,15,6.476500034332275,5.477799892425537,3242,17.73889923095703,0.8337000012397766,0.5528900027275085
2002-07-09 15:00:00,2002,7,9,15,0,0.7450299859046936,9.254400253295898,15,6.717800140380859,5.61359977722168,2910,17.73889923095703,0.7714099884033203,0.5344099998474121
2002-07-09 18:00:00,2002,7,9,18,0,0.7283949851989746,8.55210018157959,15,5.782199859619141,4.660299777984619,2832,17.73889923095703,0.7924100160598755,0.5764300227165222
2002-07-09 21:00:00,2002,7,9,21,0,0.7184630036354065,7.545000076293945,5,5.027900218963623,4.111599922180176,3160,17.73889923095703,0.8949099779129028,0.6227999925613403
2002-07-10 00:00:00,2002,7,10,0,0,0.7447180151939392,7.31220006942749,355,5.10129976272583,4.237400054931641,3840,17.73889923095703,1.003119945526123,0.6005600094795227
2002-07-10 03:00:00,2002,7,10,3,0,0.7805690169334412,8.146900177001953,355,5.870800018310547,4.830699920654297,4323,16.125999450683594,1.000749945640564,0.5351499915122986
2002-07-10 06:00:00,2002,7,10,6,0,0.8239150047302246,8.939599990844727,5,6.723899841308594,5.597400188446045,5104,16.125999450683594,1.0294300317764282,0.4800499975681305
2002-07-10 09:00:00,2002,7,10,9,0,0.8626260161399841,9.505900382995604,5,7.530099868774414,6.40749979019165,6299,16.125999450683594,1.1014599800109863,0.4239799976348877
2002-07-10 12:00:00,2002,7,10,12,0,0.8896399736404419,9.78909969329834,5,8.052499771118164,6.98390007019043,7606,13.326800346374512,1.1870900392532349,0.383109986782074
2002-07-10 15:00:00,2002,7,10,15,0,0.9057019948959352,9.893099784851074,5,8.344799995422363,7.356200218200684,8726,12.114999771118164,1.260830044746399,0.3569400012493133
2002-07-10 18:00:00,2002,7,10,18,0,0.913527011871338,9.771599769592283,5,8.174599647521973,7.049499988555908,9387,12.114999771118164,1.3138799667358398,0.3510299921035766
2002-07-10 21:00:00,2002,7,10,21,0,0.9108970165252686,9.090999603271484,5,6.995100021362305,5.657199859619141,9777,12.114999771118164,1.3926500082015991,0.3972100019454956
2002-07-11 00:00:00,2002,7,11,0,0,0.900959014892578,8.460700035095215,5,6.37939977645874,5.209000110626221,9885,11.013500213623049,1.456769943237305,0.4320200085639953
2002-07-11 03:00:00,2002,7,11,3,0,0.8976479768753052,8.6141996383667,5,6.7368998527526855,5.590499877929688,9119,11.013500213623049,1.386019945144653,0.4063000082969665
2002-07-11 06:00:00,2002,7,11,6,0,0.8964160084724426,8.879799842834473,5,7.240099906921387,6.1641998291015625,8176,11.013500213623049,1.2909799814224243,0.3773800134658813
2002-07-11 09:00:00,2002,7,11,9,0,0.89478600025177,9.001299858093262,5,7.44290018081665,6.401299953460693,7380,11.013500213623049,1.2173399925231934,0.3667699992656708
2002-07-11 12:00:00,2002,7,11,12,0,0.8943179845809937,9.106499671936035,5,7.613999843597412,6.598899841308594,6709,10.01200008392334,1.153059959411621,0.3570899963378906
2002-07-11 15:00:00,2002,7,11,15,0,0.892204999923706,8.980899810791016,5,7.325399875640869,6.180900096893311,6214,10.01200008392334,1.117650032043457,0.3667899966239929
2002-07-11 18:00:00,2002,7,11,18,0,0.8817819952964783,8.566399574279785,355,6.65310001373291,5.434299945831299,5824,10.01200008392334,1.110440015792847,0.3970800042152405
2002-07-11 21:00:00,2002,7,11,21,0,0.8583229780197144,7.216300010681152,355,5.26170015335083,4.33519983291626,6107,10.01200008392334,1.2520500421524048,0.4869099855422973
2002-07-12 00:00:00,2002,7,12,0,0,0.8604490160942078,7.030099868774414,345,5.320000171661377,4.436299800872803,6539,9.101699829101562,1.3182499408721924,0.4601899981498718
2002-07-12 03:00:00,2002,7,12,3,0,0.8558949828147888,7.489200115203857,345,5.701099872589111,4.701600074768066,5426,9.101699829101562,1.158210039138794,0.4333299994468689
2002-07-12 06:00:00,2002,7,12,6,0,0.8493599891662598,7.798500061035156,345,6.056600093841553,5.010300159454346,4553,9.101699829101562,1.0377399921417236,0.414249986410141
2002-07-12 09:00:00,2002,7,12,9,0,0.8448460102081299,8.168899536132812,355,6.576900005340576,5.546599864959717,3991,9.101699829101562,0.947380006313324,0.3895600140094757
2002-07-12 12:00:00,2002,7,12,12,0,0.8432779908180237,8.302200317382812,355,6.704500198364258,5.649400234222412,3681,9.101699829101562,0.9020000100135804,0.3860900104045868
2002-07-12 15:00:00,2002,7,12,15,0,0.8396040201187134,8.042799949645996,355,6.32480001449585,5.276000022888184,3447,9.101699829101562,0.8889700174331665,0.4121200144290924
2002-07-12 18:00:00,2002,7,12,18,0,0.8337849974632263,7.794600009918213,355,5.941299915313721,4.874000072479248,3163,9.101699829101562,0.8673099875450134,0.4354400038719177
2002-07-12 21:00:00,2002,7,12,21,0,0.8222029805183411,6.9028000831604,345,5.055699825286865,4.187699794769287,3196,9.101699829101562,0.9335500001907348,0.4998100101947784
2002-07-13 00:00:00,2002,7,13,0,0,0.8250030279159546,6.844299793243408,345,5.180399894714356,4.352200031280518,3205,8.274100303649902,0.9412699937820436,0.4822799861431122
2002-07-13 03:00:00,2002,7,13,3,0,0.822039008140564,7.382699966430664,345,5.848499774932861,4.968800067901611,2884,8.274100303649902,0.8568599820137024,0.4352999925613403
2002-07-13 06:00:00,2002,7,13,6,0,0.8184340000152588,7.493299961090088,355,5.86299991607666,4.917799949645996,2608,8.274100303649902,0.8078600168228149,0.4354700148105621
2002-07-13 09:00:00,2002,7,13,9,0,0.8209879994392395,7.682799816131592,355,6.25059986114502,5.437099933624268,2388,8.274100303649902,0.7624899744987488,0.4210700094699859
2002-07-13 12:00:00,2002,7,13,12,0,0.8202890157699585,7.7778000831604,355,6.433000087738037,5.677299976348877,2275,8.274100303649902,0.7392500042915344,0.4115099906921386
2002-07-13 15:00:00,2002,7,13,15,0,0.8149160146713257,7.822400093078613,355,6.5447998046875,5.840400218963623,2182,8.274100303649902,0.7219499945640564,0.4054999947547912
2002-07-13 18:00:00,2002,7,13,18,0,0.8081910014152527,7.795100212097168,355,6.451499938964844,5.674799919128418,2059,7.52180004119873,0.7027900218963623,0.4110299944877624
2002-07-13 21:00:00,2002,7,13,21,0,0.8047119975090027,7.076300144195557,355,5.225599765777588,4.285099983215332,2045,7.52180004119873,0.7385799884796143,0.4818800091743469
2002-07-14 00:00:00,2002,7,14,0,0,0.8152809739112854,6.459799766540527,355,4.80709981918335,4.055300235748291,2254,7.52180004119873,0.8156499862670898,0.5202800035476685
2002-07-14 03:00:00,2002,7,14,3,0,0.8311319947242737,6.466000080108643,355,4.950500011444092,4.225100040435791,2478,7.52180004119873,0.8557800054550171,0.5024799704551697
2002-07-14 06:00:00,2002,7,14,6,0,0.8442990183830261,6.801499843597412,355,5.3628997802734375,4.629799842834473,2605,6.837800025939941,0.8527600169181824,0.4719800055027008
2002-07-14 09:00:00,2002,7,14,9,0,0.8548269867897034,7.18809986114502,355,5.803599834442139,5.066500186920166,2685,9.101699829101562,0.8380200266838074,0.4420300126075744
2002-07-14 12:00:00,2002,7,14,12,0,0.8640959858894348,7.501399993896484,355,6.130499839782715,5.347599983215332,2773,9.101699829101562,0.8300399780273438,0.4131200015544891
2002-07-14 15:00:00,2002,7,14,15,0,0.8697320222854614,7.584700107574463,355,6.208000183105469,5.366499900817871,2875,9.101699829101562,0.8392000198364258,0.394210010766983
2002-07-14 18:00:00,2002,7,14,18,0,0.868806004524231,7.467199802398682,355,6.058199882507324,5.153800010681152,2946,8.274100303649902,0.857420027256012,0.3866199851036072
2002-07-14 21:00:00,2002,7,14,21,0,0.8584039807319641,6.7743000984191895,355,5.220900058746338,4.355800151824951,3225,8.274100303649902,0.9483699798583984,0.4291400015354156
2002-07-15 00:00:00,2002,7,15,0,0,0.8593170046806335,6.207200050354004,345,4.831099987030029,4.108799934387207,3906,8.274100303649902,1.0982099771499634,0.4444099962711334
2002-07-15 03:00:00,2002,7,15,3,0,0.8686959743499756,6.468200206756592,345,5.1371002197265625,4.369900226593018,4357,8.274100303649902,1.134029984474182,0.411190003156662
2002-07-15 06:00:00,2002,7,15,6,0,0.8703659772872925,6.8744001388549805,335,5.5355000495910645,4.695799827575684,4341,8.274100303649902,1.0928499698638916,0.3847100138664245
2002-07-15 09:00:00,2002,7,15,9,0,0.8627399802207947,7.392000198364258,345,6.210100173950195,5.381999969482422,3754,8.274100303649902,0.9759100079536438,0.3508200049400329
2002-07-15 12:00:00,2002,7,15,12,0,0.8483549952507019,7.638999938964844,345,6.51039981842041,5.7230000495910645,3062,8.274100303649902,0.8660699725151062,0.3511799871921539
2002-07-15 15:00:00,2002,7,15,15,0,0.8345440030097961,7.458300113677978,345,6.087900161743164,5.2006001472473145,2600,7.52180004119873,0.8092899918556213,0.3928099870681762
2002-07-15 18:00:00,2002,7,15,18,0,0.8211320042610168,7.1768999099731445,345,5.625199794769287,4.718400001525879,2316,7.52180004119873,0.7807999849319458,0.4337599873542785
2002-07-15 21:00:00,2002,7,15,21,0,0.8171719908714294,5.834199905395508,335,4.375699996948242,3.7372000217437744,2681,7.52180004119873,0.9423199892044068,0.5295299887657166
2002-07-16 00:00:00,2002,7,16,0,0,0.8262869715690613,5.834799766540527,335,4.486400127410889,3.856699943542481,2960,6.837800025939941,0.9920099973678588,0.5051500201225281
2002-07-16 03:00:00,2002,7,16,3,0,0.8138059973716736,6.233200073242188,345,4.752399921417236,4.0406999588012695,2631,6.837800025939941,0.9003499746322632,0.4966799914836883
2002-07-16 06:00:00,2002,7,16,6,0,0.8041200041770935,6.876999855041504,355,5.370999813079834,4.604300022125244,2266,6.837800025939941,0.7895900011062622,0.4713500142097473
2002-07-16 09:00:00,2002,7,16,9,0,0.8130519986152649,7.416800022125244,355,5.898399829864502,5.116499900817871,2116,13.326800346374512,0.7298600077629089,0.4517599940299988
2002-07-16 12:00:00,2002,7,16,12,0,0.8283609747886658,7.871099948883057,355,6.314199924468994,5.483399868011475,2261,13.326800346374512,0.7285400032997131,0.4321599900722503
2002-07-16 15:00:00,2002,7,16,15,0,0.8463500142097473,8.320599555969238,355,6.813700199127197,5.940899848937988,2733,10.01200008392334,0.7761399745941162,0.4015600085258484
2002-07-16 18:00:00,2002,7,16,18,0,0.8631500005722046,8.628899574279785,355,7.28410005569458,6.4359002113342285,3466,9.101699829101562,0.856689989566803,0.3691099882125854
2002-07-16 21:00:00,2002,7,16,21,0,0.8754330277442932,8.375900268554688,355,6.556099891662598,5.266300201416016,4273,9.101699829101562,0.9666200280189514,0.3803699910640716
2002-07-17 00:00:00,2002,7,17,0,0,0.8852390050888062,7.9847002029418945,355,6.155200004577637,5.039299964904785,5085,9.101699829101562,1.0811400413513184,0.4085600078105926
2002-07-17 03:00:00,2002,7,17,3,0,0.8961830139160156,8.189499855041504,355,6.550600051879883,5.468999862670898,5589,9.101699829101562,1.117300033569336,0.3834500014781952
2002-07-17 06:00:00,2002,7,17,6,0,0.9030269980430604,8.60200023651123,355,7.264599800109863,6.338799953460693,5898,9.101699829101562,1.116449952125549,0.349260002374649
2002-07-17 09:00:00,2002,7,17,9,0,0.90487802028656,8.869600296020508,355,7.684899806976318,6.852499961853027,6144,11.013500213623049,1.1194700002670288,0.3274599909782409
2002-07-17 12:00:00,2002,7,17,12,0,0.903328001499176,9.042400360107422,355,7.968400001525879,7.224899768829346,6330,11.013500213623049,1.1230900287628174,0.3114199936389923
2002-07-17 15:00:00,2002,7,17,15,0,0.8999170064926147,9.17590045928955,355,8.158499717712402,7.478899955749512,6451,11.013500213623049,1.1240400075912476,0.3040100038051605
2002-07-17 18:00:00,2002,7,17,18,0,0.8971239924430847,9.331600189208984,355,8.31309986114502,7.662700176239014,6583,11.013500213623049,1.1254099607467651,0.306190013885498
2002-07-17 21:00:00,2002,7,17,21,0,0.8965780138969421,9.428299903869627,5,8.388500213623047,7.743100166320801,6773,10.01200008392334,1.1360299587249756,0.3116999864578247
2002-07-18 00:00:00,2002,7,18,0,0,0.8963779807090759,9.329400062561035,5,8.277000427246094,7.597099781036377,7010,10.01200008392334,1.1632200479507446,0.3151600062847137
2002-07-18 03:00:00,2002,7,18,3,0,0.8977940082550049,9.149200439453123,355,8.132399559020996,7.457600116729736,7327,10.01200008392334,1.2021000385284424,0.3120099902153015
2002-07-18 06:00:00,2002,7,18,6,0,0.9014430046081544,9.075200080871582,355,8.154999732971191,7.606599807739258,7788,10.01200008392334,1.2442500591278076,0.3035399913787842
2002-07-18 09:00:00,2002,7,18,9,0,0.90728497505188,9.135199546813965,5,8.23169994354248,7.695499897003174,8505,10.01200008392334,1.2946799993515017,0.2982900142669678
2002-07-18 12:00:00,2002,7,18,12,0,0.9145449995994568,9.243800163269045,5,8.331199645996094,7.7846999168396,9253,10.01200008392334,1.340870022773743,0.295960009098053
2002-07-18 15:00:00,2002,7,18,15,0,0.9192749857902528,9.303799629211426,5,8.394000053405762,7.841400146484375,9638,10.01200008392334,1.3630000352859497,0.2926799952983856
2002-07-18 18:00:00,2002,7,18,18,0,0.9208679795265198,9.271200180053713,5,8.39229965209961,7.850800037384033,9498,10.01200008392334,1.3551700115203855,0.2869699895381927
2002-07-18 21:00:00,2002,7,18,21,0,0.920432984828949,9.172200202941896,5,8.337900161743164,7.818699836730957,8997,10.01200008392334,1.3263700008392334,0.2802700102329254
2002-07-19 00:00:00,2002,7,19,0,0,0.9191229939460754,9.055700302124023,5,8.192099571228027,7.573500156402588,8432,10.01200008392334,1.2931499481201172,0.2782000005245209
2002-07-19 03:00:00,2002,7,19,3,0,0.9180750250816344,8.9266996383667,5,7.801300048828125,6.757599830627441,8046,10.01200008392334,1.2736300230026243,0.2868199944496155
2002-07-19 06:00:00,2002,7,19,6,0,0.918474018573761,8.98840045928955,5,8.014900207519531,7.235799789428711,7864,9.101699829101562,1.2548600435256958,0.286870002746582
2002-07-19 09:00:00,2002,7,19,9,0,0.9189469814300536,8.997699737548828,5,8.07919979095459,7.441299915313721,7799,9.101699829101562,1.2497800588607788,0.2913900017738342
2002-07-19 12:00:00,2002,7,19,12,0,0.9194160103797911,8.798800468444824,5,7.827199935913086,7.211599826812744,7936,9.101699829101562,1.2777299880981443,0.3089999854564667
2002-07-19 15:00:00,2002,7,19,15,0,0.9190369844436646,8.564800262451172,5,7.564000129699707,6.94920015335083,8145,9.101699829101562,1.3156100511550903,0.3217999935150146
2002-07-19 18:00:00,2002,7,19,18,0,0.9179840087890624,8.508999824523926,5,7.497700214385986,6.860499858856201,7978,9.101699829101562,1.307420015335083,0.3236199915409088
2002-07-19 21:00:00,2002,7,19,21,0,0.9174529910087584,8.493599891662598,5,7.397600173950195,6.645500183105469,7633,9.101699829101562,1.280210018157959,0.3281599879264831
2002-07-20 00:00:00,2002,7,20,0,0,0.9148499965667723,8.182900428771973,5,6.620800018310547,5.544000148773193,7394,9.101699829101562,1.2856199741363523,0.3683899939060211
2002-07-20 03:00:00,2002,7,20,3,0,0.9108539819717408,7.740699768066406,5,6.081299781799316,5.088099956512451,7486,9.101699829101562,1.3344500064849854,0.4087600111961365
2002-07-20 06:00:00,2002,7,20,6,0,0.9140570163726808,7.751699924468994,355,6.38539981842041,5.545599937438965,7694,9.101699829101562,1.3549699783325195,0.3904500007629394
2002-07-20 09:00:00,2002,7,20,9,0,0.9141830205917358,8.08180046081543,355,6.817299842834473,5.9766998291015625,7338,9.101699829101562,1.2927099466323853,0.3623799979686737
2002-07-20 12:00:00,2002,7,20,12,0,0.9131649732589722,8.314599990844727,355,7.082699775695801,6.215700149536133,7041,9.101699829101562,1.2452000379562378,0.345440000295639
2002-07-20 15:00:00,2002,7,20,15,0,0.9088619947433472,8.317299842834473,355,7.018899917602539,6.08459997177124,6795,9.101699829101562,1.2227599620819092,0.3478499948978424
2002-07-20 18:00:00,2002,7,20,18,0,0.8937900066375732,8.085399627685547,355,6.522799968719482,5.453000068664551,6314,10.01200008392334,1.1976699829101562,0.3760400116443634
2002-07-20 21:00:00,2002,7,20,21,0,0.8779680132865906,7.390200138092041,345,5.59660005569458,4.598700046539307,6383,10.01200008392334,1.2660399675369265,0.4366399943828583
2002-07-21 00:00:00,2002,7,21,0,0,0.8780930042266846,7.124899864196777,345,5.464300155639648,4.54010009765625,6897,8.274100303649902,1.3453099727630615,0.4355399906635284
2002-07-21 03:00:00,2002,7,21,3,0,0.8809970021247864,7.320099830627441,345,5.676700115203857,4.707099914550781,6479,9.101699829101562,1.284129977226257,0.4175699949264526
2002-07-21 06:00:00,2002,7,21,6,0,0.8813120126724243,7.879499912261963,345,6.324699878692627,5.291200160980225,5600,9.101699829101562,1.1449400186538696,0.3821899890899658
2002-07-21 09:00:00,2002,7,21,9,0,0.8816030025482178,8.341699600219727,345,6.972099781036377,5.965799808502197,5044,9.101699829101562,1.0520800352096558,0.3491199910640716
2002-07-21 12:00:00,2002,7,21,12,0,0.8823059797286987,8.621199607849121,345,7.390200138092041,6.460599899291992,4791,9.101699829101562,1.0058200359344482,0.3301700055599212
2002-07-21 15:00:00,2002,7,21,15,0,0.8789539933204651,8.702199935913086,345,7.456299781799316,6.5177998542785645,4555,9.101699829101562,0.9751399755477904,0.3300000131130218
2002-07-21 18:00:00,2002,7,21,18,0,0.8694030046463013,8.262200355529785,345,6.510900020599365,5.313499927520752,4390,10.01200008392334,0.984939992427826,0.3773500025272369
2002-07-21 21:00:00,2002,7,21,21,0,0.8606259822845459,7.342800140380859,345,5.489299774169922,4.509200096130371,4644,10.01200008392334,1.0824600458145142,0.4491499960422516
2002-07-22 00:00:00,2002,7,22,0,0,0.8611400127410889,7.15369987487793,335,5.454800128936768,4.5441999435424805,4953,9.101699829101562,1.1364400386810305,0.4462299942970276
2002-07-22 03:00:00,2002,7,22,3,0,0.8582280278205872,7.863100051879883,345,6.271999835968018,5.271200180053711,4463,9.101699829101562,1.023650050163269,0.3983100056648254
2002-07-22 06:00:00,2002,7,22,6,0,0.8524029850959778,8.42240047454834,345,6.961900234222412,6.014400005340576,4081,9.101699829101562,0.9416199922561646,0.3757599890232086
2002-07-22 09:00:00,2002,7,22,9,0,0.8600339889526367,8.797599792480469,345,7.415599822998047,6.532199859619141,4220,9.101699829101562,0.9332900047302246,0.3601300120353699
2002-07-22 12:00:00,2002,7,22,12,0,0.8787500262260437,9.110799789428713,355,7.83489990234375,7.001399993896484,4778,10.01200008392334,0.9719600081443788,0.3359299898147583
2002-07-22 15:00:00,2002,7,22,15,0,0.8942880034446716,9.345499992370604,355,8.211299896240234,7.452300071716309,5485,10.01200008392334,1.024780035018921,0.3100199997425079
2002-07-22 18:00:00,2002,7,22,18,0,0.9015740156173706,9.4798002243042,355,8.461799621582031,7.777100086212158,5987,10.01200008392334,1.061110019683838,0.2922300100326538
2002-07-22 21:00:00,2002,7,22,21,0,0.9023640155792236,9.50749969482422,355,8.550800323486328,7.89870023727417,6208,10.01200008392334,1.078629970550537,0.2839699983596802
2002-07-23 00:00:00,2002,7,23,0,0,0.9000179767608643,9.481900215148926,355,8.559700012207031,7.941199779510498,6198,10.01200008392334,1.079439997673035,0.2813400030136108
2002-07-23 03:00:00,2002,7,23,3,0,0.8976669907569885,9.450499534606934,355,8.555800437927246,7.973000049591064,6170,10.01200008392334,1.0791800022125244,0.2797200083732605
2002-07-23 06:00:00,2002,7,23,6,0,0.8954349756240845,9.449299812316896,355,8.562899589538574,7.993100166320801,6117,10.01200008392334,1.0748399496078491,0.2797900140285492
2002-07-23 09:00:00,2002,7,23,9,0,0.893572986125946,9.470800399780272,355,8.580599784851074,8.017200469970703,5988,10.01200008392334,1.062540054321289,0.2821100056171417
2002-07-23 12:00:00,2002,7,23,12,0,0.892890989780426,9.457500457763672,355,8.569899559020996,8.018099784851074,5779,10.01200008392334,1.045259952545166,0.2844400107860565
2002-07-23 15:00:00,2002,7,23,15,0,0.8927249908447266,9.38319969177246,355,8.519800186157227,7.990900039672852,5574,10.01200008392334,1.031209945678711,0.2834199965000152
2002-07-23 18:00:00,2002,7,23,18,0,0.8919259905815125,9.28950023651123,355,8.454500198364258,7.947800159454346,5440,10.01200008392334,1.024340033531189,0.2806900143623352
2002-07-23 21:00:00,2002,7,23,21,0,0.8907750248908997,9.236200332641602,355,8.372699737548828,7.8084001541137695,5423,10.01200008392334,1.0260800123214722,0.2822999954223633
2002-07-24 00:00:00,2002,7,24,0,0,0.8887370228767395,9.065600395202637,355,7.647299766540527,6.357999801635742,5465,10.01200008392334,1.0410499572753906,0.3077600002288818
2002-07-24 03:00:00,2002,7,24,3,0,0.8864060044288635,9.212900161743164,355,8.036999702453613,7.15910005569458,5529,10.01200008392334,1.0383000373840332,0.3112199902534485
2002-07-24 06:00:00,2002,7,24,6,0,0.8831290006637573,9.342399597167969,355,8.292099952697754,7.603000164031982,5494,9.101699829101562,1.0277400016784668,0.3073799908161163
2002-07-24 09:00:00,2002,7,24,9,0,0.8787500262260437,9.356599807739258,355,8.351799964904785,7.747499942779541,5325,9.101699829101562,1.011379957199097,0.3079499900341034
2002-07-24 12:00:00,2002,7,24,12,0,0.8736680150032043,9.303099632263184,355,8.321000099182129,7.750800132751465,5052,9.101699829101562,0.988759994506836,0.3097000122070312
2002-07-24 15:00:00,2002,7,24,15,0,0.869301974773407,9.247200012207031,355,8.271900177001953,7.716899871826172,4783,9.101699829101562,0.9658300280570984,0.3131099939346313
2002-07-24 18:00:00,2002,7,24,18,0,0.8685680031776428,9.230299949645996,5,8.240300178527832,7.6844000816345215,4600,10.01200008392334,0.9485999941825868,0.3180800080299377
2002-07-24 21:00:00,2002,7,24,21,0,0.8681290149688721,9.23449993133545,5,8.216300010681152,7.649499893188477,4460,10.01200008392334,0.9342899918556212,0.3238900005817413
2002-07-25 00:00:00,2002,7,25,0,0,0.8662859797477722,9.188300132751465,5,8.002900123596191,7.186600208282471,4324,13.326800346374512,0.9230499863624572,0.3345400094985962
2002-07-25 03:00:00,2002,7,25,3,0,0.8626009821891785,9.106599807739258,5,7.701200008392334,6.628200054168701,4204,13.326800346374512,0.915220022201538,0.3480699956417084
2002-07-25 06:00:00,2002,7,25,6,0,0.8589310050010681,9.134200096130373,5,7.781700134277344,6.86460018157959,4135,12.114999771118164,0.9065899848937988,0.355349987745285
2002-07-25 09:00:00,2002,7,25,9,0,0.8565130233764648,9.176400184631348,5,7.838799953460693,6.992899894714356,4131,12.114999771118164,0.9043800234794616,0.3604499995708465
2002-07-25 12:00:00,2002,7,25,12,0,0.8554930090904236,9.252400398254396,5,7.916500091552734,7.109099864959717,4186,12.114999771118164,0.9065600037574768,0.3637199997901916
2002-07-25 15:00:00,2002,7,25,15,0,0.8559240102767944,9.34589958190918,5,8.003399848937988,7.222300052642822,4281,12.114999771118164,0.9118800163269044,0.3660300076007843
2002-07-25 18:00:00,2002,7,25,18,0,0.8582239747047424,9.33080005645752,5,7.97599983215332,7.188600063323975,4483,11.013500213623049,0.9340800046920776,0.3686099946498871
2002-07-25 21:00:00,2002,7,25,21,0,0.8553810119628906,8.724200248718262,5,6.563600063323975,5.2221999168396,4699,11.013500213623049,0.9912700057029724,0.4209400117397308
2002-07-26 00:00:00,2002,7,26,0,0,0.8453090190887451,7.462200164794922,5,5.422399997711182,4.472499847412109,5446,11.013500213623049,1.1633599996566772,0.5044800043106079
2002-07-26 03:00:00,2002,7,26,3,0,0.8501160144805908,7.527699947357178,355,5.73799991607666,4.814799785614014,5903,11.013500213623049,1.2080999612808228,0.4718599915504455
2002-07-26 06:00:00,2002,7,26,6,0,0.8493310213088989,7.88040018081665,355,6.208899974822998,5.271100044250488,5870,10.01200008392334,1.1749900579452517,0.4396800100803375
2002-07-26 09:00:00,2002,7,26,9,0,0.8456599712371826,8.38479995727539,5,6.872600078582764,5.974400043487549,5580,10.01200008392334,1.1065800189971924,0.4051899909973144
2002-07-26 12:00:00,2002,7,26,12,0,0.848704993724823,8.780400276184082,5,7.297399997711182,6.376100063323975,5192,10.01200008392334,1.039330005645752,0.3852899968624115
2002-07-26 15:00:00,2002,7,26,15,0,0.8527839779853821,8.93529987335205,5,7.446100234985352,6.483699798583984,4901,10.01200008392334,0.9994800090789796,0.3763200044631958
2002-07-26 18:00:00,2002,7,26,18,0,0.8534449934959412,8.629599571228027,5,6.821000099182129,5.650199890136719,4700,10.01200008392334,0.9974200129508972,0.4013600051403045
2002-07-26 21:00:00,2002,7,26,21,0,0.8398690223693848,7.312600135803223,355,5.383999824523926,4.442200183868408,5060,10.01200008392334,1.135849952697754,0.4887199997901916
2002-07-27 00:00:00,2002,7,27,0,0,0.8476740121841431,6.8572998046875,355,5.370200157165527,4.559199810028076,6290,7.52180004119873,1.3202199935913086,0.4534899890422821
2002-07-27 03:00:00,2002,7,27,3,0,0.8487100005149841,7.047800064086914,345,5.561999797821045,4.707099914550781,6116,7.52180004119873,1.2816599607467651,0.4323199987411499
2002-07-27 06:00:00,2002,7,27,6,0,0.8408259749412537,7.447299957275391,345,6.006999969482422,5.101200103759766,5399,7.52180004119873,1.166949987411499,0.4051400125026703
2002-07-27 09:00:00,2002,7,27,9,0,0.8332419991493225,7.891900062561035,345,6.558599948883057,5.650899887084961,4808,8.274100303649902,1.0646300315856934,0.3750900030136108
2002-07-27 12:00:00,2002,7,27,12,0,0.8287490010261536,8.029500007629395,345,6.711999893188477,5.811100006103516,4362,9.101699829101562,1.002869963645935,0.368829995393753
2002-07-27 15:00:00,2002,7,27,15,0,0.8222020268440247,7.975900173187256,345,6.576399803161621,5.63100004196167,3855,9.101699829101562,0.9459499716758728,0.3778400123119354
2002-07-27 18:00:00,2002,7,27,18,0,0.8202850222587585,7.566299915313721,345,5.933300018310547,4.93779993057251,3480,9.101699829101562,0.9252600073814392,0.4138100147247314
2002-07-27 21:00:00,2002,7,27,21,0,0.8279129862785339,6.7093000411987305,345,4.982600212097168,4.127999782562256,3478,9.101699829101562,0.9888200163841248,0.4753400087356567
2002-07-28 00:00:00,2002,7,28,0,0,0.8617010116577148,6.058199882507324,335,4.6757001876831055,3.986999988555908,4218,8.274100303649902,1.1568700075149536,0.4737400114536285
2002-07-28 03:00:00,2002,7,28,3,0,0.8768100142478943,6.537099838256836,335,5.108099937438965,4.316199779510498,4145,8.274100303649902,1.098760008811951,0.4345200061798095
2002-07-28 06:00:00,2002,7,28,6,0,0.8823500275611877,7.144299983978272,335,5.797200202941895,4.94789981842041,3875,8.274100303649902,1.00996994972229,0.3919300138950348
2002-07-28 09:00:00,2002,7,28,9,0,0.8785889744758606,7.53000020980835,335,6.266499996185303,5.431300163269043,3622,8.274100303649902,0.9472699761390686,0.3716099858283996
2002-07-28 12:00:00,2002,7,28,12,0,0.8657829761505127,7.857800006866455,335,6.685299873352051,5.917099952697754,3282,8.274100303649902,0.880370020866394,0.361050009727478
2002-07-28 15:00:00,2002,7,28,15,0,0.8521360158920288,7.832699775695801,345,6.415500164031982,5.48829984664917,2959,8.274100303649902,0.8374800086021423,0.3875499963760376
2002-07-28 18:00:00,2002,7,28,18,0,0.8447290062904358,7.38640022277832,345,5.668300151824951,4.688000202178955,2896,8.274100303649902,0.8564000129699707,0.4397999942302704
2002-07-28 21:00:00,2002,7,28,21,0,0.8469709753990173,6.495500087738037,335,4.842199802398682,4.057799816131592,3330,10.01200008392334,0.9875699877738952,0.5014100074768066
2002-07-29 00:00:00,2002,7,29,0,0,0.8633080124855042,6.12939977645874,335,4.690400123596191,3.9874000549316406,4226,7.52180004119873,1.1527899503707886,0.4937700033187866
2002-07-29 03:00:00,2002,7,29,3,0,0.8557490110397339,6.81820011138916,335,5.256199836730957,4.4268999099731445,3885,7.52180004119873,1.0407400131225586,0.4657999873161316
2002-07-29 06:00:00,2002,7,29,6,0,0.8479790091514587,7.366199970245361,345,5.736000061035156,4.8206000328063965,3509,10.01200008392334,0.9465699791908264,0.4510500133037567
2002-07-29 09:00:00,2002,7,29,9,0,0.8424450159072876,7.77869987487793,345,6.243299961090088,5.331200122833252,3457,10.01200008392334,0.9117500185966492,0.4296900033950805
2002-07-29 12:00:00,2002,7,29,12,0,0.8320350050926208,8.162699699401855,345,6.714600086212158,5.833499908447266,3396,10.01200008392334,0.8802899718284607,0.4140399992465973
2002-07-29 15:00:00,2002,7,29,15,0,0.82225102186203,8.438899993896484,355,6.986599922180176,6.097499847412109,3384,10.01200008392334,0.8632199764251709,0.4104999899864197
2002-07-29 18:00:00,2002,7,29,18,0,0.8094120025634766,8.448699951171875,355,6.729599952697754,5.660900115966797,3443,10.01200008392334,0.870639979839325,0.4308399856090545
2002-07-29 21:00:00,2002,7,29,21,0,0.7936149835586548,7.410500049591064,355,5.393400192260742,4.44379997253418,3968,10.01200008392334,1.0049699544906616,0.5199400186538696
2002-07-30 00:00:00,2002,7,30,0,0,0.8048400282859802,6.868199825286865,345,5.144299983978272,4.321100234985352,5200,7.52180004119873,1.2028499841690063,0.5187699794769287
2002-07-30 03:00:00,2002,7,30,3,0,0.8119770288467407,7.2322001457214355,345,5.562900066375732,4.682600021362305,5650,7.52180004119873,1.2189899682998655,0.4824399948120117
2002-07-30 06:00:00,2002,7,30,6,0,0.7951989769935608,8.045999526977539,355,6.416999816894531,5.4878997802734375,4902,7.52180004119873,1.0705300569534302,0.4516200125217438
2002-07-30 09:00:00,2002,7,30,9,0,0.7767170071601868,8.663299560546875,5,6.979100227355957,6.03879976272583,4302,9.101699829101562,0.9632599949836732,0.4460799992084503
2002-07-30 12:00:00,2002,7,30,12,0,0.77982097864151,8.944299697875977,5,7.183599948883057,6.209400177001953,4187,9.101699829101562,0.9341099858283995,0.4465200006961822
2002-07-30 15:00:00,2002,7,30,15,0,0.7837870121002197,8.888799667358398,5,7.039299964904785,6.01200008392334,4290,9.101699829101562,0.9489700198173524,0.4549899995326996
2002-07-30 18:00:00,2002,7,30,18,0,0.7809290289878845,8.48859977722168,5,6.402900218963623,5.283599853515625,4497,16.125999450683594,0.9961299896240234,0.4837000072002411
2002-07-30 21:00:00,2002,7,30,21,0,0.7688959836959839,7.5569000244140625,5,5.404300212860107,4.436299800872803,4998,16.125999450683594,1.1184099912643433,0.5414100289344788
2002-07-31 00:00:00,2002,7,31,0,0,0.7854440212249756,7.032100200653076,355,5.302199840545654,4.4730000495910645,6588,6.837800025939941,1.3391499519348145,0.520609974861145
2002-07-31 03:00:00,2002,7,31,3,0,0.7781609892845154,7.490300178527832,355,5.672200202941895,4.732200145721436,6512,7.52180004119873,1.28410005569458,0.4930000007152557
2002-07-31 06:00:00,2002,7,31,6,0,0.7551239728927612,8.054699897766113,355,6.150000095367432,5.108200073242188,5757,8.274100303649902,1.1592700481414795,0.4757100045681
2002-07-31 09:00:00,2002,7,31,9,0,0.7310580015182495,8.668100357055664,5,6.714300155639648,5.589900016784668,4989,8.274100303649902,1.0365699529647827,0.4576700031757355
2002-07-31 12:00:00,2002,7,31,12,0,0.7214850187301636,9.067999839782717,5,7.062600135803223,5.906000137329102,4377,16.125999450683594,0.947700023651123,0.4523699879646301
2002-07-31 15:00:00,2002,7,31,15,0,0.7162920236587524,9.23390007019043,5,7.074900150299072,5.831900119781494,3912,16.125999450683594,0.8875100016593933,0.4571599960327148
2002-07-31 18:00:00,2002,7,31,18,0,0.7094209790229797,8.711799621582031,5,6.23360013961792,4.991399765014648,3764,16.125999450683594,0.8989400267601013,0.5045599937438965
2002-07-31 21:00:00,2002,7,31,21,0,0.6984120011329651,7.2957000732421875,5,4.975800037384033,4.058199882507324,4267,16.125999450683594,1.0547200441360474,0.5903499722480774
2002-08-01 00:00:00,2002,8,1,0,0,0.7239949703216553,7.141200065612793,355,5.151999950408936,4.274099826812744,5267,7.52180004119873,1.1863399744033811,0.5519400238990784
2002-08-01 03:00:00,2002,8,1,3,0,0.7267550230026245,7.591499805450439,355,5.532800197601318,4.5507001876831055,5431,8.274100303649902,1.1633199453353882,0.5207800269126892
2002-08-01 06:00:00,2002,8,1,6,0,0.7074880003929138,8.375300407409668,5,6.332600116729736,5.244800090789795,5208,16.125999450683594,1.0791300535202026,0.4808999896049499
2002-08-01 09:00:00,2002,8,1,9,0,0.6883490085601807,9.08530044555664,15,7.027599811553955,5.871099948883057,4943,16.125999450683594,1.004670023918152,0.454259991645813
2002-08-01 12:00:00,2002,8,1,12,0,0.6855270266532898,9.48799991607666,15,7.461599826812744,6.291999816894531,4888,16.125999450683594,0.974590003490448,0.4361799955368042
2002-08-01 15:00:00,2002,8,1,15,0,0.6881459951400757,9.648500442504885,25,7.607500076293945,6.407599925994873,4879,12.114999771118164,0.9644100069999696,0.4304400086402893
2002-08-01 18:00:00,2002,8,1,18,0,0.6889780163764954,9.39210033416748,25,6.977200031280518,5.595699787139893,5015,12.114999771118164,0.9925199747085572,0.4580099880695343
2002-08-01 21:00:00,2002,8,1,21,0,0.6693369746208191,8.357799530029297,25,5.771200180053711,4.618800163269043,5555,19.51320075988769,1.1136300563812256,0.5355700254440308
2002-08-02 00:00:00,2002,8,2,0,0,0.6601160168647766,7.795899868011475,15,5.535299777984619,4.540599822998047,6326,19.51320075988769,1.2366399765014648,0.5484899878501892
2002-08-02 03:00:00,2002,8,2,3,0,0.6663259863853455,8.18220043182373,15,5.900899887084961,4.80679988861084,6081,14.659700393676758,1.181190013885498,0.5196400284767151
2002-08-02 06:00:00,2002,8,2,6,0,0.6757010221481323,8.656800270080566,15,6.4105000495910645,5.263899803161621,5655,14.659700393676758,1.1056499481201172,0.4973199963569641
2002-08-02 09:00:00,2002,8,2,9,0,0.6938300132751465,9.300299644470217,25,7.150199890136719,5.990099906921387,5398,17.73889923095703,1.0404599905014038,0.4686700105667114
2002-08-02 12:00:00,2002,8,2,12,0,0.7116900086402893,9.70419979095459,25,7.437699794769287,6.216100215911865,5207,17.73889923095703,1.0001599788665771,0.4648399949073791
2002-08-02 15:00:00,2002,8,2,15,0,0.7204859852790833,9.765899658203123,25,7.303400039672852,5.991700172424316,5097,17.73889923095703,0.987500011920929,0.4757199883460998
2002-08-02 18:00:00,2002,8,2,18,0,0.7117930054664612,9.198399543762209,25,6.443699836730957,5.137700080871582,5112,17.73889923095703,1.0221600532531738,0.5209299921989441
2002-08-02 21:00:00,2002,8,2,21,0,0.685250997543335,7.724999904632568,15,5.130300045013428,4.167600154876709,5496,17.73889923095703,1.164720058441162,0.6127300262451172
2002-08-03 00:00:00,2002,8,3,0,0,0.6989290118217468,7.105199813842773,5,5.020299911499023,4.173299789428711,6556,17.73889923095703,1.3323500156402588,0.5919100046157837
2002-08-03 03:00:00,2002,8,3,3,0,0.7203860282897949,7.507699966430664,355,5.426599979400635,4.485700130462647,6532,16.125999450683594,1.2889100313186646,0.5487599968910217
2002-08-03 06:00:00,2002,8,3,6,0,0.7125309705734253,8.324700355529785,5,6.107100009918213,5.031599998474121,5482,16.125999450683594,1.1153600215911863,0.5176500082015991
2002-08-03 09:00:00,2002,8,3,9,0,0.7105370163917542,9.078900337219238,15,6.846799850463867,5.705999851226807,4750,16.125999450683594,0.98989999294281,0.4863300025463104
2002-08-03 12:00:00,2002,8,3,12,0,0.7173280119895935,9.34980010986328,15,7.038000106811523,5.859799861907959,4211,16.125999450683594,0.9164999723434448,0.4798099994659424
2002-08-03 15:00:00,2002,8,3,15,0,0.7213159799575806,9.29669952392578,15,6.943399906158447,5.755799770355225,3829,16.125999450683594,0.8755699992179871,0.4824700057506561
2002-08-03 18:00:00,2002,8,3,18,0,0.7242159843444824,9.139100074768066,15,6.734099864959717,5.543000221252441,3584,14.659700393676758,0.8540599942207336,0.4905200004577636
2002-08-03 21:00:00,2002,8,3,21,0,0.7289990186691284,8.949000358581543,15,6.281099796295166,4.982399940490723,3459,14.659700393676758,0.8479099869728088,0.5047799944877625
2002-08-04 00:00:00,2002,8,4,0,0,0.7273979783058167,8.116399765014648,15,5.359499931335449,4.28410005569458,3620,14.659700393676758,0.9134699702262878,0.5720700025558472
2002-08-04 03:00:00,2002,8,4,3,0,0.7419459819793701,8.371000289916992,15,5.6402997970581055,4.513299942016602,3615,14.659700393676758,0.8979600071907043,0.5535299777984619
2002-08-04 06:00:00,2002,8,4,6,0,0.7603539824485779,8.895099639892578,25,6.411200046539307,5.258800029754639,3580,14.659700393676758,0.8650599718093872,0.5092700123786926
2002-08-04 09:00:00,2002,8,4,9,0,0.7669039964675903,8.912799835205078,15,6.679200172424316,5.6143999099731445,3653,14.659700393676758,0.8734800219535828,0.4938899874687195
2002-08-04 12:00:00,2002,8,4,12,0,0.7731969952583313,8.732999801635742,15,6.698800086975098,5.741600036621094,3763,14.659700393676758,0.897159993648529,0.4913800060749054
2002-08-04 15:00:00,2002,8,4,15,0,0.7770569920539856,8.536700248718262,15,6.660999774932861,5.790900230407715,3855,13.326800346374512,0.9200000166893004,0.4896999895572662
2002-08-04 18:00:00,2002,8,4,18,0,0.7785490155220032,8.410900115966797,15,6.639999866485596,5.8206000328063965,3947,13.326800346374512,0.9389299750328064,0.4860399961471557
2002-08-04 21:00:00,2002,8,4,21,0,0.7758979797363281,8.416000366210938,15,6.654200077056885,5.823999881744385,3930,13.326800346374512,0.9362999796867372,0.4821999967098236
2002-08-05 00:00:00,2002,8,5,0,0,0.7702360153198242,8.320099830627441,15,6.242099761962891,5.164700031280518,3810,13.326800346374512,0.9272699952125548,0.4948300123214721
2002-08-05 03:00:00,2002,8,5,3,0,0.7638069987297058,8.532500267028809,15,6.557000160217285,5.566999912261963,3652,13.326800346374512,0.8944000005722046,0.4846299886703491
2002-08-05 06:00:00,2002,8,5,6,0,0.7584760189056396,8.721099853515625,15,6.826900005340576,5.910399913787842,3557,13.326800346374512,0.8713099956512451,0.4725899994373321
2002-08-05 09:00:00,2002,8,5,9,0,0.7548859715461731,8.80150032043457,15,6.9278998374938965,6.014100074768066,3471,13.326800346374512,0.8556100130081177,0.4646700024604797
2002-08-05 12:00:00,2002,8,5,12,0,0.7529889941215515,8.826899528503418,15,6.968900203704834,6.055200099945068,3371,13.326800346374512,0.8412600159645081,0.459549993276596
2002-08-05 15:00:00,2002,8,5,15,0,0.7527530193328857,8.814800262451172,15,6.946300029754639,6.029799938201904,3244,16.125999450683594,0.8254600167274475,0.4598399996757507
2002-08-05 18:00:00,2002,8,5,18,0,0.7539200186729431,8.833999633789062,15,6.89709997177124,5.957399845123291,3121,16.125999450683594,0.8086699843406677,0.4658600091934204
2002-08-05 21:00:00,2002,8,5,21,0,0.7548779845237732,8.919599533081055,15,6.869999885559082,5.874899864196777,2996,14.659700393676758,0.7883399724960327,0.4719400107860565
2002-08-06 00:00:00,2002,8,6,0,0,0.7562190294265747,8.779399871826172,25,6.306399822235107,5.045000076293945,2883,14.659700393676758,0.780239999294281,0.4914500117301941
2002-08-06 03:00:00,2002,8,6,3,0,0.7587119936943054,8.935099601745605,25,6.557799816131592,5.368000030517578,2766,14.659700393676758,0.7569500207901001,0.4875400066375732
2002-08-06 06:00:00,2002,8,6,6,0,0.7601270079612732,8.95829963684082,25,6.790900230407715,5.737400054931641,2741,14.659700393676758,0.7526000142097473,0.4799500107765198
2002-08-06 09:00:00,2002,8,6,9,0,0.7658910155296326,8.735600471496582,15,6.764100074768066,5.815599918365479,2842,14.659700393676758,0.7771599888801575,0.475739985704422
2002-08-06 12:00:00,2002,8,6,12,0,0.7788969874382019,8.518199920654297,15,6.733099937438965,5.855599880218506,2991,14.659700393676758,0.8083199858665466,0.4648799896240234
2002-08-06 15:00:00,2002,8,6,15,0,0.7937309741973877,8.337800025939941,15,6.7382001876831055,5.929699897766113,3165,14.659700393676758,0.8413599729537964,0.4496600031852722
2002-08-06 18:00:00,2002,8,6,18,0,0.8040980100631714,8.19849967956543,15,6.736499786376953,5.990200042724609,3288,14.659700393676758,0.8657299876213074,0.438069999217987
2002-08-06 21:00:00,2002,8,6,21,0,0.8070080280303955,8.09749984741211,15,6.6128997802734375,5.7932000160217285,3302,14.659700393676758,0.8740500211715698,0.4362899959087372
2002-08-07 00:00:00,2002,8,7,0,0,0.789933979511261,6.980899810791016,5,5.057799816131592,4.192999839782715,3508,14.659700393676758,0.9767100214958192,0.5295799970626831
2002-08-07 03:00:00,2002,8,7,3,0,0.7920979857444763,6.661699771881104,5,5.079899787902832,4.349299907684326,3792,7.52180004119873,1.044569969177246,0.5238000154495239
2002-08-07 06:00:00,2002,8,7,6,0,0.7897830009460449,7.102200031280518,5,5.615699768066406,4.885300159454346,3417,6.837800025939941,0.9583100080490112,0.4914500117301941
2002-08-07 09:00:00,2002,8,7,9,0,0.7816190123558044,7.472899913787842,5,6.06309986114502,5.363800048828125,3024,6.837800025939941,0.8769000172615051,0.4688099920749664
2002-08-07 12:00:00,2002,8,7,12,0,0.7770640254020691,7.777699947357178,5,6.378600120544434,5.674900054931641,2686,6.837800025939941,0.807640016078949,0.4533399939537048
2002-08-07 15:00:00,2002,8,7,15,0,0.7799680233001709,7.920899868011475,5,6.530900001525879,5.815000057220459,2491,6.837800025939941,0.7691599726676941,0.4417400062084198
2002-08-07 18:00:00,2002,8,7,18,0,0.7768030166625977,7.692999839782715,5,5.978899955749512,5.039500236511231,2419,13.326800346374512,0.7689599990844727,0.4654000103473663
2002-08-07 21:00:00,2002,8,7,21,0,0.7645969986915588,6.618500232696533,355,4.840000152587891,4.05679988861084,2764,13.326800346374512,0.8923199772834778,0.5385599732398987
2002-08-08 00:00:00,2002,8,8,0,0,0.7845619916915894,6.149700164794922,345,4.698800086975098,4.0208001136779785,3479,6.216100215911865,1.0457299947738647,0.5163300037384033
2002-08-08 03:00:00,2002,8,8,3,0,0.7888100147247314,6.608500003814697,345,5.131199836730957,4.366899967193604,3312,6.837800025939941,0.9804700016975404,0.478329986333847
2002-08-08 06:00:00,2002,8,8,6,0,0.7757959961891174,7.209400177001953,355,5.707399845123291,4.883800029754639,2829,6.837800025939941,0.8619199991226196,0.4545199871063232
2002-08-08 09:00:00,2002,8,8,9,0,0.7690489888191223,7.715700149536133,355,6.224199771881104,5.370500087738037,2566,13.326800346374512,0.789330005645752,0.4324400126934051
2002-08-08 12:00:00,2002,8,8,12,0,0.7733849883079529,8.01930046081543,5,6.499100208282471,5.612400054931641,2442,9.101699829101562,0.7527099847793579,0.4213599860668182
2002-08-08 15:00:00,2002,8,8,15,0,0.7877089977264404,8.182600021362305,5,6.611499786376953,5.669099807739258,2387,9.101699829101562,0.7352399826049805,0.4157800078392029
2002-08-08 18:00:00,2002,8,8,18,0,0.7916399836540222,7.884600162506103,5,6.057499885559082,5.0177001953125,2421,9.101699829101562,0.7556599974632263,0.4455499947071075
2002-08-08 21:00:00,2002,8,8,21,0,0.7789160013198853,6.9105000495910645,355,5.013700008392334,4.150700092315674,2699,9.101699829101562,0.8586999773979187,0.5186399817466736
2002-08-09 00:00:00,2002,8,9,0,0,0.7885760068893433,6.179800033569336,345,4.631700038909912,3.926500082015991,3406,6.837800025939941,1.030460000038147,0.5250800251960754
2002-08-09 03:00:00,2002,8,9,3,0,0.7995589971542358,6.680900096893311,345,5.117300033569336,4.321000099182129,3321,6.837800025939941,0.9747899770736694,0.4823499917984009
2002-08-09 06:00:00,2002,8,9,6,0,0.8118690252304077,7.168099880218506,355,5.636300086975098,4.7804999351501465,3178,7.52180004119873,0.9156500101089478,0.4479900002479553
2002-08-09 09:00:00,2002,8,9,9,0,0.8324429988861084,7.889999866485596,355,6.477200031280518,5.5945000648498535,3267,9.101699829101562,0.8767600059509277,0.3968299925327301
2002-08-09 12:00:00,2002,8,9,12,0,0.8586739897727966,8.373299598693848,355,7.00540018081665,6.056900024414063,3722,10.01200008392334,0.90106999874115,0.3572100102901459
2002-08-09 15:00:00,2002,8,9,15,0,0.8763560056686401,8.52560043334961,355,7.189499855041504,6.178800106048584,4312,10.01200008392334,0.9581300020217896,0.33296999335289
2002-08-09 18:00:00,2002,8,9,18,0,0.8784670233726501,8.272100448608398,355,6.768099784851074,5.656000137329102,4721,9.101699829101562,1.0194300413131714,0.3465799987316131
2002-08-09 21:00:00,2002,8,9,21,0,0.8702729940414429,7.453400135040283,345,5.7718000411987305,4.769999980926514,5210,9.101699829101562,1.1370199918746948,0.4064399898052215
2002-08-10 00:00:00,2002,8,10,0,0,0.8777449727058411,6.67110013961792,345,5.222899913787842,4.401899814605713,6468,9.101699829101562,1.3553600311279297,0.4254400134086609
2002-08-10 03:00:00,2002,8,10,3,0,0.8800100088119507,7.247099876403809,345,5.86299991607666,4.965499877929688,5865,9.101699829101562,1.2326500415802002,0.3840000033378601
2002-08-10 06:00:00,2002,8,10,6,0,0.8708410263061523,7.623499870300293,345,6.323299884796143,5.42609977722168,4925,9.101699829101562,1.0979499816894531,0.3673799932003021
2002-08-10 09:00:00,2002,8,10,9,0,0.861615002155304,7.849400043487549,355,6.613399982452393,5.731100082397461,4319,9.101699829101562,1.0117100477218628,0.3570399880409241
2002-08-10 12:00:00,2002,8,10,12,0,0.85384601354599,7.861400127410889,355,6.627500057220459,5.748899936676025,3986,9.101699829101562,0.9713299870491028,0.3581799864768982
2002-08-10 15:00:00,2002,8,10,15,0,0.8425750136375427,7.622600078582764,355,6.228799819946289,5.275700092315674,3777,9.101699829101562,0.962369978427887,0.378600001335144
2002-08-10 18:00:00,2002,8,10,18,0,0.8295959830284119,7.429999828338623,345,5.963900089263916,5.023600101470947,3488,9.101699829101562,0.9386900067329408,0.3996500074863434
2002-08-10 21:00:00,2002,8,10,21,0,0.8217390179634094,7.104100227355957,345,5.439899921417236,4.50059986114502,3255,9.101699829101562,0.9300100207328796,0.4422099888324737
2002-08-11 00:00:00,2002,8,11,0,0,0.8258079886436462,6.166500091552734,345,4.666399955749512,3.944499969482422,3701,8.274100303649902,1.0754200220108032,0.4989599883556366
2002-08-11 03:00:00,2002,8,11,3,0,0.8347560167312622,6.630099773406982,345,5.1427998542785645,4.333199977874756,3707,8.274100303649902,1.0358599424362185,0.4600099921226501
2002-08-11 06:00:00,2002,8,11,6,0,0.8274880051612854,7.231599807739258,345,5.823800086975098,4.9653000831604,3313,8.274100303649902,0.9342700242996216,0.4310699999332428
2002-08-11 09:00:00,2002,8,11,9,0,0.8078950047492981,7.692999839782715,345,6.332399845123291,5.495299816131592,2990,8.274100303649902,0.8586999773979187,0.4283899962902069
2002-08-11 12:00:00,2002,8,11,12,0,0.7853950262069702,8.069700241088867,355,6.633399963378906,5.8003997802734375,2813,8.274100303649902,0.812690019607544,0.4456300139427185
2002-08-11 15:00:00,2002,8,11,15,0,0.761929988861084,8.317000389099121,355,6.554800033569336,5.593299865722656,2713,8.274100303649902,0.7871299982070923,0.4852699935436249
2002-08-11 18:00:00,2002,8,11,18,0,0.7427089810371399,8.078800201416016,5,5.8105998039245605,4.737500190734863,2832,8.274100303649902,0.8195000290870667,0.5513899922370911
2002-08-11 21:00:00,2002,8,11,21,0,0.7390040159225464,7.015500068664551,355,4.86460018157959,4.032199859619141,3528,17.73889923095703,0.9895399808883668,0.6292200088500977
2002-08-12 00:00:00,2002,8,12,0,0,0.7518860101699829,6.908999919891357,355,4.940899848937988,4.1402997970581055,4267,7.52180004119873,1.0987199544906616,0.6147300004959106
2002-08-12 03:00:00,2002,8,12,3,0,0.7521889805793762,7.777400016784668,355,5.661799907684326,4.70389986038208,4120,8.274100303649902,1.0134400129318235,0.5742899775505066
2002-08-12 06:00:00,2002,8,12,6,0,0.745635986328125,8.512900352478027,5,6.348299980163574,5.334700107574463,3980,19.51320075988769,0.9494600296020508,0.5509799718856812
2002-08-12 09:00:00,2002,8,12,9,0,0.7531059980392456,9.112700462341309,5,6.997900009155273,5.967899799346924,4227,19.51320075988769,0.9421899914741516,0.5192599892616272
2002-08-12 12:00:00,2002,8,12,12,0,0.7579060196876526,9.535900115966797,5,7.42609977722168,6.362299919128418,4664,19.51320075988769,0.9645799994468688,0.4966799914836883
2002-08-12 15:00:00,2002,8,12,15,0,0.7534989714622498,9.611599922180176,5,7.330399990081787,6.160699844360352,5088,19.51320075988769,1.002500057220459,0.4992299973964691
2002-08-12 18:00:00,2002,8,12,18,0,0.7466059923171997,9.437800407409668,5,6.915299892425537,5.617400169372559,5508,19.51320075988769,1.0520999431610107,0.5103899836540222
2002-08-12 21:00:00,2002,8,12,21,0,0.7406839728355408,8.749099731445312,5,6.10290002822876,4.901299953460693,6052,17.73889923095703,1.1468000411987305,0.5492100119590759
2002-08-13 00:00:00,2002,8,13,0,0,0.7408180236816406,8.203100204467773,5,5.758500099182129,4.693399906158447,6679,17.73889923095703,1.2460299730300903,0.5645400285720825
2002-08-13 03:00:00,2002,8,13,3,0,0.7440189719200134,8.879799842834473,5,6.5518999099731445,5.396399974822998,6291,17.73889923095703,1.1578500270843506,0.5148000121116638
2002-08-13 06:00:00,2002,8,13,6,0,0.7387610077857971,9.386699676513672,5,7.1656999588012695,6.036600112915039,5724,17.73889923095703,1.0718400478363037,0.4898599982261657
2002-08-13 09:00:00,2002,8,13,9,0,0.7318829894065857,9.740599632263184,5,7.5457000732421875,6.436600208282471,5350,17.73889923095703,1.0158900022506714,0.476060003042221
2002-08-13 12:00:00,2002,8,13,12,0,0.7329699993133545,9.960200309753418,15,7.759699821472168,6.648399829864502,5272,17.73889923095703,0.9959400296211244,0.4664300084114074
2002-08-13 15:00:00,2002,8,13,15,0,0.7337210178375244,10.117899894714355,15,7.976200103759766,6.872700214385986,5495,16.125999450683594,1.0062700510025024,0.4499900043010711
2002-08-13 18:00:00,2002,8,13,18,0,0.736860990524292,10.325599670410156,15,8.256699562072754,7.152400016784668,5690,16.125999450683594,1.0100300312042236,0.4284200072288513
2002-08-13 21:00:00,2002,8,13,21,0,0.7437809705734253,10.480999946594238,15,8.292699813842773,6.989099979400635,5735,16.125999450683594,1.003749966621399,0.4159300029277801
2002-08-14 00:00:00,2002,8,14,0,0,0.7498260140419006,10.083100318908691,15,7.468400001525879,5.988500118255615,5979,14.659700393676758,1.044469952583313,0.4456799924373626
2002-08-14 03:00:00,2002,8,14,3,0,0.7544190287590027,10.135299682617188,15,7.81850004196167,6.513899803161621,6318,14.659700393676758,1.0693600177764893,0.4310100078582763
2002-08-14 06:00:00,2002,8,14,6,0,0.7571799755096436,10.328800201416016,15,8.261099815368652,7.0346999168396,6591,14.659700393676758,1.0792700052261353,0.4038299918174743
2002-08-14 09:00:00,2002,8,14,9,0,0.7598329782485962,10.434300422668455,15,8.533599853515625,7.367300033569336,6745,14.659700393676758,1.083799958229065,0.3848299980163574
2002-08-14 12:00:00,2002,8,14,12,0,0.7636659741401672,10.508500099182127,15,8.735899925231934,7.605899810791016,6830,14.659700393676758,1.0842499732971191,0.3681299984455108
2002-08-14 15:00:00,2002,8,14,15,0,0.7711499929428101,10.55150032043457,5,8.878100395202637,7.765200138092041,6900,14.659700393676758,1.0849599838256836,0.3527700006961822
2002-08-14 18:00:00,2002,8,14,18,0,0.7777590155601501,10.338500022888184,5,8.430299758911133,7.010200023651123,7049,14.659700393676758,1.1065200567245483,0.356550008058548
2002-08-14 21:00:00,2002,8,14,21,0,0.7769460082054138,9.323100090026855,5,6.8572998046875,5.428299903869629,7469,14.659700393676758,1.2034399509429932,0.4275999963283539
2002-08-15 00:00:00,2002,8,15,0,0,0.7769680023193359,8.529000282287598,355,6.162700176239014,4.9552001953125,8184,13.326800346374512,1.3228600025177002,0.4672200083732605
2002-08-15 03:00:00,2002,8,15,3,0,0.7866650223731995,9.119099617004396,355,7.039100170135498,5.765399932861328,8135,13.326800346374512,1.2702699899673462,0.4088099896907806
2002-08-15 06:00:00,2002,8,15,6,0,0.7894219756126404,9.53950023651123,5,7.665599822998047,6.410299777984619,7808,11.013500213623049,1.2124199867248535,0.3742800056934356
2002-08-15 09:00:00,2002,8,15,9,0,0.7884529829025269,9.67609977722168,5,7.948500156402588,6.776700019836426,7423,11.013500213623049,1.172629952430725,0.3608399927616119
2002-08-15 12:00:00,2002,8,15,12,0,0.7882450222969055,9.811699867248535,5,8.241999626159668,7.162899971008301,7031,11.013500213623049,1.1321699619293213,0.3452900052070617
2002-08-15 15:00:00,2002,8,15,15,0,0.7892619967460632,9.862899780273438,5,8.408300399780273,7.382299900054932,6731,11.013500213623049,1.1040500402450562,0.3324399888515472
2002-08-15 18:00:00,2002,8,15,18,0,0.789438009262085,9.640600204467772,355,7.933899879455566,6.624599933624268,6419,10.01200008392334,1.091189980506897,0.3432900011539459
2002-08-15 21:00:00,2002,8,15,21,0,0.7895470261573792,8.965900421142578,355,6.833899974822998,5.469600200653076,6287,10.01200008392334,1.123610019683838,0.3951900005340576
2002-08-16 00:00:00,2002,8,16,0,0,0.7891830205917358,8.277999877929688,355,6.104499816894531,4.920599937438965,6379,10.01200008392334,1.183590054512024,0.4414600133895874
2002-08-16 03:00:00,2002,8,16,3,0,0.7881019711494446,8.420000076293945,355,6.474599838256836,5.328499794006348,6249,10.01200008392334,1.1618499755859375,0.4189999997615814
2002-08-16 06:00:00,2002,8,16,6,0,0.7861260175704956,8.793600082397461,355,7.110000133514404,6.029799938201904,6046,10.01200008392334,1.1159000396728516,0.3840900063514709
2002-08-16 09:00:00,2002,8,16,9,0,0.7839310169219971,8.976900100708008,355,7.50540018081665,6.552999973297119,5833,10.01200008392334,1.083840012550354,0.363180011510849
2002-08-16 12:00:00,2002,8,16,12,0,0.7834950089454651,9.035300254821776,355,7.730100154876709,6.900700092315674,5566,10.01200008392334,1.0552799701690674,0.3483499884605407
2002-08-16 15:00:00,2002,8,16,15,0,0.7839109897613525,8.980400085449219,355,7.724100112915039,6.907800197601318,5278,10.01200008392334,1.0312199592590332,0.3428399860858917
2002-08-16 18:00:00,2002,8,16,18,0,0.776648998260498,8.603300094604492,355,6.97629976272583,5.85830020904541,4868,9.101699829101562,1.014680027961731,0.3747600018978119
2002-08-16 21:00:00,2002,8,16,21,0,0.7708410024642944,7.625899791717529,355,5.71750020980835,4.699399948120117,4850,9.101699829101562,1.0840100049972534,0.4528799951076507
2002-08-17 00:00:00,2002,8,17,0,0,0.7753139734268188,7.208700180053711,345,5.488800048828125,4.600200176239014,4999,9.101699829101562,1.1388499736785889,0.4664599895477295
2002-08-17 03:00:00,2002,8,17,3,0,0.7646510004997253,7.657899856567383,355,6.019100189208984,5.092199802398682,4561,9.101699829101562,1.0527199506759644,0.4365800023078918
2002-08-17 06:00:00,2002,8,17,6,0,0.7507349848747253,8.099200248718262,355,6.512599945068359,5.600299835205078,4107,9.101699829101562,0.9678099751472472,0.4200100004673004
2002-08-17 09:00:00,2002,8,17,9,0,0.7376790046691895,8.350700378417969,355,6.798099994659424,5.911200046539307,3799,9.101699829101562,0.9151899814605712,0.4122900068759918
2002-08-17 12:00:00,2002,8,17,12,0,0.7266420125961304,8.517200469970703,355,6.966800212860107,6.088600158691406,3529,9.101699829101562,0.8731099963188171,0.4110200107097626
2002-08-17 15:00:00,2002,8,17,15,0,0.7236909866333008,8.662199974060059,5,7.104300022125244,6.229400157928467,3318,8.274100303649902,0.8396499752998352,0.4120300114154815
2002-08-17 18:00:00,2002,8,17,18,0,0.7213259935379028,8.639599800109863,5,6.873199939727783,5.80679988861084,3155,8.274100303649902,0.8207899928092957,0.4240800142288208
2002-08-17 21:00:00,2002,8,17,21,0,0.7160530090332031,7.512599945068359,5,5.281000137329102,4.273600101470947,3217,8.274100303649902,0.8948799967765808,0.5220199823379517
2002-08-18 00:00:00,2002,8,18,0,0,0.7254670262336731,6.728799819946289,355,4.878600120544434,4.0883002281188965,3550,8.274100303649902,1.0013099908828735,0.5509499907493591
2002-08-18 03:00:00,2002,8,18,3,0,0.7391669750213623,6.914500236511231,355,5.231800079345703,4.429999828338623,3559,8.274100303649902,0.9900299906730652,0.5123699903488159
2002-08-18 06:00:00,2002,8,18,6,0,0.7485439777374268,7.326200008392334,355,5.752500057220459,4.920199871063232,3422,8.274100303649902,0.9409000277519226,0.4708800017833709
2002-08-18 09:00:00,2002,8,18,9,0,0.7524120211601257,7.746399879455566,355,6.303800106048584,5.497900009155273,3277,7.52180004119873,0.8926299810409546,0.4380800127983093
2002-08-18 12:00:00,2002,8,18,12,0,0.7428079843521118,8.046899795532227,355,6.6128997802734375,5.8180999755859375,2992,7.52180004119873,0.8348699808120728,0.430319994688034
2002-08-18 15:00:00,2002,8,18,15,0,0.7287369966506958,8.148599624633789,355,6.5903000831604,5.727700233459473,2717,7.52180004119873,0.7900000214576721,0.4408900141716003
2002-08-18 18:00:00,2002,8,18,18,0,0.7180259823799133,7.637700080871582,355,5.71560001373291,4.741000175476074,2586,7.52180004119873,0.7983400225639343,0.4945200085639953
2002-08-18 21:00:00,2002,8,18,21,0,0.7212579846382141,6.694499969482422,355,4.799200057983398,4.000999927520752,2754,7.52180004119873,0.8862699866294861,0.5607200264930725
2002-08-19 00:00:00,2002,8,19,0,0,0.744363009929657,6.172200202941895,345,4.566500186920166,3.8910999298095694,3182,7.52180004119873,0.998610019683838,0.5664499998092651
2002-08-19 03:00:00,2002,8,19,3,0,0.7466019988059998,6.692699909210205,355,5.010900020599365,4.24399995803833,3024,7.52180004119873,0.9318000078201294,0.5360000133514404
2002-08-19 06:00:00,2002,8,19,6,0,0.7440469861030579,7.279500007629394,355,5.5756001472473145,4.7546000480651855,2811,7.52180004119873,0.8578199744224548,0.5105400085449219
2002-08-19 09:00:00,2002,8,19,9,0,0.7472540140151978,7.719900131225586,355,6.076200008392334,5.2469000816345215,2798,7.52180004119873,0.8283299803733826,0.4821900129318237
2002-08-19 12:00:00,2002,8,19,12,0,0.7555069923400879,7.97599983215332,355,6.428199768066406,5.622300148010254,2918,7.52180004119873,0.8302199840545654,0.457040011882782
2002-08-19 15:00:00,2002,8,19,15,0,0.7623729705810547,8.063799858093262,355,6.61299991607666,5.848199844360352,3035,7.52180004119873,0.8410699963569641,0.4398599863052368
2002-08-19 18:00:00,2002,8,19,18,0,0.761040985584259,8.056900024414062,355,6.59060001373291,5.781700134277344,2999,7.52180004119873,0.836080014705658,0.4355700016021728
2002-08-19 21:00:00,2002,8,19,21,0,0.7509239912033081,7.58650016784668,355,5.652599811553955,4.627900123596191,2838,7.52180004119873,0.8402799963951111,0.482450008392334
2002-08-20 00:00:00,2002,8,20,0,0,0.7429100275039673,6.755899906158447,355,4.827600002288818,4.008399963378906,2834,7.52180004119873,0.8946200013160706,0.5538300275802612
2002-08-20 03:00:00,2002,8,20,3,0,0.7345219850540161,6.766600131988525,355,4.889900207519531,4.094600200653076,2617,7.52180004119873,0.859470009803772,0.5584800243377686
2002-08-20 06:00:00,2002,8,20,6,0,0.7234100103378296,7.539199829101562,5,5.587299823760986,4.713399887084961,2222,14.659700393676758,0.7463600039482117,0.5306500196456909
2002-08-20 09:00:00,2002,8,20,9,0,0.7243229746818542,8.054900169372559,5,6.014800071716309,5.102099895477295,2045,14.659700393676758,0.6905099749565125,0.520829975605011
2002-08-20 12:00:00,2002,8,20,12,0,0.7345870137214661,8.209600448608398,15,6.149499893188477,5.252399921417236,2033,13.326800346374512,0.6816800236701965,0.5235400199890137
2002-08-20 15:00:00,2002,8,20,15,0,0.7461889982223511,8.142900466918945,15,6.126800060272217,5.278500080108643,2110,13.326800346374512,0.6977900266647339,0.530269980430603
2002-08-20 18:00:00,2002,8,20,18,0,0.7508609890937805,8.079999923706055,15,6.089700222015381,5.258399963378906,2141,13.326800346374512,0.7054399847984314,0.5310999751091003
2002-08-20 21:00:00,2002,8,20,21,0,0.754492998123169,7.975399971008301,15,6.034800052642822,5.211100101470947,2166,13.326800346374512,0.714709997177124,0.5291500091552734
2002-08-21 00:00:00,2002,8,21,0,0,0.7542290091514587,7.409200191497803,15,5.108399868011475,4.151500225067139,2287,14.659700393676758,0.7654299736022949,0.5758000016212463
2002-08-21 03:00:00,2002,8,21,3,0,0.7547619938850403,7.184599876403809,15,4.967599868774414,4.115200042724609,2486,14.659700393676758,0.8126500248908997,0.605139970779419
2002-08-21 06:00:00,2002,8,21,6,0,0.7633640170097351,7.589700222015381,15,5.477499961853027,4.632699966430664,2578,14.659700393676758,0.8042700290679932,0.5816500186920166
2002-08-21 09:00:00,2002,8,21,9,0,0.7671129703521729,8.008000373840332,15,5.9004998207092285,5.025199890136719,2527,14.659700393676758,0.773360013961792,0.5568900108337402
2002-08-21 12:00:00,2002,8,21,12,0,0.7659670114517212,8.257200241088867,15,6.153800010681152,5.24970006942749,2365,14.659700393676758,0.7343699932098389,0.5355700254440308
2002-08-21 15:00:00,2002,8,21,15,0,0.7682080268859863,8.516200065612793,25,6.3383002281188965,5.393899917602539,2263,13.326800346374512,0.7049000263214111,0.5235599875450134
2002-08-21 18:00:00,2002,8,21,18,0,0.779604971408844,8.827500343322754,25,6.395100116729736,5.342700004577637,2414,13.326800346374512,0.7147300243377686,0.5289999842643738
2002-08-21 21:00:00,2002,8,21,21,0,0.7735779881477356,8.27929973602295,25,5.457900047302246,4.376599788665772,2898,17.73889923095703,0.8134099841117859,0.5928199887275696
2002-08-22 00:00:00,2002,8,22,0,0,0.7497749924659729,7.109600067138672,15,4.713500022888184,3.931699991226196,3650,17.73889923095703,0.9936400055885316,0.6708400249481201
2002-08-22 03:00:00,2002,8,22,3,0,0.7443540096282959,6.972400188446045,5,4.833600044250488,4.06440019607544,3916,17.73889923095703,1.042389988899231,0.6446899771690369
2002-08-22 06:00:00,2002,8,22,6,0,0.748420000076294,7.274099826812744,5,5.340099811553955,4.543000221252441,3578,17.73889923095703,0.9739500284194946,0.5849999785423279
2002-08-22 09:00:00,2002,8,22,9,0,0.7458009719848633,7.667900085449219,5,5.80709981918335,4.986700057983398,2976,17.73889923095703,0.8612599968910217,0.5433499813079834
2002-08-22 12:00:00,2002,8,22,12,0,0.7429969906806946,8.074999809265137,5,5.980299949645996,5.064099788665772,2710,16.125999450683594,0.7964900135993958,0.5389699935913086
2002-08-22 15:00:00,2002,8,22,15,0,0.7571970224380493,8.786299705505371,15,6.291999816894531,5.225200176239014,2910,16.125999450683594,0.7870200276374817,0.5343000292778015
2002-08-22 18:00:00,2002,8,22,18,0,0.7823219895362854,9.5068998336792,25,6.536600112915039,5.241399765014648,3431,16.125999450683594,0.8190000057220459,0.5217199921607971
2002-08-22 21:00:00,2002,8,22,21,0,0.7854650020599365,9.21030044555664,25,5.839499950408936,4.547900199890137,4041,16.125999450683594,0.904259979724884,0.5611199736595154
2002-08-23 00:00:00,2002,8,23,0,0,0.7588919997215271,8.253899574279785,15,5.2932000160217285,4.260799884796143,4663,16.125999450683594,1.0314099788665771,0.6120100021362305
2002-08-23 03:00:00,2002,8,23,3,0,0.7627009749412537,8.511899948120117,15,5.718999862670898,4.635900020599365,4496,16.125999450683594,0.9962199926376344,0.5766599774360657
2002-08-23 06:00:00,2002,8,23,6,0,0.7682449817657471,8.934800148010254,15,6.258299827575684,5.144199848175049,3907,16.125999450683594,0.9036800265312196,0.542140007019043
2002-08-23 09:00:00,2002,8,23,9,0,0.780381977558136,9.254199981689451,25,6.5706000328063965,5.396599769592285,3490,16.125999450683594,0.8363500237464905,0.5193099975585938
2002-08-23 12:00:00,2002,8,23,12,0,0.7987859845161438,9.66160011291504,25,6.915599822998047,5.637599945068359,3466,14.659700393676758,0.8124499917030334,0.4935199916362762
2002-08-23 15:00:00,2002,8,23,15,0,0.8175219893455505,10.189499855041504,25,7.389699935913086,5.964700222015381,3773,14.659700393676758,0.8219799995422363,0.459410011768341
2002-08-23 18:00:00,2002,8,23,18,0,0.8298479914665222,10.693300247192385,25,7.906400203704834,6.340000152587891,4288,14.659700393676758,0.8531500101089478,0.4268899857997894
2002-08-23 21:00:00,2002,8,23,21,0,0.8320599794387817,10.730199813842772,25,7.556099891662598,5.706600189208984,4892,14.659700393676758,0.910260021686554,0.427509993314743
2002-08-24 00:00:00,2002,8,24,0,0,0.8250910043716431,10.180299758911133,25,6.796999931335449,5.148399829864502,5512,14.659700393676758,0.9944599866867064,0.4741699993610382
2002-08-24 03:00:00,2002,8,24,3,0,0.826807975769043,10.530500411987305,25,7.516600131988525,5.864699840545654,5834,14.659700393676758,1.0059599876403809,0.4456599950790405
2002-08-24 06:00:00,2002,8,24,6,0,0.828125,10.904000282287598,25,8.204099655151367,6.526800155639648,6038,14.659700393676758,1.005620002746582,0.4146200120449066
2002-08-24 09:00:00,2002,8,24,9,0,0.8276870250701904,11.124099731445312,25,8.752900123596191,7.132299900054932,6296,14.659700393676758,1.016330003738403,0.390639990568161
2002-08-24 12:00:00,2002,8,24,12,0,0.8256279826164246,11.189000129699709,25,9.15530014038086,7.696100234985352,6670,14.659700393676758,1.0419100522994995,0.3715800046920776
2002-08-24 15:00:00,2002,8,24,15,0,0.8241829872131348,11.114800453186035,15,9.365400314331056,8.125300407409668,7109,17.73889923095703,1.077530026435852,0.3579899966716766
2002-08-24 18:00:00,2002,8,24,18,0,0.8271530270576477,10.866399765014648,15,9.30090045928955,8.282600402832031,7593,17.73889923095703,1.1251599788665771,0.3548499941825866
2002-08-24 21:00:00,2002,8,24,21,0,0.82853102684021,10.52180004119873,15,9.01930046081543,8.135700225830078,8056,17.73889923095703,1.1778700351715088,0.3616099953651428
2002-08-25 00:00:00,2002,8,25,0,0,0.8280289769172668,10.358699798583984,15,8.729999542236328,7.621099948883057,8261,17.73889923095703,1.2019200325012207,0.3648000061511993
2002-08-25 03:00:00,2002,8,25,3,0,0.8275150060653687,10.399499893188477,15,8.812700271606445,7.768899917602539,8279,13.326800346374512,1.200219988822937,0.3610799908638
2002-08-25 06:00:00,2002,8,25,6,0,0.8264870047569275,10.482600212097168,15,8.938300132751465,7.956699848175049,8208,10.01200008392334,1.1901999711990356,0.3574599921703338
2002-08-25 09:00:00,2002,8,25,9,0,0.825003981590271,10.553799629211426,15,9.00879955291748,8.035400390625,8065,16.125999450683594,1.1762200593948364,0.3569500148296356
2002-08-25 12:00:00,2002,8,25,12,0,0.8234059810638428,10.571499824523926,15,8.987799644470215,7.99560022354126,7858,16.125999450683594,1.1608599424362185,0.3606800138950348
2002-08-25 15:00:00,2002,8,25,15,0,0.8232120275497437,10.48989963531494,25,8.843199729919434,7.830599784851074,7638,16.125999450683594,1.1500799655914309,0.3695800006389618
2002-08-25 18:00:00,2002,8,25,18,0,0.8231509923934937,10.43630027770996,25,8.749600410461426,7.723100185394287,7393,16.125999450683594,1.1350500583648682,0.3750599920749664
2002-08-25 21:00:00,2002,8,25,21,0,0.8234469890594482,10.456000328063965,25,8.754599571228027,7.700399875640869,7131,16.125999450683594,1.1137399673461914,0.3740099966526031
2002-08-26 00:00:00,2002,8,26,0,0,0.8226240277290344,10.352499961853027,25,8.281599998474121,6.752699851989746,6947,16.125999450683594,1.104889988899231,0.3804199993610382
2002-08-26 03:00:00,2002,8,26,3,0,0.8212050199508667,10.26650047302246,25,8.135100364685059,6.684100151062012,6866,16.125999450683594,1.1025899648666382,0.3898099958896637
2002-08-26 06:00:00,2002,8,26,6,0,0.822085976600647,10.415800094604492,25,8.465299606323242,7.13700008392334,6824,16.125999450683594,1.0901800394058228,0.3768599927425384
2002-08-26 09:00:00,2002,8,26,9,0,0.8231909871101379,10.5600004196167,25,8.721500396728516,7.447400093078613,6845,16.125999450683594,1.083590030670166,0.365200012922287
2002-08-26 12:00:00,2002,8,26,12,0,0.8246390223503113,10.660499572753906,25,8.9576997756958,7.786399841308594,6873,14.659700393676758,1.0801700353622437,0.3554500043392181
2002-08-26 15:00:00,2002,8,26,15,0,0.8270320296287537,10.659600257873535,25,9.084799766540527,8.05150032043457,6875,14.659700393676758,1.080430030822754,0.3507100045681
2002-08-26 18:00:00,2002,8,26,18,0,0.8301479816436768,10.56369972229004,25,9.088299751281738,8.188400268554688,6862,14.659700393676758,1.0848300457000732,0.3505699932575226
2002-08-26 21:00:00,2002,8,26,21,0,0.8332809805870056,10.38230037689209,25,8.881400108337402,7.896399974822998,6926,14.659700393676758,1.100100040435791,0.3544099926948547
2002-08-27 00:00:00,2002,8,27,0,0,0.8219580054283142,9.157099723815918,25,6.696000099182129,5.323699951171875,7408,14.659700393676758,1.2165600061416626,0.4479399919509887
2002-08-27 03:00:00,2002,8,27,3,0,0.8221759796142578,8.675700187683105,15,6.498700141906738,5.338200092315674,7886,14.659700393676758,1.2937999963760376,0.4624600112438202
2002-08-27 06:00:00,2002,8,27,6,0,0.8278489708900452,8.90250015258789,15,7.057700157165527,6.035799980163574,7781,14.659700393676758,1.268339991569519,0.4338699877262115
2002-08-27 09:00:00,2002,8,27,9,0,0.8333659768104553,9.219300270080566,15,7.482399940490723,6.494800090789795,7393,14.659700393676758,1.2130199670791626,0.413919985294342
2002-08-27 12:00:00,2002,8,27,12,0,0.8419550061225891,9.468999862670898,25,7.780499935150146,6.805399894714356,7065,14.659700393676758,1.16867995262146,0.4016200006008148
2002-08-27 15:00:00,2002,8,27,15,0,0.8486199975013733,9.552499771118164,25,7.826700210571289,6.812099933624268,6802,14.659700393676758,1.141379952430725,0.4008499979972839
2002-08-27 18:00:00,2002,8,27,18,0,0.845782995223999,9.352899551391602,25,7.445499897003174,6.316400051116943,6562,14.659700393676758,1.1342300176620483,0.418969988822937
2002-08-27 21:00:00,2002,8,27,21,0,0.8323169946670532,8.571599960327148,15,6.337900161743164,5.181700229644775,6616,14.659700393676758,1.194530010223389,0.476170003414154
2002-08-28 00:00:00,2002,8,28,0,0,0.8184700012207031,7.587299823760986,5,5.644800186157227,4.727399826049805,7645,14.659700393676758,1.3760299682617188,0.5121899843215942
2002-08-28 03:00:00,2002,8,28,3,0,0.8278419971466064,8.088899612426758,5,6.206399917602539,5.204400062561035,7447,13.326800346374512,1.3112800121307373,0.4703699946403503
2002-08-28 06:00:00,2002,8,28,6,0,0.831637978553772,8.588700294494629,5,6.658599853515625,5.582699775695801,7014,13.326800346374512,1.2302600145339966,0.4511600136756897
2002-08-28 09:00:00,2002,8,28,9,0,0.8281099796295166,9.035400390625,5,7.08489990234375,5.956799983978272,6709,13.326800346374512,1.1700299978256226,0.4356499910354614
2002-08-28 12:00:00,2002,8,28,12,0,0.8301810026168823,9.319199562072754,15,7.315299987792969,6.146900177001953,6484,13.326800346374512,1.1306300163269043,0.4300000071525574
2002-08-28 15:00:00,2002,8,28,15,0,0.8374360203742981,9.339400291442873,15,7.272600173950195,6.068299770355225,6445,13.326800346374512,1.1251100301742554,0.4314500093460083
2002-08-28 18:00:00,2002,8,28,18,0,0.8358330130577087,9.105899810791016,15,6.859799861907959,5.578400135040283,6378,13.326800346374512,1.1335300207138062,0.4453400075435638
2002-08-28 21:00:00,2002,8,28,21,0,0.8214669823646545,8.319000244140625,5,5.971700191497803,4.822199821472168,6630,13.326800346374512,1.2131999731063845,0.4922699928283691
2002-08-29 00:00:00,2002,8,29,0,0,0.8071709871292114,7.798999786376953,5,5.698299884796143,4.698100090026856,7247,13.326800346374512,1.3152999877929688,0.5032399892807007
2002-08-29 03:00:00,2002,8,29,3,0,0.8125380277633667,8.364700317382812,5,6.296599864959717,5.196100234985352,6809,13.326800346374512,1.226680040359497,0.4657500088214874
2002-08-29 06:00:00,2002,8,29,6,0,0.8220049738883972,8.973099708557129,5,6.946800231933594,5.795499801635742,6480,13.326800346374512,1.1509599685668943,0.4381099939346313
2002-08-29 09:00:00,2002,8,29,9,0,0.8365659713745117,9.438400268554688,15,7.55679988861084,6.440899848937988,6668,12.114999771118164,1.1348700523376465,0.4102500081062317
2002-08-29 12:00:00,2002,8,29,12,0,0.8532990217208862,9.68239974975586,15,7.986999988555908,6.949399948120117,7176,12.114999771118164,1.1600799560546875,0.3861500024795532
2002-08-29 15:00:00,2002,8,29,15,0,0.8639050126075745,9.67360019683838,15,8.096099853515625,7.093699932098389,7669,12.114999771118164,1.199620008468628,0.3747600018978119
2002-08-29 18:00:00,2002,8,29,18,0,0.8604810237884521,9.163800239562988,15,7.219200134277344,5.983200073242188,7960,12.114999771118164,1.2591700553894043,0.4100599884986877
2002-08-29 21:00:00,2002,8,29,21,0,0.8477780222892761,8.80210018157959,5,6.797900199890137,5.59250020980835,8027,12.114999771118164,1.2938799858093262,0.4300900101661682
2002-08-30 00:00:00,2002,8,30,0,0,0.840133011341095,8.59749984741211,5,6.570899963378906,5.388899803161621,8106,8.274100303649902,1.3167999982833862,0.4384700059890747
2002-08-30 03:00:00,2002,8,30,3,0,0.838208019733429,8.927399635314941,5,7.047299861907959,5.8541998863220215,7821,8.274100303649902,1.2659800052642822,0.4099099934101105
2002-08-30 06:00:00,2002,8,30,6,0,0.8346589803695679,9.074999809265137,5,7.192599773406982,5.984300136566162,7566,9.101699829101562,1.2327100038528442,0.4029200077056885
2002-08-30 09:00:00,2002,8,30,9,0,0.8346310257911682,9.175100326538086,5,7.395400047302246,6.230199813842773,7645,12.114999771118164,1.230870008468628,0.3910399973392486
2002-08-30 12:00:00,2002,8,30,12,0,0.840054988861084,9.34529972076416,5,7.727399826049805,6.637700080871582,7861,12.114999771118164,1.2346299886703491,0.3716500103473663
2002-08-30 15:00:00,2002,8,30,15,0,0.8463339805603027,9.511300086975098,5,7.985400199890137,6.916600227355957,8022,11.013500213623049,1.2342699766159058,0.3559800088405609
2002-08-30 18:00:00,2002,8,30,18,0,0.8504539728164673,9.619799613952637,5,8.156800270080566,7.118299961090088,8070,11.013500213623049,1.2300000190734863,0.3475599884986877
2002-08-30 21:00:00,2002,8,30,21,0,0.8509889841079712,9.465800285339355,5,7.634099960327148,6.263299942016602,7975,11.013500213623049,1.2337499856948853,0.3655300140380859
2002-08-31 00:00:00,2002,8,31,0,0,0.8413680195808411,8.48009967803955,5,6.312900066375732,5.111800193786621,8251,10.01200008392334,1.3338899612426758,0.4461300075054168
2002-08-31 03:00:00,2002,8,31,3,0,0.8408970236778259,8.277299880981445,355,6.388999938964844,5.3084001541137695,8440,10.01200008392334,1.370609998703003,0.4388999938964844
2002-08-31 06:00:00,2002,8,31,6,0,0.8436179757118225,8.598999977111816,355,7.016200065612793,6.022500038146973,8148,9.101699829101562,1.3193000555038452,0.398930013179779
2002-08-31 09:00:00,2002,8,31,9,0,0.8366699814796448,8.899200439453125,355,7.486800193786621,6.584099769592285,7424,9.101699829101562,1.2347700595855713,0.3741799890995025
2002-08-31 12:00:00,2002,8,31,12,0,0.8245959877967834,9.098199844360352,355,7.756199836730957,6.917099952697754,6556,9.101699829101562,1.145490050315857,0.3631199896335602
2002-08-31 15:00:00,2002,8,31,15,0,0.8140019774436951,9.223999977111816,5,7.872799873352051,7.019499778747559,5821,9.101699829101562,1.070739984512329,0.3590399920940399
2002-08-31 18:00:00,2002,8,31,18,0,0.8044009804725647,9.06089973449707,5,7.489200115203857,6.43779993057251,5280,9.101699829101562,1.030060052871704,0.3761900067329407
2002-08-31 21:00:00,2002,8,31,21,0,0.7903730273246765,8.1048002243042,355,5.978000164031982,4.83519983291626,5092,9.101699829101562,1.0760200023651123,0.4577000141143799
2002-09-01 00:00:00,2002,9,1,0,0,0.793828010559082,7.205999851226807,355,5.337900161743164,4.443600177764893,5486,8.274100303649902,1.1954900026321411,0.5008800029754639
2002-09-01 03:00:00,2002,9,1,3,0,0.7989439964294434,7.724599838256836,355,6.016600131988525,5.073500156402588,5225,8.274100303649902,1.124690055847168,0.4521499872207641
2002-09-01 06:00:00,2002,9,1,6,0,0.7902290225028992,8.064000129699707,355,6.379199981689453,5.411799907684326,4791,8.274100303649902,1.0520100593566897,0.4374699890613556
2002-09-01 09:00:00,2002,9,1,9,0,0.7810069918632507,8.244000434875488,355,6.654399871826172,5.743299961090088,4469,8.274100303649902,1.0043400526046753,0.4277999997138977
2002-09-01 12:00:00,2002,9,1,12,0,0.7689599990844727,8.49120044708252,5,6.904600143432617,5.997200012207031,3920,8.274100303649902,0.9253399968147278,0.421779990196228
2002-09-01 15:00:00,2002,9,1,15,0,0.765703022480011,8.379199981689453,5,6.56879997253418,5.552800178527832,3524,14.659700393676758,0.8830999732017517,0.4432199895381927
2002-09-01 18:00:00,2002,9,1,18,0,0.7682679891586304,8.124600410461426,5,6.167500019073486,5.1057000160217285,3386,14.659700393676758,0.8793699741363525,0.4611299932003021
2002-09-01 21:00:00,2002,9,1,21,0,0.7742000222206116,7.557000160217285,355,5.451900005340576,4.449399948120117,3472,14.659700393676758,0.9248300194740297,0.4999200105667114
2002-09-02 00:00:00,2002,9,2,0,0,0.7922559976577759,6.780700206756592,355,4.94350004196167,4.12690019607544,4112,13.326800346374512,1.068969964981079,0.5241400003433228
2002-09-02 03:00:00,2002,9,2,3,0,0.813838005065918,7.258500099182129,355,5.492400169372559,4.582099914550781,4243,10.01200008392334,1.0454599857330322,0.4695099890232086
2002-09-02 06:00:00,2002,9,2,6,0,0.8287709951400757,7.843900203704834,355,6.27209997177124,5.3354997634887695,4346,10.01200008392334,1.0127700567245483,0.4147399961948395
2002-09-02 09:00:00,2002,9,2,9,0,0.836808979511261,8.34119987487793,355,6.9268999099731445,6.013400077819824,4418,10.01200008392334,0.9852700233459472,0.376690000295639
2002-09-02 12:00:00,2002,9,2,12,0,0.842411994934082,8.645299911499023,355,7.325300216674805,6.434800148010254,4438,10.01200008392334,0.9671000242233276,0.3551500141620636
2002-09-02 15:00:00,2002,9,2,15,0,0.8443189859390259,8.621899604797363,355,7.178599834442139,6.161600112915039,4448,9.101699829101562,0.969630002975464,0.36039999127388
2002-09-02 18:00:00,2002,9,2,18,0,0.8453739881515503,8.309100151062012,355,6.805699825286865,5.792500019073486,4544,9.101699829101562,1.0014899969100952,0.3778899908065796
2002-09-02 21:00:00,2002,9,2,21,0,0.8431569933891296,7.680300235748291,355,5.79040002822876,4.727200031280518,4553,9.101699829101562,1.0463000535964966,0.4344399869441986
2002-09-03 00:00:00,2002,9,3,0,0,0.8480899930000305,7.134699821472168,355,5.375400066375732,4.4721999168396,4831,9.101699829101562,1.1239900588989258,0.4630700051784515
2002-09-03 03:00:00,2002,9,3,3,0,0.8545060157775879,7.481800079345703,355,5.776800155639648,4.82919979095459,4521,9.101699829101562,1.058940052986145,0.4372699856758117
2002-09-03 06:00:00,2002,9,3,6,0,0.856702983379364,7.850399971008301,355,6.318299770355225,5.408299922943115,4303,9.101699829101562,1.0063199996948242,0.4093100130558014
2002-09-03 09:00:00,2002,9,3,9,0,0.8547229766845703,7.88640022277832,355,6.42080020904541,5.532299995422363,4301,9.101699829101562,1.0048400163650513,0.4040800034999847
2002-09-03 12:00:00,2002,9,3,12,0,0.8575980067253113,7.749000072479248,355,6.376399993896484,5.525700092315674,4672,9.101699829101562,1.0594899654388428,0.3979099988937378
2002-09-03 15:00:00,2002,9,3,15,0,0.8635560274124146,7.8277997970581055,355,6.619100093841553,5.845799922943115,5049,7.52180004119873,1.0959299802780151,0.3743900060653686
2002-09-03 18:00:00,2002,9,3,18,0,0.8701750040054321,8.067399978637695,355,6.966899871826172,6.241300106048584,5271,9.101699829101562,1.099519968032837,0.3491399884223938
2002-09-03 21:00:00,2002,9,3,21,0,0.8751879930496216,8.16349983215332,355,6.849699974060059,5.857399940490723,5587,9.101699829101562,1.121809959411621,0.3446300029754638
2002-09-04 00:00:00,2002,9,4,0,0,0.8768939971923828,7.95930004119873,355,6.3480000495910645,5.2642998695373535,5998,9.101699829101562,1.1755900382995603,0.3739399909973144
2002-09-04 03:00:00,2002,9,4,3,0,0.8803420066833496,8.111700057983398,355,6.580100059509277,5.5121002197265625,6161,9.101699829101562,1.1778700351715088,0.3613100051879883
2002-09-04 06:00:00,2002,9,4,6,0,0.8820520043373108,8.535499572753906,355,7.368199825286865,6.498799800872803,6052,9.101699829101562,1.1348299980163574,0.3213300108909607
2002-09-04 09:00:00,2002,9,4,9,0,0.8797240257263184,8.746600151062012,355,7.785099983215332,7.110700130462647,5935,9.101699829101562,1.10889995098114,0.3024399876594543
2002-09-04 12:00:00,2002,9,4,12,0,0.8751180171966553,8.848400115966797,355,7.974999904632568,7.420300006866455,5825,9.101699829101562,1.0917600393295288,0.296779990196228
2002-09-04 15:00:00,2002,9,4,15,0,0.8704439997673035,8.90060043334961,355,8.043600082397461,7.538000106811523,5728,9.101699829101562,1.0794299840927124,0.2989600002765655
2002-09-04 18:00:00,2002,9,4,18,0,0.8674089908599854,8.923800468444824,355,8.043600082397461,7.543900012969971,5698,9.101699829101562,1.0755900144577026,0.3059000074863434
2002-09-04 21:00:00,2002,9,4,21,0,0.8653050065040588,8.9552001953125,355,8.034600257873535,7.510499954223633,5765,9.101699829101562,1.080340027809143,0.3132199943065643
2002-09-05 00:00:00,2002,9,5,0,0,0.8632820248603821,9.011799812316896,355,8.067899703979492,7.52869987487793,5882,9.101699829101562,1.0877399444580078,0.3171800076961517
2002-09-05 03:00:00,2002,9,5,3,0,0.8616899847984314,9.06130027770996,355,8.119500160217285,7.589499950408935,5960,9.101699829101562,1.091789960861206,0.3178400099277496
2002-09-05 06:00:00,2002,9,5,6,0,0.8607230186462402,9.071200370788574,355,8.141799926757812,7.619200229644775,5933,9.101699829101562,1.0887600183486938,0.3164199888706207
2002-09-05 09:00:00,2002,9,5,9,0,0.8591480255126953,9.046799659729004,355,8.130499839782715,7.617499828338623,5799,9.101699829101562,1.0781400203704834,0.3154500126838684
2002-09-05 12:00:00,2002,9,5,12,0,0.8549849987030029,9.01259994506836,355,8.091300010681152,7.581999778747559,5617,9.101699829101562,1.0638699531555176,0.3183799982070923
2002-09-05 15:00:00,2002,9,5,15,0,0.8472409844398499,8.999799728393555,355,8.038399696350098,7.517499923706055,5438,9.101699829101562,1.048699975013733,0.3274999856948852
2002-09-05 18:00:00,2002,9,5,18,0,0.8375210165977478,9.034899711608888,5,8.001199722290039,7.453400135040283,5279,9.101699829101562,1.0324100255966189,0.3410800099372864
2002-09-05 21:00:00,2002,9,5,21,0,0.8313230276107788,9.108599662780762,5,7.983799934387207,7.389500141143799,5145,9.101699829101562,1.01610004901886,0.3551099896430969
2002-09-06 00:00:00,2002,9,6,0,0,0.826092004776001,9.190400123596191,5,7.974899768829346,7.323599815368652,5030,9.101699829101562,1.0010000467300415,0.3668000102043152
2002-09-06 03:00:00,2002,9,6,3,0,0.8241090178489685,9.240699768066406,5,7.969200134277344,7.30679988861084,4972,9.101699829101562,0.993149995803833,0.3758499920368194
2002-09-06 06:00:00,2002,9,6,6,0,0.8260759711265564,9.245599746704102,5,7.950200080871582,7.270299911499023,4972,8.274100303649902,0.9932900071144104,0.3792900145053863
2002-09-06 09:00:00,2002,9,6,9,0,0.8297280073165894,9.210200309753418,5,7.940299987792969,7.264800071716309,4989,8.274100303649902,0.9971299767494202,0.3770299851894378
2002-09-06 12:00:00,2002,9,6,12,0,0.832135021686554,9.155500411987305,5,7.922699928283691,7.267199993133545,4977,8.274100303649902,0.9990100264549256,0.373659998178482
2002-09-06 15:00:00,2002,9,6,15,0,0.8326299786567688,9.110899925231934,5,7.896599769592285,7.257999897003174,4948,8.274100303649902,0.9984899759292604,0.3717199862003326
2002-09-06 18:00:00,2002,9,6,18,0,0.832302987575531,9.083999633789062,5,7.866099834442139,7.233500003814697,4949,8.274100303649902,0.9997100234031676,0.3714199960231781
2002-09-06 21:00:00,2002,9,6,21,0,0.8318060040473938,9.050200462341309,15,7.785600185394287,7.097799777984619,4974,14.659700393676758,1.0039199590682983,0.3736000061035156
2002-09-07 00:00:00,2002,9,7,0,0,0.831492006778717,8.786199569702148,15,6.994900226593018,5.7322998046875,4959,14.659700393676758,1.0188699960708618,0.3960700035095215
2002-09-07 03:00:00,2002,9,7,3,0,0.8308799862861633,8.837900161743164,15,7.281199932098389,6.366499900817871,4779,14.659700393676758,0.9974799752235411,0.4036499857902527
2002-09-07 06:00:00,2002,9,7,6,0,0.8297020196914673,8.892399787902832,15,7.348100185394287,6.515600204467773,4478,14.659700393676758,0.963890016078949,0.4144099950790405
2002-09-07 09:00:00,2002,9,7,9,0,0.8286669850349426,8.973600387573242,15,7.388999938964844,6.588399887084961,4162,14.659700393676758,0.9264400005340576,0.4272400140762329
2002-09-07 12:00:00,2002,9,7,12,0,0.8279889822006226,9.04669952392578,15,7.407999992370605,6.619900226593018,3883,14.659700393676758,0.8921700119972229,0.4382300078868866
2002-09-07 15:00:00,2002,9,7,15,0,0.8320220112800598,9.103400230407717,25,7.414100170135498,6.625199794769287,3657,14.659700393676758,0.8634700179100037,0.4454100131988525
2002-09-07 18:00:00,2002,9,7,18,0,0.8350120186805725,9.156800270080566,25,7.418799877166748,6.621500015258789,3488,14.659700393676758,0.8407099843025208,0.4507400095462799
2002-09-07 21:00:00,2002,9,7,21,0,0.8371390104293823,9.229399681091309,25,7.382900238037109,6.514200210571289,3357,14.659700393676758,0.8217099905014038,0.4593999981880188
2002-09-08 00:00:00,2002,9,8,0,0,0.8378180265426636,8.965299606323242,25,6.29670000076294,4.869100093841553,3285,13.326800346374512,0.8274400234222412,0.4975000023841858
2002-09-08 03:00:00,2002,9,8,3,0,0.8432530164718628,9.43589973449707,25,6.949100017547607,5.682000160217285,3232,13.326800346374512,0.8003799915313721,0.5008699893951416
2002-09-08 06:00:00,2002,9,8,6,0,0.8496969938278198,9.934499740600586,25,7.501699924468994,6.391600131988525,3235,13.326800346374512,0.7822099924087524,0.5042499899864197
2002-09-08 09:00:00,2002,9,8,9,0,0.8551539778709412,10.353699684143066,25,7.7342000007629395,6.632500171661377,3302,13.326800346374512,0.7771999835968018,0.5173699855804443
2002-09-08 12:00:00,2002,9,8,12,0,0.8598009943962097,10.816100120544434,25,7.90939998626709,6.707099914550781,3433,13.326800346374512,0.7792699933052063,0.5284000039100647
2002-09-08 15:00:00,2002,9,8,15,0,0.8666399717330933,11.295700073242188,35,8.10990047454834,6.781700134277344,3614,13.326800346374512,0.7860599756240845,0.5319300293922424
2002-09-08 18:00:00,2002,9,8,18,0,0.874538004398346,11.75629997253418,35,8.350199699401855,6.8927998542785645,3847,21.46489906311035,0.7973399758338928,0.5257300138473511
2002-09-08 21:00:00,2002,9,8,21,0,0.8807460069656372,12.153300285339355,35,8.593500137329102,7.004700183868408,4250,21.46489906311035,0.8252999782562256,0.5128600001335144
2002-09-09 00:00:00,2002,9,9,0,0,0.868012011051178,11.762700080871582,35,7.913000106811523,6.069699764251709,5257,21.46489906311035,0.9352099895477296,0.5288199782371521
2002-09-09 03:00:00,2002,9,9,3,0,0.8595119714736938,11.500399589538574,25,8.170999526977539,6.776899814605713,6626,21.46489906311035,1.0636199712753296,0.539080023765564
2002-09-09 06:00:00,2002,9,9,6,0,0.8721410036087036,11.77180004119873,35,8.322500228881836,6.959400177001953,7327,21.46489906311035,1.1071900129318235,0.5372099876403809
2002-09-09 09:00:00,2002,9,9,9,0,0.8854579925537109,12.2253999710083,35,8.46720027923584,6.926499843597412,7418,21.46489906311035,1.0939099788665771,0.5258100032806396
2002-09-09 12:00:00,2002,9,9,12,0,0.8889740109443665,12.571399688720703,35,8.642600059509277,6.92609977722168,7372,21.46489906311035,1.0745199918746948,0.5090100169181824
2002-09-09 15:00:00,2002,9,9,15,0,0.8857150077819824,12.717499732971191,35,8.8326997756958,7.035799980163574,7530,21.46489906311035,1.0773500204086304,0.4923399984836578
2002-09-09 18:00:00,2002,9,9,18,0,0.8793550133705139,12.732500076293944,35,9.024800300598145,7.221700191497803,7973,19.51320075988769,1.1044399738311768,0.4762499928474426
2002-09-09 21:00:00,2002,9,9,21,0,0.8686429858207703,12.375,35,8.393799781799316,6.329400062561035,8621,19.51320075988769,1.1619000434875488,0.4805000126361847
2002-09-10 00:00:00,2002,9,10,0,0,0.8410729765892029,10.70699977874756,25,6.725599765777588,5.188600063323975,9713,19.51320075988769,1.325070023536682,0.5714300274848938
2002-09-10 03:00:00,2002,9,10,3,0,0.8329489827156067,10.392600059509276,25,6.957200050354004,5.57420015335083,10279,19.51320075988769,1.380620002746582,0.5630300045013428
2002-09-10 06:00:00,2002,9,10,6,0,0.8310779929161072,10.670299530029297,25,7.490200042724609,6.102399826049805,10039,19.51320075988769,1.341130018234253,0.5269200205802917
2002-09-10 09:00:00,2002,9,10,9,0,0.8327599763870239,11.019399642944336,25,7.966100215911865,6.504099845886231,9715,17.73889923095703,1.2923200130462646,0.4904400110244751
2002-09-10 12:00:00,2002,9,10,12,0,0.8346260190010071,11.326499938964844,25,8.418399810791016,6.891600131988525,9689,17.73889923095703,1.2677799463272097,0.4568800032138824
2002-09-10 15:00:00,2002,9,10,15,0,0.8333179950714111,11.464200019836426,25,8.769399642944336,7.259099960327148,10009,17.73889923095703,1.2771799564361572,0.4328100085258484
2002-09-10 18:00:00,2002,9,10,18,0,0.8292670249938965,11.384400367736816,25,8.845399856567383,7.387700080871582,10472,17.73889923095703,1.308650016784668,0.4235700070858001
2002-09-10 21:00:00,2002,9,10,21,0,0.8187519907951355,10.715299606323242,25,7.762599945068359,6.099299907684326,11293,16.125999450683594,1.39874005317688,0.4535399973392486
2002-09-11 00:00:00,2002,9,11,0,0,0.8096269965171814,9.453499794006348,15,6.857699871063232,5.57859992980957,13533,16.125999450683594,1.6320199966430664,0.4962399899959564
2002-09-11 03:00:00,2002,9,11,3,0,0.814070999622345,9.721099853515623,15,7.47160005569458,6.200699806213379,14001,16.125999450683594,1.629040002822876,0.4462499916553497
2002-09-11 06:00:00,2002,9,11,6,0,0.8191609978675842,10.085700035095217,15,8.144000053405762,6.9475998878479,13419,16.125999450683594,1.5583000183105469,0.4023599922657013
2002-09-11 09:00:00,2002,9,11,9,0,0.8235129714012146,10.288599967956545,15,8.541099548339844,7.427599906921387,12670,16.125999450683594,1.4946099519729614,0.3763099908828735
2002-09-11 12:00:00,2002,9,11,12,0,0.828341007232666,10.386699676513672,15,8.762399673461914,7.713699817657471,12038,16.125999450683594,1.447350025177002,0.3608500063419342
2002-09-11 15:00:00,2002,9,11,15,0,0.8304250240325928,10.366999626159668,15,8.764399528503418,7.710000038146973,11417,16.125999450683594,1.4100699424743652,0.3568600118160248
2002-09-11 18:00:00,2002,9,11,18,0,0.8285359740257263,10.239399909973145,15,8.57859992980957,7.457799911499023,10765,16.125999450683594,1.3782700300216677,0.3619599938392639
2002-09-11 21:00:00,2002,9,11,21,0,0.8222200274467468,9.83430004119873,15,7.71750020980835,6.281599998474121,10227,16.125999450683594,1.3726600408554075,0.3925099968910217
2002-09-12 00:00:00,2002,9,12,0,0,0.815218985080719,9.3996000289917,15,7.222799777984619,5.889900207519531,9885,16.125999450683594,1.3832099437713623,0.4186800122261047
2002-09-12 03:00:00,2002,9,12,3,0,0.8142489790916443,9.479299545288086,15,7.469500064849853,6.203999996185303,9231,16.125999450683594,1.3305200338363647,0.4057300090789795
2002-09-12 06:00:00,2002,9,12,6,0,0.8112919926643372,9.503199577331545,15,7.626699924468994,6.452700138092041,8615,14.659700393676758,1.2837400436401367,0.3986600041389465
2002-09-12 09:00:00,2002,9,12,9,0,0.8072599768638611,9.543499946594238,15,7.770199775695801,6.677599906921387,8000,14.659700393676758,1.2345199584960938,0.3931199908256531
2002-09-12 12:00:00,2002,9,12,12,0,0.8065879940986633,9.663800239562988,15,7.9380998611450195,6.87060022354126,7320,14.659700393676758,1.1728800535202026,0.3865599930286407
2002-09-12 15:00:00,2002,9,12,15,0,0.8073070049285889,9.690999984741213,15,7.9832000732421875,6.9197998046875,6719,14.659700393676758,1.1219600439071655,0.3842599987983703
2002-09-12 18:00:00,2002,9,12,18,0,0.8067259788513184,9.545499801635742,15,7.774300098419189,6.648799896240234,6212,14.659700393676758,1.0875099897384644,0.3897500038146972
2002-09-12 21:00:00,2002,9,12,21,0,0.8017920255661011,9.103799819946287,15,7.017399787902832,5.717400074005127,5838,14.659700393676758,1.0814599990844729,0.4165099859237671
2002-09-13 00:00:00,2002,9,13,0,0,0.7920719981193542,8.513699531555176,15,6.346099853515625,5.161699771881104,5708,14.659700393676758,1.1091699600219729,0.45278000831604
2002-09-13 03:00:00,2002,9,13,3,0,0.7942519783973694,8.578399658203125,15,6.670700073242188,5.5619001388549805,5694,14.659700393676758,1.103760004043579,0.4307000041007995
2002-09-13 06:00:00,2002,9,13,6,0,0.8049719929695129,8.732999801635742,15,7.048799991607666,6.0121002197265625,5940,14.659700393676758,1.1166800260543823,0.4061700105667114
2002-09-13 09:00:00,2002,9,13,9,0,0.8172169923782349,8.861200332641602,15,7.375999927520752,6.441800117492676,6241,9.101699829101562,1.1364200115203855,0.3886100053787231
2002-09-13 12:00:00,2002,9,13,12,0,0.8280559778213501,8.96030044555664,15,7.615600109100342,6.764100074768066,6239,8.274100303649902,1.130020022392273,0.3755899965763092
2002-09-13 15:00:00,2002,9,13,15,0,0.8356919884681702,8.9931001663208,15,7.736899852752685,6.943299770355225,6000,8.274100303649902,1.1058000326156616,0.3656499981880188
2002-09-13 18:00:00,2002,9,13,18,0,0.8391979932785034,8.950799942016602,15,7.718200206756592,6.931900024414063,5681,8.274100303649902,1.0782899856567385,0.3608399927616119
2002-09-13 21:00:00,2002,9,13,21,0,0.8396000266075134,8.878999710083008,15,7.590000152587891,6.720799922943115,5412,8.274100303649902,1.056820034980774,0.3619300127029419
2002-09-14 00:00:00,2002,9,14,0,0,0.8406379818916321,8.869199752807617,15,7.564700126647949,6.70359992980957,5258,8.274100303649902,1.0427500009536743,0.3665100038051605
2002-09-14 03:00:00,2002,9,14,3,0,0.8450049757957458,8.947999954223633,15,7.666800022125244,6.837399959564209,5227,8.274100303649902,1.0356199741363523,0.3682799935340881
2002-09-14 06:00:00,2002,9,14,6,0,0.8536649942398071,9.060799598693848,25,7.809299945831299,7.025300025939941,5304,8.274100303649902,1.0375399589538574,0.3709299862384796
2002-09-14 09:00:00,2002,9,14,9,0,0.862047016620636,9.146499633789062,25,7.916200160980225,7.178999900817871,5386,8.274100303649902,1.041509985923767,0.3746599853038788
2002-09-14 12:00:00,2002,9,14,12,0,0.8678860068321228,9.202899932861328,25,7.987500190734863,7.291900157928467,5400,8.274100303649902,1.0401899814605713,0.3770000040531158
2002-09-14 15:00:00,2002,9,14,15,0,0.8710060119628906,9.244099617004396,25,8.029500007629395,7.364200115203857,5328,8.274100303649902,1.0310699939727783,0.3790799975395202
2002-09-14 18:00:00,2002,9,14,18,0,0.8717290163040161,9.289899826049805,25,8.057900428771973,7.408899784088135,5237,8.274100303649902,1.0198500156402588,0.3817700147628784
2002-09-14 21:00:00,2002,9,14,21,0,0.8719120025634766,9.32960033416748,25,8.053999900817871,7.37529993057251,5168,8.274100303649902,1.0110299587249756,0.3850600123405456
2002-09-15 00:00:00,2002,9,15,0,0,0.8770120143890381,9.37049961090088,35,8.089699745178223,7.418900012969971,5240,8.274100303649902,1.0156099796295166,0.384770005941391
2002-09-15 03:00:00,2002,9,15,3,0,0.8842129707336426,9.36110019683838,35,8.128199577331543,7.497099876403809,5465,8.274100303649902,1.0373599529266355,0.3791700005531311
2002-09-15 06:00:00,2002,9,15,6,0,0.8902649879455566,9.321200370788574,35,8.141799926757812,7.548699855804443,5677,8.274100303649902,1.0596699714660645,0.3740400075912475
2002-09-15 09:00:00,2002,9,15,9,0,0.8931999802589417,9.303600311279297,35,8.129899978637695,7.560100078582764,5697,8.274100303649902,1.0631599426269531,0.3761700093746185
2002-09-15 12:00:00,2002,9,15,12,0,0.8927479982376099,9.361900329589844,35,8.129599571228027,7.551300048828125,5592,8.274100303649902,1.0504900217056274,0.3843500018119812
2002-09-15 15:00:00,2002,9,15,15,0,0.8891050219535828,9.489299774169922,35,8.164400100708008,7.554599761962891,5499,14.659700393676758,1.034379959106445,0.3921999931335449
2002-09-15 18:00:00,2002,9,15,18,0,0.883014976978302,9.61050033569336,35,8.205599784851074,7.560800075531006,5435,14.659700393676758,1.0208200216293335,0.3957000076770782
2002-09-15 21:00:00,2002,9,15,21,0,0.87493497133255,9.64680004119873,35,8.204099655151367,7.537199974060059,5369,14.659700393676758,1.0115100145339966,0.3955000042915344
2002-09-16 00:00:00,2002,9,16,0,0,0.8661360144615173,9.53380012512207,35,7.993299961090088,7.141300201416016,5345,14.659700393676758,1.0144699811935425,0.3971799910068512
2002-09-16 03:00:00,2002,9,16,3,0,0.858223021030426,9.389399528503418,35,7.874899864196777,7.047299861907959,5361,12.114999771118164,1.0231900215148926,0.3973299860954284
2002-09-16 06:00:00,2002,9,16,6,0,0.8512099981307983,9.307700157165527,35,7.893499851226807,7.213300228118896,5429,11.013500213623049,1.0330300331115725,0.3932900130748749
2002-09-16 09:00:00,2002,9,16,9,0,0.8485919833183289,9.274299621582031,25,7.901899814605713,7.231900215148926,5638,11.013500213623049,1.0534900426864624,0.3859300017356872
2002-09-16 12:00:00,2002,9,16,12,0,0.8508719801902771,9.256699562072754,25,7.944399833679199,7.27400016784668,5956,13.326800346374512,1.0833200216293335,0.3764800131320953
2002-09-16 15:00:00,2002,9,16,15,0,0.8521479964256287,9.240699768066406,25,7.981800079345703,7.319900035858154,6186,10.01200008392334,1.1053600311279297,0.3708299994468689
2002-09-16 18:00:00,2002,9,16,18,0,0.850380003452301,9.22760009765625,25,7.993899822235107,7.336800098419189,6205,10.01200008392334,1.1082799434661863,0.3689700067043304
2002-09-16 21:00:00,2002,9,16,21,0,0.8462550044059753,9.220499992370604,25,7.868000030517578,7.038300037384033,6160,13.326800346374512,1.104699969291687,0.3737500011920929
2002-09-17 00:00:00,2002,9,17,0,0,0.8407210111618042,9.149100303649902,25,7.3607001304626465,6.187900066375732,6468,11.013500213623049,1.1363699436187744,0.4005300104618072
2002-09-17 03:00:00,2002,9,17,3,0,0.8410459756851196,9.52530002593994,15,7.642799854278564,6.418099880218506,7442,11.013500213623049,1.1920299530029297,0.3977299928665161
2002-09-17 06:00:00,2002,9,17,6,0,0.8497560024261475,9.9576997756958,15,8.020400047302246,6.6834001541137695,9207,13.326800346374512,1.2924599647521973,0.3799299895763397
2002-09-17 09:00:00,2002,9,17,9,0,0.867205023765564,10.129599571228027,5,8.136199951171875,6.706200122833252,11302,13.326800346374512,1.4164899587631226,0.3691099882125854
2002-09-17 12:00:00,2002,9,17,12,0,0.8783529996871948,10.182499885559082,5,8.449600219726562,7.235400199890137,13220,13.326800346374512,1.526919960975647,0.3567200005054474
2002-09-17 15:00:00,2002,9,17,15,0,0.8793870210647583,9.797300338745115,5,7.688600063323975,6.275100231170654,14479,13.326800346374512,1.63086998462677,0.3860700130462646
2002-09-17 18:00:00,2002,9,17,18,0,0.870730996131897,8.91469955444336,5,6.622300148010254,5.395699977874756,15162,13.326800346374512,1.7573800086975098,0.4493699967861175
2002-09-17 21:00:00,2002,9,17,21,0,0.8716819882392883,8.731399536132812,5,6.785399913787842,5.6855998039245605,15775,12.114999771118164,1.8157800436019895,0.4318700134754181
2002-09-18 00:00:00,2002,9,18,0,0,0.8782600164413452,9.163999557495115,5,7.6427001953125,6.7220001220703125,15452,12.114999771118164,1.7495499849319458,0.3801099956035614
2002-09-18 03:00:00,2002,9,18,3,0,0.8799899816513062,9.409799575805664,5,8.098099708557129,7.362800121307373,14720,12.114999771118164,1.6823300123214722,0.358460009098053
2002-09-18 06:00:00,2002,9,18,6,0,0.8803269863128662,9.562800407409668,5,8.319600105285645,7.637599945068359,14281,12.114999771118164,1.64136004447937,0.3475300073623657
2002-09-18 09:00:00,2002,9,18,9,0,0.8810909986495972,9.678199768066406,5,8.487299919128418,7.827899932861328,13964,12.114999771118164,1.6110800504684448,0.3370699882507324
2002-09-18 12:00:00,2002,9,18,12,0,0.8828849792480469,9.727299690246582,5,8.602499961853027,7.969399929046631,13513,11.013500213623049,1.5787299871444702,0.3253099918365478
2002-09-18 15:00:00,2002,9,18,15,0,0.8848599791526794,9.6358003616333,5,8.538800239562988,7.909999847412109,12876,11.013500213623049,1.5473599433898926,0.3199700117111206
2002-09-18 18:00:00,2002,9,18,18,0,0.8824520111083984,9.414899826049805,5,8.232399940490723,7.488500118255615,12238,11.013500213623049,1.5271899700164795,0.3270399868488312
2002-09-18 21:00:00,2002,9,18,21,0,0.874796986579895,9.256500244140623,5,7.775199890136719,6.680600166320801,11366,11.013500213623049,1.4849599599838257,0.3417800068855285
2002-09-19 00:00:00,2002,9,19,0,0,0.8673999905586243,8.581500053405762,355,6.738800048828125,5.562300205230713,11414,11.013500213623049,1.5532499551773071,0.3957799971103668
2002-09-19 03:00:00,2002,9,19,3,0,0.8676530122756958,8.594099998474121,355,6.962399959564209,5.852700233459473,11469,10.01200008392334,1.5588300228118896,0.3783600032329559
2002-09-19 06:00:00,2002,9,19,6,0,0.8636059761047363,9.06439971923828,355,7.629000186920166,6.573699951171875,10044,10.01200008392334,1.4155800342559814,0.3468799889087677
2002-09-19 09:00:00,2002,9,19,9,0,0.8571540117263794,9.278200149536133,355,7.841899871826172,6.758500099182129,8487,10.01200008392334,1.2835500240325928,0.3392499983310699
2002-09-19 12:00:00,2002,9,19,12,0,0.8558869957923889,9.42300033569336,355,8.03849983215332,6.983500003814697,7471,10.01200008392334,1.192729949951172,0.3291800022125244
2002-09-19 15:00:00,2002,9,19,15,0,0.8556740283966064,9.386799812316896,355,7.89870023727417,6.740699768066406,6855,10.01200008392334,1.1440999507904053,0.3321000039577484
2002-09-19 18:00:00,2002,9,19,18,0,0.8559579849243164,9.29699993133545,355,7.65939998626709,6.400300025939941,6604,10.01200008392334,1.1286200284957886,0.3420999944210052
2002-09-19 21:00:00,2002,9,19,21,0,0.8574590086936951,8.49370002746582,355,6.384200096130371,5.140100002288818,7323,10.01200008392334,1.249060034751892,0.4149999916553497
2002-09-20 00:00:00,2002,9,20,0,0,0.8699859976768494,7.74809980392456,345,5.881999969482422,4.856400012969971,9627,10.01200008392334,1.5116000175476074,0.4398599863052368
2002-09-20 03:00:00,2002,9,20,3,0,0.8812710046768188,8.273200035095215,345,6.522299766540527,5.41349983215332,9990,10.01200008392334,1.483669996261597,0.3941600024700165
2002-09-20 06:00:00,2002,9,20,6,0,0.8812010288238525,8.848699569702148,345,7.295300006866455,6.188300132751465,9180,11.013500213623049,1.368399977684021,0.353520005941391
2002-09-20 09:00:00,2002,9,20,9,0,0.8849920034408569,9.278900146484377,355,7.912199974060059,6.890399932861328,8282,11.013500213623049,1.2641899585723877,0.3245800137519836
2002-09-20 12:00:00,2002,9,20,12,0,0.888962984085083,9.258600234985352,355,7.865399837493896,6.787199974060059,7941,11.013500213623049,1.23895001411438,0.3226499855518341
2002-09-20 15:00:00,2002,9,20,15,0,0.8849300146102905,9.009699821472168,355,7.578800201416016,6.472499847412109,7893,11.013500213623049,1.255020022392273,0.3301500082015991
2002-09-20 18:00:00,2002,9,20,18,0,0.8795819878578186,8.816499710083008,345,7.3069000244140625,6.165200233459473,7688,11.013500213623049,1.2536699771881104,0.3392199873924255
2002-09-20 21:00:00,2002,9,20,21,0,0.874504029750824,8.625399589538574,345,6.785299777984619,5.501500129699707,7350,11.013500213623049,1.2388900518417358,0.3633100092411041
2002-09-21 00:00:00,2002,9,21,0,0,0.8733839988708496,7.853799819946289,345,5.941999912261963,4.82859992980957,7745,11.013500213623049,1.3411099910736084,0.4144000113010406
2002-09-21 03:00:00,2002,9,21,3,0,0.8761230111122131,8.159600257873535,345,6.406599998474121,5.249800205230713,7551,10.01200008392334,1.2966500520706177,0.3772999942302704
2002-09-21 06:00:00,2002,9,21,6,0,0.87117600440979,8.64430046081543,345,7.156099796295166,6.038300037384033,6674,10.01200008392334,1.179900050163269,0.3364999890327453
2002-09-21 09:00:00,2002,9,21,9,0,0.865772008895874,8.987700462341309,345,7.695799827575684,6.665900230407715,6002,10.01200008392334,1.094230055809021,0.3103899955749511
2002-09-21 12:00:00,2002,9,21,12,0,0.8596000075340271,9.111499786376951,355,7.883999824523926,6.893700122833252,5517,10.01200008392334,1.0409799814224243,0.3022699952125549
2002-09-21 15:00:00,2002,9,21,15,0,0.8551009893417358,9.116000175476074,355,7.874199867248535,6.872600078582764,5085,10.01200008392334,0.9993000030517578,0.3040800094604492
2002-09-21 18:00:00,2002,9,21,18,0,0.8487880229949951,9.07040023803711,355,7.788000106811523,6.753499984741211,4709,10.01200008392334,0.9647700190544128,0.3095099925994873
2002-09-21 21:00:00,2002,9,21,21,0,0.8394899964332581,8.762299537658691,355,7.132800102233887,5.887400150299072,4464,10.01200008392334,0.9579899907112122,0.3411299884319305
2002-09-22 00:00:00,2002,9,22,0,0,0.8292049765586853,8.357000350952148,355,6.624899864196777,5.46019983291626,4418,10.01200008392334,0.979390025138855,0.3741700053215027
2002-09-22 03:00:00,2002,9,22,3,0,0.8202030062675476,8.44849967956543,355,6.998700141906738,5.990200042724609,4310,10.01200008392334,0.9629799723625184,0.3555099964141845
2002-09-22 06:00:00,2002,9,22,6,0,0.8084419965744019,8.666799545288086,355,7.398099899291992,6.490799903869629,4072,9.101699829101562,0.9232500195503236,0.3352400064468384
2002-09-22 09:00:00,2002,9,22,9,0,0.7957130074501038,8.943699836730957,355,7.767199993133545,6.910299777984619,3739,9.101699829101562,0.8694900274276733,0.3221699893474579
2002-09-22 12:00:00,2002,9,22,12,0,0.7849699854850769,9.168700218200684,355,7.99970006942749,7.160999774932861,3506,9.101699829101562,0.8312199711799622,0.3232899904251098
2002-09-22 15:00:00,2002,9,22,15,0,0.7810220122337341,9.390399932861328,5,8.155500411987305,7.292399883270264,3384,9.101699829101562,0.8069900274276733,0.3328199982643127
2002-09-22 18:00:00,2002,9,22,18,0,0.7858459949493408,9.625,5,8.281499862670898,7.361100196838379,3378,9.101699829101562,0.7961000204086304,0.3427500128746032
2002-09-22 21:00:00,2002,9,22,21,0,0.7977629899978638,9.82699966430664,5,8.343600273132324,7.312099933624268,3534,13.326800346374512,0.8050400018692017,0.3484500050544739
2002-09-23 00:00:00,2002,9,23,0,0,0.8145560026168823,9.975000381469728,5,8.303099632263184,7.02370023727417,3853,13.326800346374512,0.8327999711036682,0.3469699919223785
2002-09-23 03:00:00,2002,9,23,3,0,0.8286809921264648,9.964900016784668,5,8.213399887084961,6.932300090789795,4265,12.114999771118164,0.8757799863815308,0.3532299995422363
2002-09-23 06:00:00,2002,9,23,6,0,0.8338959813117981,9.887499809265137,5,8.134599685668945,6.885900020599365,4661,12.114999771118164,0.9196299910545348,0.359140008687973
2002-09-23 09:00:00,2002,9,23,9,0,0.8329579830169678,9.884200096130373,5,8.167099952697754,6.959099769592285,4947,11.013500213623049,0.9484800100326538,0.3618499934673309
2002-09-23 12:00:00,2002,9,23,12,0,0.8262680172920227,9.92430019378662,5,8.259300231933594,7.099500179290772,5176,11.013500213623049,0.9695600271224976,0.3632700145244598
2002-09-23 15:00:00,2002,9,23,15,0,0.8175770044326782,9.98330020904541,15,8.329999923706055,7.196199893951416,5407,11.013500213623049,0.989359974861145,0.3667199909687042
2002-09-23 18:00:00,2002,9,23,18,0,0.809145987033844,10.02589988708496,15,8.36139965057373,7.22130012512207,5626,11.013500213623049,1.0082099437713623,0.3699600100517273
2002-09-23 21:00:00,2002,9,23,21,0,0.7902979850769043,9.351200103759766,15,6.977099895477295,5.533599853515625,5835,16.125999450683594,1.0678000450134275,0.4325200021266937
2002-09-24 00:00:00,2002,9,24,0,0,0.7702119946479797,8.306699752807617,5,5.903600215911865,4.767000198364258,6294,16.125999450683594,1.185789942741394,0.5108699798583984
2002-09-24 03:00:00,2002,9,24,3,0,0.7647389769554138,8.771599769592285,5,6.530399799346924,5.339700222015381,6329,16.125999450683594,1.1572500467300415,0.47843998670578
2002-09-24 06:00:00,2002,9,24,6,0,0.758637011051178,9.31149959564209,15,7.154600143432617,5.940199851989746,6362,16.125999450683594,1.1248699426651,0.4559099972248077
2002-09-24 09:00:00,2002,9,24,9,0,0.763247013092041,9.894700050354004,15,7.82889986038208,6.63070011138916,6667,14.659700393676758,1.1152700185775757,0.4326300024986267
2002-09-24 12:00:00,2002,9,24,12,0,0.7727959752082825,10.353400230407717,15,8.23799991607666,6.970200061798096,7132,14.659700393676758,1.1258699893951416,0.4179500043392181
2002-09-24 15:00:00,2002,9,24,15,0,0.7825469970703125,10.588199615478516,15,8.305899620056152,6.925000190734863,7683,14.659700393676758,1.1544899940490725,0.4164400100708008
2002-09-24 18:00:00,2002,9,24,18,0,0.7927799820899963,10.68299961090088,15,8.222999572753906,6.69980001449585,8267,14.659700393676758,1.1906700134277344,0.4152899980545044
2002-09-24 21:00:00,2002,9,24,21,0,0.7991999983787537,10.261099815368652,15,7.396999835968018,5.769100189208984,9025,14.659700393676758,1.2682100534439087,0.4426099956035614
2002-09-25 00:00:00,2002,9,25,0,0,0.7923539876937866,9.347999572753906,15,6.578700065612793,5.214200019836426,10175,14.659700393676758,1.4139000177383425,0.4872300028800964
2002-09-25 03:00:00,2002,9,25,3,0,0.7980539798736572,9.68120002746582,5,7.331399917602539,5.974299907684326,10500,13.326800346374512,1.407520055770874,0.4378899931907654
2002-09-25 06:00:00,2002,9,25,6,0,0.7976909875869751,10.152299880981444,5,8.101400375366211,6.8003997802734375,10018,12.114999771118164,1.3383599519729614,0.3988600075244903
2002-09-25 09:00:00,2002,9,25,9,0,0.7938759922981262,10.416600227355955,15,8.473600387573242,7.223800182342529,9590,11.013500213623049,1.2909200191497805,0.3836100101470947
2002-09-25 12:00:00,2002,9,25,12,0,0.7905849814414978,10.635600090026855,15,8.757200241088867,7.544099807739258,9142,11.013500213623049,1.2467800378799438,0.3739300072193146
2002-09-25 15:00:00,2002,9,25,15,0,0.7859029769897461,10.779999732971191,15,8.899299621582031,7.675000190734863,8761,11.013500213623049,1.2122700214385986,0.3701199889183044
2002-09-25 18:00:00,2002,9,25,18,0,0.7814139723777771,10.775799751281738,15,8.784799575805664,7.475299835205078,8485,13.326800346374512,1.194000005722046,0.3767800033092499
2002-09-25 21:00:00,2002,9,25,21,0,0.771232008934021,10.133000373840332,15,7.46619987487793,5.892399787902832,8372,16.125999450683594,1.227300047874451,0.4342800080776214
2002-09-26 00:00:00,2002,9,26,0,0,0.7554380297660828,9.263699531555176,15,6.607800006866455,5.277100086212158,8690,16.125999450683594,1.3152600526809692,0.4891499876976013
2002-09-26 03:00:00,2002,9,26,3,0,0.7538400292396545,9.487000465393066,15,7.073100090026856,5.769999980926514,8413,16.125999450683594,1.2789299488067627,0.4657100141048431
2002-09-26 06:00:00,2002,9,26,6,0,0.7540789842605591,9.909600257873535,15,7.6975998878479,6.432600021362305,7961,16.125999450683594,1.2149499654769895,0.4359000027179718
2002-09-26 09:00:00,2002,9,26,9,0,0.7561259865760803,10.31060028076172,15,8.19950008392334,6.945000171661377,7655,16.125999450683594,1.1657899618148804,0.4131700098514557
2002-09-26 12:00:00,2002,9,26,12,0,0.7681419849395752,10.685500144958496,25,8.590299606323242,7.315499782562256,7544,14.659700393676758,1.135990023612976,0.3997200131416321
2002-09-26 15:00:00,2002,9,26,15,0,0.7778360247612,10.807299613952637,25,8.45199966430664,6.997700214385986,7603,14.659700393676758,1.1353700160980225,0.4101699888706207
2002-09-26 18:00:00,2002,9,26,18,0,0.7738450169563293,10.552800178527832,25,7.987400054931641,6.499100208282471,7876,14.659700393676758,1.17261004447937,0.4371100068092346
2002-09-26 21:00:00,2002,9,26,21,0,0.7641270160675049,9.920700073242188,25,6.914400100708008,5.40880012512207,7961,14.659700393676758,1.2194900512695312,0.4887000024318695
2002-09-27 00:00:00,2002,9,27,0,0,0.7432230114936829,8.941800117492676,15,6.091599941253662,4.858099937438965,8319,14.659700393676758,1.3183900117874146,0.541100025177002
2002-09-27 03:00:00,2002,9,27,3,0,0.7456880211830139,9.015600204467772,15,6.464000225067139,5.226900100708008,8228,14.659700393676758,1.3042199611663818,0.5073500275611877
2002-09-27 06:00:00,2002,9,27,6,0,0.7492780089378357,9.391200065612791,15,7.156099796295166,5.928100109100342,8044,14.659700393676758,1.2587599754333496,0.4596199989318847
2002-09-27 09:00:00,2002,9,27,9,0,0.7518770098686218,9.772100448608398,15,7.758699893951416,6.575900077819824,7766,14.659700393676758,1.2090400457382202,0.4267500042915344
2002-09-27 12:00:00,2002,9,27,12,0,0.7515040040016174,10.052000045776367,15,7.967800140380859,6.745200157165527,7237,14.659700393676758,1.1500200033187866,0.423550009727478
2002-09-27 15:00:00,2002,9,27,15,0,0.751505970954895,10.23330020904541,15,8.042799949645996,6.809700012207031,6883,14.659700393676758,1.1115399599075315,0.4283100068569183
2002-09-27 18:00:00,2002,9,27,18,0,0.7523229718208313,10.361700057983398,15,8.087699890136719,6.809100151062012,6733,14.659700393676758,1.0918699502944946,0.4279600083827972
2002-09-27 21:00:00,2002,9,27,21,0,0.7521870136260986,10.250499725341797,15,7.7434000968933105,6.279699802398682,6652,14.659700393676758,1.0906800031661987,0.4354600012302398
2002-09-28 00:00:00,2002,9,28,0,0,0.7460460066795349,9.06999969482422,15,6.175300121307373,4.866000175476074,6892,13.326800346374512,1.184059977531433,0.5150200128555298
2002-09-28 03:00:00,2002,9,28,3,0,0.7469390034675598,8.795299530029297,15,6.251500129699707,5.065400123596191,7005,13.326800346374512,1.2143100500106812,0.5109400153160095
2002-09-28 06:00:00,2002,9,28,6,0,0.7529029846191406,9.128299713134766,15,6.777299880981445,5.57859992980957,6728,13.326800346374512,1.1665600538253784,0.478980004787445
2002-09-28 09:00:00,2002,9,28,9,0,0.761089026927948,9.415399551391602,15,7.161900043487549,5.964499950408936,6641,13.326800346374512,1.1403299570083618,0.4618099927902221
2002-09-28 12:00:00,2002,9,28,12,0,0.7742760181427002,9.778300285339355,15,7.604899883270264,6.434100151062012,6792,12.114999771118164,1.1315399408340454,0.4485900104045868
2002-09-28 15:00:00,2002,9,28,15,0,0.7914749979972839,10.226699829101562,15,7.992099761962891,6.781300067901611,7057,12.114999771118164,1.1289000511169434,0.4432800114154815
2002-09-28 18:00:00,2002,9,28,18,0,0.8065400123596191,10.498499870300291,15,8.129599571228027,6.832300186157227,7595,17.73889923095703,1.157420039176941,0.4440799951553345
2002-09-28 21:00:00,2002,9,28,21,0,0.8216189742088318,10.460000038146973,15,7.53380012512207,5.958000183105469,8940,17.73889923095703,1.2613199949264526,0.4701600074768066
2002-09-29 00:00:00,2002,9,29,0,0,0.833558976650238,10.059499740600586,5,7.121500015258789,5.690299987792969,10958,17.73889923095703,1.4274400472640991,0.4983800053596496
2002-09-29 03:00:00,2002,9,29,3,0,0.8474760055541992,10.730899810791016,5,8.014300346374512,6.553999900817871,11786,16.125999450683594,1.428760051727295,0.4524999856948852
2002-09-29 06:00:00,2002,9,29,6,0,0.8614749908447266,11.328399658203123,5,8.667200088500977,7.126299858093262,12352,16.125999450683594,1.4183900356292725,0.4163700044155121
2002-09-29 09:00:00,2002,9,29,9,0,0.8717309832572937,11.661700248718262,5,9.084099769592283,7.485599994659424,12908,16.125999450683594,1.4248199462890625,0.3901599943637848
2002-09-29 12:00:00,2002,9,29,12,0,0.8744519948959351,11.786100387573242,5,9.35260009765625,7.763599872589111,12760,16.125999450683594,1.40516996383667,0.3709500133991241
2002-09-29 15:00:00,2002,9,29,15,0,0.871491014957428,11.716500282287598,15,9.416099548339844,7.853300094604492,11789,14.659700393676758,1.3503400087356567,0.3582499921321869
2002-09-29 18:00:00,2002,9,29,18,0,0.8669180274009705,11.121899604797363,5,8.911600112915039,7.429699897766113,12218,14.659700393676758,1.409489989280701,0.3693299889564514
2002-09-29 21:00:00,2002,9,29,21,0,0.8655329942703247,10.512700080871582,5,8.517399787902832,7.140399932861328,14123,14.659700393676758,1.5585099458694458,0.3709399998188019
2002-09-30 00:00:00,2002,9,30,0,0,0.8574810028076172,10.464400291442873,5,8.222599983215332,6.679500102996826,13425,14.659700393676758,1.5210299491882324,0.3777500092983246
2002-09-30 03:00:00,2002,9,30,3,0,0.851535975933075,10.694000244140623,5,8.883899688720703,7.628399848937988,12508,14.659700393676758,1.4493299722671509,0.3495000004768371
2002-09-30 06:00:00,2002,9,30,6,0,0.8483279943466187,10.64449977874756,5,9.130499839782717,8.137999534606934,12076,13.326800346374512,1.4257400035858154,0.3332099914550781
2002-09-30 09:00:00,2002,9,30,9,0,0.8479639887809753,10.580100059509276,5,9.210000038146973,8.355899810791016,11651,13.326800346374512,1.403380036354065,0.3240900039672851
2002-09-30 12:00:00,2002,9,30,12,0,0.8494679927825928,10.527899742126465,5,9.239800453186035,8.456000328063965,11305,13.326800346374512,1.3848700523376465,0.3176499903202057
2002-09-30 15:00:00,2002,9,30,15,0,0.8516950011253357,10.38070011138916,5,9.160499572753906,8.436200141906738,11283,13.326800346374512,1.393339991569519,0.3152700066566467
2002-09-30 18:00:00,2002,9,30,18,0,0.8528389930725098,10.169500350952148,5,8.988499641418457,8.300700187683105,11446,13.326800346374512,1.4185800552368164,0.3166300058364868
2002-09-30 21:00:00,2002,9,30,21,0,0.8520159721374512,10.06350040435791,5,8.900400161743164,8.209199905395508,11521,12.114999771118164,1.4303799867630005,0.3148500025272369
2002-10-01 00:00:00,2002,10,1,0,0,0.8535259962081909,10.046199798583984,5,8.875100135803223,8.091899871826172,11677,12.114999771118164,1.4399800300598145,0.3085800111293793
2002-10-01 03:00:00,2002,10,1,3,0,0.8578730225563049,10.043700218200684,5,8.916899681091309,8.14109992980957,11891,12.114999771118164,1.4520299434661863,0.3008800148963928
2002-10-01 06:00:00,2002,10,1,6,0,0.8606230020523071,10.02530002593994,355,8.96030044555664,8.305500030517578,11666,12.114999771118164,1.439020037651062,0.2982800006866455
2002-10-01 09:00:00,2002,10,1,9,0,0.8600469827651978,9.970600128173828,355,8.894200325012207,8.243900299072266,11080,11.013500213623049,1.4062600135803225,0.3003199994564056
2002-10-01 12:00:00,2002,10,1,12,0,0.857824981212616,9.872599601745604,355,8.778599739074707,8.116700172424316,10397,11.013500213623049,1.3695199489593506,0.3038100004196167
2002-10-01 15:00:00,2002,10,1,15,0,0.8552820086479187,9.73390007019043,355,8.620400428771973,7.941699981689453,9729,11.013500213623049,1.335260033607483,0.3086000084877014
2002-10-01 18:00:00,2002,10,1,18,0,0.8520849943161011,9.649100303649902,355,8.538000106811523,7.856500148773193,9101,11.013500213623049,1.297760009765625,0.3100599944591522
2002-10-01 21:00:00,2002,10,1,21,0,0.8480029702186584,9.639300346374512,355,8.534600257873535,7.848599910736084,8392,11.013500213623049,1.246899962425232,0.3090899884700775
2002-10-02 00:00:00,2002,10,2,0,0,0.8423050045967102,9.000900268554688,355,6.975100040435791,5.5903000831604,7775,11.013500213623049,1.2452199459075928,0.3738299906253814
2002-10-02 03:00:00,2002,10,2,3,0,0.8406699895858765,8.454899787902832,355,6.592299938201904,5.4721999168396,7477,11.013500213623049,1.266070008277893,0.4065299928188324
2002-10-02 06:00:00,2002,10,2,6,0,0.838703989982605,8.60789966583252,355,6.977200031280518,5.946599960327148,6678,11.013500213623049,1.1860400438308716,0.3840300142765045
2002-10-02 09:00:00,2002,10,2,9,0,0.8374559879302979,8.779000282287598,355,7.326600074768066,6.392199993133545,5844,10.01200008392334,1.0979599952697754,0.3647199869155884
2002-10-02 12:00:00,2002,10,2,12,0,0.8336719870567322,8.995200157165527,355,7.6321001052856445,6.737199783325195,5072,10.01200008392334,1.0092300176620483,0.3502100110054016
2002-10-02 15:00:00,2002,10,2,15,0,0.8261500000953674,9.158699989318848,355,7.831200122833252,6.958700180053711,4488,10.01200008392334,0.940410017967224,0.3452900052070617
2002-10-02 18:00:00,2002,10,2,18,0,0.8183760046958923,9.243499755859377,5,7.888000011444092,7.003200054168701,4029,10.01200008392334,0.887440025806427,0.3498699963092804
2002-10-02 21:00:00,2002,10,2,21,0,0.8072969913482666,8.524700164794922,5,6.289400100708008,4.968299865722656,3729,10.01200008392334,0.8927800059318542,0.424919992685318
2002-10-03 00:00:00,2002,10,3,0,0,0.8061670064926147,6.944399833679199,355,5.078400135040283,4.246799945831299,4172,10.01200008392334,1.060610055923462,0.5194299817085266
2002-10-03 03:00:00,2002,10,3,3,0,0.816074013710022,7.184100151062012,355,5.567500114440918,4.738399982452393,4021,10.01200008392334,1.0246399641036987,0.4700799882411957
2002-10-03 06:00:00,2002,10,3,6,0,0.8225740194320679,7.753900051116943,355,6.240099906921387,5.394800186157227,3563,10.01200008392334,0.9233199954032898,0.4266999959945678
2002-10-03 09:00:00,2002,10,3,9,0,0.8337200284004211,8.206299781799316,355,6.783699989318848,5.92110013961792,3394,9.101699829101562,0.8720899820327759,0.3908700048923492
2002-10-03 12:00:00,2002,10,3,12,0,0.8436239957809448,8.48270034790039,355,7.195499897003174,6.365900039672852,3444,9.101699829101562,0.8623899817466736,0.3635900020599365
2002-10-03 15:00:00,2002,10,3,15,0,0.8495050072669983,8.601400375366211,355,7.423900127410889,6.667300224304199,3530,9.101699829101562,0.8667700290679932,0.3507899940013885
2002-10-03 18:00:00,2002,10,3,18,0,0.8558040261268616,8.612000465393066,355,7.500100135803223,6.819799900054932,3654,9.101699829101562,0.8813700079917908,0.3471899926662445
2002-10-03 21:00:00,2002,10,3,21,0,0.8660560250282288,8.512299537658691,355,7.457600116729736,6.849199771881104,3903,9.101699829101562,0.9168699979782104,0.3453600108623504
2002-10-04 00:00:00,2002,10,4,0,0,0.878711998462677,8.351200103759766,355,7.363900184631348,6.811999797821045,4264,9.101699829101562,0.9688199758529664,0.3402499854564667
2002-10-04 03:00:00,2002,10,4,3,0,0.9000920057296753,8.059499740600586,355,7.224199771881103,6.762899875640869,5695,8.274100303649902,1.1435099840164185,0.3208400011062622
2002-10-04 06:00:00,2002,10,4,6,0,0.9084879755973816,8.093899726867676,355,7.221499919891357,6.71999979019165,6386,8.274100303649902,1.2060500383377075,0.3183999955654144
2002-10-04 09:00:00,2002,10,4,9,0,0.9127690196037292,8.26609992980957,355,7.313199996948242,6.721799850463867,6579,9.101699829101562,1.207509994506836,0.3191600143909454
2002-10-04 12:00:00,2002,10,4,12,0,0.9161270260810852,8.224499702453613,355,7.13100004196167,6.423099994659424,6939,9.101699829101562,1.24235999584198,0.3337900042533874
2002-10-04 15:00:00,2002,10,4,15,0,0.9193320274353028,8.290200233459473,355,7.121500015258789,6.302999973297119,7243,9.101699829101562,1.2626500129699707,0.3316200077533722
2002-10-04 18:00:00,2002,10,4,18,0,0.9215670228004456,8.305700302124023,355,7.131400108337402,6.297299861907959,7361,9.101699829101562,1.270740032196045,0.3280700147151947
2002-10-04 21:00:00,2002,10,4,21,0,0.9216229915618896,8.243000030517578,355,6.99429988861084,6.062300205230713,7154,9.101699829101562,1.2576700448989868,0.3274599909782409
2002-10-05 00:00:00,2002,10,5,0,0,0.9202250242233276,8.067899703979492,355,6.69350004196167,5.689099788665772,6737,10.01200008392334,1.2345099449157717,0.3380599915981293
2002-10-05 03:00:00,2002,10,5,3,0,0.9218850135803224,8.099900245666504,355,6.818999767303467,5.856500148773193,6208,10.01200008392334,1.182270050048828,0.3250600099563598
2002-10-05 06:00:00,2002,10,5,6,0,0.924368977546692,8.232399940490723,355,7.168300151824951,6.357999801635742,5749,10.01200008392334,1.1276099681854248,0.3014599978923797
2002-10-05 09:00:00,2002,10,5,9,0,0.9257829785346984,8.378899574279785,355,7.477399826049805,6.774899959564209,5383,10.01200008392334,1.080600023269653,0.2785600125789642
2002-10-05 12:00:00,2002,10,5,12,0,0.9245920181274414,8.452500343322754,355,7.6707000732421875,7.0680999755859375,5073,10.01200008392334,1.044600009918213,0.2643400132656097
2002-10-05 15:00:00,2002,10,5,15,0,0.9214529991149902,8.448399543762207,355,7.74399995803833,7.230299949645996,4728,9.101699829101562,1.009809970855713,0.2594099938869476
2002-10-05 18:00:00,2002,10,5,18,0,0.9165610074996948,8.377400398254395,355,7.703000068664551,7.243299961090088,4259,9.101699829101562,0.9642300009727478,0.2627499997615814
2002-10-05 21:00:00,2002,10,5,21,0,0.9108319878578186,8.203900337219238,355,7.497499942779541,7.000899791717529,3781,9.101699829101562,0.921090006828308,0.2734799981117248
2002-10-06 00:00:00,2002,10,6,0,0,0.903918981552124,7.344799995422363,355,6.040500164031982,5.0971999168396,3948,8.274100303649902,1.003059983253479,0.3447400033473968
2002-10-06 03:00:00,2002,10,6,3,0,0.9047160148620604,7.032899856567383,345,5.8379998207092285,5.029699802398682,4053,8.274100303649902,1.0430899858474731,0.3574399948120117
2002-10-06 06:00:00,2002,10,6,6,0,0.9055320024490356,7.053999900817871,345,5.948200225830078,5.190000057220459,3975,8.274100303649902,1.032480001449585,0.3508400022983551
2002-10-06 09:00:00,2002,10,6,9,0,0.9029600024223328,7.270500183105469,345,6.256899833679199,5.538099765777588,3728,8.274100303649902,0.9838600158691406,0.336679995059967
2002-10-06 12:00:00,2002,10,6,12,0,0.8967710137367249,7.505000114440918,345,6.5254998207092285,5.827499866485596,3336,8.274100303649902,0.9141899943351746,0.3324100077152252
2002-10-06 15:00:00,2002,10,6,15,0,0.8874019980430603,7.604300022125244,345,6.507599830627441,5.713399887084961,3003,8.274100303649902,0.860480010509491,0.3448100090026855
2002-10-06 18:00:00,2002,10,6,18,0,0.8757950067520142,7.194900035858154,345,5.784800052642822,4.88100004196167,2879,8.274100303649902,0.8688099980354309,0.3960399925708771
2002-10-06 21:00:00,2002,10,6,21,0,0.876043975353241,6.421299934387207,335,4.999199867248535,4.215799808502197,3263,8.274100303649902,0.9875800013542176,0.4449599981307983
2002-10-07 00:00:00,2002,10,7,0,0,0.8794080018997192,6.439199924468994,335,5.059700012207031,4.279600143432617,3557,7.52180004119873,1.0308400392532349,0.4355300068855285
2002-10-07 03:00:00,2002,10,7,3,0,0.8807049989700317,6.752200126647949,335,5.3709001541137695,4.5131001472473145,3721,8.274100303649902,1.0267599821090698,0.4093399941921234
2002-10-07 06:00:00,2002,10,7,6,0,0.8617630004882812,7.167600154876709,335,5.764599800109863,4.878600120544434,3261,8.274100303649902,0.9282600283622742,0.4050399959087372
2002-10-07 09:00:00,2002,10,7,9,0,0.8383569717407227,7.659599781036377,335,6.23390007019043,5.328700065612793,2950,8.274100303649902,0.8508099913597107,0.4084599912166595
2002-10-07 12:00:00,2002,10,7,12,0,0.8116179704666138,8.097200393676758,345,6.524499893188477,5.579500198364258,2608,7.52180004119873,0.7763500213623047,0.4292500019073486
2002-10-07 15:00:00,2002,10,7,15,0,0.7982789874076843,7.892499923706055,345,6.0883002281188965,5.094799995422363,2545,7.52180004119873,0.7773399949073792,0.4633600115776062
2002-10-07 18:00:00,2002,10,7,18,0,0.7923070192337036,7.969200134277344,345,6.194499969482422,5.192999839782715,2497,7.52180004119873,0.7649800181388855,0.4516400098800659
2002-10-07 21:00:00,2002,10,7,21,0,0.7957770228385925,7.160999774932861,345,5.120299816131592,4.206099987030029,2631,7.52180004119873,0.8327100276947021,0.5308899879455566
2002-10-08 00:00:00,2002,10,8,0,0,0.8182870149612427,6.745200157165527,345,4.848999977111816,4.022500038146973,3229,7.52180004119873,0.9565500020980836,0.5526599884033203
2002-10-08 03:00:00,2002,10,8,3,0,0.8354179859161377,7.075200080871582,345,5.224100112915039,4.3379998207092285,3378,7.52180004119873,0.9530799984931946,0.5176699757575989
2002-10-08 06:00:00,2002,10,8,6,0,0.8345019817352295,7.404399871826172,345,5.716100215911865,4.808499813079834,3008,7.52180004119873,0.8751599788665771,0.4684399962425232
2002-10-08 09:00:00,2002,10,8,9,0,0.8270999789237976,7.724899768829346,345,6.155200004577637,5.244999885559082,2606,7.52180004119873,0.793179988861084,0.430510014295578
2002-10-08 12:00:00,2002,10,8,12,0,0.8275730013847351,8.13230037689209,345,6.428199768066406,5.452000141143799,2585,11.013500213623049,0.767579972743988,0.4358299970626831
2002-10-08 15:00:00,2002,10,8,15,0,0.8381549715995789,8.401900291442871,345,6.445000171661377,5.363699913024902,2930,16.125999450683594,0.8040599822998047,0.4574500024318695
2002-10-08 18:00:00,2002,10,8,18,0,0.8448389768600464,8.400500297546387,345,6.50629997253418,5.458499908447266,3140,16.125999450683594,0.8335199952125549,0.4571900069713592
2002-10-08 21:00:00,2002,10,8,21,0,0.8435389995574951,7.431700229644775,345,5.459799766540527,4.486999988555908,3028,16.125999450683594,0.8750600218772888,0.4982100129127502
2002-10-09 00:00:00,2002,10,9,0,0,0.8468909859657288,6.680900096893311,345,5.031400203704834,4.222499847412109,3011,6.837800025939941,0.926289975643158,0.4941399991512298
2002-10-09 03:00:00,2002,10,9,3,0,0.8543649911880493,6.809800148010254,345,5.202600002288818,4.376699924468994,2969,6.837800025939941,0.9109299778938292,0.4808700084686279
2002-10-09 06:00:00,2002,10,9,6,0,0.8653309941291809,7.600399971008301,345,5.985400199890137,5.101799964904785,3193,14.659700393676758,0.8890799880027771,0.4576900005340576
2002-10-09 09:00:00,2002,10,9,9,0,0.8636659979820251,8.34630012512207,345,6.531000137329102,5.548399925231934,3187,14.659700393676758,0.8421499729156494,0.4546500146389007
2002-10-09 12:00:00,2002,10,9,12,0,0.8662729859352112,8.564299583435059,355,6.583099842071533,5.526199817657471,3112,14.659700393676758,0.8191499710083008,0.4592800140380859
2002-10-09 15:00:00,2002,10,9,15,0,0.8599680066108704,8.177000045776367,355,6.221399784088135,5.202899932861328,3056,14.659700393676758,0.8323299884796143,0.4720700085163116
2002-10-09 18:00:00,2002,10,9,18,0,0.8520569801330566,7.955699920654297,355,6.187099933624268,5.221199989318848,3096,12.114999771118164,0.8514900207519531,0.4602200090885162
2002-10-09 21:00:00,2002,10,9,21,0,0.851531982421875,7.55079984664917,345,5.642399787902832,4.65339994430542,3413,11.013500213623049,0.9207500219345092,0.4848499894142151
2002-10-10 00:00:00,2002,10,10,0,0,0.8622639775276184,6.930799961090088,345,5.191999912261963,4.3516998291015625,4520,6.837800025939941,1.112820029258728,0.5074599981307983
2002-10-10 03:00:00,2002,10,10,3,0,0.871936023235321,7.387899875640869,345,5.725800037384033,4.81440019607544,5069,7.52180004119873,1.1379899978637695,0.463919997215271
2002-10-10 06:00:00,2002,10,10,6,0,0.864093005657196,8.01159954071045,345,6.344299793243408,5.370299816131592,4615,13.326800346374512,1.0367599725723269,0.4396600127220154
2002-10-10 09:00:00,2002,10,10,9,0,0.8544819951057434,8.527600288391113,355,6.898099899291992,5.9268999099731445,4093,10.01200008392334,0.9423999786376952,0.4217700064182281
2002-10-10 12:00:00,2002,10,10,12,0,0.850072979927063,8.842100143432617,355,7.235400199890137,6.268599987030029,3811,10.01200008392334,0.8913499712944031,0.4118900001049042
2002-10-10 15:00:00,2002,10,10,15,0,0.8413599729537964,9.045100212097168,355,7.436800003051758,6.478700160980225,3711,9.101699829101562,0.8694000244140625,0.4102700054645538
2002-10-10 18:00:00,2002,10,10,18,0,0.8337870240211487,9.237600326538086,5,7.563799858093262,6.576000213623047,3639,9.101699829101562,0.8520100116729736,0.4140500128269195
2002-10-10 21:00:00,2002,10,10,21,0,0.8311840295791626,8.974599838256836,5,6.73769998550415,5.394700050354004,3723,16.125999450683594,0.8759199976921082,0.4475899934768677
2002-10-11 00:00:00,2002,10,11,0,0,0.8321179747581482,7.630899906158447,355,5.459199905395508,4.470300197601318,4596,16.125999450683594,1.063730001449585,0.5283799767494202
2002-10-11 03:00:00,2002,10,11,3,0,0.845632016658783,7.803299903869629,355,6.005099773406982,5.067800045013428,5277,16.125999450683594,1.12732994556427,0.4807800054550171
2002-10-11 06:00:00,2002,10,11,6,0,0.8483060002326965,8.424599647521973,355,6.747600078582764,5.799200057983398,5376,16.125999450683594,1.0885299444198608,0.4370099902153015
2002-10-11 09:00:00,2002,10,11,9,0,0.8500620126724243,8.94789981842041,355,7.399499893188477,6.474899768829346,5640,9.101699829101562,1.0756399631500244,0.3998500108718872
2002-10-11 12:00:00,2002,10,11,12,0,0.8491179943084717,9.30739974975586,355,7.872600078582764,6.9969000816345215,5847,11.013500213623049,1.069759964942932,0.3745999932289123
2002-10-11 15:00:00,2002,10,11,15,0,0.8466179966926575,9.495699882507324,355,8.141200065612793,7.325200080871582,5896,11.013500213623049,1.0614999532699585,0.3613899946212768
2002-10-11 18:00:00,2002,10,11,18,0,0.8450459837913513,9.581899642944336,355,8.268099784851074,7.478300094604492,5812,11.013500213623049,1.048009991645813,0.3539600074291229
2002-10-11 21:00:00,2002,10,11,21,0,0.8435649871826172,9.258700370788574,355,7.410799980163574,6.096399784088135,5743,11.013500213623049,1.0606199502944946,0.3802799880504608
2002-10-12 00:00:00,2002,10,12,0,0,0.8409990072250366,8.179300308227539,355,6.089799880981445,4.959099769592285,6106,11.013500213623049,1.170740008354187,0.4554600119590759
2002-10-12 03:00:00,2002,10,12,3,0,0.842490017414093,7.994699954986572,345,6.1381001472473145,5.091100215911865,6222,11.013500213623049,1.1991699934005735,0.445030003786087
2002-10-12 06:00:00,2002,10,12,6,0,0.8358740210533142,8.219300270080566,345,6.543600082397461,5.51800012588501,5952,11.013500213623049,1.156559944152832,0.4184400141239166
2002-10-12 09:00:00,2002,10,12,9,0,0.8157610297203064,8.627799987792969,355,7.04670000076294,6.038899898529053,5363,10.01200008392334,1.069100022315979,0.3991900086402893
2002-10-12 12:00:00,2002,10,12,12,0,0.7933210134506226,9.15530014038086,355,7.639400005340576,6.683300018310547,4707,14.659700393676758,0.9696499705314636,0.3844999969005584
2002-10-12 15:00:00,2002,10,12,15,0,0.7720440030097961,9.513699531555176,355,7.941999912261963,6.949900150299072,4298,14.659700393676758,0.907729983329773,0.3814699947834015
2002-10-12 18:00:00,2002,10,12,18,0,0.7631509900093079,9.720000267028809,5,8.071200370788574,7.034900188446045,4038,14.659700393676758,0.8703799843788147,0.3838799893856048
2002-10-12 21:00:00,2002,10,12,21,0,0.7594670057296753,9.926600456237791,5,8.220100402832031,7.1407999992370605,3779,14.659700393676758,0.8331300020217896,0.3842599987983703
2002-10-13 00:00:00,2002,10,13,0,0,0.7556930184364319,9.787400245666504,5,7.764400005340576,6.487400054931641,3609,14.659700393676758,0.8216699957847595,0.4104999899864197
2002-10-13 03:00:00,2002,10,13,3,0,0.750980019569397,9.486900329589844,5,7.36959981918335,6.170300006866455,3594,14.659700393676758,0.8353099822998047,0.4403699934482574
2002-10-13 06:00:00,2002,10,13,6,0,0.7506210207939148,9.612700462341309,15,7.49399995803833,6.30019998550415,3484,14.659700393676758,0.8171700239181519,0.4395299851894378
2002-10-13 09:00:00,2002,10,13,9,0,0.7557049989700317,9.860400199890137,15,7.711299896240234,6.481200218200684,3374,13.326800346374512,0.792959988117218,0.4314599931240082
2002-10-13 12:00:00,2002,10,13,12,0,0.7633479833602905,10.11340045928955,15,7.848000049591064,6.552700042724609,3388,13.326800346374512,0.784089982509613,0.4297600090503692
2002-10-13 15:00:00,2002,10,13,15,0,0.7802050113677979,10.38070011138916,25,7.935299873352051,6.560200214385986,3630,13.326800346374512,0.8014299869537354,0.4341099858283996
2002-10-13 18:00:00,2002,10,13,18,0,0.7958269715309143,10.702799797058104,25,8.112799644470215,6.656899929046631,3947,13.326800346374512,0.8234800100326538,0.4323999881744385
2002-10-13 21:00:00,2002,10,13,21,0,0.7982100248336792,10.621500015258787,25,7.921599864959717,6.432400226593018,4319,13.326800346374512,0.8661699891090393,0.444379985332489
2002-10-14 00:00:00,2002,10,14,0,0,0.7807679772377014,9.515899658203123,15,6.526800155639648,5.15910005569458,4983,17.73889923095703,0.986959993839264,0.514680027961731
2002-10-14 03:00:00,2002,10,14,3,0,0.7768430113792419,9.236000061035156,15,6.793900012969971,5.604899883270264,5893,17.73889923095703,1.0905300378799438,0.4960300028324127
2002-10-14 06:00:00,2002,10,14,6,0,0.7868760228157043,9.669699668884276,5,7.459400177001953,6.273799896240234,6329,16.125999450683594,1.1004300117492676,0.452809989452362
2002-10-14 09:00:00,2002,10,14,9,0,0.7964730262756348,10.198200225830078,5,7.980199813842773,6.717599868774414,6547,16.125999450683594,1.0863800048828125,0.4271399974822998
2002-10-14 12:00:00,2002,10,14,12,0,0.811145007610321,10.70069980621338,15,8.35099983215332,6.950799942016602,6740,16.125999450683594,1.0743000507354736,0.411870002746582
2002-10-14 15:00:00,2002,10,14,15,0,0.8219720125198364,10.997400283813477,15,8.519700050354004,7.002200126647949,6915,16.125999450683594,1.0724300146102903,0.4038499891757965
2002-10-14 18:00:00,2002,10,14,18,0,0.8250809907913208,11.01729965209961,15,8.480600357055664,6.923299789428711,7036,16.125999450683594,1.0802700519561768,0.4034000039100647
2002-10-14 21:00:00,2002,10,14,21,0,0.823665976524353,10.77299976348877,15,8.053600311279297,6.398099899291992,7025,16.125999450683594,1.091480016708374,0.4154700040817261
2002-10-15 00:00:00,2002,10,15,0,0,0.8191019892692566,10.215999603271484,15,7.36359977722168,5.8282999992370605,7132,16.125999450683594,1.1320799589157104,0.454800009727478
2002-10-15 03:00:00,2002,10,15,3,0,0.8245350122451782,10.451600074768066,15,7.777699947357178,6.322800159454346,7270,14.659700393676758,1.1325299739837646,0.4511699974536896
2002-10-15 06:00:00,2002,10,15,6,0,0.8389800190925598,11.076700210571287,15,8.303299903869629,6.761600017547607,7792,14.659700393676758,1.1429699659347534,0.4456799924373626
2002-10-15 09:00:00,2002,10,15,9,0,0.8592919707298279,11.859000205993652,15,8.944100379943848,7.243199825286865,9108,14.659700393676758,1.19746994972229,0.4264500141143799
2002-10-15 12:00:00,2002,10,15,12,0,0.8795920014381409,12.637700080871582,15,9.72070026397705,7.856800079345703,11296,17.73889923095703,1.2925100326538086,0.3918200135231018
2002-10-15 15:00:00,2002,10,15,15,0,0.8943970203399658,13.139100074768066,5,10.446100234985352,8.527799606323242,13829,17.73889923095703,1.3988200426101685,0.3528000116348266
2002-10-15 18:00:00,2002,10,15,18,0,0.9085680246353148,13.364800453186035,5,10.993200302124023,9.142200469970703,16443,16.125999450683594,1.5058300495147705,0.3186500072479248
2002-10-15 21:00:00,2002,10,15,21,0,0.9171019792556764,13.312899589538574,5,11.21969985961914,9.515299797058104,18193,16.125999450683594,1.5798799991607666,0.2978099882602691
2002-10-16 00:00:00,2002,10,16,0,0,0.9210270047187804,13.082500457763672,5,11.142399787902832,9.48859977722168,18466,16.125999450683594,1.5988800525665283,0.2876299917697906
2002-10-16 03:00:00,2002,10,16,3,0,0.9218789935112,12.770999908447266,5,10.978899955749512,9.487700462341309,17463,14.659700393676758,1.5677200555801392,0.2836900055408478
2002-10-16 06:00:00,2002,10,16,6,0,0.9212329983711244,12.450799942016602,5,10.767200469970703,9.36740016937256,16004,14.659700393676758,1.5148299932479858,0.2802999913692474
2002-10-16 09:00:00,2002,10,16,9,0,0.9199159741401672,12.23390007019043,5,10.67870044708252,9.379899978637695,14757,14.659700393676758,1.4636199474334717,0.2735700011253357
2002-10-16 12:00:00,2002,10,16,12,0,0.9163020253181458,12.076700210571287,5,10.63319969177246,9.433600425720217,13449,14.659700393676758,1.403939962387085,0.2681699991226196
2002-10-16 15:00:00,2002,10,16,15,0,0.9092659950256348,11.892600059509276,5,10.535200119018556,9.42360019683838,11921,13.326800346374512,1.3303799629211426,0.2657800018787384
2002-10-16 18:00:00,2002,10,16,18,0,0.9011049866676332,11.73330020904541,5,10.448200225830078,9.41189956665039,10730,13.326800346374512,1.2695499658584597,0.2637400031089782
2002-10-16 21:00:00,2002,10,16,21,0,0.8939489722251892,11.651100158691406,5,10.415300369262695,9.430500030517578,9904,13.326800346374512,1.223479986190796,0.2619700133800506
2002-10-17 00:00:00,2002,10,17,0,0,0.8866339921951294,11.594200134277344,5,10.36240005493164,9.370800018310549,9101,13.326800346374512,1.1757700443267822,0.2633900046348572
2002-10-17 03:00:00,2002,10,17,3,0,0.8789759874343872,11.540599822998049,5,10.27589988708496,9.2568998336792,8281,13.326800346374512,1.1247800588607788,0.2690899968147278
2002-10-17 06:00:00,2002,10,17,6,0,0.8721939921379089,11.45709991455078,15,10.053000450134276,8.89169979095459,7616,13.326800346374512,1.083709955215454,0.281819999217987
2002-10-17 09:00:00,2002,10,17,9,0,0.869530975818634,11.438599586486816,15,9.96969985961914,8.748100280761719,7053,12.114999771118164,1.044649958610535,0.2889600098133087
2002-10-17 12:00:00,2002,10,17,12,0,0.8676679730415344,11.456500053405762,15,9.983400344848633,8.769100189208984,6500,12.114999771118164,1.0026799440383911,0.2920100092887878
2002-10-17 15:00:00,2002,10,17,15,0,0.865638017654419,11.48069953918457,15,10.00409984588623,8.803199768066406,5990,12.114999771118164,0.962119996547699,0.2948899865150451
2002-10-17 18:00:00,2002,10,17,18,0,0.8636109828948975,11.522500038146973,15,10.035300254821776,8.843199729919434,5590,12.114999771118164,0.9282100200653076,0.2973600029945373
2002-10-17 21:00:00,2002,10,17,21,0,0.8627240061759949,11.19260025024414,15,8.684499740600586,6.569799900054932,5368,12.114999771118164,0.9243800044059752,0.3340800106525421
2002-10-18 00:00:00,2002,10,18,0,0,0.8644400238990784,10.78499984741211,15,7.904300212860107,6.036900043487549,5405,12.114999771118164,0.946619987487793,0.3867200016975403
2002-10-18 03:00:00,2002,10,18,3,0,0.8708469867706299,10.70460033416748,25,7.380199909210205,5.427700042724609,5677,12.114999771118164,0.9749000072479248,0.405919998884201
2002-10-18 06:00:00,2002,10,18,6,0,0.8853880167007446,10.791299819946287,25,7.394700050354004,5.46019983291626,6434,12.114999771118164,1.0339200496673584,0.4111199975013733
2002-10-18 09:00:00,2002,10,18,9,0,0.9017810225486756,11.437899589538574,25,8.28320026397705,6.094200134277344,7566,13.326800346374512,1.0864299535751345,0.3599900007247925
2002-10-18 12:00:00,2002,10,18,12,0,0.9187009930610656,12.050600051879885,25,9.735600471496582,7.541699886322021,9144,13.326800346374512,1.1596399545669556,0.2934800088405609
2002-10-18 15:00:00,2002,10,18,15,0,0.9321979880332948,12.180899620056152,25,10.551600456237791,8.810199737548828,11155,13.326800346374512,1.2703299522399902,0.2580800056457519
2002-10-18 18:00:00,2002,10,18,18,0,0.9406729936599731,11.88949966430664,25,10.393600463867188,8.99209976196289,13302,13.326800346374512,1.4025800228118896,0.2656199932098388
2002-10-18 21:00:00,2002,10,18,21,0,0.9447919726371764,11.690099716186523,25,10.253700256347656,8.999199867248535,15074,12.114999771118164,1.5058200359344482,0.2731299996376037
2002-10-19 00:00:00,2002,10,19,0,0,0.9469850063323976,11.696399688720703,25,10.336299896240234,9.176199913024902,16492,12.114999771118164,1.5773099660873413,0.2795999944210052
2002-10-19 03:00:00,2002,10,19,3,0,0.9480670094490052,11.854299545288086,25,10.496999740600586,9.414899826049805,17845,12.114999771118164,1.6373000144958496,0.2985900044441223
2002-10-19 06:00:00,2002,10,19,6,0,0.9479259848594666,11.989800453186035,25,10.517000198364258,9.485799789428713,19118,12.114999771118164,1.6965099573135376,0.328819990158081
2002-10-19 09:00:00,2002,10,19,9,0,0.9467149972915648,11.990900039672852,25,10.354999542236328,9.352100372314451,20509,12.114999771118164,1.76774001121521,0.3565900027751922
2002-10-19 12:00:00,2002,10,19,12,0,0.9451709985733032,12.172100067138672,25,10.385700225830078,9.355999946594238,22227,19.51320075988769,1.83542001247406,0.3697800040245056
2002-10-19 15:00:00,2002,10,19,15,0,0.94342702627182,12.393400192260742,25,10.528300285339355,9.45699977874756,23539,19.51320075988769,1.8759499788284304,0.368910014629364
2002-10-19 18:00:00,2002,10,19,18,0,0.9431350231170654,12.518099784851074,15,10.668299674987791,9.580400466918944,24379,17.73889923095703,1.8978300094604488,0.3576300144195556
2002-10-19 21:00:00,2002,10,19,21,0,0.9444659948349,12.675600051879885,15,10.84850025177002,9.748900413513184,25347,17.73889923095703,1.9214400053024288,0.345329999923706
2002-10-20 00:00:00,2002,10,20,0,0,0.9451749920845032,12.728599548339844,15,10.92490005493164,9.8326997756958,25412,17.73889923095703,1.9186700582504272,0.3390899896621704
2002-10-20 03:00:00,2002,10,20,3,0,0.9440919756889344,12.531999588012695,15,10.788800239562988,9.744600296020508,23763,17.73889923095703,1.8659299612045288,0.337009996175766
2002-10-20 06:00:00,2002,10,20,6,0,0.9427400231361388,12.359299659729004,15,10.658599853515623,9.6496000289917,22127,16.125999450683594,1.8100500106811523,0.3357000052928924
2002-10-20 09:00:00,2002,10,20,9,0,0.9422619938850404,12.445500373840332,15,10.708999633789062,9.681599617004396,21559,16.125999450683594,1.7815699577331543,0.335640013217926
2002-10-20 12:00:00,2002,10,20,12,0,0.9421790242195128,12.655599594116213,15,10.85669994354248,9.785599708557127,21553,16.125999450683594,1.769070029258728,0.334659993648529
2002-10-20 15:00:00,2002,10,20,15,0,0.9422029852867126,12.814499855041504,15,11.012499809265137,9.917799949645996,22051,16.125999450683594,1.778290033340454,0.3283999860286712
2002-10-20 18:00:00,2002,10,20,18,0,0.9430689811706544,12.82009983062744,15,11.13640022277832,10.083600044250488,23936,14.659700393676758,1.8473299741744995,0.3147999942302704
2002-10-20 21:00:00,2002,10,20,21,0,0.9443249702453612,12.637700080871582,15,11.151399612426758,10.20199966430664,27173,14.659700393676758,1.9735000133514404,0.2985999882221222
2002-10-21 00:00:00,2002,10,21,0,0,0.947704017162323,12.413000106811523,5,10.884400367736816,9.574399948120115,30498,14.659700393676758,2.102240085601806,0.288780003786087
2002-10-21 03:00:00,2002,10,21,3,0,0.9512230157852172,12.196200370788574,5,10.627599716186523,9.360899925231934,32262,14.659700393676758,2.1768500804901123,0.2917500138282776
2002-10-21 06:00:00,2002,10,21,6,0,0.9526519775390624,12.091699600219728,5,10.660799980163574,9.596099853515623,32077,14.659700393676758,2.1762900352478027,0.2857399880886078
2002-10-21 09:00:00,2002,10,21,9,0,0.9532809853553772,12.032600402832031,5,10.724499702453612,9.777799606323242,30808,14.659700393676758,2.134360074996948,0.2763999998569488
2002-10-21 12:00:00,2002,10,21,12,0,0.953436017036438,11.976200103759766,5,10.7677001953125,9.896300315856934,29338,13.326800346374512,2.084290027618408,0.267219990491867
2002-10-21 15:00:00,2002,10,21,15,0,0.953050971031189,11.895700454711914,5,10.75819969177246,9.936100006103516,27824,13.326800346374512,2.0337700843811035,0.2604199945926666
2002-10-21 18:00:00,2002,10,21,18,0,0.9517130255699158,11.702799797058104,5,10.532400131225586,9.666299819946287,26068,13.326800346374512,1.982959985733032,0.2636300027370453
2002-10-21 21:00:00,2002,10,21,21,0,0.9496189951896667,11.47070026397705,5,10.217000007629396,9.197799682617188,24008,13.326800346374512,1.9212900400161743,0.2695800065994262
2002-10-22 00:00:00,2002,10,22,0,0,0.9460530281066896,10.981800079345703,5,9.200200080871582,7.692200183868408,22089,13.326800346374512,1.8851200342178345,0.3057799935340881
2002-10-22 03:00:00,2002,10,22,3,0,0.9431819915771484,10.633299827575684,5,8.907400131225586,7.610899925231934,20604,13.326800346374512,1.8532299995422363,0.323740005493164
2002-10-22 06:00:00,2002,10,22,6,0,0.9409559965133668,10.663000106811523,5,9.123700141906738,7.979300022125244,18907,13.326800346374512,1.772029995918274,0.3117600083351135
2002-10-22 09:00:00,2002,10,22,9,0,0.9408519864082336,10.824299812316896,5,9.42959976196289,8.338500022888184,17229,13.326800346374512,1.6756099462509155,0.2911500036716461
2002-10-22 12:00:00,2002,10,22,12,0,0.9408469796180724,10.88249969482422,5,9.61620044708252,8.586400032043457,15882,12.114999771118164,1.6018699407577517,0.2750099897384643
2002-10-22 15:00:00,2002,10,22,15,0,0.9397349953651428,10.812299728393556,5,9.627400398254396,8.644399642944336,14609,12.114999771118164,1.540079951286316,0.2669500112533569
2002-10-22 18:00:00,2002,10,22,18,0,0.937287986278534,10.634400367736816,5,9.45829963684082,8.47599983215332,13611,12.114999771118164,1.4987599849700928,0.267630010843277
2002-10-22 21:00:00,2002,10,22,21,0,0.9355120062828064,10.486900329589844,5,9.303999900817873,8.256400108337402,13159,12.114999771118164,1.483739972114563,0.2656899988651275
2002-10-23 00:00:00,2002,10,23,0,0,0.9333919882774352,10.16450023651123,5,8.673999786376953,7.329100131988525,13102,12.114999771118164,1.5052000284194946,0.2864100039005279
2002-10-23 03:00:00,2002,10,23,3,0,0.9313650131225586,9.99820041656494,5,8.684000015258789,7.596099853515625,12920,12.114999771118164,1.5094000101089478,0.2892799973487854
2002-10-23 06:00:00,2002,10,23,6,0,0.9289469718933104,9.962499618530272,5,8.771200180053711,7.841499805450439,12458,11.013500213623049,1.4866900444030762,0.2880899906158447
2002-10-23 09:00:00,2002,10,23,9,0,0.9278169870376588,10.04170036315918,5,8.906700134277344,8.055299758911133,12115,11.013500213623049,1.4613800048828125,0.2878200113773346
2002-10-23 12:00:00,2002,10,23,12,0,0.929843008518219,10.241399765014648,5,9.138999938964844,8.338399887084961,12145,11.013500213623049,1.4489200115203855,0.2857399880886078
2002-10-23 15:00:00,2002,10,23,15,0,0.9342349767684937,10.478400230407717,5,9.396200180053713,8.631699562072754,12549,11.013500213623049,1.4555100202560425,0.2818900048732757
2002-10-23 18:00:00,2002,10,23,18,0,0.9390289783477784,10.672599792480469,5,9.621700286865234,8.8927001953125,13073,11.013500213623049,1.4708900451660156,0.2750400006771087
2002-10-23 21:00:00,2002,10,23,21,0,0.942596971988678,10.76609992980957,5,9.75380039215088,9.038399696350098,13400,13.326800346374512,1.4810099601745603,0.266290009021759
2002-10-24 00:00:00,2002,10,24,0,0,0.9442170262336732,10.752799987792969,5,9.750900268554688,8.962900161743164,13398,13.326800346374512,1.4801900386810305,0.2583799958229065
2002-10-24 03:00:00,2002,10,24,3,0,0.943526029586792,10.66450023651123,5,9.744000434875488,9.075400352478027,12966,13.326800346374512,1.4609999656677246,0.2518999874591827
2002-10-24 06:00:00,2002,10,24,6,0,0.9408900141716005,10.514399528503418,5,9.645299911499023,9.051600456237791,12165,12.114999771118164,1.4250799417495728,0.2494200021028518
2002-10-24 09:00:00,2002,10,24,9,0,0.9368469715118408,10.344499588012695,5,9.496600151062012,8.941699981689453,11132,12.114999771118164,1.375100016593933,0.2511500120162964
2002-10-24 12:00:00,2002,10,24,12,0,0.9322710037231444,10.202500343322754,5,9.351400375366213,8.81029987335205,10096,12.114999771118164,1.3199100494384766,0.2560800015926361
2002-10-24 15:00:00,2002,10,24,15,0,0.9283549785614014,10.131400108337402,5,9.255499839782717,8.71090030670166,9258,12.114999771118164,1.2696399688720703,0.2630900144577026
2002-10-24 18:00:00,2002,10,24,18,0,0.9268149733543396,10.151700019836426,5,9.238200187683104,8.677499771118164,8755,12.114999771118164,1.234220027923584,0.2695299983024597
2002-10-24 21:00:00,2002,10,24,21,0,0.9275739789009094,10.269399642944336,5,9.315899848937988,8.730400085449219,8654,12.114999771118164,1.2199699878692627,0.2730999886989593
2002-10-25 00:00:00,2002,10,25,0,0,0.9316809773445128,10.490500450134276,5,9.511300086975098,8.896900177001953,9085,12.114999771118164,1.2356799840927124,0.2708599865436554
2002-10-25 03:00:00,2002,10,25,3,0,0.9384130239486694,10.764200210571287,5,9.806599617004396,9.17930030822754,10191,12.114999771118164,1.2898099422454834,0.2601599991321563
2002-10-25 06:00:00,2002,10,25,6,0,0.9450219869613647,10.919699668884276,5,10.027700424194336,9.426300048828123,11734,12.114999771118164,1.3725299835205078,0.2486400008201599
2002-10-25 09:00:00,2002,10,25,9,0,0.95006000995636,10.651800155639648,5,9.697400093078612,9.095499992370604,13844,12.114999771118164,1.5123900175094604,0.2660399973392486
2002-10-25 12:00:00,2002,10,25,12,0,0.9507060050964355,10.469200134277344,5,9.411399841308594,8.751500129699707,15331,11.013500213623049,1.6081899404525757,0.2832300066947937
2002-10-25 15:00:00,2002,10,25,15,0,0.9493539929389954,10.547499656677246,5,9.464200019836426,8.763999938964844,15828,11.013500213623049,1.628499984741211,0.2838299870491028
2002-10-25 18:00:00,2002,10,25,18,0,0.9465780258178712,10.601799964904783,5,9.538999557495115,8.854999542236328,16494,11.013500213623049,1.6587200164794922,0.2819699943065643
2002-10-25 21:00:00,2002,10,25,21,0,0.9417039752006532,10.517000198364258,5,9.506799697875977,8.878800392150879,17922,11.013500213623049,1.7369500398635864,0.2806000113487243
2002-10-26 00:00:00,2002,10,26,0,0,0.935487985610962,10.208900451660156,5,8.80620002746582,7.626699924468994,19015,13.326800346374512,1.818050026893616,0.302839994430542
2002-10-26 03:00:00,2002,10,26,3,0,0.9297379851341248,9.834600448608398,5,8.380000114440918,7.3592000007629395,19363,12.114999771118164,1.8734400272369385,0.3295899927616119
2002-10-26 06:00:00,2002,10,26,6,0,0.9251959919929504,9.825200080871582,5,8.48859977722168,7.583600044250488,18547,12.114999771118164,1.834689974784851,0.3230699896812439
2002-10-26 09:00:00,2002,10,26,9,0,0.9216979742050172,9.859100341796877,5,8.664400100708008,7.890399932861328,17313,12.114999771118164,1.768839955329895,0.3110100030899048
2002-10-26 12:00:00,2002,10,26,12,0,0.9173280000686646,9.960399627685549,5,8.89330005645752,8.208600044250488,15756,12.114999771118164,1.6765600442886353,0.29407998919487
2002-10-26 15:00:00,2002,10,26,15,0,0.9114149808883668,9.949799537658691,5,8.986499786376953,8.385899543762207,14293,12.114999771118164,1.5969500541687012,0.2830300033092499
2002-10-26 18:00:00,2002,10,26,18,0,0.90733402967453,9.877300262451172,5,8.976799964904785,8.428299903869629,12769,12.114999771118164,1.515089988708496,0.2773500084877014
2002-10-26 21:00:00,2002,10,26,21,0,0.9056379795074464,9.78439998626709,5,8.868800163269043,8.264800071716309,11244,12.114999771118164,1.4290499687194824,0.2777400016784668
2002-10-27 00:00:00,2002,10,27,0,0,0.901233971118927,9.392800331115724,5,7.901000022888184,6.670400142669678,9926,12.114999771118164,1.3732399940490725,0.3174999952316284
2002-10-27 03:00:00,2002,10,27,3,0,0.8986489772796631,9.378000259399414,5,8.061699867248535,7.0518999099731445,8650,11.013500213623049,1.2846100330352783,0.3184700012207031
2002-10-27 06:00:00,2002,10,27,6,0,0.8986700177192688,9.53499984741211,5,8.351300239562988,7.485400199890137,7729,11.013500213623049,1.2054200172424316,0.3154299855232239
2002-10-27 09:00:00,2002,10,27,9,0,0.9039909839630128,9.87310028076172,5,8.728599548339844,7.974999904632568,7727,11.013500213623049,1.185099959373474,0.3212400078773498
2002-10-27 12:00:00,2002,10,27,12,0,0.9117980003356934,10.202899932861328,5,9.111000061035156,8.454400062561035,8538,11.013500213623049,1.2234400510787964,0.3145399987697601
2002-10-27 15:00:00,2002,10,27,15,0,0.9195629954338074,10.324700355529783,355,9.333900451660156,8.756400108337402,9659,11.013500213623049,1.2909200191497805,0.2992399930953979
2002-10-27 18:00:00,2002,10,27,18,0,0.9254559874534608,10.371800422668455,355,9.421899795532228,8.892600059509277,11095,11.013500213623049,1.3819899559020996,0.3000800013542175
2002-10-27 21:00:00,2002,10,27,21,0,0.9278069734573364,10.388799667358398,355,9.375800132751465,8.852100372314453,12277,11.013500213623049,1.4578399658203125,0.3185499906539917
2002-10-28 00:00:00,2002,10,28,0,0,0.9266359806060792,10.343199729919434,355,9.2524995803833,8.706700325012207,12359,11.013500213623049,1.4693000316619873,0.3332900106906891
2002-10-28 03:00:00,2002,10,28,3,0,0.9277439713478088,10.31779956817627,5,9.183099746704102,8.606800079345703,12226,11.013500213623049,1.463189959526062,0.3360300064086914
2002-10-28 06:00:00,2002,10,28,6,0,0.9335920214653016,10.553400039672852,5,9.35319995880127,8.721099853515625,13320,16.125999450683594,1.5086300373077393,0.3323099911212921
2002-10-28 09:00:00,2002,10,28,9,0,0.9389309883117676,10.719900131225586,5,9.510299682617188,8.853400230407715,14836,16.125999450683594,1.578089952468872,0.3251500129699707
2002-10-28 12:00:00,2002,10,28,12,0,0.9410120248794556,10.642000198364258,5,9.477399826049805,8.834099769592285,15631,16.125999450683594,1.6235699653625488,0.3182899951934814
2002-10-28 15:00:00,2002,10,28,15,0,0.942196011543274,10.584199905395508,5,9.456199645996094,8.815600395202637,16139,14.659700393676758,1.651239991188049,0.3096700012683868
2002-10-28 18:00:00,2002,10,28,18,0,0.9431549906730652,10.642000198364258,5,9.536499977111816,8.886099815368652,16747,14.659700393676758,1.6743799448013306,0.2998299896717071
2002-10-28 21:00:00,2002,10,28,21,0,0.9427679777145386,10.656200408935549,5,9.576199531555176,8.9173002243042,16901,14.659700393676758,1.6784299612045288,0.2912600040435791
2002-10-29 00:00:00,2002,10,29,0,0,0.9395509958267212,10.39050006866455,5,8.925600051879883,7.668099880218506,16275,14.659700393676758,1.667269945144653,0.3039000034332275
2002-10-29 03:00:00,2002,10,29,3,0,0.935259997844696,9.98330020904541,5,8.455900192260742,7.305200099945068,15180,13.326800346374512,1.644070029258728,0.3235200047492981
2002-10-29 06:00:00,2002,10,29,6,0,0.93089497089386,9.930299758911133,5,8.584400177001953,7.600900173187256,13652,13.326800346374512,1.5628999471664429,0.3128699958324432
2002-10-29 09:00:00,2002,10,29,9,0,0.9274370074272156,10.00100040435791,5,8.764399528503418,7.886199951171875,12405,13.326800346374512,1.486549973487854,0.3139399886131286
2002-10-29 12:00:00,2002,10,29,12,0,0.9261720180511476,10.42389965057373,5,9.073100090026855,8.253899574279785,11893,13.326800346374512,1.4388999938964844,0.3696900010108948
2002-10-29 15:00:00,2002,10,29,15,0,0.9320459961891174,12.033599853515623,5,9.889300346374512,8.907099723815918,13761,23.611900329589844,1.48117995262146,0.4645600020885467
2002-10-29 18:00:00,2002,10,29,18,0,0.9463379979133606,14.70930004119873,15,11.66510009765625,10.218199729919434,20927,21.46489906311035,1.695449948310852,0.4353399872779846
2002-10-29 21:00:00,2002,10,29,21,0,0.9623240232467652,16.616199493408203,15,13.74899959564209,11.976099967956545,35139,19.51320075988769,2.077899932861328,0.3412199914455414
2002-10-30 00:00:00,2002,10,30,0,0,0.9690709710121156,17.02400016784668,15,14.815799713134766,13.151900291442873,50999,19.51320075988769,2.452579975128174,0.2768900096416473
2002-10-30 03:00:00,2002,10,30,3,0,0.971723973751068,16.64189910888672,15,14.902799606323242,13.40030002593994,63665,17.73889923095703,2.736759901046753,0.2441499978303909
2002-10-30 06:00:00,2002,10,30,6,0,0.9721199870109558,15.953499794006348,15,14.386699676513672,12.945599555969238,69776,17.73889923095703,2.891050100326538,0.2353799939155578
2002-10-30 09:00:00,2002,10,30,9,0,0.9715759754180908,15.311800003051758,15,13.946700096130373,12.752799987792969,69134,17.73889923095703,2.9090700149536133,0.2310999929904937
2002-10-30 12:00:00,2002,10,30,12,0,0.9703900218009948,14.724599838256836,15,13.525400161743164,12.550399780273438,64081,16.125999450683594,2.833549976348877,0.2286899983882904
2002-10-30 15:00:00,2002,10,30,15,0,0.9686939716339112,14.231200218200684,15,13.15310001373291,12.326600074768066,58328,16.125999450683594,2.7331600189208984,0.22639000415802
2002-10-30 18:00:00,2002,10,30,18,0,0.9664999842643738,13.802499771118164,15,12.800399780273438,12.071000099182127,51452,16.125999450683594,2.595180034637451,0.2267500013113021
2002-10-30 21:00:00,2002,10,30,21,0,0.9640079736709596,13.375200271606444,5,12.428400039672852,11.768199920654297,43808,14.659700393676758,2.423520088195801,0.2282200008630752
2002-10-31 00:00:00,2002,10,31,0,0,0.9639340043067932,13.035599708557127,5,12.116999626159668,11.476699829101562,37886,14.659700393676758,2.2765800952911377,0.2286799997091293
2002-10-31 03:00:00,2002,10,31,3,0,0.962680995464325,12.698699951171877,5,11.60949993133545,10.691100120544434,33122,14.659700393676758,2.1533899307250977,0.2398599982261657
2002-10-31 06:00:00,2002,10,31,6,0,0.9599609971046448,12.358799934387209,5,11.144700050354004,10.082500457763672,28551,14.659700393676758,2.024139881134033,0.2512899935245514
2002-10-31 09:00:00,2002,10,31,9,0,0.9574970006942748,12.15410041809082,5,11.018600463867188,10.050700187683104,25012,14.659700393676758,1.9075299501419067,0.2484200000762939
2002-10-31 12:00:00,2002,10,31,12,0,0.9553220272064208,12.016200065612791,5,10.997200012207031,10.16349983215332,22674,13.326800346374512,1.8239400386810305,0.2410899996757507
2002-10-31 15:00:00,2002,10,31,15,0,0.9528719782829284,11.871999740600586,5,10.943599700927734,10.221099853515623,20634,13.326800346374512,1.7485500574111938,0.2357899993658065
2002-10-31 18:00:00,2002,10,31,18,0,0.9495000243186952,11.6899995803833,5,10.823100090026855,10.18939971923828,18429,13.326800346374512,1.6639900207519531,0.2338400036096573
2002-10-31 21:00:00,2002,10,31,21,0,0.9454659819602966,11.472000122070312,5,10.630399703979492,10.039299964904783,16232,13.326800346374512,1.5755499601364136,0.2349199950695037
2002-11-01 00:00:00,2002,11,1,0,0,0.9424780011177064,11.28279972076416,5,10.487000465393066,9.95989990234375,14247,13.326800346374512,1.4877099990844729,0.2338200062513351
2002-11-01 03:00:00,2002,11,1,3,0,0.9407439827919006,11.12619972229004,5,10.350099563598633,9.838700294494627,12583,12.114999771118164,1.4075000286102295,0.2332800030708313
2002-11-01 06:00:00,2002,11,1,6,0,0.9391630291938782,10.971799850463867,5,10.128299713134766,9.495800018310549,11234,12.114999771118164,1.339210033416748,0.2380799949169159
2002-11-01 09:00:00,2002,11,1,9,0,0.9361039996147156,10.800999641418455,5,9.797300338745115,8.942500114440918,10159,12.114999771118164,1.2843600511550903,0.2510499954223633
2002-11-01 12:00:00,2002,11,1,12,0,0.9336379766464232,10.712499618530272,5,9.616900444030762,8.590499877929688,9214,12.114999771118164,1.2288999557495115,0.2563000023365021
2002-11-01 15:00:00,2002,11,1,15,0,0.9278450012207032,10.45199966430664,5,8.979599952697754,7.569699764251709,8420,12.114999771118164,1.19035005569458,0.2792200148105621
2002-11-01 18:00:00,2002,11,1,18,0,0.9262080192565918,10.366700172424316,5,9.027299880981444,7.752799987792969,7817,12.114999771118164,1.1520299911499023,0.2744700014591217
2002-11-01 21:00:00,2002,11,1,21,0,0.9246810078620912,10.234800338745115,5,9.177599906921388,8.291999816894531,7460,12.114999771118164,1.133679986000061,0.2667100131511688
2002-11-02 00:00:00,2002,11,2,0,0,0.9221950173377992,9.995800018310549,5,9.07569980621338,8.386099815368652,7250,12.114999771118164,1.133139967918396,0.2659899890422821
2002-11-02 03:00:00,2002,11,2,3,0,0.9191979765892028,9.760199546813965,15,8.918999671936035,8.36340045928955,7024,12.114999771118164,1.1311700344085691,0.2686400115489959
2002-11-02 06:00:00,2002,11,2,6,0,0.9162840247154236,9.562999725341797,15,8.7475004196167,8.258600234985352,6691,12.114999771118164,1.1171300411224363,0.2731199860572815
2002-11-02 09:00:00,2002,11,2,9,0,0.9136009812355042,9.38949966430664,15,8.57509994506836,8.1048002243042,6278,11.013500213623049,1.0933599472045898,0.2770099937915802
2002-11-02 12:00:00,2002,11,2,12,0,0.9124109745025636,9.232500076293944,15,8.422800064086914,7.958600044250488,5896,11.013500213623049,1.0695600509643557,0.2784999907016754
2002-11-02 15:00:00,2002,11,2,15,0,0.9129760265350342,9.081299781799316,15,8.298700332641602,7.851099967956543,5617,11.013500213623049,1.053719997406006,0.2762799859046936
2002-11-02 18:00:00,2002,11,2,18,0,0.9147800207138062,8.917400360107422,15,8.172599792480469,7.747099876403809,5485,11.013500213623049,1.0524300336837769,0.2725400030612945
2002-11-02 21:00:00,2002,11,2,21,0,0.9191589951515198,8.665599822998047,15,7.967100143432617,7.57289981842041,5668,11.013500213623049,1.0885599851608276,0.2703199982643127
2002-11-03 00:00:00,2002,11,3,0,0,0.9229030013084412,8.393099784851074,15,7.715000152587891,7.335000038146973,6049,10.01200008392334,1.1468199491500854,0.2723099887371063
2002-11-03 03:00:00,2002,11,3,3,0,0.9204779863357544,8.25879955291748,15,7.548699855804443,7.141900062561035,5954,10.01200008392334,1.1486599445343018,0.2786299884319305
2002-11-03 06:00:00,2002,11,3,6,0,0.915228009223938,8.195699691772461,15,7.448800086975098,7.00540018081665,5528,10.01200008392334,1.111649990081787,0.2837400138378143
2002-11-03 09:00:00,2002,11,3,9,0,0.9094840288162231,8.139300346374512,15,7.374499797821045,6.905900001525879,5039,10.01200008392334,1.0657600164413452,0.2860200107097626
2002-11-03 12:00:00,2002,11,3,12,0,0.9034410119056702,8.076000213623047,15,7.304800033569336,6.824900150299072,4615,10.01200008392334,1.0250099897384644,0.2880100011825561
2002-11-03 15:00:00,2002,11,3,15,0,0.8965780138969421,8.031399726867676,15,7.253499984741211,6.769100189208984,4321,10.01200008392334,0.9953100085258484,0.2910299897193908
2002-11-03 18:00:00,2002,11,3,18,0,0.8873670101165771,7.989799976348877,15,7.213399887084961,6.731599807739258,4147,10.01200008392334,0.9785199761390686,0.2931700050830841
2002-11-03 21:00:00,2002,11,3,21,0,0.8783389925956726,7.937900066375732,15,7.16379976272583,6.686800003051758,3968,9.101699829101562,0.9611899852752686,0.2956399917602539
2002-11-04 00:00:00,2002,11,4,0,0,0.8722479939460754,7.872499942779541,15,7.095300197601318,6.622399806976318,3731,9.101699829101562,0.9368500113487244,0.2997899949550628
2002-11-04 03:00:00,2002,11,4,3,0,0.8693910241127014,7.8165998458862305,15,7.031400203704834,6.560500144958496,3497,9.101699829101562,0.9110299944877625,0.3048399984836578
2002-11-04 06:00:00,2002,11,4,6,0,0.8690850138664246,7.779399871826172,15,6.940800189971924,6.440199851989746,3344,9.101699829101562,0.8932200074195862,0.3155899941921234
2002-11-04 09:00:00,2002,11,4,9,0,0.8692600131034851,7.778500080108643,15,6.82420015335083,6.232200145721436,3273,11.013500213623049,0.8832700252532959,0.3315699994564056
2002-11-04 12:00:00,2002,11,4,12,0,0.8707990050315857,7.860599994659424,15,6.854499816894531,6.249300003051758,3190,11.013500213623049,0.8665500283241272,0.3423500061035156
2002-11-04 15:00:00,2002,11,4,15,0,0.8730220198631287,7.965499877929687,15,6.930699825286865,6.329899787902832,3041,11.013500213623049,0.8397799730300903,0.3505200147628784
2002-11-04 18:00:00,2002,11,4,18,0,0.8750439882278442,8.060999870300293,15,6.9899001121521,6.3881001472473145,2835,10.01200008392334,0.8059499859809875,0.3607499897480011
2002-11-04 21:00:00,2002,11,4,21,0,0.8779870271682739,8.199799537658691,15,7.040900230407715,6.416299819946289,2658,10.01200008392334,0.7738100290298462,0.3785299956798553
2002-11-05 00:00:00,2002,11,5,0,0,0.8838279843330383,8.474699974060059,15,7.1417999267578125,6.455699920654297,2580,10.01200008392334,0.7494199872016907,0.4027999937534332
2002-11-05 03:00:00,2002,11,5,3,0,0.8956559896469116,8.997400283813477,15,7.402100086212158,6.604700088500977,2736,14.659700393676758,0.7475000023841858,0.4211600124835968
2002-11-05 06:00:00,2002,11,5,6,0,0.9160209894180298,9.748499870300291,15,7.732699871063232,6.543600082397461,3577,14.659700393676758,0.8180099725723267,0.4147399961948395
2002-11-05 09:00:00,2002,11,5,9,0,0.9397600293159484,10.052900314331056,5,7.570099830627441,5.997000217437744,6016,14.659700393676758,1.0394599437713623,0.4051600098609924
2002-11-05 12:00:00,2002,11,5,12,0,0.9522550106048584,9.565299987792969,5,7.211999893188477,5.819799900054932,11243,13.326800346374512,1.4563000202178955,0.4174700081348419
2002-11-05 15:00:00,2002,11,5,15,0,0.9525189995765686,9.3641996383667,5,7.293200016021728,6.024400234222412,18251,12.114999771118164,1.8769899606704712,0.4054400026798248
2002-11-05 18:00:00,2002,11,5,18,0,0.9462990164756776,9.454500198364258,5,7.479199886322021,6.235799789428711,23832,12.114999771118164,2.13479995727539,0.3962399959564209
2002-11-05 21:00:00,2002,11,5,21,0,0.9355440139770508,9.18280029296875,15,7.161300182342529,5.96750020980835,28353,13.326800346374512,2.368920087814331,0.4171999990940094
2002-11-06 00:00:00,2002,11,6,0,0,0.9218940138816832,8.882499694824219,15,7.145299911499023,6.102700233459473,34201,13.326800346374512,2.651479959487915,0.4057799875736236
2002-11-06 03:00:00,2002,11,6,3,0,0.9123870134353638,8.78380012512207,25,7.232100009918213,6.227000236511231,37763,10.01200008392334,2.796610116958618,0.3773199915885925
2002-11-06 06:00:00,2002,11,6,6,0,0.8982110023498535,8.381400108337402,35,6.823999881744385,5.829899787902832,39404,10.01200008392334,2.927809953689575,0.3822099864482879
2002-11-06 09:00:00,2002,11,6,9,0,0.9077100157737732,8.442099571228027,35,7.047900199890137,6.117499828338623,45508,10.01200008392334,3.1318399906158447,0.3594900071620941
2002-11-06 12:00:00,2002,11,6,12,0,0.9135090112686156,9.311200141906738,35,7.89139986038208,6.8927001953125,59252,11.013500213623049,3.3793399333953857,0.338919997215271
2002-11-06 15:00:00,2002,11,6,15,0,0.9118189811706544,10.242199897766112,35,8.744500160217285,7.630000114440918,77135,12.114999771118164,3.658509969711304,0.3201200067996979
2002-11-06 18:00:00,2002,11,6,18,0,0.9036359786987304,10.32569980621338,25,8.743300437927246,7.583000183105469,85511,13.326800346374512,3.838129997253418,0.3269599974155426
2002-11-06 21:00:00,2002,11,6,21,0,0.8950350284576416,9.91800022125244,35,8.261099815368652,7.126200199127197,91233,13.326800346374512,4.057559967041016,0.3508599996566772
2002-11-07 00:00:00,2002,11,7,0,0,0.8963180184364319,9.79069995880127,35,8.234299659729004,7.157800197601318,93649,12.114999771118164,4.137509822845459,0.3447700142860412
2002-11-07 03:00:00,2002,11,7,3,0,0.9024969935417176,9.8572998046875,35,8.409899711608887,7.372600078582764,92668,12.114999771118164,4.093599796295166,0.3276199996471405
2002-11-07 06:00:00,2002,11,7,6,0,0.915395975112915,9.848899841308594,45,8.46969985961914,7.451300144195557,91306,12.114999771118164,4.059150218963623,0.3157199919223785
2002-11-07 09:00:00,2002,11,7,9,0,0.9256809949874878,10.008399963378906,45,8.641500473022461,7.636899948120117,102979,13.326800346374512,4.2729902267456055,0.3113400042057037
2002-11-07 12:00:00,2002,11,7,12,0,0.9203190207481384,10.253399848937988,45,8.972599983215332,8.063599586486816,126709,12.114999771118164,4.678709983825684,0.3016499876976013
2002-11-07 15:00:00,2002,11,7,15,0,0.8980479836463928,10.145999908447266,45,8.654899597167969,7.5584001541137695,122322,12.114999771118164,4.624919891357422,0.3189699947834015
2002-11-07 18:00:00,2002,11,7,18,0,0.8851690292358398,9.796899795532228,45,8.286999702453613,7.250999927520752,122537,11.013500213623049,4.7290802001953125,0.3407999873161316
2002-11-07 21:00:00,2002,11,7,21,0,0.886044979095459,10.092399597167969,45,8.483200073242188,7.423500061035156,149136,11.013500213623049,5.159550189971924,0.3619599938392639
2002-11-08 00:00:00,2002,11,8,0,0,0.903892993927002,11.500399589538574,35,9.600000381469728,8.39780044555664,205971,13.326800346374512,5.724890232086182,0.3776499927043915
2002-11-08 03:00:00,2002,11,8,3,0,0.9134430289268494,13.026900291442873,25,10.805299758911133,9.415200233459473,299317,19.51320075988769,6.566249847412109,0.3754900097846985
2002-11-08 06:00:00,2002,11,8,6,0,0.930765986442566,14.607500076293944,25,12.59910011291504,11.315999984741213,334520,19.51320075988769,6.608280181884766,0.3252699971199035
2002-11-08 09:00:00,2002,11,8,9,0,0.9353529810905457,14.901700019836426,15,13.058099746704102,11.807499885559082,293885,19.51320075988769,6.126820087432861,0.3012799918651581
2002-11-08 12:00:00,2002,11,8,12,0,0.938916027545929,14.291799545288086,15,12.368399620056152,10.966099739074709,244018,17.73889923095703,5.663899898529053,0.3073900043964386
2002-11-08 15:00:00,2002,11,8,15,0,0.9414349794387816,13.84980010986328,15,12.047599792480469,10.747699737548828,209655,17.73889923095703,5.3019700050354,0.3034799993038177
2002-11-08 18:00:00,2002,11,8,18,0,0.9418669939041138,13.565600395202637,15,11.884099960327148,10.650099754333496,180127,16.125999450683594,4.943359851837158,0.2960799932479858
2002-11-08 21:00:00,2002,11,8,21,0,0.9372339844703674,12.939000129699709,15,10.92099952697754,9.367199897766112,160184,16.125999450683594,4.760489940643311,0.3203800022602081
2002-11-09 00:00:00,2002,11,9,0,0,0.9354810118675232,12.623000144958496,15,10.74240016937256,9.354700088500977,145485,16.125999450683594,4.581240177154541,0.3198300004005432
2002-11-09 03:00:00,2002,11,9,3,0,0.9367859959602356,12.46619987487793,15,10.71310043334961,9.417499542236328,128090,16.125999450683594,4.314169883728027,0.3119600117206573
2002-11-09 06:00:00,2002,11,9,6,0,0.9400560259819032,12.239299774169922,15,10.428600311279297,9.041099548339844,111738,14.659700393676758,4.058839797973633,0.3143300116062164
2002-11-09 09:00:00,2002,11,9,9,0,0.9437450170516968,12.087499618530272,15,10.31700038909912,8.97130012512207,102079,14.659700393676758,3.898269891738892,0.3137600123882293
2002-11-09 12:00:00,2002,11,9,12,0,0.9461569786071776,12.127799987792969,15,10.35919952392578,8.97760009765625,102464,14.659700393676758,3.899139881134033,0.3120999932289123
2002-11-09 15:00:00,2002,11,9,15,0,0.9373549818992616,11.40999984741211,15,9.187299728393556,7.740399837493896,117611,14.659700393676758,4.331389904022217,0.3759300112724304
2002-11-09 18:00:00,2002,11,9,18,0,0.9374889731407166,11.845999717712402,15,9.803999900817873,8.424500465393066,126610,14.659700393676758,4.414450168609619,0.356330007314682
2002-11-09 21:00:00,2002,11,9,21,0,0.9372299909591676,12.157299995422363,15,10.131199836730955,8.719400405883789,122729,16.125999450683594,4.289949893951416,0.3444600105285644
2002-11-10 00:00:00,2002,11,10,0,0,0.9390950202941896,12.24240016937256,15,10.262399673461914,8.83530044555664,114863,16.125999450683594,4.132120132446289,0.3362199962139129
2002-11-10 03:00:00,2002,11,10,3,0,0.942247986793518,12.434100151062012,15,10.687700271606444,9.423500061035156,107085,16.125999450683594,3.953249931335449,0.3170399963855743
2002-11-10 06:00:00,2002,11,10,6,0,0.944172978401184,12.500900268554688,15,10.89490032196045,9.720199584960938,102507,16.125999450683594,3.8522000312805176,0.3050000071525574
2002-11-10 09:00:00,2002,11,10,9,0,0.944949984550476,12.425800323486328,15,10.785300254821776,9.54419994354248,98299,16.125999450683594,3.780819892883301,0.3055399954319
2002-11-10 12:00:00,2002,11,10,12,0,0.945276975631714,12.341899871826172,15,10.606599807739258,9.253000259399414,93594,14.659700393676758,3.7007899284362793,0.3098799884319305
2002-11-10 15:00:00,2002,11,10,15,0,0.947018027305603,12.36769962310791,15,10.721400260925291,9.47469997406006,88595,14.659700393676758,3.595360040664673,0.3049600124359131
2002-11-10 18:00:00,2002,11,10,18,0,0.9508739709854126,12.397199630737305,5,10.826700210571287,9.620800018310549,85160,14.659700393676758,3.517199993133545,0.2971200048923492
2002-11-10 21:00:00,2002,11,10,21,0,0.954235017299652,12.306900024414062,5,10.58549976348877,9.166600227355955,82784,14.659700393676758,3.47763991355896,0.3006399869918823
2002-11-11 00:00:00,2002,11,11,0,0,0.9579899907112122,12.410599708557127,5,11.00160026550293,9.927499771118164,78670,14.659700393676758,3.370539903640747,0.2815299928188324
2002-11-11 03:00:00,2002,11,11,3,0,0.9602530002593994,12.413599967956545,5,11.236599922180176,10.434599876403809,72553,14.659700393676758,3.230679988861084,0.2662500143051147
2002-11-11 06:00:00,2002,11,11,6,0,0.961355984210968,12.305999755859377,5,11.245599746704102,10.562999725341797,65749,14.659700393676758,3.083760023117065,0.2581599950790405
2002-11-11 09:00:00,2002,11,11,9,0,0.9616029858589172,12.157899856567385,5,11.15410041809082,10.516200065612791,59644,14.659700393676758,2.950939893722534,0.2543199956417084
2002-11-11 12:00:00,2002,11,11,12,0,0.9609749913215636,11.990599632263184,5,11.009699821472168,10.372900009155272,54150,14.659700393676758,2.8282699584960938,0.2529999911785126
2002-11-11 15:00:00,2002,11,11,15,0,0.9597650170326232,11.799200057983398,5,10.850199699401855,10.229900360107422,48984,13.326800346374512,2.70878005027771,0.2514500021934509
2002-11-11 18:00:00,2002,11,11,18,0,0.9582269787788392,11.579700469970703,5,10.67360019683838,10.085800170898438,43903,13.326800346374512,2.5856900215148926,0.2490800023078918
2002-11-11 21:00:00,2002,11,11,21,0,0.9562100172042848,11.304400444030762,5,10.378100395202637,9.715499877929688,38550,13.326800346374512,2.4501099586486816,0.2504400014877319
2002-11-12 00:00:00,2002,11,12,0,0,0.9466440081596376,10.3818998336792,5,8.684200286865234,7.252799987792969,30649,13.326800346374512,2.285540103912353,0.3109399974346161
2002-11-12 03:00:00,2002,11,12,3,0,0.924991011619568,8.997900009155273,15,7.312699794769287,6.152299880981445,27035,12.114999771118164,2.325629949569702,0.3624899983406067
2002-11-12 06:00:00,2002,11,12,6,0,0.9083060026168824,8.315699577331543,25,6.8333001136779785,5.841599941253662,33967,10.01200008392334,2.7225499153137207,0.3600899875164032
2002-11-12 09:00:00,2002,11,12,9,0,0.9054129719734192,8.20110034942627,35,6.853799819946289,5.918600082397461,39683,10.01200008392334,2.9639899730682373,0.3414300084114074
2002-11-12 12:00:00,2002,11,12,12,0,0.9161810278892516,8.302300453186035,35,7.164999961853027,6.35699987411499,54907,10.01200008392334,3.4624900817871094,0.3152999877929687
2002-11-12 15:00:00,2002,11,12,15,0,0.9254090189933776,9.164999961853027,35,7.966599941253662,7.096700191497803,71693,12.114999771118164,3.735419988632202,0.3051899969577789
2002-11-12 18:00:00,2002,11,12,18,0,0.9236389994621276,9.90369987487793,35,8.535900115966797,7.50570011138916,76001,12.114999771118164,3.685790061950684,0.3061400055885315
2002-11-12 21:00:00,2002,11,12,21,0,0.9211000204086304,10.375399589538574,25,8.868599891662598,7.714000225067139,81577,12.114999771118164,3.730530023574829,0.310479998588562
2002-11-13 00:00:00,2002,11,13,0,0,0.9313200116157532,10.92490005493164,25,9.728300094604492,8.814299583435059,81813,13.326800346374512,3.631680011749268,0.2743299901485443
2002-11-13 03:00:00,2002,11,13,3,0,0.9358230233192444,11.130999565124512,25,10.23610019683838,9.615799903869627,73232,13.326800346374512,3.3957200050354004,0.2430299967527389
2002-11-13 06:00:00,2002,11,13,6,0,0.9376050233840942,11.327899932861328,25,10.552200317382812,10.041899681091309,70324,12.114999771118164,3.2955000400543213,0.2283399999141693
2002-11-13 09:00:00,2002,11,13,9,0,0.9372360110282898,11.528900146484377,15,10.809399604797363,10.339400291442873,71898,12.114999771118164,3.3013100624084477,0.2187100052833557
2002-11-13 12:00:00,2002,11,13,12,0,0.9365019798278807,11.506699562072754,15,10.828800201416016,10.390000343322754,67103,12.114999771118164,3.190579891204834,0.213469997048378
2002-11-13 15:00:00,2002,11,13,15,0,0.933870017528534,11.354999542236328,15,10.700499534606934,10.282699584960938,58538,12.114999771118164,2.9989800453186035,0.2127200067043304
2002-11-13 18:00:00,2002,11,13,18,0,0.9311370253562928,11.18869972229004,15,10.5447998046875,10.139200210571287,50749,12.114999771118164,2.8130199909210205,0.2139499932527542
2002-11-13 21:00:00,2002,11,13,21,0,0.9287109971046448,11.025799751281738,15,10.389200210571287,9.991999626159668,44482,12.114999771118164,2.65339994430542,0.2153999954462051
2002-11-14 00:00:00,2002,11,14,0,0,0.9266949892044068,10.848299980163574,5,10.219900131225586,9.830699920654297,39033,12.114999771118164,2.506419897079468,0.2165700048208236
2002-11-14 03:00:00,2002,11,14,3,0,0.9258300065994264,10.625800132751465,5,10.003299713134766,9.619199752807615,33373,11.013500213623049,2.342940092086792,0.2184900045394897
2002-11-14 06:00:00,2002,11,14,6,0,0.9225379824638368,10.331600189208984,5,9.709099769592283,9.323200225830078,27352,11.013500213623049,2.153599977493286,0.2222899943590164
2002-11-14 09:00:00,2002,11,14,9,0,0.9205009937286376,10.008600234985352,5,9.364700317382812,8.950599670410156,23078,11.013500213623049,2.0138099193573,0.2294899970293045
2002-11-14 12:00:00,2002,11,14,12,0,0.9247589707374572,9.821399688720703,5,9.148300170898438,8.72819995880127,22070,11.013500213623049,1.9904099702835083,0.2367700040340423
2002-11-14 15:00:00,2002,11,14,15,0,0.9298710227012634,9.76930046081543,5,9.093299865722656,8.667900085449219,21882,11.013500213623049,1.9876600503921509,0.2375800013542175
2002-11-14 18:00:00,2002,11,14,18,0,0.9327030181884766,9.737299919128418,5,9.082200050354004,8.670900344848633,20992,11.013500213623049,1.9506700038909912,0.2362100034952163
2002-11-14 21:00:00,2002,11,14,21,0,0.9340199828147888,9.709500312805176,5,9.061100006103516,8.661800384521484,19619,10.01200008392334,1.89028000831604,0.2398799955844879
2002-11-15 00:00:00,2002,11,15,0,0,0.9352250099182128,9.737000465393066,5,9.059499740600586,8.659299850463867,18418,10.01200008392334,1.8320399522781368,0.2529099881649017
2002-11-15 03:00:00,2002,11,15,3,0,0.9371320009231568,9.863100051879885,5,9.108099937438965,8.687800407409668,17757,10.01200008392334,1.7915300130844116,0.2750200033187866
2002-11-15 06:00:00,2002,11,15,6,0,0.9401090145111084,10.121100425720217,5,9.236000061035156,8.770500183105469,17825,10.01200008392334,1.7766400575637815,0.3006500005722046
2002-11-15 09:00:00,2002,11,15,9,0,0.9445369839668274,10.521900177001951,5,9.476900100708008,8.942899703979492,18897,10.01200008392334,1.7978999614715576,0.3191699981689453
2002-11-15 12:00:00,2002,11,15,12,0,0.9501399993896484,11.039299964904783,5,9.854100227355955,9.236700057983398,21357,16.125999450683594,1.8672399520874023,0.3218800127506256
2002-11-15 15:00:00,2002,11,15,15,0,0.9554200172424316,11.521200180053713,5,10.28439998626709,9.60260009765625,24996,14.659700393676758,1.9752099514007568,0.3091099858283996
2002-11-15 18:00:00,2002,11,15,18,0,0.9587330222129822,11.803299903869627,5,10.593799591064451,9.88889980316162,28107,14.659700393676758,2.065579891204834,0.2931999862194061
2002-11-15 21:00:00,2002,11,15,21,0,0.9600290060043336,11.904500007629396,5,10.724300384521484,9.998600006103516,29090,14.659700393676758,2.0893499851226807,0.282940000295639
2002-11-16 00:00:00,2002,11,16,0,0,0.9581670165061952,11.687199592590332,5,9.812800407409668,8.016500473022461,28107,14.659700393676758,2.071959972381592,0.3009000122547149
2002-11-16 03:00:00,2002,11,16,3,0,0.9524149894714355,11.092100143432615,5,8.705900192260742,6.9359002113342285,26022,14.659700393676758,2.0491199493408203,0.3529100120067596
2002-11-16 06:00:00,2002,11,16,6,0,0.93401300907135,9.687399864196776,5,7.1753997802734375,5.800099849700928,25648,14.659700393676758,2.1903600692749023,0.43817999958992
2002-11-16 09:00:00,2002,11,16,9,0,0.9064589738845824,8.300999641418457,15,6.482900142669678,5.499100208282471,34616,13.326800346374512,2.772200107574463,0.4441800117492676
2002-11-16 12:00:00,2002,11,16,12,0,0.8866199851036072,8.110199928283691,25,6.764100074768066,5.929500102996826,51709,9.101699829101562,3.425260066986084,0.3788500130176544
2002-11-16 15:00:00,2002,11,16,15,0,0.8807460069656372,8.135100364685059,35,6.848400115966797,6.008600234985352,66098,10.01200008392334,3.8576500415802,0.358240008354187
2002-11-16 18:00:00,2002,11,16,18,0,0.8981220126152039,9.038000106811523,35,7.832600116729736,6.999000072479248,83599,11.013500213623049,4.075339794158936,0.3197599947452545
2002-11-16 21:00:00,2002,11,16,21,0,0.8928430080413818,9.286999702453612,35,8.068699836730957,7.2153000831604,80571,12.114999771118164,3.938119888305664,0.3141199946403503
2002-11-17 00:00:00,2002,11,17,0,0,0.9009529948234558,9.872900009155272,25,8.873100280761719,8.208999633789062,63489,12.114999771118164,3.377269983291626,0.2823800146579742
2002-11-17 03:00:00,2002,11,17,3,0,0.9089930057525636,10.195899963378906,25,9.314900398254396,8.794500350952148,52425,12.114999771118164,3.018079996109009,0.2722899913787842
2002-11-17 06:00:00,2002,11,17,6,0,0.9211699962615968,10.655500411987305,25,9.70829963684082,9.166999816894531,51201,12.114999771118164,2.919219970703125,0.2798199951648712
2002-11-17 09:00:00,2002,11,17,9,0,0.9384629726409912,11.277999877929688,15,10.305399894714355,9.728500366210938,58857,12.114999771118164,3.039170026779175,0.2687399983406067
2002-11-17 12:00:00,2002,11,17,12,0,0.9482489824295044,11.586600303649902,15,10.70460033416748,10.150500297546388,64351,13.326800346374512,3.1268599033355717,0.2452799975872039
2002-11-17 15:00:00,2002,11,17,15,0,0.9482179880142212,11.375,15,10.583399772644045,10.079099655151367,55670,13.326800346374512,2.928450107574463,0.2329400032758712
2002-11-17 18:00:00,2002,11,17,18,0,0.9425389766693116,10.917699813842772,15,10.184000015258787,9.722399711608888,42152,12.114999771118164,2.598829984664917,0.2301699966192245
2002-11-17 21:00:00,2002,11,17,21,0,0.9365350008010864,10.497900009155272,5,9.7947998046875,9.359700202941896,32036,12.114999771118164,2.3120601177215576,0.2318300008773803
2002-11-18 00:00:00,2002,11,18,0,0,0.93613201379776,10.246100425720217,5,9.555500030517578,9.13230037689209,26270,11.013500213623049,2.1214599609375,0.2341099977493286
2002-11-18 03:00:00,2002,11,18,3,0,0.9357799887657166,10.101400375366213,5,9.42389965057373,9.009599685668944,22973,11.013500213623049,1.9993799924850464,0.2342399954795837
2002-11-18 06:00:00,2002,11,18,6,0,0.9341570138931274,9.952799797058104,5,9.291199684143066,8.888099670410156,20188,11.013500213623049,1.8896600008010864,0.2338200062513351
2002-11-18 09:00:00,2002,11,18,9,0,0.9310129880905152,9.76889991760254,5,9.117600440979004,8.724699974060059,17370,11.013500213623049,1.7715200185775757,0.2353300005197525
2002-11-18 12:00:00,2002,11,18,12,0,0.9272900223731996,9.5802001953125,5,8.933799743652344,8.548199653625488,14874,10.01200008392334,1.6580400466918943,0.2381200045347213
2002-11-18 15:00:00,2002,11,18,15,0,0.9247570037841796,9.452400207519531,355,8.799300193786621,8.413399696350098,13077,10.01200008392334,1.567270040512085,0.2423000037670135
2002-11-18 18:00:00,2002,11,18,18,0,0.928704023361206,9.469599723815918,355,8.788399696350098,8.388999938964844,12377,10.01200008392334,1.524049997329712,0.2487799972295761
2002-11-18 21:00:00,2002,11,18,21,0,0.9381759762763976,9.650400161743164,355,8.866299629211426,8.311800003051758,13323,11.013500213623049,1.5655399560928345,0.2577700018882751
2002-11-19 00:00:00,2002,11,19,0,0,0.9469169974327089,9.547300338745115,355,8.11050033569336,6.886899948120117,16085,11.013500213623049,1.731469988822937,0.3070000112056732
2002-11-19 03:00:00,2002,11,19,3,0,0.9552789926528932,9.804699897766112,355,8.373299598693848,7.257400035858154,20862,12.114999771118164,1.9470000267028809,0.3188300132751465
2002-11-19 06:00:00,2002,11,19,6,0,0.9620090126991272,10.55239963531494,355,9.249699592590332,8.261300086975098,28752,13.326800346374512,2.198740005493164,0.2998499870300293
2002-11-19 09:00:00,2002,11,19,9,0,0.9650840163230896,11.226699829101562,5,10.107000350952148,9.333700180053713,38533,13.326800346374512,2.464050054550171,0.2752000093460083
2002-11-19 12:00:00,2002,11,19,12,0,0.9686020016670228,11.543299674987791,5,10.523099899291992,9.868399620056152,44355,13.326800346374512,2.60548996925354,0.2615300118923187
2002-11-19 15:00:00,2002,11,19,15,0,0.9696149826049804,11.623600006103516,5,10.64009952545166,10.010499954223633,45326,13.326800346374512,2.623699903488159,0.256089985370636
2002-11-19 18:00:00,2002,11,19,18,0,0.9695360064506532,11.60949993133545,5,10.637900352478027,10.017800331115724,43615,13.326800346374512,2.574820041656494,0.2552500069141388
2002-11-19 21:00:00,2002,11,19,21,0,0.9690430164337158,11.580900192260742,5,10.607099533081056,9.988699913024902,40826,13.326800346374512,2.494450092315674,0.2566699981689453
2002-11-20 00:00:00,2002,11,20,0,0,0.9684500098228456,11.553099632263184,5,10.580699920654297,9.965100288391112,37953,13.326800346374512,2.407939910888672,0.2570900022983551
2002-11-20 03:00:00,2002,11,20,3,0,0.9678149819374084,11.500200271606444,5,10.536700248718262,9.92609977722168,35192,13.326800346374512,2.323430061340332,0.2563399970531463
2002-11-20 06:00:00,2002,11,20,6,0,0.9671130180358888,11.430800437927246,5,10.48009967803955,9.87969970703125,32616,13.326800346374512,2.2427399158477783,0.2552399933338165
2002-11-20 09:00:00,2002,11,20,9,0,0.9663029909133912,11.35789966583252,5,10.421199798583984,9.830900192260742,30272,13.326800346374512,2.1667699813842773,0.2544000148773193
2002-11-20 12:00:00,2002,11,20,12,0,0.9653409719467164,11.28499984741211,5,10.355299949645996,9.772500038146973,28173,13.326800346374512,2.096859931945801,0.2556999921798706
2002-11-20 15:00:00,2002,11,20,15,0,0.964452028274536,11.231399536132812,5,10.291099548339844,9.710599899291992,26335,13.326800346374512,2.0333800315856934,0.2619900107383728
2002-11-20 18:00:00,2002,11,20,18,0,0.9638749957084656,11.257399559020996,5,10.260600090026855,9.667699813842772,24871,13.326800346374512,1.978279948234558,0.2788299918174743
2002-11-20 21:00:00,2002,11,20,21,0,0.963716983795166,11.374899864196776,5,10.2746000289917,9.649200439453123,23836,12.114999771118164,1.9336800575256348,0.3009699881076813
2002-11-21 00:00:00,2002,11,21,0,0,0.9644039869308472,11.72249984741211,5,10.43970012664795,9.741499900817873,24031,12.114999771118164,1.923550009727478,0.3255499899387359
2002-11-21 03:00:00,2002,11,21,3,0,0.9654319882392884,12.154800415039062,5,10.702300071716309,9.919300079345703,25129,12.114999771118164,1.9411900043487549,0.3367399871349334
2002-11-21 06:00:00,2002,11,21,6,0,0.966405987739563,12.55840015411377,5,10.966400146484377,10.077899932861328,27393,12.114999771118164,1.999429941177368,0.3348599970340729
2002-11-21 09:00:00,2002,11,21,9,0,0.9670760035514832,12.911700248718262,5,11.222000122070312,10.215399742126465,30212,17.73889923095703,2.073580026626587,0.3263599872589111
2002-11-21 12:00:00,2002,11,21,12,0,0.9677540063858032,13.14459991455078,5,11.499699592590332,10.45069980621338,32489,17.73889923095703,2.12896990776062,0.3097899854183197
2002-11-21 15:00:00,2002,11,21,15,0,0.9688130021095276,13.269800186157228,5,11.774499893188477,10.778900146484377,34637,16.125999450683594,2.182369947433472,0.2892999947071075
2002-11-21 18:00:00,2002,11,21,18,0,0.9693970084190368,13.20930004119873,5,11.764100074768066,10.773300170898438,35988,16.125999450683594,2.224600076675415,0.2807799875736236
2002-11-21 21:00:00,2002,11,21,21,0,0.9691200256347656,13.051300048828123,5,11.573399543762209,10.511899948120115,35808,16.125999450683594,2.228699922561645,0.2811099886894226
2002-11-22 00:00:00,2002,11,22,0,0,0.9691309928894044,12.966400146484377,5,11.541600227355955,10.47439956665039,34387,16.125999450683594,2.1873600482940674,0.2752299904823303
2002-11-22 03:00:00,2002,11,22,3,0,0.9688379764556884,12.81350040435791,5,11.344900131225586,10.20139980316162,32902,16.125999450683594,2.1496999263763428,0.2775799930095672
2002-11-22 06:00:00,2002,11,22,6,0,0.9682250022888184,12.708700180053713,5,11.259099960327148,10.141799926757812,31420,14.659700393676758,2.1078898906707764,0.2784799933433532
2002-11-22 09:00:00,2002,11,22,9,0,0.9669889807701112,12.597200393676758,5,11.161499977111816,10.082799911499023,29833,14.659700393676758,2.0623199939727783,0.2811299860477447
2002-11-22 12:00:00,2002,11,22,12,0,0.9658799767494202,12.54889965057373,5,11.182299613952637,10.178299903869627,28276,14.659700393676758,2.0103700160980225,0.2777099907398224
2002-11-22 15:00:00,2002,11,22,15,0,0.9648749828338624,12.464799880981444,5,11.09160041809082,10.054499626159668,26863,14.659700393676758,1.9644999504089355,0.27674001455307
2002-11-22 18:00:00,2002,11,22,18,0,0.9626039862632751,12.202799797058104,5,10.720199584960938,9.596699714660645,25229,14.659700393676758,1.9227499961853027,0.286870002746582
2002-11-22 21:00:00,2002,11,22,21,0,0.961122989654541,12.078700065612791,5,10.675999641418455,9.583200454711914,22828,14.659700393676758,1.834949970245361,0.2794899940490722
2002-11-23 00:00:00,2002,11,23,0,0,0.9579709768295288,11.6427001953125,5,9.91860008239746,8.439399719238281,20451,14.659700393676758,1.7670999765396118,0.2977199852466583
2002-11-23 03:00:00,2002,11,23,3,0,0.9518629908561708,11.099900245666504,5,9.34939956665039,8.033499717712402,18273,14.659700393676758,1.711050033569336,0.3197300136089325
2002-11-23 06:00:00,2002,11,23,6,0,0.9465270042419434,10.830699920654297,5,9.172900199890137,7.961400032043457,15758,13.326800346374512,1.607759952545166,0.3205899894237518
2002-11-23 09:00:00,2002,11,23,9,0,0.9425399899482728,10.669500350952148,5,9.106499671936035,7.964499950408935,13314,13.326800346374512,1.4881099462509155,0.3164499998092651
2002-11-23 12:00:00,2002,11,23,12,0,0.9401000142097472,10.53159999847412,5,9.050200462341309,7.966599941253662,11367,13.326800346374512,1.383780002593994,0.3131600022315979
2002-11-23 15:00:00,2002,11,23,15,0,0.9382069706916808,10.399100303649902,5,8.956399917602539,7.912099838256836,10174,13.326800346374512,1.3178800344467163,0.3140200078487396
2002-11-23 18:00:00,2002,11,23,18,0,0.9373160004615784,10.404899597167969,5,9.01319980621338,8.0024995803833,9485,13.326800346374512,1.2716599702835083,0.3094899952411651
2002-11-23 21:00:00,2002,11,23,21,0,0.9362760186195374,10.459099769592283,5,9.144100189208984,8.18910026550293,8873,13.326800346374512,1.2262200117111206,0.3029400110244751
2002-11-24 00:00:00,2002,11,24,0,0,0.9337599873542786,10.456299781799316,5,9.201199531555176,8.317299842834473,8057,12.114999771118164,1.169399976730347,0.3037300109863281
2002-11-24 03:00:00,2002,11,24,3,0,0.930010974407196,10.462300300598145,5,9.203800201416016,8.371000289916992,7188,12.114999771118164,1.1067099571228027,0.3163700103759765
2002-11-24 06:00:00,2002,11,24,6,0,0.926747977733612,10.654800415039062,5,9.289999961853027,8.452099800109863,6590,12.114999771118164,1.0538699626922607,0.3373099863529205
2002-11-24 09:00:00,2002,11,24,9,0,0.9328960180282592,11.01039981842041,5,9.592300415039062,8.74590015411377,7279,12.114999771118164,1.0917799472808838,0.3406699895858764
2002-11-24 12:00:00,2002,11,24,12,0,0.9493259787559508,10.64229965209961,5,9.425000190734863,8.781100273132324,11181,12.114999771118164,1.3773399591445925,0.3369199931621551
2002-11-24 15:00:00,2002,11,24,15,0,0.9564689993858336,10.538999557495115,5,9.329099655151367,8.695099830627441,15864,12.114999771118164,1.6459100246429443,0.3329499959945678
2002-11-24 18:00:00,2002,11,24,18,0,0.9581980109214784,10.553400039672852,15,9.296600341796877,8.595999717712402,20179,12.114999771118164,1.8517800569534304,0.3291899859905243
2002-11-24 21:00:00,2002,11,24,21,0,0.9545120000839232,10.349599838256836,15,8.925700187683105,8.038299560546875,23960,12.114999771118164,2.039139986038208,0.3427799940109253
2002-11-25 00:00:00,2002,11,25,0,0,0.9514350295066832,10.571499824523926,15,9.03849983215332,8.010000228881836,25704,11.013500213623049,2.0891900062561035,0.341949999332428
2002-11-25 03:00:00,2002,11,25,3,0,0.9500510096549988,10.829099655151367,15,9.300299644470217,8.280799865722656,26899,11.013500213623049,2.1113500595092773,0.3360800147056579
2002-11-25 06:00:00,2002,11,25,6,0,0.9492729902267456,11.02519989013672,5,9.562299728393556,8.596699714660645,27572,13.326800346374512,2.116719961166382,0.3249799907207489
2002-11-25 09:00:00,2002,11,25,9,0,0.9492939710617064,11.091300010681152,5,9.651200294494627,8.656900405883789,27281,16.125999450683594,2.096280097961426,0.3155199885368347
2002-11-25 12:00:00,2002,11,25,12,0,0.94895201921463,11.06779956817627,5,9.72480010986328,8.804499626159668,25848,13.326800346374512,2.0397698879241943,0.305319994688034
2002-11-25 15:00:00,2002,11,25,15,0,0.9496300220489502,11.066699981689451,5,9.838800430297852,8.962800025939941,23333,14.659700393676758,1.933609962463379,0.2887000143527984
2002-11-25 18:00:00,2002,11,25,18,0,0.9495409727096558,10.975000381469728,5,9.784799575805664,8.874600410461426,20589,14.659700393676758,1.8208600282669067,0.2794600129127502
2002-11-25 21:00:00,2002,11,25,21,0,0.9488250017166138,10.919400215148926,5,9.816200256347656,8.970000267028809,17611,12.114999771118164,1.686030030250549,0.2696200013160705
2002-11-26 00:00:00,2002,11,26,0,0,0.946416974067688,10.783300399780272,5,9.739500045776367,8.939200401306152,14595,12.114999771118164,1.5439399480819702,0.2667300105094909
2002-11-26 03:00:00,2002,11,26,3,0,0.9418230056762696,10.652000427246094,5,9.56760025024414,8.715800285339355,12164,12.114999771118164,1.4210400581359863,0.2818099856376648
2002-11-26 06:00:00,2002,11,26,6,0,0.9394069910049438,10.822699546813965,5,9.591699600219728,8.693699836730957,10949,12.114999771118164,1.3453999757766724,0.3228699862957001
2002-11-26 09:00:00,2002,11,26,9,0,0.9441919922828674,11.494999885559082,5,9.924200057983398,8.830699920654297,11385,13.326800346374512,1.345170021057129,0.3732199966907501
2002-11-26 12:00:00,2002,11,26,12,0,0.9525039792060852,12.559499740600586,5,10.673700332641602,9.494400024414062,13832,13.326800346374512,1.4360699653625488,0.397269994020462
2002-11-26 15:00:00,2002,11,26,15,0,0.9583039879798888,13.4798002243042,5,11.317899703979492,9.94890022277832,17835,21.46489906311035,1.587939977645874,0.3956800103187561
2002-11-26 18:00:00,2002,11,26,18,0,0.9631239771842957,14.142200469970703,5,11.989299774169922,10.64490032196045,22390,21.46489906311035,1.7441600561141968,0.3773500025272369
2002-11-26 21:00:00,2002,11,26,21,0,0.966180980205536,14.591099739074709,5,12.456500053405762,11.120100021362305,26685,21.46489906311035,1.8788399696350095,0.3597399890422821
2002-11-27 00:00:00,2002,11,27,0,0,0.9680119752883912,14.857600212097168,5,12.74839973449707,11.371999740600586,30160,19.51320075988769,1.9803199768066408,0.3437199890613556
2002-11-27 03:00:00,2002,11,27,3,0,0.9694790244102478,14.969599723815918,5,12.921099662780762,11.48550033569336,33223,19.51320075988769,2.0666799545288086,0.3267500102519989
2002-11-27 06:00:00,2002,11,27,6,0,0.9702020287513732,14.910099983215332,5,12.90149974822998,11.380999565124512,35527,17.73889923095703,2.134040117263794,0.3138599991798401
2002-11-27 09:00:00,2002,11,27,9,0,0.9705730080604552,14.77750015258789,5,12.893099784851074,11.40250015258789,36853,17.73889923095703,2.173480033874512,0.3002299964427948
2002-11-27 12:00:00,2002,11,27,12,0,0.971103012561798,14.659799575805664,5,12.949700355529783,11.569000244140623,37356,17.73889923095703,2.187690019607544,0.2856599986553192
2002-11-27 15:00:00,2002,11,27,15,0,0.9711769819259644,14.50570011138916,5,12.945899963378906,11.681099891662598,36969,17.73889923095703,2.179460048675537,0.2749800086021423
2002-11-27 18:00:00,2002,11,27,18,0,0.9710270166397096,14.326700210571287,15,12.91219997406006,11.77530002593994,36276,16.125999450683594,2.1641199588775635,0.2653400003910064
2002-11-27 21:00:00,2002,11,27,21,0,0.9712650179862976,14.174599647521973,15,12.882699966430664,11.856599807739258,35812,16.125999450683594,2.154750108718872,0.2564899921417236
2002-11-28 00:00:00,2002,11,28,0,0,0.9716010093688964,14.035900115966797,15,12.853599548339844,11.932499885559082,35383,16.125999450683594,2.146199941635132,0.2482600063085556
2002-11-28 03:00:00,2002,11,28,3,0,0.9715070128440856,13.847200393676758,15,12.711000442504885,11.80490016937256,34858,16.125999450683594,2.1384100914001465,0.2430700063705444
2002-11-28 06:00:00,2002,11,28,6,0,0.9708170294761658,13.627699851989746,15,12.47819995880127,11.510899543762209,34162,14.659700393676758,2.128420114517212,0.2419800013303756
2002-11-28 09:00:00,2002,11,28,9,0,0.9705960154533386,13.435199737548828,15,12.32759952545166,11.38249969482422,32880,14.659700393676758,2.0981099605560303,0.2392099946737289
2002-11-28 12:00:00,2002,11,28,12,0,0.9701430201530457,13.207599639892578,15,12.144100189208984,11.25100040435791,31013,14.659700393676758,2.050679922103882,0.2382999956607818
2002-11-28 15:00:00,2002,11,28,15,0,0.968940019607544,12.954299926757812,15,11.894200325012209,11.005599975585938,29099,14.659700393676758,2.001919984817505,0.2402600049972534
2002-11-28 18:00:00,2002,11,28,18,0,0.9684939980506896,12.76449966430664,15,11.72719955444336,10.833000183105469,27563,14.659700393676758,1.9596999883651731,0.2388000041246414
2002-11-28 21:00:00,2002,11,28,21,0,0.968291997909546,12.56429958343506,15,11.471099853515623,10.49899959564209,26177,14.659700393676758,1.9225800037384035,0.2419500052928924
2002-11-29 00:00:00,2002,11,29,0,0,0.9675899744033812,12.258899688720703,15,10.841400146484377,9.28380012512207,24365,13.326800346374512,1.876189947128296,0.2536300122737884
2002-11-29 03:00:00,2002,11,29,3,0,0.9663169980049132,11.795900344848633,15,10.260000228881836,8.892900466918945,22462,13.326800346374512,1.835860013961792,0.2789500057697296
2002-11-29 06:00:00,2002,11,29,6,0,0.9647330045700072,11.458999633789062,15,9.96660041809082,8.73330020904541,20410,13.326800346374512,1.7744799852371216,0.2862299978733063
2002-11-29 09:00:00,2002,11,29,9,0,0.9631969928741456,11.266599655151367,15,9.90019989013672,8.77970027923584,18278,13.326800346374512,1.6915600299835205,0.2798799872398376
2002-11-29 12:00:00,2002,11,29,12,0,0.9619219899177552,11.077500343322754,15,9.830900192260742,8.826199531555176,16323,13.326800346374512,1.6107900142669678,0.2737599909305572
2002-11-29 15:00:00,2002,11,29,15,0,0.9606469869613647,10.84630012512207,15,9.676300048828123,8.77079963684082,14535,13.326800346374512,1.5356999635696411,0.2727099955081939
2002-11-29 18:00:00,2002,11,29,18,0,0.9590849876403807,10.578499794006348,15,9.462499618530272,8.634499549865723,12800,13.326800346374512,1.459630012512207,0.2743000090122223
2002-11-29 21:00:00,2002,11,29,21,0,0.9572049975395204,10.29170036315918,15,9.220100402832031,8.45460033416748,11197,12.114999771118164,1.3850500583648682,0.2773300111293793
2002-11-30 00:00:00,2002,11,30,0,0,0.9556909799575806,10.108599662780762,15,9.027999877929688,8.298199653625488,10047,12.114999771118164,1.3272000551223757,0.293639987707138
2002-11-30 03:00:00,2002,11,30,3,0,0.956957995891571,10.462599754333496,15,9.121700286865234,8.339599609375,10018,12.114999771118164,1.315019965171814,0.358049988746643
2002-11-30 06:00:00,2002,11,30,6,0,0.9643750190734864,12.149900436401367,15,10.099900245666504,9.029199600219728,13332,19.51320075988769,1.434370040893555,0.4088299870491028
2002-11-30 09:00:00,2002,11,30,9,0,0.9724910259246826,14.357500076293944,15,12.012900352478027,10.561699867248535,23403,19.51320075988769,1.7689800262451172,0.3524500131607055
2002-11-30 12:00:00,2002,11,30,12,0,0.9765719771385192,15.484700202941896,15,13.559700012207031,12.098999977111816,39583,17.73889923095703,2.215820074081421,0.2841899991035461
2002-11-30 15:00:00,2002,11,30,15,0,0.9781429767608644,15.744400024414062,15,14.267600059509276,13.048500061035156,56177,17.73889923095703,2.6066699028015137,0.2441100031137466
2002-11-30 18:00:00,2002,11,30,18,0,0.978384017944336,15.619400024414062,15,14.406700134277344,13.395099639892578,66883,16.125999450683594,2.840749979019165,0.2248100042343139
2002-11-30 21:00:00,2002,11,30,21,0,0.9779009819030762,15.37660026550293,15,14.305399894714355,13.43179988861084,70206,16.125999450683594,2.919909954071045,0.2165800034999847
2002-12-01 00:00:00,2002,12,1,0,0,0.9768490195274352,15.087300300598145,15,14.079500198364258,13.295100212097168,67863,16.125999450683594,2.8873400688171387,0.2160799950361251
2002-12-01 03:00:00,2002,12,1,3,0,0.9753130078315736,14.717499732971191,15,13.731900215148926,12.999099731445312,61755,16.125999450683594,2.7779200077056885,0.2198899984359741
2002-12-01 06:00:00,2002,12,1,6,0,0.9735509753227234,14.288000106811523,15,13.30049991607666,12.58549976348877,54063,16.125999450683594,2.627239942550659,0.2250799983739853
2002-12-01 09:00:00,2002,12,1,9,0,0.971642017364502,13.893799781799316,15,12.920000076293944,12.238499641418455,47326,14.659700393676758,2.483959913253784,0.2284400016069412
2002-12-01 12:00:00,2002,12,1,12,0,0.9717699885368348,13.631699562072754,5,12.66569995880127,12.015999794006348,42725,14.659700393676758,2.3781299591064453,0.2317000031471252
2002-12-01 15:00:00,2002,12,1,15,0,0.9713780283927916,13.36870002746582,5,12.384900093078612,11.74820041656494,37956,14.659700393676758,2.26065993309021,0.2389100044965744
2002-12-01 18:00:00,2002,12,1,18,0,0.9704130291938782,12.963600158691406,5,11.979000091552734,11.36180019378662,32458,14.659700393676758,2.1179299354553223,0.2458299994468689
2002-12-01 21:00:00,2002,12,1,21,0,0.9691910147666932,12.452099800109863,5,11.498000144958496,10.909899711608888,27277,14.659700393676758,1.974419951438904,0.2486400008201599
2002-12-02 00:00:00,2002,12,2,0,0,0.9684360027313232,12.071999549865724,5,11.14330005645752,10.570799827575684,24015,13.326800346374512,1.87720000743866,0.2486200034618377
2002-12-02 03:00:00,2002,12,2,3,0,0.9679499864578248,11.936100006103516,5,10.990300178527832,10.40779972076416,22530,13.326800346374512,1.8281099796295168,0.2518700063228607
2002-12-02 06:00:00,2002,12,2,6,0,0.9666669964790344,11.825400352478027,5,10.845100402832031,10.249300003051758,20845,13.326800346374512,1.7676399946212769,0.2590200006961822
2002-12-02 09:00:00,2002,12,2,9,0,0.9640910029411316,11.544599533081056,5,10.558199882507324,9.971799850463867,18144,13.326800346374512,1.6690000295639038,0.2661400139331817
2002-12-02 12:00:00,2002,12,2,12,0,0.9607139825820924,11.135499954223633,5,10.196200370788574,9.643799781799316,15400,12.114999771118164,1.5639400482177734,0.2667100131511688
2002-12-02 15:00:00,2002,12,2,15,0,0.9573190212249756,10.80430030822754,5,9.921500205993652,9.399100303649902,13511,12.114999771118164,1.4854999780654907,0.2618600130081177
2002-12-02 18:00:00,2002,12,2,18,0,0.953548014163971,10.613300323486328,5,9.746299743652344,9.234399795532228,12169,12.114999771118164,1.4223999977111816,0.2616899907588959
2002-12-02 21:00:00,2002,12,2,21,0,0.9484260082244872,10.455699920654297,5,9.585200309753418,9.077799797058104,10898,12.114999771118164,1.3572499752044678,0.2662200033664703
2002-12-03 00:00:00,2002,12,3,0,0,0.9412019848823548,10.266799926757812,5,9.405500411987305,8.910499572753906,9655,11.013500213623049,1.2904900312423706,0.2707799971103668
2002-12-03 03:00:00,2002,12,3,3,0,0.9315800070762634,10.07009983062744,5,9.222999572753906,8.744600296020508,8505,11.013500213623049,1.2247300148010254,0.2772000133991241
2002-12-03 06:00:00,2002,12,3,6,0,0.9205840229988098,9.928099632263184,5,9.063300132751465,8.593500137329102,7474,11.013500213623049,1.159500002861023,0.2935999929904938
2002-12-03 09:00:00,2002,12,3,9,0,0.9111940264701844,10.005599975585938,5,9.002699851989746,8.503800392150879,6754,11.013500213623049,1.1044199466705322,0.3343200087547302
2002-12-03 12:00:00,2002,12,3,12,0,0.9076669812202454,10.448599815368652,5,9.137700080871582,8.54990005493164,6533,10.01200008392334,1.0725899934768677,0.3873499929904938
2002-12-03 15:00:00,2002,12,3,15,0,0.912680983543396,11.178000450134276,15,9.492799758911133,8.756600379943848,6860,19.51320075988769,1.0710300207138062,0.4149999916553497
2002-12-03 18:00:00,2002,12,3,18,0,0.9224029779434204,12.088500022888184,15,10.089400291442873,9.127799987792969,7914,17.73889923095703,1.1106499433517456,0.4061200022697449
2002-12-03 21:00:00,2002,12,3,21,0,0.9312260150909424,12.269399642944336,15,9.663999557495115,8.161800384521484,9501,17.73889923095703,1.209980010986328,0.4174999892711639
2002-12-04 00:00:00,2002,12,4,0,0,0.9397559762001038,10.564000129699709,15,7.753399848937988,6.35920000076294,13475,17.73889923095703,1.5566999912261963,0.4956400096416473
2002-12-04 03:00:00,2002,12,4,3,0,0.9373549818992616,9.942299842834473,15,7.333899974822998,6.037300109863281,18163,17.73889923095703,1.858819961547852,0.4996399879455566
2002-12-04 06:00:00,2002,12,4,6,0,0.927843987941742,9.506400108337402,15,7.14900016784668,5.929900169372559,24190,16.125999450683594,2.183350086212158,0.4839400053024292
2002-12-04 09:00:00,2002,12,4,9,0,0.9255930185317992,9.293800354003906,25,7.321700096130371,6.214000225067139,32515,16.125999450683594,2.5465199947357178,0.4453000128269195
2002-12-04 12:00:00,2002,12,4,12,0,0.913666009902954,9.2431001663208,25,7.44789981842041,6.389599800109863,38738,16.125999450683594,2.7790000438690186,0.4217300117015838
2002-12-04 15:00:00,2002,12,4,15,0,0.898580014705658,9.501299858093262,25,7.789000034332275,6.760000228881836,38511,16.125999450683594,2.7270500659942627,0.4041599929332733
2002-12-04 18:00:00,2002,12,4,18,0,0.883430004119873,9.611900329589844,35,7.941699981689453,6.921999931335449,36864,14.659700393676758,2.649630069732666,0.3948000073432922
2002-12-04 21:00:00,2002,12,4,21,0,0.873354971408844,9.814200401306152,25,8.286800384521484,7.382199764251709,34086,14.659700393676758,2.518739938735962,0.3803200125694275
2002-12-05 00:00:00,2002,12,5,0,0,0.8689860105514526,10.147500038146973,25,8.660900115966797,7.857999801635742,31087,14.659700393676758,2.3671600818634038,0.3799999952316284
2002-12-05 03:00:00,2002,12,5,3,0,0.8735859990119934,10.752300262451172,25,9.067299842834473,8.226300239562988,30364,14.659700393676758,2.284950017929077,0.4026100039482116
2002-12-05 06:00:00,2002,12,5,6,0,0.8866919875144958,11.601300239562988,25,9.577699661254885,8.602800369262695,32142,19.51320075988769,2.2812299728393555,0.4196099936962127
2002-12-05 09:00:00,2002,12,5,9,0,0.9017840027809144,12.424099922180176,25,10.10770034790039,8.959099769592285,35888,17.73889923095703,2.341660022735596,0.4138199985027313
2002-12-05 12:00:00,2002,12,5,12,0,0.913057029247284,12.952099800109863,25,10.50759983062744,9.218199729919434,39115,17.73889923095703,2.39667010307312,0.3964700102806091
2002-12-05 15:00:00,2002,12,5,15,0,0.9219729900360109,13.276900291442873,25,10.848299980163574,9.477800369262695,41670,17.73889923095703,2.4384100437164307,0.3742600083351135
2002-12-05 18:00:00,2002,12,5,18,0,0.9280790090560912,13.31070041656494,25,11.022199630737305,9.659700393676758,42881,16.125999450683594,2.459399938583374,0.3543699979782104
2002-12-05 21:00:00,2002,12,5,21,0,0.931733012199402,13.053299903869627,25,11.004599571228027,9.750399589538574,42837,16.125999450683594,2.466480016708374,0.3382200002670288
2002-12-06 00:00:00,2002,12,6,0,0,0.9340890049934388,12.703900337219238,25,10.960100173950195,9.872300148010254,43341,16.125999450683594,2.4972798824310303,0.3195300102233886
2002-12-06 03:00:00,2002,12,6,3,0,0.9345909953117372,12.313599586486816,25,10.880499839782717,9.979900360107422,43251,14.659700393676758,2.5169498920440674,0.2991400063037872
2002-12-06 06:00:00,2002,12,6,6,0,0.9332680106163024,11.98680019378662,25,10.76609992980957,10.000100135803224,41159,14.659700393676758,2.4769299030303955,0.2831099927425384
2002-12-06 09:00:00,2002,12,6,9,0,0.9299160242080688,11.691800117492676,25,10.58530044555664,9.899299621582031,37101,13.326800346374512,2.375109910964966,0.2762399911880493
2002-12-06 12:00:00,2002,12,6,12,0,0.9255449771881104,11.42300033569336,25,10.374600410461426,9.739299774169922,32969,13.326800346374512,2.263180017471313,0.2777299880981445
2002-12-06 15:00:00,2002,12,6,15,0,0.920973002910614,11.274700164794922,25,10.20740032196045,9.592000007629396,29617,13.326800346374512,2.1631600856781006,0.2955999970436096
2002-12-06 18:00:00,2002,12,6,18,0,0.9158279895782472,11.36989974975586,25,10.152400016784668,9.516900062561035,27555,13.326800346374512,2.091830015182495,0.338919997215271
2002-12-06 21:00:00,2002,12,6,21,0,0.910647988319397,11.606399536132812,25,10.18369960784912,9.505399703979492,26609,12.114999771118164,2.051539897918701,0.3777999877929687
2002-12-07 00:00:00,2002,12,7,0,0,0.9121909737586976,12.481200218200684,25,10.590800285339355,9.757800102233888,28963,21.46489906311035,2.09608006477356,0.4168199896812439
2002-12-07 03:00:00,2002,12,7,3,0,0.9158779978752136,13.183099746704102,25,10.964099884033203,9.98550033569336,31698,21.46489906311035,2.15435004234314,0.4232200086116791
2002-12-07 06:00:00,2002,12,7,6,0,0.9215790033340454,13.735400199890137,15,11.333800315856934,10.218600273132324,36225,19.51320075988769,2.2657699584960938,0.4093199968338012
2002-12-07 09:00:00,2002,12,7,9,0,0.9264969825744628,14.130399703979492,15,11.623499870300291,10.377900123596191,41797,19.51320075988769,2.403059959411621,0.3921799957752228
2002-12-07 12:00:00,2002,12,7,12,0,0.927366018295288,14.347800254821776,15,11.80459976196289,10.450900077819824,45712,19.51320075988769,2.4923300743103027,0.3768199980258941
2002-12-07 15:00:00,2002,12,7,15,0,0.9269109964370728,14.284500122070312,15,11.76550006866455,10.36520004272461,44259,19.51320075988769,2.4507999420166016,0.3684999942779541
2002-12-07 18:00:00,2002,12,7,18,0,0.9267110228538512,14.022000312805176,15,11.60260009765625,10.225299835205078,40343,17.73889923095703,2.3499701023101807,0.3618899881839752
2002-12-07 21:00:00,2002,12,7,21,0,0.9298539757728576,13.92080020904541,15,11.603799819946287,10.241999626159668,37962,17.73889923095703,2.278709888458252,0.3504500091075897
2002-12-08 00:00:00,2002,12,8,0,0,0.933775007724762,13.883899688720703,15,11.648300170898438,10.298800468444824,35759,17.73889923095703,2.208260059356689,0.34060999751091
2002-12-08 03:00:00,2002,12,8,3,0,0.93572598695755,13.693499565124512,15,11.54539966583252,10.23550033569336,32123,17.73889923095703,2.0999999046325684,0.3355700075626373
2002-12-08 06:00:00,2002,12,8,6,0,0.9371039867401124,13.47700023651123,15,11.42549991607666,10.160799980163574,28810,16.125999450683594,1.9969799518585205,0.3299899995326996
2002-12-08 09:00:00,2002,12,8,9,0,0.9384409785270692,13.31429958343506,15,11.35789966583252,10.131199836730955,26364,16.125999450683594,1.915220022201538,0.3225100040435791
2002-12-08 12:00:00,2002,12,8,12,0,0.9396899938583374,13.183600425720217,15,11.298800468444824,10.099599838256836,24249,16.125999450683594,1.840690016746521,0.3164100050926208
2002-12-08 15:00:00,2002,12,8,15,0,0.9418240189552308,13.082500457763672,15,11.241900444030762,10.017200469970703,22957,16.125999450683594,1.793230056762695,0.3099200129508972
2002-12-08 18:00:00,2002,12,8,18,0,0.9457579851150512,12.984600067138672,5,10.9576997756958,9.24120044708252,23160,16.125999450683594,1.803500056266785,0.3047400116920471
2002-12-08 21:00:00,2002,12,8,21,0,0.9469580054283142,12.460200309753418,5,9.890700340270996,7.872200012207031,23618,16.125999450683594,1.8551000356674197,0.3341099917888641
2002-12-09 00:00:00,2002,12,9,0,0,0.9432219862937928,11.4350004196167,15,9.065699577331545,7.5278000831604,24164,14.659700393676758,1.9582200050354004,0.3733200132846832
2002-12-09 03:00:00,2002,12,9,3,0,0.9343249797821044,10.496299743652344,15,8.766799926757812,7.724199771881103,26450,14.659700393676758,2.137010097503662,0.3686299920082092
2002-12-09 06:00:00,2002,12,9,6,0,0.9131150245666504,10.076299667358398,25,8.511799812316895,7.449399948120117,28154,14.659700393676758,2.245310068130493,0.3522700071334839
2002-12-09 09:00:00,2002,12,9,9,0,0.9032599925994872,9.703399658203123,25,8.26990032196045,7.249599933624268,31529,14.659700393676758,2.4172399044036865,0.3387599885463714
2002-12-09 12:00:00,2002,12,9,12,0,0.8995919823646545,9.3818998336792,35,7.938700199127197,6.871500015258789,37767,11.013500213623049,2.6846799850463867,0.3312200009822845
2002-12-09 15:00:00,2002,12,9,15,0,0.8921890258789062,9.166000366210938,35,7.807400226593018,6.813000202178955,41624,11.013500213623049,2.8517699241638184,0.3257699906826019
2002-12-09 18:00:00,2002,12,9,18,0,0.8758350014686584,8.932600021362305,35,7.567500114440918,6.572000026702881,39209,10.01200008392334,2.8089699745178223,0.3306500017642975
2002-12-09 21:00:00,2002,12,9,21,0,0.8603929877281189,8.568099975585938,35,7.154600143432617,6.180699825286865,35781,9.101699829101562,2.750380039215088,0.3502500057220459
2002-12-10 00:00:00,2002,12,10,0,0,0.8556879758834839,7.901800155639648,45,6.52839994430542,5.653500080108643,37588,9.101699829101562,2.9581298828125,0.3743000030517578
2002-12-10 03:00:00,2002,12,10,3,0,0.8588259816169739,7.814000129699707,45,6.595300197601318,5.793399810791016,40320,9.101699829101562,3.0879499912261963,0.3569299876689911
2002-12-10 06:00:00,2002,12,10,6,0,0.87288898229599,7.927199840545654,45,6.917699813842773,6.23829984664917,42148,8.274100303649902,3.1336300373077397,0.3257299959659576
2002-12-10 09:00:00,2002,12,10,9,0,0.8563070297241211,8.440999984741211,35,7.575600147247314,7.021200180053711,31563,8.274100303649902,2.6142001152038574,0.3002899885177612
2002-12-10 12:00:00,2002,12,10,12,0,0.8623639941215515,8.865099906921387,25,7.980100154876709,7.368199825286865,29442,10.01200008392334,2.4487199783325195,0.286650002002716
2002-12-10 15:00:00,2002,12,10,15,0,0.8717550039291382,8.805800437927246,25,7.408899784088135,6.371600151062012,33745,11.013500213623049,2.6222400665283203,0.3264999985694885
2002-12-10 18:00:00,2002,12,10,18,0,0.8752139806747437,8.247300148010254,25,6.886199951171875,6.011099815368652,41466,11.013500213623049,3.024620056152344,0.360370010137558
2002-12-10 21:00:00,2002,12,10,21,0,0.9034249782562256,9.11740016937256,15,7.967899799346924,7.206200122833252,46288,11.013500213623049,3.017220020294189,0.3153600096702575
2002-12-11 00:00:00,2002,12,11,0,0,0.9254170060157776,10.1697998046875,15,9.201899528503418,8.592100143432617,53282,12.114999771118164,3.0428099632263184,0.2752400040626526
2002-12-11 03:00:00,2002,12,11,3,0,0.934503972530365,10.62380027770996,15,9.770000457763672,9.24240016937256,54503,12.114999771118164,3.0035901069641118,0.2542099952697754
2002-12-11 06:00:00,2002,12,11,6,0,0.940201997756958,10.832900047302246,5,10.00759983062744,9.499099731445312,51615,12.114999771118164,2.8932600021362305,0.2489300072193145
2002-12-11 09:00:00,2002,12,11,9,0,0.9431149959564208,10.964500427246094,5,10.100199699401855,9.53499984741211,48567,12.114999771118164,2.790299892425537,0.2513400018215179
2002-12-11 12:00:00,2002,12,11,12,0,0.9388870000839232,10.73639965057373,5,9.166000366210938,7.7434000968933105,46004,12.114999771118164,2.748159885406494,0.292169988155365
2002-12-11 15:00:00,2002,12,11,15,0,0.9028949737548828,8.855400085449219,15,6.846799850463867,5.71589994430542,48521,12.114999771118164,3.150010108947754,0.4251300096511841
2002-12-11 18:00:00,2002,12,11,18,0,0.8807510137557983,8.2568998336792,25,6.836900234222412,5.964099884033203,62992,9.101699829101562,3.7428600788116455,0.3872799873352051
2002-12-11 21:00:00,2002,12,11,21,0,0.881974995136261,8.708600044250488,25,7.268799781799316,6.34689998626709,61750,10.01200008392334,3.592780113220215,0.3728300034999847
2002-12-12 00:00:00,2002,12,12,0,0,0.8738980293273926,8.918499946594238,25,7.492400169372559,6.601799964904785,57578,10.01200008392334,3.4289300441741943,0.3744800090789795
2002-12-12 03:00:00,2002,12,12,3,0,0.8682960271835327,9.129799842834473,25,7.488699913024902,6.469200134277344,54985,12.114999771118164,3.311269998550415,0.3911199867725372
2002-12-12 06:00:00,2002,12,12,6,0,0.8629879951477051,9.052300453186035,25,7.371399879455566,6.36269998550415,62780,12.114999771118164,3.5587499141693115,0.401989996433258
2002-12-12 09:00:00,2002,12,12,9,0,0.8617550134658813,9.084799766540527,25,7.439000129699707,6.433599948883057,68785,13.326800346374512,3.715780019760132,0.3946300148963928
2002-12-12 12:00:00,2002,12,12,12,0,0.8603990077972412,9.11989974975586,25,7.561699867248535,6.586900234222412,73013,13.326800346374512,3.817689895629883,0.3825800120830536
2002-12-12 15:00:00,2002,12,12,15,0,0.8672040104866028,8.897700309753418,35,7.278200149536133,6.273499965667725,90599,11.013500213623049,4.305300235748291,0.3904399871826172
2002-12-12 18:00:00,2002,12,12,18,0,0.8898599743843079,9.668299674987791,35,8.12030029296875,7.100599765777588,123976,12.114999771118164,4.807159900665283,0.359930008649826
2002-12-12 21:00:00,2002,12,12,21,0,0.9072219729423524,10.90779972076416,35,9.441699981689451,8.48859977722168,228590,13.326800346374512,6.125470161437988,0.3261500000953674
2002-12-13 00:00:00,2002,12,13,0,0,0.9087790250778198,11.846199989318848,25,10.520500183105469,9.631799697875977,201649,14.659700393676758,5.513360023498535,0.2917200028896332
2002-12-13 03:00:00,2002,12,13,3,0,0.9111700057983398,12.34749984741211,25,11.23040008544922,10.500100135803224,156512,14.659700393676758,4.75609016418457,0.2657099962234497
2002-12-13 06:00:00,2002,12,13,6,0,0.9146639704704284,12.526900291442873,25,11.591500282287598,11.012700080871582,129923,14.659700393676758,4.297289848327637,0.2465399950742721
2002-12-13 09:00:00,2002,12,13,9,0,0.916034996509552,12.470199584960938,25,11.614800453186035,11.092399597167969,112329,14.659700393676758,3.9986300468444815,0.2375700026750564
2002-12-13 12:00:00,2002,12,13,12,0,0.9186409711837769,12.318099975585938,25,11.433600425720217,10.84570026397705,97523,14.659700393676758,3.7444000244140634,0.2379900068044662
2002-12-13 15:00:00,2002,12,13,15,0,0.9175300002098083,11.920900344848633,15,10.657600402832031,9.519200325012209,85653,13.326800346374512,3.565579891204834,0.2613900005817413
2002-12-13 18:00:00,2002,12,13,18,0,0.8994230031967163,10.51650047302246,25,8.517000198364258,7.119200229644775,79232,13.326800346374512,3.667659997940064,0.3546200096607208
2002-12-13 21:00:00,2002,12,13,21,0,0.8895859718322754,9.522199630737305,35,8.05150032043457,7.038400173187256,88393,13.326800346374512,4.079050064086914,0.3418999910354614
2002-12-14 00:00:00,2002,12,14,0,0,0.8945720195770264,8.843299865722656,45,7.415699958801269,6.447999954223633,91195,11.013500213623049,4.311789989471436,0.3493900001049042
2002-12-14 03:00:00,2002,12,14,3,0,0.9025310277938844,9.30620002746582,45,7.9721999168396,7.031700134277344,70641,11.013500213623049,3.6838300228118896,0.3257000148296356
2002-12-14 06:00:00,2002,12,14,6,0,0.8826220035552979,9.377900123596191,35,7.972000122070312,6.963900089263916,59273,12.114999771118164,3.3600099086761475,0.3290899991989136
2002-12-14 09:00:00,2002,12,14,9,0,0.8737120032310486,9.17300033569336,35,7.463099956512451,6.288300037384033,56028,12.114999771118164,3.306979894638061,0.3592900037765503
2002-12-14 12:00:00,2002,12,14,12,0,0.8863769769668579,8.754599571228027,45,7.394199848175049,6.498300075531006,126895,10.01200008392334,5.126309871673584,0.3561600148677826
2002-12-14 15:00:00,2002,12,14,15,0,0.9168310165405272,10.956199645996094,45,9.65060043334961,8.757800102233887,345846,12.114999771118164,7.494150161743164,0.3058300018310547
2002-12-14 18:00:00,2002,12,14,18,0,0.9251189827919006,12.027299880981444,45,10.523599624633787,9.483699798583984,473399,13.326800346374512,8.409839630126953,0.3067600131034851
2002-12-14 21:00:00,2002,12,14,21,0,0.9239850044250488,13.016900062561035,45,11.79889965057373,10.94540023803711,427570,13.326800346374512,7.685440063476562,0.2623800039291382
2002-12-15 00:00:00,2002,12,15,0,0,0.9102669954299928,12.90089988708496,35,11.651800155639648,10.77649974822998,307763,13.326800346374512,6.546939849853516,0.266429990530014
2002-12-15 03:00:00,2002,12,15,3,0,0.9035959839820862,12.536399841308594,35,11.173800468444824,10.206700325012209,234957,13.326800346374512,5.7987799644470215,0.2806299924850464
2002-12-15 06:00:00,2002,12,15,6,0,0.9027199745178224,12.215399742126465,35,10.791299819946287,9.76159954071045,191495,13.326800346374512,5.297019958496094,0.2884800136089325
2002-12-15 09:00:00,2002,12,15,9,0,0.9015049934387208,12.012700080871582,35,10.543299674987791,9.450599670410156,164312,13.326800346374512,4.943130016326904,0.2924500107765198
2002-12-15 12:00:00,2002,12,15,12,0,0.903564989566803,11.897199630737305,35,10.271100044250488,9.053099632263184,159532,13.326800346374512,4.900780200958252,0.3080700039863586
2002-12-15 15:00:00,2002,12,15,15,0,0.9051880240440368,11.980999946594238,25,9.92959976196289,8.464300155639648,179594,14.659700393676758,5.214059829711914,0.3453699946403503
2002-12-15 18:00:00,2002,12,15,18,0,0.9058759808540344,11.813599586486816,35,9.645299911499023,8.243399620056152,231249,14.659700393676758,5.994959831237793,0.3772599995136261
2002-12-15 21:00:00,2002,12,15,21,0,0.9188429713249208,11.82509994506836,45,10.204700469970703,9.103699684143066,408344,14.659700393676758,7.894199848175049,0.327349990606308
2002-12-16 00:00:00,2002,12,16,0,0,0.9283580183982848,12.521699905395508,45,10.968999862670898,9.913000106811523,583897,14.659700393676758,9.188870429992676,0.3065899908542633
2002-12-16 03:00:00,2002,12,16,3,0,0.9220309853553772,13.15019989013672,35,11.68630027770996,10.661199569702148,499369,14.659700393676758,8.307439804077148,0.2869600057601928
2002-12-16 06:00:00,2002,12,16,6,0,0.915763020515442,13.523500442504885,35,12.183899879455566,11.277700424194336,422238,16.125999450683594,7.54557991027832,0.2748199999332428
2002-12-16 09:00:00,2002,12,16,9,0,0.909142017364502,13.800299644470217,35,12.636300086975098,11.872900009155272,322788,16.125999450683594,6.532110214233398,0.2575800120830536
2002-12-16 12:00:00,2002,12,16,12,0,0.9091470241546632,13.79539966583252,25,12.781499862670898,12.1496000289917,255727,16.125999450683594,5.804850101470947,0.2453799992799759
2002-12-16 15:00:00,2002,12,16,15,0,0.9061229825019836,13.595199584960938,25,12.667799949645996,12.1048002243042,209562,16.125999450683594,5.278019905090332,0.2388300001621246
2002-12-16 18:00:00,2002,12,16,18,0,0.9066960215568542,13.374199867248535,25,12.51509952545166,11.99810028076172,173584,16.125999450683594,4.828869819641113,0.2326900064945221
2002-12-16 21:00:00,2002,12,16,21,0,0.9123929738998412,13.220000267028809,25,12.389800071716309,11.89169979095459,147290,14.659700393676758,4.466489791870117,0.2302999943494796
2002-12-17 00:00:00,2002,12,17,0,0,0.9194779992103576,13.225600242614746,25,12.379400253295898,11.874600410461426,133781,14.659700393676758,4.257730007171631,0.2335399985313415
2002-12-17 03:00:00,2002,12,17,3,0,0.9273419976234436,13.432000160217283,25,12.528200149536133,11.994600296020508,130789,14.659700393676758,4.189410209655762,0.2411500066518783
2002-12-17 06:00:00,2002,12,17,6,0,0.9357630014419556,13.827300071716309,25,12.818099975585938,12.230199813842772,134306,14.659700393676758,4.207479953765869,0.2522799968719482
2002-12-17 09:00:00,2002,12,17,9,0,0.9429500102996826,14.214300155639648,25,13.125100135803224,12.484399795532228,140450,14.659700393676758,4.2642998695373535,0.2558900117874145
2002-12-17 12:00:00,2002,12,17,12,0,0.9460279941558838,14.257800102233888,25,13.164400100708008,12.493900299072266,139547,14.659700393676758,4.243509769439697,0.2515400052070617
2002-12-17 15:00:00,2002,12,17,15,0,0.945381999015808,13.976799964904783,25,12.845399856567385,12.106200218200684,130098,14.659700393676758,4.12559986114502,0.2520399987697601
2002-12-17 18:00:00,2002,12,17,18,0,0.9436600208282472,13.646699905395508,25,12.484800338745115,11.721599578857422,119216,14.659700393676758,3.986030101776123,0.2564800083637237
2002-12-17 21:00:00,2002,12,17,21,0,0.9448469877243042,13.413800239562988,15,12.247599601745604,11.499199867248535,110802,14.659700393676758,3.8703999519348153,0.2606900036334991
2002-12-18 00:00:00,2002,12,18,0,0,0.9469450116157532,13.264599800109863,15,12.103099822998049,11.36870002746582,104671,14.659700393676758,3.779249906539917,0.262580007314682
2002-12-18 03:00:00,2002,12,18,3,0,0.948602020740509,13.124199867248535,15,11.98550033569336,11.270500183105469,98966,14.659700393676758,3.689460039138794,0.2616400122642517
2002-12-18 06:00:00,2002,12,18,6,0,0.9490500092506408,12.923299789428713,15,11.81439971923828,11.117899894714355,91903,14.659700393676758,3.5757100582122803,0.2598200142383575
2002-12-18 09:00:00,2002,12,18,9,0,0.9488189816474916,12.714599609375,15,11.641799926757812,10.96500015258789,83931,14.659700393676758,3.4376399517059326,0.2569499909877777
2002-12-18 12:00:00,2002,12,18,12,0,0.9483109712600708,12.524900436401367,15,11.494400024414062,10.843700408935549,75893,14.659700393676758,3.287209987640381,0.2536900043487549
2002-12-18 15:00:00,2002,12,18,15,0,0.9480310082435608,12.367799758911133,15,11.376099586486816,10.735699653625488,69600,14.659700393676758,3.16264009475708,0.2499600052833557
2002-12-18 18:00:00,2002,12,18,18,0,0.9474440217018129,12.18280029296875,15,10.93000030517578,9.65310001373291,65367,14.659700393676758,3.0847599506378174,0.2541700005531311
2002-12-18 21:00:00,2002,12,18,21,0,0.9378499984741212,10.904600143432615,15,8.753800392150879,7.206200122833252,63424,13.326800346374512,3.2240800857543945,0.3515500128269195
2002-12-19 00:00:00,2002,12,19,0,0,0.9111829996109008,9.638999938964844,15,7.810800075531006,6.660099983215332,62096,13.326800346374512,3.411360025405884,0.3844000101089477
2002-12-19 03:00:00,2002,12,19,3,0,0.8913220167160034,9.037699699401855,25,7.417099952697754,6.353400230407715,68807,11.013500213623049,3.7073700428009033,0.3705799877643585
2002-12-19 06:00:00,2002,12,19,6,0,0.8874480128288269,9.159600257873535,35,7.729000091552734,6.744400024414063,70844,11.013500213623049,3.727040052413941,0.3428100049495697
2002-12-19 09:00:00,2002,12,19,9,0,0.9011440277099608,9.54699993133545,45,8.218400001525879,7.178199768066406,76462,11.013500213623049,3.772449970245361,0.3063699901103973
2002-12-19 12:00:00,2002,12,19,12,0,0.9110329747200012,9.87440013885498,45,8.443300247192383,7.302899837493896,74772,12.114999771118164,3.661570072174072,0.3067300021648407
2002-12-19 15:00:00,2002,12,19,15,0,0.92562997341156,10.605999946594238,45,8.957200050354004,7.681700229644775,109160,13.326800346374512,4.269929885864258,0.3161700069904327
2002-12-19 18:00:00,2002,12,19,18,0,0.9301589727401732,11.055500030517578,45,9.688899993896484,8.604999542236328,148726,13.326800346374512,4.870989799499512,0.2841100096702575
2002-12-19 21:00:00,2002,12,19,21,0,0.9098770022392272,10.79539966583252,45,9.3016996383667,8.104999542236328,126364,12.114999771118164,4.543600082397461,0.2963500022888183
2002-12-20 00:00:00,2002,12,20,0,0,0.9016469717025756,11.034600257873535,35,9.50979995727539,8.327300071716309,111671,12.114999771118164,4.238580226898193,0.308239996433258
2002-12-20 03:00:00,2002,12,20,3,0,0.9134179949760436,11.625699996948242,35,9.759900093078612,8.409600257873535,128252,16.125999450683594,4.460820198059082,0.3384900093078613
2002-12-20 06:00:00,2002,12,20,6,0,0.9152340292930604,11.5423002243042,35,9.333100318908691,7.873899936676025,164441,16.125999450683594,5.097080230712891,0.3734799921512604
2002-12-20 09:00:00,2002,12,20,9,0,0.916148006916046,11.733599662780762,35,9.681900024414062,8.279199600219727,189110,16.125999450683594,5.414700031280518,0.356689989566803
2002-12-20 12:00:00,2002,12,20,12,0,0.9143509864807128,11.972100257873535,35,10.139200210571287,8.834600448608398,195062,16.125999450683594,5.433969974517822,0.3343000113964081
2002-12-20 15:00:00,2002,12,20,15,0,0.913569986820221,12.376299858093262,35,10.627300262451172,9.40429973602295,210306,16.125999450683594,5.55787992477417,0.3241299986839294
2002-12-20 18:00:00,2002,12,20,18,0,0.9194089770317078,12.67959976196289,25,10.785599708557127,9.45069980621338,220565,16.125999450683594,5.642739772796631,0.3298799991607666
2002-12-20 21:00:00,2002,12,20,21,0,0.9292169809341432,13.066200256347656,25,11.324000358581545,10.133399963378906,221742,16.125999450683594,5.579599857330322,0.3144699931144714
2002-12-21 00:00:00,2002,12,21,0,0,0.9302510023117064,12.64459991455078,25,10.924500465393066,9.70460033416748,168239,16.125999450683594,4.919410228729248,0.3135400116443634
2002-12-21 03:00:00,2002,12,21,3,0,0.9245349764823914,11.80370044708252,25,10.220499992370604,9.10420036315918,116579,14.659700393676758,4.211699962615967,0.3133099973201751
2002-12-21 06:00:00,2002,12,21,6,0,0.9216129779815674,11.339400291442873,15,10.167799949645996,9.420000076293944,86844,13.326800346374512,3.6894800662994394,0.2865999937057495
2002-12-21 09:00:00,2002,12,21,9,0,0.924157977104187,11.08769989013672,15,10.089400291442873,9.477299690246582,68536,13.326800346374512,3.3061299324035645,0.2708899974822998
2002-12-21 12:00:00,2002,12,21,12,0,0.92474102973938,10.94540023803711,15,10.015999794006348,9.448200225830078,56193,13.326800346374512,3.009530067443848,0.2642300128936767
2002-12-21 15:00:00,2002,12,21,15,0,0.9231020212173462,10.83430004119873,15,9.958800315856934,9.4350004196167,46865,12.114999771118164,2.7622599601745605,0.2637400031089782
2002-12-21 18:00:00,2002,12,21,18,0,0.9226040244102478,10.84160041809082,15,9.953399658203123,9.447799682617188,39182,12.114999771118164,2.530220031738281,0.2792800068855285
2002-12-21 21:00:00,2002,12,21,21,0,0.9231740236282348,11.002599716186523,15,9.988100051879885,9.453100204467772,34441,12.114999771118164,2.3678300380706787,0.3140200078487396
2002-12-22 00:00:00,2002,12,22,0,0,0.927520990371704,11.410200119018556,5,10.053999900817873,9.338000297546388,33067,11.013500213623049,2.300600051879883,0.3621900081634521
2002-12-22 03:00:00,2002,12,22,3,0,0.934831976890564,11.94159984588623,5,10.260600090026855,9.427499771118164,34128,19.51320075988769,2.303679943084717,0.3871999979019165
2002-12-22 06:00:00,2002,12,22,6,0,0.9439039826393129,12.574299812316896,5,10.68000030517578,9.707200050354004,39092,19.51320075988769,2.4121899604797363,0.380620002746582
2002-12-22 09:00:00,2002,12,22,9,0,0.952006995677948,12.591899871826172,5,10.662400245666504,9.640700340270996,48315,19.51320075988769,2.677799940109253,0.3753600120544433
2002-12-22 12:00:00,2002,12,22,12,0,0.9550020098686218,12.383500099182127,5,10.534099578857422,9.547100067138672,51292,17.73889923095703,2.7731499671936035,0.3686200082302093
2002-12-22 15:00:00,2002,12,22,15,0,0.9567559957504272,12.458499908447266,5,10.691699981689451,9.72249984741211,46753,17.73889923095703,2.632469892501831,0.3526400029659271
2002-12-22 18:00:00,2002,12,22,18,0,0.9578819870948792,12.52910041809082,5,10.831500053405762,9.8858003616333,41862,17.73889923095703,2.4795799255371094,0.3402499854564667
2002-12-22 21:00:00,2002,12,22,21,0,0.9578440189361572,12.48449993133545,5,10.839599609375,9.925100326538086,37306,17.73889923095703,2.341909885406494,0.3346000015735626
2002-12-23 00:00:00,2002,12,23,0,0,0.957139015197754,12.308799743652344,5,10.73449993133545,9.86620044708252,34162,17.73889923095703,2.2525899410247803,0.3310100138187408
2002-12-23 03:00:00,2002,12,23,3,0,0.9572370052337646,12.201800346374512,5,10.708200454711914,9.878000259399414,33978,16.125999450683594,2.251250028610229,0.3233200013637543
2002-12-23 06:00:00,2002,12,23,6,0,0.9587630033493042,12.247300148010254,5,10.818900108337402,10.003499984741213,35476,16.125999450683594,2.2915000915527344,0.3118500113487243
2002-12-23 09:00:00,2002,12,23,9,0,0.9607409834861756,12.333000183105469,5,10.962400436401367,10.154199600219728,36566,16.125999450683594,2.314300060272217,0.300029993057251
2002-12-23 12:00:00,2002,12,23,12,0,0.962110996246338,12.33590030670166,5,11.025400161743164,10.23490047454834,35993,16.125999450683594,2.2918601036071777,0.2907699942588806
2002-12-23 15:00:00,2002,12,23,15,0,0.9626049995422364,12.241299629211426,5,10.974499702453612,10.205300331115724,33788,16.125999450683594,2.225879907608032,0.2862299978733063
2002-12-23 18:00:00,2002,12,23,18,0,0.9626280069351196,12.12310028076172,5,10.874899864196776,10.11460018157959,30977,14.659700393676758,2.139280080795288,0.2848599851131439
2002-12-23 21:00:00,2002,12,23,21,0,0.9632120132446288,12.056900024414062,355,10.826700210571287,10.069899559020996,28806,14.659700393676758,2.0664401054382324,0.2820500135421753
2002-12-24 00:00:00,2002,12,24,0,0,0.964039981365204,12.065199851989746,355,10.87279987335205,10.12320041656494,27924,14.659700393676758,2.0314900875091557,0.2754699885845184
2002-12-24 03:00:00,2002,12,24,3,0,0.96485698223114,12.114700317382812,5,10.973299980163574,10.23740005493164,27971,14.659700393676758,2.0268800258636475,0.2671700119972229
2002-12-24 06:00:00,2002,12,24,6,0,0.9660509824752808,12.06309986114502,5,10.619400024414062,9.073599815368652,28291,14.659700393676758,2.041260004043579,0.2651999890804291
2002-12-24 09:00:00,2002,12,24,9,0,0.9623429775238036,11.288299560546877,5,8.944999694824219,7.135700225830078,29544,14.659700393676758,2.159600019454956,0.3378700017929077
2002-12-24 12:00:00,2002,12,24,12,0,0.950573980808258,10.058300018310549,5,7.730800151824951,6.335299968719482,37422,13.326800346374512,2.5927999019622803,0.4087100028991699
2002-12-24 15:00:00,2002,12,24,15,0,0.9563180208206176,10.673500061035156,5,8.900199890136719,7.6921000480651855,46227,13.326800346374512,2.785640001296997,0.3466300070285797
2002-12-24 18:00:00,2002,12,24,18,0,0.9578400254249572,11.004599571228027,5,9.649399757385254,8.80840015411377,48826,13.326800346374512,2.8105599880218506,0.309139996767044
2002-12-24 21:00:00,2002,12,24,21,0,0.9566349983215332,11.093299865722656,5,9.772000312805176,8.863499641418457,46838,13.326800346374512,2.7371599674224854,0.2965799868106842
2002-12-25 00:00:00,2002,12,25,0,0,0.9494140148162842,10.726900100708008,5,8.89799976348877,7.47790002822876,43656,13.326800346374512,2.6877899169921875,0.3260299861431122
2002-12-25 03:00:00,2002,12,25,3,0,0.9424669742584229,10.10990047454834,5,8.193099975585938,6.861400127410889,39632,12.114999771118164,2.6441800594329834,0.3564200103282928
2002-12-25 06:00:00,2002,12,25,6,0,0.9317070245742798,9.436599731445312,15,7.537600040435791,6.332499980926514,43634,12.114999771118164,2.8827199935913086,0.3839800059795379
2002-12-25 09:00:00,2002,12,25,9,0,0.933493971824646,9.680299758911133,15,7.883999824523926,6.697400093078613,58171,13.326800346374512,3.2822999954223637,0.3671799898147583
2002-12-25 12:00:00,2002,12,25,12,0,0.9356229901313782,10.032999992370604,15,8.332900047302246,7.149700164794922,66874,13.326800346374512,3.4501399993896484,0.3466399908065796
2002-12-25 15:00:00,2002,12,25,15,0,0.9396610260009766,10.378700256347656,15,8.833499908447266,7.684999942779541,66013,13.326800346374512,3.362459897994995,0.3209800124168396
2002-12-25 18:00:00,2002,12,25,18,0,0.9380260109901428,10.496500015258787,15,9.025500297546388,7.895500183105469,64441,13.326800346374512,3.2996199131011963,0.3090899884700775
2002-12-25 21:00:00,2002,12,25,21,0,0.91804301738739,9.849499702453612,15,8.194000244140625,7.012700080871582,63379,13.326800346374512,3.38700008392334,0.3409999907016754
2002-12-26 00:00:00,2002,12,26,0,0,0.901757001876831,9.409000396728516,25,7.979199886322021,6.974899768829346,65254,12.114999771118164,3.5226399898529053,0.3343699872493744
2002-12-26 03:00:00,2002,12,26,3,0,0.8895699977874756,9.072099685668944,35,7.609499931335449,6.586599826812744,63288,11.013500213623049,3.5377299785614014,0.3415499925613403
2002-12-26 06:00:00,2002,12,26,6,0,0.887270987033844,8.826700210571289,45,7.407100200653076,6.420100212097168,74627,12.114999771118164,3.901669979095459,0.3430300056934356
2002-12-26 09:00:00,2002,12,26,9,0,0.884850025177002,9.183899879455566,45,7.917300224304199,7.005499839782715,85675,12.114999771118164,4.083409786224365,0.3162600100040436
2002-12-26 12:00:00,2002,12,26,12,0,0.8581460118293762,9.68929958343506,45,8.779000282287598,8.155200004577637,65225,11.013500213623049,3.454859972000122,0.2704499959945678
2002-12-26 15:00:00,2002,12,26,15,0,0.8350750207901001,9.918299674987791,35,9.186400413513184,8.731800079345703,47085,10.01200008392334,2.898560047149658,0.2502700090408325
2002-12-26 18:00:00,2002,12,26,18,0,0.8238570094108582,9.953100204467772,25,9.264900207519531,8.870200157165527,36186,12.114999771118164,2.5387001037597656,0.2495200037956237
2002-12-26 21:00:00,2002,12,26,21,0,0.8220959901809692,9.830699920654297,25,8.975899696350098,8.35990047454834,30339,12.114999771118164,2.341820001602173,0.2655799984931946
2002-12-27 00:00:00,2002,12,27,0,0,0.8177250027656555,7.563499927520752,45,6.415299892425537,5.674099922180176,50679,8.274100303649902,3.531529903411865,0.3572899997234344
2002-12-27 03:00:00,2002,12,27,3,0,0.8601229786872864,8.062399864196777,55,7.003699779510498,6.253200054168701,56673,9.101699829101562,3.587729930877685,0.3159500062465668
2002-12-27 06:00:00,2002,12,27,6,0,0.9047300219535828,8.161499977111816,55,7.163099765777588,6.440700054168701,86153,9.101699829101562,4.387209892272949,0.3004400134086609
2002-12-27 09:00:00,2002,12,27,9,0,0.9276090264320374,9.057100296020508,55,8.117199897766113,7.428199768066406,121040,10.01200008392334,4.882890224456787,0.2738299965858459
2002-12-27 12:00:00,2002,12,27,12,0,0.9291769862174988,9.62559986114502,45,8.755000114440918,8.147899627685547,128133,11.013500213623049,4.846849918365479,0.2566800117492676
2002-12-27 15:00:00,2002,12,27,15,0,0.9050269722938538,9.945300102233888,45,9.10509967803955,8.514599800109863,98750,11.013500213623049,4.176690101623535,0.2474700063467025
2002-12-27 18:00:00,2002,12,27,18,0,0.8932660222053528,10.553400039672852,35,9.885600090026855,9.44760036468506,88847,11.013500213623049,3.836430072784424,0.2225300073623657
2002-12-27 21:00:00,2002,12,27,21,0,0.892645001411438,10.4266996383667,25,9.880200386047363,9.532600402832031,70871,12.114999771118164,3.4442899227142334,0.2047699987888336
2002-12-28 00:00:00,2002,12,28,0,0,0.8843089938163757,10.257100105285645,25,9.753899574279783,9.43560028076172,56085,11.013500213623049,3.090670108795166,0.1993100047111511
2002-12-28 03:00:00,2002,12,28,3,0,0.87254798412323,10.099900245666504,25,9.626299858093262,9.327099800109863,45280,11.013500213623049,2.8008899688720703,0.1960700005292892
2002-12-28 06:00:00,2002,12,28,6,0,0.8578450083732605,9.803199768066406,25,9.202199935913086,8.580699920654297,34495,10.01200008392334,2.4868099689483643,0.2025000005960464
2002-12-28 09:00:00,2002,12,28,9,0,0.8402789831161499,8.869799613952637,35,7.566199779510498,6.461599826812744,26342,10.01200008392334,2.300869941711426,0.2895399928092956
2002-12-28 12:00:00,2002,12,28,12,0,0.8505449891090393,7.790999889373779,35,6.5406999588012695,5.684800148010254,26404,10.01200008392334,2.491300106048584,0.3399200141429901
2002-12-28 15:00:00,2002,12,28,15,0,0.8537700176239014,8.075499534606934,35,7.064099788665772,6.311299800872803,24107,9.101699829101562,2.334739923477173,0.2984499931335449
2002-12-28 18:00:00,2002,12,28,18,0,0.8514469861984253,8.336999893188477,35,7.5346999168396,6.945799827575684,20544,9.101699829101562,2.1170899868011475,0.2691200077533722
2002-12-28 21:00:00,2002,12,28,21,0,0.8517590165138245,8.536399841308594,35,7.896299839019775,7.483399868011475,18038,9.101699829101562,1.957419991493225,0.2486699968576431
2002-12-29 00:00:00,2002,12,29,0,0,0.8552550077438354,8.673299789428711,35,8.092599868774414,7.737400054931641,16576,9.101699829101562,1.8589600324630735,0.2390599995851516
2002-12-29 03:00:00,2002,12,29,3,0,0.8605039715766907,8.81470012664795,35,8.257399559020996,7.921299934387207,15915,9.101699829101562,1.8036199808120728,0.2332800030708313
2002-12-29 06:00:00,2002,12,29,6,0,0.8665350079536438,8.912699699401855,35,8.370100021362305,8.044699668884277,15244,9.101699829101562,1.7535099983215332,0.2299499958753585
2002-12-29 09:00:00,2002,12,29,9,0,0.8525829911231995,9.15659999847412,25,8.614500045776367,8.27239990234375,16802,9.101699829101562,1.8113399744033811,0.2260400056838989
2002-12-29 12:00:00,2002,12,29,12,0,0.8363980054855347,8.711400032043457,5,7.796299934387207,7.027500152587891,20660,9.101699829101562,2.0695900917053223,0.2720600068569183
2002-12-29 15:00:00,2002,12,29,15,0,0.8167240023612976,8.880399703979492,5,7.96560001373291,7.431600093841553,14446,9.101699829101562,1.7171499729156494,0.3076899945735931
2002-12-29 18:00:00,2002,12,29,18,0,0.8366159796714783,9.63479995727539,15,8.529199600219727,7.893499851226807,12542,13.326800346374512,1.528249979019165,0.3176099956035614
2002-12-29 21:00:00,2002,12,29,21,0,0.8680310249328613,10.199600219726562,15,9.119600296020508,8.44219970703125,13675,13.326800346374512,1.5431900024414062,0.2925300002098083
2002-12-30 00:00:00,2002,12,30,0,0,0.8728229999542236,9.289199829101562,15,6.88070011138916,5.39900016784668,15623,12.114999771118164,1.7296899557113647,0.3861199915409088
2002-12-30 03:00:00,2002,12,30,3,0,0.8175889849662781,6.804500102996826,35,5.4730000495910645,4.772500038146973,25006,12.114999771118164,2.633769989013672,0.4422000050544739
2002-12-30 06:00:00,2002,12,30,6,0,0.8773419857025146,7.1402997970581055,55,6.185100078582764,5.515699863433838,53611,8.274100303649902,3.757580041885376,0.3181700110435486
2002-12-30 09:00:00,2002,12,30,9,0,0.9021239876747132,8.139399528503418,55,7.044400215148926,6.263999938964844,97663,10.01200008392334,4.673940181732178,0.313510000705719
2002-12-30 12:00:00,2002,12,30,12,0,0.9138910174369812,8.872400283813477,45,7.746600151062012,6.927999973297119,132584,11.013500213623049,5.174220085144043,0.302509993314743
2002-12-30 15:00:00,2002,12,30,15,0,0.9104340076446532,9.538200378417969,45,8.634200096130371,8.002099990844727,108691,11.013500213623049,4.491409778594971,0.2675000131130218
2002-12-30 18:00:00,2002,12,30,18,0,0.8820430040359497,9.909299850463867,45,8.98270034790039,8.299200057983398,84296,11.013500213623049,3.875210046768189,0.2675600051879883
2002-12-30 21:00:00,2002,12,30,21,0,0.8580600023269653,9.424099922180176,35,7.928199768066406,6.855299949645996,82409,11.013500213623049,3.9543399810791016,0.341509997844696
2002-12-31 00:00:00,2002,12,31,0,0,0.8767399787902832,9.64490032196045,45,8.545999526977539,7.822299957275391,128156,10.01200008392334,4.873149871826172,0.3096300065517425
2002-12-31 03:00:00,2002,12,31,3,0,0.8752350211143494,10.853899955749512,35,9.9375,9.380999565124512,131473,11.013500213623049,4.63001012802124,0.2737100124359131
2002-12-31 06:00:00,2002,12,31,6,0,0.8720679879188538,11.704899787902832,35,10.842000007629396,10.34469985961914,123949,11.013500213623049,4.331850051879883,0.259550005197525
2002-12-31 09:00:00,2002,12,31,9,0,0.8773130178451538,12.180999755859377,25,11.304100036621094,10.807600021362305,117546,11.013500213623049,4.14316987991333,0.2558000087738037
2002-12-31 12:00:00,2002,12,31,12,0,0.883122980594635,12.42099952697754,25,11.525799751281738,11.024700164794922,108813,14.659700393676758,3.953819990158081,0.2554999887943268
2002-12-31 15:00:00,2002,12,31,15,0,0.8907139897346497,12.510600090026855,15,11.586999893188477,11.073100090026855,96814,14.659700393676758,3.720200061798096,0.2580099999904632
2002-12-31 18:00:00,2002,12,31,18,0,0.9003250002861023,12.518699645996094,15,11.580699920654297,11.059399604797363,86985,14.659700393676758,3.526279926300049,0.259799987077713
2002-12-31 21:00:00,2002,12,31,21,0,0.9075649976730348,12.546099662780762,15,11.598400115966797,11.067899703979492,83940,14.659700393676758,3.461519956588745,0.2620599865913391
