Source,Location ID,Jurisdiction,Latitude,Longitude,Time Zone,Local Time Zone,Distance to Shore,Directionality Coefficient,Energy Period,Maximum Energy Direction,Mean Absolute Period,Mean Wave Direction,Mean Zero-Crossing Period,Omni-Directional Wave Power,Peak Period,Significant Wave Height,Spectral Width,Water Depth,Version
DOE-WPTO US Wave dataset,613868,b'Oregon',42.7325,-124.497,0,-8,651.81616,-,s,deg,s,deg,s,W/m,s,m,-,17,v1.0.0
Year,Month,Day,Hour,Minute,Directionality Coefficient,Energy Period,Maximum Energy Direction,Mean Absolute Period,Mean Zero-Crossing Period,Omni-Directional Wave Power,Peak Period,Significant Wave Height,Spectral Width
1982,1,1,0,0,0.9170899987220764,8.48270034790039,35,7.503600120544434,6.721099853515625,10773,10.01200008392334,1.5037599802017212,0.27785998582839966
1982,1,1,3,0,0.9186919927597046,8.76449966430664,35,7.965000152587891,7.354100227355957,10207,10.01200008392334,1.4390300512313843,0.25532999634742737
1982,1,1,6,0,0.9193480014801025,8.827300071716309,35,7.979599952697754,7.308700084686279,9321,10.01200008392334,1.3717000484466553,0.2586100101470947
1982,1,1,9,0,0.9190589785575867,8.786600112915039,35,7.844399929046631,7.107399940490723,8716,10.01200008392334,1.3318599462509155,0.27261999249458313
1982,1,1,12,0,0.9188860058784485,8.799599647521973,35,7.8333001136779785,7.085100173950195,8091,10.01200008392334,1.28357994556427,0.2772499918937683
1982,1,1,15,0,0.9188809990882874,8.79520034790039,35,7.683599948883057,6.761000156402588,7499,10.01200008392334,1.2377500534057617,0.2870599925518036
1982,1,1,18,0,0.9042739868164062,6.433300018310547,35,4.745100021362305,3.9927000999450684,9554,10.01200008392334,1.664139986038208,0.49369001388549805
1982,1,1,21,0,0.9218890070915222,6.815199851989746,45,5.885000228881836,5.281400203704834,18808,7.5218000411987305,2.23075008392334,0.33952000737190247
1982,1,2,0,0,0.9219589829444885,7.926499843597412,45,7.053100109100342,6.447400093078613,24871,9.101699829101562,2.36299991607666,0.29499998688697815
1982,1,2,3,0,0.9264349937438965,8.590800285339355,45,7.492599964141846,6.728600025177002,26728,10.01200008392334,2.3715500831604004,0.31499001383781433
1982,1,2,6,0,0.9303489923477173,8.973600387573242,45,7.5295000076293945,6.565999984741211,37989,11.013500213623047,2.7984399795532227,0.35367000102996826
1982,1,2,9,0,0.937050998210907,11.314499855041504,45,10.104499816894531,9.276399612426758,62143,13.326800346374512,3.2668299674987793,0.2833400070667267
1982,1,2,12,0,0.9361140131950378,12.253100395202637,45,10.975700378417969,9.99120044708252,65991,13.326800346374512,3.289180040359497,0.2716200053691864
1982,1,2,15,0,0.9332249760627747,12.069299697875977,45,10.779000282287598,9.73069953918457,64754,13.326800346374512,3.269710063934326,0.2713800072669983
1982,1,2,18,0,0.9308509826660156,12.001999855041504,45,10.86520004272461,9.981900215148926,47956,13.326800346374512,2.8112900257110596,0.2581399977207184
1982,1,2,21,0,0.9280440211296082,11.82699966430664,45,10.869500160217285,10.208200454711914,34664,13.326800346374512,2.394059896469116,0.24584999680519104
1982,1,3,0,0,0.9249280095100403,11.557600021362305,45,10.621600151062012,9.977999687194824,25161,13.326800346374512,2.052570104598999,0.24710999429225922
1982,1,3,3,0,0.9218490123748779,9.185700416564941,35,7.011000156402588,5.767000198364258,23616,12.114999771118164,2.219089984893799,0.4185999929904938
1982,1,3,6,0,0.9266330003738403,7.947700023651123,45,6.401500225067139,5.497600078582764,31899,12.114999771118164,2.727410078048706,0.4103100001811981
1982,1,3,9,0,0.9286929965019226,8.254400253295898,45,6.878300189971924,5.985899925231934,37027,10.01200008392334,2.8646600246429443,0.36504998803138733
1982,1,3,12,0,0.9289529919624329,8.605999946594238,45,7.239099979400635,6.337200164794922,38069,11.013500213623047,2.8484299182891846,0.3530699908733368
1982,1,3,15,0,0.9273250102996826,8.803999900817871,45,7.342299938201904,6.390600204467773,35256,12.114999771118164,2.7210099697113037,0.3609200119972229
1982,1,3,18,0,0.9253000020980835,8.671600341796875,45,7.115600109100342,6.14300012588501,30882,12.114999771118164,2.571510076522827,0.37867000699043274
1982,1,3,21,0,0.9226469993591309,8.354700088500977,45,6.834099769592285,5.911399841308594,26997,12.114999771118164,2.4466500282287598,0.3893899917602539
1982,1,4,0,0,0.9176769852638245,7.420599937438965,55,6.099100112915039,5.325699806213379,30168,6.837800025939941,2.734410047531128,0.40310001373291016
1982,1,4,3,0,0.9262109994888306,7.570300102233887,55,6.39870023727417,5.625500202178955,37152,8.274100303649902,2.9760799407958984,0.35319000482559204
1982,1,4,6,0,0.9580240249633789,9.572799682617188,65,8.396499633789062,7.515900135040283,172950,11.013500213623047,5.7623701095581055,0.29499000310897827
1982,1,4,9,0,0.9666200280189514,10.170100212097168,65,9.30150032043457,8.684100151062012,119002,11.013500213623047,4.643139839172363,0.24946999549865723
1982,1,4,12,0,0.9652550220489502,10.416199684143066,65,9.777099609375,9.337800025939941,67732,11.013500213623047,3.4560699462890625,0.214819997549057
1982,1,4,15,0,0.9590939879417419,10.241100311279297,65,9.687800407409668,9.333000183105469,42752,11.013500213623047,2.758510112762451,0.20907999575138092
1982,1,4,18,0,0.951662003993988,9.949199676513672,65,9.438899993896484,9.125900268554688,28193,11.013500213623047,2.2620999813079834,0.20959000289440155
1982,1,4,21,0,0.9461359977722168,9.774299621582031,65,9.300399780273438,9.019800186157227,21634,10.01200008392334,1.9934799671173096,0.2092600017786026
1982,1,5,0,0,0.9433919787406921,9.749899864196777,65,9.283900260925293,9.015600204467773,19069,10.01200008392334,1.873479962348938,0.21174000203609467
1982,1,5,3,0,0.9412379860877991,9.755499839782715,65,9.26159954071045,8.98639965057373,16798,10.01200008392334,1.76010000705719,0.22272999584674835
1982,1,5,6,0,0.9385160207748413,9.705599784851074,65,9.172499656677246,8.889200210571289,14223,10.01200008392334,1.62568998336792,0.2400200068950653
1982,1,5,9,0,0.9348070025444031,9.626199722290039,65,9.040499687194824,8.74590015411377,11781,10.01200008392334,1.4879800081253052,0.26137998700141907
1982,1,5,12,0,0.9293799996376038,9.545900344848633,65,8.922100067138672,8.614700317382812,9980,9.101699829101562,1.3764499425888062,0.27491000294685364
1982,1,5,15,0,0.916903018951416,9.357500076293945,55,8.648799896240234,8.26449966430664,8492,9.101699829101562,1.2823100090026855,0.28832998871803284
1982,1,5,18,0,0.907164990901947,9.310600280761719,55,8.573399543762207,8.12969970703125,7180,9.101699829101562,1.1813499927520752,0.2888300120830536
1982,1,5,21,0,0.9009339809417725,9.424099922180176,55,8.700300216674805,8.29319953918457,6277,9.101699829101562,1.099310040473938,0.2897399961948395
1982,1,6,0,0,0.8969950079917908,9.665300369262695,55,8.875,8.456399917602539,5773,9.101699829101562,1.0464400053024292,0.3047899901866913
1982,1,6,3,0,0.894815981388092,9.949600219726562,55,9.003199577331543,8.508700370788574,5586,9.101699829101562,1.0228500366210938,0.3286600112915039
1982,1,6,6,0,0.8891509771347046,9.983499526977539,55,8.76039981842041,8.013799667358398,5670,9.101699829101562,1.0352200269699097,0.35745999217033386
1982,1,6,9,0,0.8899779915809631,10.134499549865723,55,8.807700157165527,8.003199577331543,5460,9.101699829101562,1.0127500295639038,0.3680500090122223
1982,1,6,12,0,0.8957809805870056,10.346699714660645,55,9.042699813842773,8.309100151062012,4933,9.101699829101562,0.9558200240135193,0.36844998598098755
1982,1,6,15,0,0.9017750024795532,10.516300201416016,55,9.237199783325195,8.559399604797363,4504,9.101699829101562,0.9081699848175049,0.3686999976634979
1982,1,6,18,0,0.9080150127410889,10.755200386047363,55,9.459600448608398,8.794300079345703,4309,9.101699829101562,0.8821099996566772,0.36910998821258545
1982,1,6,21,0,0.9152799844741821,11.128399848937988,55,9.78439998626709,9.097700119018555,4359,9.101699829101562,0.8779500126838684,0.3659699857234955
1982,1,7,0,0,0.9219849705696106,11.549300193786621,55,10.129799842834473,9.371899604797363,4557,16.125999450683594,0.8879899978637695,0.3606399893760681
1982,1,7,3,0,0.9259080290794373,11.890899658203125,55,10.333499908447266,9.370200157165527,4737,16.125999450683594,0.8984299898147583,0.3573099970817566
1982,1,7,6,0,0.9282090067863464,12.123499870300293,55,10.503700256347656,9.435500144958496,4769,16.125999450683594,0.8965299725532532,0.3521200120449066
1982,1,7,9,0,0.9297500252723694,12.284600257873535,55,10.62440013885498,9.493800163269043,4656,16.125999450683594,0.8827000260353088,0.3487200140953064
1982,1,7,12,0,0.9319970011711121,12.480600357055664,55,10.812100410461426,9.675700187683105,4500,16.125999450683594,0.8638799786567688,0.3445200026035309
1982,1,7,15,0,0.933991014957428,12.601699829101562,55,10.908699989318848,9.748700141906738,4355,17.73889923095703,0.8477799892425537,0.34290000796318054
1982,1,7,18,0,0.9351509809494019,12.631400108337402,55,10.972100257873535,9.869999885559082,4164,17.73889923095703,0.8282999992370605,0.3405599892139435
1982,1,7,21,0,0.9363600015640259,12.624799728393555,55,10.968799591064453,9.89229965209961,4021,17.73889923095703,0.8141199946403503,0.3395400047302246
1982,1,8,0,0,0.9384160041809082,12.746199607849121,55,11.080300331115723,9.980400085449219,4108,17.73889923095703,0.8205900192260742,0.3351300060749054
1982,1,8,3,0,0.940205991268158,12.858799934387207,55,11.194600105285645,10.047800064086914,4289,17.73889923095703,0.8357899785041809,0.3273000121116638
1982,1,8,6,0,0.9410359859466553,12.9443998336792,55,11.320599555969238,10.155699729919434,4459,17.73889923095703,0.8496000170707703,0.3186100125312805
1982,1,8,9,0,0.9403129816055298,13.035200119018555,55,11.470100402832031,10.349699974060059,4667,16.125999450683594,0.8668599724769592,0.31189000606536865
1982,1,8,12,0,0.9380980134010315,13.18970012664795,55,11.671899795532227,10.6358003616333,5018,16.125999450683594,0.895799994468689,0.3075900077819824
1982,1,8,15,0,0.9350579977035522,13.28909969329834,55,11.821100234985352,10.8818998336792,5404,16.125999450683594,0.9275000095367432,0.3035399913787842
1982,1,8,18,0,0.93122398853302,13.3193998336792,55,11.879500389099121,11.016599655151367,6004,17.73889923095703,0.9770699739456177,0.3009600043296814
1982,1,8,21,0,0.9251369833946228,13.029899597167969,55,11.565500259399414,10.751399993896484,6738,17.73889923095703,1.0422699451446533,0.3105599880218506
1982,1,9,0,0,0.9202219843864441,12.551899909973145,55,11.06820011138916,10.274200439453125,7461,16.125999450683594,1.1090799570083618,0.32120001316070557
1982,1,9,3,0,0.9191240072250366,12.261099815368652,45,10.764900207519531,9.951399803161621,8244,16.125999450683594,1.173840045928955,0.323199987411499
1982,1,9,6,0,0.9209030270576477,12.085599899291992,45,10.572999954223633,9.712400436401367,9007,16.125999450683594,1.2317399978637695,0.32152000069618225
1982,1,9,9,0,0.9220179915428162,11.890700340270996,45,10.417699813842773,9.52560043334961,9595,14.659700393676758,1.2751200199127197,0.31520000100135803
1982,1,9,12,0,0.9234520196914673,11.772500038146973,45,10.422699928283691,9.587499618530273,10035,14.659700393676758,1.303879976272583,0.3020299971103668
1982,1,9,15,0,0.925462007522583,11.796299934387207,45,10.522299766540527,9.725199699401855,10554,14.659700393676758,1.3335599899291992,0.29137998819351196
1982,1,9,18,0,0.9273130297660828,11.8818998336792,45,10.638400077819824,9.858699798583984,10934,14.659700393676758,1.3532700538635254,0.28567999601364136
1982,1,9,21,0,0.9290310144424438,11.986800193786621,45,10.755900382995605,9.9798002243042,11236,14.659700393676758,1.367650032043457,0.2818399965763092
1982,1,10,0,0,0.9311659932136536,12.115400314331055,45,10.920299530029297,10.152899742126465,11839,14.659700393676758,1.3980499505996704,0.2738099992275238
1982,1,10,3,0,0.9345620274543762,12.285799980163574,55,11.174799919128418,10.432999610900879,13184,13.326800346374512,1.4662799835205078,0.25839999318122864
1982,1,10,6,0,0.9375690221786499,12.37030029296875,55,11.347700119018555,10.640299797058105,14564,13.326800346374512,1.5347800254821777,0.2441300004720688
1982,1,10,9,0,0.9388110041618347,12.285099983215332,55,11.308899879455566,10.588600158691406,15125,13.326800346374512,1.5645300149917603,0.23586000502109528
1982,1,10,12,0,0.940621018409729,12.199399948120117,55,11.329700469970703,10.665599822998047,14956,13.326800346374512,1.5550400018692017,0.22359000146389008
1982,1,10,15,0,0.9418569803237915,12.095399856567383,55,11.298600196838379,10.690600395202637,14430,13.326800346374512,1.5287699699401855,0.21685999631881714
1982,1,10,18,0,0.9416859745979309,11.924400329589844,55,11.151300430297852,10.57409954071045,13374,13.326800346374512,1.4770699739456177,0.21792000532150269
1982,1,10,21,0,0.9403179883956909,11.698599815368652,55,10.894000053405762,10.276399612426758,12053,13.326800346374512,1.410580039024353,0.2247599959373474
1982,1,11,0,0,0.9379159808158875,11.460000038146973,55,10.547800064086914,9.80150032043457,10986,13.326800346374512,1.3570599555969238,0.23837999999523163
1982,1,11,3,0,0.935837984085083,11.258700370788574,55,10.208600044250488,9.310600280761719,10074,12.114999771118164,1.3091700077056885,0.25409001111984253
1982,1,11,6,0,0.932807981967926,11.032999992370605,55,9.869199752807617,8.906599998474121,9122,12.114999771118164,1.2571200132369995,0.2734299898147583
1982,1,11,9,0,0.9333890080451965,10.999300003051758,55,9.82859992980957,8.876700401306152,8257,12.114999771118164,1.1978100538253784,0.2809000015258789
1982,1,11,12,0,0.9294499754905701,10.785699844360352,55,9.46030044555664,8.493300437927246,7703,12.114999771118164,1.1699199676513672,0.31047001481056213
1982,1,11,15,0,0.9202089905738831,10.122300148010254,45,8.539600372314453,7.535900115966797,7585,12.114999771118164,1.198830008506775,0.36647000908851624
1982,1,11,18,0,0.9137960076332092,9.831600189208984,45,8.297499656677246,7.349599838256836,7418,12.114999771118164,1.2008600234985352,0.38304001092910767
1982,1,11,21,0,0.9144250154495239,10.219099998474121,45,8.701199531555176,7.744900226593018,6452,11.013500213623047,1.1023900508880615,0.37501999735832214
1982,1,12,0,0,0.9131619930267334,10.444600105285645,45,8.824600219726562,7.777299880981445,5925,11.013500213623047,1.0498299598693848,0.3798399865627289
1982,1,12,3,0,0.9090269804000854,10.473999977111816,45,8.751299858093262,7.644000053405762,5857,11.013500213623047,1.0454000234603882,0.39135000109672546
1982,1,12,6,0,0.9059879779815674,10.561699867248535,45,8.784299850463867,7.651599884033203,5862,11.013500213623047,1.0440700054168701,0.39656999707221985
1982,1,12,9,0,0.9038659930229187,10.696800231933594,45,8.875300407409668,7.701399803161621,5836,19.513200759887695,1.0375499725341797,0.3966900110244751
1982,1,12,12,0,0.9039700031280518,10.974599838256836,45,9.192899703979492,8.019100189208984,5738,19.513200759887695,1.0179599523544312,0.38402000069618225
1982,1,12,15,0,0.9064229726791382,11.286199569702148,45,9.588399887084961,8.435600280761719,5596,19.513200759887695,0.993149995803833,0.3648799955844879
1982,1,12,18,0,0.9082080125808716,11.407600402832031,45,9.801300048828125,8.67650032043457,5517,10.01200008392334,0.9800099730491638,0.34891000390052795
1982,1,12,21,0,0.909080982208252,11.401800155639648,45,9.892900466918945,8.82289981842041,5425,10.01200008392334,0.9696900248527527,0.33730000257492065
1982,1,13,0,0,0.9090800285339355,11.337599754333496,45,9.883500099182129,8.84570026397705,5291,10.01200008392334,0.9582800269126892,0.3322399854660034
1982,1,13,3,0,0.9081090092658997,11.219099998474121,45,9.71030044555664,8.58810043334961,5089,10.01200008392334,0.9434400200843811,0.33682000637054443
1982,1,13,6,0,0.9081900119781494,11.238699913024902,45,9.728599548339844,8.621899604797363,4845,10.01200008392334,0.9204599857330322,0.3407599925994873
1982,1,13,9,0,0.9096879959106445,11.423600196838379,45,9.93340015411377,8.913800239562988,4637,17.73889923095703,0.8967999815940857,0.34518998861312866
1982,1,13,12,0,0.91143798828125,11.72659969329834,45,10.169099807739258,9.200599670410156,4516,17.73889923095703,0.8805000185966492,0.3544999957084656
1982,1,13,15,0,0.9134960174560547,12.127699851989746,45,10.43239974975586,9.43239974975586,4510,17.73889923095703,0.8741499781608582,0.3609200119972229
1982,1,13,18,0,0.9156789779663086,12.58549976348877,45,10.756799697875977,9.668999671936035,4639,17.73889923095703,0.8790799975395203,0.35725000500679016
1982,1,13,21,0,0.9178100228309631,13.004500389099121,55,11.077099800109863,9.862099647521973,4834,17.73889923095703,0.8899199962615967,0.3461900055408478
1982,1,14,0,0,0.9211040139198303,13.34630012512207,55,11.334699630737305,9.890299797058105,5240,17.73889923095703,0.9193999767303467,0.3292900025844574
1982,1,14,3,0,0.9229599833488464,13.53339958190918,55,11.406599998474121,9.65719985961914,5915,16.125999450683594,0.9720600247383118,0.31393998861312866
1982,1,14,6,0,0.9234489798545837,13.514599800109863,55,11.276800155639648,9.319999694824219,6605,16.125999450683594,1.026710033416748,0.30651000142097473
1982,1,14,9,0,0.9241129755973816,13.37399959564209,45,11.112700462341309,9.095100402832031,7188,16.125999450683594,1.0726499557495117,0.301800012588501
1982,1,14,12,0,0.9235860109329224,13.027999877929688,45,10.690600395202637,8.686200141906738,7807,16.125999450683594,1.1263699531555176,0.3098900020122528
1982,1,14,15,0,0.9248250126838684,12.893899917602539,45,10.645600318908691,8.669500350952148,8061,14.659700393676758,1.1450899839401245,0.3026899993419647
1982,1,14,18,0,0.9259780049324036,12.812199592590332,45,10.746000289916992,8.849699974060059,7975,14.659700393676758,1.1370999813079834,0.2907800078392029
1982,1,14,21,0,0.9261900186538696,12.67490005493164,45,10.757200241088867,8.970499992370605,7840,14.659700393676758,1.1283299922943115,0.2844400107860565
1982,1,15,0,0,0.9253720045089722,12.453700065612793,45,10.506600379943848,8.75570011138916,7702,14.659700393676758,1.1245299577713013,0.29172998666763306
1982,1,15,3,0,0.9244049787521362,12.264100074768066,45,10.236900329589844,8.484600067138672,7397,14.659700393676758,1.1086000204086304,0.30270999670028687
1982,1,15,6,0,0.924144983291626,12.192399978637695,45,10.165599822998047,8.434900283813477,6935,13.326800346374512,1.075510025024414,0.30654001235961914
1982,1,15,9,0,0.9240310192108154,12.159700393676758,45,10.199999809265137,8.516599655151367,6463,13.326800346374512,1.0383199453353882,0.3046000003814697
1982,1,15,12,0,0.9239469766616821,12.134499549865723,45,10.283499717712402,8.673500061035156,6127,13.326800346374512,1.010159969329834,0.298909991979599
1982,1,15,15,0,0.924006998538971,12.099300384521484,45,10.35789966583252,8.828499794006348,5917,13.326800346374512,0.9920200109481812,0.29236000776290894
1982,1,15,18,0,0.924140989780426,12.024999618530273,45,10.390999794006348,8.936300277709961,5748,13.326800346374512,0.9778299927711487,0.28488001227378845
1982,1,15,21,0,0.92426598072052,11.92870044708252,45,10.419899940490723,9.053099632263184,5622,13.326800346374512,0.9672799706459045,0.2754000127315521
1982,1,16,0,0,0.9241859912872314,11.832799911499023,45,10.457599639892578,9.204400062561035,5525,13.326800346374512,0.9592700004577637,0.2660999894142151
1982,1,16,3,0,0.9237710237503052,11.713299751281738,45,10.463899612426758,9.34469985961914,5390,13.326800346374512,0.9487599730491638,0.25909000635147095
1982,1,16,6,0,0.9231380224227905,11.561300277709961,45,10.4197998046875,9.433600425720215,5194,13.326800346374512,0.9337199926376343,0.25426000356674194
1982,1,16,9,0,0.9225640296936035,11.416299819946289,45,10.343400001525879,9.452899932861328,4960,13.326800346374512,0.9151700139045715,0.2522599995136261
1982,1,16,12,0,0.9216769933700562,11.243599891662598,45,10.07229995727539,8.949399948120117,4666,13.326800346374512,0.8923599720001221,0.25683000683784485
1982,1,16,15,0,0.9152479767799377,9.347399711608887,45,6.239699840545654,4.711599826812744,4564,12.114999771118164,0.9686300158500671,0.43876999616622925
1982,1,16,18,0,0.8996480107307434,6.896299839019775,45,4.814199924468994,4.011600017547607,5680,12.114999771118164,1.2621099948883057,0.5649399757385254
1982,1,16,21,0,0.9075250029563904,6.405900001525879,45,4.921000003814697,4.233500003814697,7899,12.114999771118164,1.5293699502944946,0.5036299824714661
1982,1,17,0,0,0.9131410121917725,6.530399799346924,45,5.182700157165527,4.481800079345703,10181,7.5218000411987305,1.7061899900436401,0.4546299874782562
1982,1,17,3,0,0.9109339714050293,6.587299823760986,45,5.321300029754639,4.6371002197265625,13419,6.216100215911865,1.94350004196167,0.4311699867248535
1982,1,17,6,0,0.9131619930267334,6.947400093078613,45,5.643099784851074,4.898399829864502,15429,10.01200008392334,2.0210399627685547,0.4101099967956543
1982,1,17,9,0,0.9155480265617371,7.297900199890137,45,5.9822998046875,5.211299896240234,16494,11.013500213623047,2.0358500480651855,0.39625999331474304
1982,1,17,12,0,0.915710985660553,7.930200099945068,45,6.553199768066406,5.7270002365112305,14902,11.013500213623047,1.8561899662017822,0.37961000204086304
1982,1,17,15,0,0.9151899814605713,8.43529987335205,45,7.041100025177002,6.169400215148926,14688,11.013500213623047,1.7895100116729736,0.3645400106906891
1982,1,17,18,0,0.9193959832191467,9.102100372314453,45,7.320400238037109,6.208899974822998,17834,11.013500213623047,1.921679973602295,0.39157000184059143
1982,1,17,21,0,0.9252009987831116,10.23490047454834,45,7.90910005569458,6.523900032043457,27953,14.659700393676758,2.3234200477600098,0.41561999917030334
1982,1,18,0,0,0.9295549988746643,11.236100196838379,45,8.713600158691406,7.112599849700928,38503,16.125999450683594,2.642400026321411,0.39601001143455505
1982,1,18,3,0,0.9311689734458923,11.773799896240234,45,9.331899642944336,7.6458001136779785,42921,16.125999450683594,2.73934006690979,0.37130001187324524
1982,1,18,6,0,0.9325069785118103,12.345199584960938,45,10.243200302124023,8.658599853515625,42653,16.125999450683594,2.6743199825286865,0.33344998955726624
1982,1,18,9,0,0.9332600235939026,12.600099563598633,45,10.689200401306152,9.186300277709961,40317,14.659700393676758,2.576080083847046,0.3128400146961212
1982,1,18,12,0,0.9326909780502319,11.93179988861084,45,9.508000373840332,7.767099857330322,38105,14.659700393676758,2.5643699169158936,0.3548800051212311
1982,1,18,15,0,0.9316629767417908,10.751700401306152,45,8.687600135803223,7.347400188446045,41109,14.659700393676758,2.7541000843048096,0.38075000047683716
1982,1,18,18,0,0.93230801820755,11.116700172424316,45,9.448800086975098,8.3193998336792,37240,14.659700393676758,2.568739891052246,0.33562999963760376
1982,1,18,21,0,0.9318789839744568,11.165800094604492,45,9.418399810791016,8.111000061035156,33365,14.659700393676758,2.4244000911712646,0.326200008392334
1982,1,19,0,0,0.9314200282096863,11.241399765014648,45,9.576899528503418,8.298199653625488,30283,13.326800346374512,2.2998099327087402,0.31398001313209534
1982,1,19,3,0,0.9316610097885132,11.545999526977539,45,10.280200004577637,9.453800201416016,28384,13.326800346374512,2.1971399784088135,0.2855600118637085
1982,1,19,6,0,0.9322779774665833,11.655699729919434,45,10.529600143432617,9.813300132751465,28612,13.326800346374512,2.1943199634552,0.2722499966621399
1982,1,19,9,0,0.9315770268440247,11.62720012664795,45,10.548199653625488,9.86769962310791,28341,13.326800346374512,2.1836299896240234,0.2681199908256531
1982,1,19,12,0,0.9300919771194458,11.573699951171875,45,10.48639965057373,9.798800468444824,25700,13.326800346374512,2.0825300216674805,0.26872000098228455
1982,1,19,15,0,0.9283210039138794,11.526599884033203,45,10.440299987792969,9.749199867248535,22934,13.326800346374512,1.9694199562072754,0.2681399881839752
1982,1,19,18,0,0.9264190196990967,11.465700149536133,45,10.391900062561035,9.705499649047852,20543,13.326800346374512,1.8662999868392944,0.2667500078678131
1982,1,19,21,0,0.9244149923324585,11.344499588012695,45,10.22760009765625,9.3818998336792,18307,13.326800346374512,1.766890048980713,0.2654699981212616
1982,1,20,0,0,0.9218220114707947,10.816699981689453,45,8.959799766540527,7.299600124359131,16102,13.326800346374512,1.691159963607788,0.3014400005340576
1982,1,20,3,0,0.9202399849891663,10.215399742126465,45,8.15939998626709,6.5995001792907715,14151,13.326800346374512,1.6250799894332886,0.33621999621391296
1982,1,20,6,0,0.9198669791221619,9.73169994354248,45,7.631899833679199,6.190199851989746,12746,12.114999771118164,1.5751299858093262,0.3599799871444702
1982,1,20,9,0,0.9185940027236938,9.723299980163574,45,7.749100208282471,6.318299770355225,11579,12.114999771118164,1.4967800378799438,0.3451099991798401
1982,1,20,12,0,0.9175950288772583,9.59119987487793,45,7.666100025177002,6.255300045013428,10685,12.114999771118164,1.4431400299072266,0.34143999218940735
1982,1,20,15,0,0.9178789854049683,9.628700256347656,45,8.087800025939941,6.917799949645996,9753,12.114999771118164,1.3711800575256348,0.3185800015926361
1982,1,20,18,0,0.9179390072822571,9.715800285339355,35,8.526700019836426,7.682600021362305,8872,11.013500213623047,1.2981899976730347,0.29603999853134155
1982,1,20,21,0,0.9183109998703003,9.829700469970703,35,8.806699752807617,8.156499862670898,8417,11.013500213623047,1.2569899559020996,0.2864600121974945
1982,1,21,0,0,0.9202790260314941,10.190600395202637,45,9.20460033416748,8.596699714660645,9246,11.013500213623047,1.2999099493026733,0.28014999628067017
1982,1,21,3,0,0.9238770008087158,10.702199935913086,45,9.754799842834473,9.159199714660645,11745,13.326800346374512,1.4386600255966187,0.2654699981212616
1982,1,21,6,0,0.9247360229492188,10.949899673461914,45,10.01200008392334,9.413599967956543,13944,13.326800346374512,1.555359959602356,0.259550005197525
1982,1,21,9,0,0.9202200174331665,10.031499862670898,35,8.606100082397461,7.555300235748291,18849,12.114999771118164,1.880370020866394,0.31825000047683716
1982,1,21,12,0,0.9201610088348389,10.203300476074219,35,8.967900276184082,8.014100074768066,25083,12.114999771118164,2.1450600624084473,0.29120999574661255
1982,1,21,15,0,0.9200860261917114,10.696000099182129,35,9.696800231933594,8.97659969329834,20773,12.114999771118164,1.9124000072479248,0.2611199915409088
1982,1,21,18,0,0.9198340177536011,10.800600051879883,35,9.904399871826172,9.303899765014648,17104,12.114999771118164,1.726989984512329,0.2506699860095978
1982,1,21,21,0,0.919035017490387,10.61769962310791,35,9.516799926757812,8.580499649047852,15105,12.114999771118164,1.6351499557495117,0.26315999031066895
1982,1,22,0,0,0.9184409976005554,10.09469985961914,35,8.771599769592285,7.736999988555908,14952,12.114999771118164,1.6640900373458862,0.2972300052642822
1982,1,22,3,0,0.9191460013389587,10.273699760437012,35,9.198800086975098,8.441200256347656,14194,12.114999771118164,1.6057100296020508,0.2772600054740906
1982,1,22,6,0,0.919277012348175,10.406100273132324,35,9.46049976348877,8.81820011138916,13319,12.114999771118164,1.5446799993515015,0.2632499933242798
1982,1,22,9,0,0.9185490012168884,10.204899787902832,35,9.130499839782715,8.295299530029297,12259,11.013500213623047,1.4946600198745728,0.2771399915218353
1982,1,22,12,0,0.9174759984016418,9.94729995727539,35,8.663299560546875,7.611599922180176,10741,11.013500213623047,1.4166799783706665,0.2999500036239624
1982,1,22,15,0,0.9153310060501099,8.919899940490723,35,6.656700134277344,5.277200222015381,9188,11.013500213623047,1.3880000114440918,0.4024600088596344
1982,1,22,18,0,0.9012330174446106,6.474100112915039,45,5.020999908447266,4.339000225067139,12076,11.013500213623047,1.879870057106018,0.49948999285697937
1982,1,22,21,0,0.9106320142745972,6.357800006866455,45,5.281599998474121,4.66379976272583,16490,6.837800025939941,2.1937599182128906,0.4225899875164032
1982,1,23,0,0,0.9222239851951599,6.747499942779541,55,5.781000137329102,5.171800136566162,19780,7.5218000411987305,2.311350107192993,0.3803099989891052
1982,1,23,3,0,0.9220830202102661,7.0528998374938965,55,6.076900005340576,5.449999809265137,23505,7.5218000411987305,2.4560799598693848,0.3676399886608124
1982,1,23,6,0,0.9248600006103516,7.26039981842041,55,6.247300148010254,5.586699962615967,26008,7.5218000411987305,2.5434799194335938,0.36298999190330505
1982,1,23,9,0,0.923740029335022,7.590799808502197,55,6.5742998123168945,5.916900157928467,26007,7.5218000411987305,2.4868099689483643,0.35774001479148865
1982,1,23,12,0,0.9177460074424744,7.730400085449219,55,6.525300025939941,5.771500110626221,25218,7.5218000411987305,2.439970016479492,0.3868899941444397
1982,1,23,15,0,0.9137020111083984,8.001099586486816,55,6.5980000495910645,5.762700080871582,24637,10.01200008392334,2.3860599994659424,0.41245999932289124
1982,1,23,18,0,0.9163219928741455,8.06879997253418,55,6.593800067901611,5.759699821472168,26216,10.01200008392334,2.4608800411224365,0.42754998803138733
1982,1,23,21,0,0.919963002204895,8.305700302124023,55,6.7418999671936035,5.85230016708374,27598,11.013500213623047,2.49426007270813,0.4271700084209442
1982,1,24,0,0,0.921334981918335,8.497699737548828,55,6.79580020904541,5.841100215911865,29386,11.013500213623047,2.553270101547241,0.4319700002670288
1982,1,24,3,0,0.9223889708518982,8.70199966430664,55,6.865699768066406,5.833899974822998,30306,12.114999771118164,2.5702500343322754,0.4333600103855133
1982,1,24,6,0,0.9248899817466736,8.470999717712402,55,6.690899848937988,5.707099914550781,34041,12.114999771118164,2.7581100463867188,0.43990999460220337
1982,1,24,9,0,0.9292839765548706,8.587200164794922,55,6.842599868774414,5.846499919891357,36186,12.114999771118164,2.8204500675201416,0.42952001094818115
1982,1,24,12,0,0.9312040209770203,8.819600105285645,55,7.0177998542785645,5.978300094604492,35902,12.114999771118164,2.7784299850463867,0.42761000990867615
1982,1,24,15,0,0.9315369725227356,9.890000343322754,55,8.228599548339844,7.241199970245361,32295,12.114999771118164,2.5046300888061523,0.3857100009918213
1982,1,24,18,0,0.9300029873847961,10.6181001663208,55,9.09469985961914,8.229900360107422,29201,12.114999771118164,2.312619924545288,0.3564000129699707
1982,1,24,21,0,0.9319909811019897,11.027999877929688,45,9.509699821472168,8.581999778747559,26824,12.114999771118164,2.1840600967407227,0.34046000242233276
1982,1,25,0,0,0.9341250061988831,11.341500282287598,45,9.79539966583252,8.807700157165527,25046,12.114999771118164,2.0901598930358887,0.3324899971485138
1982,1,25,3,0,0.9356499910354614,11.54419994354248,45,10.032400131225586,9.11460018157959,23403,12.114999771118164,2.0083999633789062,0.32780998945236206
1982,1,25,6,0,0.9362059831619263,11.666600227355957,45,10.1983003616333,9.322600364685059,21727,16.125999450683594,1.9276599884033203,0.3235200047492981
1982,1,25,9,0,0.9359149932861328,11.862299919128418,45,10.382499694824219,9.47920036315918,20983,16.125999450683594,1.8851499557495117,0.3208400011062622
1982,1,25,12,0,0.9351140260696411,12.126999855041504,45,10.26200008392334,8.688899993896484,22048,16.125999450683594,1.9237500429153442,0.32102999091148376
1982,1,25,15,0,0.9340819716453552,11.468099594116211,45,8.843400001525879,7.082799911499023,24356,16.125999450683594,2.082429885864258,0.38095998764038086
1982,1,25,18,0,0.9321240186691284,9.899100303649902,45,7.409200191497803,6.061500072479248,28732,16.125999450683594,2.4006900787353516,0.44635000824928284
1982,1,25,21,0,0.9343339800834656,8.51609992980957,55,6.786799907684326,5.807400226593018,42855,9.101699829101562,3.0795300006866455,0.42750000953674316
1982,1,26,0,0,0.9406729936599731,8.426199913024902,55,6.992000102996826,6.084400177001953,60577,10.01200008392334,3.6388700008392334,0.3761099874973297
1982,1,26,3,0,0.943979024887085,8.843799591064453,65,7.452000141143799,6.5100998878479,77665,11.013500213623047,4.018290042877197,0.34757000207901
1982,1,26,6,0,0.9528319835662842,9.6806001663208,65,8.507100105285645,7.672900199890137,82712,11.013500213623047,3.9717700481414795,0.29951000213623047
1982,1,26,9,0,0.950950026512146,10.052599906921387,65,9.043000221252441,8.34469985961914,56184,11.013500213623047,3.2161600589752197,0.2775700092315674
1982,1,26,12,0,0.9438760280609131,10.097200393676758,65,9.038800239562988,8.249600410461426,42930,11.013500213623047,2.8079800605773926,0.2833999991416931
1982,1,26,15,0,0.9367480278015137,9.609199523925781,55,7.9953999519348145,6.863699913024902,37113,10.01200008392334,2.69143009185791,0.3542400002479553
1982,1,26,18,0,0.9294149875640869,9.72659969329834,55,8.114299774169922,7.093800067901611,40216,11.013500213623047,2.803230047225952,0.37417998909950256
1982,1,26,21,0,0.927586019039154,10.32349967956543,55,8.745800018310547,7.742400169372559,42171,13.326800346374512,2.805299997329712,0.36044999957084656
1982,1,27,0,0,0.9278240203857422,10.689599990844727,55,9.201199531555176,8.257699966430664,39900,13.326800346374512,2.6901299953460693,0.34588998556137085
1982,1,27,3,0,0.9275400042533875,11.017800331115723,55,9.638899803161621,8.787099838256836,37097,13.326800346374512,2.5615599155426025,0.32870998978614807
1982,1,27,6,0,0.9294350147247314,11.272600173950195,45,9.880999565124512,8.938899993896484,35732,13.326800346374512,2.4916000366210938,0.3150700032711029
1982,1,27,9,0,0.9310640096664429,11.196100234985352,45,9.413900375366211,8.023699760437012,34833,13.326800346374512,2.4735000133514404,0.32802000641822815
1982,1,27,12,0,0.927931010723114,10.4266996383667,55,8.059599876403809,6.577600002288818,34183,14.659700393676758,2.5425899028778076,0.3939099907875061
1982,1,27,15,0,0.9246060252189636,9.055800437927246,55,6.820199966430664,5.668499946594238,36265,14.659700393676758,2.79338002204895,0.46140000224113464
1982,1,27,18,0,0.9321529865264893,8.487000465393066,55,6.8358001708984375,5.8703999519348145,41118,9.101699829101562,3.014120101928711,0.4173800051212311
1982,1,27,21,0,0.9435229897499084,8.894000053405762,55,7.470699787139893,6.493100166320801,55223,11.013500213623047,3.3805899620056152,0.35040000081062317
1982,1,28,0,0,0.9431909918785095,9.366399765014648,65,8.163999557495117,7.307000160217285,45616,10.01200008392334,2.991420030593872,0.3149999976158142
1982,1,28,3,0,0.9359250068664551,9.410300254821777,55,8.13290023803711,7.21019983291626,37463,10.01200008392334,2.7094900608062744,0.3219499886035919
1982,1,28,6,0,0.9325640201568604,9.609999656677246,55,8.293700218200684,7.363500118255615,32806,9.101699829101562,2.5189499855041504,0.3264800012111664
1982,1,28,9,0,0.9328680038452148,10.09570026397705,55,8.75100040435791,7.823699951171875,30893,13.326800346374512,2.403470039367676,0.3260200023651123
1982,1,28,12,0,0.936506986618042,11.13290023803711,55,9.863900184631348,9.09689998626709,36047,13.326800346374512,2.5097599029541016,0.3066900074481964
1982,1,28,15,0,0.9390000104904175,11.831899642944336,55,10.626700401306152,9.899200439453125,41559,13.326800346374512,2.6399800777435303,0.28641000390052795
1982,1,28,18,0,0.93892502784729,11.923700332641602,55,10.769499778747559,10.076899528503418,39027,13.326800346374512,2.549949884414673,0.28009000420570374
1982,1,28,21,0,0.9372760057449341,11.785799980163574,55,10.670599937438965,10.010299682617188,33387,13.326800346374512,2.364880084991455,0.2802099883556366
1982,1,29,0,0,0.9348499774932861,11.635499954223633,55,10.541999816894531,9.907099723815918,28566,13.326800346374512,2.195230007171631,0.28442999720573425
1982,1,29,3,0,0.9323869943618774,11.595800399780273,45,10.450599670410156,9.808199882507324,24531,12.114999771118164,2.0397300720214844,0.29794999957084656
1982,1,29,6,0,0.9313830137252808,11.82509994506836,45,10.556400299072266,9.862799644470215,22314,12.114999771118164,1.9400099515914917,0.31334999203681946
1982,1,29,9,0,0.9303600192070007,12.068900108337402,45,10.704400062561035,9.960700035095215,20787,17.73889923095703,1.8651700019836426,0.3197399973869324
1982,1,29,12,0,0.9292340278625488,12.096799850463867,45,10.65250015258789,9.85420036315918,19766,17.73889923095703,1.8204100131988525,0.3234100043773651
1982,1,29,15,0,0.9287359714508057,12.118499755859375,45,10.623000144958496,9.767900466918945,18829,16.125999450683594,1.7767599821090698,0.32242000102996826
1982,1,29,18,0,0.9289469718933105,12.197999954223633,45,10.704000473022461,9.821399688720703,17513,16.125999450683594,1.7092700004577637,0.31696999073028564
1982,1,29,21,0,0.9291589856147766,12.233599662780762,45,10.766599655151367,9.889300346374512,16025,16.125999450683594,1.6325000524520874,0.3127000033855438
1982,1,30,0,0,0.9291710257530212,12.277600288391113,45,10.8100004196167,9.938300132751465,14685,16.125999450683594,1.5613700151443481,0.3131699860095978
1982,1,30,3,0,0.9294059872627258,12.497200012207031,45,10.972100257873535,10.069999694824219,14111,16.125999450683594,1.524749994277954,0.3157700002193451
1982,1,30,6,0,0.9298250079154968,12.846599578857422,45,11.30720043182373,10.366000175476074,14800,16.125999450683594,1.5494400262832642,0.306659996509552
1982,1,30,9,0,0.9293149709701538,13.054499626159668,45,11.60569953918457,10.685199737548828,16815,16.125999450683594,1.6409300565719604,0.2906799912452698
1982,1,30,12,0,0.9283779859542847,13.012399673461914,45,11.6673002243042,10.805299758911133,19530,14.659700393676758,1.7663600444793701,0.28073999285697937
1982,1,30,15,0,0.9287030100822449,12.947600364685059,45,11.689399719238281,10.873200416564941,21777,14.659700393676758,1.864259958267212,0.27178001403808594
1982,1,30,18,0,0.9296420216560364,12.912300109863281,45,11.723600387573242,10.945500373840332,23110,14.659700393676758,1.9190900325775146,0.2642199993133545
1982,1,30,21,0,0.930446982383728,12.84119987487793,45,11.70580005645752,10.96030044555664,23229,14.659700393676758,1.9247100353240967,0.25900998711586
1982,1,31,0,0,0.9310290217399597,12.733099937438965,45,11.627400398254395,10.90369987487793,22212,14.659700393676758,1.8851699829101562,0.25707000494003296
1982,1,31,3,0,0.9314810037612915,12.648599624633789,45,11.536100387573242,10.815299987792969,20752,14.659700393676758,1.8257700204849243,0.2597399950027466
1982,1,31,6,0,0.931505024433136,12.564499855041504,45,11.3996000289917,10.653599739074707,19200,14.659700393676758,1.7612600326538086,0.267659991979599
1982,1,31,9,0,0.9304140210151672,12.37720012664795,45,11.125800132751465,10.339300155639648,17981,14.659700393676758,1.714709997177124,0.2809799909591675
1982,1,31,12,0,0.9295769929885864,12.24590015411377,45,10.949299812316895,10.143099784851074,17425,14.659700393676758,1.6948699951171875,0.2884100079536438
1982,1,31,15,0,0.929502010345459,12.241499900817871,45,10.932900428771973,10.113200187683105,17167,14.659700393676758,1.68271005153656,0.28801000118255615
1982,1,31,18,0,0.9295769929885864,12.255800247192383,45,10.94729995727539,10.117300033569336,16706,14.659700393676758,1.65910005569458,0.28551000356674194
1982,1,31,21,0,0.9296209812164307,12.250800132751465,45,10.950200080871582,10.117400169372559,15938,14.659700393676758,1.620229959487915,0.28334999084472656
1982,2,1,0,0,0.9295679926872253,12.23009967803955,45,10.945199966430664,10.120499610900879,15019,14.659700393676758,1.5730299949645996,0.28158000111579895
1982,2,1,3,0,0.9294229745864868,12.197099685668945,45,10.93649959564209,10.128199577331543,14061,14.659700393676758,1.52252995967865,0.2795400023460388
1982,2,1,6,0,0.9292399883270264,12.151700019836426,45,10.919699668884277,10.131699562072754,13123,14.659700393676758,1.4716399908065796,0.27706998586654663
1982,2,1,9,0,0.9289299845695496,12.09589958190918,45,10.886899948120117,10.110899925231934,12235,14.659700393676758,1.4221199750900269,0.27476999163627625
1982,2,1,12,0,0.9285950064659119,12.025199890136719,45,10.84469985961914,10.085100173950195,11384,14.659700393676758,1.3732500076293945,0.2721000015735626
1982,2,1,15,0,0.9281920194625854,11.931900024414062,45,10.784199714660645,10.045999526977539,10558,14.659700393676758,1.3245099782943726,0.26927998661994934
1982,2,1,18,0,0.9277330040931702,11.831999778747559,45,10.719099998474121,10.003600120544434,9809,14.659700393676758,1.2787799835205078,0.2662299871444702
1982,2,1,21,0,0.9273170232772827,11.744099617004395,45,10.661800384521484,9.964400291442871,9150,14.659700393676758,1.2369199991226196,0.26381999254226685
1982,2,2,0,0,0.9270280003547668,11.699799537658691,45,10.635100364685059,9.950599670410156,8591,13.326800346374512,1.1994099617004395,0.26337000727653503
1982,2,2,3,0,0.9269739985466003,11.76990032196045,45,10.710399627685547,10.027899742126465,8303,13.326800346374512,1.1768800020217896,0.2628900110721588
1982,2,2,6,0,0.9270939826965332,11.96780014038086,45,10.911999702453613,10.207200050354004,8479,13.326800346374512,1.1830600500106812,0.25786998867988586
1982,2,2,9,0,0.9267410039901733,12.133700370788574,45,11.034799575805664,10.1943998336792,8913,13.326800346374512,1.2076900005340576,0.2522299885749817
1982,2,2,12,0,0.9250900149345398,12.117500305175781,45,10.880999565124512,9.795700073242188,9258,13.326800346374512,1.232319951057434,0.25551000237464905
1982,2,2,15,0,0.9237549901008606,12.06190013885498,45,10.78600025177002,9.621600151062012,9280,13.326800346374512,1.2352800369262695,0.25543999671936035
1982,2,2,18,0,0.9238550066947937,12.066100120544434,45,10.847200393676758,9.685400009155273,8859,13.326800346374512,1.2047499418258667,0.24677999317646027
1982,2,2,21,0,0.9241160154342651,12.044899940490723,45,10.90149974822998,9.777400016784668,8168,13.326800346374512,1.1553599834442139,0.23865999281406403
1982,2,3,0,0,0.9236710071563721,11.961099624633789,45,10.82509994506836,9.680700302124023,7404,13.326800346374512,1.1016199588775635,0.23791000247001648
1982,2,3,3,0,0.9218429923057556,11.772199630737305,45,10.4197998046875,9.02929973602295,6718,13.326800346374512,1.0565400123596191,0.253710001707077
1982,2,3,6,0,0.9198349714279175,11.618800163269043,45,10.069299697875977,8.550600051879883,6121,13.326800346374512,1.015429973602295,0.2735700011253357
1982,2,3,9,0,0.9183909893035889,11.578800201416016,45,9.938199996948242,8.418700218200684,5611,13.326800346374512,0.9755600094795227,0.29006001353263855
1982,2,3,12,0,0.9170569777488708,11.582099914550781,45,9.830100059509277,8.303899765014648,5276,12.114999771118164,0.948930025100708,0.3094399869441986
1982,2,3,15,0,0.9167090058326721,11.757699966430664,45,9.837900161743164,8.261199951171875,5109,13.326800346374512,0.9333400130271912,0.33237001299858093
1982,2,3,18,0,0.9146119952201843,11.839799880981445,45,9.529399871826172,7.81879997253418,5173,14.659700393676758,0.9450200200080872,0.3730199933052063
1982,2,3,21,0,0.9135450124740601,12.000100135803223,45,9.4576997756958,7.709400177001953,5451,14.659700393676758,0.9721500277519226,0.3999600112438202
1982,2,4,0,0,0.9155920147895813,12.557299613952637,45,9.854100227355957,8.043100357055664,5978,14.659700393676758,1.0082800388336182,0.4067400097846985
1982,2,4,3,0,0.9185000061988831,13.24429988861084,45,10.35159969329834,8.41189956665039,6625,21.46489906311035,1.0486199855804443,0.4022600054740906
1982,2,4,6,0,0.9199720025062561,13.555999755859375,45,10.496600151062012,8.442099571228027,7245,21.46489906311035,1.0918500423431396,0.3977000117301941
1982,2,4,9,0,0.9212110042572021,13.757100105285645,45,10.553799629211426,8.361499786376953,8093,19.513200759887695,1.1505199670791626,0.3881100118160248
1982,2,4,12,0,0.9235450029373169,14.1225004196167,45,10.93910026550293,8.611499786376953,8896,19.513200759887695,1.1955100297927856,0.3659000098705292
1982,2,4,15,0,0.9255980253219604,14.382800102233887,45,11.35509967803955,8.962699890136719,9241,17.73889923095703,1.2086299657821655,0.3428100049495697
1982,2,4,18,0,0.9275069832801819,14.591899871826172,45,11.836899757385254,9.43809986114502,9521,17.73889923095703,1.2167799472808838,0.3155899941921234
1982,2,4,21,0,0.9303190112113953,14.949600219726562,45,12.5649995803833,10.176899909973145,9816,17.73889923095703,1.22160005569458,0.2782300114631653
1982,2,5,0,0,0.9321539998054504,15.132800102233887,45,12.961899757385254,10.544400215148926,9857,17.73889923095703,1.216599941253662,0.2537199854850769
1982,2,5,3,0,0.9328669905662537,15.041999816894531,45,12.88379955291748,10.352700233459473,9663,16.125999450683594,1.2042900323867798,0.2445400059223175
1982,2,5,6,0,0.933040976524353,14.849800109863281,45,12.739100456237793,10.200200080871582,9401,16.125999450683594,1.1894400119781494,0.2386700063943863
1982,2,5,9,0,0.9336680173873901,14.72819995880127,45,12.842499732971191,10.437399864196777,9105,16.125999450683594,1.169350028038025,0.22502000629901886
1982,2,5,12,0,0.9338840246200562,14.523599624633789,45,12.74530029296875,10.42959976196289,8738,16.125999450683594,1.1471600532531738,0.21894000470638275
1982,2,5,15,0,0.9336770176887512,14.24470043182373,45,12.490900039672852,10.221400260925293,8257,14.659700393676758,1.1189199686050415,0.2185100018978119
1982,2,5,18,0,0.9330130219459534,13.920900344848633,45,12.156800270080566,9.93340015411377,7727,14.659700393676758,1.0877200365066528,0.22179999947547913
1982,2,5,21,0,0.932703971862793,13.67870044708252,45,12.006099700927734,9.888799667358398,7265,14.659700393676758,1.0576399564743042,0.21916000545024872
1982,2,6,0,0,0.9328460097312927,13.491800308227539,45,11.977499961853027,10.000800132751465,6829,14.659700393676758,1.0266799926757812,0.21152999997138977
1982,2,6,3,0,0.9329760074615479,13.28219985961914,45,11.906700134277344,10.07129955291748,6346,14.659700393676758,0.9916300177574158,0.20537999272346497
1982,2,6,6,0,0.932774007320404,13.046600341796875,45,11.76360034942627,10.040499687194824,5850,13.326800346374512,0.9549999833106995,0.20284000039100647
1982,2,6,9,0,0.9321010112762451,12.812600135803223,45,11.515399932861328,9.783900260925293,5399,13.326800346374512,0.9214199781417847,0.20769000053405762
1982,2,6,12,0,0.9314799904823303,12.616600036621094,45,11.257599830627441,9.42039966583252,5034,13.326800346374512,0.8932700157165527,0.21390999853610992
1982,2,6,15,0,0.9317110180854797,12.112099647521973,45,9.922800064086914,7.728600025177002,4834,13.326800346374512,0.8920800089836121,0.2720699906349182
1982,2,6,18,0,0.9312130212783813,11.872900009155273,45,9.205900192260742,6.901100158691406,4647,13.326800346374512,0.8847600221633911,0.3085100054740906
1982,2,6,21,0,0.930666983127594,11.901900291442871,45,9.272700309753418,7.066999912261963,4437,13.326800346374512,0.8654199838638306,0.3227500021457672
1982,2,7,0,0,0.9307090044021606,11.841500282287598,45,9.153499603271484,7.089200019836426,4386,12.114999771118164,0.8658699989318848,0.3471499979496002
1982,2,7,3,0,0.9310150146484375,11.786499977111816,45,8.910200119018555,6.946599960327148,4521,12.114999771118164,0.8866900205612183,0.3760400116443634
1982,2,7,6,0,0.930840015411377,11.932499885559082,45,8.956600189208984,7.001999855041504,4617,17.73889923095703,0.8959800004959106,0.3854700028896332
1982,2,7,9,0,0.9306300282478333,12.251700401306152,45,9.32859992980957,7.312300205230713,4724,17.73889923095703,0.8981199860572815,0.37202000617980957
1982,2,7,12,0,0.9312869906425476,12.733599662780762,45,9.999600410461426,7.891200065612793,5095,16.125999450683594,0.9185799956321716,0.34147998690605164
1982,2,7,15,0,0.9322540163993835,13.177000045776367,45,10.707200050354004,8.560799598693848,5483,16.125999450683594,0.9397299885749817,0.31123000383377075
1982,2,7,18,0,0.9329490065574646,13.471799850463867,45,11.237500190734863,9.134499549865723,5629,16.125999450683594,0.9439100027084351,0.2927199900150299
1982,2,7,21,0,0.933305025100708,13.673800468444824,45,11.609100341796875,9.590999603271484,5643,16.125999450683594,0.9401000142097473,0.2836900055408478
1982,2,8,0,0,0.9286969900131226,13.39680004119873,45,11.128399848937988,9.145500183105469,5669,14.659700393676758,0.9515100121498108,0.3091599941253662
1982,2,8,3,0,0.9212290048599243,12.73490047454834,45,10.095999717712402,8.066800117492676,5748,14.659700393676758,0.9779199957847595,0.35069000720977783
1982,2,8,6,0,0.9195380210876465,12.620200157165527,45,9.83240032196045,7.756199836730957,5666,14.659700393676758,0.9750199913978577,0.35936999320983887
1982,2,8,9,0,0.9212309718132019,12.884599685668945,45,10.151000022888184,8.019499778747559,5538,14.659700393676758,0.9564700126647949,0.34450000524520874
1982,2,8,12,0,0.9236279726028442,13.17140007019043,45,10.59850025177002,8.440899848937988,5274,14.659700393676758,0.9247199892997742,0.3231000006198883
1982,2,8,15,0,0.9245569705963135,13.281700134277344,45,10.816499710083008,8.641799926757812,5013,16.125999450683594,0.8976100087165833,0.30963999032974243
1982,2,8,18,0,0.9244610071182251,13.274299621582031,45,10.823200225830078,8.611700057983398,4830,16.125999450683594,0.880620002746582,0.3040600121021271
1982,2,8,21,0,0.9245129823684692,13.220499992370605,45,10.802800178527832,8.576800346374512,4622,16.125999450683594,0.8615099787712097,0.29864001274108887
1982,2,9,0,0,0.9248260259628296,13.14109992980957,45,10.821999549865723,8.624300003051758,4402,16.125999450683594,0.8405100107192993,0.29065999388694763
1982,2,9,3,0,0.9253519773483276,13.062299728393555,45,10.848999977111816,8.670499801635742,4255,14.659700393676758,0.8258699774742126,0.28064000606536865
1982,2,9,6,0,0.9262300133705139,13.056900024414062,45,10.978899955749512,8.812199592590332,4159,14.659700393676758,0.8144699931144714,0.2670400142669678
1982,2,9,9,0,0.9269760251045227,13.087599754333496,45,11.195099830627441,9.081600189208984,4010,14.659700393676758,0.7969800233840942,0.2519800066947937
1982,2,9,12,0,0.9272440075874329,13.08240032196045,45,11.393199920654297,9.38759994506836,3778,14.659700393676758,0.7716100215911865,0.23861999809741974
1982,2,9,15,0,0.9272000193595886,13.043800354003906,45,11.546899795532227,9.685199737548828,3533,14.659700393676758,0.7450799942016602,0.22752000391483307
1982,2,9,18,0,0.92705899477005,13.003899574279785,45,11.671899795532227,9.968099594116211,3328,14.659700393676758,0.7224299907684326,0.21875
1982,2,9,21,0,0.9267989993095398,12.968799591064453,45,11.759300231933594,10.20680046081543,3145,14.659700393676758,0.701960027217865,0.21359999477863312
1982,2,10,0,0,0.9262779951095581,12.921099662780762,45,11.785499572753906,10.361200332641602,2955,13.326800346374512,0.6808000206947327,0.21278999745845795
1982,2,10,3,0,0.9257550239562988,12.875900268554688,45,11.781200408935547,10.450900077819824,2796,13.326800346374512,0.6627699732780457,0.2137800008058548
1982,2,10,6,0,0.9253900051116943,12.848400115966797,45,11.766300201416016,10.48550033569336,2702,13.326800346374512,0.651889979839325,0.2151699960231781
1982,2,10,9,0,0.9243540167808533,12.724699974060059,45,11.49429988861084,10.086600303649902,2660,13.326800346374512,0.6496599912643433,0.2274799942970276
1982,2,10,12,0,0.9239090085029602,12.453100204467773,45,10.985600471496582,9.473899841308594,2673,13.326800346374512,0.6576700210571289,0.25209999084472656
1982,2,10,15,0,0.9234449863433838,12.003999710083008,45,10.27929973602295,8.83080005645752,2767,13.326800346374512,0.6801699995994568,0.28905999660491943
1982,2,10,18,0,0.9222339987754822,11.60319995880127,45,9.728599548339844,8.371600151062012,2920,13.326800346374512,0.7087699770927429,0.31725001335144043
1982,2,10,21,0,0.9213370084762573,11.444999694824219,45,9.529399871826172,8.208000183105469,3051,13.326800346374512,0.728410005569458,0.326339989900589
1982,2,11,0,0,0.9214770197868347,11.466899871826172,45,9.496299743652344,8.10200023651123,3129,13.326800346374512,0.7370499968528748,0.3257800042629242
1982,2,11,3,0,0.922307014465332,11.527199745178223,45,9.369600296020508,7.654799938201904,3158,13.326800346374512,0.7390599846839905,0.3215300142765045
1982,2,11,6,0,0.9216129779815674,9.975000381469727,45,6.207300186157227,4.5391998291015625,3275,12.114999771118164,0.8105700016021729,0.4602999985218048
1982,2,11,9,0,0.9181569814682007,7.3105998039245605,45,4.690499782562256,3.84879994392395,4159,12.114999771118164,1.0692499876022339,0.6277400255203247
1982,2,11,12,0,0.9171770215034485,6.401199817657471,45,4.791500091552734,4.152900218963623,6428,5.1371002197265625,1.4061800241470337,0.5763099789619446
1982,2,11,15,0,0.9115560054779053,6.531000137329102,45,5.105400085449219,4.4328999519348145,8270,6.216100215911865,1.55718994140625,0.5088000297546387
1982,2,11,18,0,0.9086120128631592,6.549799919128418,45,5.2652997970581055,4.613800048828125,10520,6.837800025939941,1.7401299476623535,0.4705600142478943
1982,2,11,21,0,0.9125170111656189,6.618199825286865,55,5.431000232696533,4.773399829864502,13672,6.837800025939941,1.9604400396347046,0.4345400035381317
1982,2,12,0,0,0.9181240200996399,6.857800006866455,55,5.688899993896484,5.0040998458862305,15832,6.837800025939941,2.062730073928833,0.4120999872684479
1982,2,12,3,0,0.9184399843215942,7.119800090789795,55,5.831699848175049,5.099899768829346,15603,7.5218000411987305,2.0128400325775146,0.42598000168800354
1982,2,12,6,0,0.9183509945869446,7.255099773406982,55,5.868500232696533,5.106299877166748,15604,6.837800025939941,2.001230001449585,0.4431700110435486
1982,2,12,9,0,0.9183869957923889,7.382800102233887,55,5.924200057983398,5.128499984741211,15443,7.5218000411987305,1.9753700494766235,0.4475899934768677
1982,2,12,12,0,0.9189040064811707,7.715000152587891,55,6.1616997718811035,5.316699981689453,14229,7.5218000411987305,1.8588199615478516,0.45225998759269714
1982,2,12,15,0,0.9180139899253845,7.896599769592285,55,6.183000087738037,5.284599781036377,12729,7.5218000411987305,1.7467800378799438,0.47387999296188354
1982,2,12,18,0,0.9197409749031067,7.560699939727783,55,5.854400157928467,5.0096001625061035,12713,7.5218000411987305,1.7882599830627441,0.4968299865722656
1982,2,12,21,0,0.9236900210380554,7.311299800872803,55,5.681000232696533,4.886600017547607,14369,7.5218000411987305,1.9348100423812866,0.5056899785995483
1982,2,13,0,0,0.929049015045166,7.3007001876831055,55,5.769800186157227,4.998300075531006,16616,7.5218000411987305,2.076580047607422,0.49187999963760376
1982,2,13,3,0,0.9365280270576477,7.454599857330322,55,6.015600204467773,5.213200092315674,19611,8.274100303649902,2.211980104446411,0.44707998633384705
1982,2,13,6,0,0.9404720067977905,7.501999855041504,65,6.17519998550415,5.369699954986572,28626,9.101699829101562,2.641309976577759,0.4000999927520752
1982,2,13,9,0,0.9489099979400635,7.828400135040283,65,6.517099857330322,5.67140007019043,36394,9.101699829101562,2.9064700603485107,0.37185999751091003
1982,2,13,12,0,0.9568449854850769,8.39229965209961,65,7.08489990234375,6.183599948883057,39684,10.01200008392334,2.930619955062866,0.3454799950122833
1982,2,13,15,0,0.9585270285606384,8.339500427246094,65,7.01669979095459,6.120200157165527,58144,10.01200008392334,3.5610198974609375,0.34731999039649963
1982,2,13,18,0,0.9622179865837097,9.06760025024414,65,7.8649001121521,6.9882001876831055,90067,11.013500213623047,4.254630088806152,0.3093000054359436
1982,2,13,21,0,0.9648709893226624,9.13700008392334,65,8.02750015258789,7.196100234985352,72746,11.013500213623047,3.801340103149414,0.2935599982738495
1982,2,14,0,0,0.9625279903411865,8.77180004119873,65,7.648900032043457,6.813700199127197,49655,10.01200008392334,3.1963000297546387,0.30278998613357544
1982,2,14,3,0,0.9567440152168274,8.092300415039062,65,6.907700061798096,6.086999893188477,39975,10.01200008392334,2.9819600582122803,0.33122000098228455
1982,2,14,6,0,0.9525750279426575,7.878200054168701,65,6.804699897766113,6.053199768066406,35469,9.101699829101562,2.8392601013183594,0.3226799964904785
1982,2,14,9,0,0.9488319754600525,8.001199722290039,65,7.0046000480651855,6.296899795532227,39372,9.101699829101562,2.963469982147217,0.3072099983692169
1982,2,14,12,0,0.9459609985351562,8.512700080871582,65,7.522200107574463,6.804900169372559,43447,10.01200008392334,3.02239990234375,0.2922999858856201
1982,2,14,15,0,0.9450160264968872,8.40410041809082,65,7.230899810791016,6.383600234985352,43076,10.01200008392334,3.037440061569214,0.3151099979877472
1982,2,14,18,0,0.9445809721946716,8.295499801635742,65,7.162600040435791,6.35290002822876,37225,10.01200008392334,2.8401401042938232,0.3154299855232239
1982,2,14,21,0,0.9455479979515076,7.973700046539307,65,6.853600025177002,6.063300132751465,35561,10.01200008392334,2.8283700942993164,0.3226499855518341
1982,2,15,0,0,0.9461690187454224,8.069700241088867,65,7.009500026702881,6.261600017547607,32664,9.101699829101562,2.692379951477051,0.3152199983596802
1982,2,15,3,0,0.9436690211296082,8.170100212097168,65,6.900000095367432,6.035799980163574,30010,9.101699829101562,2.5790300369262695,0.345770001411438
1982,2,15,6,0,0.941461980342865,8.447400093078613,55,7.008800029754639,6.091300010681152,32525,10.01200008392334,2.6608901023864746,0.37066999077796936
1982,2,15,9,0,0.9403600096702576,8.218099594116211,65,6.68149995803833,5.761099815368652,40435,12.114999771118164,3.0185399055480957,0.39754000306129456
1982,2,15,12,0,0.9459660053253174,8.393899917602539,65,7.029200077056885,6.1545000076293945,52226,9.101699829101562,3.3788299560546875,0.36737000942230225
1982,2,15,15,0,0.9484170079231262,9.069299697875977,65,7.722499847412109,6.809700012207031,54112,10.01200008392334,3.316770076751709,0.3424299955368042
1982,2,15,18,0,0.9458349943161011,9.462499618530273,55,7.958899974822998,6.946300029754639,49243,12.114999771118164,3.1197099685668945,0.3508799970149994
1982,2,15,21,0,0.9460870027542114,9.916899681091309,55,8.403200149536133,7.352099895477295,43107,12.114999771118164,2.865149974822998,0.340039998292923
1982,2,16,0,0,0.942454993724823,8.937999725341797,55,7.1350998878479,6.068999767303467,44589,12.114999771118164,3.0712199211120605,0.4068700075149536
1982,2,16,3,0,0.9490960240364075,9.161100387573242,65,7.924799919128418,7.069699764251709,78210,11.013500213623047,3.9585700035095215,0.32394999265670776
1982,2,16,6,0,0.9518449902534485,9.605600357055664,65,8.3951997756958,7.539400100708008,67001,11.013500213623047,3.5890800952911377,0.30715999007225037
1982,2,16,9,0,0.94862300157547,9.594400405883789,65,8.249500274658203,7.269700050354004,56780,11.013500213623047,3.3121299743652344,0.31727999448776245
1982,2,16,12,0,0.9467489719390869,9.403400421142578,65,7.991300106048584,6.983699798583984,55520,11.013500213623047,3.307270050048828,0.3292999863624573
1982,2,16,15,0,0.9462649822235107,9.350700378417969,55,8.006199836730957,7.069399833679199,53946,11.013500213623047,3.2659499645233154,0.3280099928379059
1982,2,16,18,0,0.9462010264396667,9.348299980163574,55,7.902900218963623,6.907599925994873,50415,11.013500213623047,3.164479970932007,0.33945998549461365
1982,2,16,21,0,0.9458320140838623,9.451899528503418,55,7.928800106048584,6.896999835968018,47786,12.114999771118164,3.073659896850586,0.3476400077342987
1982,2,17,0,0,0.945576012134552,9.347800254821777,55,7.736499786376953,6.690499782562256,48091,12.114999771118164,3.108520030975342,0.36586999893188477
1982,2,17,3,0,0.9455770254135132,9.381500244140625,55,7.711900234222412,6.655799865722656,49020,12.114999771118164,3.140500068664551,0.374889999628067
1982,2,17,6,0,0.941353976726532,8.889599800109863,65,7.251299858093262,6.258800029754639,56370,12.114999771118164,3.450629949569702,0.3938499987125397
1982,2,17,9,0,0.9448829889297485,9.080300331115723,55,7.608699798583984,6.649400234222412,63212,10.01200008392334,3.5982699394226074,0.36258000135421753
1982,2,17,12,0,0.947022020816803,9.876399993896484,55,8.562399864196777,7.713500022888184,54619,12.114999771118164,3.222259998321533,0.32899001240730286
1982,2,17,15,0,0.9454929828643799,10.543499946594238,55,9.340299606323242,8.60890007019043,46720,13.326800346374512,2.9052999019622803,0.30869001150131226
1982,2,17,18,0,0.945235013961792,11.036600112915039,55,9.918100357055664,9.272500038146973,42320,13.326800346374512,2.719170093536377,0.29333001375198364
1982,2,17,21,0,0.9455519914627075,11.369199752807617,55,10.264100074768066,9.615400314331055,38955,13.326800346374512,2.582520008087158,0.2840000092983246
1982,2,18,0,0,0.9460610151290894,11.54889965057373,55,10.460800170898438,9.809700012207031,35193,13.326800346374512,2.4410400390625,0.27706998586654663
1982,2,18,3,0,0.9463459849357605,11.607199668884277,55,10.537400245666504,9.889699935913086,31367,13.326800346374512,2.2995998859405518,0.2728100121021271
1982,2,18,6,0,0.9462270140647888,11.582200050354004,55,10.529899597167969,9.889800071716309,27946,13.326800346374512,2.170949935913086,0.27059999108314514
1982,2,18,9,0,0.9454929828643799,11.497300148010254,55,10.457900047302246,9.826299667358398,24902,13.326800346374512,2.053270101547241,0.27039000391960144
1982,2,18,12,0,0.9440439939498901,11.35669994354248,55,10.291399955749512,9.599100112915039,22095,13.326800346374512,1.9417500495910645,0.2735300064086914
1982,2,18,15,0,0.9410769939422607,10.551400184631348,55,8.438799858093262,6.836900234222412,19489,13.326800346374512,1.8894399404525757,0.3442699909210205
1982,2,18,18,0,0.9347590208053589,8.466899871826172,55,6.417900085449219,5.351200103759766,20055,13.326800346374512,2.1259400844573975,0.4564000070095062
1982,2,18,21,0,0.9361630082130432,7.64870023727417,55,6.170199871063232,5.332900047302246,28198,9.101699829101562,2.6123499870300293,0.42149999737739563
1982,2,19,0,0,0.9389370083808899,7.892899990081787,55,6.457600116729736,5.581600189208984,33381,10.01200008392334,2.786870002746582,0.393310010433197
1982,2,19,3,0,0.94029301404953,8.23859977722168,55,6.748199939727783,5.81279993057251,35280,10.01200008392334,2.807339906692505,0.38453999161720276
1982,2,19,6,0,0.9398559927940369,8.588199615478516,55,7.012400150299072,6.010700225830078,33689,10.01200008392334,2.695970058441162,0.3825500011444092
1982,2,19,9,0,0.9385089874267578,8.731800079345703,55,7.150700092315674,6.144199848175049,32360,13.326800346374512,2.624690055847168,0.3802199959754944
1982,2,19,12,0,0.9370740056037903,8.75220012664795,55,7.13100004196167,6.116300106048584,29685,13.326800346374512,2.513439893722534,0.38385000824928284
1982,2,19,15,0,0.9356750249862671,8.758399963378906,55,7.106200218200684,6.078100204467773,26408,12.114999771118164,2.3716399669647217,0.38628000020980835
1982,2,19,18,0,0.9349420070648193,9.038700103759766,55,7.4567999839782715,6.4328999519348145,22858,12.114999771118164,2.171299934387207,0.36743998527526855
1982,2,19,21,0,0.9332939982414246,9.366800308227539,55,7.932300090789795,6.948999881744385,20311,12.114999771118164,2.0083799362182617,0.3396799862384796
1982,2,20,0,0,0.9317929744720459,9.60770034790039,55,8.35319995880127,7.466300010681152,19006,12.114999771118164,1.9151599407196045,0.31431999802589417
1982,2,20,3,0,0.9320430159568787,9.641799926757812,45,8.195199966430664,7.059199810028076,18279,12.114999771118164,1.8763500452041626,0.3201799988746643
1982,2,20,6,0,0.926181972026825,7.840099811553955,55,6.008299827575684,5.081299781799316,25393,12.114999771118164,2.475529909133911,0.4662800133228302
1982,2,20,9,0,0.9314699769020081,8.109600067138672,55,6.5152997970581055,5.618800163269043,40914,12.114999771118164,3.0718600749969482,0.429500013589859
1982,2,20,12,0,0.9389050006866455,8.767800331115723,55,7.109499931335449,6.107999801635742,51106,10.01200008392334,3.305619955062866,0.4036700129508972
1982,2,20,15,0,0.9433709979057312,9.163100242614746,55,7.546599864959717,6.5152997970581055,62524,11.013500213623047,3.577430009841919,0.3787199854850769
1982,2,20,18,0,0.9446880221366882,9.516799926757812,55,7.859399795532227,6.757299900054932,66076,12.114999771118164,3.618220090866089,0.36531999707221985
1982,2,20,21,0,0.9439949989318848,9.468700408935547,55,7.831399917602539,6.740200042724609,62306,12.114999771118164,3.5188000202178955,0.36313000321388245
1982,2,21,0,0,0.9452009797096252,9.784199714660645,55,8.422800064086914,7.5096001625061035,50181,12.114999771118164,3.0997300148010254,0.32927998900413513
1982,2,21,3,0,0.9431840181350708,10.100000381469727,55,9.047200202941895,8.420900344848633,36620,12.114999771118164,2.602989912033081,0.29624998569488525
1982,2,21,6,0,0.9409199953079224,10.09589958190918,55,9.124899864196777,8.566900253295898,27476,12.114999771118164,2.2519099712371826,0.28874000906944275
1982,2,21,9,0,0.9385910034179688,9.982799530029297,55,9.049099922180176,8.5246000289917,21099,12.114999771118164,1.980720043182373,0.2886900007724762
1982,2,21,12,0,0.93675297498703,9.897100448608398,55,8.974499702453613,8.463500022888184,16809,11.013500213623047,1.7736599445343018,0.29102998971939087
1982,2,21,15,0,0.934004008769989,9.942399978637695,55,8.995200157165527,8.472299575805664,14173,11.013500213623047,1.6268999576568604,0.29495999217033386
1982,2,21,18,0,0.9291110038757324,10.104399681091309,55,9.107999801635742,8.54010009765625,12629,11.013500213623047,1.5275800228118896,0.2975099980831146
1982,2,21,21,0,0.9282519817352295,10.353500366210938,45,9.359199523925781,8.780799865722656,11771,11.013500213623047,1.4609899520874023,0.29201000928878784
1982,2,22,0,0,0.9277709722518921,10.59280014038086,45,9.619099617004395,9.039400100708008,11343,12.114999771118164,1.421370029449463,0.28422001004219055
1982,2,22,3,0,0.9273719787597656,10.785799980163574,45,9.81190013885498,9.19629955291748,11158,12.114999771118164,1.4002200365066528,0.2784999907016754
1982,2,22,6,0,0.927111029624939,10.958999633789062,45,10.012800216674805,9.421799659729004,11107,12.114999771118164,1.3887799978256226,0.27272000908851624
1982,2,22,9,0,0.9264770150184631,11.09570026397705,45,10.17870044708252,9.622200012207031,11056,12.114999771118164,1.3794699907302856,0.2690500020980835
1982,2,22,12,0,0.9202979803085327,10.593899726867676,45,9.366999626159668,8.557100296020508,11949,12.114999771118164,1.4663300514221191,0.3100999891757965
1982,2,22,15,0,0.9184690117835999,10.107999801635742,45,8.65250015258789,7.6417999267578125,13368,12.114999771118164,1.5846500396728516,0.34233999252319336
1982,2,22,18,0,0.919107973575592,10.023500442504883,45,8.393199920654297,7.217800140380859,14768,12.114999771118164,1.673699975013733,0.35447999835014343
1982,2,22,21,0,0.9186090230941772,9.68019962310791,45,7.633299827575684,6.31790018081665,16395,12.114999771118164,1.800819993019104,0.399150013923645
1982,2,23,0,0,0.9189010262489319,9.452400207519531,45,7.3979997634887695,6.159599781036377,19387,12.114999771118164,1.983970046043396,0.4221299886703491
1982,2,23,3,0,0.9209529757499695,9.435700416564941,45,7.423299789428711,6.225100040435791,22075,12.114999771118164,2.120800018310547,0.4284299910068512
1982,2,23,6,0,0.9215499758720398,9.771200180053711,45,7.992300033569336,6.8993000984191895,23937,12.114999771118164,2.1694300174713135,0.4068799912929535
1982,2,23,9,0,0.9242420196533203,10.396599769592285,45,8.76509952545166,7.7555999755859375,23835,12.114999771118164,2.1073100566864014,0.3810400068759918
1982,2,23,12,0,0.9239889979362488,10.690099716186523,45,8.995100021362305,7.915200233459473,22941,12.114999771118164,2.047960042953491,0.376800000667572
1982,2,23,15,0,0.9238889813423157,11.041299819946289,45,9.45460033416748,8.545100212097168,22256,12.114999771118164,1.9938199520111084,0.36812999844551086
1982,2,23,18,0,0.9239969849586487,11.458399772644043,45,9.882200241088867,9.02560043334961,21540,12.114999771118164,1.9382599592208862,0.36267000436782837
1982,2,23,21,0,0.9238809943199158,11.779899597167969,45,10.172300338745117,9.3100004196167,20308,19.513200759887695,1.8671200275421143,0.36068999767303467
1982,2,24,0,0,0.9237179756164551,12.018899917602539,45,10.376199722290039,9.495400428771973,19238,19.513200759887695,1.807420015335083,0.3588300049304962
1982,2,24,3,0,0.9234409928321838,12.202400207519531,45,10.51200008392334,9.597900390625,18401,19.513200759887695,1.7612199783325195,0.3576500117778778
1982,2,24,6,0,0.9229249954223633,12.327199935913086,45,10.595199584960938,9.653300285339355,17382,17.73889923095703,1.7078700065612793,0.35732001066207886
1982,2,24,9,0,0.922514021396637,12.467599868774414,45,10.7076997756958,9.745400428771973,16374,17.73889923095703,1.652959942817688,0.3553600013256073
1982,2,24,12,0,0.9225320219993591,12.691499710083008,45,10.887700080871582,9.889800071716309,15769,17.73889923095703,1.615049958229065,0.3515799939632416
1982,2,24,15,0,0.9225389957427979,12.908699989318848,45,11.059800148010254,10.020500183105469,15275,17.73889923095703,1.5830700397491455,0.34714001417160034
1982,2,24,18,0,0.9223830103874207,13.020400047302246,45,11.151300430297852,10.083100318908691,14616,17.73889923095703,1.5450999736785889,0.3425700068473816
1982,2,24,21,0,0.9222710132598877,13.059800148010254,45,11.181599617004395,10.092000007629395,13849,17.73889923095703,1.5026999711990356,0.33858001232147217
1982,2,25,0,0,0.9219650030136108,13.055500030517578,45,11.151300430297852,10.035900115966797,12841,17.73889923095703,1.4475500583648682,0.3372499942779541
1982,2,25,3,0,0.9214609861373901,12.972900390625,45,11.034199714660645,9.893799781799316,11521,17.73889923095703,1.3742400407791138,0.3384700119495392
1982,2,25,6,0,0.9206039905548096,12.80370044708252,45,10.875800132751465,9.737799644470215,10554,17.73889923095703,1.3197200298309326,0.33827000856399536
1982,2,25,9,0,0.9190760254859924,12.462200164794922,45,10.632100105285645,9.565099716186523,10670,16.125999450683594,1.335129976272583,0.3377000093460083
1982,2,25,12,0,0.9185559749603271,12.036100387573242,45,10.322199821472168,9.337800025939941,11532,16.125999450683594,1.3995699882507324,0.3381600081920624
1982,2,25,15,0,0.9200419783592224,11.697099685668945,45,10.119799613952637,9.20259952545166,12601,16.125999450683594,1.4713300466537476,0.33263999223709106
1982,2,25,18,0,0.9219689965248108,11.46720027923584,45,10.009900093078613,9.147100448608398,13441,16.125999450683594,1.5246000289916992,0.3245300054550171
1982,2,25,21,0,0.923425018787384,11.279999732971191,45,9.848799705505371,8.937700271606445,13805,16.125999450683594,1.5513099431991577,0.32109999656677246
1982,2,26,0,0,0.9220799803733826,9.771100044250488,45,7.086900234222412,5.578400135040283,14626,16.125999450683594,1.7110799551010132,0.43338000774383545
1982,2,26,3,0,0.9170939922332764,8.007200241088867,45,6.004899978637695,5.03380012512207,18825,16.125999450683594,2.1214001178741455,0.4889200031757355
1982,2,26,6,0,0.9280980229377747,7.561299800872803,55,5.93120002746582,5.075099945068359,22110,8.274100303649902,2.3433799743652344,0.4597100019454956
1982,2,26,9,0,0.9409940242767334,7.796800136566162,55,6.330100059509277,5.466800212860107,24166,9.101699829101562,2.3917999267578125,0.4108799993991852
1982,2,26,12,0,0.9470840096473694,7.910600185394287,65,6.512700080871582,5.626699924468994,31537,10.01200008392334,2.6974198818206787,0.3787199854850769
1982,2,26,15,0,0.9500229954719543,8.022199630737305,65,6.730800151824951,5.866700172424316,43692,10.01200008392334,3.1415998935699463,0.35225000977516174
1982,2,26,18,0,0.9543250203132629,8.192999839782715,65,6.9430999755859375,6.063600063323975,46313,10.01200008392334,3.194000005722046,0.3344700038433075
1982,2,26,21,0,0.9565150141716003,8.269800186157227,65,7.127500057220459,6.311699867248535,41289,10.01200008392334,2.997030019760132,0.32120999693870544
1982,2,27,0,0,0.9550859928131104,8.256400108337402,65,7.118100166320801,6.304599761962891,32163,9.101699829101562,2.6472599506378174,0.32385000586509705
1982,2,27,3,0,0.9445499777793884,8.242899894714355,65,7.090400218963623,6.314499855041504,23195,9.101699829101562,2.255690097808838,0.3401300013065338
1982,2,27,6,0,0.9344940185546875,8.557299613952637,65,7.533899784088135,6.918799877166748,16693,9.101699829101562,1.8840299844741821,0.33987998962402344
1982,2,27,9,0,0.9269239902496338,8.772600173950195,65,7.802000045776367,7.313899993896484,13746,8.274100303649902,1.6949399709701538,0.350600004196167
1982,2,27,12,0,0.9255229830741882,8.971599578857422,55,7.926700115203857,7.432000160217285,12080,8.274100303649902,1.5797799825668335,0.3721500039100647
1982,2,27,15,0,0.9254680275917053,8.778800010681152,55,7.107800006866455,6.0493998527526855,10833,8.274100303649902,1.5236899852752686,0.426800012588501
1982,2,27,18,0,0.9252660274505615,8.186300277709961,55,6.166800022125244,5.165800094604492,10606,8.274100303649902,1.5791200399398804,0.5101500153541565
1982,2,27,21,0,0.9267799854278564,7.965099811553955,55,5.970699787139893,5.052599906921387,10645,7.5218000411987305,1.6126799583435059,0.5382599830627441
1982,2,28,0,0,0.9272109866142273,8.239899635314941,55,6.239799976348877,5.298500061035156,10513,7.5218000411987305,1.578879952430725,0.5287500023841858
1982,2,28,3,0,0.9265239834785461,8.991600036621094,55,6.897299766540527,5.915800094604492,10723,17.73889923095703,1.5375499725341797,0.511709988117218
1982,2,28,6,0,0.9256100058555603,9.576299667358398,55,7.400599956512451,6.397600173950195,10719,17.73889923095703,1.4993400573730469,0.49682000279426575
1982,2,28,9,0,0.9251710176467896,9.88070011138916,55,7.700900077819824,6.6971001625061035,10483,17.73889923095703,1.462730050086975,0.4817099869251251
1982,2,28,12,0,0.9252240061759949,10.102299690246582,55,7.8744001388549805,6.783299922943115,10626,17.73889923095703,1.4579299688339233,0.46643000841140747
1982,2,28,15,0,0.9267200231552124,9.341500282287598,55,6.762499809265137,5.5183000564575195,11371,16.125999450683594,1.5644099712371826,0.5073599815368652
1982,2,28,18,0,0.9361159801483154,7.6828999519348145,55,5.882900238037109,4.997300148010254,18008,16.125999450683594,2.1168599128723145,0.5018600225448608
1982,2,28,21,0,0.9471340179443359,7.617599964141846,65,6.141900062561035,5.277299880981445,32559,9.101699829101562,2.805039882659912,0.41464000940322876
1982,3,1,0,0,0.9569479823112488,8.758700370788574,65,7.432000160217285,6.495999813079834,67791,11.013500213623047,3.7594900131225586,0.3354099988937378
1982,3,1,3,0,0.9593600034713745,9.701899528503418,65,8.184700012207031,7.116300106048584,93593,13.326800346374512,4.2535400390625,0.3353999853134155
1982,3,1,6,0,0.9637699723243713,10.782299995422363,65,9.183699607849121,7.937699794769287,109965,13.326800346374512,4.433010101318359,0.31036001443862915
1982,3,1,9,0,0.966064989566803,11.261699676513672,65,9.659000396728516,8.394100189208984,132528,13.326800346374512,4.799300193786621,0.3033300042152405
1982,3,1,12,0,0.9691870212554932,11.358499526977539,65,10.084500312805176,9.09000015258789,131116,13.326800346374512,4.733630180358887,0.27303001284599304
1982,3,1,15,0,0.9693089723587036,10.883199691772461,65,9.591300010681152,8.581600189208984,104243,13.326800346374512,4.2784199714660645,0.2785699963569641
1982,3,1,18,0,0.9648060202598572,10.164899826049805,65,8.79800033569336,7.787700176239014,89358,12.114999771118164,4.065040111541748,0.30153000354766846
1982,3,1,21,0,0.9615430235862732,9.936300277709961,65,8.655500411987305,7.696499824523926,77966,12.114999771118164,3.8211300373077393,0.29611000418663025
1982,3,2,0,0,0.9572349786758423,9.888899803161621,65,8.500699996948242,7.480999946594238,69006,12.114999771118164,3.6101300716400146,0.3102700114250183
1982,3,2,3,0,0.9529269933700562,10.118000030517578,65,8.641500473022461,7.564199924468994,71180,12.114999771118164,3.6451799869537354,0.32071998715400696
1982,3,2,6,0,0.950435996055603,10.958999633789062,65,9.712599754333496,8.837699890136719,73462,12.114999771118164,3.5884599685668945,0.2903499901294708
1982,3,2,9,0,0.9494249820709229,11.587900161743164,55,10.523599624633789,9.795299530029297,70103,13.326800346374512,3.4328699111938477,0.26365000009536743
1982,3,2,12,0,0.9474009871482849,11.729499816894531,55,10.597599983215332,9.736499786376953,63363,13.326800346374512,3.252379894256592,0.26212000846862793
1982,3,2,15,0,0.9450420141220093,11.39009952545166,55,9.792400360107422,8.451800346374512,56372,13.326800346374512,3.1136600971221924,0.29611000418663025
1982,3,2,18,0,0.9421939849853516,10.951899528503418,55,8.999199867248535,7.591000080108643,53490,13.326800346374512,3.098099946975708,0.3428199887275696
1982,3,2,21,0,0.9400960206985474,10.629799842834473,55,8.568499565124512,7.229300022125244,54834,13.326800346374512,3.187999963760376,0.3746800124645233
1982,3,3,0,0,0.9391940236091614,10.3725004196167,55,8.324700355529785,7.036300182342529,54340,14.659700393676758,3.20592999458313,0.3863300085067749
1982,3,3,3,0,0.9388350248336792,10.302300453186035,55,8.315299987792969,7.021399974822998,51319,14.659700393676758,3.1155200004577637,0.3778800070285797
1982,3,3,6,0,0.9391940236091614,10.632100105285645,55,8.844599723815918,7.618899822235107,45633,13.326800346374512,2.890199899673462,0.3491300046443939
1982,3,3,9,0,0.9380829930305481,11.112299919128418,55,9.688599586486816,8.707799911499023,40072,13.326800346374512,2.649749994277954,0.30858999490737915
1982,3,3,12,0,0.9357900023460388,10.956700325012207,55,9.366800308227539,8.112099647521973,35859,13.326800346374512,2.517659902572632,0.31022000312805176
1982,3,3,15,0,0.9310619831085205,10.372599601745605,45,8.729299545288086,7.520199775695801,32797,13.326800346374512,2.45917010307312,0.330130010843277
1982,3,3,18,0,0.9309689998626709,10.226400375366211,45,8.798999786376953,7.730299949645996,30567,12.114999771118164,2.3768999576568604,0.3146199882030487
1982,3,3,21,0,0.93094402551651,9.977499961853027,45,8.435099601745605,7.261499881744385,28501,12.114999771118164,2.317349910736084,0.3224300146102905
1982,3,4,0,0,0.9294080138206482,9.406599998474121,45,7.750500202178955,6.606599807739258,27031,12.114999771118164,2.3177099227905273,0.35109999775886536
1982,3,4,3,0,0.9276540279388428,8.98840045928955,45,7.424300193786621,6.3668999671936035,26118,12.114999771118164,2.3204500675201416,0.357230007648468
1982,3,4,6,0,0.925242006778717,9.26830005645752,45,7.973400115966797,7.068999767303467,22407,11.013500213623047,2.110379934310913,0.324290007352829
1982,3,4,9,0,0.9237710237503052,9.45680046081543,45,8.395700454711914,7.673099994659424,18618,11.013500213623047,1.8999700546264648,0.2987299859523773
1982,3,4,12,0,0.9218729734420776,9.420900344848633,45,8.447699546813965,7.784599781036377,15599,11.013500213623047,1.738569974899292,0.29036998748779297
1982,3,4,15,0,0.9202690124511719,9.358200073242188,45,8.49899959564209,7.9822998046875,13110,10.01200008392334,1.596060037612915,0.2849999964237213
1982,3,4,18,0,0.9189149737358093,9.305100440979004,45,8.48390007019043,8.011099815368652,11014,10.01200008392334,1.4660300016403198,0.2865299880504608
1982,3,4,21,0,0.9178699851036072,9.288800239562988,45,8.46150016784668,8.005499839782715,9341,10.01200008392334,1.3526599407196045,0.29603999853134155
1982,3,5,0,0,0.9169849753379822,9.305000305175781,45,8.4306001663208,7.9710001945495605,8012,9.101699829101562,1.2550699710845947,0.31255999207496643
1982,3,5,3,0,0.9161159992218018,9.343000411987305,45,8.397000312805176,7.92080020904541,6968,9.101699829101562,1.1724200248718262,0.33180999755859375
1982,3,5,6,0,0.915378987789154,9.421299934387207,45,8.394499778747559,7.901400089263916,6116,9.101699829101562,1.0987299680709839,0.35034000873565674
1982,3,5,9,0,0.914883017539978,9.564200401306152,45,8.431699752807617,7.9105000495910645,5436,9.101699829101562,1.0340399742126465,0.3681899905204773
1982,3,5,12,0,0.915041983127594,9.829000473022461,45,8.54419994354248,7.966599941253662,4995,8.274100303649902,0.9855999946594238,0.38405999541282654
1982,3,5,15,0,0.9157739877700806,10.222399711608887,45,8.75629997253418,8.093299865722656,4781,8.274100303649902,0.9544600248336792,0.3926900029182434
1982,3,5,18,0,0.9165999889373779,10.66919994354248,45,9.032299995422363,8.248000144958496,4670,14.659700393676758,0.9314000010490417,0.3914799988269806
1982,3,5,21,0,0.9174950122833252,11.097999572753906,45,9.34630012512207,8.4350004196167,4613,13.326800346374512,0.9136499762535095,0.3810400068759918
1982,3,6,0,0,0.9180489778518677,11.454299926757812,45,9.64169979095459,8.596599578857422,4597,13.326800346374512,0.9013500213623047,0.365339994430542
1982,3,6,3,0,0.9160360097885132,11.558899879455566,45,9.621299743652344,8.355199813842773,4565,13.326800346374512,0.8951600193977356,0.3590399920940399
1982,3,6,6,0,0.9136859774589539,11.539299964904785,45,9.530099868774414,8.09630012512207,4467,13.326800346374512,0.884850025177002,0.3540399968624115
1982,3,6,9,0,0.9142720103263855,11.751700401306152,45,9.85200023651123,8.392499923706055,4244,13.326800346374512,0.8542299866676331,0.33524999022483826
1982,3,6,12,0,0.9152539968490601,12.039999961853027,55,10.316900253295898,8.928299903869629,4060,12.114999771118164,0.8263999819755554,0.3159500062465668
1982,3,6,15,0,0.9211379885673523,12.27560043334961,55,10.725500106811523,9.46500015258789,3946,17.73889923095703,0.8079800009727478,0.3022899925708771
1982,3,6,18,0,0.9262940287590027,12.390700340270996,55,10.923800468444824,9.769399642944336,3826,17.73889923095703,0.7927500009536743,0.29872000217437744
1982,3,6,21,0,0.9298660159111023,12.406900405883789,55,10.915900230407715,9.762399673461914,3606,17.73889923095703,0.7699400186538696,0.3027699887752533
1982,3,7,0,0,0.9324719905853271,12.24839973449707,55,10.369000434875488,8.751799583435059,3339,17.73889923095703,0.7458400130271912,0.3197999894618988
1982,3,7,3,0,0.9349179863929749,12.111800193786621,55,9.909299850463867,7.977799892425537,3095,17.73889923095703,0.7221199870109558,0.3316900134086609
1982,3,7,6,0,0.9376450181007385,12.21780014038086,55,10.12339973449707,8.233799934387207,2996,16.125999450683594,0.7075899839401245,0.32366999983787537
1982,3,7,9,0,0.940684974193573,12.385199546813965,55,10.371600151062012,8.526700019836426,3109,16.125999450683594,0.7172799706459045,0.31520000100135803
1982,3,7,12,0,0.9442340135574341,12.473099708557129,55,10.374899864196777,8.561200141906738,3404,16.125999450683594,0.7498999834060669,0.3189699947834015
1982,3,7,15,0,0.9469149708747864,12.48390007019043,55,10.452699661254883,8.706100463867188,3755,16.125999450683594,0.7865899801254272,0.31411001086235046
1982,3,7,18,0,0.9494869709014893,12.053299903869629,55,9.79990005493164,8.098600387573242,4295,16.125999450683594,0.8530399799346924,0.3401699960231781
1982,3,7,21,0,0.951839029788971,11.350000381469727,55,9.129599571228027,7.630199909210205,5147,16.125999450683594,0.9563800096511841,0.37481001019477844
1982,3,8,0,0,0.95353102684021,10.547200202941895,55,8.693300247192383,7.569799900054932,6007,16.125999450683594,1.059209942817688,0.3911899924278259
1982,3,8,3,0,0.9547380208969116,10.195799827575684,65,8.614700317382812,7.680500030517578,6748,16.125999450683594,1.1312600374221802,0.37950998544692993
1982,3,8,6,0,0.9561499953269958,10.320500373840332,65,8.972399711608887,8.154500007629395,8624,16.125999450683594,1.2643799781799316,0.34474998712539673
1982,3,8,9,0,0.9633190035820007,10.37969970703125,65,9.415399551391602,8.822500228881836,14545,11.013500213623047,1.621150016784668,0.2908500134944916
1982,3,8,12,0,0.966946005821228,10.226300239562988,65,9.376500129699707,8.866600036621094,19443,11.013500213623047,1.8786699771881104,0.27559998631477356
1982,3,8,15,0,0.9659180045127869,9.956600189208984,65,8.66569995880127,7.565400123596191,20899,11.013500213623047,1.974079966545105,0.3013699948787689
1982,3,8,18,0,0.9650279879570007,9.635700225830078,65,8.022600173950195,6.819200038909912,26103,11.013500213623047,2.249300003051758,0.3391300141811371
1982,3,8,21,0,0.9636369943618774,9.197099685668945,65,7.470699787139893,6.355800151824951,45523,12.114999771118164,3.0469601154327393,0.3731899857521057
1982,3,9,0,0,0.9630609750747681,9.3818998336792,65,7.961599826812744,6.9664998054504395,76649,12.114999771118164,3.8931500911712646,0.33340999484062195
1982,3,9,3,0,0.9633579850196838,9.497300148010254,65,8.056099891662598,7.0208001136779785,72537,12.114999771118164,3.7660999298095703,0.3272300064563751
1982,3,9,6,0,0.9619550108909607,9.347999572753906,65,7.92609977722168,6.92609977722168,56670,11.013500213623047,3.350069999694824,0.3305700123310089
1982,3,9,9,0,0.9599639773368835,9.280500411987305,65,7.803400039672852,6.743299961090088,41505,11.013500213623047,2.8754899501800537,0.33379998803138733
1982,3,9,12,0,0.9570950269699097,9.221699714660645,65,7.723700046539307,6.653900146484375,31826,11.013500213623047,2.525599956512451,0.33792001008987427
1982,3,9,15,0,0.9539909958839417,9.152199745178223,65,7.645299911499023,6.588500022888184,25851,11.013500213623047,2.284679889678955,0.34286999702453613
1982,3,9,18,0,0.9508489966392517,9.139200210571289,65,7.67609977722168,6.640999794006348,21922,11.013500213623047,2.1040399074554443,0.3401600122451782
1982,3,9,21,0,0.9473119974136353,9.093999862670898,65,7.609000205993652,6.558300018310547,18826,10.01200008392334,1.9541300535202026,0.3430500030517578
1982,3,10,0,0,0.9433709979057312,9.175700187683105,55,7.821000099182129,6.880000114440918,16212,10.01200008392334,1.804900050163269,0.3356100022792816
1982,3,10,3,0,0.9424449801445007,9.253299713134766,55,8.041999816894531,7.268199920654297,14071,10.01200008392334,1.6744400262832642,0.33024999499320984
1982,3,10,6,0,0.9415150284767151,9.262200355529785,55,8.117500305175781,7.426400184631348,12517,9.101699829101562,1.5785399675369263,0.3304600119590759
1982,3,10,9,0,0.9404860138893127,9.263500213623047,55,8.153599739074707,7.51140022277832,11315,9.101699829101562,1.5011399984359741,0.3333500027656555
1982,3,10,12,0,0.9396070241928101,9.291999816894531,55,8.203300476074219,7.594399929046631,10492,9.101699829101562,1.4442600011825562,0.33649998903274536
1982,3,10,15,0,0.9393709897994995,9.321599960327148,55,8.257800102233887,7.6793999671936035,10068,9.101699829101562,1.4129799604415894,0.3380100131034851
1982,3,10,18,0,0.9391019940376282,9.328700065612793,55,8.270899772644043,7.711400032043457,9625,8.274100303649902,1.3819600343704224,0.34261998534202576
1982,3,10,21,0,0.9398519992828369,9.357500076293945,65,8.267200469970703,7.695799827575684,9331,8.274100303649902,1.3610600233078003,0.3515399992465973
1982,3,11,0,0,0.9438679814338684,7.9232001304626465,65,6.008800029754639,4.985099792480469,11707,8.274100303649902,1.6650899648666382,0.4652400016784668
1982,3,11,3,0,0.9461659789085388,7.691699981689453,65,6.105299949645996,5.228499889373779,15301,9.101699829101562,1.9269800186157227,0.45153000950813293
1982,3,11,6,0,0.944441020488739,7.82919979095459,65,6.153600215911865,5.269800186157227,14898,9.101699829101562,1.892590045928955,0.4685699939727783
1982,3,11,9,0,0.9374369978904724,7.741799831390381,65,5.998300075531006,5.139599800109863,14717,8.274100303649902,1.9027299880981445,0.4956899881362915
1982,3,11,12,0,0.9255520105361938,8.370800018310547,65,6.627600193023682,5.774199962615967,13220,8.274100303649902,1.7400799989700317,0.4792799949645996
1982,3,11,15,0,0.9067710041999817,8.73289966583252,55,7.110300064086914,6.3531999588012695,12367,8.274100303649902,1.6513099670410156,0.4645499885082245
1982,3,11,18,0,0.8956329822540283,9.504799842834473,55,8.09179973602295,7.416500091552734,12919,8.274100303649902,1.6114000082015991,0.4086199998855591
1982,3,11,21,0,0.8957470059394836,10.256199836730957,55,8.878399848937988,8.208900451660156,13050,16.125999450683594,1.5668400526046753,0.37707000970840454
1982,3,12,0,0,0.8984990119934082,10.862600326538086,55,9.4753999710083,8.773799896240234,12962,16.125999450683594,1.5275800228118896,0.3572399914264679
1982,3,12,3,0,0.9026950001716614,11.35200023651123,45,9.97760009765625,9.246700286865234,13163,16.125999450683594,1.5144699811935425,0.33959001302719116
1982,3,12,6,0,0.9065070152282715,11.733499526977539,45,10.392600059509277,9.646100044250488,13608,16.125999450683594,1.5211700201034546,0.3227500021457672
1982,3,12,9,0,0.9100160002708435,12.072199821472168,45,10.791299819946289,10.047499656677246,14373,16.125999450683594,1.546820044517517,0.304390013217926
1982,3,12,12,0,0.9128559827804565,12.373200416564941,45,11.160599708557129,10.426300048828125,15318,14.659700393676758,1.5824600458145142,0.28641998767852783
1982,3,12,15,0,0.9144999980926514,12.572099685668945,45,11.419099807739258,10.693699836730957,15960,14.659700393676758,1.6055500507354736,0.2721500098705292
1982,3,12,18,0,0.91497802734375,12.654500007629395,45,11.537500381469727,10.82289981842041,15729,14.659700393676758,1.5896600484848022,0.2655700147151947
1982,3,12,21,0,0.9146090149879456,12.638799667358398,45,11.535099983215332,10.829299926757812,14688,14.659700393676758,1.5362000465393066,0.2648699879646301
1982,3,13,0,0,0.9139750003814697,12.560199737548828,45,11.444100379943848,10.733699798583984,13655,14.659700393676758,1.484089970588684,0.26862001419067383
1982,3,13,3,0,0.912975013256073,12.375699996948242,45,11.202300071716309,10.465700149536133,13296,14.659700393676758,1.4722599983215332,0.2793700098991394
1982,3,13,6,0,0.9123209714889526,12.108400344848633,45,10.798199653625488,9.988499641418457,13298,14.659700393676758,1.4854999780654907,0.2975800037384033
1982,3,13,9,0,0.9130309820175171,11.949299812316895,45,10.564499855041504,9.699000358581543,13385,14.659700393676758,1.4978300333023071,0.30647000670433044
1982,3,13,12,0,0.9141139984130859,11.941699981689453,45,10.587400436401367,9.731599807739258,13612,14.659700393676758,1.5094200372695923,0.3034200072288513
1982,3,13,15,0,0.916113018989563,12.168800354003906,45,10.871100425720215,10.038800239562988,14676,13.326800346374512,1.5566999912261963,0.29460999369621277
1982,3,13,18,0,0.9203230142593384,12.887700080871582,45,11.60099983215332,10.754799842834473,18287,13.326800346374512,1.7103699445724487,0.2825300097465515
1982,3,13,21,0,0.9249740242958069,13.747900009155273,45,12.492400169372559,11.616800308227539,24353,14.659700393676758,1.9415299892425537,0.263590008020401
1982,3,14,0,0,0.9278290271759033,14.225500106811523,45,12.938599586486816,11.76200008392334,29100,17.73889923095703,2.104710102081299,0.24862000346183777
1982,3,14,3,0,0.9287239909172058,14.18809986114502,45,12.300100326538086,10.10569953918457,30480,16.125999450683594,2.161139965057373,0.25900998711586
1982,3,14,6,0,0.9293929934501648,14.291000366210938,45,13.01509952545166,11.90310001373291,29836,16.125999450683594,2.1279098987579346,0.24111999571323395
1982,3,14,9,0,0.9278709888458252,13.893600463867188,45,12.595100402832031,11.690500259399414,29446,16.125999450683594,2.1318700313568115,0.25773000717163086
1982,3,14,12,0,0.9262319803237915,13.521300315856934,45,11.861300468444824,10.509099960327148,28068,16.125999450683594,2.1021299362182617,0.27845999598503113
1982,3,14,15,0,0.9273390173912048,13.637900352478027,45,12.194199562072754,10.915200233459473,26327,16.125999450683594,2.02347993850708,0.25655999779701233
1982,3,14,18,0,0.9273499846458435,13.512399673461914,45,12.077699661254883,10.744999885559082,25230,16.125999450683594,1.983780026435852,0.2542400062084198
1982,3,14,21,0,0.9248489737510681,13.004400253295898,45,11.287300109863281,9.783599853515625,24485,16.125999450683594,1.9816900491714478,0.2821199893951416
1982,3,15,0,0,0.9230329990386963,12.413200378417969,45,10.750300407409668,9.487799644470215,24931,14.659700393676758,2.0279700756073,0.30112001299858093
1982,3,15,3,0,0.9226400256156921,12.18220043182373,45,10.556099891662598,9.313599586486816,24581,14.659700393676758,2.022589921951294,0.30039000511169434
1982,3,15,6,0,0.923367977142334,12.144700050354004,45,10.681300163269043,9.596400260925293,23316,14.659700393676758,1.9663599729537964,0.28762000799179077
1982,3,15,9,0,0.9240570068359375,12.07859992980957,45,10.778800010681152,9.854100227355957,21568,14.659700393676758,1.889050006866455,0.27456000447273254
1982,3,15,12,0,0.9242470264434814,11.963800430297852,45,10.806099891662598,10.008600234985352,19791,14.659700393676758,1.8102099895477295,0.2634600102901459
1982,3,15,15,0,0.9238470196723938,11.812299728393555,45,10.753000259399414,10.039999961853027,18045,13.326800346374512,1.7319400310516357,0.2563599944114685
1982,3,15,18,0,0.9226790070533752,11.609100341796875,45,10.60789966583252,9.94890022277832,16128,13.326800346374512,1.644219994544983,0.2539199888706207
1982,3,15,21,0,0.9209880232810974,11.339400291442871,45,10.263999938964844,9.381500244140625,13950,13.326800346374512,1.5403300523757935,0.25758999586105347
1982,3,16,0,0,0.917460024356842,9.978599548339844,45,7.4593000411987305,5.829999923706055,12230,13.326800346374512,1.5346800088882446,0.3774999976158142
1982,3,16,3,0,0.9210050106048584,7.776400089263916,45,5.851600170135498,4.902500152587891,14131,12.114999771118164,1.8570499420166016,0.4754599928855896
1982,3,16,6,0,0.9206749796867371,7.728499889373779,55,6.160999774932861,5.301000118255615,13649,12.114999771118164,1.8169900178909302,0.43707001209259033
1982,3,16,9,0,0.9115599989891052,8.284199714660645,45,6.904099941253662,6.146900177001953,10600,12.114999771118164,1.5451799631118774,0.40505000948905945
1982,3,16,12,0,0.9091359972953796,8.554699897766113,45,7.431000232696533,6.86870002746582,11032,11.013500213623047,1.5443899631500244,0.3717400133609772
1982,3,16,15,0,0.9086390137672424,8.971500396728516,45,7.854599952697754,7.308700084686279,11785,11.013500213623047,1.561169981956482,0.358240008354187
1982,3,16,18,0,0.9133989810943604,9.56410026550293,45,8.394200325012207,7.796500205993652,12668,11.013500213623047,1.5747400522232056,0.34358999133110046
1982,3,16,21,0,0.9191039800643921,10.134099960327148,45,8.940600395202637,8.302300453186035,13674,10.01200008392334,1.5980000495910645,0.3300600051879883
1982,3,17,0,0,0.9221259951591492,10.61359977722168,45,9.37399959564209,8.708999633789062,14632,13.326800346374512,1.6271599531173706,0.3300800025463104
1982,3,17,3,0,0.9245730042457581,11.14109992980957,45,9.791799545288086,9.075300216674805,15660,13.326800346374512,1.660390019416809,0.33675000071525574
1982,3,17,6,0,0.9274129867553711,11.79580020904541,45,10.321200370788574,9.522700309753418,17376,12.114999771118164,1.721619963645935,0.33469998836517334
1982,3,17,9,0,0.9303640127182007,12.448200225830078,45,10.93239974975586,10.058600425720215,20141,16.125999450683594,1.8240400552749634,0.3168799877166748
1982,3,17,12,0,0.9322440028190613,12.811699867248535,45,11.33899974822998,10.430899620056152,23061,16.125999450683594,1.932919979095459,0.296889990568161
1982,3,17,15,0,0.9329059720039368,12.867600440979004,45,11.499300003051758,10.619799613952637,23782,16.125999450683594,1.9557199478149414,0.28102999925613403
1982,3,17,18,0,0.9323509931564331,12.669899940490723,45,11.393099784851074,10.574399948120117,22021,14.659700393676758,1.886430025100708,0.274509996175766
1982,3,17,21,0,0.9298920035362244,12.208800315856934,45,10.984800338745117,10.237899780273438,19562,14.659700393676758,1.7954800128936768,0.2805899977684021
1982,3,18,0,0,0.9278200268745422,11.756500244140625,45,10.586199760437012,9.887100219726562,16842,14.659700393676758,1.6829400062561035,0.28428998589515686
1982,3,18,3,0,0.9250339865684509,11.39840030670166,45,10.16919994354248,9.367400169372559,14141,14.659700393676758,1.5571500062942505,0.29096999764442444
1982,3,18,6,0,0.9209470152854919,11.141200065612793,45,9.836600303649902,8.932499885559082,12253,13.326800346374512,1.4608999490737915,0.29989001154899597
1982,3,18,9,0,0.9180909991264343,11.09570026397705,45,9.796600341796875,8.898599624633789,10773,13.326800346374512,1.3713300228118896,0.30507001280784607
1982,3,18,12,0,0.914152979850769,10.932100296020508,45,9.522299766540527,8.553799629211426,9756,13.326800346374512,1.3149199485778809,0.3287999927997589
1982,3,18,15,0,0.9097959995269775,10.684599876403809,45,9.105299949645996,8.054699897766113,9143,13.326800346374512,1.2887599468231201,0.36173000931739807
1982,3,18,18,0,0.9080280065536499,10.628399848937988,35,8.78950023651123,7.642000198364258,8952,13.326800346374512,1.2868499755859375,0.399619996547699
1982,3,18,21,0,0.9076129794120789,10.702799797058105,35,8.478799819946289,7.182700157165527,9326,12.114999771118164,1.3234100341796875,0.4406900107860565
1982,3,19,0,0,0.909417986869812,11.143099784851074,45,8.564399719238281,7.15369987487793,10295,19.513200759887695,1.3837300539016724,0.46480000019073486
1982,3,19,3,0,0.9133219718933105,11.915900230407715,45,9.092399597167969,7.57919979095459,11215,19.513200759887695,1.4191700220108032,0.46055999398231506
1982,3,19,6,0,0.917057991027832,12.783699989318848,45,9.756999969482422,8.094300270080566,11874,19.513200759887695,1.4313900470733643,0.4399000108242035
1982,3,19,9,0,0.9204480051994324,13.4891996383667,45,10.311300277709961,8.470600128173828,12617,19.513200759887695,1.4531699419021606,0.4153600037097931
1982,3,19,12,0,0.923160970211029,13.903599739074707,45,10.621899604797363,8.654999732971191,13224,19.513200759887695,1.475890040397644,0.3994799852371216
1982,3,19,15,0,0.9251070022583008,14.08650016784668,45,10.799099922180176,8.762100219726562,13444,19.513200759887695,1.4812999963760376,0.38635000586509705
1982,3,19,18,0,0.9262570142745972,14.095499992370605,45,10.947500228881836,8.910400390625,13631,17.73889923095703,1.4864399433135986,0.37042999267578125
1982,3,19,21,0,0.9271789789199829,14.194499969482422,45,11.261099815368652,9.234299659729004,14383,17.73889923095703,1.5172699689865112,0.34744998812675476
1982,3,20,0,0,0.9275829792022705,14.289299964904785,45,11.579700469970703,9.590399742126465,14989,17.73889923095703,1.5397599935531616,0.326119989156723
1982,3,20,3,0,0.927282989025116,14.27929973602295,45,11.76360034942627,9.840299606323242,15081,17.73889923095703,1.539489984512329,0.3110699951648712
1982,3,20,6,0,0.9269170165061951,14.21560001373291,45,11.856599807739258,9.990599632263184,14775,17.73889923095703,1.5211199522018433,0.29980000853538513
1982,3,20,9,0,0.9269390106201172,14.130200386047363,45,11.9375,10.142999649047852,14189,17.73889923095703,1.4884300231933594,0.28891000151634216
1982,3,20,12,0,0.9270089864730835,13.972100257873535,45,11.948599815368652,10.259300231933594,13294,16.125999450683594,1.440750002861023,0.28042998909950256
1982,3,20,15,0,0.9268540143966675,13.746800422668457,45,11.881199836730957,10.312999725341797,12233,16.125999450683594,1.3841500282287598,0.27402999997138977
1982,3,20,18,0,0.9263060092926025,13.550200462341309,45,11.825200080871582,10.365599632263184,11378,16.125999450683594,1.3366999626159668,0.26750001311302185
1982,3,20,21,0,0.9255549907684326,13.424099922180176,45,11.813400268554688,10.435700416564941,10809,16.125999450683594,1.3034499883651733,0.2611300051212311
1982,3,21,0,0,0.9245659708976746,13.322799682617188,45,11.811100006103516,10.499699592590332,10272,16.125999450683594,1.2710000276565552,0.2554599940776825
1982,3,21,3,0,0.9233409762382507,13.178600311279297,45,11.742899894714355,10.464799880981445,9603,14.659700393676758,1.2305899858474731,0.25161001086235046
1982,3,21,6,0,0.9215660095214844,12.916000366210938,45,11.436800003051758,10.052000045776367,8832,14.659700393676758,1.1860300302505493,0.2557399868965149
1982,3,21,9,0,0.9193090200424194,12.522299766540527,45,10.930299758911133,9.420499801635742,7961,14.659700393676758,1.1366100311279297,0.2682400047779083
1982,3,21,12,0,0.9174579977989197,12.135299682617188,45,10.562999725341797,9.126099586486816,6997,13.326800346374512,1.0752700567245483,0.2776699960231781
1982,3,21,15,0,0.9154869914054871,11.75730037689209,45,10.235799789428711,8.932000160217285,6144,13.326800346374512,1.017490029335022,0.28791001439094543
1982,3,21,18,0,0.9124040007591248,11.366000175476074,45,9.85789966583252,8.689299583435059,5679,13.326800346374512,0.9904800057411194,0.3052099943161011
1982,3,21,21,0,0.910971999168396,11.32859992980957,45,9.775799751281738,8.606900215148926,5306,13.326800346374512,0.9597100019454956,0.31294000148773193
1982,3,22,0,0,0.9063429832458496,11.116000175476074,45,9.028900146484375,7.468800067901611,5173,13.326800346374512,0.9605900049209595,0.34975001215934753
1982,3,22,3,0,0.8993769884109497,10.59630012512207,45,8.36139965057373,6.904799938201904,5616,13.326800346374512,1.025480031967163,0.39287999272346497
1982,3,22,6,0,0.9018509984016418,10.914899826049805,45,8.827400207519531,7.4028000831604,5813,13.326800346374512,1.0292999744415283,0.3769899904727936
1982,3,22,9,0,0.905689001083374,11.392499923706055,45,9.441699981689453,8.018799781799316,6028,13.326800346374512,1.0293300151824951,0.3530600070953369
1982,3,22,12,0,0.9085500240325928,11.667200088500977,45,9.855199813842773,8.47029972076416,6448,13.326800346374512,1.0529999732971191,0.33406001329421997
1982,3,22,15,0,0.9118139743804932,11.902400016784668,45,10.152400016784668,8.742600440979004,6736,16.125999450683594,1.0671600103378296,0.31659001111984253
1982,3,22,18,0,0.914555013179779,12.052499771118164,45,10.267900466918945,8.765299797058105,7021,16.125999450683594,1.0844800472259521,0.306549996137619
1982,3,22,21,0,0.9156000018119812,12.00409984588623,45,10.069199562072754,8.409099578857422,7355,16.125999450683594,1.1121799945831299,0.30866000056266785
1982,3,23,0,0,0.9131309986114502,11.593899726867676,45,9.442299842834473,7.715400218963623,7887,14.659700393676758,1.1677800416946411,0.3308199942111969
1982,3,23,3,0,0.9125549793243408,11.411600112915039,45,9.375399589538574,7.763400077819824,8284,14.659700393676758,1.2016799449920654,0.33340001106262207
1982,3,23,6,0,0.9142810106277466,11.57610034942627,45,9.677000045776367,8.140800476074219,7985,14.659700393676758,1.1720800399780273,0.3256700038909912
1982,3,23,9,0,0.9155669808387756,11.888299942016602,45,9.928400039672852,8.373700141906738,7354,14.659700393676758,1.1177400350570679,0.33744001388549805
1982,3,23,12,0,0.9150369763374329,12.089400291442871,45,9.965299606323242,8.35669994354248,6803,13.326800346374512,1.0739699602127075,0.3587299883365631
1982,3,23,15,0,0.9163089990615845,12.59939956665039,45,10.2701997756958,8.56190013885498,6887,13.326800346374512,1.0724400281906128,0.36994999647140503
1982,3,23,18,0,0.9185789823532104,13.260600090026855,45,10.793499946594238,8.973999977111816,7545,19.513200759887695,1.109570026397705,0.36520999670028687
1982,3,23,21,0,0.9198930263519287,13.582300186157227,45,11.056300163269043,9.14210033416748,8186,19.513200759887695,1.1487200260162354,0.35346001386642456
1982,3,24,0,0,0.92010897397995,13.655099868774414,45,10.82349967956543,8.64229965209961,9304,17.73889923095703,1.2261099815368652,0.35175999999046326
1982,3,24,3,0,0.9210870265960693,13.741000175476074,45,10.839900016784668,8.567999839782715,10519,17.73889923095703,1.3014099597930908,0.3423300087451935
1982,3,24,6,0,0.921218991279602,13.64490032196045,45,10.865400314331055,8.660799980163574,11344,17.73889923095703,1.3515900373458862,0.3340499997138977
1982,3,24,9,0,0.9218699932098389,13.58180046081543,45,11.019200325012207,8.892800331115723,11337,17.73889923095703,1.3478200435638428,0.31812000274658203
1982,3,24,12,0,0.923213005065918,13.58810043334961,45,11.301899909973145,9.265700340270996,11027,16.125999450683594,1.3228100538253784,0.29506999254226685
1982,3,24,15,0,0.9246000051498413,13.626799583435059,45,11.626299858093262,9.714699745178223,10807,16.125999450683594,1.302780032157898,0.2719300091266632
1982,3,24,18,0,0.9254209995269775,13.61139965057373,45,11.850500106811523,10.088700294494629,10468,16.125999450683594,1.2781200408935547,0.2550100088119507
1982,3,24,21,0,0.9254869818687439,13.470100402832031,45,11.895700454711914,10.2947998046875,9815,16.125999450683594,1.23757004737854,0.2448900043964386
1982,3,25,0,0,0.9252079725265503,13.268400192260742,45,11.871299743652344,10.430700302124023,9003,14.659700393676758,1.1866999864578247,0.23565000295639038
1982,3,25,3,0,0.9249690175056458,13.102100372314453,45,11.905500411987305,10.684900283813477,8336,14.659700393676758,1.1425000429153442,0.22450999915599823
1982,3,25,6,0,0.924796998500824,12.956399917602539,45,11.83240032196045,10.545000076293945,7781,14.659700393676758,1.104949951171875,0.21565000712871552
1982,3,25,9,0,0.9214550256729126,10.798999786376953,45,7.091899871826172,5.1809000968933105,7551,14.659700393676758,1.1888799667358398,0.41291001439094543
1982,3,25,12,0,0.9228699803352356,9.557600021362305,45,6.272600173950195,4.84630012512207,7351,14.659700393676758,1.2419699430465698,0.4856800138950348
1982,3,25,15,0,0.9213420152664185,8.932999610900879,45,5.849599838256836,4.602700233459473,6839,14.659700393676758,1.2351499795913696,0.515999972820282
1982,3,25,18,0,0.92228102684021,8.151900291442871,45,5.468599796295166,4.436299800872803,6837,13.326800346374512,1.289620041847229,0.5495499968528748
1982,3,25,21,0,0.924796998500824,8.054900169372559,45,5.538899898529053,4.541200160980225,6870,13.326800346374512,1.2993700504302979,0.547290027141571
1982,3,26,0,0,0.9243689775466919,8.405799865722656,45,5.821499824523926,4.7565999031066895,7579,13.326800346374512,1.3398900032043457,0.5361199975013733
1982,3,26,3,0,0.9256560206413269,9.648900032043457,45,6.920400142669678,5.599599838256836,8970,13.326800346374512,1.365280032157898,0.47018998861312866
1982,3,26,6,0,0.9257209897041321,10.54990005493164,45,7.85830020904541,6.297699928283691,11258,13.326800346374512,1.4643499851226807,0.4124999940395355
1982,3,26,9,0,0.9259809851646423,10.845100402832031,45,8.156499862670898,6.4832000732421875,14389,13.326800346374512,1.6341400146484375,0.39629000425338745
1982,3,26,12,0,0.9258610010147095,10.200200080871582,45,7.341400146484375,5.8694000244140625,18549,13.326800346374512,1.9171099662780762,0.4517900049686432
1982,3,26,15,0,0.9252060055732727,9.586400032043457,45,7.001200199127197,5.7444000244140625,23269,14.659700393676758,2.2046899795532227,0.47626999020576477
1982,3,26,18,0,0.9241510033607483,9.451800346374512,45,6.978700160980225,5.770699977874756,24695,14.659700393676758,2.2820498943328857,0.47617000341415405
1982,3,26,21,0,0.9210469722747803,9.344799995422363,45,6.895699977874756,5.705699920654297,23891,14.659700393676758,2.2561399936676025,0.47955000400543213
1982,3,27,0,0,0.9185550212860107,9.782699584960938,45,7.2291998863220215,5.895899772644043,20702,14.659700393676758,2.05607008934021,0.45614001154899597
1982,3,27,3,0,0.9164080023765564,9.200300216674805,45,6.670199871063232,5.4969000816345215,19668,13.326800346374512,2.0650899410247803,0.49202001094818115
1982,3,27,6,0,0.9147670269012451,8.439599990844727,45,6.3694000244140625,5.416999816894531,22086,13.326800346374512,2.265010118484497,0.5029500126838684
1982,3,27,9,0,0.9143409729003906,8.358400344848633,45,6.419400215148926,5.469699859619141,23324,13.326800346374512,2.324389934539795,0.48813000321388245
1982,3,27,12,0,0.9147369861602783,8.146100044250488,55,6.359000205993652,5.469900131225586,24555,13.326800346374512,2.4060399532318115,0.4818100035190582
1982,3,27,15,0,0.916500985622406,8.187700271606445,55,6.467100143432617,5.576300144195557,25994,6.837800025939941,2.4602200984954834,0.4679900109767914
1982,3,27,18,0,0.9217979907989502,7.700200080871582,55,6.139999866485596,5.306099891662598,34433,7.5218000411987305,2.8994600772857666,0.46031999588012695
1982,3,27,21,0,0.9438300132751465,8.503600120544434,65,7.3043999671936035,6.492800235748291,59861,9.101699829101562,3.5784099102020264,0.34689000248908997
1982,3,28,0,0,0.9457150101661682,9.117500305175781,65,8.078800201416016,7.392300128936768,60389,10.01200008392334,3.472860097885132,0.3126699924468994
1982,3,28,3,0,0.9380149841308594,9.605999946594238,55,8.68280029296875,8.13290023803711,44999,10.01200008392334,2.9319798946380615,0.30087000131607056
1982,3,28,6,0,0.9310700297355652,9.876799583435059,55,8.96500015258789,8.4798002243042,34133,9.101699829101562,2.5307400226593018,0.30636000633239746
1982,3,28,9,0,0.9254810214042664,9.995499610900879,55,9.028300285339355,8.537500381469727,26532,9.101699829101562,2.2269299030303955,0.3167000114917755
1982,3,28,12,0,0.9214069843292236,10.095199584960938,55,9.055500030517578,8.536499977111816,21778,8.274100303649902,2.015089988708496,0.32510000467300415
1982,3,28,15,0,0.9193350076675415,10.281700134277344,55,9.158499717712402,8.593299865722656,18953,12.114999771118164,1.8711899518966675,0.3296999931335449
1982,3,28,18,0,0.919185996055603,10.377699851989746,45,9.160499572753906,8.47719955444336,17245,12.114999771118164,1.7809100151062012,0.3321300148963928
1982,3,28,21,0,0.9189779758453369,9.963800430297852,45,8.10949993133545,6.780399799346924,16025,12.114999771118164,1.752769947052002,0.3684900104999542
1982,3,29,0,0,0.9186570048332214,9.661700248718262,45,7.70959997177124,6.404600143432617,14966,12.114999771118164,1.7181199789047241,0.38526999950408936
1982,3,29,3,0,0.9191049933433533,9.815600395202637,45,8.190600395202637,7.071700096130371,14260,11.013500213623047,1.6594799757003784,0.35943999886512756
1982,3,29,6,0,0.9189040064811707,9.94260025024414,45,8.659700393676758,7.851399898529053,14606,11.013500213623047,1.6637599468231201,0.33403998613357544
1982,3,29,9,0,0.9190970063209534,9.953900337219238,45,8.782299995422363,8.034199714660645,15453,11.013500213623047,1.7063000202178955,0.32016998529434204
1982,3,29,12,0,0.9189379811286926,9.628499984741211,45,8.038100242614746,6.826200008392334,15715,11.013500213623047,1.7475199699401855,0.3420700132846832
1982,3,29,15,0,0.9178929924964905,8.997900009155273,45,7.223599910736084,6.075699806213379,15148,11.013500213623047,1.7747399806976318,0.3850899934768677
1982,3,29,18,0,0.9218249917030334,8.563899993896484,55,7.076499938964844,6.1350998878479,14628,10.01200008392334,1.7796599864959717,0.3840000033378601
1982,3,29,21,0,0.9273679852485657,8.386699676513672,55,7.093299865722656,6.250800132751465,15056,8.274100303649902,1.8150500059127808,0.3677099943161011
1982,3,30,0,0,0.931011974811554,9.467100143432617,55,8.06309986114502,7.145599842071533,19457,13.326800346374512,1.9623099565505981,0.35183000564575195
1982,3,30,3,0,0.9379910230636597,11.1766996383667,55,9.909799575805664,9.119000434875488,31606,13.326800346374512,2.345170021057129,0.2981399893760681
1982,3,30,6,0,0.9382050037384033,11.78499984741211,55,10.688199996948242,9.969900131225586,36887,13.326800346374512,2.4813499450683594,0.2644999921321869
1982,3,30,9,0,0.9367669820785522,11.394599914550781,45,10.255000114440918,9.474100112915039,33627,13.326800346374512,2.3941900730133057,0.27257001399993896
1982,3,30,12,0,0.9344779849052429,10.716899871826172,45,9.150699615478516,7.940899848937988,28594,13.326800346374512,2.2651500701904297,0.3111400008201599
1982,3,30,15,0,0.9306690096855164,10.076499938964844,45,8.244199752807617,6.9344000816345215,24504,13.326800346374512,2.1539700031280518,0.34577998518943787
1982,3,30,18,0,0.9280629754066467,10.075799942016602,45,8.405699729919434,7.140999794006348,20547,12.114999771118164,1.9642000198364258,0.3276900053024292
1982,3,30,21,0,0.9275739789009094,9.050299644470215,45,6.938000202178955,5.668600082397461,18746,12.114999771118164,1.9779800176620483,0.4011099934577942
1982,3,31,0,0,0.9262040257453918,7.987100124359131,45,6.5157999992370605,5.647600173950195,23285,12.114999771118164,2.321769952774048,0.39996999502182007
1982,3,31,3,0,0.9213280081748962,8.545599937438965,45,7.2967000007629395,6.483399868011475,20506,12.114999771118164,2.0945799350738525,0.3479500114917755
1982,3,31,6,0,0.9198160171508789,8.511699676513672,55,7.17519998550415,6.246699810028076,19737,11.013500213623047,2.0551700592041016,0.34567999839782715
1982,3,31,9,0,0.924094021320343,8.526900291442871,55,7.543099880218506,6.9319000244140625,20292,11.013500213623047,2.0746099948883057,0.31975001096725464
1982,3,31,12,0,0.921442985534668,8.830900192260742,55,8.01930046081543,7.564899921417236,18838,8.274100303649902,1.9618200063705444,0.2952600121498108
1982,3,31,15,0,0.919510006904602,9.093299865722656,55,8.29010009765625,7.832399845123291,17342,11.013500213623047,1.857990026473999,0.28911998867988586
1982,3,31,18,0,0.9199650287628174,9.115500450134277,55,7.951900005340576,7.047299861907959,17079,11.013500213623047,1.8480900526046753,0.3116700053215027
1982,3,31,21,0,0.9196029901504517,8.777899742126465,55,7.209199905395508,6.144100189208984,17551,11.013500213623047,1.9200299978256226,0.36423999071121216
1982,4,1,0,0,0.920744001865387,8.856100082397461,55,7.219200134277344,6.143799781799316,17717,11.013500213623047,1.9269700050354004,0.37345001101493835
1982,4,1,3,0,0.9221969842910767,9.417799949645996,55,7.963500022888184,6.9653000831604,17521,11.013500213623047,1.8620100021362305,0.34376999735832214
1982,4,1,6,0,0.922810971736908,9.771499633789062,55,8.195599555969238,7.0233001708984375,17762,13.326800346374512,1.8468999862670898,0.335889995098114
1982,4,1,9,0,0.922730028629303,9.797300338745117,45,7.9527997970581055,6.628499984741211,18456,13.326800346374512,1.8872499465942383,0.35273998975753784
1982,4,1,12,0,0.9219639897346497,9.396499633789062,45,7.360599994659424,6.092299938201904,19727,13.326800346374512,1.9975299835205078,0.3911300003528595
1982,4,1,15,0,0.9211949706077576,9.391799926757812,45,7.460999965667725,6.229499816894531,20227,12.114999771118164,2.021399974822998,0.3844200074672699
1982,4,1,18,0,0.9198189973831177,9.592599868774414,45,7.770199775695801,6.541600227355957,19341,12.114999771118164,1.9534900188446045,0.3651599884033203
1982,4,1,21,0,0.9180539846420288,9.433799743652344,45,7.448599815368652,6.16349983215332,18503,12.114999771118164,1.9276000261306763,0.3806999921798706
1982,4,2,0,0,0.918645977973938,9.55049991607666,45,7.547399997711182,6.232699871063232,17694,12.114999771118164,1.8753700256347656,0.3770900070667267
1982,4,2,3,0,0.920058012008667,9.968600273132324,45,8.117799758911133,6.777100086212158,16775,12.114999771118164,1.7879600524902344,0.34720999002456665
1982,4,2,6,0,0.9127709865570068,8.714799880981445,45,6.472300052642822,5.300000190734863,17543,12.114999771118164,1.9599599838256836,0.4439600110054016
1982,4,2,9,0,0.9146299958229065,7.181600093841553,55,5.757699966430664,4.9899001121521,26706,12.114999771118164,2.6306800842285156,0.4388900101184845
1982,4,2,12,0,0.949396014213562,8.239899635314941,65,7.184500217437744,6.4421000480651855,59794,10.01200008392334,3.6086299419403076,0.3124699890613556
1982,4,2,15,0,0.9558849930763245,8.869799613952637,65,7.96750020980835,7.299300193786621,70203,10.01200008392334,3.7630999088287354,0.27055999636650085
1982,4,2,18,0,0.9499779939651489,9.090399742126465,65,8.23390007019043,7.601900100708008,84453,10.01200008392334,4.08096981048584,0.26100999116897583
1982,4,2,21,0,0.9458659887313843,10.077199935913086,55,8.962499618530273,8.191300392150879,101371,11.013500213623047,4.328539848327637,0.29065999388694763
1982,4,3,0,0,0.9461680054664612,10.813400268554688,55,9.44320011138916,8.513400077819824,103828,13.326800346374512,4.3005900382995605,0.31136998534202576
1982,4,3,3,0,0.9451509714126587,10.657699584960938,55,9.234399795532227,8.264900207519531,94395,13.326800346374512,4.126339912414551,0.32142001390457153
1982,4,3,6,0,0.9431459903717041,10.433799743652344,55,9.013899803161621,8.052599906921387,78503,13.326800346374512,3.791450023651123,0.3261300027370453
1982,4,3,9,0,0.9402959942817688,10.330599784851074,55,8.991800308227539,8.090100288391113,61220,13.326800346374512,3.354170083999634,0.3187899887561798
1982,4,3,12,0,0.9363610148429871,10.075799942016602,55,8.747400283813477,7.834499835968018,46928,13.326800346374512,2.961549997329712,0.31942999362945557
1982,4,3,15,0,0.93197101354599,9.817999839782715,55,8.49489974975586,7.571300029754639,37172,12.114999771118164,2.660550117492676,0.3221299946308136
1982,4,3,18,0,0.9279999732971191,9.657099723815918,55,8.357399940490723,7.442500114440918,31023,12.114999771118164,2.4447500705718994,0.32262998819351196
1982,4,3,21,0,0.9251729846000671,9.381400108337402,55,7.946700096130371,6.941299915313721,27197,12.114999771118164,2.3210198879241943,0.3405599892139435
1982,4,4,0,0,0.9232270121574402,9.234399795532227,45,7.768499851226807,6.753699779510498,24619,11.013500213623047,2.2247400283813477,0.34935998916625977
1982,4,4,3,0,0.9223020076751709,9.373499870300293,45,8.047800064086914,7.139400005340576,22208,11.013500213623047,2.096719980239868,0.33862000703811646
1982,4,4,6,0,0.9216499924659729,9.414199829101562,45,8.092900276184082,7.201000213623047,19992,11.013500213623047,1.9869099855422974,0.3409300148487091
1982,4,4,9,0,0.9213160276412964,9.440799713134766,45,8.090999603271484,7.185500144958496,17809,11.013500213623047,1.874959945678711,0.3450700044631958
1982,4,4,12,0,0.9208210110664368,9.520099639892578,45,8.197600364685059,7.337100028991699,15859,11.013500213623047,1.7637699842453003,0.3438799977302551
1982,4,4,15,0,0.9194639921188354,9.569700241088867,45,8.32800006866455,7.596099853515625,14387,11.013500213623047,1.6763399839401245,0.34150999784469604
1982,4,4,18,0,0.9174590110778809,9.557299613952637,45,8.320799827575684,7.581200122833252,13466,11.013500213623047,1.6225500106811523,0.3410399854183197
1982,4,4,21,0,0.9157930016517639,9.505399703979492,45,8.101499557495117,7.117199897766113,12697,11.013500213623047,1.5803899765014648,0.3472299873828888
1982,4,5,0,0,0.9140480160713196,9.08650016784668,45,7.173799991607666,5.92549991607666,11939,11.013500213623047,1.5710899829864502,0.39399999380111694
1982,4,5,3,0,0.9123510122299194,8.754799842834473,45,6.76669979095459,5.597400188446045,11185,11.013500213623047,1.5530099868774414,0.42598000168800354
1982,4,5,6,0,0.906961977481842,7.588799953460693,45,5.666800022125244,4.752200126647949,11861,11.013500213623047,1.7246899604797363,0.5001699924468994
1982,4,5,9,0,0.9162420034408569,6.831999778747559,55,5.432400226593018,4.708399772644043,16389,6.837800025939941,2.1214001178741455,0.47189998626708984
1982,4,5,12,0,0.9375579953193665,7.499100208282471,55,6.4695000648498535,5.8130998611450195,24933,8.274100303649902,2.45100998878479,0.36002999544143677
1982,4,5,15,0,0.9360489845275879,7.9019999504089355,55,6.94379997253418,6.311100006103516,24967,8.274100303649902,2.3816299438476562,0.33337000012397766
1982,4,5,18,0,0.9350569844245911,7.7789998054504395,55,6.707600116729736,5.986100196838379,25208,8.274100303649902,2.4160499572753906,0.34891000390052795
1982,4,5,21,0,0.935588002204895,7.6971001625061035,55,6.659900188446045,5.971499919891357,30696,8.274100303649902,2.6788699626922607,0.34676000475883484
1982,4,6,0,0,0.9293839931488037,8.273300170898438,55,7.158100128173828,6.427499771118164,34545,9.101699829101562,2.7500600814819336,0.34393998980522156
1982,4,6,3,0,0.9303789734840393,8.831899642944336,45,7.547699928283691,6.679100036621094,38809,10.01200008392334,2.837019920349121,0.34323999285697937
1982,4,6,6,0,0.9261860251426697,8.517200469970703,45,7.187900066375732,6.313499927520752,31099,10.01200008392334,2.5864601135253906,0.36309999227523804
1982,4,6,9,0,0.9204639792442322,8.225299835205078,45,6.866399765014648,6.0096001625061035,22426,10.01200008392334,2.237109899520874,0.38506999611854553
1982,4,6,12,0,0.9156889915466309,8.445599555969238,45,7.173999786376953,6.408999919891357,15898,10.01200008392334,1.8623700141906738,0.38460999727249146
1982,4,6,15,0,0.9104570150375366,8.82289981842041,45,7.585700035095215,6.825300216674805,16160,10.01200008392334,1.8376100063323975,0.3652699887752533
1982,4,6,18,0,0.9041640162467957,8.952099800109863,45,7.633900165557861,6.789100170135498,15717,10.01200008392334,1.80239999294281,0.36713001132011414
1982,4,6,21,0,0.8999720215797424,8.927900314331055,35,7.375100135803223,6.3968000411987305,12599,10.01200008392334,1.624750018119812,0.3978700041770935
1982,4,7,0,0,0.8991090059280396,8.975099563598633,35,7.310699939727783,6.285699844360352,10953,10.01200008392334,1.5161800384521484,0.412990003824234
1982,4,7,3,0,0.8968939781188965,9.320099830627441,45,7.670199871063232,6.749300003051758,8252,17.73889923095703,1.30062997341156,0.42181000113487244
1982,4,7,6,0,0.8978239893913269,9.593099594116211,45,7.804599761962891,6.885700225830078,6355,17.73889923095703,1.1342300176620483,0.43619999289512634
1982,4,7,9,0,0.8988410234451294,9.837200164794922,45,7.977499961853027,7.045000076293945,5405,17.73889923095703,1.03725004196167,0.43540000915527344
1982,4,7,12,0,0.8998600244522095,10.086700439453125,45,8.195699691772461,7.235099792480469,4870,17.73889923095703,0.9748499989509583,0.4278300106525421
1982,4,7,15,0,0.9013760089874268,10.366900444030762,45,8.425200462341309,7.422399997711182,4510,17.73889923095703,0.9289699792861938,0.4207899868488312
1982,4,7,18,0,0.9035999774932861,10.659000396728516,45,8.598099708557129,7.434599876403809,4323,16.125999450683594,0.9008899927139282,0.4124700129032135
1982,4,7,21,0,0.9063060283660889,10.331999778747559,45,7.456299781799316,5.768799781799316,4386,16.125999450683594,0.924809992313385,0.44495001435279846
1982,4,8,0,0,0.909168004989624,10.49269962310791,45,7.860300064086914,6.354499816894531,4506,16.125999450683594,0.9296600222587585,0.43547001481056213
1982,4,8,3,0,0.9090800285339355,10.729000091552734,45,8.351300239562988,6.948699951171875,4619,16.125999450683594,0.9292700290679932,0.4129199981689453
1982,4,8,6,0,0.9083510041236877,10.945500373840332,45,8.82040023803711,7.518700122833252,4675,16.125999450683594,0.9240800142288208,0.39079999923706055
1982,4,8,9,0,0.9077360033988953,11.041099548339844,45,9.074999809265137,7.910299777984619,4594,16.125999450683594,0.9118000268936157,0.38297998905181885
1982,4,8,12,0,0.9072549939155579,11.087599754333496,45,9.139699935913086,8.049400329589844,4369,16.125999450683594,0.8889300227165222,0.386709988117218
1982,4,8,15,0,0.90727299451828,11.13129997253418,45,9.081700325012207,7.989699840545654,4136,16.125999450683594,0.8665000200271606,0.3979099988937378
1982,4,8,18,0,0.9093980193138123,11.139300346374512,55,8.915499687194824,7.782299995422363,3982,16.125999450683594,0.8539000153541565,0.4140999913215637
1982,4,8,21,0,0.9140779972076416,11.108099937438965,55,8.703300476074219,7.532299995422363,3924,16.125999450683594,0.8526399731636047,0.43195998668670654
1982,4,9,0,0,0.9179869890213013,11.149299621582031,55,8.594599723815918,7.381199836730957,3912,14.659700393676758,0.8535000085830688,0.4433499872684479
1982,4,9,3,0,0.9211379885673523,11.328399658203125,55,8.64780044555664,7.367300033569336,3905,14.659700393676758,0.8496900200843811,0.44501999020576477
1982,4,9,6,0,0.9239429831504822,11.663599967956543,55,8.859700202941895,7.472400188446045,3929,14.659700393676758,0.8445299863815308,0.4376400113105774
1982,4,9,9,0,0.9211500287055969,11.90369987487793,55,8.993399620056152,7.502799987792969,4044,14.659700393676758,0.851859986782074,0.43323999643325806
1982,4,9,12,0,0.9178630113601685,12.123499870300293,55,9.14840030670166,7.511600017547607,4204,14.659700393676758,0.8625400066375732,0.42348000407218933
1982,4,9,15,0,0.9206569790840149,12.597399711608887,55,9.65429973602295,7.852200031280518,4218,14.659700393676758,0.8503400087356567,0.3962100148200989
1982,4,9,18,0,0.9214059710502625,12.958100318908691,55,10.088500022888184,8.123200416564941,4222,14.659700393676758,0.8402400016784668,0.37070000171661377
1982,4,9,21,0,0.9231470227241516,13.336899757385254,55,10.663000106811523,8.581100463867188,4239,14.659700393676758,0.8306999802589417,0.3398300111293793
1982,4,10,0,0,0.924452006816864,13.56980037689209,55,11.090800285339355,8.97249984741211,4280,14.659700393676758,0.8274700045585632,0.3172700107097626
1982,4,10,3,0,0.9225969910621643,13.542499542236328,55,11.069199562072754,8.917900085449219,4409,14.659700393676758,0.8398100137710571,0.31433001160621643
1982,4,10,6,0,0.9192270040512085,13.392800331115723,55,10.811599731445312,8.582099914550781,4649,14.659700393676758,0.8654800057411194,0.31944000720977783
1982,4,10,9,0,0.9210469722747803,13.521300315856934,55,11.044899940490723,8.77239990234375,4765,14.659700393676758,0.8715400099754333,0.30445998907089233
1982,4,10,12,0,0.9226149916648865,13.595600128173828,55,11.231200218200684,8.958499908447266,4813,14.659700393676758,0.8727499842643738,0.2935200035572052
1982,4,10,15,0,0.9236019849777222,13.539199829101562,55,11.280099868774414,9.054699897766113,4746,14.659700393676758,0.8660399913787842,0.2879300117492676
1982,4,10,18,0,0.924685001373291,13.356900215148926,55,11.207200050354004,9.074899673461914,4703,13.326800346374512,0.863610029220581,0.28644001483917236
1982,4,10,21,0,0.9251949787139893,13.047599792480469,55,11.084699630737305,9.137299537658691,4800,13.326800346374512,0.8759599924087524,0.28654998540878296
1982,4,11,0,0,0.9255160093307495,12.733599662780762,55,11.030099868774414,9.368900299072266,4996,13.326800346374512,0.8975399732589722,0.28676000237464905
1982,4,11,3,0,0.9281920194625854,12.296299934387207,55,10.174400329589844,7.974100112915039,5448,13.326800346374512,0.9485099911689758,0.30219998955726624
1982,4,11,6,0,0.9542999863624573,8.222399711608887,65,6.267099857330322,5.227499961853027,22808,11.013500213623047,2.2878000736236572,0.4494200050830841
1982,4,11,9,0,0.9655460119247437,8.909600257873535,65,7.484899997711182,6.508200168609619,52613,11.013500213623047,3.296989917755127,0.3478100001811981
1982,4,11,12,0,0.9655060172080994,8.884699821472168,65,7.492300033569336,6.527299880981445,76047,11.013500213623047,3.9639101028442383,0.34095999598503113
1982,4,11,15,0,0.964946985244751,9.30679988861084,65,8.029899597167969,7.096799850463867,108654,11.013500213623047,4.6321001052856445,0.3153400123119354
1982,4,11,18,0,0.9651190042495728,9.699199676513672,65,8.424599647521973,7.4816999435424805,132963,11.013500213623047,5.039470195770264,0.3061099946498871
1982,4,11,21,0,0.9652040004730225,9.931300163269043,65,8.582200050354004,7.589300155639648,139975,12.114999771118164,5.134009838104248,0.3107900023460388
1982,4,12,0,0,0.968267023563385,10.369099617004395,65,9.069299697875977,8.097900390625,141164,12.114999771118164,5.0678300857543945,0.2952899932861328
1982,4,12,3,0,0.9713919758796692,10.817899703979492,65,9.73740005493164,8.937199592590332,98764,12.114999771118164,4.158249855041504,0.2633399963378906
1982,4,12,6,0,0.9698240160942078,10.823699951171875,65,9.676799774169922,8.776100158691406,66212,12.114999771118164,3.405750036239624,0.2667100131511688
1982,4,12,9,0,0.9656239748001099,10.572400093078613,65,9.247300148010254,8.145400047302246,49993,12.114999771118164,2.9893898963928223,0.28314998745918274
1982,4,12,12,0,0.9595720171928406,9.598400115966797,65,7.913599967956543,6.73360013961792,42781,12.114999771118164,2.890860080718994,0.3452000021934509
1982,4,12,15,0,0.9537320137023926,8.147000312805176,65,6.665999889373779,5.767399787902832,43710,11.013500213623047,3.145699977874756,0.3911899924278259
1982,4,12,18,0,0.9543480277061462,7.9390997886657715,65,6.684100151062012,5.8618998527526855,45369,8.274100303649902,3.221410036087036,0.36157000064849854
1982,4,12,21,0,0.9582290053367615,8.003800392150879,65,6.861299991607666,6.076600074768066,49152,9.101699829101562,3.3262100219726562,0.3375200033187866
1982,4,13,0,0,0.9602839946746826,8.126799583435059,65,7.014699935913086,6.223999977111816,51610,9.101699829101562,3.3772199153900146,0.324319988489151
1982,4,13,3,0,0.9602259993553162,8.271100044250488,65,7.183000087738037,6.404300212860107,50767,9.101699829101562,3.3192501068115234,0.31672999262809753
1982,4,13,6,0,0.9579340219497681,8.441800117492676,65,7.379300117492676,6.618800163269043,68838,10.01200008392334,3.8268001079559326,0.30796998739242554
1982,4,13,9,0,0.9606059789657593,9.197099685668945,65,8.298600196838379,7.666500091552734,67058,10.01200008392334,3.625839948654175,0.2729099988937378
1982,4,13,12,0,0.9572380185127258,9.22599983215332,65,8.27299976348877,7.584400177001953,53377,10.01200008392334,3.2338099479675293,0.2809300124645233
1982,4,13,15,0,0.9508129954338074,8.945799827575684,65,7.784800052642822,6.936500072479248,46694,10.01200008392334,3.07807993888855,0.3138900101184845
1982,4,13,18,0,0.9448310136795044,8.390199661254883,65,7.114799976348877,6.250800132751465,53953,10.01200008392334,3.4188098907470703,0.3479599952697754
1982,4,13,21,0,0.9426019787788391,8.881799697875977,65,7.781799793243408,7.017300128936768,64650,10.01200008392334,3.6341800689697266,0.31498000025749207
1982,4,14,0,0,0.939503014087677,9.392399787902832,55,8.347800254821777,7.655399799346924,60204,10.01200008392334,3.4251999855041504,0.3039900064468384
1982,4,14,3,0,0.9343600273132324,9.895400047302246,55,8.884200096130371,8.266500473022461,46372,10.01200008392334,2.9481101036071777,0.3022100031375885
1982,4,14,6,0,0.9306899905204773,9.884900093078613,55,8.386199951171875,7.329800128936768,39909,9.101699829101562,2.7593300342559814,0.34505000710487366
1982,4,14,9,0,0.9309219717979431,9.162799835205078,55,7.560999870300293,6.571100234985352,44135,9.101699829101562,3.011039972305298,0.38909000158309937
1982,4,14,12,0,0.9322050213813782,9.289299964904785,55,7.747900009155273,6.799799919128418,44990,9.101699829101562,3.019129991531372,0.3818100094795227
1982,4,14,15,0,0.9341700077056885,9.041299819946289,55,7.48859977722168,6.556700229644775,48558,9.101699829101562,3.1764800548553467,0.3931800127029419
1982,4,14,18,0,0.933413028717041,9.484199523925781,55,8.196000099182129,7.424499988555908,51365,9.101699829101562,3.1819400787353516,0.35346001386642456
1982,4,14,21,0,0.9303029775619507,10.086199760437012,55,8.813400268554688,8.066200256347656,44133,10.01200008392334,2.879189968109131,0.34025999903678894
1982,4,15,0,0,0.9279919862747192,10.575900077819824,55,9.235400199890137,8.441699981689453,39366,14.659700393676758,2.6763100624084473,0.3355900049209595
1982,4,15,3,0,0.9274629950523376,10.985699653625488,45,9.60990047454834,8.788299560546875,36359,14.659700393676758,2.5397300720214844,0.32763001322746277
1982,4,15,6,0,0.9280670285224915,11.187800407409668,45,9.774499893188477,8.894499778747559,33427,13.326800346374512,2.420789957046509,0.32245001196861267
1982,4,15,9,0,0.9282119870185852,11.339300155639648,45,10.016300201416016,9.246000289916992,30179,13.326800346374512,2.286910057067871,0.3120500147342682
1982,4,15,12,0,0.9278780221939087,11.488100051879883,45,10.231499671936035,9.49530029296875,27474,13.326800346374512,2.1691999435424805,0.3007799983024597
1982,4,15,15,0,0.9271569848060608,11.612799644470215,45,10.41759967803955,9.706999778747559,25574,13.326800346374512,2.0824599266052246,0.29045000672340393
1982,4,15,18,0,0.9260839819908142,11.649900436401367,45,10.51449966430664,9.833499908447266,23728,13.326800346374512,2.0009799003601074,0.28224998712539673
1982,4,15,21,0,0.924697995185852,11.57960033416748,45,10.495200157165527,9.84469985961914,21531,13.326800346374512,1.9073599576950073,0.27741000056266785
1982,4,16,0,0,0.9232119917869568,11.447600364685059,45,10.398200035095215,9.772299766540527,19136,13.326800346374512,1.8031400442123413,0.2761000096797943
1982,4,16,3,0,0.9217280149459839,11.2947998046875,45,10.265299797058105,9.657699584960938,16824,13.326800346374512,1.6972099542617798,0.27772000432014465
1982,4,16,6,0,0.9202579855918884,11.140199661254883,45,10.119000434875488,9.5246000289917,14772,12.114999771118164,1.5973299741744995,0.2814199924468994
1982,4,16,9,0,0.9188799858093262,10.996100425720215,45,9.973099708557129,9.387100219726562,13036,12.114999771118164,1.507290005683899,0.2865299880504608
1982,4,16,12,0,0.9176530241966248,10.874799728393555,45,9.835800170898438,9.251299858093262,11553,12.114999771118164,1.4251799583435059,0.29354000091552734
1982,4,16,15,0,0.9164980053901672,10.770400047302246,45,9.699299812316895,9.109399795532227,10214,12.114999771118164,1.3460299968719482,0.30302000045776367
1982,4,16,18,0,0.9154130220413208,10.679900169372559,45,9.560400009155273,8.958999633789062,8985,11.013500213623047,1.2682900428771973,0.3150100111961365
1982,4,16,21,0,0.914438009262085,10.604299545288086,45,9.420299530029297,8.801600456237793,7865,11.013500213623047,1.1921900510787964,0.3292100131511688
1982,4,17,0,0,0.9136350154876709,10.537599563598633,45,9.275500297546387,8.635100364685059,6847,11.013500213623047,1.117959976196289,0.34485000371932983
1982,4,17,3,0,0.9129250049591064,10.467000007629395,45,9.131799697875977,8.47089958190918,5995,11.013500213623047,1.05131995677948,0.35877999663352966
1982,4,17,6,0,0.9121119976043701,10.390700340270996,45,9.01669979095459,8.343000411987305,5407,10.01200008392334,1.0024800300598145,0.3662799894809723
1982,4,17,9,0,0.9110530018806458,10.33080005645752,45,8.963199615478516,8.285400390625,5134,10.01200008392334,0.9784500002861023,0.3649199903011322
1982,4,17,12,0,0.9100220203399658,10.319100379943848,45,8.991999626159668,8.316200256347656,5207,10.01200008392334,0.9840199947357178,0.3561199903488159
1982,4,17,15,0,0.9091309905052185,10.3193998336792,45,9.039999961853027,8.373800277709961,5540,10.01200008392334,1.0131100416183472,0.3470599949359894
1982,4,17,18,0,0.908827006816864,10.30049991607666,45,9.038999557495117,8.374300003051758,5950,10.01200008392334,1.0498900413513184,0.3434300124645233
1982,4,17,21,0,0.9095460176467896,10.323699951171875,45,9.047699928283691,8.362899780273438,6343,10.01200008392334,1.082859992980957,0.3423500061035156
1982,4,18,0,0,0.9114630222320557,10.537300109863281,45,9.214300155639648,8.482500076293945,6934,10.01200008392334,1.1242899894714355,0.3395400047302246
1982,4,18,3,0,0.9128590226173401,10.94909954071045,45,9.531000137329102,8.731100082397461,8497,13.326800346374512,1.230530023574829,0.3367699980735779
1982,4,18,6,0,0.9132559895515442,11.104700088500977,45,9.388799667358398,8.3149995803833,11398,13.326800346374512,1.424839973449707,0.3486599922180176
1982,4,18,9,0,0.9164440035820007,11.618599891662598,45,9.945799827575684,8.804699897766113,13502,13.326800346374512,1.523800015449524,0.3228600025177002
1982,4,18,12,0,0.9180960059165955,11.958200454711914,45,10.455400466918945,9.401599884033203,14575,13.326800346374512,1.563439965248108,0.29747000336647034
1982,4,18,15,0,0.9187920093536377,12.140299797058105,45,10.80739974975586,9.8725004196167,14655,13.326800346374512,1.5558500289916992,0.27796998620033264
1982,4,18,18,0,0.9189000129699707,12.199000358581543,45,10.99530029296875,10.15820026397705,14122,13.326800346374512,1.5217399597167969,0.2651500105857849
1982,4,18,21,0,0.9186229705810547,12.168899536132812,45,11.062399864196777,10.299500465393066,13431,13.326800346374512,1.4824800491333008,0.25666001439094543
1982,4,19,0,0,0.9180099964141846,12.089699745178223,45,11.061100006103516,10.357199668884277,12765,13.326800346374512,1.4458999633789062,0.2505899965763092
1982,4,19,3,0,0.917048990726471,11.98639965057373,45,11.0068998336792,10.339400291442871,11995,13.326800346374512,1.403730034828186,0.24751999974250793
1982,4,19,6,0,0.9148550033569336,11.74120044708252,35,10.60890007019043,9.725299835205078,11150,13.326800346374512,1.3637499809265137,0.26003000140190125
1982,4,19,9,0,0.9145820140838623,11.607500076293945,35,10.489800453186035,9.626799583435059,10173,13.326800346374512,1.3066999912261963,0.26162999868392944
1982,4,19,12,0,0.9141510128974915,11.498499870300293,35,10.430700302124023,9.62030029296875,9212,12.114999771118164,1.2461700439453125,0.26128000020980835
1982,4,19,15,0,0.9133819937705994,11.40530014038086,35,10.36709976196289,9.553600311279297,8318,12.114999771118164,1.1864999532699585,0.26162999868392944
1982,4,19,18,0,0.9121429920196533,11.340800285339355,35,10.322400093078613,9.50570011138916,7424,12.114999771118164,1.1224700212478638,0.2638300061225891
1982,4,19,21,0,0.9103580117225647,11.272299766540527,35,10.234600067138672,9.368000030517578,6551,12.114999771118164,1.0565799474716187,0.2698200047016144
1982,4,20,0,0,0.9072070121765137,11.031100273132324,35,9.7923002243042,8.685799598693848,5776,12.114999771118164,1.0017499923706055,0.2913999855518341
1982,4,20,3,0,0.9032909870147705,10.64210033416748,35,9.216500282287598,7.973899841308594,5249,12.114999771118164,0.9697499871253967,0.318340003490448
1982,4,20,6,0,0.9007959961891174,10.70110034942627,35,9.336799621582031,8.179800033569336,4551,11.013500213623047,0.9011800289154053,0.3233399987220764
1982,4,20,9,0,0.8987979888916016,11.20460033416748,35,9.923999786376953,8.943900108337402,3710,11.013500213623047,0.801800012588501,0.32541999220848083
1982,4,20,12,0,0.9000369906425476,11.799799919128418,45,10.416600227355957,9.460200309753418,3113,11.013500213623047,0.7254999876022339,0.3381800055503845
1982,4,20,15,0,0.9028869867324829,12.279199600219727,45,10.639300346374512,9.435199737548828,2771,19.513200759887695,0.6798700094223022,0.3516800105571747
1982,4,20,18,0,0.9042490124702454,12.630200386047363,45,10.633500099182129,9.077099800109863,2543,19.513200759887695,0.6493399739265442,0.3631199896335602
1982,4,20,21,0,0.906233012676239,12.802499771118164,45,10.17389965057373,7.985799789428711,2516,19.513200759887695,0.646369993686676,0.3706800043582916
1982,4,21,0,0,0.9113879799842834,13.067399978637695,45,10.433600425720215,8.077500343322754,2783,19.513200759887695,0.6740900278091431,0.34843000769615173
1982,4,21,3,0,0.9177700281143188,13.399200439453125,45,11.417900085449219,9.445899963378906,3484,14.659700393676758,0.7434200048446655,0.30522000789642334
1982,4,21,6,0,0.9224830269813538,13.498900413513184,45,12.041999816894531,10.56029987335205,4622,14.659700393676758,0.8491799831390381,0.2711699903011322
1982,4,21,9,0,0.9244059920310974,13.371100425720215,45,12.177499771118164,11.01159954071045,5842,13.326800346374512,0.9539499878883362,0.2574799954891205
1982,4,21,12,0,0.9257619976997375,13.00790023803711,45,11.299300193786621,9.476400375366211,6896,13.326800346374512,1.046929955482483,0.2799699902534485
1982,4,21,15,0,0.9271590113639832,12.775899887084961,45,10.617500305175781,8.458600044250488,7890,17.73889923095703,1.1292500495910645,0.30083000659942627
1982,4,21,18,0,0.9291729927062988,13.042099952697754,45,11.432299613952637,9.753399848937988,8982,12.114999771118164,1.1934599876403809,0.2773300111293793
1982,4,21,21,0,0.9301499724388123,13.145899772644043,45,11.758700370788574,10.458800315856934,10141,14.659700393676758,1.2639000415802002,0.26809999346733093
1982,4,22,0,0,0.9307649731636047,13.253399848937988,45,12.134499549865723,11.201399803161621,10957,14.659700393676758,1.3084700107574463,0.2553200125694275
1982,4,22,3,0,0.9303069710731506,13.261199951171875,45,12.248100280761719,11.52649974822998,11441,14.659700393676758,1.336300015449524,0.25369998812675476
1982,4,22,6,0,0.929286003112793,13.218400001525879,45,12.227100372314453,11.590700149536133,11689,13.326800346374512,1.3521900177001953,0.2570199966430664
1982,4,22,9,0,0.927977979183197,13.116399765014648,45,12.103699684143066,11.490699768066406,11470,13.326800346374512,1.34306001663208,0.263839989900589
1982,4,22,12,0,0.9265990257263184,12.97089958190918,45,11.918700218200684,11.304800033569336,10835,13.326800346374512,1.3103100061416626,0.27278000116348267
1982,4,22,15,0,0.9254090189933777,12.868399620056152,45,11.767499923706055,11.140299797058105,10125,13.326800346374512,1.2706899642944336,0.28202998638153076
1982,4,22,18,0,0.9241120219230652,12.895400047302246,45,11.706000328063965,11.043899536132812,9512,13.326800346374512,1.233530044555664,0.2943600118160248
1982,4,22,21,0,0.9229490160942078,13.064200401306152,45,11.754899978637695,11.043000221252441,9184,12.114999771118164,1.2112200260162354,0.3072200119495392
1982,4,23,0,0,0.9220179915428162,13.291000366210938,45,11.871899604797363,11.109399795532227,9127,19.513200759887695,1.2049299478530884,0.31558001041412354
1982,4,23,3,0,0.9230030179023743,13.447099685668945,55,11.916799545288086,11.098799705505371,9001,19.513200759887695,1.195739984512329,0.32398998737335205
1982,4,23,6,0,0.9221240282058716,13.431400299072266,55,11.696599960327148,10.749799728393555,8726,19.513200759887695,1.1819900274276733,0.34205999970436096
1982,4,23,9,0,0.9194430112838745,13.273599624633789,55,11.171199798583984,9.963399887084961,8551,17.73889923095703,1.1806800365447998,0.3716300129890442
1982,4,23,12,0,0.9162899851799011,13.071700096130371,55,10.626399993896484,9.249799728393555,8628,17.73889923095703,1.1990599632263184,0.4020099937915802
1982,4,23,15,0,0.9126570224761963,12.877599716186523,55,10.184700012207031,8.704099655151367,9087,17.73889923095703,1.2431299686431885,0.4259999990463257
1982,4,23,18,0,0.9129109978675842,13.007800102233887,55,10.174699783325195,8.600500106811523,9677,17.73889923095703,1.2822799682617188,0.4300200045108795
1982,4,23,21,0,0.9133070111274719,13.191300392150879,55,10.052000045776367,8.252599716186523,10177,17.73889923095703,1.3147000074386597,0.4355100095272064
1982,4,24,0,0,0.9091939926147461,13.055999755859375,55,9.712900161743164,7.847700119018555,10731,21.46489906311035,1.3596199750900269,0.4514800012111664
1982,4,24,3,0,0.9094700217247009,13.206399917602539,55,9.897500038146973,8.019100189208984,10592,21.46489906311035,1.344670057296753,0.4450800120830536
1982,4,24,6,0,0.9131360054016113,13.536399841308594,55,10.301799774169922,8.371500015258789,9940,21.46489906311035,1.2896100282669067,0.4260700047016144
1982,4,24,9,0,0.9174759984016418,13.900099754333496,55,10.693099975585938,8.642900466918945,9716,21.46489906311035,1.2623499631881714,0.4043000042438507
1982,4,24,12,0,0.9236609935760498,14.406100273132324,55,11.279000282287598,9.1048002243042,10132,19.513200759887695,1.2730300426483154,0.3764300048351288
1982,4,24,15,0,0.9274619817733765,14.727899551391602,55,11.634599685668945,9.352800369262695,10936,19.513200759887695,1.3130700588226318,0.35888001322746277
1982,4,24,18,0,0.9285839796066284,14.81350040435791,55,11.788000106811523,9.506799697875977,11486,19.513200759887695,1.3422000408172607,0.35067999362945557
1982,4,24,21,0,0.9277369976043701,14.66469955444336,55,11.528800010681152,9.162300109863281,11291,19.513200759887695,1.3349800109863281,0.35425999760627747
1982,4,25,0,0,0.9215589761734009,14.097599983215332,55,10.713299751281738,8.34689998626709,10951,19.513200759887695,1.332859992980957,0.378710001707077
1982,4,25,3,0,0.9201779961585999,13.902199745178223,55,10.561599731445312,8.265399932861328,10585,19.513200759887695,1.3149100542068481,0.38078001141548157
1982,4,25,6,0,0.9250929951667786,14.157099723815918,55,10.998299598693848,8.687700271606445,10373,17.73889923095703,1.2910799980163574,0.35936999320983887
1982,4,25,9,0,0.9294120073318481,14.401900291442871,55,11.374099731445312,9.026200294494629,10456,17.73889923095703,1.2869900465011597,0.3398599922657013
1982,4,25,12,0,0.932000994682312,14.503199577331543,55,11.518199920654297,9.129599571228027,10583,17.73889923095703,1.2907999753952026,0.32899001240730286
1982,4,25,15,0,0.9333599805831909,14.522600173950195,55,11.576700210571289,9.172499656677246,10568,17.73889923095703,1.2881300449371338,0.322160005569458
1982,4,25,18,0,0.933830976486206,14.506699562072754,55,11.634400367736816,9.251199722290039,10579,17.73889923095703,1.287600040435791,0.3169400095939636
1982,4,25,21,0,0.9338549971580505,14.4753999710083,65,11.610400199890137,9.197400093078613,10661,17.73889923095703,1.2924200296401978,0.31442001461982727
1982,4,26,0,0,0.9310410022735596,14.167799949645996,55,10.965100288391113,8.450300216674805,10728,17.73889923095703,1.3080799579620361,0.33379998803138733
1982,4,26,3,0,0.929265022277832,13.921600341796875,55,10.641799926757812,8.18529987335205,10521,16.125999450683594,1.303189992904663,0.3443000018596649
1982,4,26,6,0,0.9307760000228882,13.88700008392334,55,10.737199783325195,8.32610034942627,9933,16.125999450683594,1.2644699811935425,0.3368299901485443
1982,4,26,9,0,0.9323809742927551,13.842900276184082,65,10.839799880981445,8.473400115966797,9400,16.125999450683594,1.22816002368927,0.3281500041484833
1982,4,26,12,0,0.9320099949836731,13.74429988861084,65,10.862799644470215,8.564900398254395,9194,16.125999450683594,1.2148100137710571,0.324180006980896
1982,4,26,15,0,0.932299017906189,13.717000007629395,65,10.926400184631348,8.658499717712402,9208,16.125999450683594,1.2144999504089355,0.3190999925136566
1982,4,26,18,0,0.9331650137901306,13.713199615478516,65,10.955599784851074,8.677399635314941,9239,16.125999450683594,1.215399980545044,0.3154900074005127
1982,4,26,21,0,0.9341229796409607,13.718700408935547,65,10.990400314331055,8.679800033569336,9100,16.125999450683594,1.2045799493789673,0.31103000044822693
1982,4,27,0,0,0.9344159960746765,13.709699630737305,65,11.040499687194824,8.684700012207031,8751,16.125999450683594,1.1791399717330933,0.3045400083065033
1982,4,27,3,0,0.9322919845581055,13.60319995880127,65,10.996500015258789,8.617799758911133,8332,16.125999450683594,1.1506199836730957,0.3008599877357483
1982,4,27,6,0,0.931240975856781,13.475799560546875,55,11.064299583435059,8.753399848937988,7937,14.659700393676758,1.1224600076675415,0.2932699918746948
1982,4,27,9,0,0.930957019329071,13.405500411987305,55,11.333399772644043,9.20009994506836,7660,14.659700393676758,1.0997099876403809,0.2787199914455414
1982,4,27,12,0,0.9311460256576538,13.381400108337402,55,11.67140007019043,9.823100090026855,7528,14.659700393676758,1.0868200063705444,0.263480007648468
1982,4,27,15,0,0.9315990209579468,13.381999969482422,55,11.960200309753418,10.437800407409668,7489,14.659700393676758,1.0814900398254395,0.2519800066947937
1982,4,27,18,0,0.9318479895591736,13.381799697875977,55,12.153200149536133,10.930399894714355,7464,14.659700393676758,1.0782999992370605,0.24546000361442566
1982,4,27,21,0,0.9309639930725098,13.313699722290039,55,12.193400382995605,11.168899536132812,7439,14.659700393676758,1.0771700143814087,0.243599995970726
1982,4,28,0,0,0.9271939992904663,12.988900184631348,55,11.510000228881836,9.585000038146973,7562,14.659700393676758,1.0942200422286987,0.2516399919986725
1982,4,28,3,0,0.9173629879951477,12.003899574279785,55,9.502900123596191,7.161200046539307,8217,14.659700393676758,1.1749800443649292,0.3116700053215027
1982,4,28,6,0,0.905555009841919,10.513199806213379,55,7.585400104522705,5.785200119018555,9493,14.659700393676758,1.335729956626892,0.4013200104236603
1982,4,28,9,0,0.9033610224723816,8.990599632263184,45,6.4745001792907715,5.202300071716309,11767,14.659700393676758,1.5937600135803223,0.4676800072193146
1982,4,28,12,0,0.9085900187492371,8.361499786376953,45,6.228700160980225,5.146900177001953,14361,14.659700393676758,1.810979962348938,0.4685699939727783
1982,4,28,15,0,0.9170600175857544,9.008099555969238,45,7.234799861907959,6.173799991607666,15029,12.114999771118164,1.774880051612854,0.4020499885082245
1982,4,28,18,0,0.9159150123596191,9.408300399780273,45,7.957099914550781,7.092100143432617,15678,12.114999771118164,1.7694300413131714,0.3627299964427948
1982,4,28,21,0,0.9180619716644287,9.680999755859375,45,8.48330020904541,7.788099765777588,16186,12.114999771118164,1.7671500444412231,0.32978999614715576
1982,4,29,0,0,0.9199219942092896,9.939900398254395,45,8.85200023651123,8.217499732971191,15562,11.013500213623047,1.709380030632019,0.30858999490737915
1982,4,29,3,0,0.920756995677948,10.077099800109863,45,9.053199768066406,8.451800346374512,14593,11.013500213623047,1.6436200141906738,0.29629001021385193
1982,4,29,6,0,0.9209700226783752,10.148599624633789,45,9.169300079345703,8.590299606323242,13448,11.013500213623047,1.571619987487793,0.28828001022338867
1982,4,29,9,0,0.9208089709281921,10.171299934387207,45,9.236700057983398,8.680999755859375,12397,11.013500213623047,1.505810022354126,0.28176000714302063
1982,4,29,12,0,0.9203619956970215,10.161800384521484,45,9.262900352478027,8.727100372314453,11410,11.013500213623047,1.4437400102615356,0.27741000056266785
1982,4,29,15,0,0.9197030067443848,10.137399673461914,45,9.258000373840332,8.729999542236328,10501,11.013500213623047,1.3854000568389893,0.2751300036907196
1982,4,29,18,0,0.9193480014801025,10.134499549865723,45,9.281599998474121,8.761899948120117,9698,11.013500213623047,1.3304200172424316,0.2713199853897095
1982,4,29,21,0,0.9185330271720886,10.110300064086914,45,9.225600242614746,8.625300407409668,9021,11.013500213623047,1.2840800285339355,0.27142998576164246
1982,4,30,0,0,0.9108570218086243,9.655599594116211,45,8.405900001525879,7.434199810028076,8767,11.013500213623047,1.2955900430679321,0.3093999922275543
1982,4,30,3,0,0.9091770052909851,9.621600151062012,45,8.416799545288086,7.463699817657471,8371,11.013500213623047,1.2663999795913696,0.3063400089740753
1982,4,30,6,0,0.9114900231361389,9.802399635314941,45,8.71660041809082,7.855299949645996,7786,11.013500213623047,1.2098699808120728,0.2933900058269501
1982,4,30,9,0,0.9141690135002136,9.989500045776367,45,8.998200416564941,8.228500366210938,7270,10.01200008392334,1.1590299606323242,0.2836900055408478
1982,4,30,12,0,0.9157630205154419,10.10159969329834,45,9.169099807739258,8.47350025177002,6947,11.013500213623047,1.1276299953460693,0.27889999747276306
1982,4,30,15,0,0.9168829917907715,10.176899909973145,45,9.284199714660645,8.655500411987305,6755,11.013500213623047,1.1086299419403076,0.276309996843338
1982,4,30,18,0,0.916920006275177,10.201499938964844,45,9.284299850463867,8.638699531555176,6628,11.013500213623047,1.09784996509552,0.27880001068115234
1982,4,30,21,0,0.9162350296974182,10.184200286865234,45,9.1072998046875,8.236599922180176,6561,11.013500213623047,1.094849944114685,0.28870999813079834
1982,5,1,0,0,0.9131349921226501,9.984600067138672,45,8.557900428771973,7.396100044250488,6574,11.013500213623047,1.109470009803772,0.3187299966812134
1982,5,1,3,0,0.913133978843689,10.043800354003906,45,8.648099899291992,7.561100006103516,6492,11.013500213623047,1.1009900569915771,0.3219200074672699
1982,5,1,6,0,0.9141929745674133,10.181599617004395,45,8.893099784851074,7.9191999435424805,6286,11.013500213623047,1.0769799947738647,0.3154299855232239
1982,5,1,9,0,0.914434015750885,10.240599632263184,45,9.06149959564209,8.221799850463867,6023,11.013500213623047,1.051069974899292,0.31064000725746155
1982,5,1,12,0,0.9139149785041809,10.227399826049805,45,9.139300346374512,8.435999870300293,5730,11.013500213623047,1.0253299474716187,0.3096599876880646
1982,5,1,15,0,0.9131940007209778,10.190999984741211,45,9.152400016784668,8.54539966583252,5529,11.013500213623047,1.0086400508880615,0.3121599853038788
1982,5,1,18,0,0.9129130244255066,10.18910026550293,45,9.174400329589844,8.613100051879883,5673,11.013500213623047,1.0217599868774414,0.3127500116825104
1982,5,1,21,0,0.9134470224380493,10.202699661254883,45,9.214900016784668,8.673100471496582,6247,11.013500213623047,1.0708600282669067,0.3092600107192993
1982,5,2,0,0,0.914264976978302,10.183199882507324,45,9.187999725341797,8.61769962310791,6854,11.013500213623047,1.1224499940872192,0.31132999062538147
1982,5,2,3,0,0.9148569703102112,10.143799781799316,45,9.042099952697754,8.364700317382812,7079,10.01200008392334,1.1448999643325806,0.3284200131893158
1982,5,2,6,0,0.9156069755554199,10.18529987335205,45,9.017600059509277,8.389800071716309,6938,10.01200008392334,1.1359699964523315,0.351639986038208
1982,5,2,9,0,0.9161959886550903,10.252300262451172,45,8.982399940490723,8.353300094604492,6679,10.01200008392334,1.116529941558838,0.3744199872016907
1982,5,2,12,0,0.9166219830513,10.280599594116211,45,8.93649959564209,8.292400360107422,6450,10.01200008392334,1.09893000125885,0.38787999749183655
1982,5,2,15,0,0.9169960021972656,10.259499549865723,45,8.893699645996094,8.237600326538086,6310,10.01200008392334,1.0882999897003174,0.3906700015068054
1982,5,2,18,0,0.9173660278320312,10.32509994506836,45,8.915200233459473,8.235199928283691,6328,10.01200008392334,1.0885000228881836,0.39322999119758606
1982,5,2,21,0,0.9175779819488525,10.636799812316895,45,9.05150032043457,8.294599533081055,6487,19.513200759887695,1.0956100225448608,0.407039999961853
1982,5,3,0,0,0.9155499935150146,10.893899917602539,45,8.57409954071045,7.211599826812744,6765,19.513200759887695,1.1221699714660645,0.44460999965667725
1982,5,3,3,0,0.913631021976471,11.047900199890137,45,8.328100204467773,6.8927998542785645,7227,19.513200759887695,1.1664299964904785,0.4741300046443939
1982,5,3,6,0,0.9144099950790405,11.418299674987793,45,8.831299781799316,7.40910005569458,7646,19.513200759887695,1.1822799444198608,0.4523099958896637
1982,5,3,9,0,0.9131720066070557,11.172200202941895,45,9.029899597167969,7.831399917602539,8321,19.513200759887695,1.2313899993896484,0.4262399971485138
1982,5,3,12,0,0.9123039841651917,10.833000183105469,45,9.066200256347656,8.108499526977539,9255,19.513200759887695,1.3025599718093872,0.401419997215271
1982,5,3,15,0,0.9132829904556274,10.799400329589844,45,9.166099548339844,8.294599533081055,10151,17.73889923095703,1.3611500263214111,0.38517001271247864
1982,5,3,18,0,0.914454996585846,11.041099548339844,45,9.403499603271484,8.519200325012207,10838,17.73889923095703,1.395110011100769,0.37584999203681946
1982,5,3,21,0,0.9094899892807007,10.794300079345703,45,8.913800239562988,7.851799964904785,11729,17.73889923095703,1.4710099697113037,0.40046000480651855
1982,5,4,0,0,0.9081339836120605,10.84630012512207,45,9.034099578857422,7.977799892425537,12137,17.73889923095703,1.4912699460983276,0.3926900029182434
1982,5,4,3,0,0.9060649871826172,10.909199714660645,45,9.185799598693848,8.101200103759766,11637,17.73889923095703,1.452340006828308,0.3777500092983246
1982,5,4,6,0,0.9047629833221436,10.818900108337402,45,9.321700096130371,8.32759952545166,10567,17.73889923095703,1.3796199560165405,0.3543500006198883
1982,5,4,9,0,0.9041020274162292,10.793700218200684,45,9.437100410461426,8.466300010681152,9453,11.013500213623047,1.2999099493026733,0.3335700035095215
1982,5,4,12,0,0.9041749835014343,10.913299560546875,45,9.68850040435791,8.817700386047363,8711,11.013500213623047,1.2396600246429443,0.31828999519348145
1982,5,4,15,0,0.9045789837837219,11.158699989318848,45,9.98390007019043,9.154399871826172,8183,16.125999450683594,1.1915299892425537,0.3099600076675415
1982,5,4,18,0,0.904295027256012,11.388299942016602,45,10.158900260925293,9.240300178527832,7837,16.125999450683594,1.159119963645935,0.30921998620033264
1982,5,4,21,0,0.9009460210800171,11.403800010681152,45,9.83430004119873,8.494799613952637,7597,16.125999450683594,1.1452000141143799,0.326119989156723
1982,5,5,0,0,0.891855001449585,10.889300346374512,45,8.927900314331055,7.389900207519531,7810,16.125999450683594,1.187309980392456,0.36785000562667847
1982,5,5,3,0,0.8895509839057922,10.942500114440918,45,8.941499710083008,7.3927001953125,7345,16.125999450683594,1.1507799625396729,0.37575000524520874
1982,5,5,6,0,0.8919140100479126,11.498499870300293,45,9.471400260925293,7.891200065612793,6154,16.125999450683594,1.0376900434494019,0.3744400143623352
1982,5,5,9,0,0.8948289752006531,12.149200439453125,45,10.227899551391602,8.78950023651123,5342,19.513200759887695,0.9510300159454346,0.3672100007534027
1982,5,5,12,0,0.897288978099823,12.633199691772461,45,10.734700202941895,9.38479995727539,4963,19.513200759887695,0.9072200059890747,0.36278000473976135
1982,5,5,15,0,0.8992149829864502,12.9891996383667,55,10.901599884033203,9.335800170898438,4846,19.513200759887695,0.891730010509491,0.36243999004364014
1982,5,5,18,0,0.903810977935791,13.2677001953125,55,11.098899841308594,9.458100318908691,4888,17.73889923095703,0.8913499712944031,0.35642001032829285
1982,5,5,21,0,0.9081990122795105,13.463399887084961,55,10.994799613952637,8.992600440979004,5032,17.73889923095703,0.9025300145149231,0.35234999656677246
1982,5,6,0,0,0.9075109958648682,13.344300270080566,55,10.397100448608398,8.128499984741211,5493,17.73889923095703,0.9502099752426147,0.3675000071525574
1982,5,6,3,0,0.9088900089263916,13.450499534606934,55,10.494000434875488,8.27299976348877,6176,17.73889923095703,1.0065399408340454,0.3670400083065033
1982,5,6,6,0,0.9162070155143738,13.976699829101562,55,11.114899635314941,8.858599662780762,6568,17.73889923095703,1.0256500244140625,0.3463299870491028
1982,5,6,9,0,0.9217730164527893,14.338000297546387,55,11.501099586486816,9.15530014038086,6584,19.513200759887695,1.0189399719238281,0.3306800127029419
1982,5,6,12,0,0.9250450134277344,14.418600082397461,55,11.643199920654297,9.25529956817627,6263,19.513200759887695,0.99058997631073,0.3198400139808655
1982,5,6,15,0,0.9274399876594543,14.257599830627441,55,11.63640022277832,9.28339958190918,5981,17.73889923095703,0.9676100015640259,0.308569997549057
1982,5,6,18,0,0.929203987121582,14.005499839782715,55,11.52239990234375,9.212800025939941,6327,17.73889923095703,0.9963700175285339,0.29881998896598816
1982,5,6,21,0,0.9256460070610046,13.442099571228027,55,10.613499641418457,8.220800399780273,7490,17.73889923095703,1.0990500450134277,0.32319000363349915
1982,5,7,0,0,0.9208189845085144,12.932600021362305,55,9.934399604797363,7.639699935913086,8828,17.73889923095703,1.2097500562667847,0.34876999258995056
1982,5,7,3,0,0.9162200093269348,12.4975004196167,55,9.670100212097168,7.586900234222412,9687,17.73889923095703,1.279539942741394,0.36142998933792114
1982,5,7,6,0,0.9168109893798828,12.324399948120117,55,9.844300270080566,7.97130012512207,9719,17.73889923095703,1.281540036201477,0.35245001316070557
1982,5,7,9,0,0.9179090261459351,12.13070011138916,55,9.918800354003906,8.21780014038086,9426,17.73889923095703,1.263100028038025,0.34391000866889954
1982,5,7,12,0,0.9186239838600159,11.942500114440918,55,9.981200218200684,8.475099563598633,9230,16.125999450683594,1.2518099546432495,0.33757999539375305
1982,5,7,15,0,0.9191589951515198,11.840299606323242,55,10.040800094604492,8.708700180053711,9160,16.125999450683594,1.2487900257110596,0.3375700116157532
1982,5,7,18,0,0.9166190028190613,11.68179988861084,55,9.848600387573242,8.567000389099121,9314,16.125999450683594,1.2675800323486328,0.3526400029659271
1982,5,7,21,0,0.9110180139541626,11.3818998336792,55,9.273300170898438,7.852200031280518,9718,16.125999450683594,1.3135600090026855,0.38416001200675964
1982,5,8,0,0,0.9073269963264465,11.234999656677246,55,9.08240032196045,7.73859977722168,10205,16.125999450683594,1.3573700189590454,0.407039999961853
1982,5,8,3,0,0.9031059741973877,11.099100112915039,45,8.984800338745117,7.731800079345703,10723,16.125999450683594,1.3996800184249878,0.4254400134086609
1982,5,8,6,0,0.9015480279922485,11.04170036315918,45,9.039799690246582,7.880899906158447,11081,16.125999450683594,1.4236600399017334,0.43292999267578125
1982,5,8,9,0,0.9001389741897583,11.17650032043457,45,9.215499877929688,8.063799858093262,10395,14.659700393676758,1.3712199926376343,0.4314500093460083
1982,5,8,12,0,0.8997129797935486,11.501099586486816,45,9.541000366210938,8.405799865722656,9182,14.659700393676758,1.2762099504470825,0.4247699975967407
1982,5,8,15,0,0.9013109803199768,12.072699546813965,45,9.98900032043457,8.858400344848633,8352,21.46489906311035,1.2024500370025635,0.42379000782966614
1982,5,8,18,0,0.905394971370697,12.650300025939941,55,10.308300018310547,9.111100196838379,8534,21.46489906311035,1.2055699825286865,0.43206000328063965
1982,5,8,21,0,0.9018869996070862,12.43220043182373,45,9.970600128173828,8.762399673461914,9556,21.46489906311035,1.2870700359344482,0.4499399960041046
1982,5,9,0,0,0.9006549715995789,12.326299667358398,55,9.57289981842041,8.179699897766113,8558,21.46489906311035,1.2276300191879272,0.46445998549461365
1982,5,9,3,0,0.8982959985733032,11.861100196838379,45,8.894800186157227,7.354800224304199,7568,21.46489906311035,1.1727900505065918,0.4818800091743469
1982,5,9,6,0,0.8972880244255066,11.541600227355957,45,8.703700065612793,7.25570011138916,7228,19.513200759887695,1.155060052871704,0.4808099865913391
1982,5,9,9,0,0.8981170058250427,11.60949993133545,45,8.877099990844727,7.48829984664917,7085,19.513200759887695,1.1390299797058105,0.4687199890613556
1982,5,9,12,0,0.898963987827301,11.796299934387207,45,9.091699600219727,7.743100166320801,7034,19.513200759887695,1.128640055656433,0.461899995803833
1982,5,9,15,0,0.900426983833313,12.125200271606445,55,9.316900253295898,7.940499782562256,7010,19.513200759887695,1.1190400123596191,0.4587000012397766
1982,5,9,18,0,0.9016709923744202,12.212599754333496,55,9.363900184631348,7.9766998291015625,6604,19.513200759887695,1.084589958190918,0.45730000734329224
1982,5,9,21,0,0.8994250297546387,12.005000114440918,55,9.160599708557129,7.755000114440918,6090,19.513200759887695,1.0469499826431274,0.45899999141693115
1982,5,10,0,0,0.8973060250282288,11.757699966430664,55,8.822199821472168,7.29640007019043,5732,17.73889923095703,1.0225000381469727,0.4596700072288513
1982,5,10,3,0,0.9001460075378418,11.820199966430664,55,8.812999725341797,7.181700229644775,5650,17.73889923095703,1.0120899677276611,0.44729000329971313
1982,5,10,6,0,0.9060519933700562,12.117500305175781,55,9.086400032043457,7.34689998626709,5832,17.73889923095703,1.0174599885940552,0.42572999000549316
1982,5,10,9,0,0.9102889895439148,12.346599578857422,55,9.353500366210938,7.543799877166748,5990,17.73889923095703,1.0221400260925293,0.40727999806404114
1982,5,10,12,0,0.9120640158653259,12.404600143432617,55,9.51930046081543,7.712900161743164,5961,17.73889923095703,1.0152000188827515,0.39535000920295715
1982,5,10,15,0,0.9109330177307129,12.268799781799316,55,9.60159969329834,7.892600059509277,5836,17.73889923095703,1.0040899515151978,0.38721001148223877
1982,5,10,18,0,0.9073050022125244,11.994799613952637,55,9.616600036621094,8.086999893188477,5811,17.73889923095703,1.0048199892044067,0.3816699981689453
1982,5,10,21,0,0.90488201379776,11.700300216674805,45,9.513699531555176,8.109100341796875,5782,16.125999450683594,1.0073200464248657,0.3797700107097626
1982,5,11,0,0,0.9014279842376709,11.24120044708252,45,8.873700141906738,7.34660005569458,5705,16.125999450683594,1.0160499811172485,0.39844000339508057
1982,5,11,3,0,0.8982409834861755,10.898900032043457,45,8.47599983215332,6.973499774932861,5594,16.125999450683594,1.0187599658966064,0.4124799966812134
1982,5,11,6,0,0.8986340165138245,10.924400329589844,45,8.601300239562988,7.157599925994873,5386,16.125999450683594,0.9974899888038635,0.4062199890613556
1982,5,11,9,0,0.9010009765625,11.177900314331055,45,8.906299591064453,7.472899913787842,5169,16.125999450683594,0.9682499766349792,0.3948799967765808
1982,5,11,12,0,0.9036740064620972,11.515700340270996,45,9.221699714660645,7.754300117492676,5061,16.125999450683594,0.9485399723052979,0.3856799900531769
1982,5,11,15,0,0.9085549712181091,11.79319953918457,55,9.451700210571289,7.937600135803223,4988,16.125999450683594,0.9348499774932861,0.37968000769615173
1982,5,11,18,0,0.9109920263290405,11.87720012664795,55,9.48069953918457,7.929100036621094,4802,17.73889923095703,0.9157800078392029,0.3794400095939636
1982,5,11,21,0,0.9110999703407288,11.757800102233887,55,9.212300300598145,7.54610013961792,4552,17.73889923095703,0.8958100080490112,0.3870700001716614
1982,5,12,0,0,0.8988209962844849,10.769000053405762,45,7.64169979095459,5.967700004577637,4497,17.73889923095703,0.9286199808120728,0.45419999957084656
1982,5,12,3,0,0.8958340287208557,10.326000213623047,45,7.44890022277832,5.981900215148926,4640,16.125999450683594,0.9591500163078308,0.4692400097846985
1982,5,12,6,0,0.9023590087890625,10.815299987792969,45,7.972599983215332,6.402699947357178,4541,16.125999450683594,0.9284700155258179,0.4381200075149536
1982,5,12,9,0,0.9102889895439148,11.20989990234375,55,8.405799865722656,6.747399806976318,4568,16.125999450683594,0.9161700010299683,0.4130699932575226
1982,5,12,12,0,0.9144430160522461,11.377099990844727,55,8.642499923706055,6.975900173187256,4633,16.125999450683594,0.9164000153541565,0.40042999386787415
1982,5,12,15,0,0.9151489734649658,11.333399772644043,55,8.679400444030762,7.077899932861328,4661,16.125999450683594,0.9200500249862671,0.39921000599861145
1982,5,12,18,0,0.9148020148277283,11.280099868774414,55,8.687199592590332,7.129499912261963,4618,16.125999450683594,0.9166600108146667,0.39781999588012695
1982,5,12,21,0,0.9146680235862732,11.282400131225586,55,8.74779987335205,7.177199840545654,4581,16.125999450683594,0.910860002040863,0.39024001359939575
1982,5,13,0,0,0.906665027141571,10.82450008392334,55,8.050000190734863,6.413899898529053,4717,16.125999450683594,0.940500020980835,0.41449999809265137
1982,5,13,3,0,0.8989890217781067,10.29580020904541,45,7.748000144958496,6.321199893951416,5071,14.659700393676758,0.9941099882125854,0.4309000074863434
1982,5,13,6,0,0.9002310037612915,10.319299697875977,45,8.087300300598145,6.769899845123291,5223,14.659700393676758,1.0022000074386597,0.4095900058746338
1982,5,13,9,0,0.901295006275177,10.302200317382812,45,8.318499565124512,7.132800102233887,5258,14.659700393676758,1.0020999908447266,0.3945600092411041
1982,5,13,12,0,0.9026229977607727,10.358699798583984,45,8.460700035095215,7.326700210571289,4994,14.659700393676758,0.972790002822876,0.3853699862957001
1982,5,13,15,0,0.9038339853286743,10.422300338745117,45,8.543299674987793,7.399799823760986,4608,14.659700393676758,0.9310399889945984,0.37786000967025757
1982,5,13,18,0,0.9046559929847717,10.440299987792969,45,8.53499984741211,7.336900234222412,4315,14.659700393676758,0.8993899822235107,0.37323999404907227
1982,5,13,21,0,0.9057440161705017,10.440199851989746,45,8.491800308227539,7.218800067901611,4146,14.659700393676758,0.8810399770736694,0.3698900043964386
1982,5,14,0,0,0.905430018901825,10.317999839782715,45,8.101900100708008,6.6230998039245605,4047,14.659700393676758,0.8756600022315979,0.3804500102996826
1982,5,14,3,0,0.9056580066680908,10.30620002746582,45,8.058799743652344,6.588500022888184,3948,14.659700393676758,0.8657500147819519,0.38312000036239624
1982,5,14,6,0,0.9070950150489807,10.458900451660156,55,8.294699668884277,6.838799953460693,3788,14.659700393676758,0.8421099781990051,0.3724699914455414
1982,5,14,9,0,0.9092900156974792,10.595000267028809,55,8.524100303649902,7.098800182342529,3583,14.659700393676758,0.8139899969100952,0.362529993057251
1982,5,14,12,0,0.910539984703064,10.67590045928955,55,8.684700012207031,7.300000190734863,3346,14.659700393676758,0.783490002155304,0.3553999960422516
1982,5,14,15,0,0.9111210107803345,10.706899642944336,55,8.793999671936035,7.450200080871582,3132,14.659700393676758,0.7559599876403809,0.34843000769615173
1982,5,14,18,0,0.9100379943847656,10.667400360107422,55,8.855999946594238,7.571700096130371,3006,13.326800346374512,0.7400699853897095,0.34171000123023987
1982,5,14,21,0,0.905236005783081,10.23840045928955,45,8.21399974822998,6.682499885559082,3092,13.326800346374512,0.7632399797439575,0.35719001293182373
1982,5,15,0,0,0.8933950066566467,8.828300476074219,45,6.5467000007629395,5.321199893951416,3591,13.326800346374512,0.8832299709320068,0.44933000206947327
1982,5,15,3,0,0.8950690031051636,8.577300071716309,45,6.6774001121521,5.653800010681152,4013,13.326800346374512,0.9435099959373474,0.44126999378204346
1982,5,15,6,0,0.9003080129623413,8.833999633789062,45,7.1020002365112305,6.104100227355957,4086,13.326800346374512,0.934469997882843,0.4119499921798706
1982,5,15,9,0,0.9031739830970764,9.02400016784668,45,7.4375,6.47629976272583,4113,13.326800346374512,0.9249399900436401,0.3892900049686432
1982,5,15,12,0,0.904341995716095,9.119400024414062,45,7.6585001945495605,6.761099815368652,4086,13.326800346374512,0.9153100252151489,0.3756900131702423
1982,5,15,15,0,0.9043620228767395,9.149100303649902,45,7.770299911499023,6.937699794769287,3982,13.326800346374512,0.9013400077819824,0.37073999643325806
1982,5,15,18,0,0.9037060141563416,9.152299880981445,45,7.801799774169922,7.013000011444092,3793,13.326800346374512,0.8798699975013733,0.37321001291275024
1982,5,15,21,0,0.9026439785957336,9.13479995727539,45,7.684599876403809,6.78879976272583,3551,13.326800346374512,0.8537399768829346,0.3826799988746643
1982,5,16,0,0,0.9000110030174255,8.950900077819824,45,7.175000190734863,6.0914998054504395,3346,13.326800346374512,0.83992999792099,0.41339001059532166
1982,5,16,3,0,0.899848997592926,9.089799880981445,45,7.327300071716309,6.2866997718811035,3133,13.326800346374512,0.808929979801178,0.4163999855518341
1982,5,16,6,0,0.9003829956054688,9.326000213623047,45,7.565700054168701,6.545100212097168,2927,13.326800346374512,0.7747499942779541,0.41558998823165894
1982,5,16,9,0,0.9005590081214905,9.545299530029297,45,7.732600212097168,6.714099884033203,2742,13.326800346374512,0.7444700002670288,0.4191499948501587
1982,5,16,12,0,0.9007490277290344,9.749899864196777,45,7.8471999168396,6.803899765014648,2576,13.326800346374512,0.7171800136566162,0.4232200086116791
1982,5,16,15,0,0.9011840224266052,9.945099830627441,45,7.932499885559082,6.836699962615967,2424,13.326800346374512,0.6916800141334534,0.4259999990463257
1982,5,16,18,0,0.9022349715232849,10.138199806213379,55,8,6.828499794006348,2269,13.326800346374512,0.6654800176620483,0.4272499978542328
1982,5,16,21,0,0.8996289968490601,9.759699821472168,45,7.099699974060059,5.533299922943115,2293,13.326800346374512,0.6823800206184387,0.4498699903488159
1982,5,17,0,0,0.8935229778289795,8.842900276184082,45,6.434899806976318,5.252299785614014,2833,13.326800346374512,0.7922700047492981,0.49386000633239746
1982,5,17,3,0,0.9049429893493652,8.833999633789062,45,6.9369001388549805,5.902100086212158,4231,12.114999771118164,0.9568899869918823,0.44223999977111816
1982,5,17,6,0,0.9169840216636658,9.195699691772461,45,7.7017998695373535,6.760900020599365,6532,11.013500213623047,1.1528300046920776,0.3734799921512604
1982,5,17,9,0,0.9219589829444885,9.680399894714355,45,8.265399932861328,7.311600208282471,8875,10.01200008392334,1.3105700016021729,0.3425999879837036
1982,5,17,12,0,0.9223470091819763,9.943499565124512,45,8.582599639892578,7.673999786376953,11479,11.013500213623047,1.4736499786376953,0.32833001017570496
1982,5,17,15,0,0.9216560125350952,9.940999984741211,45,8.747599601745605,7.954500198364258,12797,12.114999771118164,1.5500500202178955,0.3075900077819824
1982,5,17,18,0,0.9208160042762756,9.857500076293945,45,8.80150032043457,8.09749984741211,12432,12.114999771118164,1.5271899700164795,0.28995999693870544
1982,5,17,21,0,0.9190160036087036,9.68850040435791,45,8.614999771118164,7.844600200653076,11459,11.013500213623047,1.4747200012207031,0.28883999586105347
1982,5,18,0,0,0.9150869846343994,9.32919979095459,45,8.147000312805176,7.322500228881836,10622,11.013500213623047,1.4456299543380737,0.3109399974346161
1982,5,18,3,0,0.9137420058250427,9.01710033416748,35,7.842100143432617,7.064700126647949,10802,11.013500213623047,1.4818799495697021,0.32690998911857605
1982,5,18,6,0,0.9140160083770752,9.152299880981445,35,8.092399597167969,7.418700218200684,11167,11.013500213623047,1.494480013847351,0.31477001309394836
1982,5,18,9,0,0.9127359986305237,9.268600463867188,35,8.215800285339355,7.522200107574463,10630,11.013500213623047,1.4492000341415405,0.30827999114990234
1982,5,18,12,0,0.91218101978302,9.332500457763672,35,8.349300384521484,7.694300174713135,9554,11.013500213623047,1.3671799898147583,0.2965399920940399
1982,5,18,15,0,0.9116320013999939,9.337599754333496,35,8.393899917602539,7.764699935913086,8133,11.013500213623047,1.2595700025558472,0.29017001390457153
1982,5,18,18,0,0.9100970029830933,9.2475004196167,35,8.227399826049805,7.50600004196167,6854,11.013500213623047,1.1617399454116821,0.2968200147151947
1982,5,18,21,0,0.9072290062904358,9.09220027923584,35,7.959799766540527,7.123600006103516,5894,11.013500213623047,1.0867999792099,0.31000998616218567
1982,5,19,0,0,0.9046649932861328,9.097100257873535,35,7.945199966430664,7.084400177001953,5000,11.013500213623047,1.0013200044631958,0.31442001461982727
1982,5,19,3,0,0.901964008808136,9.09529972076416,35,7.886899948120117,6.985199928283691,4187,10.01200008392334,0.9178799986839294,0.3256100118160248
1982,5,19,6,0,0.8989109992980957,9.042699813842773,35,7.7957000732421875,6.899499893188477,3554,10.01200008392334,0.849839985370636,0.3419800102710724
1982,5,19,9,0,0.8958560228347778,9.027199745178223,35,7.780099868774414,6.920199871063232,3041,9.101699829101562,0.7883599996566772,0.3552199900150299
1982,5,19,12,0,0.8935989737510681,9.07509994506836,35,7.858399868011475,7.066800117492676,2614,9.101699829101562,0.7305600047111511,0.3650200068950653
1982,5,19,15,0,0.8916090130805969,9.240300178527832,35,8.002799987792969,7.252900123596191,2256,8.274100303649902,0.6755899786949158,0.37856000661849976
1982,5,19,18,0,0.8890479803085327,9.496600151062012,35,8.112199783325195,7.297100067138672,2000,8.274100303649902,0.6324499845504761,0.401419997215271
1982,5,19,21,0,0.8798289895057678,9.297499656677246,35,7.238900184631348,6.0121002197265625,1929,8.274100303649902,0.6349300146102905,0.46584001183509827
1982,5,20,0,0,0.8746219873428345,9.0600004196167,35,6.813000202178955,5.606500148773193,2131,7.5218000411987305,0.6800900101661682,0.5056399703025818
1982,5,20,3,0,0.8749960064888,9.377900123596191,35,6.981800079345703,5.734399795532227,2159,21.46489906311035,0.6775199770927429,0.5140100121498108
1982,5,20,6,0,0.8772450089454651,9.878499984741211,35,7.414599895477295,6.1219000816345215,2175,21.46489906311035,0.6666100025177002,0.5029699802398682
1982,5,20,9,0,0.8847479820251465,10.35260009765625,45,7.9984002113342285,6.707099914550781,2421,12.114999771118164,0.6875799894332886,0.47293001413345337
1982,5,20,12,0,0.8906570076942444,10.632399559020996,45,8.414400100708008,7.170499801635742,2879,19.513200759887695,0.7392500042915344,0.4492799937725067
1982,5,20,15,0,0.8940920233726501,10.771900177001953,45,8.591099739074707,7.37060022354126,3376,19.513200759887695,0.7956799864768982,0.43970999121665955
1982,5,20,18,0,0.8961160182952881,10.832799911499023,45,8.579000473022461,7.287799835205078,3783,19.513200759887695,0.8406000137329102,0.43751999735832214
1982,5,20,21,0,0.8973489999771118,10.794899940490723,45,8.469400405883789,7.077000141143799,4122,19.513200759887695,0.8776400089263916,0.43410998582839966
1982,5,21,0,0,0.8968669772148132,10.590499877929688,45,8.199299812316895,6.737100124359131,4459,19.513200759887695,0.9182800054550171,0.43522000312805176
1982,5,21,3,0,0.8957920074462891,10.412599563598633,45,8.06879997253418,6.627699851989746,4766,19.513200759887695,0.9541800022125244,0.4336499869823456
1982,5,21,6,0,0.8977810144424438,10.558799743652344,45,8.424099922180176,7.07859992980957,4974,17.73889923095703,0.9668300151824951,0.4166699945926666
1982,5,21,9,0,0.9008529782295227,10.82129955291748,45,8.736200332641602,7.4166998863220215,5086,17.73889923095703,0.9686599969863892,0.40634000301361084
1982,5,21,12,0,0.9031000137329102,10.98799991607666,45,8.81719970703125,7.459000110626221,5241,17.73889923095703,0.9800699949264526,0.40630000829696655
1982,5,21,15,0,0.90413498878479,11.041299819946289,45,8.776300430297852,7.3796000480651855,5490,17.73889923095703,1.0034099817276,0.4079599976539612
1982,5,21,18,0,0.904600977897644,11.029000282287598,45,8.77810001373291,7.386899948120117,5858,17.73889923095703,1.0364999771118164,0.40252000093460083
1982,5,21,21,0,0.9053289890289307,11.00409984588623,45,8.753299713134766,7.318600177764893,6244,14.659700393676758,1.0691200494766235,0.3932499885559082
1982,5,22,0,0,0.9058380126953125,10.902799606323242,45,8.664299964904785,7.20389986038208,6656,13.326800346374512,1.105180025100708,0.3850899934768677
1982,5,22,3,0,0.9069110155105591,10.867500305175781,45,8.722599983215332,7.267399787902832,6977,13.326800346374512,1.1286300420761108,0.36983999609947205
1982,5,22,6,0,0.9078390002250671,10.846099853515625,45,8.854599952697754,7.4583001136779785,7133,13.326800346374512,1.1375399827957153,0.3543500006198883
1982,5,22,9,0,0.9082720279693604,10.827300071716309,45,8.962300300598145,7.64169979095459,7050,12.114999771118164,1.1287800073623657,0.34577998518943787
1982,5,22,12,0,0.9080830216407776,10.808600425720215,45,9.011099815368652,7.759399890899658,6684,12.114999771118164,1.0990899801254272,0.34630000591278076
1982,5,22,15,0,0.907597005367279,10.810500144958496,45,9.038900375366211,7.840199947357178,6066,12.114999771118164,1.0474499464035034,0.35120999813079834
1982,5,22,18,0,0.9071800112724304,10.815899848937988,45,9.051600456237793,7.879700183868408,5396,12.114999771118164,0.9880800247192383,0.3545700013637543
1982,5,22,21,0,0.9053750038146973,10.662199974060059,45,8.730400085449219,7.373499870300293,4981,12.114999771118164,0.9547299742698669,0.36118000745773315
1982,5,23,0,0,0.8979740142822266,9.993599891662598,45,7.69290018081665,6.212399959564209,5155,12.114999771118164,1.0000699758529663,0.39928001165390015
1982,5,23,3,0,0.8946040272712708,9.876099586486816,45,7.908100128173828,6.592299938201904,5777,11.013500213623047,1.0600700378417969,0.3883900046348572
1982,5,23,6,0,0.8987020254135132,10.214900016784668,45,8.605299949645996,7.499199867248535,6505,11.013500213623047,1.105389952659607,0.3614799976348877
1982,5,23,9,0,0.9011110067367554,10.344300270080566,45,8.853400230407715,7.836699962615967,7273,12.114999771118164,1.1612999439239502,0.350849986076355
1982,5,23,12,0,0.9026319980621338,10.475799560546875,45,9.123299598693848,8.187999725341797,7415,12.114999771118164,1.1631799936294556,0.33228999376296997
1982,5,23,15,0,0.9036059975624084,10.547499656677246,45,9.33329963684082,8.467300415039062,6964,12.114999771118164,1.1202900409698486,0.3122900128364563
1982,5,23,18,0,0.9034940004348755,10.549599647521973,45,9.393699645996094,8.504199981689453,6352,11.013500213623047,1.06728994846344,0.2997500002384186
1982,5,23,21,0,0.8995460271835327,10.37399959564209,45,8.945300102233887,7.714000225067139,5949,11.013500213623047,1.0413299798965454,0.3142800033092499
1982,5,24,0,0,0.8955320119857788,10.071200370788574,35,8.515800476074219,7.247799873352051,5892,11.013500213623047,1.0507500171661377,0.33594000339508057
1982,5,24,3,0,0.893438994884491,10.00059986114502,35,8.475000381469727,7.232500076293945,5571,11.013500213623047,1.0244699716567993,0.34022998809814453
1982,5,24,6,0,0.8910030126571655,10.17389965057373,35,8.715399742126465,7.484399795532227,4703,10.01200008392334,0.9338899850845337,0.3323799967765808
1982,5,24,9,0,0.8895419836044312,10.366499900817871,45,8.929100036621094,7.7067999839782715,3668,10.01200008392334,0.8190000057220459,0.3285199999809265
1982,5,24,12,0,0.8894820213317871,10.48390007019043,45,9.144800186157227,8.00409984588623,3015,10.01200008392334,0.7387099862098694,0.31944000720977783
1982,5,24,15,0,0.8886889815330505,10.56980037689209,45,9.162400245666504,7.934599876403809,2604,10.01200008392334,0.684909999370575,0.3182699978351593
1982,5,24,18,0,0.8855839967727661,10.505900382995605,45,8.889200210571289,7.480899810791016,2571,10.01200008392334,0.6836599707603455,0.328029990196228
1982,5,24,21,0,0.8828110098838806,10.310700416564941,45,8.479900360107422,6.966800212860107,3060,16.125999450683594,0.7527499794960022,0.34101998805999756
1982,5,25,0,0,0.8869159817695618,10.24209976196289,35,8.453700065612793,6.951099872589111,4239,16.125999450683594,0.8861500024795532,0.3305700123310089
1982,5,25,3,0,0.8945119976997375,10.45300006866455,45,8.851499557495117,7.428999900817871,5349,12.114999771118164,0.9842699766159058,0.3076300024986267
1982,5,25,6,0,0.9004570245742798,10.69219970703125,45,9.248600006103516,7.90749979019165,6163,12.114999771118164,1.0458199977874756,0.292169988155365
1982,5,25,9,0,0.9039739966392517,10.898799896240234,45,9.480500221252441,8.161800384521484,7018,11.013500213623047,1.108970046043396,0.28832000494003296
1982,5,25,12,0,0.9063900113105774,11.063300132751465,45,9.676400184631348,8.362000465393066,8175,14.659700393676758,1.1903300285339355,0.28009000420570374
1982,5,25,15,0,0.9062409996986389,11.127699851989746,45,9.801799774169922,8.477499961853027,8983,14.659700393676758,1.2430499792099,0.2667100131511688
1982,5,25,18,0,0.9055929780006409,11.118200302124023,35,9.764200210571289,8.315299987792969,9181,13.326800346374512,1.2553999423980713,0.2572300136089325
1982,5,25,21,0,0.9034540057182312,10.770099639892578,35,9.098099708557129,7.411099910736084,9294,12.114999771118164,1.2801400423049927,0.27608999609947205
1982,5,26,0,0,0.9024209976196289,10.58240032196045,35,8.811400413513184,7.050000190734863,9273,12.114999771118164,1.2870399951934814,0.27970999479293823
1982,5,26,3,0,0.9026859998703003,10.536199569702148,35,8.91189956665039,7.303100109100342,8915,12.114999771118164,1.261639952659607,0.2735700011253357
1982,5,26,6,0,0.9051529765129089,10.769800186157227,35,9.574399948120117,8.266599655151367,8247,12.114999771118164,1.1976200342178345,0.23869000375270844
1982,5,26,9,0,0.9050840139389038,10.685199737548828,35,9.56760025024414,8.331000328063965,7397,12.114999771118164,1.135990023612976,0.23398999869823456
1982,5,26,12,0,0.9061809778213501,10.710800170898438,35,9.877799987792969,9.034500122070312,6748,12.114999771118164,1.0811400413513184,0.218189999461174
1982,5,26,15,0,0.905784010887146,10.612199783325195,35,9.84160041809082,9.092900276184082,5845,11.013500213623047,1.0086599588394165,0.21751999855041504
1982,5,26,18,0,0.9045069813728333,10.359800338745117,35,9.467599868774414,8.591099739074707,5273,11.013500213623047,0.9676399827003479,0.23477999866008759
1982,5,26,21,0,0.9044809937477112,10.19219970703125,35,9.20989990234375,8.240500450134277,5155,11.013500213623047,0.963450014591217,0.2470400035381317
1982,5,27,0,0,0.9039130210876465,9.967499732971191,35,8.734100341796875,7.541900157928467,5166,11.013500213623047,0.9754999876022339,0.27140000462532043
1982,5,27,3,0,0.9032559990882874,9.719099998474121,35,8.31659984588623,7.060200214385986,5323,11.013500213623047,1.0032099485397339,0.2954399883747101
1982,5,27,6,0,0.9049389958381653,9.851300239562988,35,8.704299926757812,7.729100227355957,5378,10.01200008392334,1.0016499757766724,0.285180002450943
1982,5,27,9,0,0.9058820009231567,9.953700065612793,35,8.984100341796875,8.277700424194336,5477,10.01200008392334,1.0061800479888916,0.2806200087070465
1982,5,27,12,0,0.9069030284881592,9.95259952545166,35,9.043499946594238,8.450900077819824,5870,10.01200008392334,1.0417900085449219,0.28134000301361084
1982,5,27,15,0,0.9075250029563904,9.950599670410156,35,9.050999641418457,8.485600471496582,6007,10.01200008392334,1.054260015487671,0.28327998518943787
1982,5,27,18,0,0.9071409702301025,9.95740032196045,35,9.043999671936035,8.49020004272461,5764,10.01200008392334,1.0334199666976929,0.29065999388694763
1982,5,27,21,0,0.9053699970245361,10.017000198364258,35,9.002799987792969,8.415800094604492,5359,10.01200008392334,0.9979599714279175,0.31679001450538635
1982,5,28,0,0,0.9007660150527954,9.973799705505371,35,8.34570026397705,7.196100234985352,5033,10.01200008392334,0.9792600274085999,0.3811799883842468
1982,5,28,3,0,0.8979009985923767,10.13949966430664,35,8.333399772644043,7.212900161743164,4771,10.01200008392334,0.9550600051879883,0.4189299941062927
1982,5,28,6,0,0.8961619734764099,10.266599655151367,35,8.517200469970703,7.562300205230713,4498,10.01200008392334,0.9254199862480164,0.42836999893188477
1982,5,28,9,0,0.8947679996490479,10.241000175476074,35,8.516300201416016,7.652200222015381,4307,10.01200008392334,0.9078199863433838,0.4313400089740753
1982,5,28,12,0,0.8932330012321472,10.460200309753418,45,8.595100402832031,7.69890022277832,4384,19.513200759887695,0.9128100275993347,0.4394400119781494
1982,5,28,15,0,0.8957189917564392,11.041899681091309,45,8.883700370788574,7.855899810791016,4729,19.513200759887695,0.9362800121307373,0.44732001423835754
1982,5,28,18,0,0.8983290195465088,11.628600120544434,45,9.24839973449707,8.084199905395508,5060,19.513200759887695,0.9549400210380554,0.44189000129699707
1982,5,28,21,0,0.8990340232849121,11.781000137329102,45,9.138999938964844,7.683199882507324,5177,19.513200759887695,0.9632400274276733,0.4388599991798401
1982,5,29,0,0,0.8912839889526367,10.88640022277832,45,7.8454999923706055,6.289999961853027,5573,19.513200759887695,1.0357199907302856,0.48357999324798584
1982,5,29,3,0,0.8930349946022034,10.944899559020996,45,8.045700073242188,6.516200065612793,6234,17.73889923095703,1.0898100137710571,0.4674000144004822
1982,5,29,6,0,0.8999230265617371,11.79990005493164,45,8.964500427246094,7.3003997802734375,6937,17.73889923095703,1.1143100261688232,0.42302998900413513
1982,5,29,9,0,0.9047160148620605,12.513199806213379,45,9.746299743652344,7.954699993133545,7849,17.73889923095703,1.158869981765747,0.3878600001335144
1982,5,29,12,0,0.9102330207824707,12.93970012664795,55,10.315899848937988,8.464799880981445,8743,17.73889923095703,1.2058500051498413,0.35993000864982605
1982,5,29,15,0,0.9144099950790405,13.211400032043457,55,10.841400146484375,9.031200408935547,9289,17.73889923095703,1.2292699813842773,0.33243000507354736
1982,5,29,18,0,0.9170550107955933,13.298999786376953,55,11.183500289916992,9.45580005645752,9765,16.125999450683594,1.2520999908447266,0.3097499907016754
1982,5,29,21,0,0.9190419912338257,13.288700103759766,55,11.306400299072266,9.565600395202637,10267,14.659700393676758,1.279919981956482,0.29467999935150146
1982,5,30,0,0,0.9145900011062622,12.839400291442871,55,10.378299713134766,8.319499969482422,10940,16.125999450683594,1.3401299715042114,0.32291001081466675
1982,5,30,3,0,0.9125109910964966,12.637499809265137,55,10.265000343322754,8.352899551391602,11437,16.125999450683594,1.3765900135040283,0.3307200074195862
1982,5,30,6,0,0.9168580174446106,12.90530014038086,55,10.796799659729004,9.008000373840332,11252,16.125999450683594,1.3524500131607056,0.31244999170303345
1982,5,30,9,0,0.9194290041923523,13.060400009155273,55,11.154000282287598,9.518799781799316,11145,16.125999450683594,1.338629961013794,0.30110999941825867
1982,5,30,12,0,0.9203879833221436,13.09280014038086,55,11.294599533081055,9.784299850463867,10823,16.125999450683594,1.3171099424362183,0.29721999168395996
1982,5,30,15,0,0.9190919995307922,12.929400444030762,55,11.134300231933594,9.671099662780762,10415,16.125999450683594,1.296720027923584,0.3024899959564209
1982,5,30,18,0,0.9173200130462646,12.718099594116211,55,10.931599617004395,9.473699569702148,10174,14.659700393676758,1.2869000434875488,0.30485999584198
1982,5,30,21,0,0.9178259968757629,12.657999992370605,55,10.947400093078613,9.504799842834473,9978,14.659700393676758,1.2738499641418457,0.29642999172210693
1982,5,31,0,0,0.917011022567749,12.525099754333496,55,10.597399711608887,8.89050006866455,9902,14.659700393676758,1.2743899822235107,0.30202001333236694
1982,5,31,3,0,0.9157270193099976,12.436400413513184,55,10.501500129699707,8.840900421142578,9925,14.659700393676758,1.2794599533081055,0.30616000294685364
1982,5,31,6,0,0.9176369905471802,12.559800148010254,55,10.747900009155273,9.182999610900879,9680,14.659700393676758,1.2582199573516846,0.2974100112915039
1982,5,31,9,0,0.919185996055603,12.64109992980957,55,10.929100036621094,9.44950008392334,9202,14.659700393676758,1.2230099439620972,0.2906799912452698
1982,5,31,12,0,0.9195340275764465,12.610799789428711,55,10.992899894714355,9.606300354003906,8590,14.659700393676758,1.180999994277954,0.2862600088119507
1982,5,31,15,0,0.9192339777946472,12.513199806213379,55,10.992899894714355,9.705699920654297,7984,13.326800346374512,1.1394699811935425,0.28196001052856445
1982,5,31,18,0,0.9194669723510742,12.43589973449707,55,10.996500015258789,9.78909969329834,7460,13.326800346374512,1.102020025253296,0.27702000737190247
1982,5,31,21,0,0.9205750226974487,12.411800384521484,55,11.005800247192383,9.793299674987793,7090,13.326800346374512,1.0740599632263184,0.2720400094985962
1982,6,1,0,0,0.9217659831047058,12.402400016784668,55,10.816499710083008,9.185999870300293,6910,13.326800346374512,1.060979962348938,0.2704100012779236
1982,6,1,3,0,0.9234560132026672,12.487700462341309,55,11.038599967956543,9.614100456237793,6758,16.125999450683594,1.0461100339889526,0.2632800042629242
1982,6,1,6,0,0.924780011177063,12.538399696350098,55,11.23900032043457,10.099499702453613,6501,13.326800346374512,1.0237400531768799,0.2573300004005432
1982,6,1,9,0,0.9255369901657104,12.502099990844727,55,11.234999656677246,10.145600318908691,6102,14.659700393676758,0.9922400116920471,0.2554300129413605
1982,6,1,12,0,0.9255729913711548,12.398099899291992,55,11.121100425720215,10.038399696350098,5625,14.659700393676758,0.9550099968910217,0.2574799954891205
1982,6,1,15,0,0.924019992351532,12.14900016784668,55,10.73270034790039,9.591099739074707,5207,14.659700393676758,0.9263799786567688,0.27274999022483826
1982,6,1,18,0,0.9216820001602173,11.854599952697754,55,10.226900100708008,8.96720027923584,4885,14.659700393676758,0.9067500233650208,0.2932699918746948
1982,6,1,21,0,0.9203550219535828,11.61240005493164,55,9.650300025939941,7.996500015258789,4611,14.659700393676758,0.8890200257301331,0.30897000432014465
1982,6,2,0,0,0.9151309728622437,10.731800079345703,55,7.63539981842041,5.7133002281188965,4450,14.659700393676758,0.9083600044250488,0.38655999302864075
1982,6,2,3,0,0.9161779880523682,10.915599822998047,55,8.210700035095215,6.355299949645996,4214,14.659700393676758,0.8748700022697449,0.364190012216568
1982,6,2,6,0,0.917048990726471,11.161100387573242,55,8.859000205993652,7.086999893188477,4008,14.659700393676758,0.8420600295066833,0.3349300026893616
1982,6,2,9,0,0.9160869717597961,11.234000205993652,55,9.200599670410156,7.55649995803833,3873,13.326800346374512,0.8232499957084656,0.31977999210357666
1982,6,2,12,0,0.9134569764137268,11.143199920654297,55,9.259300231933594,7.750400066375732,3786,13.326800346374512,0.8151100277900696,0.31703999638557434
1982,6,2,15,0,0.9085739850997925,10.8193998336792,55,8.875499725341797,7.367599964141846,3743,13.326800346374512,0.8200899958610535,0.3305799961090088
1982,6,2,18,0,0.8973569869995117,9.389900207519531,55,6.445099830627441,4.883299827575684,3905,13.326800346374512,0.8976500034332275,0.4365600049495697
1982,6,2,21,0,0.8919410109519958,8.251700401306152,45,5.6265997886657715,4.475500106811523,4252,13.326800346374512,0.9975000023841858,0.5041599869728088
1982,6,3,0,0,0.8930500149726868,8.174500465393066,45,5.753600120544434,4.632400035858154,4279,13.326800346374512,1.0020699501037598,0.49081000685691833
1982,6,3,3,0,0.8946120142936707,8.57699966430664,45,6.317399978637695,5.121699810028076,4074,13.326800346374512,0.9505400061607361,0.44773998856544495
1982,6,3,6,0,0.8956670165061951,8.873900413513184,45,6.85290002822876,5.655900001525879,3938,13.326800346374512,0.9154899716377258,0.41150999069213867
1982,6,3,9,0,0.895950973033905,9.0201997756958,45,7.265100002288818,6.211999893188477,3856,13.326800346374512,0.8963900208473206,0.390390008687973
1982,6,3,12,0,0.8958590030670166,9.08240032196045,45,7.439799785614014,6.45419979095459,3773,13.326800346374512,0.8826599717140198,0.38095998764038086
1982,6,3,15,0,0.8956890106201172,9.159299850463867,45,7.575300216674805,6.63129997253418,3671,10.01200008392334,0.8666999936103821,0.375789999961853
1982,6,3,18,0,0.8954449892044067,9.152000427246094,45,7.412300109863281,6.26609992980957,3542,10.01200008392334,0.8523200154304504,0.3796899914741516
1982,6,3,21,0,0.8952869772911072,9.201800346374512,45,7.4532999992370605,6.31220006942749,3345,10.01200008392334,0.8266000151634216,0.3816100060939789
1982,6,4,0,0,0.8953909873962402,9.237099647521973,45,7.404799938201904,6.158199787139893,3105,10.01200008392334,0.7955499887466431,0.3825800120830536
1982,6,4,3,0,0.8954139947891235,8.760499954223633,45,6.348700046539307,4.952300071716309,2931,10.01200008392334,0.7953600287437439,0.43015000224113464
1982,6,4,6,0,0.8951500058174133,8.043399810791016,45,5.642099857330322,4.510700225830078,2901,10.01200008392334,0.82778000831604,0.48892998695373535
1982,6,4,9,0,0.89580899477005,8.06309986114502,45,5.839399814605713,4.76639986038208,2745,10.01200008392334,0.8037099838256836,0.481469988822937
1982,6,4,12,0,0.8949639797210693,8.023900032043457,45,5.810299873352051,4.732500076293945,2573,10.01200008392334,0.7800899744033813,0.4813399910926819
1982,6,4,15,0,0.8978689908981323,7.618299961090088,45,5.762800216674805,4.898900032043457,2682,13.326800346374512,0.8187299966812134,0.49399998784065247
1982,6,4,18,0,0.8956329822540283,7.629700183868408,45,5.8881001472473145,5.082399845123291,2665,13.326800346374512,0.817110002040863,0.4943099915981293
1982,6,4,21,0,0.8947439789772034,7.958399772644043,45,6.120500087738037,5.280300140380859,2477,13.326800346374512,0.7735400199890137,0.4962199926376343
1982,6,5,0,0,0.8959349989891052,8.281999588012695,45,6.321700096130371,5.42519998550415,2318,13.326800346374512,0.7359700202941895,0.4963800013065338
1982,6,5,3,0,0.8967379927635193,8.52340030670166,45,6.500699996948242,5.573699951171875,2227,13.326800346374512,0.7123900055885315,0.4924600124359131
1982,6,5,6,0,0.897271990776062,8.714599609375,45,6.658599853515625,5.7052998542785645,2212,13.326800346374512,0.7028599977493286,0.4862000048160553
1982,6,5,9,0,0.8982769846916199,8.91919994354248,45,6.8267998695373535,5.841400146484375,2265,16.125999450683594,0.7039899826049805,0.4796299934387207
1982,6,5,12,0,0.8998469710350037,9.126500129699707,45,6.9822998046875,5.9654998779296875,2373,16.125999450683594,0.7142400145530701,0.476500004529953
1982,6,5,15,0,0.8982840180397034,9.05840015411377,45,6.894100189208984,5.899400234222412,2591,16.125999450683594,0.7508100271224976,0.48754000663757324
1982,6,5,18,0,0.8947799801826477,8.849300384521484,45,6.73799991607666,5.783199787139893,2870,16.125999450683594,0.7993199825286865,0.4973999857902527
1982,6,5,21,0,0.8958979845046997,9.072600364685059,45,6.866499900817871,5.8379998207092285,2836,16.125999450683594,0.7857999801635742,0.4915600121021271
1982,6,6,0,0,0.8974819779396057,9.29319953918457,45,6.938300132751465,5.778800010681152,2733,16.125999450683594,0.7635300159454346,0.4856500029563904
1982,6,6,3,0,0.8978350162506104,9.413999557495117,45,7.007500171661377,5.811999797821045,2691,16.125999450683594,0.7530400156974792,0.48256000876426697
1982,6,6,6,0,0.8959710001945496,9.411600112915039,45,7.06850004196167,5.910900115966797,2742,16.125999450683594,0.7595300078392029,0.4809199869632721
1982,6,6,9,0,0.8908439874649048,9.084400177001953,45,6.989299774169922,5.971199989318848,3064,16.125999450683594,0.8133800029754639,0.48159000277519226
1982,6,6,12,0,0.8918179869651794,9.135899543762207,45,7.110000133514404,6.122499942779541,3205,14.659700393676758,0.8283600211143494,0.4736500084400177
1982,6,6,15,0,0.8943390250205994,9.46049976348877,45,7.371600151062012,6.334700107574463,3198,14.659700393676758,0.815090000629425,0.46334001421928406
1982,6,6,18,0,0.8956909775733948,9.776700019836426,45,7.664599895477295,6.593100070953369,3303,14.659700393676758,0.8166400194168091,0.4519500136375427
1982,6,6,21,0,0.8961269855499268,10.015199661254883,45,7.897500038146973,6.815999984741211,3465,14.659700393676758,0.8282600045204163,0.445250004529953
1982,6,7,0,0,0.8948249816894531,10.081100463867188,45,7.793799877166748,6.593200206756592,3615,14.659700393676758,0.8458999991416931,0.4535599946975708
1982,6,7,3,0,0.8890789747238159,9.714699745178223,45,7.2230000495910645,5.978499889373779,3807,14.659700393676758,0.8862000107765198,0.4855700135231018
1982,6,7,6,0,0.889769971370697,9.888400077819824,45,7.399499893188477,6.147799968719482,3715,14.659700393676758,0.8690999746322632,0.48023998737335205
1982,6,7,9,0,0.8907139897346497,10.10830020904541,45,7.645599842071533,6.38040018081665,3544,14.659700393676758,0.8404300212860107,0.4689500033855438
1982,6,7,12,0,0.8904439806938171,10.208200454711914,45,7.811999797821045,6.558899879455566,3458,14.659700393676758,0.8256800174713135,0.4595400094985962
1982,6,7,15,0,0.891431987285614,10.419300079345703,45,8.050800323486328,6.771200180053711,3428,14.659700393676758,0.8141300082206726,0.4458700120449066
1982,6,7,18,0,0.8934739828109741,10.735199928283691,45,8.32450008392334,6.963099956512451,3411,13.326800346374512,0.8020899891853333,0.43149998784065247
1982,6,7,21,0,0.8911939859390259,10.694499969482422,45,7.9741997718811035,6.416399955749512,3452,13.326800346374512,0.8104900121688843,0.4415700137615204
1982,6,8,0,0,0.8759070038795471,9.648900032043457,45,6.907100200653076,5.565999984741211,3885,13.326800346374512,0.9017300009727478,0.49744999408721924
1982,6,8,3,0,0.8806340098381042,9.956999778747559,45,7.356800079345703,5.964200019836426,3849,13.326800346374512,0.8806899785995483,0.4668000042438507
1982,6,8,6,0,0.8856149911880493,10.419500350952148,45,7.88100004196167,6.402699947357178,3572,13.326800346374512,0.8299099802970886,0.43672001361846924
1982,6,8,9,0,0.8901640176773071,10.910099983215332,45,8.555000305175781,7.045899868011475,3294,17.73889923095703,0.7793099880218506,0.4020000100135803
1982,6,8,12,0,0.8931949734687805,11.235400199890137,45,9.052399635314941,7.557400226593018,3059,17.73889923095703,0.7402499914169312,0.3766799867153168
1982,6,8,15,0,0.8934550285339355,11.264300346374512,45,9.142000198364258,7.628399848937988,2883,13.326800346374512,0.7166799902915955,0.367000013589859
1982,6,8,18,0,0.8920369744300842,11.154800415039062,45,9.007100105285645,7.430200099945068,2713,13.326800346374512,0.6969500184059143,0.3653799891471863
1982,6,8,21,0,0.8844090104103088,10.613800048828125,45,8.119799613952637,6.442999839782715,2639,13.326800346374512,0.7029899954795837,0.39726999402046204
1982,6,9,0,0,0.8726620078086853,9.77280044555664,45,7.256899833679199,5.7484002113342285,2865,16.125999450683594,0.7590000033378601,0.4351400136947632
1982,6,9,3,0,0.8723679780960083,9.668299674987793,45,7.4278998374938965,6.0279998779296875,3094,16.125999450683594,0.788100004196167,0.42142000794410706
1982,6,9,6,0,0.8816909790039062,10.355600357055664,45,8.246399879455566,6.797599792480469,2784,16.125999450683594,0.7247899770736694,0.38468000292778015
1982,6,9,9,0,0.8878089785575867,10.790599822998047,45,8.807499885559082,7.356599807739258,2553,12.114999771118164,0.681439995765686,0.3580299913883209
1982,6,9,12,0,0.8902559876441956,10.844400405883789,45,8.992600440979004,7.608399868011475,2421,12.114999771118164,0.6607300043106079,0.3446899950504303
1982,6,9,15,0,0.8901870250701904,10.663399696350098,45,8.827300071716309,7.452499866485596,2312,12.114999771118164,0.6488199830055237,0.34450000524520874
1982,6,9,18,0,0.8896309733390808,10.46720027923584,45,8.605400085449219,7.221499919891357,2231,11.013500213623047,0.641569972038269,0.34810999035835266
1982,6,9,21,0,0.8833190202713013,9.838700294494629,45,7.382900238037109,5.825399875640869,2228,11.013500213623047,0.6616399884223938,0.40035000443458557
1982,6,10,0,0,0.8786770105361938,9.428899765014648,45,6.920400142669678,5.4832000732421875,2313,14.659700393676758,0.6889399886131287,0.4305199980735779
1982,6,10,3,0,0.8842009902000427,9.914899826049805,45,7.628699779510498,6.155600070953369,2291,14.659700393676758,0.6684799790382385,0.3967899978160858
1982,6,10,6,0,0.8897169828414917,10.394399642944336,45,8.279899597167969,6.797699928283691,2211,14.659700393676758,0.6428099870681763,0.3698599934577942
1982,6,10,9,0,0.8930500149726868,10.642999649047852,45,8.585000038146973,7.100200176239014,2147,14.659700393676758,0.6273400187492371,0.3589400053024292
1982,6,10,12,0,0.8948919773101807,10.703300476074219,45,8.636099815368652,7.1545000076293945,2097,14.659700393676758,0.6187800168991089,0.35853999853134155
1982,6,10,15,0,0.8950949907302856,10.556300163269043,45,8.436100006103516,6.982800006866455,2063,13.326800346374512,0.6178100109100342,0.36862000823020935
1982,6,10,18,0,0.8958439826965332,10.409000396728516,45,8.240400314331055,6.802599906921387,2053,13.326800346374512,0.6201800107955933,0.37713998556137085
1982,6,10,21,0,0.8964800238609314,10.211000442504883,45,7.7729997634887695,6.164599895477295,2033,13.326800346374512,0.6228299736976624,0.3900200128555298
1982,6,11,0,0,0.8958770036697388,9.953200340270996,45,7.368199825286865,5.813199996948242,2028,13.326800346374512,0.6301900148391724,0.4124000072479248
1982,6,11,3,0,0.8975759744644165,9.968299865722656,45,7.403600215911865,5.8632001876831055,2025,13.326800346374512,0.6296300292015076,0.4143199920654297
1982,6,11,6,0,0.9019060134887695,10.177399635314941,55,7.659299850463867,6.0903000831604,2046,13.326800346374512,0.6272600293159485,0.40689998865127563
1982,6,11,9,0,0.9081010222434998,10.44729995727539,55,7.988900184631348,6.382199764251709,2115,13.326800346374512,0.63059002161026,0.39684000611305237
1982,6,11,12,0,0.913782000541687,10.664899826049805,55,8.299200057983398,6.675000190734863,2215,13.326800346374512,0.6392599940299988,0.3855299949645996
1982,6,11,15,0,0.9186180233955383,10.788000106811523,55,8.557000160217285,6.948699951171875,2329,13.326800346374512,0.6511399745941162,0.3729499876499176
1982,6,11,18,0,0.9223700165748596,10.836600303649902,55,8.761300086975098,7.2017998695373535,2436,13.326800346374512,0.6632400155067444,0.3609899878501892
1982,6,11,21,0,0.9251360297203064,10.796500205993652,55,8.6358003616333,6.897299766540527,2533,13.326800346374512,0.6769000291824341,0.35778000950813293
1982,6,12,0,0,0.9261320233345032,10.674099922180176,55,8.222399711608887,6.370299816131592,2657,13.326800346374512,0.6983699798583984,0.37595000863075256
1982,6,12,3,0,0.9286689758300781,10.898799896240234,55,8.682299613952637,6.9944000244140625,2786,13.326800346374512,0.709850013256073,0.37362998723983765
1982,6,12,6,0,0.9309669733047485,11.14229965209961,55,9.140700340270996,7.60890007019043,2923,12.114999771118164,0.7213799953460693,0.3679099977016449
1982,6,12,9,0,0.9316480159759521,11.233599662780762,55,9.395000457763672,8.038599967956543,3044,12.114999771118164,0.7339500188827515,0.3651599884033203
1982,6,12,12,0,0.9313089847564697,11.159299850463867,55,9.447799682617188,8.256799697875977,3115,12.114999771118164,0.7438399791717529,0.36465001106262207
1982,6,12,15,0,0.929902970790863,10.977700233459473,55,9.373600006103516,8.322799682617188,3150,12.114999771118164,0.7517300248146057,0.365119993686676
1982,6,12,18,0,0.9279890060424805,10.79419994354248,55,9.266200065612793,8.32349967956543,3200,12.114999771118164,0.761900007724762,0.3665100038051605
1982,6,12,21,0,0.9261109828948975,10.688400268554688,55,9.103500366210938,8.096099853515625,3315,12.114999771118164,0.7791100144386292,0.3718299865722656
1982,6,13,0,0,0.9207329750061035,10.376899719238281,55,8.24120044708252,6.866499900817871,3535,12.114999771118164,0.8189399838447571,0.4089899957180023
1982,6,13,3,0,0.9127110242843628,9.867899894714355,45,7.640200138092041,6.422100067138672,3951,17.73889923095703,0.8898000121116638,0.44916000962257385
1982,6,13,6,0,0.9071509838104248,9.476900100708008,45,7.498499870300293,6.459700107574463,4580,17.73889923095703,0.9732900261878967,0.4557499885559082
1982,6,13,9,0,0.9055719971656799,9.311100006103516,45,7.583799839019775,6.68779993057251,5108,17.73889923095703,1.031000018119812,0.4446699917316437
1982,6,13,12,0,0.9041420221328735,9.239800453186035,45,7.625699996948242,6.8043999671936035,5218,17.73889923095703,1.043220043182373,0.43904000520706177
1982,6,13,15,0,0.900871992111206,9.140600204467773,45,7.563300132751465,6.765600204467773,5200,7.5218000411987305,1.045699954032898,0.43919000029563904
1982,6,13,18,0,0.8988710045814514,9.221599578857422,45,7.658899784088135,6.855999946594238,5179,7.5218000411987305,1.0384600162506104,0.43174999952316284
1982,6,13,21,0,0.8978989720344543,9.436800003051758,45,7.830900192260742,6.956299781799316,5263,7.5218000411987305,1.0354499816894531,0.4207899868488312
1982,6,14,0,0,0.894366979598999,9.482799530029297,45,7.7195000648498535,6.688399791717529,5586,16.125999450683594,1.0653599500656128,0.4231700003147125
1982,6,14,3,0,0.8944640159606934,9.732500076293945,45,7.922800064086914,6.828700065612793,5711,16.125999450683594,1.0650899410247803,0.4157100021839142
1982,6,14,6,0,0.894661009311676,10.027400016784668,45,8.150799751281738,6.992000102996826,5611,16.125999450683594,1.0437599420547485,0.411190003156662
1982,6,14,9,0,0.8973770141601562,10.473699569702148,45,8.617799758911133,7.432000160217285,5382,16.125999450683594,1.0039900541305542,0.3965100049972534
1982,6,14,12,0,0.9011260271072388,10.934800148010254,45,9.071399688720703,7.838900089263916,5116,16.125999450683594,0.9629799723625183,0.3831300139427185
1982,6,14,15,0,0.9038450121879578,11.238499641418457,45,9.33810043334961,8.02299976348877,4997,16.125999450683594,0.9422500133514404,0.37353000044822693
1982,6,14,18,0,0.9050570130348206,11.366999626159668,45,9.434200286865234,8.015899658203125,5068,16.125999450683594,0.9443399906158447,0.36441001296043396
1982,6,14,21,0,0.9022200107574463,11.166399955749512,45,8.961099624633789,7.302499771118164,5290,14.659700393676758,0.9722300171852112,0.37307998538017273
1982,6,15,0,0,0.8947799801826477,10.593799591064453,45,8.234600067138672,6.623600006103516,5787,14.659700393676758,1.03957998752594,0.3997200131416321
1982,6,15,3,0,0.8961949944496155,10.677900314331055,45,8.505800247192383,6.937399864196777,6079,13.326800346374512,1.0583000183105469,0.383650004863739
1982,6,15,6,0,0.9009100198745728,11.19909954071045,45,9.212800025939941,7.677599906921387,5921,13.326800346374512,1.0238300561904907,0.359609991312027
1982,6,15,9,0,0.904312014579773,11.613499641418457,45,9.682299613952637,8.144499778747559,5667,12.114999771118164,0.9889299869537354,0.34804001450538635
1982,6,15,12,0,0.9049710035324097,11.727299690246582,45,9.751199722290039,8.1806001663208,5411,12.114999771118164,0.9641100168228149,0.34946998953819275
1982,6,15,15,0,0.903590977191925,11.652799606323242,45,9.634599685668945,8.046600341796875,5065,12.114999771118164,0.9355700016021729,0.35512998700141907
1982,6,15,18,0,0.9015079736709595,11.557900428771973,45,9.501700401306152,7.876999855041504,4663,12.114999771118164,0.9003900289535522,0.359279990196228
1982,6,15,21,0,0.8935459852218628,11.02299976348877,45,8.601499557495117,6.856400012969971,4482,12.114999771118164,0.9021499752998352,0.3937999904155731
1982,6,16,0,0,0.885325014591217,10.508700370788574,45,8.100600242614746,6.5131001472473145,4629,12.114999771118164,0.9346500039100647,0.4166800081729889
1982,6,16,3,0,0.8876709938049316,10.726499557495117,45,8.422200202941895,6.81279993057251,4523,16.125999450683594,0.9148899912834167,0.4020099937915802
1982,6,16,6,0,0.890766978263855,11.16189956665039,45,8.94480037689209,7.359499931335449,4205,16.125999450683594,0.8695999979972839,0.3883199989795685
1982,6,16,9,0,0.8947330117225647,11.707599639892578,45,9.52400016784668,7.947700023651123,3852,17.73889923095703,0.819570004940033,0.37466999888420105
1982,6,16,12,0,0.8967189788818359,11.97920036315918,45,9.754300117492676,8.160699844360352,3690,17.73889923095703,0.797290027141571,0.3716700077056885
1982,6,16,15,0,0.8974829912185669,12.09689998626709,45,9.785900115966797,8.156599998474121,3561,17.73889923095703,0.7823699712753296,0.3757599890232086
1982,6,16,18,0,0.8969780206680298,12.060500144958496,45,9.48169994354248,7.691199779510498,3429,17.73889923095703,0.7711899876594543,0.388839989900589
1982,6,16,21,0,0.8876990079879761,11.216500282287598,45,8.086099624633789,6.267000198364258,3458,16.125999450683594,0.8015400171279907,0.4446600079536438
1982,6,17,0,0,0.88018399477005,10.484600067138672,45,7.563000202178955,5.943299770355225,3716,16.125999450683594,0.8509399890899658,0.4634999930858612
1982,6,17,3,0,0.8841570019721985,10.753000259399414,45,8.084600448608398,6.481599807739258,3587,16.125999450683594,0.8230900168418884,0.4328100085258484
1982,6,17,6,0,0.8885759711265564,11.12440013885498,45,8.520500183105469,6.883699893951416,3403,16.125999450683594,0.7904700040817261,0.4123600125312805
1982,6,17,9,0,0.8917250037193298,11.425399780273438,45,8.833499908447266,7.172100067138672,3438,16.125999450683594,0.7871900200843811,0.4030599892139435
1982,6,17,12,0,0.8950369954109192,11.774299621582031,55,9.207799911499023,7.519499778747559,3548,16.125999450683594,0.7914800047874451,0.39406999945640564
1982,6,17,15,0,0.8976389765739441,11.934900283813477,55,9.279500007629395,7.524499893188477,3607,16.125999450683594,0.7955800294876099,0.39506998658180237
1982,6,17,18,0,0.8912360072135925,11.551300048828125,45,8.699000358581543,6.896200180053711,3720,16.125999450683594,0.819100022315979,0.4160600006580353
1982,6,17,21,0,0.8842549920082092,10.861000061035156,45,8.061599731445312,6.379300117492676,3882,14.659700393676758,0.8547700047492981,0.4353399872779846
1982,6,18,0,0,0.8810939788818359,10.507699966430664,45,7.861199855804443,6.285999774932861,3765,14.659700393676758,0.8497599959373474,0.4358200132846832
1982,6,18,3,0,0.8820850253105164,10.52340030670166,45,7.971799850463867,6.419400215148926,3484,14.659700393676758,0.8152499794960022,0.42677000164985657
1982,6,18,6,0,0.886443018913269,10.804400444030762,45,8.37399959564209,6.855599880218506,3446,14.659700393676758,0.8018199801445007,0.4142400026321411
1982,6,18,9,0,0.8920729756355286,11.223400115966797,45,8.959199905395508,7.551499843597412,3755,17.73889923095703,0.8249099850654602,0.40029001235961914
1982,6,18,12,0,0.8966330289840698,11.58180046081543,45,9.378299713134766,8.053400039672852,4224,17.73889923095703,0.8656600117683411,0.3919700086116791
1982,6,18,15,0,0.8996549844741821,11.817299842834473,55,9.577099800109863,8.243499755859375,4508,17.73889923095703,0.8890200257301331,0.38763999938964844
1982,6,18,18,0,0.901947021484375,11.801899909973145,55,9.5,8.120800018310547,4529,17.73889923095703,0.8920000195503235,0.3890799880027771
1982,6,18,21,0,0.9017249941825867,11.600199699401855,55,9.254799842834473,7.829699993133545,4366,17.73889923095703,0.8808199763298035,0.3928300142288208
1982,6,19,0,0,0.9000790119171143,11.286700248718262,55,8.784600257873535,7.208600044250488,4218,17.73889923095703,0.8741199970245361,0.4002799987792969
1982,6,19,3,0,0.9011759757995605,11.246700286865234,55,8.807700157165527,7.28249979019165,4227,16.125999450683594,0.8751699924468994,0.395579993724823
1982,6,19,6,0,0.905888020992279,11.480199813842773,55,9.103599548339844,7.59119987487793,4402,16.125999450683594,0.8857399821281433,0.3836599886417389
1982,6,19,9,0,0.9102169871330261,11.698800086975098,55,9.38949966430664,7.895199775695801,4656,16.125999450683594,0.9040399789810181,0.3730199933052063
1982,6,19,12,0,0.9126260280609131,11.78339958190918,55,9.533100128173828,8.074600219726562,4931,16.125999450683594,0.9273599982261658,0.36820000410079956
1982,6,19,15,0,0.9141319990158081,11.787400245666504,55,9.590399742126465,8.167499542236328,5161,16.125999450683594,0.9478899836540222,0.3658300042152405
1982,6,19,18,0,0.9150329828262329,11.744000434875488,55,9.612500190734863,8.234000205993652,5325,16.125999450683594,0.9629499912261963,0.36381998658180237
1982,6,19,21,0,0.9149150252342224,11.6358003616333,55,9.588299751281738,8.26729965209961,5475,16.125999450683594,0.9780200123786926,0.3619599938392639
1982,6,20,0,0,0.9139649868011475,11.503100395202637,55,9.554699897766113,8.28499984741211,5665,16.125999450683594,0.9966099858283997,0.3586199879646301
1982,6,20,3,0,0.913100004196167,11.420700073242188,55,9.56779956817627,8.351200103759766,5913,14.659700393676758,1.0185400247573853,0.3542500138282776
1982,6,20,6,0,0.9139279723167419,11.453399658203125,55,9.64210033416748,8.431599617004395,6121,14.659700393676758,1.0340100526809692,0.3494899868965149
1982,6,20,9,0,0.9119870066642761,11.36460018157959,55,9.512999534606934,8.274200439453125,6383,14.659700393676758,1.0594500303268433,0.3548699915409088
1982,6,20,12,0,0.9098640084266663,11.298700332641602,55,9.43280029296875,8.168999671936035,6606,14.659700393676758,1.0801000595092773,0.35738998651504517
1982,6,20,15,0,0.910739004611969,11.394599914550781,55,9.483799934387207,8.158900260925293,6549,14.659700393676758,1.0725699663162231,0.35596999526023865
1982,6,20,18,0,0.9108589887619019,11.449999809265137,55,9.42549991607666,7.987400054931641,6457,14.659700393676758,1.0648399591445923,0.35982999205589294
1982,6,20,21,0,0.9129359722137451,11.60830020904541,55,9.517200469970703,7.992199897766113,6364,14.659700393676758,1.052899956703186,0.3579399883747101
1982,6,21,0,0,0.914451003074646,11.688699722290039,55,9.454000473022461,7.817699909210205,6312,14.659700393676758,1.0480400323867798,0.36215999722480774
1982,6,21,3,0,0.917523980140686,11.817500114440918,55,9.540599822998047,7.86299991607666,6193,14.659700393676758,1.0349199771881104,0.3599199950695038
1982,6,21,6,0,0.9200659990310669,11.913599967956543,55,9.624099731445312,7.934999942779541,6017,16.125999450683594,1.0177299976348877,0.3577199876308441
1982,6,21,9,0,0.9217900037765503,11.979900360107422,55,9.67039966583252,7.973899841308594,5833,16.125999450683594,1.0008800029754639,0.35784998536109924
1982,6,21,12,0,0.9231780171394348,12.06029987335205,55,9.716699600219727,8.01259994506836,5672,16.125999450683594,0.9857900142669678,0.35951998829841614
1982,6,21,15,0,0.9234809875488281,12.103899955749512,55,9.67080020904541,7.9293999671936035,5565,16.125999450683594,0.9769700169563293,0.3644599914550781
1982,6,21,18,0,0.9240679740905762,12.170499801635742,55,9.69279956817627,7.915200233459473,5484,16.125999450683594,0.9687700271606445,0.3640100061893463
1982,6,21,21,0,0.9241589903831482,12.20259952545166,55,9.648799896240234,7.785699844360352,5435,16.125999450683594,0.9637799859046936,0.3622500002384186
1982,6,22,0,0,0.9111829996109009,11.5246000289917,55,8.520000457763672,6.644700050354004,5655,16.125999450683594,1.0098700523376465,0.40817999839782715
1982,6,22,3,0,0.9097390174865723,11.693499565124512,55,8.957099914550781,7.132900238037109,5770,14.659700393676758,1.0109000205993652,0.3893899917602539
1982,6,22,6,0,0.918179988861084,12.308199882507324,55,9.773799896240234,7.880199909210205,5591,14.659700393676758,0.9743099808692932,0.3547300100326538
1982,6,22,9,0,0.9245550036430359,12.734600067138672,55,10.300600051879883,8.333600044250488,5535,14.659700393676758,0.9571899771690369,0.33294999599456787
1982,6,22,12,0,0.9276990294456482,12.925800323486328,55,10.520600318908691,8.499099731445312,5523,14.659700393676758,0.95100998878479,0.3230000138282776
1982,6,22,15,0,0.9289569854736328,13.001999855041504,55,10.633999824523926,8.60099983215332,5470,14.659700393676758,0.9439899921417236,0.31727999448776245
1982,6,22,18,0,0.9287580251693726,12.967100143432617,55,10.524999618530273,8.434399604797363,5421,14.659700393676758,0.9408800005912781,0.31905999779701233
1982,6,22,21,0,0.923999011516571,12.622900009155273,55,9.731599807739258,7.502699851989746,5537,16.125999450683594,0.9632999897003174,0.34634000062942505
1982,6,23,0,0,0.9154580235481262,12.166600227355957,55,9.122900009155273,7.02400016784668,5886,16.125999450683594,1.0089000463485718,0.3746500015258789
1982,6,23,3,0,0.9162889719009399,12.265899658203125,55,9.423999786376953,7.357399940490723,6101,16.125999450683594,1.0213199853897095,0.36096999049186707
1982,6,23,6,0,0.9222239851951599,12.610699653625488,55,10.044899940490723,7.995100021362305,6084,16.125999450683594,1.00655996799469,0.3336600065231323
1982,6,23,9,0,0.9266809821128845,12.856499671936035,55,10.513500213623047,8.496999740600586,6001,16.125999450683594,0.9906499981880188,0.3130199909210205
1982,6,23,12,0,0.9293990135192871,12.99470043182373,55,10.815999984741211,8.853500366210938,5875,16.125999450683594,0.9750199913978577,0.30048999190330505
1982,6,23,15,0,0.9310060143470764,13.054200172424316,55,10.944299697875977,9.004599571228027,5725,16.125999450683594,0.9603099822998047,0.2955999970436096
1982,6,23,18,0,0.9322080016136169,13.091300010681152,55,10.99020004272461,9.030500411987305,5596,16.125999450683594,0.9482899904251099,0.2943199872970581
1982,6,23,21,0,0.9326750040054321,13.083600044250488,55,10.847800254821777,8.765399932861328,5518,16.125999450683594,0.9427800178527832,0.3003300130367279
1982,6,24,0,0,0.9311050176620483,12.948599815368652,55,10.379500389099121,8.147700309753418,5540,14.659700393676758,0.9508900046348572,0.3209100067615509
1982,6,24,3,0,0.9309470057487488,12.979100227355957,55,10.371500015258789,8.155500411987305,5618,14.659700393676758,0.9580600261688232,0.32833999395370483
1982,6,24,6,0,0.9324640035629272,13.158499717712402,55,10.654500007629395,8.472399711608887,5692,14.659700393676758,0.9598600268363953,0.3247300088405609
1982,6,24,9,0,0.9348570108413696,13.41450023651123,55,11.066499710083008,8.924699783325195,5756,14.659700393676758,0.9585099816322327,0.31659001111984253
1982,6,24,12,0,0.9372000098228455,13.69789981842041,55,11.506400108337402,9.418800354003906,5857,14.659700393676758,0.9602100253105164,0.3094100058078766
1982,6,24,15,0,0.9389349818229675,13.968899726867676,55,11.92020034790039,9.91100025177002,6060,14.659700393676758,0.9707900285720825,0.30445000529289246
1982,6,24,18,0,0.9400799870491028,14.187299728393555,55,12.277600288391113,10.374600410461426,6351,14.659700393676758,0.9891499876976013,0.29965999722480774
1982,6,24,21,0,0.940788984298706,14.25790023803711,55,12.05270004272461,9.457900047302246,6641,14.659700393676758,1.0110900402069092,0.2980400025844574
1982,6,25,0,0,0.9382740259170532,11.7608003616333,55,7.2906999588012695,5.307600021362305,7457,14.659700393676758,1.1792800426483154,0.4953399896621704
1982,6,25,3,0,0.9428240060806274,10.06190013885498,55,6.389400005340576,5.032599925994873,9051,14.659700393676758,1.3951300382614136,0.5879600048065186
1982,6,25,6,0,0.9424780011177063,9.900799751281738,55,6.368299961090088,5.071199893951416,9712,17.73889923095703,1.4558900594711304,0.5964300036430359
1982,6,25,9,0,0.9412170052528381,9.908599853515625,65,6.360899925231934,5.077700138092041,9889,17.73889923095703,1.4713399410247803,0.6009399890899658
1982,6,25,12,0,0.9424530267715454,9.918100357055664,65,6.465000152587891,5.189599990844727,10105,17.73889923095703,1.4849300384521484,0.5954200029373169
1982,6,25,15,0,0.9446290135383606,10.195799827575684,65,6.831500053405762,5.517300128936768,10138,17.73889923095703,1.4653400182724,0.5725899934768677
1982,6,25,18,0,0.9462990164756775,10.140199661254883,65,6.783400058746338,5.459000110626221,10408,17.73889923095703,1.4868299961090088,0.5719900131225586
1982,6,25,21,0,0.9477149844169617,9.429800033569336,65,6.314000129699707,5.140500068664551,11494,17.73889923095703,1.6092000007629395,0.5984299778938293
1982,6,26,0,0,0.9523580074310303,8.885299682617188,65,6.3221001625061035,5.255000114440918,13772,19.513200759887695,1.7816799879074097,0.5759400129318237
1982,6,26,3,0,0.9606459736824036,8.708000183105469,65,6.6528000831604,5.64300012588501,17849,9.101699829101562,2.001420021057129,0.5083000063896179
1982,6,26,6,0,0.9655259847640991,8.77299976348877,65,7.001500129699707,5.9984002113342285,22442,10.01200008392334,2.2046101093292236,0.44725000858306885
1982,6,26,9,0,0.967769980430603,9.08590030670166,65,7.515900135040283,6.559100151062012,23381,9.101699829101562,2.2010600566864014,0.4079200029373169
1982,6,26,12,0,0.9674429893493652,9.318099975585938,65,7.75029993057251,6.795000076293945,21013,9.101699829101562,2.0658600330352783,0.4048199951648712
1982,6,26,15,0,0.9651110172271729,9.128199577331543,65,7.260499954223633,6.170000076293945,18794,9.101699829101562,1.9849300384521484,0.4406700134277344
1982,6,26,18,0,0.9619269967079163,8.740900039672852,65,6.851099967956543,5.829699993133545,18452,8.274100303649902,2.0121500492095947,0.46560999751091003
1982,6,26,21,0,0.9606260061264038,8.883999824523926,65,7.138599872589111,6.162300109863281,17904,8.274100303649902,1.9614700078964233,0.44562000036239624
1982,6,27,0,0,0.955361008644104,8.979399681091309,65,7.180099964141846,6.168300151824951,16346,8.274100303649902,1.8667199611663818,0.4440999925136566
1982,6,27,3,0,0.9483829736709595,8.800200462341309,65,6.831500053405762,5.761000156402588,15067,16.125999450683594,1.8136999607086182,0.4614599943161011
1982,6,27,6,0,0.942986011505127,8.324299812316895,65,6.3358001708984375,5.332600116729736,14535,16.125999450683594,1.8327900171279907,0.48701998591423035
1982,6,27,9,0,0.9417219758033752,8.156399726867676,65,6.26609992980957,5.308700084686279,14242,16.125999450683594,1.8286800384521484,0.4838699996471405
1982,6,27,12,0,0.9413359761238098,8.124799728393555,65,6.303699970245361,5.349999904632568,14767,7.5218000411987305,1.8593300580978394,0.47001001238822937
1982,6,27,15,0,0.9398319721221924,8.346099853515625,65,6.568999767303467,5.5858001708984375,14846,16.125999450683594,1.8338099718093872,0.4463900029659271
1982,6,27,18,0,0.9392070174217224,8.195699691772461,55,6.378300189971924,5.3902997970581055,14382,10.01200008392334,1.821679949760437,0.45416000485420227
1982,6,27,21,0,0.9397330284118652,8.314000129699707,55,6.513599872589111,5.526000022888184,13027,10.01200008392334,1.7218899726867676,0.4486300051212311
1982,6,28,0,0,0.9383739829063416,8.400799751281738,55,6.529200077056885,5.515100002288818,11601,14.659700393676758,1.6197700500488281,0.45364001393318176
1982,6,28,3,0,0.937362015247345,8.7746000289917,55,6.959700107574463,5.952300071716309,10258,14.659700393676758,1.4924399852752686,0.4386500120162964
1982,6,28,6,0,0.9365249872207642,9.072999954223633,55,7.325099945068359,6.3429999351501465,9294,14.659700393676758,1.3988100290298462,0.42677998542785645
1982,6,28,9,0,0.9350540041923523,9.231499671936035,55,7.560100078582764,6.637599945068359,8672,14.659700393676758,1.3400700092315674,0.42006999254226685
1982,6,28,12,0,0.9331579804420471,9.322699546813965,55,7.731100082397461,6.88539981842041,8216,14.659700393676758,1.2977700233459473,0.4153900146484375
1982,6,28,15,0,0.9313949942588806,9.432299613952637,55,7.877099990844727,7.086900234222412,7851,9.101699829101562,1.2626700401306152,0.4148600101470947
1982,6,28,18,0,0.9300749897956848,9.605299949645996,55,8.015700340270996,7.2357001304626465,7583,14.659700393676758,1.2340699434280396,0.4195399880409241
1982,6,28,21,0,0.9290710091590881,9.81980037689209,55,8.153499603271484,7.358500003814697,7387,14.659700393676758,1.2106200456619263,0.42539000511169434
1982,6,29,0,0,0.9278969764709473,10.01259994506836,55,8.264599800109863,7.4440999031066895,7206,17.73889923095703,1.189520001411438,0.4291499853134155
1982,6,29,3,0,0.9262359738349915,10.126899719238281,55,8.32040023803711,7.478300094604492,6954,17.73889923095703,1.1652799844741821,0.43046000599861145
1982,6,29,6,0,0.9243190288543701,10.191399574279785,55,8.340299606323242,7.476600170135498,6675,14.659700393676758,1.1399799585342407,0.42972999811172485
1982,6,29,9,0,0.9222419857978821,10.252799987792969,55,8.335000038146973,7.433000087738037,6481,14.659700393676758,1.122059941291809,0.4296000003814697
1982,6,29,12,0,0.9207019805908203,10.33530044555664,55,8.318699836730957,7.350500106811523,6401,14.659700393676758,1.113360047340393,0.43024998903274536
1982,6,29,15,0,0.9199140071868896,10.468600273132324,55,8.337800025939941,7.282299995422363,6395,13.326800346374512,1.1086599826812744,0.42838001251220703
1982,6,29,18,0,0.9117860198020935,10.215299606323242,55,7.948599815368652,6.829899787902832,6637,13.326800346374512,1.1439199447631836,0.4445199966430664
1982,6,29,21,0,0.9055600166320801,10.028900146484375,45,7.906499862670898,6.826200008392334,7010,13.326800346374512,1.1806199550628662,0.43735000491142273
1982,6,30,0,0,0.9044409990310669,9.952799797058105,45,7.966800212860107,6.889900207519531,7081,13.326800346374512,1.1838799715042114,0.42065000534057617
1982,6,30,3,0,0.9058250188827515,10.132699966430664,45,8.245200157165527,7.152699947357178,6700,13.326800346374512,1.137719988822937,0.39688000082969666
1982,6,30,6,0,0.9067299962043762,10.311100006103516,45,8.478699684143066,7.36329984664917,6431,13.326800346374512,1.103700041770935,0.38005998730659485
1982,6,30,9,0,0.9071450233459473,10.489500045776367,45,8.682100296020508,7.547599792480469,6559,16.125999450683594,1.1058499813079834,0.36967000365257263
1982,6,30,12,0,0.908577024936676,10.741800308227539,45,8.99120044708252,7.8632001876831055,7162,16.125999450683594,1.1434799432754517,0.3554399907588959
1982,6,30,15,0,0.911050021648407,11.026000022888184,45,9.387999534606934,8.29170036315918,7994,14.659700393676758,1.1930400133132935,0.33337000012397766
1982,6,30,18,0,0.913316011428833,11.184599876403809,45,9.696499824523926,8.670700073242188,8778,13.326800346374512,1.2392100095748901,0.3114599883556366
1982,6,30,21,0,0.9149349927902222,11.183099746704102,45,9.82610034942627,8.878700256347656,9198,13.326800346374512,1.2644599676132202,0.2957099974155426
1982,7,1,0,0,0.9159029722213745,11.085000038146973,45,9.718999862670898,8.659899711608887,9147,13.326800346374512,1.2622900009155273,0.28852999210357666
1982,7,1,3,0,0.9153850078582764,10.81820011138916,45,9.222700119018555,7.896599769592285,8821,12.114999771118164,1.251270055770874,0.30000001192092896
1982,7,1,6,0,0.9160919785499573,10.71969985961914,45,9.192500114440918,7.951600074768066,8318,12.114999771118164,1.217810034751892,0.2979399859905243
1982,7,1,9,0,0.9166370034217834,10.729100227355957,45,9.316900253295898,8.204000473022461,7701,12.114999771118164,1.1699700355529785,0.2922700047492981
1982,7,1,12,0,0.9163619875907898,10.727399826049805,45,9.363300323486328,8.342100143432617,7063,12.114999771118164,1.1207300424575806,0.2939299941062927
1982,7,1,15,0,0.9160169959068298,10.758600234985352,45,9.41469955444336,8.440199851989746,6573,12.114999771118164,1.0803699493408203,0.29541000723838806
1982,7,1,18,0,0.9162880182266235,10.847999572753906,45,9.557299613952637,8.612099647521973,6302,12.114999771118164,1.0536999702453613,0.28898999094963074
1982,7,1,21,0,0.9170680046081543,10.731599807739258,45,8.921500205993652,7.150400161743164,6228,12.114999771118164,1.0528099536895752,0.293940007686615
1982,7,2,0,0,0.9168890118598938,9.975600242614746,45,7.418000221252441,5.7118000984191895,6402,12.114999771118164,1.1063499450683594,0.3679499924182892
1982,7,2,3,0,0.9162949919700623,9.573399543762207,45,7.04580020904541,5.48859977722168,6585,11.013500213623047,1.1436400413513184,0.3912599980831146
1982,7,2,6,0,0.9163129925727844,9.37909984588623,45,7.058499813079834,5.620699882507324,6738,11.013500213623047,1.1665300130844116,0.3938800096511841
1982,7,2,9,0,0.9159889817237854,9.351900100708008,45,7.305699825286865,5.981200218200684,6845,11.013500213623047,1.175220012664795,0.38354000449180603
1982,7,2,12,0,0.9151350259780884,9.223400115966797,45,7.191100120544434,5.871799945831299,6996,11.013500213623047,1.1957900524139404,0.3896600008010864
1982,7,2,15,0,0.9162240028381348,9.42199993133545,45,7.532400131225586,6.281199932098389,6834,11.013500213623047,1.1702200174331665,0.38023000955581665
1982,7,2,18,0,0.9167580008506775,9.74590015411377,45,7.984399795532227,6.755499839782715,6498,11.013500213623047,1.1226199865341187,0.36103999614715576
1982,7,2,21,0,0.9166809916496277,9.844099998474121,45,7.908999919891357,6.442299842834473,6265,11.013500213623047,1.097659945487976,0.3571699857711792
1982,7,3,0,0,0.9161109924316406,10.023900032043457,45,8.221599578857422,6.839600086212158,6146,11.013500213623047,1.078660011291504,0.34975001215934753
1982,7,3,3,0,0.915503978729248,10.124600410461426,45,8.274499893188477,6.848400115966797,6085,11.013500213623047,1.0705699920654297,0.3538599908351898
1982,7,3,6,0,0.9150980114936829,10.303999900817871,45,8.636899948120117,7.414100170135498,5976,11.013500213623047,1.0534800291061401,0.349700003862381
1982,7,3,9,0,0.9148679971694946,10.40999984741211,45,8.85159969329834,7.743800163269043,5832,11.013500213623047,1.0358999967575073,0.34477001428604126
1982,7,3,12,0,0.914592981338501,10.477899551391602,45,8.983699798583984,7.9492998123168945,5702,11.013500213623047,1.021209955215454,0.3407999873161316
1982,7,3,15,0,0.914251983165741,10.546899795532227,45,9.05090045928955,8.031399726867676,5672,11.013500213623047,1.0166300535202026,0.34174999594688416
1982,7,3,18,0,0.9136360287666321,10.629300117492676,45,9.105500221252441,8.13010025024414,5777,11.013500213623047,1.0250799655914307,0.3509399890899658
1982,7,3,21,0,0.9126030206680298,10.681400299072266,45,9.040200233459473,8.001199722290039,5898,16.125999450683594,1.0375299453735352,0.3694300055503845
1982,7,4,0,0,0.911728024482727,10.531700134277344,45,8.281399726867676,6.6880998611450195,5910,16.125999450683594,1.0514899492263794,0.4063499867916107
1982,7,4,3,0,0.911558985710144,10.654500007629395,45,8.489299774169922,7.081099987030029,5764,16.125999450683594,1.0360599756240845,0.41690000891685486
1982,7,4,6,0,0.9115579724311829,10.80049991607666,45,8.777400016784668,7.5177001953125,5543,10.01200008392334,1.0105199813842773,0.412200003862381
1982,7,4,9,0,0.9115849733352661,10.972299575805664,45,9.013999938964844,7.837399959564209,5418,14.659700393676758,0.9934700131416321,0.40647000074386597
1982,7,4,12,0,0.9120020270347595,11.30679988861084,45,9.283599853515625,8.126299858093262,5500,14.659700393676758,0.9932299852371216,0.4076400101184845
1982,7,4,15,0,0.9127349853515625,11.779899597167969,45,9.531499862670898,8.301300048828125,5743,19.513200759887695,1.0067600011825562,0.4178699851036072
1982,7,4,18,0,0.9164220094680786,12.005599975585938,55,8.817500114440918,6.785799980163574,5947,19.513200759887695,1.0291099548339844,0.44492998719215393
1982,7,4,21,0,0.9106050133705139,10.584099769592285,55,6.655700206756592,5.095200061798096,6218,21.46489906311035,1.1281800270080566,0.5697000026702881
1982,7,5,0,0,0.9060189723968506,8.8149995803833,45,5.894800186157227,4.7820000648498535,7722,21.46489906311035,1.3512599468231201,0.6229100227355957
1982,7,5,3,0,0.9157540202140808,8.280500411987305,45,5.931399822235107,4.933499813079834,9290,21.46489906311035,1.499559998512268,0.586359977722168
1982,7,5,6,0,0.9228420257568359,8.861100196838379,45,6.506100177764893,5.465700149536133,8701,17.73889923095703,1.4046399593353271,0.5524500012397766
1982,7,5,9,0,0.9254000186920166,9.931500434875488,55,7.41480016708374,6.255199909210205,8535,17.73889923095703,1.3251299858093262,0.5121200084686279
1982,7,5,12,0,0.921986997127533,10.528499603271484,45,8.095999717712402,6.941299915313721,10074,17.73889923095703,1.4032200574874878,0.48379001021385193
1982,7,5,15,0,0.9193260073661804,10.886199951171875,45,8.506199836730957,7.3968000411987305,11585,19.513200759887695,1.4844900369644165,0.47060999274253845
1982,7,5,18,0,0.9188889861106873,11.299799919128418,45,8.838299751281738,7.637499809265137,11638,19.513200759887695,1.467039942741394,0.45677000284194946
1982,7,5,21,0,0.9192410111427307,11.47029972076416,45,9.101300239562988,7.888199806213379,11217,19.513200759887695,1.427150011062622,0.439300000667572
1982,7,6,0,0,0.918569028377533,11.360400199890137,45,9.036399841308594,7.729700088500977,10721,19.513200759887695,1.3945399522781372,0.42816001176834106
1982,7,6,3,0,0.917156994342804,11.211199760437012,45,8.964900016784668,7.6682000160217285,10383,19.513200759887695,1.3746000528335571,0.4187999963760376
1982,7,6,6,0,0.9174399971961975,11.3725004196167,45,9.251299858093262,7.997000217437744,10187,19.513200759887695,1.350600004196167,0.3995699882507324
1982,7,6,9,0,0.9181389808654785,11.721199989318848,45,9.655699729919434,8.420000076293945,10159,17.73889923095703,1.3335399627685547,0.3830600082874298
1982,7,6,12,0,0.9201419949531555,12.105999946594238,55,10.038100242614746,8.798100471496582,10138,17.73889923095703,1.3186399936676025,0.3718099892139435
1982,7,6,15,0,0.9233689904212952,12.41819953918457,55,10.330699920654297,9.077500343322754,9977,17.73889923095703,1.2985199689865112,0.36410000920295715
1982,7,6,18,0,0.9249609708786011,12.583499908447266,55,10.495200157165527,9.23960018157959,9656,17.73889923095703,1.2723499536514282,0.359250009059906
1982,7,6,21,0,0.9237629771232605,12.541799545288086,55,10.481300354003906,9.205400466918945,9419,17.73889923095703,1.2568199634552002,0.3573499917984009
1982,7,7,0,0,0.918973982334137,12.192500114440918,55,9.973899841308594,8.422499656677246,9511,17.73889923095703,1.2735899686813354,0.36570999026298523
1982,7,7,3,0,0.91696697473526,11.905900001525879,45,9.913999557495117,8.554100036621094,10022,17.73889923095703,1.3122299909591675,0.3589800000190735
1982,7,7,6,0,0.9173799753189087,11.742500305175781,45,10.04170036315918,8.91569995880127,10812,17.73889923095703,1.3620400428771973,0.3411400020122528
1982,7,7,9,0,0.9175429940223694,11.59000015258789,45,10.038200378417969,9.049699783325195,11598,17.73889923095703,1.4126499891281128,0.3298799991607666
1982,7,7,12,0,0.9167789816856384,11.303299903869629,45,9.782099723815918,8.85200023651123,12486,16.125999450683594,1.4774600267410278,0.3324199914932251
1982,7,7,15,0,0.9176589846611023,11.297300338745117,45,9.795900344848633,8.838899612426758,12756,16.125999450683594,1.4914699792861938,0.3247300088405609
1982,7,7,18,0,0.9191089868545532,11.463299751281738,45,10.041799545288086,9.088899612426758,12805,16.125999450683594,1.4833099842071533,0.30827000737190247
1982,7,7,21,0,0.9202319979667664,11.60200023651123,45,10.308300018310547,9.422300338745117,12986,16.125999450683594,1.4837599992752075,0.29082998633384705
1982,7,8,0,0,0.9207019805908203,11.643699645996094,45,10.473799705505371,9.674300193786621,13138,16.125999450683594,1.487149953842163,0.27709001302719116
1982,7,8,3,0,0.9204760193824768,11.601300239562988,45,10.48960018157959,9.6983003616333,12955,12.114999771118164,1.476349949836731,0.27017998695373535
1982,7,8,6,0,0.9199450016021729,11.523599624633789,45,10.47029972076416,9.77810001373291,12354,12.114999771118164,1.4438799619674683,0.2688399851322174
1982,7,8,9,0,0.9192579984664917,11.420000076293945,45,10.372300148010254,9.710599899291992,11494,11.013500213623047,1.3969999551773071,0.2726300060749054
1982,7,8,12,0,0.9183819890022278,11.304400444030762,45,10.235799789428711,9.577199935913086,10530,11.013500213623047,1.342419981956482,0.27924999594688416
1982,7,8,15,0,0.9173359870910645,11.177300453186035,45,10.076600074768066,9.411199569702148,9533,11.013500213623047,1.2832200527191162,0.286980003118515
1982,7,8,18,0,0.91600102186203,11.017499923706055,45,9.88070011138916,9.208000183105469,8548,11.013500213623047,1.222350001335144,0.2959499955177307
1982,7,8,21,0,0.9143159985542297,10.802800178527832,45,9.647299766540527,8.978400230407715,7850,14.659700393676758,1.1802200078964233,0.3044700026512146
1982,7,9,0,0,0.9131690263748169,10.559700012207031,45,9.438599586486816,8.780200004577637,7889,14.659700393676758,1.1915500164031982,0.30550000071525574
1982,7,9,3,0,0.9134899973869324,10.354700088500977,45,9.313799858093262,8.709600448608398,8396,10.01200008392334,1.2353800535202026,0.29993999004364014
1982,7,9,6,0,0.9146329760551453,10.250499725341797,45,9.237199783325195,8.652700424194336,8693,10.01200008392334,1.2608000040054321,0.2991099953651428
1982,7,9,9,0,0.9164429903030396,10.312399864196777,45,9.26099967956543,8.657600402832031,9026,14.659700393676758,1.2833800315856934,0.3035599887371063
1982,7,9,12,0,0.9191579818725586,10.589099884033203,45,9.47249984741211,8.818400382995605,10073,14.659700393676758,1.344789981842041,0.3025600016117096
1982,7,9,15,0,0.9218490123748779,10.93120002746582,45,9.796500205993652,9.094799995422363,11585,14.659700393676758,1.4256800413131714,0.2906000018119812
1982,7,9,18,0,0.9233800172805786,11.151000022888184,45,10.054400444030762,9.342599868774414,12661,14.659700393676758,1.47816002368927,0.27643001079559326
1982,7,9,21,0,0.923757016658783,11.224699974060059,45,10.174799919128418,9.477399826049805,12844,13.326800346374512,1.4835400581359863,0.26736000180244446
1982,7,10,0,0,0.9234949946403503,11.206000328063965,45,10.187700271606445,9.51140022277832,12328,13.326800346374512,1.453220009803772,0.2638700008392334
1982,7,10,3,0,0.9228990077972412,11.13379955291748,45,10.13290023803711,9.47700023651123,11498,13.326800346374512,1.4060200452804565,0.2641099989414215
1982,7,10,6,0,0.9221829771995544,11.03380012512207,45,10.04170036315918,9.401000022888184,10631,13.326800346374512,1.3559000492095947,0.26607000827789307
1982,7,10,9,0,0.9214299917221069,10.941100120544434,45,9.95300006866455,9.322799682617188,9900,13.326800346374512,1.3121800422668457,0.2684600055217743
1982,7,10,12,0,0.9207149744033813,10.872599601745605,45,9.882100105285645,9.256699562072754,9318,12.114999771118164,1.2758899927139282,0.27136000990867615
1982,7,10,15,0,0.92010098695755,10.847000122070312,45,9.84570026397705,9.218199729919434,8892,13.326800346374512,1.2478400468826294,0.2744799852371216
1982,7,10,18,0,0.9197090268135071,10.86709976196289,45,9.850500106811523,9.214300155639648,8653,13.326800346374512,1.2306599617004395,0.27651000022888184
1982,7,10,21,0,0.919530987739563,10.896300315856934,45,9.865400314331055,9.214300155639648,8540,12.114999771118164,1.2217199802398682,0.2775599956512451
1982,7,11,0,0,0.9172340035438538,10.714599609375,45,9.389399528503418,8.38129997253418,8382,12.114999771118164,1.2209999561309814,0.2981500029563904
1982,7,11,3,0,0.9154000282287598,10.614999771118164,45,9.305299758911133,8.341099739074707,8003,12.114999771118164,1.1979800462722778,0.3039900064468384
1982,7,11,6,0,0.9163150191307068,10.681699752807617,45,9.496899604797363,8.644599914550781,7427,11.013500213623047,1.149459958076477,0.2956799864768982
1982,7,11,9,0,0.9165229797363281,10.680700302124023,45,9.544500350952148,8.770099639892578,6905,11.013500213623047,1.1080600023269653,0.29670000076293945
1982,7,11,12,0,0.9163140058517456,10.671600341796875,45,9.538000106811523,8.824999809265137,6431,11.013500213623047,1.070870041847229,0.3048099875450134
1982,7,11,15,0,0.916100025177002,10.667799949645996,45,9.493300437927246,8.808899879455566,5995,11.013500213623047,1.0361900329589844,0.3181000053882599
1982,7,11,18,0,0.9159539937973022,10.673299789428711,45,9.438400268554688,8.755900382995605,5651,11.013500213623047,1.008239984512329,0.33195000886917114
1982,7,11,21,0,0.9157230257987976,10.67300033569336,45,9.315199851989746,8.481900215148926,5398,10.01200008392334,0.9879400134086609,0.3449600040912628
1982,7,12,0,0,0.9132490158081055,10.520000457763672,45,8.836899757385254,7.721499919891357,5193,10.01200008392334,0.9787300229072571,0.37206000089645386
1982,7,12,3,0,0.9119870066642761,10.450300216674805,45,8.581700325012207,7.329599857330322,4963,10.01200008392334,0.962369978427887,0.38909000158309937
1982,7,12,6,0,0.9118340015411377,10.463399887084961,45,8.520400047302246,7.246300220489502,4739,10.01200008392334,0.9420700073242188,0.3989199995994568
1982,7,12,9,0,0.9123470187187195,10.574899673461914,45,8.621899604797363,7.3744001388549805,4567,10.01200008392334,0.922569990158081,0.40288999676704407
1982,7,12,12,0,0.9130190014839172,10.7608003616333,45,8.786199569702148,7.563799858093262,4465,17.73889923095703,0.9081100225448608,0.4059300124645233
1982,7,12,15,0,0.9136949777603149,11.013299942016602,45,9.012800216674805,7.820300102233887,4404,17.73889923095703,0.8963000178337097,0.40771999955177307
1982,7,12,18,0,0.9140980243682861,11.277700424194336,45,9.250100135803223,8.096699714660645,4349,17.73889923095703,0.8852099776268005,0.4091300070285797
1982,7,12,21,0,0.9138489961624146,11.45199966430664,55,9.184200286865234,7.824399948120117,4319,17.73889923095703,0.8805599808692932,0.41837000846862793
1982,7,13,0,0,0.906624972820282,11.007800102233887,45,8.065199851989746,6.460999965667725,4488,17.73889923095703,0.9213700294494629,0.47231999039649963
1982,7,13,3,0,0.9079070091247559,11.141900062561035,45,8.013699531555176,6.393700122833252,4686,17.73889923095703,0.941860020160675,0.48521000146865845
1982,7,13,6,0,0.9175800085067749,11.685199737548828,55,8.487000465393066,6.755899906158447,4889,19.513200759887695,0.9459699988365173,0.46884000301361084
1982,7,13,9,0,0.9227679967880249,12.043100357055664,55,8.892900466918945,7.135900020599365,5191,19.513200759887695,0.9646000266075134,0.45664000511169434
1982,7,13,12,0,0.9253050088882446,12.29069995880127,55,9.256500244140625,7.54640007019043,5403,19.513200759887695,0.9770600199699402,0.4464400112628937
1982,7,13,15,0,0.9269099831581116,12.44890022277832,55,9.517200469970703,7.888400077819824,5503,19.513200759887695,0.9817399978637695,0.43953999876976013
1982,7,13,18,0,0.9286249876022339,12.575599670410156,55,9.687600135803223,8.120699882507324,5604,19.513200759887695,0.9877499938011169,0.43481001257896423
1982,7,13,21,0,0.9310610294342041,12.706000328063965,55,9.640000343322754,7.848700046539307,5844,19.513200759887695,1.006790041923523,0.4309999942779541
1982,7,14,0,0,0.9327800273895264,12.73330020904541,55,9.346699714660645,7.421500205993652,6300,19.513200759887695,1.0482399463653564,0.43865999579429626
1982,7,14,3,0,0.9287909865379333,12.119500160217285,55,8.593999862670898,6.913599967956543,7164,17.73889923095703,1.1458699703216553,0.48041999340057373
1982,7,14,6,0,0.925233006477356,11.669599533081055,55,8.228699684143066,6.6981000900268555,7996,17.73889923095703,1.2305999994277954,0.5028700232505798
1982,7,14,9,0,0.9210299849510193,11.502300262451172,55,8.15820026397705,6.68120002746582,8396,17.73889923095703,1.2668299674987793,0.5067899823188782
1982,7,14,12,0,0.9172620177268982,11.47920036315918,55,8.203700065612793,6.735400199890137,8355,17.73889923095703,1.2623300552368164,0.5023599863052368
1982,7,14,15,0,0.9135580062866211,11.465900421142578,55,8.259400367736816,6.791999816894531,8170,17.73889923095703,1.2458699941635132,0.49557000398635864
1982,7,14,18,0,0.9140179753303528,11.63700008392334,55,8.382100105285645,6.8358001708984375,7807,17.73889923095703,1.2094199657440186,0.4829300045967102
1982,7,14,21,0,0.9203199744224548,12.113300323486328,55,8.697400093078613,6.955399990081787,7333,17.73889923095703,1.1536699533462524,0.45802000164985657
1982,7,15,0,0,0.924340009689331,12.445699691772461,55,8.909000396728516,7,7125,17.73889923095703,1.1250300407409668,0.4392000138759613
1982,7,15,3,0,0.9178119897842407,12.222900390625,55,8.655799865722656,6.768400192260742,7250,17.73889923095703,1.1429200172424316,0.44870999455451965
1982,7,15,6,0,0.913561999797821,12.15429973602295,55,8.85669994354248,7.059500217437744,7329,17.73889923095703,1.1469199657440186,0.44144999980926514
1982,7,15,9,0,0.9128109812736511,12.174799919128418,55,9.143199920654297,7.433800220489502,7239,16.125999450683594,1.1345000267028809,0.4291299879550934
1982,7,15,12,0,0.9106400012969971,12.157099723815918,55,9.30739974975586,7.656799793243408,6954,16.125999450683594,1.1086299419403076,0.41927000880241394
1982,7,15,15,0,0.909292995929718,12.232799530029297,55,9.566699981689453,7.959499835968018,6550,16.125999450683594,1.069200038909912,0.4035100042819977
1982,7,15,18,0,0.9107739925384521,12.406599998474121,55,9.818599700927734,8.193699836730957,6090,16.125999450683594,1.0238300561904907,0.38931000232696533
1982,7,15,21,0,0.9036110043525696,12.029199600219727,55,9.02810001373291,7.1697001457214355,5999,16.125999450683594,1.0312700271606445,0.4150699973106384
1982,7,16,0,0,0.8919129967689514,11.266300201416016,45,8.178500175476074,6.4953999519348145,6344,16.125999450683594,1.0896799564361572,0.4556500017642975
1982,7,16,3,0,0.893464982509613,11.283900260925293,45,8.26710033416748,6.552299976348877,5920,16.125999450683594,1.0489399433135986,0.4450100064277649
1982,7,16,6,0,0.8944200277328491,11.307900428771973,45,8.521599769592285,6.9028000831604,5240,16.125999450683594,0.9826099872589111,0.4348300099372864
1982,7,16,9,0,0.8973619937896729,11.546500205993652,45,8.918800354003906,7.342299938201904,5127,16.125999450683594,0.961899995803833,0.41541001200675964
1982,7,16,12,0,0.8986039757728577,11.586999893188477,45,9.016900062561035,7.451000213623047,5051,16.125999450683594,0.951960027217865,0.40681999921798706
1982,7,16,15,0,0.89894700050354,11.552499771118164,45,9.053500175476074,7.517000198364258,5097,16.125999450683594,0.955839991569519,0.40347999334335327
1982,7,16,18,0,0.8993470072746277,11.618200302124023,45,9.197199821472168,7.690400123596191,5186,16.125999450683594,0.960889995098114,0.39772000908851624
1982,7,16,21,0,0.8981950283050537,11.60569953918457,45,9.023699760437012,7.395199775695801,5151,17.73889923095703,0.9595699906349182,0.40397000312805176
1982,7,17,0,0,0.8896250128746033,10.862600326538086,45,7.907700061798096,6.274199962615967,5215,17.73889923095703,0.9967100024223328,0.45379000902175903
1982,7,17,3,0,0.887686014175415,10.555899620056152,45,7.771699905395508,6.258999824523926,5009,17.73889923095703,0.9859499931335449,0.45989999175071716
1982,7,17,6,0,0.8915809988975525,10.91819953918457,45,8.39490032196045,6.925000190734863,4477,17.73889923095703,0.9149799942970276,0.4280700087547302
1982,7,17,9,0,0.8948779702186584,11.180000305175781,45,8.89430046081543,7.5100998878479,4139,17.73889923095703,0.8679500222206116,0.4018700122833252
1982,7,17,12,0,0.8975039720535278,11.337699890136719,45,9.230799674987793,7.959099769592285,4067,16.125999450683594,0.853600025177002,0.38440001010894775
1982,7,17,15,0,0.8991919755935669,11.49940013885498,45,9.425700187683105,8.16569995880127,4124,16.125999450683594,0.8545899987220764,0.37446001172065735
1982,7,17,18,0,0.9020749926567078,11.625100135803223,55,9.507100105285645,8.177499771118164,4187,16.125999450683594,0.85794997215271,0.369269996881485
1982,7,17,21,0,0.9033480286598206,11.637999534606934,55,9.292200088500977,7.714399814605713,4191,16.125999450683594,0.8593199849128723,0.37334001064300537
1982,7,18,0,0,0.8942779898643494,11.06190013885498,55,8.205100059509277,6.493299961090088,4292,16.125999450683594,0.892490029335022,0.41888999938964844
1982,7,18,3,0,0.8928229808807373,11.017000198364258,45,8.27649974822998,6.627500057220459,4311,16.125999450683594,0.8948100209236145,0.41677001118659973
1982,7,18,6,0,0.8978769779205322,11.282500267028809,55,8.68529987335205,7.037199974060059,4061,16.125999450683594,0.858489990234375,0.39691001176834106
1982,7,18,9,0,0.9015229940414429,11.432700157165527,55,8.965999603271484,7.342299938201904,3776,16.125999450683594,0.8218200206756592,0.381850004196167
1982,7,18,12,0,0.9048709869384766,11.542499542236328,55,9.20479965209961,7.621300220489502,3546,16.125999450683594,0.7918000221252441,0.36796000599861145
1982,7,18,15,0,0.9072589874267578,11.570899963378906,55,9.315199851989746,7.7546000480651855,3391,16.125999450683594,0.7720800042152405,0.35839998722076416
1982,7,18,18,0,0.9068379998207092,11.428999900817871,55,9.14739990234375,7.546199798583984,3316,14.659700393676758,0.7661399841308594,0.3590799868106842
1982,7,18,21,0,0.9011170268058777,11.073599815368652,55,8.757399559020996,7.127200126647949,3420,14.659700393676758,0.7858800292015076,0.3671700060367584
1982,7,19,0,0,0.8920230269432068,10.349900245666504,45,8.166000366210938,6.669000148773193,4018,14.659700393676758,0.8710200190544128,0.3815799951553345
1982,7,19,3,0,0.8919810056686401,10.152700424194336,45,8.407400131225586,7.129499912261963,4693,14.659700393676758,0.9409999847412109,0.35690000653266907
1982,7,19,6,0,0.8953149914741516,10.366800308227539,45,8.935500144958496,7.846799850463867,4857,14.659700393676758,0.944599986076355,0.32705000042915344
1982,7,19,9,0,0.8980339765548706,10.610099792480469,45,9.313899993896484,8.321800231933594,4812,14.659700393676758,0.9300199747085571,0.3088400065898895
1982,7,19,12,0,0.8991190195083618,10.727299690246582,45,9.437399864196777,8.411100387573242,4822,14.659700393676758,0.9266300201416016,0.3006399869918823
1982,7,19,15,0,0.8999840021133423,10.803299903869629,45,9.539400100708008,8.509300231933594,4824,14.659700393676758,0.9236299991607666,0.2927500009536743
1982,7,19,18,0,0.9011499881744385,10.866000175476074,45,9.680800437927246,8.718600273132324,4792,14.659700393676758,0.9173799753189087,0.2831900119781494
1982,7,19,21,0,0.9004719853401184,10.7608003616333,45,9.473899841308594,8.358200073242188,4739,14.659700393676758,0.9155899882316589,0.28648999333381653
1982,7,20,0,0,0.8965349793434143,10.392499923706055,45,8.86520004272461,7.562399864196777,4753,14.659700393676758,0.9307699799537659,0.30783000588417053
1982,7,20,3,0,0.8958560228347778,10.284799575805664,45,8.84570026397705,7.6244001388549805,4687,14.659700393676758,0.926580011844635,0.3042699992656708
1982,7,20,6,0,0.8975399732589722,10.34060001373291,45,9.099599838256836,8.0423002243042,4569,13.326800346374512,0.9103900194168091,0.2886100113391876
1982,7,20,9,0,0.8997160196304321,10.417099952697754,45,9.314900398254395,8.385199546813965,4529,13.326800346374512,0.9018399715423584,0.2752299904823303
1982,7,20,12,0,0.9017810225486755,10.487700462341309,45,9.482399940490723,8.649700164794922,4630,13.326800346374512,0.9081199765205383,0.26447001099586487
1982,7,20,15,0,0.9034820199012756,10.559499740600586,45,9.628199577331543,8.884099960327148,4833,13.326800346374512,0.924560010433197,0.2563300132751465
1982,7,20,18,0,0.9045860171318054,10.609000205993652,45,9.727399826049805,9.051300048828125,5027,13.326800346374512,0.9406700134277344,0.2508299946784973
1982,7,20,21,0,0.9051219820976257,10.611900329589844,45,9.687600135803223,8.899499893188477,5153,13.326800346374512,0.9521499872207642,0.24936999380588531
1982,7,21,0,0,0.904420018196106,10.499600410461426,45,9.333000183105469,8.215100288391113,5203,13.326800346374512,0.9617599844932556,0.26137998700141907
1982,7,21,3,0,0.9033849835395813,10.367799758911133,45,9.020999908447266,7.735899925231934,5175,13.326800346374512,0.9652100205421448,0.2737700045108795
1982,7,21,6,0,0.904121994972229,10.387399673461914,45,9.128999710083008,7.921999931335449,5051,13.326800346374512,0.9520599842071533,0.2685900032520294
1982,7,21,9,0,0.9049890041351318,10.434000015258789,45,9.3233003616333,8.274499893188477,4879,13.326800346374512,0.9329599738121033,0.26072999835014343
1982,7,21,12,0,0.9053019881248474,10.435199737548828,45,9.416600227355957,8.496899604797363,4697,11.013500213623047,0.9147899746894836,0.25878000259399414
1982,7,21,15,0,0.9046239852905273,10.364500045776367,45,9.344900131225586,8.464799880981445,4505,12.114999771118164,0.8988100290298462,0.2658100128173828
1982,7,21,18,0,0.9017109870910645,10.190899848937988,45,9.043499946594238,8.060799598693848,4303,12.114999771118164,0.8860899806022644,0.28376999497413635
1982,7,21,21,0,0.8966360092163086,9.957200050354004,45,8.612199783325195,7.447700023651123,4128,12.114999771118164,0.8780699968338013,0.30515000224113464
1982,7,22,0,0,0.8895289897918701,9.624300003051758,45,7.8993000984191895,6.502099990844727,3946,12.114999771118164,0.8743199706077576,0.3390899896621704
1982,7,22,3,0,0.8849369883537292,9.423299789428711,45,7.685999870300293,6.330399990081787,3842,12.114999771118164,0.8712499737739563,0.3512600064277649
1982,7,22,6,0,0.8883450031280518,9.714900016784668,45,8.16189956665039,6.875,3485,12.114999771118164,0.8175100088119507,0.3332900106906891
1982,7,22,9,0,0.8920480012893677,10.022600173950195,45,8.589300155639648,7.353899955749512,3112,12.114999771118164,0.7623800039291382,0.32117998600006104
1982,7,22,12,0,0.8927919864654541,10.103500366210938,45,8.74209976196289,7.579100131988525,2955,12.114999771118164,0.7407799959182739,0.3206300139427185
1982,7,22,15,0,0.892304003238678,10.11870002746582,45,8.803099632263184,7.689499855041504,2887,12.114999771118164,0.7319899797439575,0.32238999009132385
1982,7,22,18,0,0.889270007610321,10.143600463867188,45,8.67490005493164,7.420000076293945,2724,11.013500213623047,0.7118899822235107,0.3340199887752533
1982,7,22,21,0,0.8750759959220886,9.559200286865234,45,7.630899906158447,6.190700054168701,2847,11.013500213623047,0.750220000743866,0.3834100067615509
1982,7,23,0,0,0.8732650279998779,9.06149959564209,35,7.145100116729736,5.798600196838379,3416,9.101699829101562,0.8405500054359436,0.39976999163627625
1982,7,23,3,0,0.8783329725265503,9.367799758911133,35,7.584400177001953,6.237400054931641,3454,10.01200008392334,0.8306999802589417,0.38001999258995056
1982,7,23,6,0,0.8769440054893494,9.687000274658203,35,7.918499946594238,6.606200218200684,3030,10.01200008392334,0.7692000269889832,0.3851200044155121
1982,7,23,9,0,0.8764550089836121,10.007499694824219,35,8.278800010681152,7.025899887084961,2743,10.01200008392334,0.7240800261497498,0.39054998755455017
1982,7,23,12,0,0.8767030239105225,10.170900344848633,45,8.346400260925293,7.0721001625061035,2564,9.101699829101562,0.6983799934387207,0.4062100052833557
1982,7,23,15,0,0.8767619729042053,10.206199645996094,45,8.378999710083008,7.131700038909912,2470,9.101699829101562,0.6856300234794617,0.4127799868583679
1982,7,23,18,0,0.8780679702758789,10.27929973602295,45,8.514300346374512,7.324900150299072,2326,9.101699829101562,0.6632599830627441,0.40884000062942505
1982,7,23,21,0,0.8690410256385803,9.621999740600586,35,7.205699920654297,5.7322001457214355,2349,9.101699829101562,0.6909599900245667,0.4617300033569336
1982,7,24,0,0,0.8717550039291382,9.34000015258789,35,6.982999801635742,5.631199836730957,2819,9.101699829101562,0.7677800059318542,0.47795000672340393
1982,7,24,3,0,0.87739497423172,9.935700416564941,35,7.597700119018555,6.223100185394287,3187,9.101699829101562,0.7970799803733826,0.46726998686790466
1982,7,24,6,0,0.885532021522522,10.736800193786621,45,8.48009967803955,7.125999927520752,3395,17.73889923095703,0.7990400195121765,0.4471299946308136
1982,7,24,9,0,0.8905590176582336,11.078700065612793,45,8.997599601745605,7.783100128173828,3554,19.513200759887695,0.8066200017929077,0.4313200116157532
1982,7,24,12,0,0.8905979990959167,10.93239974975586,45,9.030099868774414,7.960999965667725,3547,19.513200759887695,0.8070099949836731,0.423799991607666
1982,7,24,15,0,0.8879759907722473,10.647199630737305,45,8.732799530029297,7.63700008392334,3264,17.73889923095703,0.7812600135803223,0.42805999517440796
1982,7,24,18,0,0.8871740102767944,10.583700180053711,45,8.553500175476074,7.374599933624268,3061,17.73889923095703,0.7597900032997131,0.4352400004863739
1982,7,24,21,0,0.8914999961853027,11.025300025939941,45,8.617500305175781,7.1809000968933105,3042,17.73889923095703,0.7508100271224976,0.44102001190185547
1982,7,25,0,0,0.8951719999313354,11.346099853515625,45,8.331000328063965,6.600599765777588,3317,17.73889923095703,0.7831900119781494,0.4554100036621094
1982,7,25,3,0,0.8999900221824646,11.701499938964844,45,8.472299575805664,6.634500026702881,3611,17.73889923095703,0.810699999332428,0.4488399922847748
1982,7,25,6,0,0.903406023979187,11.911100387573242,45,8.696000099182129,6.828100204467773,3755,17.73889923095703,0.8210399746894836,0.4376800060272217
1982,7,25,9,0,0.9048219919204712,11.933099746704102,45,8.920700073242188,7.106599807739258,3789,17.73889923095703,0.8214200139045715,0.4262300133705139
1982,7,25,12,0,0.9045450091362,11.798800468444824,45,9.099300384521484,7.436800003051758,3805,17.73889923095703,0.8225299715995789,0.4168800115585327
1982,7,25,15,0,0.9042099714279175,11.698200225830078,45,9.243599891662598,7.743500232696533,3853,16.125999450683594,0.8273199796676636,0.4092400074005127
1982,7,25,18,0,0.9050040245056152,11.76609992980957,45,9.42140007019043,8.002300262451172,3935,16.125999450683594,0.833079993724823,0.39987000823020935
1982,7,25,21,0,0.9069210290908813,11.988100051879883,45,9.670700073242188,8.24269962310791,4058,16.125999450683594,0.839900016784668,0.38639000058174133
1982,7,26,0,0,0.9101729989051819,12.157099723815918,55,9.642800331115723,7.955399990081787,4197,16.125999450683594,0.8506199717521667,0.379040002822876
1982,7,26,3,0,0.911325991153717,12.126799583435059,55,9.32759952545166,7.451399803161621,4302,16.125999450683594,0.8639500141143799,0.3855299949645996
1982,7,26,6,0,0.9122639894485474,12.11139965057373,55,9.209199905395508,7.283899784088135,4299,16.125999450683594,0.8648599982261658,0.3880000114440918
1982,7,26,9,0,0.9145190119743347,12.240799903869629,55,9.443599700927734,7.519100189208984,4204,16.125999450683594,0.8505300283432007,0.37672001123428345
1982,7,26,12,0,0.9155600070953369,12.328200340270996,55,9.724699974060059,7.859799861907959,4119,16.125999450683594,0.8373900055885315,0.3636400103569031
1982,7,26,15,0,0.9155970215797424,12.332799911499023,55,9.907699584960938,8.12720012664795,4080,16.125999450683594,0.8311100006103516,0.35322999954223633
1982,7,26,18,0,0.9160820245742798,12.323200225830078,55,10.02910041809082,8.31089973449707,4073,16.125999450683594,0.8287500143051147,0.3439500033855438
1982,7,26,21,0,0.9167389869689941,12.293499946594238,55,9.982000350952148,8.183300018310547,4074,16.125999450683594,0.8287400007247925,0.33935999870300293
1982,7,27,0,0,0.9167460203170776,12.18220043182373,55,9.648599624633789,7.684899806976318,4068,16.125999450683594,0.83160001039505,0.3465999960899353
1982,7,27,3,0,0.9181190133094788,12.23390007019043,55,9.782500267028809,7.869800090789795,4011,16.125999450683594,0.8239499926567078,0.3418000042438507
1982,7,27,6,0,0.9194830060005188,12.32979965209961,55,10.050800323486328,8.23550033569336,3922,16.125999450683594,0.8112900257110596,0.33215999603271484
1982,7,27,9,0,0.9200649857521057,12.386199951171875,55,10.293299674987793,8.634200096130371,3820,16.125999450683594,0.7980599999427795,0.32354000210762024
1982,7,27,12,0,0.9202420115470886,12.396100044250488,55,10.443400382995605,8.940199851989746,3700,16.125999450683594,0.7842299938201904,0.31777000427246094
1982,7,27,15,0,0.9204639792442322,12.377799987792969,55,10.502699851989746,9.101799964904785,3547,16.125999450683594,0.7675300240516663,0.3148300051689148
1982,7,27,18,0,0.9208300113677979,12.34570026397705,55,10.505900382995605,9.159099578857422,3365,14.659700393676758,0.7477800250053406,0.3139300048351288
1982,7,27,21,0,0.9210799932479858,12.294099807739258,55,10.423299789428711,9.012700080871582,3182,14.659700393676758,0.7281299829483032,0.31481000781059265
1982,7,28,0,0,0.9185429811477661,11.875,55,9.141200065612793,7.026700019836426,3049,14.659700393676758,0.7247400283813477,0.34891998767852783
1982,7,28,3,0,0.9142090082168579,11.480199813842773,55,8.54419994354248,6.582499980926514,2952,14.659700393676758,0.7245100140571594,0.3789899945259094
1982,7,28,6,0,0.914277970790863,11.425800323486328,55,8.559300422668457,6.607699871063232,2818,14.659700393676758,0.7082599997520447,0.37556999921798706
1982,7,28,9,0,0.9163749814033508,11.519200325012207,55,8.811800003051758,6.853799819946289,2667,14.659700393676758,0.6850000023841858,0.36041998863220215
1982,7,28,12,0,0.9181979894638062,11.621700286865234,55,9.080100059509277,7.156899929046631,2552,14.659700393676758,0.6665499806404114,0.3478100001811981
1982,7,28,15,0,0.919389009475708,11.689800262451172,55,9.226099967956543,7.348199844360352,2481,14.659700393676758,0.6556699872016907,0.3435400128364563
1982,7,28,18,0,0.9200959801673889,11.698699951171875,55,9.18529987335205,7.3105998039245605,2424,14.659700393676758,0.6486899852752686,0.3477100133895874
1982,7,28,21,0,0.9142950177192688,11.149299621582031,55,8.021499633789062,6.10890007019043,2381,14.659700393676758,0.6593700051307678,0.3983500003814697
1982,7,29,0,0,0.8985249996185303,10.041000366210938,55,6.674900054931641,5.124800205230713,2380,14.659700393676758,0.6948599815368652,0.4812000095844269
1982,7,29,3,0,0.8880339860916138,9.618000030517578,55,6.43179988861084,5.031000137329102,2286,14.659700393676758,0.694890022277832,0.5035799741744995
1982,7,29,6,0,0.8858060240745544,9.694000244140625,45,6.674799919128418,5.264599800109863,2097,13.326800346374512,0.6613699793815613,0.4889200031757355
1982,7,29,9,0,0.8854280114173889,9.899100303649902,45,7.001399993896484,5.533299922943115,1889,13.326800346374512,0.6196500062942505,0.46643000841140747
1982,7,29,12,0,0.8877990245819092,10.162400245666504,55,7.375,5.835100173950195,1701,13.326800346374512,0.5792800188064575,0.44214001297950745
1982,7,29,15,0,0.8909279704093933,10.366399765014648,55,7.613800048828125,6.009399890899658,1559,13.326800346374512,0.5490900278091431,0.426939994096756
1982,7,29,18,0,0.893140971660614,10.518600463867188,55,7.761600017547607,6.098999977111816,1482,13.326800346374512,0.5318700075149536,0.4174000024795532
1982,7,29,21,0,0.8857390284538269,10.23330020904541,55,7.248000144958496,5.595399856567383,1479,13.326800346374512,0.5390999913215637,0.4412800073623657
1982,7,30,0,0,0.8742380142211914,9.679699897766113,45,6.7108001708984375,5.221499919891357,1544,14.659700393676758,0.5659199953079224,0.4758700132369995
1982,7,30,3,0,0.8720840215682983,9.626999855041504,45,6.751699924468994,5.301499843597412,1553,14.659700393676758,0.5686399936676025,0.47780999541282654
1982,7,30,6,0,0.8774240016937256,10.009400367736816,45,7.107699871063232,5.57450008392334,1431,14.659700393676758,0.5366799831390381,0.46178001165390015
1982,7,30,9,0,0.8831080198287964,10.309200286865234,55,7.364099979400635,5.76800012588501,1290,14.659700393676758,0.5034700036048889,0.45092999935150146
1982,7,30,12,0,0.884253978729248,10.264399528503418,55,7.326399803161621,5.76170015335083,1196,14.659700393676758,0.48587000370025635,0.4552600085735321
1982,7,30,15,0,0.8794360160827637,9.954099655151367,45,7.024899959564209,5.553899765014648,1159,14.659700393676758,0.48539999127388,0.47453001141548157
1982,7,30,18,0,0.8776990175247192,9.870200157165527,45,6.932799816131592,5.493899822235107,1160,14.659700393676758,0.48833999037742615,0.4836899936199188
1982,7,30,21,0,0.8782610297203064,9.98639965057373,45,6.9359002113342285,5.457600116729736,1192,13.326800346374512,0.49369001388549805,0.48697999119758606
1982,7,31,0,0,0.8738639950752258,9.704500198364258,45,6.458399772644043,5.022500038146973,1244,17.73889923095703,0.5131499767303467,0.5161700248718262
1982,7,31,3,0,0.8727840185165405,9.552499771118164,45,6.309899806976318,4.920100212097168,1246,17.73889923095703,0.517549991607666,0.5260300040245056
1982,7,31,6,0,0.879984974861145,9.90880012512207,45,6.670599937438965,5.178800106048584,1180,17.73889923095703,0.4937500059604645,0.4977000057697296
1982,7,31,9,0,0.8861550092697144,10.255900382995605,45,7.058899879455566,5.45959997177124,1143,12.114999771118164,0.4768500030040741,0.4680199921131134
1982,7,31,12,0,0.8920339941978455,10.60890007019043,45,7.4359002113342285,5.734399795532227,1173,16.125999450683594,0.47512999176979065,0.44411998987197876
1982,7,31,15,0,0.8973559737205505,10.995800018310547,45,7.782700061798096,5.9654998779296875,1287,16.125999450683594,0.49042999744415283,0.4262799918651581
1982,7,31,18,0,0.9027810096740723,11.333200454711914,55,8.035400390625,6.099599838256836,1447,16.125999450683594,0.514240026473999,0.41391000151634216
1982,7,31,21,0,0.9051550030708313,11.430100440979004,55,8.035200119018555,6.039100170135498,1544,16.125999450683594,0.5297200083732605,0.41211000084877014
1982,8,1,0,0,0.8950049877166748,10.666099548339844,45,6.982999801635742,5.201000213623047,1562,16.125999450683594,0.5506399869918823,0.46424999833106995
1982,8,1,3,0,0.8862590193748474,9.832599639892578,45,6.368500232696533,4.8649001121521,1509,16.125999450683594,0.5605499744415283,0.5065199732780457
1982,8,1,6,0,0.8889020085334778,9.844200134277344,45,6.563700199127197,5.045499801635742,1393,16.125999450683594,0.5353900194168091,0.4887300133705139
1982,8,1,9,0,0.8943970203399658,10.143799781799316,45,6.962399959564209,5.3404998779296875,1380,14.659700393676758,0.5233399868011475,0.45754000544548035
1982,8,1,12,0,0.8994519710540771,10.533699989318848,45,7.390200138092041,5.650400161743164,1517,14.659700393676758,0.539139986038208,0.4312100112438202
1982,8,1,15,0,0.906810998916626,11.063599586486816,55,7.94350004196167,6.038899898529053,1723,14.659700393676758,0.5624600052833557,0.4027999937534332
1982,8,1,18,0,0.9162750244140625,11.620499610900879,55,8.594400405883789,6.516200065612793,1872,14.659700393676758,0.574180006980896,0.372189998626709
1982,8,1,21,0,0.9218249917030334,11.98639965057373,55,9.106200218200684,6.930500030517578,1939,14.659700393676758,0.5765100121498108,0.3495999872684479
1982,8,2,0,0,0.9239479899406433,12.17870044708252,55,9.47189998626709,7.263599872589111,1956,14.659700393676758,0.5744199752807617,0.33296999335289
1982,8,2,3,0,0.9210249781608582,12.061599731445312,55,9.332799911499023,7.142199993133545,1921,14.659700393676758,0.5712100267410278,0.33956000208854675
1982,8,2,6,0,0.915473997592926,11.630000114440918,55,8.879799842834473,6.909200191497803,1914,14.659700393676758,0.5790299773216248,0.36834999918937683
1982,8,2,9,0,0.9143040180206299,11.12559986114502,45,8.407299995422363,6.672599792480469,1995,13.326800346374512,0.6025199890136719,0.3987799882888794
1982,8,2,12,0,0.9162989854812622,10.914600372314453,45,8.279999732971191,6.682300090789795,2162,13.326800346374512,0.632420003414154,0.4104999899864197
1982,8,2,15,0,0.9161890149116516,11.04640007019043,45,8.520299911499023,6.9629998207092285,2418,13.326800346374512,0.6649699807167053,0.4025900065898895
1982,8,2,18,0,0.9155139923095703,11.318099975585938,45,8.904999732971191,7.368500232696533,2742,13.326800346374512,0.7006400227546692,0.3887900114059448
1982,8,2,21,0,0.9152439832687378,11.538999557495117,45,9.170499801635742,7.62060022354126,3028,13.326800346374512,0.7306600213050842,0.3790700137615204
1982,8,3,0,0,0.9127730131149292,11.300800323486328,45,8.633700370788574,6.936200141906738,3239,13.326800346374512,0.7640799880027771,0.3994100093841553
1982,8,3,3,0,0.910660982131958,10.791199684143066,45,8.02869987487793,6.446700096130371,3416,13.326800346374512,0.8020200133323669,0.4325000047683716
1982,8,3,6,0,0.9117349982261658,10.53320026397705,45,7.84630012512207,6.380499839782715,3537,13.326800346374512,0.8256400227546692,0.44874998927116394
1982,8,3,9,0,0.9134380221366882,10.57800006866455,45,7.928999900817871,6.50600004196167,3622,13.326800346374512,0.8352699875831604,0.45173001289367676
1982,8,3,12,0,0.914671003818512,10.765899658203125,45,8.122599601745605,6.697800159454346,3732,14.659700393676758,0.8427500128746033,0.44663000106811523
1982,8,3,15,0,0.9145029783248901,10.872300148010254,45,8.274900436401367,6.868100166320801,3864,14.659700393676758,0.8540300130844116,0.4409399926662445
1982,8,3,18,0,0.9135130047798157,10.857999801635742,45,8.333900451660156,6.964000225067139,3960,14.659700393676758,0.8640300035476685,0.438289999961853
1982,8,3,21,0,0.9127349853515625,10.839900016784668,45,8.291099548339844,6.8566999435424805,4071,14.659700393676758,0.8762800097465515,0.4382300078868866
1982,8,4,0,0,0.9117580056190491,10.7947998046875,45,8.111300468444824,6.6020002365112305,4252,14.659700393676758,0.8980699777603149,0.44589999318122864
1982,8,4,3,0,0.9133509993553162,11.045100212097168,45,8.456700325012207,6.966300010681152,4392,14.659700393676758,0.9037200212478638,0.4335399866104126
1982,8,4,6,0,0.9145699739456177,11.300700187683105,45,8.802300453186035,7.334799766540527,4464,14.659700393676758,0.9021300077438354,0.42069000005722046
1982,8,4,9,0,0.9152100086212158,11.484700202941895,45,9.042900085449219,7.593699932098389,4441,14.659700393676758,0.8936300277709961,0.41124001145362854
1982,8,4,12,0,0.9156280159950256,11.634300231933594,45,9.209199905395508,7.7505998611450195,4361,14.659700393676758,0.8807799816131592,0.4034099876880646
1982,8,4,15,0,0.9171770215034485,11.786499977111816,55,9.354700088500977,7.859099864959717,4271,14.659700393676758,0.8671799898147583,0.3948799967765808
1982,8,4,18,0,0.919094979763031,11.952400207519531,55,9.501799583435059,7.954599857330322,4185,14.659700393676758,0.8539599776268005,0.3864299952983856
1982,8,4,21,0,0.9210479855537415,12.128800392150879,55,9.61240005493164,7.968699932098389,4102,14.659700393676758,0.8415899872779846,0.381989985704422
1982,8,5,0,0,0.9232439994812012,12.324000358581543,55,9.697699546813965,7.939199924468994,4051,14.659700393676758,0.8330699801445007,0.3829300105571747
1982,8,5,3,0,0.9256809949874878,12.566100120544434,55,9.927200317382812,8.198699951171875,4079,14.659700393676758,0.8316299915313721,0.3836599886417389
1982,8,5,6,0,0.927524983882904,12.726499557495117,55,10.063199996948242,8.31190013885498,4176,14.659700393676758,0.8386499881744385,0.38304001092910767
1982,8,5,9,0,0.9282209873199463,12.746899604797363,55,10.11460018157959,8.36929988861084,4274,14.659700393676758,0.8476499915122986,0.3806299865245819
1982,8,5,12,0,0.9277169704437256,12.623600006103516,55,10.05109977722168,8.350899696350098,4300,14.659700393676758,0.8520799875259399,0.3797900080680847
1982,8,5,15,0,0.9263780117034912,12.425999641418457,55,9.893500328063965,8.257599830627441,4237,14.659700393676758,0.8499299883842468,0.3838300108909607
1982,8,5,18,0,0.923829972743988,12.201299667358398,55,9.66409969329834,8.105899810791016,4165,13.326800346374512,0.8488399982452393,0.3961299955844879
1982,8,5,21,0,0.9197419881820679,11.946900367736816,55,9.30739974975586,7.768199920654297,4204,13.326800346374512,0.8620799779891968,0.4178299903869629
1982,8,6,0,0,0.9173269867897034,11.789999961853027,55,8.918999671936035,7.275300025939941,4339,13.326800346374512,0.8839799761772156,0.43869999051094055
1982,8,6,3,0,0.9161689877510071,11.779399871826172,55,8.92140007019043,7.38730001449585,4555,17.73889923095703,0.9075800180435181,0.4458700120449066
1982,8,6,6,0,0.9119979739189148,11.463600158691406,45,8.838399887084961,7.458799839019775,5119,17.73889923095703,0.9683499932289124,0.44736000895500183
1982,8,6,9,0,0.911387026309967,10.952500343322754,45,8.765999794006348,7.615699768066406,6216,17.73889923095703,1.0755000114440918,0.43577998876571655
1982,8,6,12,0,0.9142680168151855,10.692000389099121,45,8.872099876403809,7.891900062561035,7649,17.73889923095703,1.192229986190796,0.4094499945640564
1982,8,6,15,0,0.9177640080451965,10.70110034942627,45,9.090800285339355,8.203700065612793,8960,17.73889923095703,1.2818000316619873,0.38593000173568726
1982,8,6,18,0,0.9198489785194397,10.808099746704102,45,9.282299995422363,8.444700241088867,9694,11.013500213623047,1.3253099918365479,0.3761500120162964
1982,8,6,21,0,0.9204229712486267,10.88379955291748,45,9.296500205993652,8.3996000289917,9920,11.013500213623047,1.3385800123214722,0.3808799982070923
1982,8,7,0,0,0.9156150221824646,10.365900039672852,45,8.289199829101562,7.099999904632568,10328,10.01200008392334,1.40447998046875,0.43220001459121704
1982,8,7,3,0,0.913902997970581,10.32800006866455,45,8.309100151062012,7.215400218963623,10646,10.01200008392334,1.4311800003051758,0.44207000732421875
1982,8,7,6,0,0.9146929979324341,10.727999687194824,45,8.743399620056152,7.662899971008301,10327,10.01200008392334,1.388700008392334,0.4342600107192993
1982,8,7,9,0,0.9151250123977661,11.046099662780762,45,9.047599792480469,7.987299919128418,9873,10.01200008392334,1.3449599742889404,0.43547001481056213
1982,8,7,12,0,0.9146040081977844,11.260000228881836,45,9.16819953918457,8.098199844360352,9321,10.01200008392334,1.3021399974822998,0.4445199966430664
1982,8,7,15,0,0.9135119915008545,11.455499649047852,45,9.193099975585938,8.048299789428711,8744,19.513200759887695,1.2591500282287598,0.4540199935436249
1982,8,7,18,0,0.9122620224952698,11.775300025939941,45,9.284700393676758,8.020899772644043,8281,21.46489906311035,1.219980001449585,0.46015000343322754
1982,8,7,21,0,0.9102749824523926,12.196499824523926,45,9.324600219726562,7.832300186157227,8119,21.46489906311035,1.2022299766540527,0.46821001172065735
1982,8,8,0,0,0.9106569886207581,12.64579963684082,55,9.399399757385254,7.700099945068359,8183,21.46489906311035,1.2003400325775146,0.4713200032711029
1982,8,8,3,0,0.9130880236625671,12.949399948120117,55,9.490900039672852,7.662099838256836,8032,21.46489906311035,1.1835299730300903,0.4664199948310852
1982,8,8,6,0,0.9141820073127747,13.01159954071045,55,9.530099868774414,7.655300140380859,7639,21.46489906311035,1.1515899896621704,0.45778000354766846
1982,8,8,9,0,0.9139940142631531,12.898300170898438,55,9.472000122070312,7.605000019073486,7314,17.73889923095703,1.127810001373291,0.4511899948120117
1982,8,8,12,0,0.9139639735221863,12.853599548339844,55,9.499600410461426,7.648099899291992,7419,19.513200759887695,1.135040044784546,0.4443100094795227
1982,8,8,15,0,0.9160770177841187,13.042099952697754,55,9.728099822998047,7.8404998779296875,7842,19.513200759887695,1.1596800088882446,0.43226000666618347
1982,8,8,18,0,0.9188899993896484,13.257399559020996,55,10.008500099182129,8.072699546813965,8291,19.513200759887695,1.1834800243377686,0.4180000126361847
1982,8,8,21,0,0.9193170070648193,13.182700157165527,55,10.064599990844727,8.133299827575684,8598,19.513200759887695,1.2030500173568726,0.4090000092983246
1982,8,9,0,0,0.9165670275688171,12.754300117492676,55,9.84630012512207,8.003000259399414,8737,19.513200759887695,1.2193399667739868,0.40577998757362366
1982,8,9,3,0,0.9134010076522827,12.298500061035156,55,9.638699531555176,7.897200107574463,8901,19.513200759887695,1.2377699613571167,0.3975600004196167
1982,8,9,6,0,0.9111409783363342,12.040900230407715,55,9.607600212097168,7.9695000648498535,9258,17.73889923095703,1.2652699947357178,0.38600000739097595
1982,8,9,9,0,0.9119399785995483,12.121299743652344,55,9.896699905395508,8.3503999710083,9645,17.73889923095703,1.2841299772262573,0.36910000443458557
1982,8,9,12,0,0.9139159917831421,12.298100471496582,55,10.182000160217285,8.678500175476074,9905,17.73889923095703,1.2931100130081177,0.3571000099182129
1982,8,9,15,0,0.9145060181617737,12.35260009765625,55,10.219499588012695,8.675800323486328,9913,17.73889923095703,1.2917799949645996,0.3550499975681305
1982,8,9,18,0,0.9148250222206116,12.34119987487793,55,10.276599884033203,8.790599822998047,9535,17.73889923095703,1.2660499811172485,0.35267001390457153
1982,8,9,21,0,0.9142789840698242,12.236300468444824,55,10.315799713134766,8.973099708557129,8810,17.73889923095703,1.217960000038147,0.3498600125312805
1982,8,10,0,0,0.9129989743232727,12.038100242614746,55,10.14169979095459,8.755399703979492,8041,17.73889923095703,1.1682900190353394,0.3507100045681
1982,8,10,3,0,0.9121779799461365,11.867300033569336,55,10.020500183105469,8.6983003616333,7401,16.125999450683594,1.1248500347137451,0.35131001472473145
1982,8,10,6,0,0.9123619794845581,11.804100036621094,55,10.073200225830078,8.897700309753418,6881,16.125999450683594,1.0851900577545166,0.3464600145816803
1982,8,10,9,0,0.912634015083313,11.784799575805664,55,10.108499526977539,9.011199951171875,6505,16.125999450683594,1.055340051651001,0.3432900011539459
1982,8,10,12,0,0.9125850200653076,11.748600006103516,55,10.033499717712402,8.965900421142578,6257,16.125999450683594,1.0378600358963013,0.3495100140571594
1982,8,10,15,0,0.91109699010849,11.532099723815918,55,9.600199699401855,8.497300148010254,6055,16.125999450683594,1.0331799983978271,0.3763999938964844
1982,8,10,18,0,0.9090210199356079,11.297599792480469,55,9.131099700927734,7.942299842834473,5639,16.125999450683594,1.009559988975525,0.4031600058078766
1982,8,10,21,0,0.9078050255775452,11.11970043182373,55,8.68120002746582,7.205399990081787,5025,16.125999450683594,0.9611899852752686,0.4177600145339966
1982,8,11,0,0,0.9027079939842224,9.705900192260742,55,6.338900089263916,4.867800235748291,4691,16.125999450683594,0.9935100078582764,0.5228899717330933
1982,8,11,3,0,0.897475004196167,8.191499710083008,45,5.809500217437744,4.810699939727783,5761,16.125999450683594,1.1834499835968018,0.5612800121307373
1982,8,11,6,0,0.9031220078468323,8.70259952545166,45,6.652100086212158,5.660999774932861,6015,14.659700393676758,1.1606299877166748,0.4936000108718872
1982,8,11,9,0,0.906699001789093,9.165599822998047,45,7.3171000480651855,6.325500011444092,6165,14.659700393676758,1.1378300189971924,0.4447399973869324
1982,8,11,12,0,0.9079170227050781,9.241399765014648,45,7.650700092315674,6.7870001792907715,6730,14.659700393676758,1.177780032157898,0.41738998889923096
1982,8,11,15,0,0.9076160192489624,9.138699531555176,45,7.639500141143799,6.85699987411499,6962,14.659700393676758,1.2023299932479858,0.41409000754356384
1982,8,11,18,0,0.9083989858627319,9.200900077819824,45,7.728400230407715,6.960299968719482,6692,14.659700393676758,1.1745400428771973,0.4096600115299225
1982,8,11,21,0,0.9091590046882629,9.225299835205078,45,7.786600112915039,7.003499984741211,6507,9.101699829101562,1.1550699472427368,0.40316998958587646
1982,8,12,0,0,0.9102789759635925,9.206500053405762,45,7.80079984664917,6.969099998474121,6681,9.101699829101562,1.1678199768066406,0.39236000180244446
1982,8,12,3,0,0.9120460152626038,9.289899826049805,45,8.026200294494629,7.315000057220459,6967,9.101699829101562,1.1837400197982788,0.376120001077652
1982,8,12,6,0,0.9127050042152405,9.366499900817871,45,8.160099983215332,7.4984002113342285,6971,9.101699829101562,1.1782499551773071,0.3691900074481964
1982,8,12,9,0,0.9113420248031616,9.378100395202637,45,8.155200004577637,7.499300003051758,6616,9.101699829101562,1.1481900215148926,0.3740899860858917
1982,8,12,12,0,0.9086470007896423,9.353400230407715,45,8.087699890136719,7.431300163269043,6126,9.101699829101562,1.1088099479675293,0.386570006608963
1982,8,12,15,0,0.9065960049629211,9.470800399780273,45,8.147199630737305,7.489500045776367,5666,9.101699829101562,1.0643099546432495,0.4003399908542633
1982,8,12,18,0,0.9048129916191101,9.773200035095215,45,8.320199966430664,7.623000144958496,5198,9.101699829101562,1.0115100145339966,0.41811999678611755
1982,8,12,21,0,0.8955600261688232,9.636500358581543,45,7.7434000968933105,6.755300045013428,4972,9.101699829101562,1.0061700344085693,0.46783000230789185
1982,8,13,0,0,0.8898599743843079,9.017399787902832,35,7.135900020599365,6.207499980926514,5383,19.513200759887695,1.0831300020217896,0.5062500238418579
1982,8,13,3,0,0.8895009756088257,9.303299903869629,35,7.368299961090088,6.406099796295166,4853,19.513200759887695,1.015470027923584,0.5066900253295898
1982,8,13,6,0,0.8888030052185059,9.76669979095459,35,7.69320011138916,6.6859002113342285,4107,19.513200759887695,0.9187999963760376,0.5094900131225586
1982,8,13,9,0,0.8904560208320618,10.159500122070312,45,7.904600143432617,6.849299907684326,3713,19.513200759887695,0.8642600178718567,0.5154100060462952
1982,8,13,12,0,0.8952059745788574,10.61299991607666,45,8.156299591064453,7.031400203704834,3746,21.46489906311035,0.8573200106620789,0.5142300128936768
1982,8,13,15,0,0.9003390073776245,11.173700332641602,45,8.517499923706055,7.285099983215332,4159,17.73889923095703,0.8880800008773804,0.5019000172615051
1982,8,13,18,0,0.9042389988899231,11.6697998046875,45,8.920499801635742,7.586999893188477,4811,17.73889923095703,0.9396600127220154,0.4833100140094757
1982,8,13,21,0,0.9058110117912292,11.84280014038086,45,8.911399841308594,7.307000160217285,5498,17.73889923095703,0.9984599947929382,0.4758799970149994
1982,8,14,0,0,0.9061890244483948,11.868399620056152,45,8.876099586486816,7.245999813079834,6030,17.73889923095703,1.0448600053787231,0.4793800115585327
1982,8,14,3,0,0.9070050120353699,12.04319953918457,45,9.235400199890137,7.738699913024902,6337,17.73889923095703,1.063730001449585,0.4726099967956543
1982,8,14,6,0,0.9075639843940735,12.145999908447266,45,9.478300094604492,8.07960033416748,6572,19.513200759887695,1.0778900384902954,0.4643400013446808
1982,8,14,9,0,0.907912015914917,12.23069953918457,45,9.632100105285645,8.281700134277344,6887,19.513200759887695,1.0994000434875488,0.4556100070476532
1982,8,14,12,0,0.9087870121002197,12.481100082397461,45,9.823599815368652,8.43809986114502,7342,19.513200759887695,1.128559947013855,0.45019999146461487
1982,8,14,15,0,0.9106709957122803,13.035300254821777,45,10.195199966430664,8.687399864196777,7866,19.513200759887695,1.1558200120925903,0.44714999198913574
1982,8,14,18,0,0.9125019907951355,13.645999908447266,45,10.628199577331543,8.99370002746582,8334,16.125999450683594,1.1768699884414673,0.4430199861526489
1982,8,14,21,0,0.9158229827880859,14.002900123596191,55,10.920700073242188,9.218799591064453,8527,16.125999450683594,1.1826800107955933,0.4363499879837036
1982,8,15,0,0,0.9175860285758972,14.071700096130371,55,11.03950023651123,9.32390022277832,8457,19.513200759887695,1.1747100353240967,0.42612001299858093
1982,8,15,3,0,0.9193000197410583,14.131699562072754,55,11.116499900817871,9.346400260925293,8448,21.46489906311035,1.1715099811553955,0.4145900011062622
1982,8,15,6,0,0.9212549924850464,14.371000289916992,55,11.146499633789062,9.185199737548828,8767,21.46489906311035,1.190809965133667,0.4123699963092804
1982,8,15,9,0,0.9241189956665039,14.806300163269043,55,11.342900276184082,9.189900398254395,9227,21.46489906311035,1.2156800031661987,0.41161999106407166
1982,8,15,12,0,0.9264000058174133,15.139200210571289,55,11.597299575805664,9.365500450134277,9327,21.46489906311035,1.216539978981018,0.4083000123500824
1982,8,15,15,0,0.9268509745597839,15.09749984741211,55,11.6496000289917,9.473199844360352,8902,23.611900329589844,1.1879299879074097,0.4052000045776367
1982,8,15,18,0,0.9269930124282837,14.852700233459473,55,11.614899635314941,9.550200462341309,8369,19.513200759887695,1.1529500484466553,0.39559999108314514
1982,8,15,21,0,0.9289600253105164,14.843400001525879,55,11.760899543762207,9.715800285339355,8280,19.513200759887695,1.1437100172042847,0.3781999945640564
1982,8,16,0,0,0.9324569702148438,15.174300193786621,55,12.000900268554688,9.713500022888184,8757,19.513200759887695,1.1692800521850586,0.3635599911212921
1982,8,16,3,0,0.9360219836235046,15.690999984741211,55,12.565400123596191,10.270500183105469,9363,19.513200759887695,1.199139952659607,0.35003000497817993
1982,8,16,6,0,0.9382399916648865,16.033700942993164,55,12.956600189208984,10.670599937438965,9594,21.46489906311035,1.2075300216674805,0.3418999910354614
1982,8,16,9,0,0.9387249946594238,16.03860092163086,55,13.020400047302246,10.78600025177002,9252,21.46489906311035,1.1849199533462524,0.3400000035762787
1982,8,16,12,0,0.9378769993782043,15.7121000289917,55,12.79539966583252,10.645500183105469,8473,21.46489906311035,1.137369990348816,0.3406299948692322
1982,8,16,15,0,0.9373760223388672,15.340999603271484,55,12.56089973449707,10.499699592590332,7877,17.73889923095703,1.1002700328826904,0.3376699984073639
1982,8,16,18,0,0.9388350248336792,14.727299690246582,55,11.86400032043457,10.029600143432617,8280,17.73889923095703,1.143839955329895,0.3645699918270111
1982,8,16,21,0,0.9398339986801147,13.711899757385254,55,10.285699844360352,8.581100463867188,9507,17.73889923095703,1.267259955406189,0.43580999970436096
1982,8,17,0,0,0.941457986831665,13.544300079345703,55,9.535200119018555,7.507599830627441,10037,19.513200759887695,1.3170000314712524,0.4610700011253357
1982,8,17,3,0,0.9427210092544556,13.763699531555176,55,9.689200401306152,7.613900184631348,9816,19.513200759887695,1.2963199615478516,0.4539400041103363
1982,8,17,6,0,0.9429190158843994,13.865099906921387,55,9.827500343322754,7.7006001472473145,9144,19.513200759887695,1.2458300590515137,0.4435200095176697
1982,8,17,9,0,0.9429380297660828,13.951700210571289,55,9.997300148010254,7.827499866485596,8530,19.513200759887695,1.1977699995040894,0.4313899874687195
1982,8,17,12,0,0.9436159729957581,14.201899528503418,55,10.324299812316895,8.071000099182129,8362,19.513200759887695,1.176360011100769,0.41411998867988586
1982,8,17,15,0,0.945160984992981,14.609100341796875,55,10.809200286865234,8.430899620056152,8621,19.513200759887695,1.1815999746322632,0.39190998673439026
1982,8,17,18,0,0.9464690089225769,14.941699981689453,55,11.253100395202637,8.776599884033203,8904,19.513200759887695,1.190209984779358,0.3715600073337555
1982,8,17,21,0,0.9466360211372375,15.018099784851074,55,11.464599609375,8.968400001525879,8795,19.513200759887695,1.1782499551773071,0.35903000831604004
1982,8,18,0,0,0.9453740119934082,14.80739974975586,55,11.186100006103516,8.607000350952148,8328,17.73889923095703,1.1497000455856323,0.3596799969673157
1982,8,18,3,0,0.932712972164154,13.70740032196045,55,9.633000373840332,7.3414998054504395,8145,17.73889923095703,1.173609972000122,0.4208599925041199
1982,8,18,6,0,0.9248250126838684,13.165800094604492,55,9.2524995803833,7.163700103759766,8407,17.73889923095703,1.2083300352096558,0.44185999035835266
1982,8,18,9,0,0.9296309947967529,13.55459976196289,55,9.656100273132324,7.419899940490723,8542,17.73889923095703,1.202929973602295,0.4192599952220917
1982,8,18,12,0,0.9337819814682007,13.971699714660645,55,10.119799613952637,7.728700160980225,8666,17.73889923095703,1.1969599723815918,0.3948400020599365
1982,8,18,15,0,0.9342010021209717,14.194199562072754,55,10.523799896240234,8.065799713134766,8507,17.73889923095703,1.1762100458145142,0.3748700022697449
1982,8,18,18,0,0.9325389862060547,14.171099662780762,55,10.63599967956543,8.171099662780762,7994,17.73889923095703,1.1377400159835815,0.36566001176834106
1982,8,18,21,0,0.9225890040397644,13.362299919128418,55,9.503700256347656,7.177700042724609,7561,17.73889923095703,1.1321099996566772,0.40678998827934265
1982,8,19,0,0,0.9093400239944458,12.542799949645996,55,8.904500007629395,6.890100002288818,7562,17.73889923095703,1.1560699939727783,0.43762001395225525
1982,8,19,3,0,0.9100450277328491,12.6274995803833,55,9.231800079345703,7.273900032043457,7424,17.73889923095703,1.1386499404907227,0.42377999424934387
1982,8,19,6,0,0.9153370261192322,12.924400329589844,55,9.61400032043457,7.624800205230713,7345,17.73889923095703,1.1219700574874878,0.40667998790740967
1982,8,19,9,0,0.9185280203819275,13.107500076293945,55,9.82129955291748,7.777299880981445,7363,17.73889923095703,1.1168800592422485,0.3953999876976013
1982,8,19,12,0,0.9198939800262451,13.198800086975098,55,10.013699531555176,7.9527997970581055,7233,17.73889923095703,1.1018600463867188,0.38440001010894775
1982,8,19,15,0,0.9182519912719727,13.119099617004395,55,10.175200462341309,8.199899673461914,7052,17.73889923095703,1.0854699611663818,0.3746500015258789
1982,8,19,18,0,0.9158779978752136,12.998100280761719,55,10.264300346374512,8.377300262451172,6812,16.125999450683594,1.0657299757003784,0.3664799928665161
1982,8,19,21,0,0.9135879874229431,12.828100204467773,55,9.934900283813477,7.905399799346924,6497,16.125999450683594,1.0452100038528442,0.37178000807762146
1982,8,20,0,0,0.9088889956474304,12.46720027923584,55,9.294599533081055,7.248600006103516,6344,16.125999450683594,1.0467300415039062,0.39702001214027405
1982,8,20,3,0,0.9117419719696045,12.634499549865723,55,9.545900344848633,7.529399871826172,6105,16.125999450683594,1.0218299627304077,0.39089998602867126
1982,8,20,6,0,0.9166349768638611,12.907099723815918,55,9.857099533081055,7.813000202178955,5819,16.125999450683594,0.9902799725532532,0.3811799883842468
1982,8,20,9,0,0.9194129705429077,12.991299629211426,55,9.95829963684082,7.915599822998047,5562,16.125999450683594,0.965969979763031,0.37786999344825745
1982,8,20,12,0,0.9212489724159241,12.972399711608887,55,9.96560001373291,7.946199893951416,5311,16.125999450683594,0.9440400004386902,0.3755199909210205
1982,8,20,15,0,0.9230030179023743,12.958000183105469,55,9.932499885559082,7.914999961853027,5148,16.125999450683594,0.9298800230026245,0.3746100068092346
1982,8,20,18,0,0.9251099824905396,13.072500228881836,55,9.942999839782715,7.872499942779541,5127,16.125999450683594,0.9270099997520447,0.37689000368118286
1982,8,20,21,0,0.9264389872550964,13.26140022277832,55,9.897700309753418,7.686299800872803,5235,14.659700393676758,0.9358299970626831,0.3853999972343445
1982,8,21,0,0,0.9248210191726685,13.22089958190918,55,9.396300315856934,7.1092000007629395,5341,14.659700393676758,0.9527699947357178,0.4133799970149994
1982,8,21,3,0,0.9237409830093384,13.133899688720703,55,9.101900100708008,6.854599952697754,5205,14.659700393676758,0.9469799995422363,0.43303000926971436
1982,8,21,6,0,0.9242370128631592,13.073399543762207,55,9.01710033416748,6.784299850463867,4761,14.659700393676758,0.9071499705314636,0.4365699887275696
1982,8,21,9,0,0.9223300218582153,12.862899780273438,55,8.883399963378906,6.715000152587891,4318,14.659700393676758,0.8676300048828125,0.4399400055408478
1982,8,21,12,0,0.916746973991394,12.590900421142578,55,8.741299629211426,6.685999870300293,4260,14.659700393676758,0.8679100275039673,0.4490300118923187
1982,8,21,15,0,0.9137129783630371,12.718999862670898,55,9.022500038146973,6.990699768066406,4655,19.513200759887695,0.903439998626709,0.4432399868965149
1982,8,21,18,0,0.9138290286064148,13.08329963684082,55,9.443900108337402,7.352700233459473,5262,19.513200759887695,0.9513800144195557,0.4303300082683563
1982,8,21,21,0,0.9106050133705139,13.08530044555664,55,9.263099670410156,7.105000019073486,5814,19.513200759887695,1.0026899576187134,0.43748998641967773
1982,8,22,0,0,0.9015420079231262,12.590100288391113,55,8.760600090026855,6.75570011138916,6186,19.513200759887695,1.0501999855041504,0.4625000059604645
1982,8,22,3,0,0.8985390067100525,12.429499626159668,55,8.87720012664795,6.948200225830078,6120,19.513200759887695,1.044160008430481,0.4551999866962433
1982,8,22,6,0,0.8995689749717712,12.500399589538574,55,9.273699760437012,7.4008002281188965,5795,19.513200759887695,1.0073000192642212,0.4324299991130829
1982,8,22,9,0,0.9020500183105469,12.689299583435059,55,9.748299598693848,7.921999931335449,5632,17.73889923095703,0.9824699759483337,0.40637001395225525
1982,8,22,12,0,0.905460000038147,12.940099716186523,55,10.161199569702148,8.333600044250488,5705,17.73889923095703,0.9791300296783447,0.38451001048088074
1982,8,22,15,0,0.9096930027008057,13.215900421142578,55,10.342900276184082,8.373200416564941,5691,17.73889923095703,0.9719200134277344,0.3732999861240387
1982,8,22,18,0,0.9118549823760986,13.325300216674805,55,10.324799537658691,8.227299690246582,5581,17.73889923095703,0.9608200192451477,0.3696500062942505
1982,8,22,21,0,0.9075859785079956,12.962499618530273,55,9.630200386047363,7.435500144958496,5533,17.73889923095703,0.9683399796485901,0.3904399871826172
1982,8,23,0,0,0.9003270268440247,12.402400016784668,55,8.966300010681152,6.896399974822998,5546,17.73889923095703,0.9857699871063232,0.41554000973701477
1982,8,23,3,0,0.899537980556488,12.233400344848633,55,8.988300323486328,7.000199794769287,5559,17.73889923095703,0.988349974155426,0.4104599952697754
1982,8,23,6,0,0.9037299752235413,12.416099548339844,55,9.516300201416016,7.593599796295166,5490,16.125999450683594,0.9714800119400024,0.3831399977207184
1982,8,23,9,0,0.9072139859199524,12.60200023651123,55,9.968099594116211,8.111100196838379,5270,16.125999450683594,0.9428200125694275,0.35954999923706055
1982,8,23,12,0,0.9088780283927917,12.677300453186035,55,10.2431001663208,8.461799621582031,5062,16.125999450683594,0.919189989566803,0.34373000264167786
1982,8,23,15,0,0.9094719886779785,12.676400184631348,55,10.329099655151367,8.565600395202637,4895,16.125999450683594,0.9021599888801575,0.3352600038051605
1982,8,23,18,0,0.9084339737892151,12.567899703979492,55,10.215700149536133,8.427800178527832,4769,16.125999450683594,0.8921700119972229,0.3348599970340729
1982,8,23,21,0,0.9012709856033325,12.041600227355957,55,9.257800102233887,7.29040002822876,4669,16.125999450683594,0.8989499807357788,0.3663899898529053
1982,8,24,0,0,0.8908489942550659,11.378100395202637,55,8.478099822998047,6.652400016784668,4769,16.125999450683594,0.929610013961792,0.40042001008987427
1982,8,24,3,0,0.8935220241546631,11.481599807739258,55,8.767600059509277,6.999899864196777,4554,14.659700393676758,0.9030299782752991,0.3870899975299835
1982,8,24,6,0,0.8978599905967712,11.671500205993652,55,9.111499786376953,7.364200115203857,4285,14.659700393676758,0.8684200048446655,0.36956000328063965
1982,8,24,9,0,0.9005410075187683,11.76710033416748,55,9.338899612426758,7.631999969482422,4051,14.659700393676758,0.8399400115013123,0.35710999369621277
1982,8,24,12,0,0.9033870100975037,11.850700378417969,55,9.5378999710083,7.8765997886657715,3817,14.659700393676758,0.8116599917411804,0.3466399908065796
1982,8,24,15,0,0.9070159792900085,11.957200050354004,55,9.716699600219727,8.0826997756958,3588,14.659700393676758,0.7836700081825256,0.33901000022888184
1982,8,24,18,0,0.9092950224876404,11.96660041809082,55,9.681400299072266,8.007699966430664,3432,14.659700393676758,0.7664600014686584,0.3412100076675415
1982,8,24,21,0,0.9105439782142639,11.901800155639648,55,9.522600173950195,7.770599842071533,3312,14.659700393676758,0.7549499869346619,0.34755000472068787
1982,8,25,0,0,0.9108949899673462,11.786999702453613,55,9.322199821472168,7.514599800109863,3214,14.659700393676758,0.7464900016784668,0.35488998889923096
1982,8,25,3,0,0.9111940264701843,11.737199783325195,55,9.391900062561035,7.696700096130371,3133,13.326800346374512,0.7373200058937073,0.354449987411499
1982,8,25,6,0,0.91143798828125,11.689399719238281,55,9.473099708557129,7.877200126647949,3070,13.326800346374512,0.7297000288963318,0.35179001092910767
1982,8,25,9,0,0.9112439751625061,11.664299964904785,55,9.537799835205078,8.025500297546387,3028,13.326800346374512,0.7247599959373474,0.3531000018119812
1982,8,25,12,0,0.9115639925003052,11.728799819946289,55,9.640299797058105,8.177399635314941,3051,13.326800346374512,0.726360023021698,0.3569299876689911
1982,8,25,15,0,0.9128620028495789,11.843199729919434,55,9.77560043334961,8.34179973602295,3149,13.326800346374512,0.7358999848365784,0.3593499958515167
1982,8,25,18,0,0.914035975933075,11.918999671936035,55,9.873900413513184,8.460800170898438,3273,13.326800346374512,0.748769998550415,0.3606100082397461
1982,8,25,21,0,0.9144080281257629,11.73289966583252,55,9.11340045928955,6.996500015258789,3392,13.326800346374512,0.7683699727058411,0.3721199929714203
1982,8,26,0,0,0.9133359789848328,11.380399703979492,55,8.316699981689453,6.191800117492676,3505,13.326800346374512,0.7922899723052979,0.4013899862766266
1982,8,26,3,0,0.9142559766769409,11.495499610900879,55,8.61970043182373,6.473199844360352,3577,12.114999771118164,0.7958800196647644,0.39028000831604004
1982,8,26,6,0,0.9146749973297119,11.567999839782715,55,8.677900314331055,6.531899929046631,3665,12.114999771118164,0.8047299981117249,0.39399999380111694
1982,8,26,9,0,0.9161520004272461,11.846199989318848,55,9.096400260925293,7.010000228881836,3746,17.73889923095703,0.8076099753379822,0.3913699984550476
1982,8,26,12,0,0.9183470010757446,12.17300033569336,55,9.614800453186035,7.695700168609619,3802,17.73889923095703,0.8067700266838074,0.3868899941444397
1982,8,26,15,0,0.9194409847259521,12.294699668884277,55,9.741900444030762,7.921599864959717,3821,17.73889923095703,0.8072500228881836,0.38982000946998596
1982,8,26,18,0,0.9199550151824951,12.312999725341797,55,9.750699996948242,7.936800003051758,3800,17.73889923095703,0.8047800064086914,0.389849990606308
1982,8,26,21,0,0.917451024055481,11.45479965209961,55,7.673900127410889,5.557600021362305,3848,17.73889923095703,0.839680016040802,0.4513700008392334
1982,8,27,0,0,0.9137880206108093,10.776399612426758,55,6.974899768829346,5.207600116729736,3985,17.73889923095703,0.8810700178146362,0.5013499855995178
1982,8,27,3,0,0.9166600108146667,11.133700370788574,55,7.604100227355957,5.836100101470947,4053,17.73889923095703,0.8761500120162964,0.4817799925804138
1982,8,27,6,0,0.9203360080718994,11.518400192260742,55,8.041099548339844,6.208799839019775,4174,19.513200759887695,0.8781899809837341,0.46665000915527344
1982,8,27,9,0,0.9222139716148376,11.548299789428711,55,8.137100219726562,6.4197998046875,4389,19.513200759887695,0.9027100205421448,0.47473999857902527
1982,8,27,12,0,0.9250169992446899,11.44159984588623,55,8.12399959564209,6.540599822998047,4520,19.513200759887695,0.9216700196266174,0.4846799969673157
1982,8,27,15,0,0.9277629852294922,11.410900115966797,55,8.163000106811523,6.634500026702881,4410,17.73889923095703,0.9114400148391724,0.4845300018787384
1982,8,27,18,0,0.9294340014457703,11.477700233459473,55,8.267399787902832,6.739799976348877,4152,17.73889923095703,0.8815400004386902,0.47714999318122864
1982,8,27,21,0,0.930383026599884,11.058899879455566,55,7.152400016784668,5.385000228881836,4015,17.73889923095703,0.8849499821662903,0.5101900100708008
1982,8,28,0,0,0.9297810196876526,11.00100040435791,55,7.170899868011475,5.548600196838379,4114,17.73889923095703,0.9011499881744385,0.526419997215271
1982,8,28,3,0,0.9334779977798462,11.490500450134277,55,7.704100131988525,6.029799938201904,4283,17.73889923095703,0.9039099812507629,0.5062500238418579
1982,8,28,6,0,0.9372789859771729,11.89739990234375,55,8.14169979095459,6.383999824523926,4463,17.73889923095703,0.909250020980835,0.48337000608444214
1982,8,28,9,0,0.9401220083236694,11.99590015411377,55,8.360799789428711,6.6066999435424805,4598,17.73889923095703,0.9181699752807617,0.4700399935245514
1982,8,28,12,0,0.9420130252838135,11.946800231933594,55,8.448200225830078,6.741600036621094,4646,17.73889923095703,0.9227200150489807,0.4638400077819824
1982,8,28,15,0,0.9431049823760986,11.995400428771973,55,8.561100006103516,6.872700214385986,4662,17.73889923095703,0.9224299788475037,0.4594799876213074
1982,8,28,18,0,0.9438539743423462,12.222900390625,55,8.759699821472168,7.035900115966797,4707,16.125999450683594,0.9214699864387512,0.45451000332832336
1982,8,28,21,0,0.9443179965019226,12.521499633789062,55,8.99209976196289,7.198800086975098,4740,16.125999450683594,0.9178900122642517,0.44762998819351196
1982,8,29,0,0,0.9439150094985962,12.654399871826172,55,9.043899536132812,7.154600143432617,4629,19.513200759887695,0.9040899872779846,0.4435200095176697
1982,8,29,3,0,0.9426680207252502,12.57960033416748,55,9.01729965209961,7.150100231170654,4338,16.125999450683594,0.8756700158119202,0.44141000509262085
1982,8,29,6,0,0.9413059949874878,12.425999641418457,55,8.992799758911133,7.164400100708008,4016,16.125999450683594,0.8432499766349792,0.4349299967288971
1982,8,29,9,0,0.9408029913902283,12.411299705505371,55,9.081000328063965,7.233399868011475,3853,16.125999450683594,0.8233299851417542,0.4214000105857849
1982,8,29,12,0,0.941618025302887,12.663100242614746,55,9.380800247192383,7.446899890899658,3919,16.125999450683594,0.8224200010299683,0.4019800126552582
1982,8,29,15,0,0.9432410001754761,13.084799766540527,55,9.82289981842041,7.757199764251709,4138,17.73889923095703,0.8346499800682068,0.3805600106716156
1982,8,29,18,0,0.9446600079536438,13.407400131225586,55,9.940299987792969,7.521399974822998,4339,17.73889923095703,0.8480299711227417,0.36559998989105225
1982,8,29,21,0,0.9434729814529419,12.175800323486328,55,7.3454999923706055,5.237800121307373,4511,17.73889923095703,0.9089199900627136,0.4687100052833557
1982,8,30,0,0,0.9365929961204529,9.909000396728516,55,5.597300052642822,4.292099952697754,4866,17.73889923095703,1.0420199632644653,0.6157100200653076
1982,8,30,3,0,0.9369469881057739,9.591400146484375,55,5.940299987792969,4.7316999435424805,4898,17.73889923095703,1.0541399717330933,0.609529972076416
1982,8,30,6,0,0.938323974609375,9.955300331115723,55,6.330100059509277,5.0229997634887695,4510,17.73889923095703,0.9889600276947021,0.5748400092124939
1982,8,30,9,0,0.9341639876365662,10.569100379943848,55,6.973100185394287,5.496399879455566,4306,16.125999450683594,0.9336299896240234,0.5228999853134155
1982,8,30,12,0,0.929364025592804,11.110300064086914,55,7.7042999267578125,6.06689977645874,4415,16.125999450683594,0.9178000092506409,0.4722200036048889
1982,8,30,15,0,0.9264310002326965,11.478699684143066,55,8.305100440979004,6.603300094604492,4661,16.125999450683594,0.9256799817085266,0.4380899965763092
1982,8,30,18,0,0.9253270030021667,11.741100311279297,55,8.72350025177002,6.991700172424316,4863,16.125999450683594,0.9343299865722656,0.41596001386642456
1982,8,30,21,0,0.9251949787139893,11.93280029296875,55,8.997900009155273,7.212900161743164,4960,16.125999450683594,0.9357600212097168,0.40004000067710876
1982,8,31,0,0,0.9170659780502319,11.60319995880127,55,8.375699996948242,6.534999847412109,5038,16.125999450683594,0.9556300044059753,0.4229399859905243
1982,8,31,3,0,0.9043700098991394,11.07450008392334,55,7.91379976272583,6.234499931335449,5185,16.125999450683594,0.9888100028038025,0.44887998700141907
1982,8,31,6,0,0.9092260003089905,11.411600112915039,55,8.377400398254395,6.608099937438965,4939,16.125999450683594,0.9498699903488159,0.4220600128173828
1982,8,31,9,0,0.9158819913864136,11.846500396728516,55,8.945500373840332,7.040999889373779,4648,16.125999450683594,0.9047300219535828,0.39059001207351685
1982,8,31,12,0,0.919035017490387,12.086600303649902,55,9.369799613952637,7.424499988555908,4476,14.659700393676758,0.8784199953079224,0.3697800040245056
1982,8,31,15,0,0.9195250272750854,12.15470027923584,55,9.60099983215332,7.689899921417236,4388,14.659700393676758,0.8660100102424622,0.35923001170158386
1982,8,31,18,0,0.9152200222015381,11.875,55,9.424400329589844,7.695199966430664,4469,14.659700393676758,0.8816699981689453,0.3711099922657013
1982,8,31,21,0,0.9036629796028137,11.15530014038086,45,8.650300025939941,7.13100004196167,4785,14.659700393676758,0.9376299977302551,0.41251999139785767
1982,9,1,0,0,0.8914610147476196,10.15410041809082,45,7.73859977722168,6.459700107574463,5472,14.659700393676758,1.0441299676895142,0.46077999472618103
1982,9,1,3,0,0.8921819925308228,10.409700393676758,45,8.173800468444824,6.897600173950195,5612,14.659700393676758,1.040869951248169,0.4361000061035156
1982,9,1,6,0,0.8978400230407715,11.211899757385254,45,8.963299751281738,7.531099796295166,5108,14.659700393676758,0.9622399806976318,0.39972999691963196
1982,9,1,9,0,0.9032390117645264,11.872900009155273,55,9.649900436401367,8.087499618530273,4667,14.659700393676758,0.8993399739265442,0.36921000480651855
1982,9,1,12,0,0.9101430177688599,12.285699844360352,55,10.104000091552734,8.455699920654297,4352,14.659700393676758,0.8574000000953674,0.3493900001049042
1982,9,1,15,0,0.9146550297737122,12.569100379943848,55,10.35219955444336,8.602800369262695,4112,14.659700393676758,0.827489972114563,0.34209001064300537
1982,9,1,18,0,0.9175390005111694,12.829099655151367,55,10.493000030517578,8.624300003051758,3959,14.659700393676758,0.8085500001907349,0.3477399945259094
1982,9,1,21,0,0.9193779826164246,13.04640007019043,55,10.590399742126465,8.635899543762207,3870,14.659700393676758,0.7973700165748596,0.356330007314682
1982,9,2,0,0,0.9179379940032959,13.001999855041504,55,10.336799621582031,8.271100044250488,3859,13.326800346374512,0.7991399765014648,0.36855998635292053
1982,9,2,3,0,0.9163619875907898,12.938400268554688,55,10.281200408935547,8.245599746704102,3888,13.326800346374512,0.8033000230789185,0.3711000084877014
1982,9,2,6,0,0.9168990254402161,12.958999633789062,55,10.45829963684082,8.51509952545166,3887,13.326800346374512,0.801289975643158,0.36427998542785645
1982,9,2,9,0,0.9191359877586365,13.147000312805176,55,10.754500389099121,8.898599624633789,3935,13.326800346374512,0.8023300170898438,0.3635700047016144
1982,9,2,12,0,0.9220079779624939,13.522600173950195,55,11.118499755859375,9.300999641418457,4127,13.326800346374512,0.816569983959198,0.37147000432014465
1982,9,2,15,0,0.9239500164985657,13.780099868774414,55,11.378499984741211,9.547800064086914,4400,16.125999450683594,0.8392199873924255,0.3697899878025055
1982,9,2,18,0,0.9240490198135376,13.486800193786621,55,10.3233003616333,7.8105998039245605,4698,19.513200759887695,0.8763899803161621,0.38572001457214355
1982,9,2,21,0,0.9223989844322205,12.177000045776367,55,7.824699878692627,5.629899978637695,5071,19.513200759887695,0.9556499719619751,0.47411999106407166
1982,9,3,0,0,0.9216639995574951,12.344400405883789,55,8.32289981842041,6.0767998695373535,5145,19.513200759887695,0.9528700113296509,0.45155999064445496
1982,9,3,3,0,0.9203420281410217,13.084099769592285,55,9.803400039672852,7.472700119018555,5180,16.125999450683594,0.9294000267982483,0.4039900004863739
1982,9,3,6,0,0.9199129939079285,13.567700386047363,55,10.735099792480469,8.566900253295898,5402,16.125999450683594,0.9364500045776367,0.3904600143432617
1982,9,3,9,0,0.919530987739563,13.77750015258789,55,11.360600471496582,9.569600105285645,5658,23.611900329589844,0.9516800045967102,0.38016998767852783
1982,9,3,12,0,0.9187719821929932,13.725500106811523,55,11.647700309753418,10.201000213623047,5927,23.611900329589844,0.9714800119400024,0.36719000339508057
1982,9,3,15,0,0.9182479977607727,13.61460018157959,55,11.77970027923584,10.567399978637695,6275,23.611900329589844,0.9983699917793274,0.3530600070953369
1982,9,3,18,0,0.9181089997291565,13.496899604797363,55,11.810999870300293,10.723400115966797,6614,17.73889923095703,1.0248600244522095,0.3408699929714203
1982,9,3,21,0,0.9181529879570007,13.363499641418457,55,11.48449993133545,9.940500259399414,6876,17.73889923095703,1.048110008239746,0.33981001377105713
1982,9,4,0,0,0.9171630144119263,12.976499557495117,55,9.904399871826172,7.485199928283691,7142,17.73889923095703,1.087839961051941,0.38392001390457153
1982,9,4,3,0,0.915926992893219,12.916299819946289,45,9.652799606323242,7.403299808502197,7302,21.46489906311035,1.1091899871826172,0.41190001368522644
1982,9,4,6,0,0.9143509864807129,12.402400016784668,45,8.928799629211426,6.909200191497803,7393,21.46489906311035,1.1409499645233154,0.45645999908447266
1982,9,4,9,0,0.9156630039215088,12.089200019836426,45,8.81879997253418,7.07859992980957,7132,21.46489906311035,1.1322799921035767,0.47341999411582947
1982,9,4,12,0,0.9176380038261414,12.08080005645752,45,8.957500457763672,7.302299976348877,6613,21.46489906311035,1.088479995727539,0.46748000383377075
1982,9,4,15,0,0.9205819964408875,12.142000198364258,55,9.104299545288086,7.465199947357178,6201,21.46489906311035,1.0499099493026733,0.4564000070095062
1982,9,4,18,0,0.9238510131835938,12.182000160217285,55,9.19729995727539,7.567699909210205,6040,16.125999450683594,1.0338399410247803,0.44732001423835754
1982,9,4,21,0,0.9266480207443237,12.244000434875488,55,9.264800071716309,7.626999855041504,6065,16.125999450683594,1.034209966659546,0.44113999605178833
1982,9,5,0,0,0.9277080297470093,12.302300453186035,55,9.148200035095215,7.375999927520752,6133,19.513200759887695,1.0402699708938599,0.4423399865627289
1982,9,5,3,0,0.9271309971809387,12.368499755859375,55,9.088800430297852,7.290599822998047,6126,19.513200759887695,1.0402499437332153,0.447299987077713
1982,9,5,6,0,0.9264829754829407,12.431699752807617,55,9.045700073242188,7.197199821472168,5991,19.513200759887695,1.0286799669265747,0.45058000087738037
1982,9,5,9,0,0.9254739880561829,12.451299667358398,55,9.043000221252441,7.165599822998047,5769,19.513200759887695,1.0086599588394165,0.4497300088405609
1982,9,5,12,0,0.924094021320343,12.42020034790039,55,9.095000267028809,7.218100070953369,5530,19.513200759887695,0.9861400127410889,0.4438599944114685
1982,9,5,15,0,0.9228760004043579,12.395600318908691,55,9.224300384521484,7.363900184631348,5317,19.513200759887695,0.9642300009727478,0.43347999453544617
1982,9,5,18,0,0.9223219752311707,12.425100326538086,55,9.420900344848633,7.583600044250488,5131,19.513200759887695,0.9432600140571594,0.4215500056743622
1982,9,5,21,0,0.9177389740943909,12.230600357055664,55,9.126999855041504,7.250199794769287,4995,19.513200759887695,0.936460018157959,0.4300900101661682
1982,9,6,0,0,0.8960409760475159,10.759499549865723,45,7.7006001472473145,6.187600135803223,5441,17.73889923095703,1.032230019569397,0.5027199983596802
1982,9,6,3,0,0.8957669734954834,10.851200103759766,45,8.001500129699707,6.525599956512451,5260,17.73889923095703,1.0067800283432007,0.4868600070476532
1982,9,6,6,0,0.9004830121994019,11.403400421142578,45,8.42389965057373,6.796199798583984,4628,17.73889923095703,0.9264699816703796,0.46481001377105713
1982,9,6,9,0,0.9042080044746399,11.74839973449707,55,8.603500366210938,6.853000164031982,4185,17.73889923095703,0.8726599812507629,0.45350998640060425
1982,9,6,12,0,0.9075779914855957,11.819600105285645,55,8.615500450134277,6.851799964904785,3954,17.73889923095703,0.8476200103759766,0.451990008354187
1982,9,6,15,0,0.9090960025787354,11.831999778747559,55,8.609000205993652,6.875,3801,17.73889923095703,0.8321400284767151,0.45410001277923584
1982,9,6,18,0,0.9110040068626404,11.891799926757812,55,8.610799789428711,6.876200199127197,3666,17.73889923095703,0.8171399831771851,0.45576998591423035
1982,9,6,21,0,0.9132760167121887,11.986000061035156,55,8.656100273132324,6.881999969482422,3536,17.73889923095703,0.8004999756813049,0.4527899920940399
1982,9,7,0,0,0.9065420031547546,11.455900192260742,55,7.924300193786621,6.149700164794922,3566,17.73889923095703,0.8187299966812134,0.4794999957084656
1982,9,7,3,0,0.9054210186004639,10.839400291442871,45,7.63040018081665,6.038400173187256,3764,17.73889923095703,0.8549799919128418,0.4914799928665161
1982,9,7,6,0,0.9082520008087158,10.58240032196045,45,7.857699871063232,6.413700103759766,3937,17.73889923095703,0.8744999766349792,0.47321000695228577
1982,9,7,9,0,0.9097229838371277,10.344499588012695,45,8.026100158691406,6.757299900054932,4036,17.73889923095703,0.8868799805641174,0.4557400047779083
1982,9,7,12,0,0.909974992275238,10.100099563598633,45,8.06350040435791,6.969099998474121,4095,16.125999450683594,0.8977000117301941,0.4447599947452545
1982,9,7,15,0,0.9099249839782715,9.87720012664795,45,7.989200115203857,7.017099857330322,4145,16.125999450683594,0.9094799757003784,0.44113999605178833
1982,9,7,18,0,0.9100729823112488,9.73390007019043,45,7.888700008392334,6.972700119018555,4158,16.125999450683594,0.9162600040435791,0.4431000053882599
1982,9,7,21,0,0.9090099930763245,9.611599922180176,45,7.621300220489502,6.5954999923706055,4121,16.125999450683594,0.9188399910926819,0.45462000370025635
1982,9,8,0,0,0.8982700109481812,8.883700370788574,45,6.795499801635742,5.808700084686279,4422,16.125999450683594,0.991129994392395,0.4997200071811676
1982,9,8,3,0,0.8978689908981323,8.981100082397461,35,7.059299945831299,6.129799842834473,4564,16.125999450683594,0.9984599947929382,0.481550008058548
1982,9,8,6,0,0.899071991443634,9.332799911499023,35,7.487800121307373,6.523900032043457,4669,17.73889923095703,0.9871500134468079,0.44944998621940613
1982,9,8,9,0,0.9019160270690918,9.596099853515625,35,7.952300071716309,7.01639986038208,4970,17.73889923095703,0.997730016708374,0.4084300100803375
1982,9,8,12,0,0.9047849774360657,9.744799613952637,35,8.327400207519531,7.477499961853027,5133,10.01200008392334,0.9998199939727783,0.37261998653411865
1982,9,8,15,0,0.9069719910621643,9.793399810791016,35,8.563599586486816,7.824999809265137,5041,10.01200008392334,0.983489990234375,0.34804001450538635
1982,9,8,18,0,0.9083300232887268,9.762700080871582,35,8.647100448608398,8.003600120544434,4809,10.01200008392334,0.9592900276184082,0.33667001128196716
1982,9,8,21,0,0.909030020236969,9.738499641418457,35,8.658100128173828,8.05679988861084,4556,10.01200008392334,0.9341599941253662,0.33480000495910645
1982,9,9,0,0,0.908610999584198,9.702300071716309,35,8.470499992370605,7.6682000160217285,4435,10.01200008392334,0.9245399832725525,0.3434300124645233
1982,9,9,3,0,0.9088370203971863,9.725500106811523,35,8.379500389099121,7.460000038146973,4527,9.101699829101562,0.9343299865722656,0.34825998544692993
1982,9,9,6,0,0.9099090099334717,9.881799697875977,35,8.581500053405762,7.69290018081665,4760,9.101699829101562,0.9510499835014343,0.33803001046180725
1982,9,9,9,0,0.9103959798812866,10.010199546813965,35,8.79640007019043,8.010600090026855,4996,11.013500213623047,0.9683700203895569,0.3284600079059601
1982,9,9,12,0,0.9103419780731201,10.086700439453125,35,8.922699928283691,8.225899696350098,5086,10.01200008392334,0.974049985408783,0.3253600001335144
1982,9,9,15,0,0.9100059866905212,10.09179973602295,35,8.930100440979004,8.258299827575684,5093,10.01200008392334,0.9749500155448914,0.32673999667167664
1982,9,9,18,0,0.9093930125236511,9.986700057983398,35,8.794699668884277,8.121199607849121,5144,10.01200008392334,0.984969973564148,0.3344300091266632
1982,9,9,21,0,0.908653974533081,9.838399887084961,35,8.54539966583252,7.843999862670898,5137,10.01200008392334,0.9933900237083435,0.35495999455451965
1982,9,10,0,0,0.9095690250396729,9.254400253295898,35,7.861800193786621,7.106599807739258,5945,10.01200008392334,1.0996899604797363,0.3864699900150299
1982,9,10,3,0,0.9109990000724792,9.241700172424316,35,7.78410005569458,6.9552001953125,6019,10.01200008392334,1.1073600053787231,0.3892199993133545
1982,9,10,6,0,0.9113849997520447,9.267999649047852,35,7.80019998550415,6.9770002365112305,5999,11.013500213623047,1.104889988899231,0.3910199999809265
1982,9,10,9,0,0.9113270044326782,9.437100410461426,35,7.9552998542785645,7.134099960327148,6037,11.013500213623047,1.100559949874878,0.39010998606681824
1982,9,10,12,0,0.9111980199813843,9.659099578857422,35,8.18690013885498,7.35890007019043,6122,11.013500213623047,1.0965900421142578,0.38019999861717224
1982,9,10,15,0,0.9117029905319214,9.676899909973145,35,8.307299613952637,7.5167999267578125,6838,11.013500213623047,1.1541500091552734,0.36243999004364014
1982,9,10,18,0,0.9131940007209778,9.850000381469727,35,8.567000389099121,7.804800033569336,7991,11.013500213623047,1.2349300384521484,0.3418799936771393
1982,9,10,21,0,0.9142100214958191,10.225299835205078,35,8.959199905395508,8.184499740600586,8945,11.013500213623047,1.2865500450134277,0.32756999135017395
1982,9,11,0,0,0.9126759767532349,10.260600090026855,35,8.714799880981445,7.616499900817871,9357,11.013500213623047,1.3180500268936157,0.34068000316619873
1982,9,11,3,0,0.9121429920196533,10.26099967956543,35,8.722299575805664,7.625999927520752,8928,11.013500213623047,1.2873899936676025,0.34092000126838684
1982,9,11,6,0,0.9123160243034363,10.397500038146973,35,9.034500122070312,8.086000442504883,7960,11.013500213623047,1.2063900232315063,0.3264099955558777
1982,9,11,9,0,0.9120429754257202,10.546600341796875,35,9.272899627685547,8.425600051879883,7218,11.013500213623047,1.1419999599456787,0.32054999470710754
1982,9,11,12,0,0.9116960167884827,10.764399528503418,35,9.481300354003906,8.656700134277344,6840,11.013500213623047,1.1050100326538086,0.32199999690055847
1982,9,11,15,0,0.911296010017395,10.961199760437012,35,9.64900016784668,8.834400177001953,6501,11.013500213623047,1.0720800161361694,0.3247399926185608
1982,9,11,18,0,0.9107249975204468,10.986200332641602,45,9.645400047302246,8.84630012512207,5968,16.125999450683594,1.027750015258789,0.3308599889278412
1982,9,11,21,0,0.9097430109977722,10.858799934387207,45,9.483200073242188,8.692700386047363,5292,10.01200008392334,0.9730200171470642,0.3403699994087219
1982,9,12,0,0,0.9085209965705872,10.724200248718262,45,9.241700172424316,8.350799560546875,4717,10.01200008392334,0.924809992313385,0.35295000672340393
1982,9,12,3,0,0.9071639776229858,10.445199966430664,35,8.84529972076416,7.8719000816345215,4680,10.01200008392334,0.9322999715805054,0.36994001269340515
1982,9,12,6,0,0.9069079756736755,10.102999687194824,35,8.459799766540527,7.53980016708374,5052,14.659700393676758,0.9835100173950195,0.3889800012111664
1982,9,12,9,0,0.907260000705719,9.997400283813477,35,8.281399726867676,7.33620023727417,5314,14.659700393676758,1.014799952507019,0.3995000123977661
1982,9,12,12,0,0.9079549908638,9.891500473022461,35,8.190500259399414,7.2515997886657715,5807,16.125999450683594,1.0649100542068481,0.40024998784065247
1982,9,12,15,0,0.9089769721031189,9.849200248718262,35,8.201000213623047,7.271599769592285,6443,16.125999450683594,1.121399998664856,0.3921000063419342
1982,9,12,18,0,0.9099370241165161,9.941200256347656,35,8.371500015258789,7.479599952697754,6795,16.125999450683594,1.144569993019104,0.37832000851631165
1982,9,12,21,0,0.9103869795799255,10.071200370788574,35,8.568499565124512,7.7104997634887695,6908,16.125999450683594,1.1457300186157227,0.3649899959564209
1982,9,13,0,0,0.9105740189552307,10.299099922180176,35,8.820699691772461,7.964600086212158,7072,14.659700393676758,1.1480599641799927,0.35447001457214355
1982,9,13,3,0,0.9109050035476685,10.531599998474121,35,9.078700065612793,8.224200248718262,7593,14.659700393676758,1.1787400245666504,0.3456900119781494
1982,9,13,6,0,0.9105849862098694,10.522199630737305,35,9.061300277709961,8.178400039672852,8219,14.659700393676758,1.2266299724578857,0.34452998638153076
1982,9,13,9,0,0.9099130034446716,10.415800094604492,35,8.969799995422363,8.077500343322754,8253,14.659700393676758,1.2330199480056763,0.34268999099731445
1982,9,13,12,0,0.9096410274505615,10.408499717712402,35,9.06760025024414,8.24209976196289,7824,14.659700393676758,1.1978199481964111,0.3304400146007538
1982,9,13,15,0,0.9097040295600891,10.39680004119873,35,9.168899536132812,8.410400390625,7387,11.013500213623047,1.161139965057373,0.31714001297950745
1982,9,13,18,0,0.9096279740333557,10.38640022277832,35,9.227999687194824,8.497699737548828,7050,11.013500213623047,1.1327699422836304,0.3099600076675415
1982,9,13,21,0,0.9091860055923462,10.498900413513184,35,9.355400085449219,8.62279987335205,6770,11.013500213623047,1.10562002658844,0.31226998567581177
1982,9,14,0,0,0.9040690064430237,10.170299530029297,35,8.500699996948242,7.27370023727417,6694,11.013500213623047,1.1210500001907349,0.3601999878883362
1982,9,14,3,0,0.9019659757614136,10.013799667358398,35,8.381600379943848,7.211599826812744,6739,11.013500213623047,1.1320699453353882,0.3691200017929077
1982,9,14,6,0,0.9015910029411316,10.2947998046875,35,8.875300407409668,7.814599990844727,6214,10.01200008392334,1.070989966392517,0.343860000371933
1982,9,14,9,0,0.9011780023574829,10.567000389099121,35,9.280500411987305,8.283499717712402,5463,10.01200008392334,0.9916099905967712,0.3227800130844116
1982,9,14,12,0,0.9012619853019714,10.62909984588623,35,9.444499969482422,8.541399955749512,4997,10.01200008392334,0.9447299838066101,0.3118799924850464
1982,9,14,15,0,0.9017760157585144,10.647100448608398,45,9.552200317382812,8.753100395202637,4697,10.01200008392334,0.9141299724578857,0.3048500120639801
1982,9,14,18,0,0.902525007724762,10.731900215148926,45,9.64210033416748,8.873900413513184,4469,10.01200008392334,0.8896399736404419,0.30730998516082764
1982,9,14,21,0,0.9026119709014893,10.835399627685547,45,9.488300323486328,8.398799896240234,4264,11.013500213623047,0.8692399859428406,0.32572001218795776
1982,9,15,0,0,0.8919969797134399,10.225299835205078,35,8.14009952545166,6.617499828338623,4313,11.013500213623047,0.9035800099372864,0.3924500048160553
1982,9,15,3,0,0.8911790251731873,10.0068998336792,35,8.11989974975586,6.7403998374938965,4564,9.101699829101562,0.93572998046875,0.39340999722480774
1982,9,15,6,0,0.8931789994239807,10.673700332641602,45,9.01550006866455,7.728000164031982,3867,10.01200008392334,0.8380600214004517,0.36447998881340027
1982,9,15,9,0,0.8993070125579834,11.311699867248535,45,9.746199607849121,8.514399528503418,3245,11.013500213623047,0.7520099878311157,0.3460099995136261
1982,9,15,12,0,0.9039769768714905,11.763400077819824,45,10.212800025939941,8.960700035095215,3016,19.513200759887695,0.7157099843025208,0.3330700099468231
1982,9,15,15,0,0.9075049757957458,12.062000274658203,45,10.578499794006348,9.337800025939941,3020,13.326800346374512,0.7097200155258179,0.31744998693466187
1982,9,15,18,0,0.9103490114212036,12.27560043334961,45,10.897299766540527,9.72029972076416,3138,13.326800346374512,0.7182000279426575,0.3009200096130371
1982,9,15,21,0,0.9131330251693726,12.411999702453613,45,11.101200103759766,9.907899856567383,3263,13.326800346374512,0.7285299897193909,0.28637999296188354
1982,9,16,0,0,0.9116340279579163,12.093299865722656,45,10.139800071716309,8.225199699401855,3414,13.326800346374512,0.7540599703788757,0.3087399899959564
1982,9,16,3,0,0.9051700234413147,11.388500213623047,45,8.972700119018555,7.035099983215332,3663,12.114999771118164,0.8015999794006348,0.3540099859237671
1982,9,16,6,0,0.9074739813804626,11.516200065612793,45,9.468299865722656,7.720799922943115,3729,12.114999771118164,0.8026300072669983,0.33746999502182007
1982,9,16,9,0,0.9109470248222351,11.748700141906738,45,9.92080020904541,8.301799774169922,3695,12.114999771118164,0.7918599843978882,0.3237699866294861
1982,9,16,12,0,0.9126920104026794,11.839500427246094,45,10.06149959564209,8.493800163269043,3717,12.114999771118164,0.7922199964523315,0.3225899934768677
1982,9,16,15,0,0.9136109948158264,11.827500343322754,45,10.084799766540527,8.576399803161621,3749,12.114999771118164,0.7958899736404419,0.3241400122642517
1982,9,16,18,0,0.9143350124359131,11.777199745178223,45,10.084199905395508,8.651399612426758,3779,12.114999771118164,0.7999500036239624,0.32506000995635986
1982,9,16,21,0,0.9145569801330566,11.691499710083008,45,9.993200302124023,8.556699752807617,3813,11.013500213623047,0.8055300116539001,0.32903000712394714
1982,9,17,0,0,0.9143850207328796,11.530900001525879,45,9.489700317382812,7.616399765014648,3866,11.013500213623047,0.8167399764060974,0.3419800102710724
1982,9,17,3,0,0.9152119755744934,11.661499977111816,45,9.89739990234375,8.404899597167969,3919,11.013500213623047,0.8186200261116028,0.34064000844955444
1982,9,17,6,0,0.9167270064353943,11.821399688720703,45,10.083499908447266,8.622599601745605,3999,11.013500213623047,0.8233699798583984,0.3380799889564514
1982,9,17,9,0,0.9184409976005554,11.952300071716309,45,10.133899688720703,8.604900360107422,4111,11.013500213623047,0.832360029220581,0.336650013923645
1982,9,17,12,0,0.9199810028076172,12.118499755859375,45,10.350600242614746,8.879199981689453,4280,11.013500213623047,0.8452799916267395,0.32811999320983887
1982,9,17,15,0,0.9215750098228455,12.309900283813477,45,10.607500076293945,9.187800407409668,4559,16.125999450683594,0.8677099943161011,0.3176499903202057
1982,9,17,18,0,0.9231770038604736,12.509400367736816,45,10.854599952697754,9.46679973602295,4962,16.125999450683594,0.9004999995231628,0.30842000246047974
1982,9,17,21,0,0.9245579838752747,12.659899711608887,45,10.994600296020508,9.516500473022461,5452,14.659700393676758,0.9403600096702576,0.3011400103569031
1982,9,18,0,0,0.9253749847412109,12.600600242614746,45,10.47029972076416,8.28279972076416,5893,14.659700393676758,0.9808300137519836,0.3058600127696991
1982,9,18,3,0,0.9261350035667419,12.673299789428711,45,10.933099746704102,9.281800270080566,6220,14.659700393676758,1.0035200119018555,0.29662999510765076
1982,9,18,6,0,0.9265980124473572,12.657500267028809,45,11.109399795532227,9.746000289916992,6441,13.326800346374512,1.0197299718856812,0.2890099883079529
1982,9,18,9,0,0.9265350103378296,12.582200050354004,45,11.156100273132324,9.964799880981445,6449,13.326800346374512,1.0204299688339233,0.28297001123428345
1982,9,18,12,0,0.9255809783935547,12.415800094604492,45,11.055299758911133,9.951800346374512,6163,13.326800346374512,1.0002199411392212,0.28147000074386597
1982,9,18,15,0,0.9244300127029419,12.268400192260742,45,10.92080020904541,9.855899810791016,5869,13.326800346374512,0.9793699979782104,0.2846899926662445
1982,9,18,18,0,0.9233760237693787,12.189800262451172,55,10.802300453186035,9.742300033569336,5633,12.114999771118164,0.9622499942779541,0.29328998923301697
1982,9,18,21,0,0.9229000210762024,12.168800354003906,55,10.722100257873535,9.64780044555664,5397,12.114999771118164,0.9438300132751465,0.30344998836517334
1982,9,19,0,0,0.9225010275840759,12.140600204467773,55,10.485400199890137,9.041899681091309,5165,12.114999771118164,0.9257500171661377,0.313400000333786
1982,9,19,3,0,0.9222149848937988,12.01550006866455,55,9.937600135803223,7.945000171661377,4905,12.114999771118164,0.9077200293540955,0.32806000113487244
1982,9,19,6,0,0.9215999841690063,11.998499870300293,55,10.022100448608398,8.268500328063965,4684,11.013500213623047,0.8877699971199036,0.33511000871658325
1982,9,19,9,0,0.9210209846496582,11.996399879455566,55,10.076600074768066,8.402299880981445,4587,11.013500213623047,0.8786200284957886,0.33586999773979187
1982,9,19,12,0,0.9200959801673889,11.437700271606445,55,8.21310043334961,5.854499816894531,4565,11.013500213623047,0.899179995059967,0.3802500069141388
1982,9,19,15,0,0.9181830286979675,10.772000312805176,55,7.420000076293945,5.542600154876709,4598,10.01200008392334,0.9306600093841553,0.4418100118637085
1982,9,19,18,0,0.9182729721069336,10.324799537658691,55,6.863800048828125,5.151899814605713,4578,10.01200008392334,0.9494500160217285,0.47624000906944275
1982,9,19,21,0,0.9166820049285889,9.644700050354004,55,6.272500038146973,4.8343000411987305,4784,17.73889923095703,1.0055999755859375,0.5262399911880493
1982,9,20,0,0,0.9163439869880676,9.127699851989746,45,6.049900054931641,4.809800148010254,5405,17.73889923095703,1.0995500087738037,0.5555099844932556
1982,9,20,3,0,0.9206209778785706,9.366900444030762,45,6.48390007019043,5.240799903869629,6365,17.73889923095703,1.1778500080108643,0.5325599908828735
1982,9,20,6,0,0.9244170188903809,9.846699714660645,45,6.921000003814697,5.57289981842041,7467,16.125999450683594,1.247040033340454,0.5045199990272522
1982,9,20,9,0,0.9277300238609314,10.395600318908691,55,7.466400146484375,6.021100044250488,8504,14.659700393676758,1.298359990119934,0.4722999930381775
1982,9,20,12,0,0.9290570020675659,10.937800407409668,55,8.039799690246582,6.490200042724609,9131,14.659700393676758,1.3137799501419067,0.43821999430656433
1982,9,20,15,0,0.9280509948730469,11.36460018157959,55,8.515600204467773,6.825900077819824,9382,14.659700393676758,1.3060699701309204,0.4055800139904022
1982,9,20,18,0,0.9263330101966858,11.605899810791016,55,8.897600173950195,7.147600173950195,9455,14.659700393676758,1.2942500114440918,0.37929001450538635
1982,9,20,21,0,0.924560010433197,11.706700325012207,45,9.182700157165527,7.4293999671936035,9249,13.326800346374512,1.2698899507522583,0.3588699996471405
1982,9,21,0,0,0.9236779808998108,11.763400077819824,45,9.458100318908691,7.743500232696533,8768,13.326800346374512,1.2285799980163574,0.34046000242233276
1982,9,21,3,0,0.922996997833252,11.819999694824219,45,9.769100189208984,8.161100387573242,8331,13.326800346374512,1.1907600164413452,0.32440000772476196
1982,9,21,6,0,0.922452986240387,11.905799865722656,45,10.080400466918945,8.6141996383667,8031,13.326800346374512,1.163140058517456,0.31341999769210815
1982,9,21,9,0,0.921766996383667,12.029399871826172,45,10.388299942016602,9.07409954071045,7772,13.326800346374512,1.138409972190857,0.3061400055885315
1982,9,21,12,0,0.9209219813346863,12.138799667358398,45,10.637800216674805,9.467900276184082,7492,13.326800346374512,1.1132800579071045,0.301829993724823
1982,9,21,15,0,0.9199550151824951,12.191800117492676,45,10.786499977111816,9.735199928283691,7120,13.326800346374512,1.0832300186157227,0.299919992685318
1982,9,21,18,0,0.918969988822937,12.186300277709961,45,10.845199584960938,9.887200355529785,6696,12.114999771118164,1.050320029258728,0.2999599874019623
1982,9,21,21,0,0.9179930090904236,12.166099548339844,45,10.829999923706055,9.898599624633789,6376,12.114999771118164,1.025879979133606,0.30445998907089233
1982,9,22,0,0,0.9041510224342346,10.816300392150879,45,8.364500045776367,6.871399879455566,6782,12.114999771118164,1.1236000061035156,0.4193600118160248
1982,9,22,3,0,0.9004949927330017,10.464699745178223,45,8.205400466918945,6.918700218200684,7311,12.114999771118164,1.184440016746521,0.44242000579833984
1982,9,22,6,0,0.9006739854812622,10.679499626159668,45,8.593400001525879,7.405600070953369,7272,12.114999771118164,1.1695599555969238,0.4338200092315674
1982,9,22,9,0,0.9010540246963501,10.923800468444824,45,8.944199562072754,7.8084001541137695,6809,17.73889923095703,1.119670033454895,0.4216800034046173
1982,9,22,12,0,0.8996009826660156,10.997599601745605,45,9.123200416564941,8.03320026397705,6293,17.73889923095703,1.0709099769592285,0.4100399911403656
1982,9,22,15,0,0.898277997970581,11.130399703979492,45,9.292699813842773,8.202500343322754,5753,17.73889923095703,1.0180200338363647,0.3996799886226654
1982,9,22,18,0,0.8977609872817993,11.39169979095459,45,9.41510009765625,8.209500312805176,5446,17.73889923095703,0.9845100045204163,0.40024998784065247
1982,9,22,21,0,0.8994460105895996,11.871199607849121,45,9.652199745178223,8.263400077819824,5372,19.513200759887695,0.9683499932289124,0.40217000246047974
1982,9,23,0,0,0.9010549783706665,12.135600090026855,55,9.455300331115723,7.731100082397461,5450,19.513200759887695,0.9743599891662598,0.41433998942375183
1982,9,23,3,0,0.9021850228309631,12.203100204467773,55,9.42710018157959,7.661499977111816,5521,19.513200759887695,0.9804999828338623,0.41668999195098877
1982,9,23,6,0,0.9037969708442688,12.281000137329102,55,9.652700424194336,7.94320011138916,5296,19.513200759887695,0.9559100270271301,0.40455999970436096
1982,9,23,9,0,0.9050819873809814,12.291000366210938,55,9.8149995803833,8.181500434875488,4843,19.513200759887695,0.9113799929618835,0.39315998554229736
1982,9,23,12,0,0.9065290093421936,12.324000358581543,55,9.89680004119873,8.286399841308594,4477,16.125999450683594,0.8747599720954895,0.38705000281333923
1982,9,23,15,0,0.909928023815155,12.559399604797363,55,10.076000213623047,8.402199745178223,4400,16.125999450683594,0.8628299832344055,0.38165000081062317
1982,9,23,18,0,0.9156579971313477,13.006199836730957,55,10.477100372314453,8.706299781799316,4613,17.73889923095703,0.8746200203895569,0.36869001388549805
1982,9,23,21,0,0.9205620288848877,13.388299942016602,55,10.809800148010254,8.80090045928955,5056,17.73889923095703,0.9070500135421753,0.3511500060558319
1982,9,24,0,0,0.9230639934539795,13.572600364685059,55,11.124300003051758,9.072600364685059,5558,17.73889923095703,0.9446300268173218,0.33379000425338745
1982,9,24,3,0,0.9230089783668518,13.408699989318848,55,10.692500114440918,8.062100410461426,5971,17.73889923095703,0.98089998960495,0.32603999972343445
1982,9,24,6,0,0.9186440110206604,10.981399536132812,55,6.803199768066406,5.022600173950195,6640,17.73889923095703,1.1343200206756592,0.5004299879074097
1982,9,24,9,0,0.9203870296478271,9.225600242614746,55,5.767000198364258,4.5395002365112305,7672,17.73889923095703,1.3192499876022339,0.590719997882843
1982,9,24,12,0,0.9240549802780151,8.71090030670166,55,5.67549991607666,4.584799766540527,8535,17.73889923095703,1.4237300157546997,0.6019499897956848
1982,9,24,15,0,0.9254649877548218,8.708600044250488,55,5.729400157928467,4.641300201416016,9008,17.73889923095703,1.462249994277954,0.6002600193023682
1982,9,24,18,0,0.9288110136985779,8.89050006866455,55,5.887599945068359,4.76800012588501,9413,17.73889923095703,1.481760025024414,0.59375
1982,9,24,21,0,0.929660975933075,8.287799835205078,55,5.59630012512207,4.639200210571289,10904,16.125999450683594,1.6493799686431885,0.6217799782752991
1982,9,25,0,0,0.931846022605896,8.128399848937988,55,5.638899803161621,4.716100215911865,12215,16.125999450683594,1.755519986152649,0.6153200268745422
1982,9,25,3,0,0.9351750016212463,8.196999549865723,55,5.747799873352051,4.797900199890137,12781,16.125999450683594,1.7834899425506592,0.6047099828720093
1982,9,25,6,0,0.938497006893158,8.128000259399414,55,5.848199844360352,4.924799919128418,13782,16.125999450683594,1.8503899574279785,0.5924299955368042
1982,9,25,9,0,0.9392780065536499,8.296799659729004,55,6.029399871826172,5.072299957275391,13981,16.125999450683594,1.8409199714660645,0.5793099999427795
1982,9,25,12,0,0.9343879818916321,8.885700225830078,55,6.599100112915039,5.567299842834473,14275,16.125999450683594,1.795549988746643,0.5444300174713135
1982,9,25,15,0,0.92917400598526,9.776000022888184,55,7.605899810791016,6.58050012588501,15064,16.125999450683594,1.7583400011062622,0.48956000804901123
1982,9,25,18,0,0.9269620180130005,10.43120002746582,55,8.305899620056152,7.202600002288818,15984,16.125999450683594,1.754699945449829,0.4477800130844116
1982,9,25,21,0,0.9262970089912415,10.712200164794922,55,8.461899757385254,7.100100040435791,17139,11.013500213623047,1.7922799587249756,0.4260900020599365
1982,9,26,0,0,0.928068995475769,10.853099822998047,45,8.585399627685547,7.106100082397461,18972,11.013500213623047,1.8691099882125854,0.40564998984336853
1982,9,26,3,0,0.9288229942321777,10.734800338745117,45,8.334699630737305,6.758399963378906,19928,11.013500213623047,1.922320008277893,0.40544000267982483
1982,9,26,6,0,0.9262059926986694,10.243900299072266,45,7.733500003814697,6.257800102233887,19919,11.013500213623047,1.9634300470352173,0.43421000242233276
1982,9,26,9,0,0.9243969917297363,10.092900276184082,45,7.751100063323975,6.345399856567383,21153,11.013500213623047,2.0304200649261475,0.4284999966621399
1982,9,26,12,0,0.9233700037002563,10.232199668884277,45,7.955399990081787,6.546899795532227,20974,11.013500213623047,2.0083000659942627,0.41916000843048096
1982,9,26,15,0,0.9212380051612854,10.28380012512207,45,8.014200210571289,6.631100177764893,20844,11.013500213623047,2.0002400875091553,0.4206799864768982
1982,9,26,18,0,0.9185829758644104,10.177800178527832,45,8.119400024414062,6.827300071716309,25103,11.013500213623047,2.195280075073242,0.4056200087070465
1982,9,26,21,0,0.9203569889068604,10.767399787902832,45,9.231100082397461,8.244600296020508,27941,11.013500213623047,2.245810031890869,0.3484399914741516
1982,9,27,0,0,0.9179660081863403,10.961799621582031,45,9.549200057983398,8.672800064086914,25087,11.013500213623047,2.111069917678833,0.337660014629364
1982,9,27,3,0,0.9145240187644958,11.071399688720703,45,9.607600212097168,8.715399742126465,20497,11.013500213623047,1.904979944229126,0.344650000333786
1982,9,27,6,0,0.9137549996376038,11.346199989318848,45,9.806099891662598,8.88599967956543,16813,10.01200008392334,1.7148799896240234,0.3479900062084198
1982,9,27,9,0,0.9140769839286804,11.66100025177002,45,10.037699699401855,9.063799858093262,15023,16.125999450683594,1.609470009803772,0.34742000699043274
1982,9,27,12,0,0.9134389758110046,11.883000373840332,45,10.145500183105469,9.072799682617188,14218,16.125999450683594,1.559559941291809,0.34902000427246094
1982,9,27,15,0,0.9118810296058655,11.961099624633789,55,10.096599578857422,8.926400184631348,13764,16.125999450683594,1.5349299907684326,0.35495999455451965
1982,9,27,18,0,0.9123889803886414,12.019800186157227,55,10.116700172424316,8.93220043182373,13275,16.125999450683594,1.5066100358963013,0.3558399975299835
1982,9,27,21,0,0.9120780229568481,12.02970027923584,55,10.120400428771973,8.932600021362305,12687,16.125999450683594,1.472730040550232,0.35440999269485474
1982,9,28,0,0,0.912335991859436,12.050700187683105,55,10.041799545288086,8.74120044708252,11761,16.125999450683594,1.4184900522232056,0.35484999418258667
1982,9,28,3,0,0.914027988910675,12.131600379943848,55,10.049200057983398,8.674099922180176,10758,16.125999450683594,1.3547199964523315,0.35245001316070557
1982,9,28,6,0,0.9162070155143738,12.264599800109863,55,10.20419979095459,8.827699661254883,9908,16.125999450683594,1.2948499917984009,0.34411999583244324
1982,9,28,9,0,0.9184240102767944,12.388199806213379,55,10.412400245666504,9.082599639892578,9311,16.125999450683594,1.2494299411773682,0.33337000012397766
1982,9,28,12,0,0.9194039702415466,12.409099578857422,55,10.571100234985352,9.343700408935547,9055,16.125999450683594,1.2286800146102905,0.32343000173568726
1982,9,28,15,0,0.9181830286979675,12.253399848937988,55,10.579299926757812,9.491999626159668,9057,16.125999450683594,1.2303099632263184,0.31738999485969543
1982,9,28,18,0,0.9121440052986145,11.784600257873535,55,10.17300033569336,9.064599990844727,9591,16.125999450683594,1.2788900136947632,0.3220199942588806
1982,9,28,21,0,0.9034640192985535,10.917699813842773,45,9.07390022277832,7.7729997634887695,10764,14.659700393676758,1.3930399417877197,0.353549987077713
1982,9,29,0,0,0.8993070125579834,10.281499862670898,45,8.374199867248535,7.0970001220703125,11895,14.659700393676758,1.4983700513839722,0.3755199909210205
1982,9,29,3,0,0.898917019367218,10.238300323486328,45,8.456299781799316,7.248700141906738,12212,14.659700393676758,1.5165799856185913,0.3672400116920471
1982,9,29,6,0,0.8983500003814697,10.277199745178223,45,8.675000190734863,7.548999786376953,12701,14.659700393676758,1.5380100011825562,0.3507699966430664
1982,9,29,9,0,0.8991190195083618,10.491499900817871,45,9.111100196838379,8.09939956665039,13344,14.659700393676758,1.556339979171753,0.32330000400543213
1982,9,29,12,0,0.9000040292739868,10.761300086975098,45,9.599100112915039,8.825400352478027,12989,11.013500213623047,1.5168800354003906,0.3019300103187561
1982,9,29,15,0,0.9006519913673401,11.012299537658691,45,9.922900199890137,9.248600006103516,12152,11.013500213623047,1.4546200037002563,0.2927800118923187
1982,9,29,18,0,0.9014589786529541,11.251299858093262,45,10.144700050354004,9.477499961853027,11366,11.013500213623047,1.3981900215148926,0.29585000872612
1982,9,29,21,0,0.9022489786148071,11.48900032043457,45,10.284600257873535,9.588800430297852,10355,11.013500213623047,1.3296500444412231,0.31338998675346375
1982,9,30,0,0,0.9030849933624268,11.69890022277832,45,10.34000015258789,9.570099830627441,9262,11.013500213623047,1.2555500268936157,0.33675000071525574
1982,9,30,3,0,0.9035810232162476,11.764599800109863,45,10.189299583435059,9.242300033569336,8317,11.013500213623047,1.19268000125885,0.3596299886703491
1982,9,30,6,0,0.9038429856300354,11.639200210571289,45,9.947999954223633,8.95359992980957,7554,11.013500213623047,1.1436500549316406,0.3766300082206726
1982,9,30,9,0,0.9043089747428894,11.547900199890137,45,9.819199562072754,8.842700004577637,6946,11.013500213623047,1.101349949836731,0.38694998621940613
1982,9,30,12,0,0.905555009841919,11.67240047454834,45,9.859199523925781,8.877599716186523,6623,13.326800346374512,1.0748900175094604,0.3954100012779236
1982,9,30,15,0,0.907489001750946,12.063300132751465,45,10.07129955291748,8.993200302124023,6564,19.513200759887695,1.063249945640564,0.40038999915122986
1982,9,30,18,0,0.9092159867286682,12.484199523925781,45,10.306500434875488,9.0733003616333,6599,19.513200759887695,1.0582400560379028,0.39890000224113464
1982,9,30,21,0,0.9102159738540649,12.735799789428711,45,10.400300025939941,8.95479965209961,6601,19.513200759887695,1.053380012512207,0.39386001229286194
1982,10,1,0,0,0.9063019752502441,12.32699966430664,45,9.467100143432617,7.646900177001953,6706,19.513200759887695,1.0787999629974365,0.4202600121498108
1982,10,1,3,0,0.9045569896697998,11.962400436401367,45,9.07610034942627,7.326200008392334,6903,19.513200759887695,1.106510043144226,0.4327099919319153
1982,10,1,6,0,0.9071069955825806,12.169400215148926,45,9.342399597167969,7.562099933624268,6942,19.513200759887695,1.1009700298309326,0.4184100031852722
1982,10,1,9,0,0.9105110168457031,12.61520004272461,45,9.858699798583984,8.015199661254883,7056,17.73889923095703,1.0949599742889404,0.3975299894809723
1982,10,1,12,0,0.9159510135650635,13.114500045776367,55,10.40719985961914,8.496800422668457,7239,17.73889923095703,1.0948400497436523,0.3786900043487549
1982,10,1,15,0,0.9215409755706787,13.52810001373291,55,10.845000267028809,8.886899948120117,7429,17.73889923095703,1.098960041999817,0.3656199872493744
1982,10,1,18,0,0.9242770075798035,13.743300437927246,55,11.0378999710083,9.053299903869629,7615,17.73889923095703,1.1084599494934082,0.3611299991607666
1982,10,1,21,0,0.9246670007705688,13.757800102233887,55,11.000300407409668,8.991900444030762,7790,17.73889923095703,1.1215800046920776,0.3628700077533722
1982,10,2,0,0,0.9244949817657471,13.707900047302246,55,10.938199996948242,8.899100303649902,7933,17.73889923095703,1.1324399709701538,0.3625499904155731
1982,10,2,3,0,0.923554003238678,13.578399658203125,55,10.805700302124023,8.744500160217285,8116,17.73889923095703,1.1475600004196167,0.36291998624801636
1982,10,2,6,0,0.9236019849777222,13.501299858093262,55,10.831899642944336,8.798399925231934,8398,17.73889923095703,1.1668100357055664,0.35697999596595764
1982,10,2,9,0,0.9252319931983948,13.543100357055664,55,11.05270004272461,9.087800025939941,8777,16.125999450683594,1.1884499788284302,0.3452000021934509
1982,10,2,12,0,0.9270139932632446,13.611000061035156,55,11.265800476074219,9.387900352478027,9161,16.125999450683594,1.2104500532150269,0.3363800048828125
1982,10,2,15,0,0.9284819960594177,13.670700073242188,55,11.401900291442871,9.59939956665039,9422,16.125999450683594,1.2255200147628784,0.332179993391037
1982,10,2,18,0,0.9294220209121704,13.706199645996094,55,11.46619987487793,9.720100402832031,9488,16.125999450683594,1.2293100357055664,0.330810010433197
1982,10,2,21,0,0.9293090105056763,13.681099891662598,55,11.44849967956543,9.760700225830078,9446,16.125999450683594,1.2280499935150146,0.33215001225471497
1982,10,3,0,0,0.9287520051002502,13.610899925231934,55,11.376399993896484,9.736000061035156,9337,16.125999450683594,1.2235000133514404,0.3341900110244751
1982,10,3,3,0,0.9270049929618835,13.434300422668457,55,11.075499534606934,9.361300468444824,9229,16.125999450683594,1.2228200435638428,0.3424000144004822
1982,10,3,6,0,0.9247239828109741,13.154199600219727,55,10.648300170898438,8.881999969482422,9240,17.73889923095703,1.2337499856948853,0.35604000091552734
1982,10,3,9,0,0.9247350096702576,13.039600372314453,55,10.518400192260742,8.748700141906738,9251,17.73889923095703,1.2376500368118286,0.3583100140094757
1982,10,3,12,0,0.925154983997345,13.00629997253418,55,10.510899543762207,8.746800422668457,9187,17.73889923095703,1.2334200143814087,0.3559100031852722
1982,10,3,15,0,0.9243760108947754,12.906000137329102,55,10.458200454711914,8.741700172424316,9133,17.73889923095703,1.231819987297058,0.35589998960494995
1982,10,3,18,0,0.9230809807777405,12.772600173950195,55,10.396900177001953,8.751799583435059,9155,17.73889923095703,1.2358399629592896,0.35596999526023865
1982,10,3,21,0,0.922540009021759,12.702799797058105,55,10.423299789428711,8.836799621582031,9203,17.73889923095703,1.238759994506836,0.35126999020576477
1982,10,4,0,0,0.9226099848747253,12.666799545288086,55,10.39799976348877,8.687100410461426,9276,16.125999450683594,1.2422200441360474,0.3442099988460541
1982,10,4,3,0,0.9229199886322021,12.70460033416748,55,10.662300109863281,9.156700134277344,9346,16.125999450683594,1.2419999837875366,0.33226001262664795
1982,10,4,6,0,0.9232569932937622,12.737799644470215,55,10.848799705505371,9.47130012512207,9363,16.125999450683594,1.2395199537277222,0.3226200044155121
1982,10,4,9,0,0.9236829876899719,12.779000282287598,55,10.985099792480469,9.697400093078613,9256,16.125999450683594,1.2297899723052979,0.31626999378204346
1982,10,4,12,0,0.924144983291626,12.771400451660156,55,10.79520034790039,9.08650016784668,9044,16.125999450683594,1.216629981994629,0.3160800039768219
1982,10,4,15,0,0.9202150106430054,11.097900390625,55,7.401899814605713,5.553899765014648,9240,16.125999450683594,1.3199800252914429,0.4576300084590912
1982,10,4,18,0,0.9142169952392578,9.581500053405762,55,6.389900207519531,5.071899890899658,10300,16.125999450683594,1.4911500215530396,0.5392600297927856
1982,10,4,21,0,0.9145950078964233,9.358200073242188,55,6.422599792480469,5.1616997718811035,10640,16.125999450683594,1.5246299505233765,0.534030020236969
1982,10,5,0,0,0.9175029993057251,9.818300247192383,55,7.276100158691406,5.9953999519348145,10911,16.125999450683594,1.4944900274276733,0.4760200083255768
1982,10,5,3,0,0.9177219867706299,10.128600120544434,55,7.973400115966797,6.718900203704834,11591,14.659700393676758,1.5030200481414795,0.423909991979599
1982,10,5,6,0,0.9188799858093262,10.33810043334961,45,8.491399765014648,7.334799766540527,12128,14.659700393676758,1.5131800174713135,0.3868499994277954
1982,10,5,9,0,0.9188820123672485,10.503399848937988,45,8.89169979095459,7.893700122833252,12241,14.659700393676758,1.5040899515151978,0.36212000250816345
1982,10,5,12,0,0.9180930256843567,10.622699737548828,45,9.157999992370605,8.28320026397705,12170,14.659700393676758,1.4891200065612793,0.3455199897289276
1982,10,5,15,0,0.9169629812240601,10.687800407409668,45,9.30049991607666,8.490900039672852,11819,10.01200008392334,1.461859941482544,0.33597999811172485
1982,10,5,18,0,0.9157459735870361,10.705900192260742,45,9.329099655151367,8.521900177001953,11074,10.01200008392334,1.4137300252914429,0.33360999822616577
1982,10,5,21,0,0.9146490097045898,10.633399963378906,45,9.039999961853027,7.926400184631348,10160,14.659700393676758,1.3599499464035034,0.3429900109767914
1982,10,6,0,0,0.9137600064277649,10.37660026550293,45,8.264800071716309,6.747200012207031,9294,16.125999450683594,1.319350004196167,0.3726400136947632
1982,10,6,3,0,0.9117199778556824,9.986599922180176,45,7.428999900817871,5.8491997718811035,8524,14.659700393676758,1.2913299798965454,0.4142700135707855
1982,10,6,6,0,0.9054800271987915,8.401000022888184,45,5.764800071716309,4.653200149536133,8606,14.659700393676758,1.4199299812316895,0.5324100255966187
1982,10,6,9,0,0.904304027557373,7.372099876403809,55,5.237500190734863,4.366000175476074,9969,14.659700393676758,1.6278599500656128,0.5677099823951721
1982,10,6,12,0,0.9174799919128418,7.211999893188477,55,5.398099899291992,4.621099948883057,15570,7.5218000411987305,2.055769920349121,0.5727199912071228
1982,10,6,15,0,0.9340900182723999,8.669500350952148,55,6.673900127410889,5.711400032043457,31329,8.274100303649902,2.6594300270080566,0.5148500204086304
1982,10,6,18,0,0.9287580251693726,10.656499862670898,55,8.418899536132812,7.250899791717529,36917,17.73889923095703,2.651210069656372,0.44585999846458435
1982,10,6,21,0,0.9259529709815979,11.343600273132324,45,9.347399711608887,8.211600303649902,39255,16.125999450683594,2.6515300273895264,0.3891499936580658
1982,10,7,0,0,0.9265480041503906,11.554800033569336,45,9.8858003616333,8.896300315856934,39214,16.125999450683594,2.612030029296875,0.3467999994754791
1982,10,7,3,0,0.9271969795227051,11.666000366210938,45,10.23069953918457,9.420499801635742,36691,14.659700393676758,2.507050037384033,0.3208500146865845
1982,10,7,6,0,0.9277070164680481,11.658900260925293,45,10.351300239562988,9.594200134277344,32933,14.659700393676758,2.3675498962402344,0.3030399978160858
1982,10,7,9,0,0.9279239773750305,11.661499977111816,45,10.464900016784668,9.747300148010254,29882,14.659700393676758,2.2480099201202393,0.2863900065422058
1982,10,7,12,0,0.9274929761886597,11.613699913024902,45,10.491000175476074,9.804699897766113,26807,13.326800346374512,2.127619981765747,0.2767600119113922
1982,10,7,15,0,0.9263899922370911,11.509200096130371,45,10.436599731445312,9.774399757385254,24106,13.326800346374512,2.0204598903656006,0.27175000309944153
1982,10,7,18,0,0.9250990152359009,11.407999992370605,45,10.361800193786621,9.70989990234375,22103,13.326800346374512,1.9383800029754639,0.2692300081253052
1982,10,7,21,0,0.9238160252571106,11.29800033569336,45,10.270299911499023,9.628600120544434,20147,13.326800346374512,1.8552900552749634,0.26844000816345215
1982,10,8,0,0,0.9224839806556702,11.20829963684082,45,10.20259952545166,9.576199531555176,18416,13.326800346374512,1.7773900032043457,0.2675899863243103
1982,10,8,3,0,0.9211969971656799,11.166299819946289,45,10.17140007019043,9.555999755859375,17085,12.114999771118164,1.7137199640274048,0.26813000440597534
1982,10,8,6,0,0.9199920296669006,11.148500442504883,45,10.140199661254883,9.524399757385254,15874,12.114999771118164,1.6535500288009644,0.272489994764328
1982,10,8,9,0,0.9188669919967651,11.136699676513672,45,10.090200424194336,9.460700035095215,14645,12.114999771118164,1.590590000152588,0.2808000147342682
1982,10,8,12,0,0.9179890155792236,11.11240005493164,45,9.996999740600586,9.30109977722168,13469,12.114999771118164,1.5289499759674072,0.29186001420021057
1982,10,8,15,0,0.9176049828529358,11.054300308227539,45,9.849200248718262,9.022500038146973,12551,12.114999771118164,1.4809000492095947,0.302839994430542
1982,10,8,18,0,0.9172999858856201,10.935700416564941,45,9.702199935913086,8.928600311279297,11941,12.114999771118164,1.4517300128936768,0.3140699863433838
1982,10,8,21,0,0.9173150062561035,10.826800346374512,45,9.586099624633789,8.890199661254883,11283,12.114999771118164,1.4175000190734863,0.3228999972343445
1982,10,9,0,0,0.9174000024795532,10.754199981689453,45,9.500399589538574,8.816499710083008,10528,12.114999771118164,1.373669981956482,0.32958000898361206
1982,10,9,3,0,0.9170830249786377,10.686800003051758,45,9.392200469970703,8.706000328063965,9807,11.013500213623047,1.3309099674224854,0.34014999866485596
1982,10,9,6,0,0.9165310263633728,10.678000450134277,45,9.306599617004395,8.598400115966797,9281,11.013500213623047,1.2985199689865112,0.35374000668525696
1982,10,9,9,0,0.9160100221633911,10.75879955291748,45,9.289199829101562,8.544699668884277,8976,11.013500213623047,1.277340054512024,0.3667699992656708
1982,10,9,12,0,0.9157469868659973,10.923100471496582,45,9.351099967956543,8.559300422668457,8762,17.73889923095703,1.2587499618530273,0.3763299882411957
1982,10,9,15,0,0.9148489832878113,11.073200225830078,45,9.347900390625,8.44909954071045,8600,17.73889923095703,1.245270013809204,0.38666999340057373
1982,10,9,18,0,0.9134799838066101,11.263500213623047,45,9.446399688720703,8.46619987487793,8504,17.73889923095703,1.2335100173950195,0.3895699977874756
1982,10,9,21,0,0.9133149981498718,11.611700057983398,45,9.777799606323242,8.72029972076416,8479,17.73889923095703,1.218500018119812,0.3789600133895874
1982,10,10,0,0,0.910273015499115,11.62600040435791,45,9.634400367736816,8.36970043182373,8955,17.73889923095703,1.2538000345230103,0.3840700089931488
1982,10,10,3,0,0.9107940196990967,11.84280014038086,45,9.902199745178223,8.623900413513184,9366,17.73889923095703,1.2723900079727173,0.37222999334335327
1982,10,10,6,0,0.9143339991569519,12.373299598693848,45,10.494099617004395,9.168299674987793,9210,16.125999450683594,1.2414799928665161,0.34797000885009766
1982,10,10,9,0,0.9176049828529358,12.771599769592285,45,10.9483003616333,9.597299575805664,9132,16.125999450683594,1.2228399515151978,0.3292100131511688
1982,10,10,12,0,0.9197459816932678,12.999300003051758,45,11.227499961853027,9.880499839782715,9087,16.125999450683594,1.2124899625778198,0.3160099983215332
1982,10,10,15,0,0.9211940169334412,13.08080005645752,45,11.361499786376953,10.019000053405762,9085,16.125999450683594,1.2087299823760986,0.30539000034332275
1982,10,10,18,0,0.9224950075149536,13.096599578857422,45,11.465200424194336,10.178799629211426,9371,16.125999450683594,1.2250699996948242,0.2946400046348572
1982,10,10,21,0,0.923445999622345,13.004300117492676,45,11.476499557495117,10.256699562072754,9752,16.125999450683594,1.2493000030517578,0.2852399945259094
1982,10,11,0,0,0.9240559935569763,12.848999977111816,45,11.450699806213379,10.350600242614746,10004,16.125999450683594,1.2666200399398804,0.27755001187324524
1982,10,11,3,0,0.9242269992828369,12.680700302124023,45,11.329099655151367,10.258099555969238,10028,16.125999450683594,1.2712899446487427,0.275519996881485
1982,10,11,6,0,0.9242650270462036,12.487199783325195,45,11.079999923706055,9.904600143432617,9875,14.659700393676758,1.2671600580215454,0.2796599864959717
1982,10,11,9,0,0.92495197057724,12.375200271606445,45,10.981100082397461,9.82349967956543,9619,14.659700393676758,1.2534699440002441,0.2807700037956238
1982,10,11,12,0,0.9252939820289612,12.263400077819824,45,10.871199607849121,9.759699821472168,9314,14.659700393676758,1.2371100187301636,0.28481999039649963
1982,10,11,15,0,0.9236029982566833,11.999799728393555,45,10.459600448608398,9.268199920654297,9118,14.659700393676758,1.2353800535202026,0.3029100000858307
1982,10,11,18,0,0.9226279854774475,11.85219955444336,45,10.239500045776367,9.006500244140625,9082,14.659700393676758,1.2391999959945679,0.31213000416755676
1982,10,11,21,0,0.9226750135421753,11.885199546813965,45,10.287400245666504,9.054499626159668,9175,14.659700393676758,1.243749976158142,0.30845001339912415
1982,10,12,0,0,0.9208549857139587,11.773300170898438,45,10.001099586486816,8.550299644470215,9307,13.326800346374512,1.2576299905776978,0.31391000747680664
1982,10,12,3,0,0.9181550145149231,11.550399780273438,45,9.764300346374512,8.303799629211426,9332,13.326800346374512,1.2667499780654907,0.3184399902820587
1982,10,12,6,0,0.9170029759407043,11.559800148010254,45,9.979900360107422,8.654899597167969,8831,13.326800346374512,1.2276500463485718,0.3046000003814697
1982,10,12,9,0,0.9174649715423584,11.716699600219727,45,10.269499778747559,9.004199981689453,7852,13.326800346374512,1.1496100425720215,0.29065001010894775
1982,10,12,12,0,0.9170709848403931,11.762200355529785,45,10.3233003616333,9.036299705505371,6993,12.114999771118164,1.0831300020217896,0.28999999165534973
1982,10,12,15,0,0.9161030054092407,11.756400108337402,45,10.258199691772461,8.912599563598633,6352,12.114999771118164,1.0333499908447266,0.2965199947357178
1982,10,12,18,0,0.9150760173797607,11.77280044555664,45,10.217499732971191,8.833900451660156,5885,12.114999771118164,0.9953299760818481,0.30371999740600586
1982,10,12,21,0,0.9149140119552612,11.852800369262695,45,10.254400253295898,8.85890007019043,5491,11.013500213623047,0.9607599973678589,0.310479998588562
1982,10,13,0,0,0.9113199710845947,11.695799827575684,45,9.81760025024414,8.25629997253418,5157,11.013500213623047,0.9394500255584717,0.33671998977661133
1982,10,13,3,0,0.9081889986991882,11.611499786376953,45,9.647000312805176,8.094200134277344,4815,16.125999450683594,0.9124299883842468,0.35141998529434204
1982,10,13,6,0,0.9083060026168823,11.829299926757812,45,9.90060043334961,8.398200035095215,4384,16.125999450683594,0.8660899996757507,0.3499299883842468
1982,10,13,9,0,0.9097930192947388,12.221500396728516,45,10.303199768066406,8.835700035095215,4056,16.125999450683594,0.8258500099182129,0.34768998622894287
1982,10,13,12,0,0.9137529730796814,12.720000267028809,55,10.706299781799316,9.188899993896484,3896,16.125999450683594,0.8019899725914001,0.349590003490448
1982,10,13,15,0,0.9198300242424011,13.273599624633789,55,11.124899864196777,9.489299774169922,3923,16.125999450683594,0.7971900105476379,0.3479999899864197
1982,10,13,18,0,0.9251419901847839,13.974100112915039,55,11.706199645996094,9.914299964904785,4307,16.125999450683594,0.8253999948501587,0.33755001425743103
1982,10,13,21,0,0.9289799928665161,14.732000350952148,55,12.363200187683105,10.351400375366211,5367,19.513200759887695,0.9099000096321106,0.318340003490448
1982,10,14,0,0,0.9309250116348267,15.146900177001953,55,12.423700332641602,9.676300048828125,7204,19.513200759887695,1.0471899509429932,0.30024999380111694
1982,10,14,3,0,0.9317070245742798,15.34529972076416,55,13.013999938964844,10.446800231933594,9574,17.73889923095703,1.1984100341796875,0.2726399898529053
1982,10,14,6,0,0.9316869974136353,15.222599983215332,55,13.350700378417969,11.234299659729004,11899,17.73889923095703,1.332260012626648,0.25165000557899475
1982,10,14,9,0,0.9324560165405273,15.017800331115723,45,13.575300216674805,11.962400436401367,14068,16.125999450683594,1.4465800523757935,0.23157000541687012
1982,10,14,12,0,0.9331349730491638,14.83549976348877,45,13.684399604797363,12.488499641418457,15853,16.125999450683594,1.5351300239562988,0.21754999458789825
1982,10,14,15,0,0.9333239793777466,14.638799667358398,45,13.65149974822998,12.736599922180176,16691,16.125999450683594,1.5770399570465088,0.2114199995994568
1982,10,14,18,0,0.9330180287361145,14.395099639892578,45,13.491600036621094,12.737199783325195,16427,16.125999450683594,1.5685800313949585,0.2106200009584427
1982,10,14,21,0,0.9324480295181274,14.10420036315918,45,13.261699676513672,12.606499671936035,15546,14.659700393676758,1.5313199758529663,0.21004000306129456
1982,10,15,0,0,0.9318400025367737,13.81190013885498,45,13.028499603271484,12.44729995727539,14548,14.659700393676758,1.4867600202560425,0.2075600028038025
1982,10,15,3,0,0.9312909841537476,13.587699890136719,45,12.844200134277344,12.31470012664795,13618,14.659700393676758,1.4428499937057495,0.20607000589370728
1982,10,15,6,0,0.930757999420166,13.43220043182373,45,12.695199966430664,12.192299842834473,12717,14.659700393676758,1.3980300426483154,0.20905999839305878
1982,10,15,9,0,0.930088996887207,13.262299537658691,45,12.517600059509277,12.02560043334961,11748,14.659700393676758,1.3480900526046753,0.21414999663829803
1982,10,15,12,0,0.929186999797821,13.01550006866455,45,12.267000198364258,11.777000427246094,10670,13.326800346374512,1.2905900478363037,0.21782000362873077
1982,10,15,15,0,0.9280179738998413,12.702400207519531,45,11.959199905395508,11.481399536132812,9549,13.326800346374512,1.2281399965286255,0.2195499986410141
1982,10,15,18,0,0.9268699884414673,12.443499565124512,45,11.694600105285645,11.202400207519531,8701,13.326800346374512,1.1784700155258179,0.22105999290943146
1982,10,15,21,0,0.926069974899292,12.290900230407715,45,11.331600189208984,10.226400375366211,8209,13.326800346374512,1.149590015411377,0.22631999850273132
1982,10,16,0,0,0.9244639873504639,11.694899559020996,45,9.366299629211426,7.1092000007629395,7867,13.326800346374512,1.1537400484085083,0.292169988155365
1982,10,16,3,0,0.9248729944229126,11.72189998626709,45,9.842100143432617,7.9644999504089355,7295,13.326800346374512,1.1078699827194214,0.2841399908065796
1982,10,16,6,0,0.9236689805984497,11.411600112915039,45,9.411299705505371,7.545400142669678,6684,14.659700393676758,1.0719599723815918,0.3013800084590912
1982,10,16,9,0,0.9221760034561157,10.967499732971191,45,8.93019962310791,7.320899963378906,6218,14.659700393676758,1.0521399974822998,0.3317500054836273
1982,10,16,12,0,0.9220200181007385,10.753899574279785,45,8.777299880981445,7.369800090789795,5879,13.326800346374512,1.0327800512313843,0.3484799861907959
1982,10,16,15,0,0.922577977180481,10.817099571228027,45,8.88659954071045,7.551400184631348,5560,13.326800346374512,1.0027999877929688,0.35135000944137573
1982,10,16,18,0,0.9224420189857483,10.952199935913086,45,9.045499801635742,7.724899768829346,5261,13.326800346374512,0.9712700247764587,0.3508000075817108
1982,10,16,21,0,0.922012984752655,10.834600448608398,45,8.323800086975098,6.423600196838379,5056,13.326800346374512,0.9599300026893616,0.36862000823020935
1982,10,17,0,0,0.9214649796485901,10.930000305175781,45,8.4975004196167,6.741199970245361,4951,13.326800346374512,0.9478800296783447,0.37646999955177307
1982,10,17,3,0,0.9222409725189209,11.213199615478516,55,9.058799743652344,7.518599987030029,4890,13.326800346374512,0.9335100054740906,0.36991000175476074
1982,10,17,6,0,0.9236199855804443,11.44320011138916,55,9.360400199890137,7.972700119018555,4860,17.73889923095703,0.9261599779129028,0.37338998913764954
1982,10,17,9,0,0.9239749908447266,11.642399787902832,55,9.552499771118164,8.234399795532227,4857,17.73889923095703,0.9223099946975708,0.37669000029563904
1982,10,17,12,0,0.9087269902229309,11.015199661254883,45,9.07129955291748,7.940700054168701,5862,17.73889923095703,1.0324300527572632,0.39368999004364014
1982,10,17,15,0,0.9053800106048584,10.637299537658691,45,8.867600440979004,7.838900089263916,7233,17.73889923095703,1.1562000513076782,0.3874799907207489
1982,10,17,18,0,0.9068120121955872,11.05270004272461,45,9.260899543762207,8.182299613952637,6981,17.73889923095703,1.1197199821472168,0.37338000535964966
1982,10,17,21,0,0.9041950106620789,11.217100143432617,45,9.22070026397705,7.968599796295166,6914,16.125999450683594,1.1124199628829956,0.37946999073028564
1982,10,18,0,0,0.9033250212669373,11.393600463867188,45,9.458800315856934,8.222900390625,7472,16.125999450683594,1.1484099626541138,0.3668999969959259
1982,10,18,3,0,0.9042199850082397,11.703900337219238,45,9.937800407409668,8.810199737548828,7834,16.125999450683594,1.1615500450134277,0.3434700071811676
1982,10,18,6,0,0.9047210216522217,11.880399703979492,45,10.250699996948242,9.199700355529785,7998,16.125999450683594,1.1646499633789062,0.32523998618125916
1982,10,18,9,0,0.9048290252685547,11.944899559020996,45,10.406299591064453,9.401700019836426,7854,16.125999450683594,1.149839997291565,0.3136799931526184
1982,10,18,12,0,0.9050790071487427,11.996899604797363,45,10.523200035095215,9.541000366210938,7491,16.125999450683594,1.1197400093078613,0.3046799898147583
1982,10,18,15,0,0.905348002910614,12.057600021362305,45,10.633299827575684,9.657500267028809,7091,16.125999450683594,1.0865000486373901,0.297109991312027
1982,10,18,18,0,0.9057440161705017,12.153300285339355,45,10.765700340270996,9.777999877929688,6697,16.125999450683594,1.0523500442504883,0.2901400029659271
1982,10,18,21,0,0.9056710004806519,12.252900123596191,55,10.860300064086914,9.829400062561035,6279,14.659700393676758,1.0165300369262695,0.28687000274658203
1982,10,19,0,0,0.9061089754104614,12.256999969482422,55,10.625900268554688,9.2052001953125,5960,14.659700393676758,0.9921799898147583,0.293969988822937
1982,10,19,3,0,0.9076560139656067,12.341699600219727,55,10.651900291442871,9.127699851989746,5747,14.659700393676758,0.972790002822876,0.2937699854373932
1982,10,19,6,0,0.9135800004005432,12.647199630737305,55,11.150400161743164,9.7475004196167,5530,14.659700393676758,0.9451000094413757,0.2755599915981293
1982,10,19,9,0,0.9202920198440552,12.961999893188477,55,11.722900390625,10.542699813842773,5350,14.659700393676758,0.9203799962997437,0.2532399892807007
1982,10,19,12,0,0.9247819781303406,13.124799728393555,55,12.070300102233887,11.076700210571289,5279,14.659700393676758,0.909089982509613,0.2378299981355667
1982,10,19,15,0,0.9276580214500427,13.146300315856934,55,12.12909984588623,11.130000114440918,5236,14.659700393676758,0.903980016708374,0.2321999967098236
1982,10,19,18,0,0.9294490218162537,12.795999526977539,55,10.879799842834473,8.70479965209961,5180,14.659700393676758,0.9104400277137756,0.2660500109195709
1982,10,19,21,0,0.9307839870452881,11.51259994506836,55,7.832200050354004,5.619999885559082,5198,14.659700393676758,0.9615600109100342,0.38767001032829285
1982,10,20,0,0,0.9316310286521912,10.619999885559082,55,6.823500156402588,5.0416998863220215,5258,14.659700393676758,1.0078200101852417,0.461899995803833
1982,10,20,3,0,0.9333199858665466,10.6673002243042,55,7.226900100708008,5.512899875640869,5243,13.326800346374512,1.0047600269317627,0.4595800042152405
1982,10,20,6,0,0.9341409802436829,11.053400039672852,55,7.413000106811523,5.475599765777588,4963,13.326800346374512,0.9619500041007996,0.43907999992370605
1982,10,20,9,0,0.9348670244216919,11.269700050354004,55,7.541299819946289,5.480199813842773,4700,13.326800346374512,0.9273899793624878,0.42640000581741333
1982,10,20,12,0,0.9362300038337708,11.370800018310547,55,7.702000141143799,5.589700222015381,4480,13.326800346374512,0.9007899761199951,0.4175899922847748
1982,10,20,15,0,0.938215970993042,11.452300071716309,55,7.963200092315674,5.840799808502197,4346,13.326800346374512,0.8832700252532959,0.40887999534606934
1982,10,20,18,0,0.9399160146713257,11.221500396728516,55,7.657100200653076,5.616700172424316,4349,13.326800346374512,0.8924199938774109,0.42594999074935913
1982,10,20,21,0,0.9399110078811646,10.077099800109863,55,6.366399765014648,4.784200191497803,4623,13.326800346374512,0.9715200066566467,0.5116699934005737
1982,10,21,0,0,0.9389730095863342,9.007200241088867,55,5.627099990844727,4.399400234222412,5064,13.326800346374512,1.0753899812698364,0.5808200240135193
1982,10,21,3,0,0.9374319911003113,7.498000144958496,55,4.996200084686279,4.140200138092041,6402,13.326800346374512,1.3192700147628784,0.6408100128173828
1982,10,21,6,0,0.9395570158958435,6.877600193023682,65,5.266300201416016,4.548500061035156,10837,6.837800025939941,1.747630000114441,0.5498200058937073
1982,10,21,9,0,0.9512550234794617,7.149499893188477,65,5.6981000900268555,4.945000171661377,13561,7.5218000411987305,1.8909800052642822,0.4835599958896637
1982,10,21,12,0,0.9549350142478943,7.272299766540527,65,5.881700038909912,5.099800109863281,16077,7.5218000411987305,2.02659010887146,0.448419988155365
1982,10,21,15,0,0.9594619870185852,7.467400074005127,65,6.172999858856201,5.405399799346924,18504,8.274100303649902,2.13316011428833,0.41343000531196594
1982,10,21,18,0,0.9595350027084351,7.517300128936768,65,6.264599800109863,5.470699787139893,25634,8.274100303649902,2.4902501106262207,0.3831599950790405
1982,10,21,21,0,0.9528480172157288,7.6168999671936035,65,6.327499866485596,5.49459981918335,42772,9.101699829101562,3.1902499198913574,0.36910000443458557
1982,10,22,0,0,0.9594389796257019,8.309300422668457,65,7.022600173950195,6.12529993057251,46951,10.01200008392334,3.1993799209594727,0.340719997882843
1982,10,22,3,0,0.9620929956436157,8.82409954071045,65,7.514400005340576,6.573699951171875,75992,10.01200008392334,3.962970018386841,0.3281799852848053
1982,10,22,6,0,0.9649040102958679,9.721599578857422,65,8.421899795532227,7.445499897003174,108427,11.013500213623047,4.5476298332214355,0.3075000047683716
1982,10,22,9,0,0.9624080061912537,9.665599822998047,65,8.193599700927734,7.13640022277832,135034,12.114999771118164,5.1078200340271,0.3286600112915039
1982,10,22,12,0,0.9629020094871521,10.311699867248535,65,8.910599708557129,7.868500232696533,174200,12.114999771118164,5.653260231018066,0.30908000469207764
1982,10,22,15,0,0.965133011341095,10.5068998336792,65,9.13759994506836,8.107500076293945,154687,12.114999771118164,5.287930011749268,0.30052998661994934
1982,10,22,18,0,0.9663329720497131,10.712400436401367,65,9.479000091552734,8.539799690246582,123526,12.114999771118164,4.6796698570251465,0.28102999925613403
1982,10,22,21,0,0.9652799963951111,10.470499992370605,65,9.207500457763672,8.225899696350098,85024,12.114999771118164,3.9126999378204346,0.2844099998474121
1982,10,23,0,0,0.9623439908027649,9.956100463867188,65,8.520400047302246,7.444399833679199,63577,12.114999771118164,3.457469940185547,0.3110499978065491
1982,10,23,3,0,0.9592999815940857,9.489700317382812,65,8.035400390625,7.0065999031066895,55032,12.114999771118164,3.2838199138641357,0.3305799961090088
1982,10,23,6,0,0.9543889760971069,9.126999855041504,65,7.722499847412109,6.759099960327148,53590,12.114999771118164,3.2913999557495117,0.3376399874687195
1982,10,23,9,0,0.9526519775390625,9.05459976196289,65,7.736100196838379,6.792699813842773,46174,11.013500213623047,3.0573699474334717,0.3268299996852875
1982,10,23,12,0,0.9528589844703674,8.81980037689209,65,7.517000198364258,6.606800079345703,37885,11.013500213623047,2.800719976425171,0.3333599865436554
1982,10,23,15,0,0.9518229961395264,8.540800094604492,65,7.195199966430664,6.286399841308594,30153,10.01200008392334,2.538180112838745,0.34911999106407166
1982,10,23,18,0,0.9493489861488342,8.05049991607666,65,6.665299892425537,5.793300151824951,25984,10.01200008392334,2.4284000396728516,0.3764500021934509
1982,10,23,21,0,0.9467530250549316,7.98360013961792,65,6.5644001960754395,5.68209981918335,22614,10.01200008392334,2.276599884033203,0.38486000895500183
1982,10,24,0,0,0.9428820013999939,8.06309986114502,65,6.600900173187256,5.694499969482422,21775,10.01200008392334,2.225939989089966,0.38756999373435974
1982,10,24,3,0,0.9421460032463074,8.46560001373291,55,6.9953999519348145,6.034599781036377,21076,10.01200008392334,2.1382598876953125,0.3710100054740906
1982,10,24,6,0,0.9416329860687256,8.799300193786621,55,7.197000026702881,6.1539998054504395,21955,11.013500213623047,2.151099920272827,0.37595999240875244
1982,10,24,9,0,0.9417970180511475,9.384599685668945,55,7.701499938964844,6.573699951171875,24940,12.114999771118164,2.2339799404144287,0.36548998951911926
1982,10,24,12,0,0.9416099786758423,9.828900337219238,55,8.199299812316895,7.061399936676025,26467,12.114999771118164,2.256269931793213,0.3469200134277344
1982,10,24,15,0,0.9408689737319946,9.990599632263184,55,8.398200035095215,7.252900123596191,25105,12.114999771118164,2.1811299324035645,0.33750998973846436
1982,10,24,18,0,0.9402300119400024,9.782899856567383,55,8.03320026397705,6.7967000007629395,23194,12.114999771118164,2.117990016937256,0.3532400131225586
1982,10,24,21,0,0.9404140114784241,9.192299842834473,55,7.319699764251709,6.158699989318848,22931,12.114999771118164,2.1711199283599854,0.3920699954032898
1982,10,25,0,0,0.93995201587677,9.00510025024414,55,7.156400203704834,6.044099807739258,23157,12.114999771118164,2.203619956970215,0.402209997177124
1982,10,25,3,0,0.939873993396759,9.186699867248535,55,7.311299800872803,6.159800052642822,23677,12.114999771118164,2.2098400592803955,0.3983500003814697
1982,10,25,6,0,0.93954998254776,9.220000267028809,55,7.338399887084961,6.1992998123168945,25804,12.114999771118164,2.3058199882507324,0.4015600085258484
1982,10,25,9,0,0.9378719925880432,8.707200050354004,55,6.874499797821045,5.832600116729736,30166,13.326800346374512,2.560539960861206,0.4232900142669678
1982,10,25,12,0,0.9385960102081299,8.570199966430664,55,6.916600227355957,5.935299873352051,33765,12.114999771118164,2.7149600982666016,0.40582001209259033
1982,10,25,15,0,0.935932993888855,8.132200241088867,55,6.65369987487793,5.7642998695373535,38038,9.101699829101562,2.9402999877929688,0.39800000190734863
1982,10,25,18,0,0.94206702709198,7.948999881744385,65,6.669600009918213,5.843400001525879,47387,9.101699829101562,3.293750047683716,0.3656199872493744
1982,10,25,21,0,0.9484270215034485,8.084699630737305,65,6.896999835968018,6.08489990234375,61580,9.101699829101562,3.7083799839019775,0.33803999423980713
1982,10,26,0,0,0.9549990296363831,9.078300476074219,65,8.049400329589844,7.313300132751465,59223,10.01200008392334,3.4357900619506836,0.28992998600006104
1982,10,26,3,0,0.9480310082435608,9.340299606323242,65,8.337300300598145,7.5894999504089355,43779,10.01200008392334,2.915570020675659,0.2796100080013275
1982,10,26,6,0,0.9411010146141052,9.40310001373291,55,8.336400032043457,7.514999866485596,36025,10.01200008392334,2.6401801109313965,0.28543001413345337
1982,10,26,9,0,0.9380429983139038,9.469599723815918,55,8.362799644470215,7.491600036621094,31290,10.01200008392334,2.4554500579833984,0.2890399992465973
1982,10,26,12,0,0.9309200048446655,9.64840030670166,55,8.404399871826172,7.445199966430664,30484,11.013500213623047,2.4140100479125977,0.30347999930381775
1982,10,26,15,0,0.9251930117607117,10.202500343322754,45,8.995499610900879,8.105999946594238,32614,11.013500213623047,2.447319984436035,0.29708999395370483
1982,10,26,18,0,0.9265069961547852,10.599699974060059,45,9.556599617004395,8.852999687194824,31221,12.114999771118164,2.357640027999878,0.27908000349998474
1982,10,26,21,0,0.9270780086517334,10.689200401306152,45,9.709799766540527,9.054699897766113,28438,12.114999771118164,2.2405099868774414,0.269679993391037
1982,10,27,0,0,0.9267669916152954,10.706000328063965,45,9.740500450134277,9.081899642944336,25906,12.114999771118164,2.1361899375915527,0.26646000146865845
1982,10,27,3,0,0.9254800081253052,10.6766996383667,45,9.795900344848633,9.258600234985352,22997,12.114999771118164,2.0129799842834473,0.26236000657081604
1982,10,27,6,0,0.923799991607666,10.562000274658203,45,9.705499649047852,9.20110034942627,20020,12.114999771118164,1.8848799467086792,0.2641499936580658
1982,10,27,9,0,0.9220979809761047,10.419599533081055,45,9.569000244140625,9.079099655151367,17239,12.114999771118164,1.7576700448989868,0.26903998851776123
1982,10,27,12,0,0.9203220009803772,10.222399711608887,45,9.387100219726562,8.914299964904785,14652,11.013500213623047,1.631350040435791,0.2729800045490265
1982,10,27,15,0,0.9186800122261047,9.994000434875488,45,9.185400009155273,8.732500076293945,12420,11.013500213623047,1.5138399600982666,0.2747499942779541
1982,10,27,18,0,0.9176250100135803,9.821900367736816,45,9.018899917602539,8.571399688720703,10724,10.01200008392334,1.4161800146102905,0.28001999855041504
1982,10,27,21,0,0.9170950055122375,9.736700057983398,45,8.911600112915039,8.474100112915039,9468,10.01200008392334,1.337049961090088,0.29148000478744507
1982,10,28,0,0,0.9167919754981995,9.680399894714355,45,8.805000305175781,8.357000350952148,8458,10.01200008392334,1.269469976425171,0.30612000823020935
1982,10,28,3,0,0.9163359999656677,9.612099647521973,45,8.690500259399414,8.2322998046875,7557,10.01200008392334,1.2058299779891968,0.31944000720977783
1982,10,28,6,0,0.9156180024147034,9.515600204467773,45,8.560600280761719,8.098600387573242,6732,9.101699829101562,1.1448099613189697,0.3313800096511841
1982,10,28,9,0,0.9145259857177734,9.416000366210938,45,8.412099838256836,7.916999816894531,6037,9.101699829101562,1.0908399820327759,0.3447200059890747
1982,10,28,12,0,0.9115200042724609,8.464400291442871,45,6.2256999015808105,4.89769983291626,5600,9.101699829101562,1.1137800216674805,0.44176000356674194
1982,10,28,15,0,0.9057599902153015,6.889800071716309,45,5.076200008392334,4.26639986038208,6197,9.101699829101562,1.3085999488830566,0.534850001335144
1982,10,28,18,0,0.904604971408844,5.833199977874756,55,4.608500003814697,4.027599811553955,8343,5.650899887084961,1.6552000045776367,0.51596999168396
1982,10,28,21,0,0.9279379844665527,5.997099876403809,65,5.025100231170654,4.451399803161621,15361,6.837800025939941,2.18176007270813,0.4105300009250641
1982,10,29,0,0,0.9378250241279602,6.881199836730957,65,5.821499824523926,5.142099857330322,29151,8.274100303649902,2.7701199054718018,0.36820000410079956
1982,10,29,3,0,0.9372130036354065,7.604599952697754,65,6.38100004196167,5.600399971008301,44584,9.101699829101562,3.2622900009155273,0.370169997215271
1982,10,29,6,0,0.9424620270729065,8.196999549865723,65,6.92140007019043,6.073400020599365,62960,10.01200008392334,3.7368900775909424,0.3535099923610687
1982,10,29,9,0,0.9451190233230591,9.00469970703125,65,7.731900215148926,6.844600200653076,69752,11.013500213623047,3.768009901046753,0.3305000066757202
1982,10,29,12,0,0.9432759881019592,9.303799629211426,65,7.979599952697754,7.044600009918213,58239,11.013500213623047,3.3990800380706787,0.32905998826026917
1982,10,29,15,0,0.9417780041694641,9.606100082397461,65,8.462499618530273,7.68720006942749,45587,12.114999771118164,2.9604499340057373,0.30990999937057495
1982,10,29,18,0,0.9419770240783691,9.97659969329834,55,9.105299949645996,8.588899612426758,35982,12.114999771118164,2.5800600051879883,0.27990999817848206
1982,10,29,21,0,0.9396070241928101,10.036299705505371,55,9.266799926757812,8.836600303649902,30434,12.114999771118164,2.363229990005493,0.27083998918533325
1982,10,30,0,0,0.9360659718513489,10.020899772644043,55,9.269599914550781,8.869000434875488,25204,11.013500213623047,2.152369976043701,0.27489998936653137
1982,10,30,3,0,0.9338889718055725,10.042499542236328,55,9.264300346374512,8.861900329589844,20072,11.013500213623047,1.9217000007629395,0.2840999960899353
1982,10,30,6,0,0.9301519989967346,10.06089973449707,55,9.267499923706055,8.858699798583984,16375,11.013500213623047,1.7355799674987793,0.28874000906944275
1982,10,30,9,0,0.9243410229682922,10.044599533081055,55,9.237600326538086,8.788599967956543,13926,11.013500213623047,1.6012500524520874,0.2889699935913086
1982,10,30,12,0,0.9169390201568604,10.028800010681152,55,9.199999809265137,8.727100372314453,11884,11.013500213623047,1.4805799722671509,0.29243001341819763
1982,10,30,15,0,0.9115279912948608,10.146699905395508,55,9.264300346374512,8.753399848937988,10005,11.013500213623047,1.3548599481582642,0.30114999413490295
1982,10,30,18,0,0.9061689972877502,10.305500030517578,55,9.25220012664795,8.613800048828125,8119,10.01200008392334,1.2193599939346313,0.3245300054550171
1982,10,30,21,0,0.9030190110206604,10.571499824523926,55,9.333000183105469,8.61050033569336,6467,17.73889923095703,1.0842900276184082,0.3459799885749817
1982,10,31,0,0,0.9047899842262268,10.960399627685547,55,9.562999725341797,8.775099754333496,5121,17.73889923095703,0.9567099809646606,0.3545199930667877
1982,10,31,3,0,0.9062070250511169,11.266900062561035,55,9.705900192260742,8.717499732971191,4294,17.73889923095703,0.8694000244140625,0.35128000378608704
1982,10,31,6,0,0.9044709801673889,11.453900337219238,55,9.770000457763672,8.527899742126465,3960,17.73889923095703,0.8294399976730347,0.33675000071525574
1982,10,31,9,0,0.9059399962425232,11.597000122070312,45,9.999300003051758,8.685600280761719,4009,13.326800346374512,0.8273699879646301,0.30866000056266785
1982,10,31,12,0,0.9087439775466919,11.6806001663208,45,10.308699607849121,9.116399765014648,4247,13.326800346374512,0.845300018787384,0.28009000420570374
1982,10,31,15,0,0.909542977809906,11.721599578857422,45,10.55049991607666,9.550600051879883,4525,12.114999771118164,0.8686800003051758,0.26183998584747314
1982,10,31,18,0,0.9096639752388,11.757399559020996,45,10.729299545288086,9.901700019836426,4848,12.114999771118164,0.8965299725532532,0.2507700026035309
1982,10,31,21,0,0.909820020198822,11.762999534606934,45,10.83590030670166,10.116399765014648,5250,12.114999771118164,0.9314000010490417,0.2420399934053421
1982,11,1,0,0,0.9092959761619568,11.625499725341797,45,10.473400115966797,9.324199676513672,5684,12.114999771118164,0.9732999801635742,0.2489600032567978
1982,11,1,3,0,0.9080579876899719,11.325699806213379,45,9.9975004196167,8.79990005493164,6086,12.114999771118164,1.0181200504302979,0.26910001039505005
1982,11,1,6,0,0.9077020287513733,11.160799980163574,45,9.897899627685547,8.82960033416748,6378,12.114999771118164,1.0471299886703491,0.27129000425338745
1982,11,1,9,0,0.9078059792518616,11.07859992980957,45,9.967100143432617,9.082900047302246,6569,12.114999771118164,1.063420057296753,0.2630699872970581
1982,11,1,12,0,0.9076480269432068,10.98449993133545,45,9.998299598693848,9.257599830627441,6710,12.114999771118164,1.0759600400924683,0.254720002412796
1982,11,1,15,0,0.9073290228843689,10.878800392150879,45,9.972100257873535,9.317500114440918,6731,12.114999771118164,1.079800009727478,0.24909000098705292
1982,11,1,18,0,0.9067829847335815,10.76669979095459,45,9.906299591064453,9.301899909973145,6606,11.013500213623047,1.0727200508117676,0.24650999903678894
1982,11,1,21,0,0.9060590267181396,10.64799976348877,45,9.811300277709961,9.236900329589844,6330,11.013500213623047,1.0537199974060059,0.2467000037431717
1982,11,2,0,0,0.905256986618042,10.526700019836426,45,9.69159984588623,9.125,5950,11.013500213623047,1.0258100032806396,0.24945999681949615
1982,11,2,3,0,0.9007359743118286,10.151599884033203,45,9.020999908447266,8.128700256347656,5624,11.013500213623047,1.0149099826812744,0.2804499864578247
1982,11,2,6,0,0.8998240232467651,10.072600364685059,45,8.94789981842041,8.04640007019043,5210,11.013500213623047,0.9796199798583984,0.2828199863433838
1982,11,2,9,0,0.9010980129241943,10.179699897766113,45,9.184900283813477,8.422499656677246,4737,11.013500213623047,0.9289900064468384,0.27379000186920166
1982,11,2,12,0,0.9017289876937866,10.258299827575684,45,9.343000411987305,8.699899673461914,4357,11.013500213623047,0.8881499767303467,0.27156001329421997
1982,11,2,15,0,0.9018939733505249,10.31410026550293,45,9.417499542236328,8.822699546813965,4067,11.013500213623047,0.8568300008773804,0.27379000186920166
1982,11,2,18,0,0.9018959999084473,10.348400115966797,45,9.434200286865234,8.822799682617188,3829,11.013500213623047,0.8309199810028076,0.2768400013446808
1982,11,2,21,0,0.9017260074615479,10.342399597167969,45,9.392900466918945,8.779899597167969,3599,10.01200008392334,0.8063899874687195,0.28165000677108765
1982,11,3,0,0,0.9011840224266052,10.348799705505371,45,9.401200294494629,8.810999870300293,3370,10.01200008392334,0.7804200053215027,0.28220999240875244
1982,11,3,3,0,0.9006040096282959,10.371199607849121,45,9.416999816894531,8.837800025939941,3176,13.326800346374512,0.7572799921035767,0.28233999013900757
1982,11,3,6,0,0.9003270268440247,10.41670036315918,45,9.379300117492676,8.636699676513672,3033,13.326800346374512,0.7394599914550781,0.28356000781059265
1982,11,3,9,0,0.8972240090370178,8.703300476074219,45,5.508699893951416,4.083499908447266,3084,13.326800346374512,0.8218700289726257,0.4625599980354309
1982,11,3,12,0,0.9005740284919739,8.081500053405762,45,5.28000020980835,4.140699863433838,3184,13.326800346374512,0.8707600235939026,0.5183799862861633
1982,11,3,15,0,0.9102309942245483,6.912600040435791,55,4.708600044250488,3.9014999866485596,3598,13.326800346374512,1.0082999467849731,0.586359977722168
1982,11,3,18,0,0.9257280230522156,6.260499954223633,55,4.654900074005127,4.000100135803223,4653,13.326800346374512,1.2039300203323364,0.5650100111961365
1982,11,3,21,0,0.9283030033111572,6.0706000328063965,55,4.854000091552734,4.2428998947143555,8565,6.216100215911865,1.6351300477981567,0.4758000075817108
1982,11,4,0,0,0.9354050159454346,6.707900047302246,55,5.503399848937988,4.810999870300293,13282,7.5218000411987305,1.910099983215332,0.41308000683784485
1982,11,4,3,0,0.9379969835281372,7.338200092315674,55,6.006999969482422,5.210299968719482,16964,8.274100303649902,2.0562000274658203,0.395579993724823
1982,11,4,6,0,0.9386900067329407,7.835000038146973,55,6.370999813079834,5.471700191497803,18498,9.101699829101562,2.079590082168579,0.3880000114440918
1982,11,4,9,0,0.9375770092010498,7.974800109863281,55,6.456299781799316,5.521599769592285,18669,11.013500213623047,2.071899890899658,0.3862000107765198
1982,11,4,12,0,0.9368990063667297,8.10319995880127,55,6.638199806213379,5.714900016784668,16488,11.013500213623047,1.9304399490356445,0.37602999806404114
1982,11,4,15,0,0.9348049759864807,8.573200225830078,55,7.261000156402588,6.397500038146973,14068,11.013500213623047,1.7328699827194214,0.3476400077342987
1982,11,4,18,0,0.9300439953804016,9.07450008392334,55,7.932799816131592,7.220300197601318,13224,11.013500213623047,1.6347700357437134,0.32124999165534973
1982,11,4,21,0,0.9270439743995667,9.376799583435059,45,8.339699745178223,7.723599910736084,13198,11.013500213623047,1.6076799631118774,0.30351999402046204
1982,11,5,0,0,0.926518976688385,9.526800155639648,45,8.539899826049805,7.9679999351501465,13831,11.013500213623047,1.6338599920272827,0.2958100140094757
1982,11,5,3,0,0.9277359843254089,9.811300277709961,45,8.813300132751465,8.229999542236328,14918,11.013500213623047,1.6773799657821655,0.2912999987602234
1982,11,5,6,0,0.9302420020103455,10.23799991607666,45,9.229499816894531,8.62090015411377,16216,12.114999771118164,1.7205400466918945,0.282370001077652
1982,11,5,9,0,0.932325005531311,10.634599685668945,45,9.64050006866455,9.021300315856934,17318,13.326800346374512,1.7528799772262573,0.2712100148200989
1982,11,5,12,0,0.9333239793777466,10.885000228881836,45,9.916899681091309,9.29699993133545,17699,13.326800346374512,1.7566299438476562,0.26177000999450684
1982,11,5,15,0,0.9330779910087585,10.829999923706055,45,9.645899772644043,8.574999809265137,16582,13.326800346374512,1.7047100067138672,0.2658799886703491
1982,11,5,18,0,0.9280279874801636,9.18589973449707,45,6.928199768066406,5.597300052642822,16684,12.114999771118164,1.855780005455017,0.4021899998188019
1982,11,5,21,0,0.9266660213470459,8.758000373840332,45,6.850900173187256,5.6844000816345215,18441,12.114999771118164,1.9838299751281738,0.39287999272346497
1982,11,6,0,0,0.9285719990730286,9.106100082397461,45,7.444900035858154,6.303699970245361,17023,12.114999771118164,1.8612699508666992,0.35036998987197876
1982,11,6,3,0,0.9284250140190125,9.475500106811523,45,8.162300109863281,7.1631999015808105,14468,12.114999771118164,1.6761900186538696,0.3048799932003021
1982,11,6,6,0,0.9256899952888489,9.375300407409668,45,8.054300308227539,7.014699935913086,12583,11.013500213623047,1.5683300495147705,0.30289000272750854
1982,11,6,9,0,0.9207220077514648,9.049599647521973,45,7.769800186157227,6.852399826049805,11530,11.013500213623047,1.5259900093078613,0.31690001487731934
1982,11,6,12,0,0.9179530143737793,8.983799934387207,45,7.906000137329102,7.1774001121521,11618,11.013500213623047,1.5334800481796265,0.30531999468803406
1982,11,6,15,0,0.918283998966217,9.290800094604492,45,8.304100036621094,7.680300235748291,11853,11.013500213623047,1.5253599882125854,0.2927199900150299
1982,11,6,18,0,0.9185760021209717,9.713399887084961,45,8.651300430297852,7.926300048828125,12525,11.013500213623047,1.541700005531311,0.2897300124168396
1982,11,6,21,0,0.918088972568512,10.011699676513672,45,8.878899574279785,8.112000465393066,13729,12.114999771118164,1.5981500148773193,0.2925499975681305
1982,11,7,0,0,0.9192960262298584,10.357099533081055,45,9.276800155639648,8.569899559020996,15187,12.114999771118164,1.6589000225067139,0.28279998898506165
1982,11,7,3,0,0.9213820099830627,10.782099723815918,45,9.751899719238281,9.086299896240234,16496,12.114999771118164,1.703279972076416,0.271340012550354
1982,11,7,6,0,0.9232109785079956,11.193599700927734,45,10.183600425720215,9.527600288391113,17467,12.114999771118164,1.7306400537490845,0.26319000124931335
1982,11,7,9,0,0.9242870211601257,11.489899635314941,45,10.497699737548828,9.850099563598633,17837,13.326800346374512,1.7341500520706177,0.2573699951171875
1982,11,7,12,0,0.924593985080719,11.661399841308594,45,10.67549991607666,10.036199569702148,17565,13.326800346374512,1.7132899761199951,0.25565001368522644
1982,11,7,15,0,0.9244790077209473,11.792900085449219,45,10.792699813842773,10.150799751281738,17245,13.326800346374512,1.6928900480270386,0.2570900022983551
1982,11,7,18,0,0.9239910244941711,11.903200149536133,45,10.87559986114502,10.215499877929688,17548,13.326800346374512,1.7043299674987793,0.2591400146484375
1982,11,7,21,0,0.9230780005455017,11.836199760437012,45,10.724699974060059,9.925299644470215,19159,13.326800346374512,1.785979986190796,0.26528000831604004
1982,11,8,0,0,0.9225419759750366,11.3016996383667,45,9.157899856567383,7.343900203704834,21015,13.326800346374512,1.9142500162124634,0.31850001215934753
1982,11,8,3,0,0.9254109859466553,11.265700340270996,45,9.417099952697754,7.950300216674805,22001,13.326800346374512,1.9606300592422485,0.31659001111984253
1982,11,8,6,0,0.9278560280799866,11.619099617004395,45,10.327300071716309,9.413200378417969,21959,13.326800346374512,1.927150011062622,0.2792600095272064
1982,11,8,9,0,0.9290930032730103,11.60890007019043,45,10.439399719238281,9.656900405883789,22249,13.326800346374512,1.9374200105667114,0.2712799906730652
1982,11,8,12,0,0.9288880228996277,11.364999771118164,45,10.110600471496582,9.28030014038086,22792,13.326800346374512,1.9773499965667725,0.28349998593330383
1982,11,8,15,0,0.9290120005607605,11.454299926757812,45,10.34160041809082,9.60260009765625,22240,13.326800346374512,1.9426900148391724,0.2671000063419342
1982,11,8,18,0,0.9294139742851257,11.553099632263184,45,10.566499710083008,9.904399871826172,22912,13.326800346374512,1.9615700244903564,0.2518399953842163
1982,11,8,21,0,0.9290429949760437,11.463700294494629,45,10.548100471496582,9.926300048828125,23492,13.326800346374512,1.9878699779510498,0.24443000555038452
1982,11,9,0,0,0.9265109896659851,11.169400215148926,45,10.277099609375,9.699299812316895,20532,12.114999771118164,1.872939944267273,0.24642999470233917
1982,11,9,3,0,0.9233400225639343,10.852399826049805,45,9.96560001373291,9.395500183105469,16805,12.114999771118164,1.7099000215530396,0.2496500015258789
1982,11,9,6,0,0.9205629825592041,10.606200218200684,45,9.726699829101562,9.164999961853027,13911,12.114999771118164,1.5674400329589844,0.25262999534606934
1982,11,9,9,0,0.9197649955749512,10.486700057983398,35,9.614500045776367,9.059800148010254,12307,12.114999771118164,1.4797999858856201,0.2542499899864197
1982,11,9,12,0,0.9193050265312195,10.543100357055664,35,9.690099716186523,9.13949966430664,12088,12.114999771118164,1.4628599882125854,0.24977000057697296
1982,11,9,15,0,0.9191550016403198,10.69379997253418,35,9.892600059509277,9.359000205993652,12823,12.114999771118164,1.4969300031661987,0.23777000606060028
1982,11,9,18,0,0.9183109998703003,10.62030029296875,35,9.851900100708008,9.337300300598145,11607,12.114999771118164,1.426200032234192,0.23309999704360962
1982,11,9,21,0,0.9168819785118103,10.44480037689209,35,9.677300453186035,9.164600372314453,9261,11.013500213623047,1.2810800075531006,0.2351199984550476
1982,11,10,0,0,0.915207028388977,10.287099838256836,35,9.526000022888184,9.012299537658691,7496,11.013500213623047,1.1583499908447266,0.23687000572681427
1982,11,10,3,0,0.9134320020675659,10.166399955749512,35,9.423700332641602,8.914899826049805,6219,11.013500213623047,1.0588099956512451,0.23691000044345856
1982,11,10,6,0,0.911378026008606,10.021900177001953,35,9.234299659729004,8.641900062561035,5281,11.013500213623047,0.9809200167655945,0.24268999695777893
1982,11,10,9,0,0.9095960259437561,9.892600059509277,35,9.093000411987305,8.482000350952148,4535,10.01200008392334,0.91389000415802,0.24997000396251678
1982,11,10,12,0,0.908149003982544,9.822799682617188,35,9.038700103759766,8.477899551391602,3898,10.01200008392334,0.8502799868583679,0.25949999690055847
1982,11,10,15,0,0.9068520069122314,9.86620044708252,35,9.075599670410156,8.53219985961914,3385,10.01200008392334,0.7918499708175659,0.2709299921989441
1982,11,10,18,0,0.9062899947166443,10.113800048828125,35,9.319600105285645,8.80049991607666,2947,10.01200008392334,0.7327600121498108,0.27911001443862915
1982,11,10,21,0,0.9056469798088074,10.442899703979492,35,9.609299659729004,9.082599639892578,2594,10.01200008392334,0.6807399988174438,0.28683000802993774
1982,11,11,0,0,0.9050809741020203,10.719499588012695,35,9.78600025177002,9.126799583435059,2439,10.01200008392334,0.6551899909973145,0.2916800081729889
1982,11,11,3,0,0.9042099714279175,10.81779956817627,35,9.516200065612793,8.341500282287598,2462,13.326800346374512,0.6586999893188477,0.3071399927139282
1982,11,11,6,0,0.9040420055389404,10.979399681091309,35,9.439299583435059,8.053000450134277,2607,13.326800346374512,0.676859974861145,0.32113000750541687
1982,11,11,9,0,0.9057729840278625,11.347700119018555,45,9.738200187683105,8.350500106811523,2853,13.326800346374512,0.7025799751281738,0.32927998900413513
1982,11,11,12,0,0.9094139933586121,11.8326997756958,45,10.153200149536133,8.76550006866455,3234,12.114999771118164,0.7404400110244751,0.33162999153137207
1982,11,11,15,0,0.9146900177001953,12.356599807739258,45,10.68239974975586,9.291299819946289,3928,16.125999450683594,0.805620014667511,0.3156599998474121
1982,11,11,18,0,0.9203600287437439,12.696000099182129,45,11.198699951171875,9.887700080871582,4999,14.659700393676758,0.8987200260162354,0.2847200036048889
1982,11,11,21,0,0.9243029952049255,12.761199951171875,45,11.476099967956543,10.318599700927734,6019,14.659700393676758,0.9808300137519836,0.26093000173568726
1982,11,12,0,0,0.927528977394104,12.786399841308594,45,11.658499717712402,10.656700134277344,6962,13.326800346374512,1.0516300201416016,0.2473600059747696
1982,11,12,3,0,0.9301699995994568,12.81410026550293,45,11.803999900817871,10.942399978637695,7894,12.114999771118164,1.1172800064086914,0.23845000565052032
1982,11,12,6,0,0.931738018989563,12.744999885559082,45,11.812899589538574,11.065600395202637,8391,14.659700393676758,1.1524300575256348,0.23533999919891357
1982,11,12,9,0,0.93265700340271,12.618499755859375,45,11.717399597167969,11.045999526977539,8368,13.326800346374512,1.1536999940872192,0.23884999752044678
1982,11,12,12,0,0.933364987373352,12.43850040435791,45,11.529899597167969,10.89109992980957,8039,13.326800346374512,1.135699987411499,0.2463199943304062
1982,11,12,15,0,0.9341819882392883,12.165800094604492,45,11.19279956817627,10.503800392150879,7576,12.114999771118164,1.1102999448776245,0.2571899890899658
1982,11,12,18,0,0.9354900121688843,11.809499740600586,45,10.799500465393066,10.085100173950195,7206,12.114999771118164,1.0928399562835693,0.2668299973011017
1982,11,12,21,0,0.9377710223197937,11.315899848937988,45,10.232999801635742,9.400300025939941,7224,12.114999771118164,1.1093300580978394,0.2786799967288971
1982,11,13,0,0,0.9400950074195862,10.806500434875488,45,9.704400062561035,8.834699630737305,7505,11.013500213623047,1.1485999822616577,0.28929999470710754
1982,11,13,3,0,0.9445800185203552,10.425200462341309,55,9.409099578857422,8.742899894714355,7911,11.013500213623047,1.195039987564087,0.2989499866962433
1982,11,13,6,0,0.9482049942016602,10.175100326538086,55,9.166600227355957,8.605799674987793,8331,10.01200008392334,1.239609956741333,0.31273001432418823
1982,11,13,9,0,0.9502760171890259,10.042699813842773,55,8.970499992370605,8.417400360107422,8548,10.01200008392334,1.265239953994751,0.32982999086380005
1982,11,13,12,0,0.9509310126304626,10.032699584960938,55,8.86620044708252,8.281800270080566,8572,10.01200008392334,1.271440029144287,0.3470200002193451
1982,11,13,15,0,0.9504830241203308,10.103099822998047,55,8.839200019836426,8.212300300598145,8581,10.01200008392334,1.2724599838256836,0.360150009393692
1982,11,13,18,0,0.9484829902648926,10.2298002243042,55,8.857799530029297,8.176899909973145,8597,16.125999450683594,1.2714500427246094,0.37038999795913696
1982,11,13,21,0,0.9454920291900635,10.362299919128418,55,8.88290023803711,8.118599891662598,8489,16.125999450683594,1.2603399753570557,0.3759399950504303
1982,11,14,0,0,0.9429190158843994,10.512100219726562,55,9.006600379943848,8.223799705505371,8160,16.125999450683594,1.2297699451446533,0.37244001030921936
1982,11,14,3,0,0.9375709891319275,10.63949966430664,55,9.062700271606445,8.184100151062012,7743,16.125999450683594,1.193750023841858,0.36983001232147217
1982,11,14,6,0,0.9328089952468872,10.853400230407715,55,9.229700088500977,8.263299942016602,7148,16.125999450683594,1.1388700008392334,0.36263999342918396
1982,11,14,9,0,0.9316930174827576,11.063699722290039,55,9.470399856567383,8.487600326538086,6440,14.659700393676758,1.0723199844360352,0.3505299985408783
1982,11,14,12,0,0.9315360188484192,11.17300033569336,55,9.61050033569336,8.6225004196167,5885,14.659700393676758,1.0205700397491455,0.34477001428604126
1982,11,14,15,0,0.931352972984314,11.140700340270996,55,9.274200439453125,7.952199935913086,5562,14.659700393676758,0.996209979057312,0.36226001381874084
1982,11,14,18,0,0.9317589998245239,10.98330020904541,55,8.185099601745605,6.336400032043457,5507,14.659700393676758,1.007680058479309,0.41582000255584717
1982,11,14,21,0,0.9323279857635498,10.300700187683105,55,6.861000061035156,5.247200012207031,5784,14.659700393676758,1.0771000385284424,0.5049200057983398
1982,11,15,0,0,0.932623028755188,9.115900039672852,55,5.855599880218506,4.684100151062012,7086,14.659700393676758,1.2772400379180908,0.6030399799346924
1982,11,15,3,0,0.9320170283317566,9.518199920654297,55,6.174200057983398,4.934800148010254,8152,17.73889923095703,1.3496999740600586,0.5919600129127502
1982,11,15,6,0,0.9294419884681702,10.401599884033203,55,6.665999889373779,5.184999942779541,8618,17.73889923095703,1.337049961090088,0.5530700087547302
1982,11,15,9,0,0.9285060167312622,11.530799865722656,55,7.500999927520752,5.670899868011475,9668,17.73889923095703,1.3548799753189087,0.493010014295578
1982,11,15,12,0,0.9282029867172241,12.670000076293945,55,8.82960033416748,6.628900051116943,10592,16.125999450683594,1.3578399419784546,0.41795000433921814
1982,11,15,15,0,0.9292529821395874,13.390700340270996,45,9.970199584960938,7.517300128936768,11194,16.125999450683594,1.3579299449920654,0.3585900068283081
1982,11,15,18,0,0.9299409985542297,13.777099609375,45,10.872300148010254,8.363499641418457,11625,16.125999450683594,1.3611400127410889,0.31439000368118286
1982,11,15,21,0,0.9296650290489197,13.523300170898438,45,10.30679988861084,7.636199951171875,12055,16.125999450683594,1.392699956893921,0.318589985370636
1982,11,16,0,0,0.9288489818572998,12.879400253295898,45,9.285699844360352,6.771999835968018,12218,16.125999450683594,1.4278000593185425,0.3507100045681
1982,11,16,3,0,0.928026020526886,12.195099830627441,45,8.4552001953125,6.1930999755859375,12138,16.125999450683594,1.45346999168396,0.3847399950027466
1982,11,16,6,0,0.9262809753417969,10.633299827575684,45,7.004700183868408,5.397200107574463,12592,14.659700393676758,1.5751399993896484,0.48173999786376953
1982,11,16,9,0,0.9230139851570129,8.761300086975098,45,5.895199775695801,4.7947998046875,14246,14.659700393676758,1.824429988861084,0.5633400082588196
1982,11,16,12,0,0.9164090156555176,7.57480001449585,45,5.678999900817871,4.842599868774414,19133,14.659700393676758,2.219630002975464,0.5351200103759766
1982,11,16,15,0,0.9243230223655701,7.220099925994873,55,5.888400077819824,5.164000034332275,26847,7.5218000411987305,2.6318399906158447,0.44446998834609985
1982,11,16,18,0,0.9309530258178711,7.387199878692627,55,6.1631999015808105,5.405099868774414,34633,8.274100303649902,2.923069953918457,0.3876500129699707
1982,11,16,21,0,0.93544602394104,7.7245001792907715,65,6.524400234222412,5.7342000007629395,41906,9.101699829101562,3.1328399181365967,0.3583100140094757
1982,11,17,0,0,0.9377769827842712,7.811999797821045,65,6.5971999168396,5.775199890136719,38822,9.101699829101562,2.9949400424957275,0.35089999437332153
1982,11,17,3,0,0.9379919767379761,7.775100231170654,65,6.63700008392334,5.862100124359131,34879,8.274100303649902,2.842679977416992,0.3446100056171417
1982,11,17,6,0,0.939208984375,7.759699821472168,65,6.630899906158447,5.862199783325195,32497,8.274100303649902,2.7467598915100098,0.34521999955177307
1982,11,17,9,0,0.944441020488739,7.6768999099731445,65,6.668399810791016,5.976099967956543,38496,8.274100303649902,2.9977800846099854,0.329010009765625
1982,11,17,12,0,0.9394919872283936,7.974800109863281,65,7.038099765777588,6.394700050354004,33017,8.274100303649902,2.7202200889587402,0.313400000333786
1982,11,17,15,0,0.9277830123901367,7.910799980163574,55,6.876999855041504,6.160799980163574,28247,8.274100303649902,2.530019998550415,0.32635000348091125
1982,11,17,18,0,0.9241160154342651,8.127099990844727,55,7.074399948120117,6.3445000648498535,23056,8.274100303649902,2.257810115814209,0.3248800039291382
1982,11,17,21,0,0.9228010177612305,8.285300254821777,55,7.0817999839782715,6.2221999168396,19781,10.01200008392334,2.076090097427368,0.3334999978542328
1982,11,18,0,0,0.9225919842720032,8.286600112915039,55,6.940899848937988,6.01230001449585,17772,10.01200008392334,1.9733599424362183,0.3503899872303009
1982,11,18,3,0,0.9218220114707947,8.430299758911133,55,7.041900157928467,6.0746002197265625,16141,10.01200008392334,1.8671599626541138,0.35051000118255615
1982,11,18,6,0,0.9190620183944702,7.506999969482422,55,5.996399879455566,5.1290998458862305,17318,10.01200008392334,2.06099009513855,0.41402000188827515
1982,11,18,9,0,0.9215689897537231,7.313000202178955,55,5.958700180053711,5.168700218200684,17643,10.01200008392334,2.1046900749206543,0.40553998947143555
1982,11,18,12,0,0.9371309876441956,7.311299800872803,55,6.371500015258789,5.7307000160217285,33862,8.274100303649902,2.877650022506714,0.32326000928878784
1982,11,18,15,0,0.9391779899597168,7.747200012207031,55,6.893199920654297,6.270899772644043,38538,8.274100303649902,2.968940019607544,0.2890799939632416
1982,11,18,18,0,0.9288560152053833,8.013299942016602,55,7.223299980163574,6.659599781036377,28858,8.274100303649902,2.524790048599243,0.2783699929714203
1982,11,18,21,0,0.9174150228500366,8.206100463867188,55,7.399499893188477,6.797999858856201,22531,8.274100303649902,2.2060699462890625,0.2773999869823456
1982,11,19,0,0,0.9125419855117798,8.168000221252441,55,7.175000190734863,6.420000076293945,18556,8.274100303649902,2.0134499073028564,0.30375999212265015
1982,11,19,3,0,0.914277970790863,7.702199935913086,45,6.449900150299072,5.60830020904541,16876,9.101699829101562,1.9895000457763672,0.3585599958896637
1982,11,19,6,0,0.9173380136489868,7.430500030517578,45,6.200500011444092,5.421899795532227,17308,9.101699829101562,2.0566000938415527,0.37514999508857727
1982,11,19,9,0,0.9195539951324463,7.704999923706055,45,6.638299942016602,5.944699764251709,19064,9.101699829101562,2.112109899520874,0.3452000021934509
1982,11,19,12,0,0.9212779998779297,8.274700164794922,45,7.185999870300293,6.434599876403809,20356,10.01200008392334,2.106100082397461,0.3264000117778778
1982,11,19,15,0,0.9241470098495483,8.72189998626709,45,7.575300216674805,6.7855000495910645,23174,10.01200008392334,2.1972999572753906,0.3244200050830841
1982,11,19,18,0,0.9283570051193237,9.633299827575684,45,8.640199661254883,8.012299537658691,23944,11.013500213623047,2.1386499404907227,0.29502999782562256
1982,11,19,21,0,0.9296429753303528,10.273300170898438,45,9.316200256347656,8.742899894714355,23708,12.114999771118164,2.076040029525757,0.28011998534202576
1982,11,20,0,0,0.9292410016059875,10.55780029296875,45,9.618900299072266,9.056500434875488,21880,12.114999771118164,1.9742900133132935,0.27279001474380493
1982,11,20,3,0,0.9280589818954468,10.610899925231934,45,9.683699607849121,9.13539981842041,19073,12.114999771118164,1.8399900197982788,0.27191001176834106
1982,11,20,6,0,0.9266679883003235,10.547300338745117,45,9.618300437927246,9.078100204467773,16177,12.114999771118164,1.698740005493164,0.27518001198768616
1982,11,20,9,0,0.9254369735717773,10.417900085449219,45,9.484800338745117,8.945099830627441,13744,12.114999771118164,1.573099970817566,0.2789900004863739
1982,11,20,12,0,0.9239389896392822,10.104399681091309,45,8.858099937438965,7.830999851226807,11926,12.114999771118164,1.4852999448776245,0.29752999544143677
1982,11,20,15,0,0.9205319881439209,9.524200439453125,45,7.954999923706055,6.789000034332275,10719,12.114999771118164,1.4485100507736206,0.33838000893592834
1982,11,20,18,0,0.9189550280570984,9.28219985961914,45,7.833099842071533,6.823500156402588,9713,12.114999771118164,1.393839955329895,0.34352999925613403
1982,11,20,21,0,0.9181190133094788,9.213899612426758,45,7.849100112915039,6.88700008392334,8915,12.114999771118164,1.3380099534988403,0.3387199938297272
1982,11,21,0,0,0.917182981967926,9.214400291442871,45,7.897900104522705,6.936200141906738,8253,12.114999771118164,1.2858799695968628,0.333189994096756
1982,11,21,3,0,0.9159380197525024,9.160300254821777,45,7.762400150299072,6.6956000328063965,7563,11.013500213623047,1.2343100309371948,0.3374300003051758
1982,11,21,6,0,0.9142850041389465,9.100600242614746,45,7.696899890899658,6.655099868774414,6856,11.013500213623047,1.1789400577545166,0.3429099917411804
1982,11,21,9,0,0.9116039872169495,8.479499816894531,45,6.626500129699707,5.46019983291626,6430,11.013500213623047,1.185520052909851,0.4006499946117401
1982,11,21,12,0,0.9112799763679504,8.435600280761719,45,6.924600124359131,6.030200004577637,6073,11.013500213623047,1.1548700332641602,0.39434999227523804
1982,11,21,15,0,0.9099199771881104,8.676899909973145,45,7.313199996948242,6.5055999755859375,5477,11.013500213623047,1.0799399614334106,0.3752799928188324
1982,11,21,18,0,0.9083539843559265,8.912599563598633,45,7.6519999504089355,6.913400173187256,4933,10.01200008392334,1.0110100507736206,0.3621099889278412
1982,11,21,21,0,0.9069229960441589,9.067700386047363,45,7.873899936676025,7.209199905395508,4476,10.01200008392334,0.9559699892997742,0.359360009431839
1982,11,22,0,0,0.9054610133171082,9.119199752807617,45,7.933599948883057,7.3225998878479,4125,10.01200008392334,0.9172700047492981,0.3664799928665161
1982,11,22,3,0,0.903482973575592,8.975700378417969,45,7.715000152587891,7.129499912261963,3949,10.01200008392334,0.9082000255584717,0.3908799886703491
1982,11,22,6,0,0.9023680090904236,8.891500473022461,45,7.51039981842041,6.906700134277344,3734,9.101699829101562,0.8916100263595581,0.4159199893474579
1982,11,22,9,0,0.9024080038070679,8.224499702453613,45,6.929900169372559,6.413400173187256,4278,9.101699829101562,0.9937300086021423,0.44488000869750977
1982,11,22,12,0,0.923412024974823,7.7170000076293945,55,6.6427001953125,6.151400089263916,6284,6.837800025939941,1.2329000234603882,0.42274999618530273
1982,11,22,15,0,0.9374629855155945,8.175700187683105,55,7.202099800109863,6.713500022888184,8615,8.274100303649902,1.3894599676132202,0.3681100010871887
1982,11,22,18,0,0.9435520172119141,8.80090045928955,55,7.848999977111816,7.346700191497803,10104,9.101699829101562,1.4478700160980225,0.3330000042915344
1982,11,22,21,0,0.9495220184326172,9.257499694824219,65,8.321200370788574,7.807199954986572,10597,10.01200008392334,1.4477699995040894,0.31373998522758484
1982,11,23,0,0,0.9549840092658997,9.61359977722168,65,8.78689956665039,8.3125,12187,10.01200008392334,1.5222500562667847,0.2846300005912781
1982,11,23,3,0,0.9562069773674011,9.867199897766113,65,9.104499816894531,8.652400016784668,13724,10.01200008392334,1.595810055732727,0.2697399854660034
1982,11,23,6,0,0.9532610177993774,10.119199752807617,65,9.291799545288086,8.778499603271484,13829,9.101699829101562,1.589669942855835,0.276419997215271
1982,11,23,9,0,0.9481030106544495,10.213899612426758,65,9.084099769592285,8.163800239562988,13557,9.101699829101562,1.574280023574829,0.2944299876689911
1982,11,23,12,0,0.9408310055732727,10.287099838256836,65,9.061300277709961,8.12720012664795,12711,13.326800346374512,1.5256199836730957,0.30741000175476074
1982,11,23,15,0,0.9368410110473633,10.142200469970703,65,8.950400352478027,8.219900131225586,13196,13.326800346374512,1.5667999982833862,0.3196299970149994
1982,11,23,18,0,0.9341149926185608,9.99020004272461,65,8.81879997253418,8.15880012512207,13397,13.326800346374512,1.588729977607727,0.324429988861084
1982,11,23,21,0,0.9347900152206421,9.998299598693848,55,8.874699592590332,8.242400169372559,12902,12.114999771118164,1.5563499927520752,0.3163900077342987
1982,11,24,0,0,0.9374150037765503,10.0024995803833,55,9.002400398254395,8.428299903869629,12869,12.114999771118164,1.548110008239746,0.2968200147151947
1982,11,24,3,0,0.9375799894332886,9.916999816894531,55,9.01140022277832,8.49209976196289,12197,12.114999771118164,1.5082299709320068,0.28446000814437866
1982,11,24,6,0,0.935467004776001,9.77929973602295,55,8.909700393676758,8.416899681091309,10673,12.114999771118164,1.4173500537872314,0.28181999921798706
1982,11,24,9,0,0.9321399927139282,9.596599578857422,55,8.746100425720215,8.271499633789062,8971,12.114999771118164,1.3088200092315674,0.2831900119781494
1982,11,24,12,0,0.9282490015029907,9.411999702453613,55,8.581199645996094,8.12440013885498,7611,12.114999771118164,1.2147300243377686,0.28575998544692993
1982,11,24,15,0,0.9248520135879517,9.298100471496582,55,8.463899612426758,8.015999794006348,6640,12.114999771118164,1.1411099433898926,0.2938399910926819
1982,11,24,18,0,0.9222639799118042,9.24470043182373,55,8.372099876403809,7.9243998527526855,5872,11.013500213623047,1.0780999660491943,0.3121899962425232
1982,11,24,21,0,0.920756995677948,9.316499710083008,55,8.34689998626709,7.88070011138916,5305,11.013500213623047,1.0261900424957275,0.34150001406669617
1982,11,25,0,0,0.9205759763717651,9.57409954071045,55,8.423700332641602,7.907199859619141,4920,11.013500213623047,0.984279990196228,0.37724000215530396
1982,11,25,3,0,0.9216409921646118,10.043000221252441,55,8.642499923706055,8.040900230407715,4776,11.013500213623047,0.9595999717712402,0.4059300124645233
1982,11,25,6,0,0.9237390160560608,10.777799606323242,55,9.091899871826172,8.363200187683105,5066,17.73889923095703,0.9693700075149536,0.4156099855899811
1982,11,25,9,0,0.9257969856262207,11.478799819946289,55,9.63949966430664,8.796099662780762,5688,17.73889923095703,1.0066399574279785,0.4019100069999695
1982,11,25,12,0,0.9282259941101074,12.038200378417969,45,10.1875,9.258099555969238,6563,17.73889923095703,1.0625,0.37650999426841736
1982,11,25,15,0,0.9310190081596375,12.515199661254883,45,10.688300132751465,9.658499717712402,7593,16.125999450683594,1.126579999923706,0.352400004863739
1982,11,25,18,0,0.9324880242347717,12.810099601745605,45,10.950799942016602,9.688599586486816,8338,16.125999450683594,1.1708099842071533,0.3381499946117401
1982,11,25,21,0,0.9333909749984741,12.715999603271484,45,9.969099998474121,7.783299922943115,8861,16.125999450683594,1.2164700031280518,0.3624800145626068
1982,11,26,0,0,0.9339680075645447,12.650500297546387,45,9.464599609375,7.257900238037109,9273,16.125999450683594,1.2546700239181519,0.39030998945236206
1982,11,26,3,0,0.9346870183944702,12.729700088500977,45,9.343299865722656,7.154799938201904,9827,16.125999450683594,1.295140027999878,0.4027499854564667
1982,11,26,6,0,0.935342013835907,12.688599586486816,45,9.207599639892578,6.992800235748291,11016,16.125999450683594,1.3739299774169922,0.40195998549461365
1982,11,26,9,0,0.9361010193824768,11.902700424194336,45,8.767000198364258,6.8566999435424805,13945,14.659700393676758,1.5746500492095947,0.4154999852180481
1982,11,26,12,0,0.937952995300293,11.174500465393066,45,8.589599609375,6.990600109100342,17820,14.659700393676758,1.8049700260162354,0.4111100137233734
1982,11,26,15,0,0.9401609897613525,10.94849967956543,45,8.767499923706055,7.363500118255615,19727,14.659700393676758,1.898859977722168,0.3910599946975708
1982,11,26,18,0,0.9413809776306152,10.913999557495117,45,9.029199600219727,7.848800182342529,19542,12.114999771118164,1.8838499784469604,0.37553998827934265
1982,11,26,21,0,0.9416880011558533,10.863499641418457,45,9.046899795532227,7.879300117492676,18321,12.114999771118164,1.8240900039672852,0.3709299862384796
1982,11,27,0,0,0.9419739842414856,10.584600448608398,45,8.663399696350098,7.403800010681152,17264,12.114999771118164,1.7891299724578857,0.38161998987197876
1982,11,27,3,0,0.9427139759063721,10.087400436401367,45,8.094599723815918,6.826700210571289,18517,12.114999771118164,1.8889600038528442,0.39816999435424805
1982,11,27,6,0,0.9438880085945129,9.818900108337402,55,7.957900047302246,6.790500164031982,21273,13.326800346374512,2.0418999195098877,0.3952600061893463
1982,11,27,9,0,0.9426130056381226,8.709699630737305,55,6.713200092315674,5.620200157165527,28325,13.326800346374512,2.4897899627685547,0.44589000940322876
1982,11,27,12,0,0.9419540166854858,8.468500137329102,55,6.750999927520752,5.754799842834473,38082,10.01200008392334,2.902790069580078,0.4199399948120117
1982,11,27,15,0,0.9485759735107422,8.998600006103516,65,7.437900066375732,6.419400215148926,44032,10.01200008392334,3.017009973526001,0.3724200129508972
1982,11,27,18,0,0.9514129757881165,9.029999732971191,65,7.506199836730957,6.508299827575684,48808,10.01200008392334,3.1712799072265625,0.36934998631477356
1982,11,27,21,0,0.9484130144119263,9.000900268554688,65,7.464099884033203,6.482100009918213,48103,10.01200008392334,3.1560099124908447,0.3749200105667114
1982,11,28,0,0,0.9422749876976013,8.995200157165527,65,7.362199783325195,6.350900173187256,42438,10.01200008392334,2.9746899604797363,0.387580007314682
1982,11,28,3,0,0.9407269954681396,8.757499694824219,65,7.171299934387207,6.212500095367432,44277,14.659700393676758,3.07492995262146,0.39298999309539795
1982,11,28,6,0,0.9437909722328186,8.586199760437012,65,7.154300212860107,6.269700050354004,46545,9.101699829101562,3.1677498817443848,0.3788299858570099
1982,11,28,9,0,0.9443579912185669,8.902299880981445,55,7.673799991607666,6.876500129699707,45948,10.01200008392334,3.076809883117676,0.3390499949455261
1982,11,28,12,0,0.942225992679596,9.292799949645996,55,8.048399925231934,7.209099769592285,36070,12.114999771118164,2.675689935684204,0.32826998829841614
1982,11,28,15,0,0.9391810297966003,8.992500305175781,55,7.414999961853027,6.373300075531006,31723,12.114999771118164,2.560110092163086,0.36654001474380493
1982,11,28,18,0,0.93402498960495,8.429699897766113,55,6.77370023727417,5.7866997718811035,30266,12.114999771118164,2.585930109024048,0.40281999111175537
1982,11,28,21,0,0.9332219958305359,8.294899940490723,55,6.7347002029418945,5.783699989318848,28783,12.114999771118164,2.5352001190185547,0.3962799906730652
1982,11,29,0,0,0.9396129846572876,8.277600288391113,65,6.955699920654297,6.094699859619141,32089,10.01200008392334,2.661289930343628,0.36274001002311707
1982,11,29,3,0,0.9388530254364014,8.95930004119873,55,7.9079999923706055,7.213699817657471,28157,10.01200008392334,2.390429973602295,0.31279999017715454
1982,11,29,6,0,0.9303810000419617,9.116399765014648,55,8.136699676513672,7.509799957275391,26218,11.013500213623047,2.2883501052856445,0.30366000533103943
1982,11,29,9,0,0.9319350123405457,9.454299926757812,55,8.505200386047363,7.8628997802734375,24268,11.013500213623047,2.16513991355896,0.28870001435279846
1982,11,29,12,0,0.9305109977722168,8.997300148010254,55,7.408899784088135,6.248300075531006,23115,11.013500213623047,2.173949956893921,0.3458299934864044
1982,11,29,15,0,0.9311739802360535,7.814899921417236,55,6.518400192260742,5.7256999015808105,31669,11.013500213623047,2.722399950027466,0.3806400001049042
1982,11,29,18,0,0.9309689998626709,8.52750015258789,55,7.489799976348877,6.79610013961792,37830,10.01200008392334,2.829740047454834,0.3169899880886078
1982,11,29,21,0,0.9335629940032959,9.065600395202637,55,7.890399932861328,7.049900054931641,38892,10.01200008392334,2.797110080718994,0.31558001041412354
1982,11,30,0,0,0.9352139830589294,8.984000205993652,55,7.506199836730957,6.507400035858154,40758,11.013500213623047,2.8958899974823,0.3569500148296356
1982,11,30,3,0,0.9347580075263977,9.24899959564209,55,7.831399917602539,6.897500038146973,42138,11.013500213623047,2.910020112991333,0.3565100133419037
1982,11,30,6,0,0.9344059824943542,9.777099609375,55,8.217100143432617,7.1757001876831055,38970,11.013500213623047,2.744810104370117,0.36353999376296997
1982,11,30,9,0,0.9336979985237122,10.21090030670166,55,8.471500396728516,7.302599906921387,36100,12.114999771118164,2.6079800128936768,0.37380000948905945
1982,11,30,12,0,0.9326819777488708,10.72439956665039,55,9.06659984588623,8.040599822998047,34472,12.114999771118164,2.506309986114502,0.3697899878025055
1982,11,30,15,0,0.9315940141677856,11.285400390625,55,9.782099723815918,8.960700035095215,32691,12.114999771118164,2.395750045776367,0.3549099862575531
1982,11,30,18,0,0.930122971534729,11.469799995422363,45,9.996700286865234,9.222599983215332,31416,12.114999771118164,2.336560010910034,0.35155999660491943
1982,11,30,21,0,0.9348009824752808,11.494999885559082,55,10.15530014038086,9.433500289916992,37597,12.114999771118164,2.545229911804199,0.331279993057251
1982,12,1,0,0,0.9390310049057007,12.040599822998047,55,10.822400093078613,10.10669994354248,45922,13.326800346374512,2.7620201110839844,0.2957000136375427
1982,12,1,3,0,0.939516007900238,12.428999900817871,55,11.189399719238281,10.369799613952637,50844,14.659700393676758,2.877929925918579,0.28130999207496643
1982,12,1,6,0,0.9392600059509277,12.377400398254395,45,11.058699607849121,10.15060043334961,56534,14.659700393676758,3.041749954223633,0.28571999073028564
1982,12,1,9,0,0.9395020008087158,12.598099708557129,45,11.36769962310791,10.54419994354248,57017,14.659700393676758,3.0355300903320312,0.2737399935722351
1982,12,1,12,0,0.9393079876899719,12.748600006103516,45,11.564800262451172,10.781999588012695,53371,14.659700393676758,2.92549991607666,0.26693999767303467
1982,12,1,15,0,0.938959002494812,12.793700218200684,45,11.64840030670166,10.90820026397705,49889,14.659700393676758,2.8244400024414062,0.26370999217033386
1982,12,1,18,0,0.938493013381958,12.822999954223633,45,11.707200050354004,10.990799903869629,46855,14.659700393676758,2.7342801094055176,0.26089000701904297
1982,12,1,21,0,0.9379130005836487,12.838800430297852,45,11.737600326538086,11.033300399780273,43531,14.659700393676758,2.634040117263794,0.25929000973701477
1982,12,2,0,0,0.9373540282249451,12.832500457763672,45,11.748200416564941,11.059100151062012,39941,14.659700393676758,2.5227699279785156,0.25784000754356384
1982,12,2,3,0,0.9367489814758301,12.787400245666504,45,11.713700294494629,11.035300254821777,36449,14.659700393676758,2.4118099212646484,0.2573600113391876
1982,12,2,6,0,0.9360489845275879,12.706700325012207,45,11.640899658203125,10.963899612426758,33035,14.659700393676758,2.2994298934936523,0.25690001249313354
1982,12,2,9,0,0.9344459772109985,12.332200050354004,45,10.338500022888184,8.082200050354004,29729,14.659700393676758,2.209089994430542,0.2779900133609772
1982,12,2,12,0,0.9297379851341248,10.165499687194824,45,7.4664998054504395,6.002399921417236,28979,14.659700393676758,2.387389898300171,0.43626001477241516
1982,12,2,15,0,0.927515983581543,8.171099662780762,55,6.392099857330322,5.446499824523926,37183,14.659700393676758,2.9358599185943604,0.45469000935554504
1982,12,2,18,0,0.9317989945411682,8.300299644470215,55,6.645699977874756,5.69350004196167,36303,8.274100303649902,2.8623600006103516,0.4244000017642975
1982,12,2,21,0,0.9282919764518738,8.36299991607666,55,6.76170015335083,5.833499908447266,31899,8.274100303649902,2.671639919281006,0.4167900085449219
1982,12,3,0,0,0.9216650128364563,8.91819953918457,55,7.348999977111816,6.3850998878479,26921,13.326800346374512,2.37814998626709,0.38784000277519226
1982,12,3,3,0,0.9177790284156799,9.44320011138916,45,7.886600017547607,6.856900215148926,25019,12.114999771118164,2.2314600944519043,0.36090999841690063
1982,12,3,6,0,0.9223260283470154,9.406200408935547,45,7.535900115966797,6.336699962615967,25935,13.326800346374512,2.2852299213409424,0.381879985332489
1982,12,3,9,0,0.9245970249176025,8.925100326538086,45,7.042600154876709,5.9456000328063965,29305,13.326800346374512,2.494960069656372,0.4111100137233734
1982,12,3,12,0,0.9229210019111633,8.567000389099121,45,6.858799934387207,5.878399848937988,33137,13.326800346374512,2.6972899436950684,0.41304999589920044
1982,12,3,15,0,0.9275580048561096,8.194299697875977,55,6.717800140380859,5.839600086212158,41082,13.326800346374512,3.0482900142669678,0.39860999584198
1982,12,3,18,0,0.9332860112190247,8.148300170898438,55,6.725900173187256,5.845200061798096,50981,8.274100303649902,3.393310070037842,0.3860900104045868
1982,12,3,21,0,0.9359920024871826,8.596599578857422,55,7.317200183868408,6.471099853515625,66637,9.101699829101562,3.7658700942993164,0.3504199981689453
1982,12,4,0,0,0.9436450004577637,8.883500099182129,65,7.617800235748291,6.746099948883057,101265,10.01200008392334,4.566939830780029,0.3335700035095215
1982,12,4,3,0,0.9459400177001953,9.629199981689453,65,8.348799705505371,7.457499980926514,99955,11.013500213623047,4.389430046081543,0.3189699947834015
1982,12,4,6,0,0.944828987121582,10.465800285339355,55,9.396200180053711,8.691800117492676,79009,12.114999771118164,3.7691500186920166,0.28481000661849976
1982,12,4,9,0,0.9434329867362976,10.883700370788574,55,9.947400093078613,9.374600410461426,60211,13.326800346374512,3.2404000759124756,0.26809000968933105
1982,12,4,12,0,0.942628026008606,11.049200057983398,55,10.15429973602295,9.62559986114502,48510,13.326800346374512,2.8930599689483643,0.26249998807907104
1982,12,4,15,0,0.9424200057983398,11.082300186157227,55,10.199199676513672,9.678500175476074,40327,13.326800346374512,2.634730100631714,0.2592099905014038
1982,12,4,18,0,0.9420530200004578,11.029600143432617,55,10.156800270080566,9.639699935913086,33989,13.326800346374512,2.421839952468872,0.25666001439094543
1982,12,4,21,0,0.9418500065803528,10.933199882507324,55,10.071499824523926,9.55739974975586,29095,13.326800346374512,2.2462799549102783,0.25464001297950745
1982,12,5,0,0,0.9415709972381592,10.817700386047363,55,9.968299865722656,9.458499908447266,25256,13.326800346374512,2.0993199348449707,0.2531299889087677
1982,12,5,3,0,0.9411180019378662,10.69629955291748,55,9.861900329589844,9.358200073242188,22046,12.114999771118164,1.9678000211715698,0.25150999426841736
1982,12,5,6,0,0.9402750134468079,10.556500434875488,55,9.735799789428711,9.238699913024902,19230,12.114999771118164,1.8452099561691284,0.2506999969482422
1982,12,5,9,0,0.9386510252952576,10.400699615478516,55,9.593500137329102,9.10260009765625,16775,12.114999771118164,1.7315599918365479,0.25044000148773193
1982,12,5,12,0,0.9357879757881165,10.225700378417969,55,9.366900444030762,8.741999626159668,14794,12.114999771118164,1.6357699632644653,0.2525399923324585
1982,12,5,15,0,0.9338480234146118,9.485799789428711,55,8.013799667358398,6.869500160217285,13863,11.013500213623047,1.6429400444030762,0.3146499991416931
1982,12,5,18,0,0.9321010112762451,8.5556001663208,55,6.779900074005127,5.653500080108643,13785,11.013500213623047,1.7257699966430664,0.3800700008869171
1982,12,5,21,0,0.929747998714447,7.701700210571289,55,6.083399772644043,5.173299789428711,14538,11.013500213623047,1.8677899837493896,0.41620999574661255
1982,12,6,0,0,0.9300220012664795,7.364999771118164,55,6.029399871826172,5.233699798583984,16480,11.013500213623047,2.0240700244903564,0.3948400020599365
1982,12,6,3,0,0.9313169717788696,7.258800029754639,55,5.986400127410889,5.223599910736084,17364,11.013500213623047,2.089050054550171,0.38857999444007874
1982,12,6,6,0,0.9292610287666321,7.891200065612793,55,6.723800182342529,5.9969000816345215,14041,11.013500213623047,1.7968000173568726,0.356220006942749
1982,12,6,9,0,0.9274060130119324,8.272700309753418,55,7.229499816894531,6.6255998611450195,11306,10.01200008392334,1.574489951133728,0.33924001455307007
1982,12,6,12,0,0.9243239760398865,8.420299530029297,45,7.479499816894531,6.9745001792907715,9440,10.01200008392334,1.426300048828125,0.33274000883102417
1982,12,6,15,0,0.9234979748725891,8.648900032043457,45,7.701200008392334,7.206699848175049,7826,10.01200008392334,1.2837899923324585,0.33472999930381775
1982,12,6,18,0,0.9238110184669495,8.904600143432617,45,7.888599872589111,7.357399940490723,6550,10.01200008392334,1.161679983139038,0.3414599895477295
1982,12,6,21,0,0.9249989986419678,9.229499816894531,45,8.116299629211426,7.52239990234375,5702,10.01200008392334,1.0699000358581543,0.34821999073028564
1982,12,7,0,0,0.9275640249252319,9.625900268554688,45,8.403900146484375,7.735199928283691,5284,10.01200008392334,1.0149799585342407,0.3533799946308136
1982,12,7,3,0,0.9296969771385193,9.989700317382812,45,8.605999946594238,7.786200046539307,5114,16.125999450683594,0.987030029296875,0.35863998532295227
1982,12,7,6,0,0.9248359799385071,9.976499557495117,45,8.284600257873535,7.209199905395508,5180,16.125999450683594,0.9993799924850464,0.3801000118255615
1982,12,7,9,0,0.9174360036849976,9.966300010681152,45,8.330100059509277,7.285600185394287,5776,14.659700393676758,1.0549999475479126,0.37610000371932983
1982,12,7,12,0,0.9175959825515747,10.437000274658203,45,8.89430046081543,7.868100166320801,6166,14.659700393676758,1.0678399801254272,0.35065001249313354
1982,12,7,15,0,0.9210479855537415,11.091099739074707,45,9.611599922180176,8.537500381469727,6659,14.659700393676758,1.0827100276947021,0.3198300004005432
1982,12,7,18,0,0.9239010214805603,11.566699981689453,45,10.183500289916992,9.07409954071045,7517,14.659700393676758,1.130769968032837,0.29168999195098877
1982,12,7,21,0,0.9251289963722229,11.767600059509277,45,10.502400398254395,9.425100326538086,8223,14.659700393676758,1.1728800535202026,0.27164000272750854
1982,12,8,0,0,0.9249209761619568,11.769599914550781,45,10.588500022888184,9.541500091552734,8349,14.659700393676758,1.1793299913406372,0.2598299980163574
1982,12,8,3,0,0.9234939813613892,11.64229965209961,45,10.47439956665039,9.385899543762207,7859,13.326800346374512,1.1467499732971191,0.2555199861526489
1982,12,8,6,0,0.9213820099830627,11.493399620056152,45,10.349100112915039,9.258500099182129,6860,13.326800346374512,1.0747300386428833,0.2536599934101105
1982,12,8,9,0,0.9208130240440369,11.49489974975586,45,10.435500144958496,9.421500205993652,5622,13.326800346374512,0.9716100096702576,0.24764999747276306
1982,12,8,12,0,0.9209949970245361,11.5423002243042,45,10.52340030670166,9.558799743652344,4603,13.326800346374512,0.8778300285339355,0.24860000610351562
1982,12,8,15,0,0.9210379719734192,11.534000396728516,45,10.341699600219727,9.144100189208984,3836,13.326800346374512,0.8031700253486633,0.2632099986076355
1982,12,8,18,0,0.920956015586853,11.53909969329834,45,10.255200386047363,8.98960018157959,3194,13.326800346374512,0.7341700196266174,0.2740499973297119
1982,12,8,21,0,0.9212049841880798,11.579700469970703,45,10.328300476074219,9.156999588012695,2665,13.326800346374512,0.6703000068664551,0.27590999007225037
1982,12,9,0,0,0.9219350218772888,11.684700012207031,45,10.4350004196167,9.3016996383667,2291,13.326800346374512,0.6202099919319153,0.27472999691963196
1982,12,9,3,0,0.9231100082397461,11.945500373840332,45,10.626299858093262,9.410400390625,2090,13.326800346374512,0.5890700221061707,0.2720699906349182
1982,12,9,6,0,0.9234099984169006,12.256400108337402,45,10.562299728393555,8.872200012207031,2072,13.326800346374512,0.5839400291442871,0.278329998254776
1982,12,9,9,0,0.9234960079193115,12.418700218200684,45,10.171299934387207,7.97730016708374,2233,13.326800346374512,0.6060500144958496,0.2902800142765045
1982,12,9,12,0,0.9254270195960999,12.562800407409668,45,10.275899887084961,7.9868998527526855,2546,13.326800346374512,0.6439700126647949,0.2813799977302551
1982,12,9,15,0,0.9276660084724426,12.598099708557129,45,10.507100105285645,8.273500442504883,2964,12.114999771118164,0.6918500065803528,0.26534000039100647
1982,12,9,18,0,0.929194986820221,12.516900062561035,45,10.676799774169922,8.593199729919434,3408,12.114999771118164,0.7405700087547302,0.25095999240875244
1982,12,9,21,0,0.9297919869422913,12.349200248718262,45,10.687100410461426,8.74779987335205,3838,12.114999771118164,0.7869099974632263,0.2422800064086914
1982,12,10,0,0,0.9294530153274536,12.11520004272461,45,10.567000389099121,8.748700141906738,4179,12.114999771118164,0.8244400024414062,0.23916000127792358
1982,12,10,3,0,0.9263370037078857,11.704099655151367,45,10.08549976348877,8.316699981689453,4443,11.013500213623047,0.8599299788475037,0.2542400062084198
1982,12,10,6,0,0.9229120016098022,11.359700202941895,45,9.78339958190918,8.14840030670166,4637,11.013500213623047,0.8873199820518494,0.26458001136779785
1982,12,10,9,0,0.9223700165748596,11.21679973602295,45,9.816200256347656,8.347900390625,4603,11.013500213623047,0.8860300183296204,0.25960999727249146
1982,12,10,12,0,0.9218459725379944,11.001799583435059,45,9.710200309753418,8.393899917602539,4403,11.013500213623047,0.8714500069618225,0.261709988117218
1982,12,10,15,0,0.9209840297698975,10.75510025024414,45,9.500499725341797,8.29419994354248,4157,11.013500213623047,0.8537099957466125,0.2716200053691864
1982,12,10,18,0,0.9199140071868896,10.521400451660156,45,9.054100036621094,7.5655999183654785,3921,11.013500213623047,0.8377299904823303,0.2877500057220459
1982,12,10,21,0,0.919842004776001,9.161600112915039,45,6.246600151062012,4.732699871063232,3962,11.013500213623047,0.9088000059127808,0.44071999192237854
1982,12,11,0,0,0.919372022151947,8.008099555969238,45,5.252799987792969,4.178400039672852,4396,11.013500213623047,1.0350600481033325,0.5504299998283386
1982,12,11,3,0,0.9191259741783142,8.305299758911133,45,5.56689977645874,4.4654998779296875,4695,14.659700393676758,1.0562900304794312,0.545199990272522
1982,12,11,6,0,0.9178789854049683,8.6983003616333,45,5.730800151824951,4.535600185394287,5031,14.659700393676758,1.0736500024795532,0.5375499725341797
1982,12,11,9,0,0.9188159704208374,8.76200008392334,45,5.670300006866455,4.469299793243408,5533,14.659700393676758,1.1256699562072754,0.5445299744606018
1982,12,11,12,0,0.9214500188827515,9.11359977722168,45,5.950699806213379,4.657299995422363,5917,14.659700393676758,1.1423100233078003,0.5223100185394287
1982,12,11,15,0,0.9261599779129028,9.233200073242188,55,6.083499908447266,4.749199867248535,6429,14.659700393676758,1.1820199489593506,0.5091999769210815
1982,12,11,18,0,0.9307270050048828,8.567700386047363,55,5.764100074768066,4.637199878692627,7533,14.659700393676758,1.3241000175476074,0.5365700125694275
1982,12,11,21,0,0.9324290156364441,7.341100215911865,55,5.360499858856201,4.543799877166748,10495,14.659700393676758,1.6722999811172485,0.5480499863624573
1982,12,12,0,0,0.934997022151947,7.257400035858154,55,5.563600063323975,4.76200008392334,12531,14.659700393676758,1.816249966621399,0.49884000420570374
1982,12,12,3,0,0.9357309937477112,7.39109992980957,55,5.756400108337402,4.92519998550415,12807,14.659700393676758,1.8090300559997559,0.4710400104522705
1982,12,12,6,0,0.9348999857902527,7.34689998626709,55,5.8084001541137695,4.9969000816345215,13281,6.837800025939941,1.8403899669647217,0.4538300037384033
1982,12,12,9,0,0.9333459734916687,7.095900058746338,55,5.649799823760986,4.874300003051758,15133,7.5218000411987305,1.9920599460601807,0.4447000026702881
1982,12,12,12,0,0.9360020160675049,7.267099857330322,55,5.94789981842041,5.162799835205078,18577,8.274100303649902,2.165560007095337,0.4038499891757965
1982,12,12,15,0,0.9366300106048584,7.378600120544434,55,6.111299991607666,5.331200122833252,23055,8.274100303649902,2.3870201110839844,0.38637998700141907
1982,12,12,18,0,0.9422609806060791,8.073200225830078,55,6.928999900817871,6.188000202178955,26077,9.101699829101562,2.419300079345703,0.35065001249313354
1982,12,12,21,0,0.93858402967453,8.953399658203125,55,7.837699890136719,7.217299938201904,21276,8.274100303649902,2.0932300090789795,0.3584200143814087
1982,12,13,0,0,0.9341030120849609,9.840900421142578,55,8.290499687194824,7.414400100708008,20598,8.274100303649902,2.0051300525665283,0.39695999026298523
1982,12,13,3,0,0.9338570237159729,10.746399879455566,55,8.835399627685547,7.696199893951416,22003,17.73889923095703,2.0182900428771973,0.39649999141693115
1982,12,13,6,0,0.9348949790000916,11.440500259399414,55,9.439599990844727,8.234399795532227,23429,14.659700393676758,2.039099931716919,0.3758000135421753
1982,12,13,9,0,0.93573397397995,11.789999961853027,55,9.798199653625488,8.652199745178223,24919,14.659700393676758,2.0832901000976562,0.3674499988555908
1982,12,13,12,0,0.9370629787445068,11.868900299072266,55,9.889699935913086,8.809399604797363,27959,14.659700393676758,2.2044100761413574,0.3729200065135956
1982,12,13,15,0,0.9372550249099731,12.395299911499023,55,10.415900230407715,9.28689956665039,30240,17.73889923095703,2.2595200538635254,0.355320006608963
1982,12,13,18,0,0.937300980091095,12.833200454711914,45,10.91569995880127,9.641200065612793,32045,16.125999450683594,2.294019937515259,0.32670000195503235
1982,12,13,21,0,0.9371320009231567,12.372599601745605,45,9.829000473022461,7.905600070953369,31927,16.125999450683594,2.3222899436950684,0.34703001379966736
1982,12,14,0,0,0.9324439764022827,10.47029972076416,45,7.69890022277832,6.24459981918335,31707,16.125999450683594,2.484679937362671,0.4472599923610687
1982,12,14,3,0,0.9301360249519348,8.83549976348877,55,6.866300106048584,5.832099914550781,35542,14.659700393676758,2.786370038986206,0.45618999004364014
1982,12,14,6,0,0.9312509894371033,9.184100151062012,55,7.510300159454346,6.518199920654297,33396,14.659700393676758,2.623840093612671,0.3964399993419647
1982,12,14,9,0,0.930903971195221,9.481499671936035,55,7.673299789428711,6.561800003051758,30549,14.659700393676758,2.4781599044799805,0.3903200030326843
1982,12,14,12,0,0.9336770176887512,8.30109977722168,55,6.705999851226807,5.803599834442139,46030,14.659700393676758,3.2237799167633057,0.420879989862442
1982,12,14,15,0,0.9366769790649414,8.407999992370605,55,6.98960018157959,6.086699962615967,65963,9.101699829101562,3.800110101699829,0.37536999583244324
1982,12,14,18,0,0.9447020292282104,8.816499710083008,65,7.5609002113342285,6.677299976348877,92626,10.01200008392334,4.377439975738525,0.32846999168395996
1982,12,14,21,0,0.9520350098609924,9.197500228881836,65,7.966100215911865,7.063399791717529,116999,11.013500213623047,4.824220180511475,0.31038999557495117
1982,12,15,0,0,0.955377995967865,9.656499862670898,65,8.391400337219238,7.446000099182129,157018,11.013500213623047,5.483339786529541,0.3036099970340729
1982,12,15,3,0,0.9576060175895691,10.099699974060059,65,8.728500366210938,7.71150016784668,168660,12.114999771118164,5.602250099182129,0.3090899884700775
1982,12,15,6,0,0.959201991558075,11.03849983215332,65,9.794599533081055,8.851699829101562,187792,12.114999771118164,5.716730117797852,0.2803899943828583
1982,12,15,9,0,0.9574990272521973,11.38010025024414,65,10.187199592590332,9.284799575805664,154241,12.114999771118164,5.126200199127197,0.2717199921607971
1982,12,15,12,0,0.9517520070075989,11.58549976348877,65,10.343600273132324,9.418000221252441,113958,12.114999771118164,4.387939929962158,0.27946001291275024
1982,12,15,15,0,0.9451000094413757,11.644399642944336,65,10.100600242614746,8.940999984741211,90032,14.659700393676758,3.9166300296783447,0.31165000796318054
1982,12,15,18,0,0.9398620128631592,11.153499603271484,55,8.829400062561035,7.3302001953125,84641,14.659700393676758,3.916990041732788,0.39862000942230225
1982,12,15,21,0,0.9471070170402527,10.293700218200684,65,8.546899795532227,7.461999893188477,161199,10.01200008392334,5.515100002288818,0.39504000544548035
1982,12,16,0,0,0.955079972743988,11.422599792480469,65,9.920299530029297,8.903200149536133,231619,12.114999771118164,6.3290300369262695,0.3346500098705292
1982,12,16,3,0,0.958977997303009,12.045999526977539,65,10.68589973449707,9.733499526977539,282223,13.326800346374512,6.8513898849487305,0.3020699918270111
1982,12,16,6,0,0.9618800282478333,13.016500473022461,65,11.890999794006348,11.104100227355957,313313,13.326800346374512,7.038529872894287,0.2584399878978729
1982,12,16,9,0,0.9625229835510254,13.024100303649902,65,11.925200462341309,11.137700080871582,285734,13.326800346374512,6.715419769287109,0.2507700026035309
1982,12,16,12,0,0.9586099982261658,12.843000411987305,65,11.68690013885498,10.869000434875488,211113,13.326800346374512,5.798610210418701,0.2589400112628937
1982,12,16,15,0,0.9503880143165588,13.198699951171875,65,12.025899887084961,11.206000328063965,157918,13.326800346374512,4.983630180358887,0.2597300112247467
1982,12,16,18,0,0.948934018611908,13.575900077819824,55,12.439299583435059,11.66189956665039,135245,16.125999450683594,4.579740047454834,0.25485000014305115
1982,12,16,21,0,0.9475619792938232,12.962300300598145,55,11.056599617004395,9.475799560546875,119209,16.125999450683594,4.391540050506592,0.3082500100135803
1982,12,17,0,0,0.9468560218811035,11.092300415039062,55,9.250900268554688,8.038999557495117,145822,14.659700393676758,5.107729911804199,0.36417001485824585
1982,12,17,3,0,0.948186993598938,11.570500373840332,55,10.023699760437012,8.989800453186035,123803,14.659700393676758,4.612969875335693,0.3268199861049652
1982,12,17,6,0,0.9473159909248352,11.322099685668945,55,9.609700202941895,8.461099624633789,113275,14.659700393676758,4.457230091094971,0.34591999650001526
1982,12,17,9,0,0.9475679993629456,11.436400413513184,55,9.652600288391113,8.44480037689209,108447,14.659700393676758,4.353149890899658,0.35214000940322876
1982,12,17,12,0,0.9479029774665833,11.55210018157959,55,9.636099815368652,8.394000053405762,112185,13.326800346374512,4.429480075836182,0.3692300021648407
1982,12,17,15,0,0.9486690163612366,12.084799766540527,55,10.135499954223633,8.875200271606445,121098,17.73889923095703,4.542230129241943,0.3651300072669983
1982,12,17,18,0,0.9486730098724365,12.931300163269043,55,10.92240047454834,9.568699836730957,132275,17.73889923095703,4.657350063323975,0.3474699854850769
1982,12,17,21,0,0.9489369988441467,13.654399871826172,55,11.659199714660645,10.255900382995605,138998,17.73889923095703,4.702610015869141,0.32677000761032104
1982,12,18,0,0,0.9491639733314514,14.411800384521484,55,12.68220043182373,11.45829963684082,131083,17.73889923095703,4.490429878234863,0.29284000396728516
1982,12,18,3,0,0.9486650228500366,14.66670036315918,55,13.17650032043457,12.139800071716309,117132,17.73889923095703,4.214600086212158,0.27098000049591064
1982,12,18,6,0,0.947646975517273,14.551899909973145,55,13.195699691772461,12.272899627685547,99357,16.125999450683594,3.8810501098632812,0.26232999563217163
1982,12,18,9,0,0.9463689923286438,14.194299697875977,55,12.661999702453613,11.486700057983398,84233,16.125999450683594,3.598180055618286,0.27268001437187195
1982,12,18,12,0,0.9439200162887573,12.626999855041504,55,10.017399787902832,8.234399795532227,75746,16.125999450683594,3.575309991836548,0.36678001284599304
1982,12,18,15,0,0.9420239925384521,11.2947998046875,55,8.856200218200684,7.366300106048584,72017,16.125999450683594,3.614680051803589,0.4055500030517578
1982,12,18,18,0,0.9412009716033936,9.817999839782715,55,7.800099849700928,6.604499816894531,76323,16.125999450683594,3.88919997215271,0.4173400104045868
1982,12,18,21,0,0.9455360174179077,9.745100021362305,65,8.309000015258789,7.337399959564209,103982,11.013500213623047,4.4773101806640625,0.3439899981021881
1982,12,19,0,0,0.9473239779472351,10.655200004577637,55,9.425200462341309,8.631699562072754,84441,11.013500213623047,3.8884599208831787,0.30608999729156494
1982,12,19,3,0,0.9426929950714111,11.46399974822998,55,10.275699615478516,9.555899620056152,70443,14.659700393676758,3.4683101177215576,0.29569000005722046
1982,12,19,6,0,0.9396399855613708,12.245699882507324,55,11.094200134277344,10.416999816894531,67966,14.659700393676758,3.340100049972534,0.28110000491142273
1982,12,19,9,0,0.9373229742050171,12.410900115966797,55,11.336600303649902,10.706999778747559,60684,14.659700393676758,3.139620065689087,0.26842001080513
1982,12,19,12,0,0.9346960186958313,12.173500061035156,55,11.1875,10.603400230407715,49542,14.659700393676758,2.8462700843811035,0.2579199969768524
1982,12,19,15,0,0.9326030015945435,11.917200088500977,45,10.9822998046875,10.427300453186035,40571,13.326800346374512,2.5882298946380615,0.2537800073623657
1982,12,19,18,0,0.9324820041656494,11.651599884033203,45,10.749699592590332,10.21560001373291,33401,13.326800346374512,2.362139940261841,0.2527399957180023
1982,12,19,21,0,0.9321979880332947,11.362000465393066,45,10.492600440979004,9.976799964904785,27581,13.326800346374512,2.1612000465393066,0.2511399984359741
1982,12,20,0,0,0.9320020079612732,11.083399772644043,45,10.242199897766113,9.7431001663208,22902,12.114999771118164,1.9833300113677979,0.2498600035905838
1982,12,20,3,0,0.9314900040626526,10.77239990234375,45,9.781800270080566,8.921500205993652,19171,12.114999771118164,1.832900047302246,0.2562299966812134
1982,12,20,6,0,0.9245079755783081,7.567999839782715,55,6.059599876403809,5.200699806213379,28963,12.114999771118164,2.660720109939575,0.4177500009536743
1982,12,20,9,0,0.940077006816864,7.731900215148926,65,6.5782999992370605,5.804299831390381,47697,9.101699829101562,3.333470106124878,0.3409099876880646
1982,12,20,12,0,0.9485120177268982,8.478500366210938,65,7.45550012588501,6.720200061798096,41665,10.01200008392334,2.968830108642578,0.2991200089454651
1982,12,20,15,0,0.9427319765090942,8.922200202941895,65,8.01200008392334,7.334400177001953,29988,10.01200008392334,2.4545199871063232,0.2741200029850006
1982,12,20,18,0,0.9334700107574463,9.144599914550781,65,8.208600044250488,7.44920015335083,24382,10.01200008392334,2.1891698837280273,0.26930999755859375
1982,12,20,21,0,0.9235579967498779,9.321599960327148,55,8.511300086975098,7.933199882507324,19772,9.101699829101562,1.9564599990844727,0.26693999767303467
1982,12,21,0,0,0.9189839959144592,9.191699981689453,55,7.9475998878479,6.898200035095215,16708,9.101699829101562,1.8196699619293213,0.3063400089740753
1982,12,21,3,0,0.9179649949073792,6.769499778747559,65,5.451000213623047,4.737199783325195,24819,8.274100303649902,2.6074600219726562,0.4349200129508972
1982,12,21,6,0,0.951026976108551,7.964399814605713,65,7.034200191497803,6.353099822998047,59366,9.101699829101562,3.6391000747680664,0.29304999113082886
1982,12,21,9,0,0.9505410194396973,8.915900230407715,65,8.08240032196045,7.494900226593018,55550,10.01200008392334,3.3374099731445312,0.26291000843048096
1982,12,21,12,0,0.9466710090637207,8.941800117492676,65,8.017000198364258,7.32289981842041,42477,10.01200008392334,2.9176599979400635,0.2702699899673462
1982,12,21,15,0,0.9410769939422607,8.902400016784668,65,7.836400032043457,7.020699977874756,35858,10.01200008392334,2.69320011138916,0.2899399995803833
1982,12,21,18,0,0.9387159943580627,9.153499603271484,55,7.878399848937988,6.940299987792969,33808,10.01200008392334,2.5997300148010254,0.3205200135707855
1982,12,21,21,0,0.9390810132026672,8.734199523925781,55,7.124000072479248,6.137400150299072,39595,12.114999771118164,2.907900094985962,0.3941799998283386
1982,12,22,0,0,0.9421700239181519,8.99489974975586,55,7.60099983215332,6.719799995422363,56228,10.01200008392334,3.407439947128296,0.37373998761177063
1982,12,22,3,0,0.942287027835846,9.776300430297852,55,8.374899864196777,7.491600036621094,66551,11.013500213623047,3.5836899280548096,0.36146000027656555
1982,12,22,6,0,0.9405019879341125,10.708999633789062,55,9.071800231933594,8.042400360107422,62563,11.013500213623047,3.3770899772644043,0.3659999966621399
1982,12,22,9,0,0.9382269978523254,11.132699966430664,55,9.127400398254395,7.855299949645996,57219,16.125999450683594,3.2097599506378174,0.38422998785972595
1982,12,22,12,0,0.9357240200042725,11.123700141906738,55,8.841400146484375,7.439499855041504,53015,16.125999450683594,3.1090900897979736,0.4048599898815155
1982,12,22,15,0,0.9341670274734497,11.333999633789062,55,9.105799674987793,7.6946001052856445,49070,16.125999450683594,2.9673900604248047,0.39329999685287476
1982,12,22,18,0,0.9336839914321899,11.722800254821777,55,9.893899917602539,8.81470012664795,44441,16.125999450683594,2.777100086212158,0.36243999004364014
1982,12,22,21,0,0.9328889846801758,11.969799995422363,55,10.354599952697754,9.463199615478516,39880,16.125999450683594,2.604219913482666,0.34066998958587646
1982,12,23,0,0,0.931788980960846,12.144700050354004,55,10.654899597167969,9.8193998336792,36245,16.125999450683594,2.4645800590515137,0.32236000895500183
1982,12,23,3,0,0.9319869875907898,12.260000228881836,45,10.880399703979492,10.09060001373291,33314,16.125999450683594,2.350059986114502,0.3064900040626526
1982,12,23,6,0,0.9326599836349487,12.288900375366211,45,10.983599662780762,10.225000381469727,30481,16.125999450683594,2.2424800395965576,0.29638999700546265
1982,12,23,9,0,0.9310169816017151,11.785400390625,45,10.126999855041504,8.981900215148926,28651,14.659700393676758,2.2118499279022217,0.3250199854373932
1982,12,23,12,0,0.9293680191040039,11.277899742126465,45,9.445300102233887,8.215200424194336,27199,14.659700393676758,2.1933600902557373,0.34940001368522644
1982,12,23,15,0,0.9299749732017517,10.662099838256836,45,9.168299674987793,8.2322998046875,31016,14.659700393676758,2.375109910964966,0.34325000643730164
1982,12,23,18,0,0.9306719899177551,10.85669994354248,45,9.656399726867676,8.917099952697754,34078,14.659700393676758,2.456470012664795,0.30535998940467834
1982,12,23,21,0,0.9283660054206848,11.129300117492676,45,10.022199630737305,9.334500312805176,32000,14.659700393676758,2.354789972305298,0.28657999634742737
1982,12,24,0,0,0.927649974822998,11.314200401306152,45,10.269599914550781,9.631099700927734,29449,14.659700393676758,2.243989944458008,0.276529997587204
1982,12,24,3,0,0.928721010684967,11.535499572753906,45,10.517499923706055,9.896400451660156,27575,14.659700393676758,2.1572000980377197,0.2701300084590912
1982,12,24,6,0,0.9299780130386353,11.801899909973145,45,10.799599647521973,10.184000015258789,26676,14.659700393676758,2.1064999103546143,0.2637600004673004
1982,12,24,9,0,0.9307119846343994,12.013099670410156,45,11.027299880981445,10.419899940490723,26055,14.659700393676758,2.0704801082611084,0.2585799992084503
1982,12,24,12,0,0.9308789968490601,12.095499992370605,45,11.128199577331543,10.533100128173828,25073,14.659700393676758,2.0264999866485596,0.2549000084400177
1982,12,24,15,0,0.9304069876670837,12.008199691772461,45,11.061200141906738,10.482500076293945,23240,13.326800346374512,1.9543299674987793,0.2531999945640564
1982,12,24,18,0,0.9294639825820923,11.779999732971191,45,10.850600242614746,10.28689956665039,20613,13.326800346374512,1.8502099514007568,0.2538999915122986
1982,12,24,21,0,0.9283239841461182,11.484299659729004,45,10.571399688720703,10.024900436401367,17767,13.326800346374512,1.7303800582885742,0.25578999519348145
1982,12,25,0,0,0.9272860288619995,11.234399795532227,45,10.330400466918945,9.7923002243042,15457,13.326800346374512,1.6247899532318115,0.25766998529434204
1982,12,25,3,0,0.9265090227127075,11.138799667358398,45,10.240599632263184,9.701899528503418,14465,13.326800346374512,1.5756700038909912,0.2570500075817108
1982,12,25,6,0,0.926298975944519,11.12600040435791,45,10.23900032043457,9.692500114440918,14485,13.326800346374512,1.5764700174331665,0.25360000133514404
1982,12,25,9,0,0.9267209768295288,11.060799598693848,45,10.18340015411377,9.610699653625488,14634,13.326800346374512,1.5866400003433228,0.2503199875354767
1982,12,25,12,0,0.9274749755859375,10.871199607849121,45,9.924599647521973,9.14229965209961,14225,12.114999771118164,1.573330044746399,0.2523300051689148
1982,12,25,15,0,0.9290069937705994,10.55780029296875,45,9.485600471496582,8.568099975585938,13529,12.114999771118164,1.5517499446868896,0.2659600079059601
1982,12,25,18,0,0.9311439990997314,10.344799995422363,45,9.302000045776367,8.524999618530273,13558,12.114999771118164,1.5662399530410767,0.27559998631477356
1982,12,25,21,0,0.9346190094947815,9.909199714660645,45,8.231200218200684,6.872900009155273,15537,12.114999771118164,1.7149300575256348,0.32203999161720276
1982,12,26,0,0,0.9366170167922974,9.398900032043457,45,7.457600116729736,6.157700061798096,18359,12.114999771118164,1.9177800416946411,0.3692399859428406
1982,12,26,3,0,0.9388970136642456,9.430299758911133,45,7.648399829864502,6.41510009765625,20006,12.114999771118164,1.9950000047683716,0.3564800024032593
1982,12,26,6,0,0.9396700263023376,9.304900169372559,45,7.535600185394287,6.342299938201904,20731,12.114999771118164,2.0417299270629883,0.36037999391555786
1982,12,26,9,0,0.9383770227432251,9.175399780273438,45,7.385900020599365,6.203199863433838,21044,12.114999771118164,2.070050001144409,0.36660999059677124
1982,12,26,12,0,0.9373760223388672,9.328499794006348,45,7.585400104522705,6.3958001136779785,19969,12.114999771118164,2.0000200271606445,0.3560299873352051
1982,12,26,15,0,0.9375010132789612,9.697799682617188,45,8.173500061035156,7.069399833679199,18493,12.114999771118164,1.8872699737548828,0.327129989862442
1982,12,26,18,0,0.9364110231399536,9.986900329589844,45,8.770700454711914,7.931000232696533,17523,11.013500213623047,1.8087799549102783,0.2992599904537201
1982,12,26,21,0,0.9347389936447144,10.132399559020996,45,9.095800399780273,8.42140007019043,16597,11.013500213623047,1.745859980583191,0.2812100052833557
1982,12,27,0,0,0.9343699812889099,10.258000373840332,45,9.314599990844727,8.7121000289917,15337,11.013500213623047,1.667549967765808,0.26861000061035156
1982,12,27,3,0,0.9343019723892212,10.332500457763672,45,9.456600189208984,8.897299766540527,14037,11.013500213623047,1.5887000560760498,0.25918999314308167
1982,12,27,6,0,0.9338549971580505,10.326499938964844,45,9.509599685668945,8.993599891662598,12638,11.013500213623047,1.5060800313949585,0.2536500096321106
1982,12,27,9,0,0.9328569769859314,10.26140022277832,45,9.4822998046875,9.004400253295898,11114,11.013500213623047,1.414989948272705,0.25290000438690186
1982,12,27,12,0,0.9319790005683899,10.1806001663208,45,9.422100067138672,8.969499588012695,9579,12.114999771118164,1.3173500299453735,0.25422000885009766
1982,12,27,15,0,0.9318370223045349,10.122200012207031,45,9.366399765014648,8.919400215148926,8226,12.114999771118164,1.2237199544906616,0.25672999024391174
1982,12,27,18,0,0.9326050281524658,10.165800094604492,45,9.398099899291992,8.942000389099121,7378,12.114999771118164,1.157580018043518,0.2594200074672699
1982,12,27,21,0,0.9372479915618896,10.319000244140625,55,9.53849983215332,9.070300102233887,7156,12.114999771118164,1.1340899467468262,0.2630400061607361
1982,12,28,0,0,0.9424690008163452,10.538299560546875,55,9.695599555969238,9.189800262451172,7298,12.114999771118164,1.1387399435043335,0.2837499976158142
1982,12,28,3,0,0.9460909962654114,10.838199615478516,55,9.854399681091309,9.302000045776367,7609,11.013500213623047,1.1567699909210205,0.3214600086212158
1982,12,28,6,0,0.9480119943618774,11.217000007629395,55,9.93019962310791,9.194000244140625,8141,11.013500213623047,1.19173002243042,0.3635900020599365
1982,12,28,9,0,0.948406994342804,11.681300163269043,55,10.0201997756958,8.986599922180176,8931,11.013500213623047,1.2418899536132812,0.39430001378059387
1982,12,28,12,0,0.9477999806404114,12.055999755859375,55,10.263899803161621,9.246399879455566,9590,21.46489906311035,1.280060052871704,0.40154001116752625
1982,12,28,15,0,0.9464030265808105,12.380599975585938,55,10.459199905395508,9.38379955291748,10005,19.513200759887695,1.300879955291748,0.39844998717308044
1982,12,28,18,0,0.9448140263557434,12.66409969329834,55,10.716699600219727,9.643500328063965,10322,19.513200759887695,1.313230037689209,0.385699987411499
1982,12,28,21,0,0.9430729746818542,12.945899963378906,55,11.082099914550781,10.050200462341309,11127,17.73889923095703,1.3524199724197388,0.36223000288009644
1982,12,29,0,0,0.9412180185317993,13.050000190734863,55,11.289199829101562,10.316100120544434,11940,17.73889923095703,1.3947199583053589,0.34314998984336853
1982,12,29,3,0,0.9389399886131287,12.94789981842041,55,11.292499542236328,10.357199668884277,12361,17.73889923095703,1.4186999797821045,0.3295699954032898
1982,12,29,6,0,0.9352620244026184,12.643500328063965,55,11.027600288391113,10.030900001525879,12639,16.125999450683594,1.4415500164031982,0.3237900137901306
1982,12,29,9,0,0.9316380023956299,12.306599617004395,55,10.690699577331543,9.62399959564209,12401,16.125999450683594,1.4376399517059326,0.32401999831199646
1982,12,29,12,0,0.9294710159301758,12.068099975585938,55,10.512800216674805,9.496000289916992,11465,16.125999450683594,1.3887900114059448,0.32256999611854553
1982,12,29,15,0,0.9276480078697205,11.860699653625488,55,10.344599723815918,9.371399879455566,10141,16.125999450683594,1.3125100135803223,0.3238700032234192
1982,12,29,18,0,0.9256349802017212,11.65779972076416,55,10.136300086975098,9.17870044708252,8772,14.659700393676758,1.227679967880249,0.3287700116634369
1982,12,29,21,0,0.9238880276679993,11.474200248718262,55,9.933199882507324,8.952300071716309,7611,14.659700393676758,1.1496599912643433,0.33215001225471497
1982,12,30,0,0,0.9228129982948303,11.366399765014648,55,9.821399688720703,8.873900413513184,6776,14.659700393676758,1.0884699821472168,0.3341299891471863
1982,12,30,3,0,0.9225680232048035,11.390800476074219,55,9.86359977722168,8.942899703979492,6181,14.659700393676758,1.0388799905776978,0.3322800099849701
1982,12,30,6,0,0.9223650097846985,11.389800071716309,55,9.861900329589844,8.951199531555176,5650,14.659700393676758,0.9936100244522095,0.33375000953674316
1982,12,30,9,0,0.9218479990959167,11.361499786376953,55,9.770899772644043,8.806400299072266,5201,14.659700393676758,0.9554600119590759,0.3412199914455414
1982,12,30,12,0,0.9220420122146606,11.510199546813965,55,9.763699531555176,8.675600051879883,5054,13.326800346374512,0.9408100247383118,0.3519600033760071
1982,12,30,15,0,0.9241830110549927,11.88479995727539,55,9.985199928283691,8.750200271606445,5332,16.125999450683594,0.9585899710655212,0.3510200083255768
1982,12,30,18,0,0.9277989864349365,12.361499786376953,55,10.427599906921387,9.083200454711914,5950,16.125999450683594,0.9996899962425232,0.3333199918270111
1982,12,30,21,0,0.93122398853302,12.749699592590332,55,10.8725004196167,9.466500282287598,6611,16.125999450683594,1.0418100357055664,0.3113099932670593
1982,12,31,0,0,0.9339159727096558,12.977299690246582,55,11.19950008392334,9.749600410461426,7159,14.659700393676758,1.0752300024032593,0.2894800007343292
1982,12,31,3,0,0.9361029863357544,13.10830020904541,55,11.441300392150879,9.949600219726562,7631,14.659700393676758,1.103219985961914,0.26840999722480774
1982,12,31,6,0,0.9367219805717468,13.105199813842773,55,11.498100280761719,9.931400299072266,7822,13.326800346374512,1.1139999628067017,0.2544200122356415
1982,12,31,9,0,0.9361749887466431,12.99940013885498,55,11.418399810791016,9.770600318908691,7844,13.326800346374512,1.1155999898910522,0.2457599937915802
1982,12,31,12,0,0.9356229901313782,12.930700302124023,55,11.44540023803711,9.821999549865723,7855,13.326800346374512,1.1153299808502197,0.2354699969291687
1982,12,31,15,0,0.9349449872970581,12.749799728393555,55,11.034299850463867,9.11299991607666,7815,13.326800346374512,1.1171499490737915,0.2424200028181076
1982,12,31,18,0,0.9342929720878601,12.147100448608398,55,9.47659969329834,7.0802998542785645,7826,13.326800346374512,1.1415499448776245,0.29096001386642456
1982,12,31,21,0,0.9336060285568237,11.420599937438965,55,8.378600120544434,6.240799903869629,7832,13.326800346374512,1.1726399660110474,0.3426400125026703
