Source,Location ID,Jurisdiction,Latitude,Longitude,Time Zone,Local Time Zone,Distance to Shore,Directionality Coefficient,Energy Period,Maximum Energy Direction,Mean Absolute Period,Mean Wave Direction,Mean Zero-Crossing Period,Wave Power,Peak Period,Significant Wave Height,Spectral Width,Water Depth,Version
DOE-WPTO US Wave dataset,102698,b'Federal',48.1635,-124.906,0,-8,10749.468,-,s,deg,s,deg,s,W/m,s,m,-,69,v1.0.0
Year,Month,Day,Hour,Minute,Directionality Coefficient,Energy Period,Maximum Energy Direction,Mean Absolute Period,Mean Zero-Crossing Period,Wave Power,Peak Period,Significant Wave Height,Spectral Width
1992,1,1,0,0,0.8974940180778503,11.888199806213379,255,10.148300170898438,8.67300033569336,98846,16.125999450683594,3.8828001022338867,0.3093799948692322
1992,1,1,3,0,0.8703799843788147,11.053899765014648,255,8.991000175476074,7.548799991607666,116532,16.125999450683594,4.391510009765625,0.361270010471344
1992,1,1,6,0,0.8589239716529846,10.781900405883789,245,8.98009967803955,7.710000038146973,124654,14.659700393676758,4.6154398918151855,0.34808000922203064
1992,1,1,9,0,0.8547940254211426,10.785900115966797,245,9.14169979095459,7.941999912261963,120450,14.659700393676758,4.539120197296143,0.32780998945236206
1992,1,1,12,0,0.8474019765853882,10.506400108337402,245,8.915300369262695,7.743899822235107,108640,13.326800346374512,4.380919933319092,0.32471999526023865
1992,1,1,15,0,0.8392130136489868,9.819899559020996,235,8.139399528503418,6.9492998123168945,94888,12.114999771118164,4.261929988861084,0.34523001313209534
1992,1,1,18,0,0.8365790247917175,9.347299575805664,225,7.848599910736084,6.800099849700928,93185,12.114999771118164,4.35768985748291,0.34007999300956726
1992,1,1,21,0,0.8614469766616821,9.623600006103516,225,8.159899711608887,7.048399925231934,90379,12.114999771118164,4.223949909210205,0.31808000802993774
1992,1,2,0,0,0.8693709969520569,9.172300338745117,215,7.878300189971924,6.964700222015381,109596,11.013500213623047,4.790420055389404,0.3206700086593628
1992,1,2,3,0,0.8910629749298096,9.969799995422363,215,9.134499549865723,8.576399803161621,123587,11.013500213623047,4.863949775695801,0.2518700063228607
1992,1,2,6,0,0.8545129895210266,10.1697998046875,225,9.480799674987793,9.031499862670898,86780,11.013500213623047,4.033659934997559,0.2296600043773651
1992,1,2,9,0,0.8164680004119873,10.210200309753418,225,9.597200393676758,9.205100059509277,70680,11.013500213623047,3.635499954223633,0.21913999319076538
1992,1,2,12,0,0.7879210114479065,10.196800231933594,235,9.600700378417969,9.216300010681152,61924,11.013500213623047,3.4079298973083496,0.2179500013589859
1992,1,2,15,0,0.774491012096405,10.08650016784668,235,9.376099586486816,8.883199691772461,56629,11.013500213623047,3.279520034790039,0.2377299964427948
1992,1,2,18,0,0.7621390223503113,10.222599983215332,235,9.468799591064453,9.02079963684082,54384,11.013500213623047,3.186530113220215,0.261570006608963
1992,1,2,21,0,0.7701190114021301,10.748200416564941,255,9.86769962310791,9.390199661254883,58276,11.013500213623047,3.1932899951934814,0.2849699854850769
1992,1,3,0,0,0.8129860162734985,11.42080020904541,265,10.433799743652344,9.900500297546387,69998,10.01200008392334,3.3641200065612793,0.2867000102996826
1992,1,3,3,0,0.851078987121582,11.87909984588623,265,10.864299774169922,10.29699993133545,80234,14.659700393676758,3.511620044708252,0.2778699994087219
1992,1,3,6,0,0.8758789896965027,12.142900466918945,275,11.111599922180176,10.518600463867188,83187,14.659700393676758,3.525710105895996,0.2727400064468384
1992,1,3,9,0,0.8914430141448975,12.360300064086914,275,11.219499588012695,10.397600173950195,82596,14.659700393676758,3.474519968032837,0.274619996547699
1992,1,3,12,0,0.8977829813957214,12.326399803161621,275,10.512499809265137,8.859800338745117,81633,14.659700393676758,3.454090118408203,0.301939994096756
1992,1,3,15,0,0.9112979769706726,12.679200172424316,275,10.844300270080566,9.040499687194824,85081,14.659700393676758,3.467560052871704,0.29249000549316406
1992,1,3,18,0,0.8988630175590515,12.343999862670898,275,9.891900062561035,7.953400135040283,97505,16.125999450683594,3.760080099105835,0.3399899899959564
1992,1,3,21,0,0.7922890186309814,10.919099807739258,265,8.730299949645996,7.337900161743164,125393,16.125999450683594,4.585040092468262,0.39285001158714294
1992,1,4,0,0,0.7135699987411499,10.389300346374512,245,8.65839958190918,7.554900169372559,148278,14.659700393676758,5.152569770812988,0.3718999922275543
1992,1,4,3,0,0.7201510071754456,10.670900344848633,245,9.35260009765625,8.547800064086914,144478,10.01200008392334,5.02292013168335,0.32815998792648315
1992,1,4,6,0,0.7346000075340271,11.213899612426758,255,10.046600341796875,9.365900039672852,115572,14.659700393676758,4.362480163574219,0.3034999966621399
1992,1,4,9,0,0.7636359930038452,11.578700065612793,255,10.505900382995605,9.90530014038086,102800,14.659700393676758,4.036930084228516,0.28949999809265137
1992,1,4,12,0,0.8061000108718872,11.916899681091309,265,10.758299827575684,10.07919979095459,95121,14.659700393676758,3.8121299743652344,0.28999000787734985
1992,1,4,15,0,0.8518509864807129,11.169699668884277,275,9.166899681091309,7.804800033569336,100270,14.659700393676758,4.047560214996338,0.3626900017261505
1992,1,4,18,0,0.8891479969024658,11.372900009155273,275,9.833900451660156,8.851099967956543,110816,14.659700393676758,4.21914005279541,0.3294700086116791
1992,1,4,21,0,0.9113810062408447,11.839699745178223,275,10.574899673461914,9.804200172424316,103570,14.659700393676758,3.9851200580596924,0.29427000880241394
1992,1,5,0,0,0.9211620092391968,12.015199661254883,275,10.860799789428711,10.157999992370605,91247,14.659700393676758,3.707779884338379,0.27869001030921936
1992,1,5,3,0,0.9283959865570068,12.058199882507324,275,10.961999893188477,10.292499542236328,80275,14.659700393676758,3.469939947128296,0.2701900005340576
1992,1,5,6,0,0.9341539740562439,12.045599937438965,275,10.984399795532227,10.329999923706055,70819,14.659700393676758,3.2612900733947754,0.2648400068283081
1992,1,5,9,0,0.938726007938385,12.035799980163574,275,10.991399765014648,10.330300331115723,63156,14.659700393676758,3.08171010017395,0.2615799903869629
1992,1,5,12,0,0.9422069787979126,11.97439956665039,275,10.505599975585938,8.826800346374512,57575,14.659700393676758,2.950540065765381,0.2649500072002411
1992,1,5,15,0,0.9327149987220764,11.46049976348877,275,9.137299537658691,7.253300189971924,55073,14.659700393676758,2.951390027999878,0.32749998569488525
1992,1,5,18,0,0.9368029832839966,11.636099815368652,275,9.434599876403809,7.600800037384033,54183,13.326800346374512,2.901560068130493,0.31944000720977783
1992,1,5,21,0,0.9446340203285217,12.022700309753418,275,10.037099838256836,8.228599548339844,55271,13.326800346374512,2.876159906387329,0.2953700125217438
1992,1,6,0,0,0.9559900164604187,12.507699966430664,285,11.026200294494629,9.44540023803711,57472,14.659700393676758,2.8685100078582764,0.2524600028991699
1992,1,6,3,0,0.9601269960403442,12.634099960327148,285,11.487199783325195,10.29010009765625,59685,14.659700393676758,2.9069600105285645,0.23197999596595764
1992,1,6,6,0,0.9486690163612366,12.494600296020508,275,11.498700141906738,10.632100105285645,60373,13.326800346374512,2.9438600540161133,0.22845999896526337
1992,1,6,9,0,0.9166280031204224,12.313300132751465,275,11.452699661254883,10.797800064086914,59131,13.326800346374512,2.9419500827789307,0.22098000347614288
1992,1,6,12,0,0.8910890221595764,12.07610034942627,275,11.297800064086914,10.73390007019043,55897,13.326800346374512,2.8977301120758057,0.21644000709056854
1992,1,6,15,0,0.8773030042648315,11.830100059509277,275,11.096699714660645,10.580499649047852,51126,13.326800346374512,2.8089399337768555,0.21528999507427216
1992,1,6,18,0,0.8783270120620728,11.58489990234375,275,10.870699882507324,10.37909984588623,44589,13.326800346374512,2.6588499546051025,0.21653999388217926
1992,1,6,21,0,0.8833979964256287,11.315199851989746,285,10.61050033569336,10.135299682617188,37189,12.114999771118164,2.4652600288391113,0.219310000538826
1992,1,7,0,0,0.8887069821357727,11.0108003616333,285,10.309800148010254,9.847599983215332,29593,12.114999771118164,2.238039970397949,0.22393999993801117
1992,1,7,3,0,0.8965970277786255,10.708999633789062,285,9.988499641418457,9.52560043334961,22556,12.114999771118164,1.9889999628067017,0.2342900037765503
1992,1,7,6,0,0.9077640175819397,10.515999794006348,285,9.708000183105469,9.198599815368652,16982,12.114999771118164,1.7455799579620361,0.25867000222206116
1992,1,7,9,0,0.93060302734375,11.077899932861328,275,9.909600257873535,9.131699562072754,16493,13.326800346374512,1.6625499725341797,0.30355000495910645
1992,1,7,12,0,0.9582120180130005,12.508299827575684,275,11.103400230407715,9.946499824523926,29289,13.326800346374512,2.053109884262085,0.2819899916648865
1992,1,7,15,0,0.9655460119247437,13.22659969329834,275,12.022899627685547,10.939599990844727,50916,13.326800346374512,2.618040084838867,0.2478100061416626
1992,1,7,18,0,0.9619119763374329,13.40250015258789,275,12.353500366210938,11.49530029296875,68573,13.326800346374512,3.016350030899048,0.23949000239372253
1992,1,7,21,0,0.9549300074577332,13.407999992370605,275,12.401100158691406,11.699199676513672,80225,13.326800346374512,3.2627999782562256,0.2436700016260147
1992,1,8,0,0,0.949629008769989,13.425600051879883,275,12.371899604797363,11.671500205993652,88099,14.659700393676758,3.415369987487793,0.24952000379562378
1992,1,8,3,0,0.9477689862251282,13.395899772644043,275,12.315799713134766,11.594499588012695,90864,16.125999450683594,3.4710099697113037,0.25067999958992004
1992,1,8,6,0,0.9461669921875,13.18120002746582,275,12.02400016784668,11.201899528503418,85679,16.125999450683594,3.4004600048065186,0.255730003118515
1992,1,8,9,0,0.9440159797668457,12.87600040435791,275,11.614299774169922,10.687700271606445,73924,16.125999450683594,3.2012500762939453,0.26627999544143677
1992,1,8,12,0,0.9398279786109924,12.424799919128418,275,11.01039981842041,9.92549991607666,59886,16.125999450683594,2.9417600631713867,0.28336000442504883
1992,1,8,15,0,0.9338359832763672,11.791000366210938,275,10.252099990844727,9.125399589538574,49834,16.125999450683594,2.767590045928955,0.3066900074481964
1992,1,8,18,0,0.9330599904060364,11.483799934387207,275,9.95460033416748,8.781499862670898,50421,14.659700393676758,2.828010082244873,0.3065199851989746
1992,1,8,21,0,0.924314022064209,11.104100227355957,275,9.421199798583984,8.083200454711914,53559,14.659700393676758,2.972599983215332,0.31661999225616455
1992,1,9,0,0,0.9077069759368896,10.694999694824219,265,9.128600120544434,7.974999904632568,51472,14.659700393676758,2.985100030899048,0.3274500072002411
1992,1,9,3,0,0.8987439870834351,10.755200386047363,265,9.258500099182129,8.263400077819824,48332,14.659700393676758,2.8958899974823,0.35089001059532166
1992,1,9,6,0,0.9048029780387878,11.28279972076416,265,9.401900291442871,8.23960018157959,49057,13.326800346374512,2.855600118637085,0.4124000072479248
1992,1,9,9,0,0.9110490083694458,11.935700416564941,265,9.146200180053711,7.53980016708374,60745,21.46489906311035,3.0837700366973877,0.47262999415397644
1992,1,9,12,0,0.9164599776268005,12.525300025939941,265,9.47760009765625,7.792600154876709,88842,21.46489906311035,3.6191699504852295,0.4668000042438507
1992,1,9,15,0,0.9294999837875366,13.247900009155273,265,10.491299629211426,8.814800262451172,124760,19.513200759887695,4.136740207672119,0.41095998883247375
1992,1,9,18,0,0.9399769902229309,13.64050006866455,265,11.233400344848633,9.570599555969238,158201,19.513200759887695,4.55771017074585,0.3582800030708313
1992,1,9,21,0,0.9434880018234253,13.618399620056152,265,11.56719970703125,10.055000305175781,175024,17.73889923095703,4.781789779663086,0.32412999868392944
1992,1,10,0,0,0.9375939965248108,13.170700073242188,265,11.104900360107422,9.48550033569336,168105,17.73889923095703,4.765329837799072,0.32058000564575195
1992,1,10,3,0,0.922631025314331,12.375399589538574,255,10.173600196838379,8.54259967803955,158598,17.73889923095703,4.792210102081299,0.34325000643730164
1992,1,10,6,0,0.9079319834709167,11.81820011138916,255,9.820599555969238,8.391500473022461,151269,16.125999450683594,4.810760021209717,0.34536001086235046
1992,1,10,9,0,0.8852530121803284,11.410499572753906,255,9.521699905395508,8.19909954071045,147719,16.125999450683594,4.853819847106934,0.34623000025749207
1992,1,10,12,0,0.8656700253486633,11.00979995727539,245,9.041500091552734,7.69189977645874,157706,16.125999450683594,5.119219779968262,0.35934001207351685
1992,1,10,15,0,0.8631719946861267,11.271900177001953,245,9.538200378417969,8.275400161743164,159722,14.659700393676758,5.08689022064209,0.33000001311302185
1992,1,10,18,0,0.8488569855690002,11.005599975585938,245,9.378700256347656,8.209600448608398,153358,14.659700393676758,5.058450222015381,0.32607999444007874
1992,1,10,21,0,0.8463199734687805,11.120400428771973,245,9.779399871826172,8.877799987792969,130610,14.659700393676758,4.645699977874756,0.30250999331474304
1992,1,11,0,0,0.8593869805335999,10.08080005645752,255,8.758700370788574,7.870299816131592,137274,13.326800346374512,5.058529853820801,0.32458001375198364
1992,1,11,3,0,0.8651329874992371,10.437399864196777,255,9.38230037689209,8.724599838256836,121607,13.326800346374512,4.6745100021362305,0.2906300127506256
1992,1,11,6,0,0.8644459843635559,9.986900329589844,265,8.706100463867188,7.837100028991699,100662,13.326800346374512,4.359499931335449,0.32019999623298645
1992,1,11,9,0,0.8754259943962097,9.869999885559082,265,8.649299621582031,7.840799808502197,90304,13.326800346374512,4.160830020904541,0.31784000992774963
1992,1,11,12,0,0.8853369951248169,9.786199569702148,265,8.46720027923584,7.561999797821045,80164,13.326800346374512,3.937809944152832,0.3258900046348572
1992,1,11,15,0,0.8884729743003845,9.6181001663208,265,8.276200294494629,7.36870002746582,71719,12.114999771118164,3.7619900703430176,0.33355000615119934
1992,1,11,18,0,0.8938609957695007,9.698699951171875,265,8.378600120544434,7.477499961853027,62764,12.114999771118164,3.5033700466156006,0.32861998677253723
1992,1,11,21,0,0.9041609764099121,10.180899620056152,265,9.017600059509277,8.264699935913086,52500,12.114999771118164,3.1153299808502197,0.30630001425743103
1992,1,12,0,0,0.9133800268173218,10.592300415039062,265,9.488900184631348,8.786800384521484,47768,12.114999771118164,2.9016900062561035,0.29172998666763306
1992,1,12,3,0,0.9211080074310303,10.939399719238281,265,9.811300277709961,9.008899688720703,48386,12.114999771118164,2.8622400760650635,0.2801100015640259
1992,1,12,6,0,0.9268119931221008,11.12720012664795,265,10.055399894714355,9.312000274658203,50865,13.326800346374512,2.9036099910736084,0.268449991941452
1992,1,12,9,0,0.9292169809341431,11.181400299072266,265,10.225899696350098,9.584699630737305,50493,13.326800346374512,2.8865199089050293,0.2543500065803528
1992,1,12,12,0,0.9284970164299011,11.111200332641602,265,10.250300407409668,9.684900283813477,46543,12.114999771118164,2.784719944000244,0.24417999386787415
1992,1,12,15,0,0.9260450005531311,10.960100173950195,265,10.149700164794922,9.624899864196777,40782,12.114999771118164,2.630850076675415,0.24011999368667603
1992,1,12,18,0,0.9219809770584106,10.761899948120117,265,9.948699951171875,9.395999908447266,33891,12.114999771118164,2.4273500442504883,0.24381999671459198
1992,1,12,21,0,0.9119979739189148,10.135499954223633,265,8.745400428771973,7.584700107574463,27122,12.114999771118164,2.248199939727783,0.30327001214027405
1992,1,13,0,0,0.896045982837677,9.524800300598145,265,7.788700103759766,6.616499900817871,22958,12.114999771118164,2.1441400051116943,0.38578999042510986
1992,1,13,3,0,0.9044849872589111,9.997699737548828,265,7.904799938201904,6.685800075531006,25398,12.114999771118164,2.1897099018096924,0.4477199912071228
1992,1,13,6,0,0.9313139915466309,11.060199737548828,255,8.678799629211426,7.20989990234375,46396,16.125999450683594,2.781630039215088,0.4232900142669678
1992,1,13,9,0,0.9488919973373413,11.776399612426758,255,9.822999954223633,8.486100196838379,75590,14.659700393676758,3.424870014190674,0.3644999861717224
1992,1,13,12,0,0.952206015586853,12.103799819946289,255,10.29170036315918,8.99470043182373,88406,14.659700393676758,3.6430399417877197,0.34071001410484314
1992,1,13,15,0,0.9512709975242615,12.274299621582031,255,10.487099647521973,9.189200401306152,89803,17.73889923095703,3.637279987335205,0.3307900130748749
1992,1,13,18,0,0.9494900107383728,12.35990047454834,255,10.544899940490723,9.204099655151367,85680,17.73889923095703,3.533679962158203,0.326200008392334
1992,1,13,21,0,0.9476109743118286,12.345999717712402,255,10.525799751281738,9.176300048828125,79075,16.125999450683594,3.393320083618164,0.3233799934387207
1992,1,14,0,0,0.9463639855384827,12.394499778747559,255,10.649100303649902,9.36139965057373,72873,16.125999450683594,3.2490100860595703,0.31632000207901
1992,1,14,3,0,0.9446089863777161,12.471099853515625,255,10.700400352478027,9.351400375366211,67051,16.125999450683594,3.1073999404907227,0.3169499933719635
1992,1,14,6,0,0.9393730163574219,12.437700271606445,255,10.488800048828125,8.990799903869629,60619,14.659700393676758,2.963289976119995,0.33324000239372253
1992,1,14,9,0,0.931318998336792,12.527700424194336,255,10.492600440979004,8.9891996383667,56433,14.659700393676758,2.8508400917053223,0.3449000120162964
1992,1,14,12,0,0.926751971244812,12.918499946594238,265,10.671899795532227,8.989399909973145,57126,19.513200759887695,2.819010019302368,0.3505699932575226
1992,1,14,15,0,0.9245560169219971,12.95300006866455,265,10.485099792480469,8.698399543762207,55057,19.513200759887695,2.760970115661621,0.3622500002384186
1992,1,14,18,0,0.9195190072059631,12.709099769592285,265,10.083900451660156,8.250399589538574,51379,17.73889923095703,2.691540002822876,0.374210000038147
1992,1,14,21,0,0.916733980178833,12.616299629211426,265,9.910699844360352,8.06820011138916,49866,17.73889923095703,2.657680034637451,0.3774400055408478
1992,1,15,0,0,0.9173200130462646,12.565400123596191,265,9.82289981842041,7.954800128936768,48309,17.73889923095703,2.618380069732666,0.3755599856376648
1992,1,15,3,0,0.9212719798088074,12.38539981842041,265,9.733799934387207,7.879899978637695,47940,16.125999450683594,2.6273300647735596,0.36699000000953674
1992,1,15,6,0,0.9303629994392395,12.300800323486328,265,9.956399917602539,8.17959976196289,54997,16.125999450683594,2.824709892272949,0.3403500020503998
1992,1,15,9,0,0.9367820024490356,12.185700416564941,265,10.29699993133545,8.802399635314941,65039,16.125999450683594,3.093169927597046,0.31314998865127563
1992,1,15,12,0,0.9349619746208191,11.855299949645996,265,10.033599853515625,8.561200141906738,67288,14.659700393676758,3.2013800144195557,0.31310999393463135
1992,1,15,15,0,0.9232569932937622,11.166399955749512,265,9.132200241088867,7.654200077056885,64688,13.326800346374512,3.2506699562072754,0.34856998920440674
1992,1,15,18,0,0.9065279960632324,10.372400283813477,255,8.277400016784668,6.907800197601318,65119,13.326800346374512,3.4063100814819336,0.38332000374794006
1992,1,15,21,0,0.8902559876441956,9.64680004119873,255,7.806099891662598,6.675899982452393,73785,13.326800346374512,3.7901699542999268,0.3962700068950653
1992,1,16,0,0,0.8906999826431274,10.337200164794922,255,8.77239990234375,7.807199954986572,65156,14.659700393676758,3.42753005027771,0.3570399880409241
1992,1,16,3,0,0.8916490077972412,10.958700180053711,255,9.508700370788574,8.638400077819824,56664,14.659700393676758,3.090240001678467,0.33500999212265015
1992,1,16,6,0,0.8942520022392273,11.316300392150879,255,9.889599800109863,9.042099952697754,52049,12.114999771118164,2.906790018081665,0.32763001322746277
1992,1,16,9,0,0.8989480137825012,11.498000144958496,265,9.994199752807617,9.114899635314941,50569,13.326800346374512,2.836430072784424,0.3323900103569031
1992,1,16,12,0,0.9056059718132019,11.718500137329102,265,10.128700256347656,9.190600395202637,51110,16.125999450683594,2.8176400661468506,0.33474001288414
1992,1,16,15,0,0.9095050096511841,11.98960018157959,265,10.386199951171875,9.428099632263184,51544,16.125999450683594,2.791249990463257,0.32982000708580017
1992,1,16,18,0,0.9115319848060608,12.20479965209961,265,10.607999801635742,9.648900032043457,52134,14.659700393676758,2.7776200771331787,0.32475000619888306
1992,1,16,21,0,0.9128569960594177,12.376099586486816,265,10.779199600219727,9.763999938964844,52723,17.73889923095703,2.769619941711426,0.3181700110435486
1992,1,17,0,0,0.9120209813117981,12.420299530029297,265,10.823100090026855,9.728899955749512,51601,17.73889923095703,2.7335801124572754,0.3122499883174896
1992,1,17,3,0,0.90938800573349,12.430700302124023,265,10.88539981842041,9.771300315856934,50842,16.125999450683594,2.711469888687134,0.3034000098705292
1992,1,17,6,0,0.9071930050849915,12.494799613952637,265,11.013999938964844,9.882499694824219,52194,16.125999450683594,2.7375500202178955,0.29155001044273376
1992,1,17,9,0,0.9060590267181396,12.513400077819824,265,11.178000450134277,10.184100151062012,53180,16.125999450683594,2.759660005569458,0.277209997177124
1992,1,17,12,0,0.9052760004997253,12.390700340270996,265,11.172499656677246,10.291099548339844,51130,14.659700393676758,2.7216100692749023,0.2665799856185913
1992,1,17,15,0,0.9047039747238159,12.20580005645752,265,11.049599647521973,10.157500267028809,46530,14.659700393676758,2.6206700801849365,0.25982001423835754
1992,1,17,18,0,0.9029110074043274,11.973099708557129,265,10.777000427246094,9.737000465393066,40817,14.659700393676758,2.4839999675750732,0.2602100074291229
1992,1,17,21,0,0.9016609787940979,11.823699951171875,265,10.6875,9.80840015411377,35609,14.659700393676758,2.3393499851226807,0.2633199989795685
1992,1,18,0,0,0.9065769910812378,12.034899711608887,265,10.87090015411377,10.082300186157227,34061,13.326800346374512,2.2663800716400146,0.27709001302719116
1992,1,18,3,0,0.9221100211143494,12.793600082397461,265,11.514699935913086,10.69849967956543,39527,13.326800346374512,2.3550400733947754,0.2850300073623657
1992,1,18,6,0,0.9393849968910217,13.61970043182373,265,12.28909969329834,11.347200393676758,50377,16.125999450683594,2.5606698989868164,0.2709900140762329
1992,1,18,9,0,0.951000988483429,14.220600128173828,265,12.862600326538086,11.7121000289917,61493,16.125999450683594,2.759239912033081,0.25791001319885254
1992,1,18,12,0,0.9581429958343506,14.81410026550293,265,13.456600189208984,12.213000297546387,73478,16.125999450683594,2.950040102005005,0.24999000132083893
1992,1,18,15,0,0.9577320218086243,15.019700050354004,265,13.40250015258789,12.099599838256836,87505,16.125999450683594,3.196010112762451,0.26576000452041626
1992,1,18,18,0,0.94861900806427,14.811200141906738,265,12.958900451660156,11.51200008392334,98776,16.125999450683594,3.4198501110076904,0.282039999961853
1992,1,18,21,0,0.9468029737472534,14.84529972076416,265,13.104000091552734,11.680500030517578,100188,17.73889923095703,3.4346001148223877,0.267549991607666
1992,1,19,0,0,0.941116988658905,14.418299674987793,265,12.616999626159668,11.201399803161621,92942,16.125999450683594,3.3577699661254883,0.2756600081920624
1992,1,19,3,0,0.9335830211639404,13.890800476074219,265,12.022500038146973,10.614399909973145,82682,16.125999450683594,3.231029987335205,0.28817999362945557
1992,1,19,6,0,0.930757999420166,13.43809986114502,265,11.588899612426758,10.19279956817627,71961,16.125999450683594,3.070580005645752,0.29357999563217163
1992,1,19,9,0,0.9300550222396851,12.863499641418457,265,10.95460033416748,9.410599708557129,63471,16.125999450683594,2.9570701122283936,0.30110999941825867
1992,1,19,12,0,0.9231230020523071,12.120800018310547,265,10.118399620056152,8.59060001373291,60541,16.125999450683594,2.989419937133789,0.3228600025177002
1992,1,19,15,0,0.9135500192642212,11.561100006103516,265,9.692899703979492,8.344200134277344,59459,14.659700393676758,3.048340082168579,0.33083000779151917
1992,1,19,18,0,0.9078739881515503,11.290599822998047,265,9.510600090026855,8.220499992370605,60590,14.659700393676758,3.122270107269287,0.32820001244544983
1992,1,19,21,0,0.9076560139656067,11.247200012207031,265,9.718500137329102,8.628299713134766,61919,14.659700393676758,3.167649984359741,0.3092600107192993
1992,1,20,0,0,0.9096289873123169,11.109399795532227,255,9.67490005493164,8.603400230407715,58311,13.326800346374512,3.1002700328826904,0.2980499863624573
1992,1,20,3,0,0.9055780172348022,10.779500007629395,255,9.26449966430664,8.078300476074219,53033,13.326800346374512,3.0118799209594727,0.3045400083065033
1992,1,20,6,0,0.8846529722213745,10.14799976348877,255,8.395899772644043,7.120100021362305,50461,13.326800346374512,3.0425899028778076,0.33882999420166016
1992,1,20,9,0,0.8604440093040466,9.965399742126465,255,8.336000442504883,7.188000202178955,53185,13.326800346374512,3.161720037460327,0.3440299928188324
1992,1,20,12,0,0.8429419994354248,9.987500190734863,255,8.165399551391602,6.927000045776367,61401,13.326800346374512,3.388240098953247,0.364329993724823
1992,1,20,15,0,0.8308500051498413,9.93589973449707,255,8.162300109863281,6.9670000076293945,73809,13.326800346374512,3.727260112762451,0.3637399971485138
1992,1,20,18,0,0.8299430012702942,9.983499526977539,255,8.339799880981445,7.188000202178955,85264,13.326800346374512,4.000249862670898,0.3454200029373169
1992,1,20,21,0,0.8306530117988586,10.212599754333496,255,8.761099815368652,7.689899921417236,80719,13.326800346374512,3.8469700813293457,0.31821998953819275
1992,1,21,0,0,0.8219149708747864,10.087200164794922,255,8.534299850463867,7.401599884033203,72747,12.114999771118164,3.676569938659668,0.32916998863220215
1992,1,21,3,0,0.8090270161628723,9.834699630737305,255,8.15060043334961,6.986100196838379,68584,12.114999771118164,3.619460105895996,0.3530699908733368
1992,1,21,6,0,0.8088080286979675,9.812600135803223,255,8.072099685668945,6.908199787139893,64484,12.114999771118164,3.5121400356292725,0.36559000611305237
1992,1,21,9,0,0.8266839981079102,9.767399787902832,255,7.991300106048584,6.866099834442139,62983,12.114999771118164,3.477720022201538,0.37961000204086304
1992,1,21,12,0,0.8489630222320557,9.61299991607666,255,7.877099990844727,6.828800201416016,65807,12.114999771118164,3.586980104446411,0.39261001348495483
1992,1,21,15,0,0.8679180145263672,9.632100105285645,265,8.123800277709961,7.240900039672852,71059,14.659700393676758,3.7305099964141846,0.3802900016307831
1992,1,21,18,0,0.8833889961242676,10.323699951171875,265,8.977399826049805,8.246700286865234,64090,14.659700393676758,3.404129981994629,0.3491699993610382
1992,1,21,21,0,0.8934929966926575,10.777700424194336,265,9.446700096130371,8.710000038146973,55993,13.326800346374512,3.0991199016571045,0.33070001006126404
1992,1,22,0,0,0.9010499715805054,11.046899795532227,265,9.760499954223633,9.023799896240234,50060,13.326800346374512,2.8864500522613525,0.31356000900268555
1992,1,22,3,0,0.9066050052642822,11.160900115966797,265,9.910499572753906,9.15779972076416,44986,13.326800346374512,2.7190101146698,0.3013400137424469
1992,1,22,6,0,0.9078109860420227,11.027999877929688,265,9.399700164794922,8.027400016784668,40441,14.659700393676758,2.5936899185180664,0.30834001302719116
1992,1,22,9,0,0.8987860083580017,10.467300415039062,265,8.487000465393066,7.05709981918335,37029,13.326800346374512,2.5533599853515625,0.34825998544692993
1992,1,22,12,0,0.8737670183181763,9.642800331115723,265,7.645999908447266,6.391600131988525,35354,13.326800346374512,2.615149974822998,0.38639000058174133
1992,1,22,15,0,0.8323779702186584,8.670299530029297,255,7.0117998123168945,5.985899925231934,39047,13.326800346374512,2.9353599548339844,0.3906700015068054
1992,1,22,18,0,0.8663520216941833,9.385899543762207,245,8.346799850463867,7.605800151824951,52477,10.01200008392334,3.2799899578094482,0.29050999879837036
1992,1,22,21,0,0.8782640099525452,9.741499900817871,245,8.741100311279297,7.9882001876831055,62772,11.013500213623047,3.510999917984009,0.27140000462532043
1992,1,23,0,0,0.8615049719810486,9.261500358581543,245,7.995800018310547,7.054100036621094,62767,12.114999771118164,3.6087899208068848,0.30831000208854675
1992,1,23,3,0,0.8358349800109863,8.69480037689209,235,7.4390997886657715,6.549200057983398,66182,12.114999771118164,3.845489978790283,0.32464998960494995
1992,1,23,6,0,0.8388260006904602,8.910099983215332,235,7.838600158691406,7.053299903869629,60312,11.013500213623047,3.629009962081909,0.2959200143814087
1992,1,23,9,0,0.8493940234184265,8.86870002746582,235,7.80079984664917,6.9934000968933105,59395,11.013500213623047,3.6149399280548096,0.29139000177383423
1992,1,23,12,0,0.8481199741363525,8.79580020904541,235,7.718599796295166,6.906300067901611,56160,10.01200008392334,3.5331099033355713,0.2942799925804138
1992,1,23,15,0,0.8444790244102478,8.726400375366211,235,7.642899990081787,6.843500137329102,50989,10.01200008392334,3.3819499015808105,0.3022199869155884
1992,1,23,18,0,0.8385630249977112,8.227800369262695,225,7.024600028991699,6.189000129699707,56268,10.01200008392334,3.669179916381836,0.3391000032424927
1992,1,23,21,0,0.8443729877471924,8.350700378417969,215,7.225299835205078,6.433300018310547,75001,9.101699829101562,4.207129955291748,0.33164000511169434
1992,1,24,0,0,0.8699160218238831,8.886099815368652,215,7.801199913024902,7.026800155639648,130321,10.01200008392334,5.353400230407715,0.313510000705719
1992,1,24,3,0,0.8865159749984741,10.174099922180176,225,9.26039981842041,8.671299934387207,169616,11.013500213623047,5.6353302001953125,0.2776300013065338
1992,1,24,6,0,0.8903999924659729,10.895000457763672,235,9.968099594116211,9.393899917602539,185770,12.114999771118164,5.650760173797607,0.2737799882888794
1992,1,24,9,0,0.8839730024337769,11.3681001663208,235,10.447999954223633,9.932299613952637,148798,12.114999771118164,4.932769775390625,0.28029999136924744
1992,1,24,12,0,0.8685460090637207,11.61340045928955,235,10.52340030670166,9.950599670410156,115129,11.013500213623047,4.284289836883545,0.30781999230384827
1992,1,24,15,0,0.860925018787384,11.902899742126465,245,10.660799980163574,10.025300025939941,104031,17.73889923095703,4.008900165557861,0.32249000668525696
1992,1,24,18,0,0.8592209815979004,12.24489974975586,245,10.879199981689453,10.146900177001953,97622,17.73889923095703,3.8109500408172607,0.32300999760627747
1992,1,24,21,0,0.8657280206680298,12.515700340270996,255,11.087900161743164,10.241700172424316,91206,16.125999450683594,3.6293399333953857,0.31398001313209534
1992,1,25,0,0,0.8622589707374573,12.061400413513184,255,10.250100135803223,8.970399856567383,83448,16.125999450683594,3.5410399436950684,0.3396799862384796
1992,1,25,3,0,0.8427680134773254,11.267000198364258,245,9.577099800109863,8.419400215148926,82060,16.125999450683594,3.6601901054382324,0.34880000352859497
1992,1,25,6,0,0.8418430089950562,11.243200302124023,235,9.810600280761719,8.711600303649902,82854,11.013500213623047,3.6880099773406982,0.31411999464035034
1992,1,25,9,0,0.8659200072288513,10.97130012512207,235,8.961000442504883,7.42080020904541,98195,13.326800346374512,4.055200099945068,0.3405900001525879
1992,1,25,12,0,0.8939700126647949,11.229900360107422,235,9.693499565124512,8.59469985961914,145459,14.659700393676758,4.868509769439697,0.31325000524520874
1992,1,25,15,0,0.8914530277252197,11.649999618530273,235,10.156100273132324,9.032899856567383,137800,13.326800346374512,4.632349967956543,0.29475000500679016
1992,1,25,18,0,0.8848649859428406,11.839400291442871,235,10.614899635314941,9.73449993133545,119888,13.326800346374512,4.284540176391602,0.27118000388145447
1992,1,25,21,0,0.8748379945755005,11.817899703979492,235,10.542400360107422,9.558899879455566,107654,13.326800346374512,4.066619873046875,0.27439001202583313
1992,1,26,0,0,0.8643069863319397,12.692399978637695,245,11.349300384521484,10.386500358581543,130047,13.326800346374512,4.2886199951171875,0.282260000705719
1992,1,26,3,0,0.8933500051498413,13.779199600219727,255,12.5177001953125,11.561100006103516,199062,16.125999450683594,5.051469802856445,0.25488001108169556
1992,1,26,6,0,0.9043639898300171,13.714099884033203,255,12.511799812316895,11.545299530029297,211703,16.125999450683594,5.218009948730469,0.24437999725341797
1992,1,26,9,0,0.9001889824867249,13.215499877929688,255,11.994000434875488,10.997400283813477,179386,14.659700393676758,4.907050132751465,0.2505199909210205
1992,1,26,12,0,0.891290009021759,12.634400367736816,255,11.291999816894531,10.121299743652344,144372,14.659700393676758,4.520730018615723,0.26363998651504517
1992,1,26,15,0,0.8743690252304077,11.92959976196289,255,10.623000144958496,9.600000381469727,115919,13.326800346374512,4.19605016708374,0.2787100076675415
1992,1,26,18,0,0.8648579716682434,11.357000350952148,245,9.866900444030762,8.603300094604492,100819,13.326800346374512,4.0317301750183105,0.29267001152038574
1992,1,26,21,0,0.8634359836578369,10.521699905395508,235,8.670900344848633,7.33650016784668,121321,13.326800346374512,4.616230010986328,0.3430800139904022
1992,1,27,0,0,0.8608899712562561,10.636099815368652,235,9.00409984588623,7.781199932098389,131554,13.326800346374512,4.78292989730835,0.3221299946308136
1992,1,27,3,0,0.8476639986038208,10.792900085449219,235,9.272500038146973,8.090800285339355,115705,13.326800346374512,4.449429988861084,0.305620014667511
1992,1,27,6,0,0.8383910059928894,10.60830020904541,235,9.121100425720215,7.987500190734863,102516,12.114999771118164,4.233369827270508,0.3078399896621704
1992,1,27,9,0,0.8280360102653503,10.280200004577637,235,8.700499534606934,7.52869987487793,94259,12.114999771118164,4.13716983795166,0.32559001445770264
1992,1,27,12,0,0.819923996925354,10.000100135803223,235,8.244400024414062,7.013599872589111,94008,12.114999771118164,4.1999897956848145,0.357230007648468
1992,1,27,15,0,0.8277379870414734,9.819700241088867,225,8.038299560546875,6.848700046539307,111351,12.114999771118164,4.622270107269287,0.3745200037956238
1992,1,27,18,0,0.8724820017814636,10.632100105285645,225,9.38599967956543,8.548399925231934,153865,12.114999771118164,5.197150230407715,0.3050999939441681
1992,1,27,21,0,0.883197009563446,11.658599853515625,235,10.588700294494629,9.876299858093262,160152,13.326800346374512,5.00901985168457,0.26576000452041626
1992,1,28,0,0,0.8802700042724609,11.977299690246582,235,11.032099723815918,10.387299537658691,141770,13.326800346374512,4.6351399421691895,0.24390000104904175
1992,1,28,3,0,0.8720669746398926,11.877900123596191,235,10.985400199890137,10.349300384521484,117534,13.326800346374512,4.2434000968933105,0.23633000254631042
1992,1,28,6,0,0.8524330258369446,10.70740032196045,235,8.838899612426758,7.355299949645996,102285,12.114999771118164,4.196619987487793,0.3205200135707855
1992,1,28,9,0,0.8453130125999451,9.773300170898438,225,8.470999717712402,7.565499782562256,127973,12.114999771118164,4.980040073394775,0.3166700005531311
1992,1,28,12,0,0.8535460233688354,10.43280029296875,215,9.38290023803711,8.663100242614746,134221,12.114999771118164,4.91549015045166,0.2771399915218353
1992,1,28,15,0,0.8527730107307434,10.870200157165527,225,9.825699806213379,9.10830020904541,127425,12.114999771118164,4.675429821014404,0.27623000741004944
1992,1,28,18,0,0.8485519886016846,10.780799865722656,225,9.396900177001953,8.434700012207031,133204,12.114999771118164,4.801640033721924,0.3239800035953522
1992,1,28,21,0,0.8513630032539368,11.23330020904541,235,9.905599594116211,9.078900337219238,134646,12.114999771118164,4.7205400466918945,0.3290899991989136
1992,1,29,0,0,0.8588529825210571,11.762800216674805,235,10.304900169372559,9.39799976348877,143495,12.114999771118164,4.739699840545654,0.3348900079727173
1992,1,29,3,0,0.8749340176582336,12.472200393676758,245,10.942000389099121,9.982000350952148,163199,12.114999771118164,4.8744001388549805,0.32499000430107117
1992,1,29,6,0,0.8830649852752686,12.569700241088867,245,10.583200454711914,9.183699607849121,186457,16.125999450683594,5.17126989364624,0.344760000705719
1992,1,29,9,0,0.878466010093689,12.47089958190918,245,10.365799903869629,8.908599853515625,205294,16.125999450683594,5.445469856262207,0.35409000515937805
1992,1,29,12,0,0.8812339901924133,12.82390022277832,245,11.17870044708252,10.113800048828125,213051,16.125999450683594,5.4617600440979,0.3184800148010254
1992,1,29,15,0,0.8818899989128113,12.812299728393555,245,11.049400329589844,9.805999755859375,198586,16.125999450683594,5.2689900398254395,0.31863999366760254
1992,1,29,18,0,0.8740969896316528,12.327500343322754,245,10.290300369262695,8.786499977111816,178537,16.125999450683594,5.102859973907471,0.33847999572753906
1992,1,29,21,0,0.8450329899787903,11.21720027923584,235,9.323399543762207,8.046600341796875,188719,16.125999450683594,5.550759792327881,0.3596700131893158
1992,1,30,0,0,0.8351719975471497,10.725600242614746,225,8.971699714660645,7.747600078582764,208643,12.114999771118164,5.9961700439453125,0.3487200140953064
1992,1,30,3,0,0.8529539704322815,10.77929973602295,225,9.208999633789062,8.082599639892578,245320,12.114999771118164,6.484640121459961,0.3257400095462799
1992,1,30,6,0,0.8707159757614136,11.410400390625,225,10.036499977111816,9.064000129699707,257278,14.659700393676758,6.418869972229004,0.296750009059906
1992,1,30,9,0,0.8791689872741699,11.781599998474121,235,10.308500289916992,9.238800048828125,274791,14.659700393676758,6.500820159912109,0.2978900074958801
1992,1,30,12,0,0.8902649879455566,12.360699653625488,235,11.034700393676758,10.120599746704102,259143,14.659700393676758,6.137149810791016,0.28025001287460327
1992,1,30,15,0,0.8918039798736572,12.785099983215332,235,11.611599922180176,10.823800086975098,216195,14.659700393676758,5.498600006103516,0.2635999917984009
1992,1,30,18,0,0.89335697889328,12.968999862670898,245,11.919899940490723,11.239800453186035,184301,14.659700393676758,5.035689830780029,0.2513200044631958
1992,1,30,21,0,0.8964459896087646,12.938400268554688,245,11.966099739074707,11.346500396728516,163147,14.659700393676758,4.743850231170654,0.24341000616550446
1992,1,31,0,0,0.8984910249710083,12.774499893188477,245,11.849200248718262,11.264699935913086,142881,14.659700393676758,4.473340034484863,0.2397100031375885
1992,1,31,3,0,0.9004409909248352,12.58489990234375,245,11.6850004196167,11.121899604797363,124242,14.659700393676758,4.210159778594971,0.2393999993801117
1992,1,31,6,0,0.9008679986000061,12.607500076293945,255,11.699199676513672,11.12720012664795,118047,13.326800346374512,4.100039958953857,0.2404399961233139
1992,1,31,9,0,0.9054629802703857,12.722900390625,255,11.486800193786621,10.125900268554688,127552,13.326800346374512,4.233590126037598,0.24307000637054443
1992,1,31,12,0,0.8488460183143616,10.674400329589844,245,8.79520034790039,7.456299781799316,155119,13.326800346374512,5.1722798347473145,0.3487200140953064
1992,1,31,15,0,0.8172929883003235,10.267900466918945,225,8.720000267028809,7.5991997718811035,179495,13.326800346374512,5.711939811706543,0.3264699876308441
1992,1,31,18,0,0.845920979976654,10.741700172424316,215,9.438300132751465,8.43970012664795,190766,13.326800346374512,5.740570068359375,0.28964000940322876
1992,1,31,21,0,0.8960250020027161,10.63230037689209,215,9.254500389099121,8.259200096130371,287116,13.326800346374512,7.081130027770996,0.3063200116157532
1992,2,1,0,0,0.9310179948806763,11.99020004272461,215,10.803799629211426,10.003899574279785,430891,13.326800346374512,8.065589904785156,0.27250000834465027
1992,2,1,3,0,0.9294580221176147,12.055500030517578,215,10.995699882507324,10.29990005493164,353812,14.659700393676758,7.285459995269775,0.25839999318122864
1992,2,1,6,0,0.9050689935684204,11.771900177001953,225,10.89210033416748,10.319100379943848,221763,13.326800346374512,5.861199855804443,0.240789994597435
1992,2,1,9,0,0.8747720122337341,11.434800148010254,235,10.740099906921387,10.301899909973145,144530,12.114999771118164,4.828070163726807,0.2211800068616867
1992,2,1,12,0,0.8487799763679504,10.93970012664795,235,10.29640007019043,9.900099754333496,91687,12.114999771118164,3.9596800804138184,0.22091999650001526
1992,2,1,15,0,0.820110023021698,10.611200332641602,235,9.958200454711914,9.55780029296875,66206,12.114999771118164,3.4311399459838867,0.2277500033378601
1992,2,1,18,0,0.8063030242919922,10.331000328063965,235,9.540599822998047,9.008500099182129,52163,12.114999771118164,3.0934998989105225,0.24834999442100525
1992,2,1,21,0,0.8054800033569336,10.068900108337402,235,9.015000343322754,8.168499946594238,43585,11.013500213623047,2.8681299686431885,0.2748599946498871
1992,2,2,0,0,0.8119779825210571,9.818699836730957,235,8.486499786376953,7.413599967956543,37971,11.013500213623047,2.712939977645874,0.30329999327659607
1992,2,2,3,0,0.817641019821167,9.12660026550293,235,7.421599864959717,6.271699905395508,35719,11.013500213623047,2.7352499961853027,0.3646799921989441
1992,2,2,6,0,0.8222370147705078,8.630200386047363,225,6.9567999839782715,5.921800136566162,36163,11.013500213623047,2.838279962539673,0.392300009727478
1992,2,2,9,0,0.8416110277175903,8.52180004119873,225,7.0355000495910645,6.088099956512451,40507,11.013500213623047,3.031899929046631,0.37946999073028564
1992,2,2,12,0,0.8554670214653015,8.47029972076416,215,7.061299800872803,6.125,52530,10.01200008392334,3.473680019378662,0.36191999912261963
1992,2,2,15,0,0.8708750009536743,8.91670036315918,215,7.530700206756592,6.553299903869629,69754,11.013500213623047,3.8886001110076904,0.3366999924182892
1992,2,2,18,0,0.8831779956817627,9.245499610900879,215,7.8871002197265625,6.880099773406982,83583,11.013500213623047,4.167779922485352,0.31970998644828796
1992,2,2,21,0,0.8831599950790405,9.104499816894531,215,7.704400062561035,6.700799942016602,111858,11.013500213623047,4.8596601486206055,0.3297100067138672
1992,2,3,0,0,0.8942540287971497,9.612099647521973,205,8.409500122070312,7.523900032043457,120656,11.013500213623047,4.896120071411133,0.2991499900817871
1992,2,3,3,0,0.8889279961585999,9.616399765014648,215,8.236700057983398,7.199399948120117,113375,11.013500213623047,4.739120006561279,0.3144899904727936
1992,2,3,6,0,0.8802030086517334,9.830599784851074,215,8.432299613952637,7.406199932098389,125201,11.013500213623047,4.911220073699951,0.31951001286506653
1992,2,3,9,0,0.8693249821662903,10.522899627685547,225,9.175299644470215,8.16510009765625,127566,12.114999771118164,4.7588701248168945,0.30465999245643616
1992,2,3,12,0,0.8686490058898926,11.262299537658691,235,9.943699836730957,8.978899955749512,130304,13.326800346374512,4.613719940185547,0.2952499985694885
1992,2,3,15,0,0.8836780190467834,12.123499870300293,245,10.937399864196777,10.107999801635742,143763,13.326800346374512,4.6339898109436035,0.27324000000953674
1992,2,3,18,0,0.9000970125198364,12.466400146484375,245,11.39210033416748,10.68690013885498,142083,14.659700393676758,4.529839992523193,0.2602599859237671
1992,2,3,21,0,0.9069330096244812,12.564200401306152,245,11.5246000289917,10.871100425720215,130531,13.326800346374512,4.321619987487793,0.25786998867988586
1992,2,4,0,0,0.9103410243988037,12.561200141906738,245,11.539799690246582,10.905699729919434,118705,14.659700393676758,4.121280193328857,0.2562600076198578
1992,2,4,3,0,0.9128779768943787,12.496100425720215,245,11.505399703979492,10.88949966430664,107675,14.659700393676758,3.9363698959350586,0.2523599863052368
1992,2,4,6,0,0.9137549996376038,12.428199768066406,245,11.45740032196045,10.851799964904785,97752,14.659700393676758,3.761850118637085,0.249549999833107
1992,2,4,9,0,0.9146559834480286,12.338000297546387,245,11.373299598693848,10.77239990234375,87636,14.659700393676758,3.5772900581359863,0.24955999851226807
1992,2,4,12,0,0.9153180122375488,12.244999885559082,245,11.276300430297852,10.674400329589844,77654,14.659700393676758,3.3832499980926514,0.25143998861312866
1992,2,4,15,0,0.9139279723167419,12.183799743652344,245,11.209500312805176,10.603699684143066,69611,13.326800346374512,3.2134299278259277,0.2530199885368347
1992,2,4,18,0,0.9117019772529602,12.139699935913086,245,11.173999786376953,10.569100379943848,63705,13.326800346374512,3.0809900760650635,0.25165998935699463
1992,2,4,21,0,0.9103530049324036,12.075900077819824,255,11.136199951171875,10.541299819946289,59401,13.326800346374512,2.984910011291504,0.24796000123023987
1992,2,5,0,0,0.9078770279884338,11.959099769592285,255,11.059100151062012,10.484600067138672,56099,13.326800346374512,2.9187400341033936,0.24324999749660492
1992,2,5,3,0,0.902787983417511,11.79259967803955,255,10.932600021362305,10.381699562072754,53034,13.326800346374512,2.8633999824523926,0.23924000561237335
1992,2,5,6,0,0.8958749771118164,11.60099983215332,255,10.774499893188477,10.243800163269043,49611,13.326800346374512,2.7987399101257324,0.2362699955701828
1992,2,5,9,0,0.8880079984664917,11.371299743652344,255,10.559100151062012,10.039299964904785,45598,13.326800346374512,2.7175800800323486,0.23672999441623688
1992,2,5,12,0,0.8801220059394836,11.123900413513184,255,10.303999900817871,9.783599853515625,41032,12.114999771118164,2.6140499114990234,0.24130000174045563
1992,2,5,15,0,0.8725289702415466,10.940999984741211,255,10.125,9.606900215148926,36408,12.114999771118164,2.4889800548553467,0.24361999332904816
1992,2,5,18,0,0.8654239773750305,10.832799911499023,255,10.026900291442871,9.516900062561035,32749,12.114999771118164,2.3770599365234375,0.24624000489711761
1992,2,5,21,0,0.8586660027503967,10.789899826049805,255,9.971400260925293,9.46679973602295,30095,12.114999771118164,2.2874600887298584,0.25727999210357666
1992,2,6,0,0,0.8508639931678772,10.706299781799316,255,9.898300170898438,9.406599998474121,27452,12.114999771118164,2.197390079498291,0.26109999418258667
1992,2,6,3,0,0.8433510065078735,10.753700256347656,255,9.88010025024414,9.377900123596191,25504,12.114999771118164,2.1153600215911865,0.2833400070667267
1992,2,6,6,0,0.8367499709129333,10.898099899291992,255,9.89430046081543,9.358799934387207,23936,12.114999771118164,2.036289930343628,0.31578001379966736
1992,2,6,9,0,0.8285859823226929,10.827400207519531,255,9.803199768066406,9.25879955291748,21462,12.114999771118164,1.9359500408172607,0.32058000564575195
1992,2,6,12,0,0.82805997133255,11.368399620056152,255,10.06879997253418,9.412599563598633,22098,12.114999771118164,1.906309962272644,0.35172998905181885
1992,2,6,15,0,0.8393009901046753,12.144200325012207,265,10.553199768066406,9.750499725341797,24957,19.513200759887695,1.9468400478363037,0.36599001288414
1992,2,6,18,0,0.8492059707641602,12.24940013885498,265,10.75059986114502,9.946599960327148,26228,19.513200759887695,1.9833799600601196,0.3472599983215332
1992,2,6,21,0,0.8665779829025269,12.566100120544434,265,11.18649959564209,10.395400047302246,30929,19.513200759887695,2.117799997329712,0.32038000226020813
1992,2,7,0,0,0.8906689882278442,13.1072998046875,275,11.770999908447266,10.985899925231934,38774,17.73889923095703,2.3107099533081055,0.30285000801086426
1992,2,7,3,0,0.9040349721908569,13.444899559020996,275,12.142600059509277,11.382100105285645,44500,17.73889923095703,2.438149929046631,0.29354000091552734
1992,2,7,6,0,0.9123520255088806,13.724100112915039,275,12.466899871826172,11.721799850463867,49496,17.73889923095703,2.538490056991577,0.282039999961853
1992,2,7,9,0,0.9182400107383728,13.96679973602295,275,12.779999732971191,12.0556001663208,54189,17.73889923095703,2.6252899169921875,0.2667900025844574
1992,2,7,12,0,0.9218260049819946,14.121000289916992,275,13.007499694824219,12.310600280761719,57224,16.125999450683594,2.6769800186157227,0.25306999683380127
1992,2,7,15,0,0.9244930148124695,14.19379997253418,275,13.11989974975586,12.392600059509277,59112,16.125999450683594,2.709280014038086,0.24229000508785248
1992,2,7,18,0,0.9262499809265137,14.188899993896484,275,13.13379955291748,12.322500228881836,58974,16.125999450683594,2.704090118408203,0.23433999717235565
1992,2,7,21,0,0.9272040128707886,14.130800247192383,275,13.153499603271484,12.418600082397461,56541,16.125999450683594,2.652169942855835,0.22658999264240265
1992,2,8,0,0,0.9278690218925476,14.051300048828125,275,13.155900001525879,12.523099899291992,53257,16.125999450683594,2.5809099674224854,0.21931999921798706
1992,2,8,3,0,0.9273369908332825,13.906399726867676,275,13.077500343322754,12.52560043334961,48976,16.125999450683594,2.488800048828125,0.21341000497341156
1992,2,8,6,0,0.9257919788360596,13.703900337219238,275,12.92389965057373,12.398900032043457,44337,16.125999450683594,2.387809991836548,0.20860999822616577
1992,2,8,9,0,0.9214709997177124,13.45740032196045,275,12.725600242614746,12.232799530029297,39966,14.659700393676758,2.291529893875122,0.20473000407218933
1992,2,8,12,0,0.9136220216751099,13.177200317382812,275,12.47920036315918,12.002099990844727,36164,14.659700393676758,2.2078499794006348,0.20227999985218048
1992,2,8,15,0,0.9029300212860107,12.895700454711914,275,12.19909954071045,11.675999641418457,32987,14.659700393676758,2.136970043182373,0.2021699994802475
1992,2,8,18,0,0.8902850151062012,12.598299980163574,275,11.900699615478516,11.372599601745605,29467,14.659700393676758,2.049560070037842,0.20483000576496124
1992,2,8,21,0,0.8769059777259827,12.256500244140625,275,11.541600227355957,10.99370002746582,25440,13.326800346374512,1.937809944152832,0.2099599987268448
1992,2,9,0,0,0.8673660159111023,11.95110034942627,275,11.254500389099121,10.734800338745117,21935,13.326800346374512,1.8286800384521484,0.21160000562667847
1992,2,9,3,0,0.8639249801635742,11.654600143432617,275,10.798999786376953,10.07979965209961,19656,13.326800346374512,1.7573699951171875,0.22470000386238098
1992,2,9,6,0,0.8575339913368225,11.206100463867188,275,9.934300422668457,8.761199951171875,17936,13.326800346374512,1.716629981994629,0.25894999504089355
1992,2,9,9,0,0.8405150175094604,10.431400299072266,265,8.665900230407715,7.200500011444092,16565,13.326800346374512,1.7178800106048584,0.31224000453948975
1992,2,9,12,0,0.8145530223846436,9.804200172424316,265,8.18850040435791,6.99459981918335,16029,13.326800346374512,1.7538199424743652,0.33274999260902405
1992,2,9,15,0,0.7828909754753113,9.505999565124512,255,8.227299690246582,7.266499996185303,17160,12.114999771118164,1.8557900190353394,0.31119000911712646
1992,2,9,18,0,0.774321973323822,9.439800262451172,245,8.433300018310547,7.684199810028076,18464,12.114999771118164,1.940500020980835,0.2831999957561493
1992,2,9,21,0,0.7791820168495178,9.53909969329834,235,8.662300109863281,8.042200088500977,19224,10.01200008392334,1.9705899953842163,0.26789000630378723
1992,2,10,0,0,0.8014990091323853,9.801899909973145,235,8.976799964904785,8.399800300598145,20993,12.114999771118164,2.026240110397339,0.25687000155448914
1992,2,10,3,0,0.8258090019226074,10.023300170898438,235,9.238499641418457,8.645099639892578,23197,12.114999771118164,2.102530002593994,0.24309000372886658
1992,2,10,6,0,0.8303710222244263,9.600000381469727,235,7.715700149536133,5.953800201416016,24162,11.013500213623047,2.1973299980163574,0.2860499918460846
1992,2,10,9,0,0.8333939909934998,9.75,235,8.522199630737305,7.294000148773193,22684,11.013500213623047,2.1147000789642334,0.2589299976825714
1992,2,10,12,0,0.8229100108146667,9.603799819946289,235,8.19159984588623,6.701700210571289,20108,11.013500213623047,2.010190010070801,0.2618499994277954
1992,2,10,15,0,0.8097440004348755,9.734000205993652,235,8.548399925231934,7.256400108337402,18167,11.013500213623047,1.8961700201034546,0.25422999262809753
1992,2,10,18,0,0.8226929903030396,9.956100463867188,225,8.794699668884277,7.696599960327148,20417,11.013500213623047,1.9769699573516846,0.2719399929046631
1992,2,10,21,0,0.846373975276947,10.227100372314453,215,9.015299797058105,7.927999973297119,25714,12.114999771118164,2.1781699657440186,0.2767300009727478
1992,2,11,0,0,0.8438609838485718,10.185600280761719,215,8.938899993896484,7.747499942779541,26304,11.013500213623047,2.2100698947906494,0.2732599973678589
1992,2,11,3,0,0.8243740200996399,9.705599784851074,205,7.577700138092041,5.818399906158447,25341,11.013500213623047,2.2275099754333496,0.319379985332489
1992,2,11,6,0,0.8108710050582886,9.547100067138672,205,7.661799907684326,6.279600143432617,25398,11.013500213623047,2.2493600845336914,0.33862999081611633
1992,2,11,9,0,0.8231920003890991,9.566200256347656,205,7.870500087738037,6.55079984664917,26293,11.013500213623047,2.28971004486084,0.32396000623703003
1992,2,11,12,0,0.8571360111236572,9.957099914550781,215,8.394000053405762,7.10129976272583,31191,11.013500213623047,2.4345500469207764,0.30741000175476074
1992,2,11,15,0,0.9096969962120056,10.875,215,9.554200172424316,8.288399696350098,53405,12.114999771118164,3.020250082015991,0.2668299973011017
1992,2,11,18,0,0.9162769913673401,10.99470043182373,215,9.89579963684082,8.79319953918457,56332,12.114999771118164,3.0840799808502197,0.24854999780654907
1992,2,11,21,0,0.9110530018806458,10.81779956817627,205,9.945300102233887,9.250100135803223,50430,12.114999771118164,2.9505999088287354,0.24122999608516693
1992,2,12,0,0,0.8965680003166199,10.331999778747559,205,8.990400314331055,7.749899864196777,45457,12.114999771118164,2.8762600421905518,0.2754499912261963
1992,2,12,3,0,0.8854519724845886,9.612199783325195,205,8.093299865722656,6.912700176239014,42237,12.114999771118164,2.8899199962615967,0.31723999977111816
1992,2,12,6,0,0.8785949945449829,9.400699615478516,205,8.020600318908691,6.953800201416016,35982,12.114999771118164,2.706470012664795,0.3121100068092346
1992,2,12,9,0,0.8687080144882202,9.455699920654297,205,8.356300354003906,7.515200138092041,30127,11.013500213623047,2.4739599227905273,0.28738000988960266
1992,2,12,12,0,0.8630939722061157,9.536299705505371,205,8.617600440979004,7.937900066375732,26285,11.013500213623047,2.3038699626922607,0.26673999428749084
1992,2,12,15,0,0.8439580202102661,9.137200355529785,205,7.549799919128418,6.292900085449219,23298,11.013500213623047,2.2198801040649414,0.3119499981403351
1992,2,12,18,0,0.8363770246505737,9.105299949645996,205,7.591100215911865,6.3765997886657715,19957,11.013500213623047,2.0600500106811523,0.30757999420166016
1992,2,12,21,0,0.844336986541748,8.623499870300293,205,7.0019001960754395,5.821100234985352,17673,10.01200008392334,1.997979998588562,0.33678001165390015
1992,2,13,0,0,0.8750920295715332,8.096500396728516,205,6.768899917602539,5.820499897003174,19559,10.01200008392334,2.1814301013946533,0.3352600038051605
1992,2,13,3,0,0.8968009948730469,8.392200469970703,205,7.230500221252441,6.319900035858154,20408,10.01200008392334,2.1880199909210205,0.30403000116348267
1992,2,13,6,0,0.9037600159645081,8.414899826049805,205,7.096799850463867,6.067500114440918,20282,10.01200008392334,2.1770200729370117,0.3140699863433838
1992,2,13,9,0,0.9078689813613892,8.272000312805176,205,7.048399925231934,6.115300178527832,20859,10.01200008392334,2.2304201126098633,0.31556999683380127
1992,2,13,12,0,0.8981860280036926,8.287099838256836,205,7.084000110626221,6.181600093841553,22069,10.01200008392334,2.292289972305298,0.32096999883651733
1992,2,13,15,0,0.8724470138549805,8.208600044250488,205,6.957200050354004,6.057300090789795,21735,10.01200008392334,2.2860000133514404,0.3375599980354309
1992,2,13,18,0,0.82607102394104,8.340399742126465,215,7.095200061798096,6.220600128173828,20351,10.01200008392334,2.191200017929077,0.34665000438690186
1992,2,13,21,0,0.776951014995575,8.483599662780762,225,7.196400165557861,6.297699928283691,19715,9.101699829101562,2.1346399784088135,0.3546000123023987
1992,2,14,0,0,0.7434890270233154,8.865300178527832,235,7.79010009765625,7.084000110626221,19239,9.101699829101562,2.0563600063323975,0.3351899981498718
1992,2,14,3,0,0.7372519969940186,9.319199562072754,245,8.056400299072266,7.1828999519348145,20694,9.101699829101562,2.0651700496673584,0.3473399877548218
1992,2,14,6,0,0.7684620022773743,9.594300270080566,255,8.23289966583252,7.249000072479248,23167,16.125999450683594,2.1457300186157227,0.34338000416755676
1992,2,14,9,0,0.7889609932899475,9.544699668884277,265,8.040900230407715,6.910399913787842,24701,10.01200008392334,2.2210400104522705,0.3441599905490875
1992,2,14,12,0,0.7801510095596313,9.202099800109863,255,7.613800048828125,6.488900184631348,25178,10.01200008392334,2.286829948425293,0.3613300025463104
1992,2,14,15,0,0.7488449811935425,8.802499771118164,245,7.296899795532227,6.230500221252441,25558,9.101699829101562,2.365839958190918,0.36079999804496765
1992,2,14,18,0,0.7627580165863037,8.908699989318848,235,7.586999893188477,6.598400115966797,28722,9.101699829101562,2.4986801147460938,0.33004000782966614
1992,2,14,21,0,0.7842490077018738,9.378100395202637,235,8.378999710083008,7.597899913787842,33088,10.01200008392334,2.6100800037384033,0.28731000423431396
1992,2,15,0,0,0.7622979879379272,9.785900115966797,235,8.86359977722168,8.230199813842773,32636,10.01200008392334,2.5256199836730957,0.28235000371932983
1992,2,15,3,0,0.7542459964752197,9.763999938964844,245,8.122900009155273,6.899199962615967,37845,13.326800346374512,2.7069098949432373,0.34057000279426575
1992,2,15,6,0,0.7754499912261963,10.418100357055664,255,8.913100242614746,7.793000221252441,47348,13.326800346374512,2.910520076751709,0.32249999046325684
1992,2,15,9,0,0.8011339902877808,10.929200172424316,265,9.54069995880127,8.4552001953125,52824,13.326800346374512,2.9878199100494385,0.29794999957084656
1992,2,15,12,0,0.8213300108909607,11.098600387573242,265,9.837900161743164,8.803999900817871,52158,13.326800346374512,2.943850040435791,0.2801400125026703
1992,2,15,15,0,0.8233519792556763,10.980600357055664,265,9.824299812316895,8.874600410461426,47174,13.326800346374512,2.820729970932007,0.2729099988937378
1992,2,15,18,0,0.8042899966239929,10.57450008392334,265,9.376999855041504,8.347100257873535,41117,13.326800346374512,2.6965301036834717,0.27939000725746155
1992,2,15,21,0,0.793844997882843,10.172200202941895,255,9.089799880981445,8.230299949645996,36539,12.114999771118164,2.6059799194335938,0.2789500057697296
1992,2,16,0,0,0.7930999994277954,9.9798002243042,245,9.088700294494629,8.430399894714355,35407,11.013500213623047,2.6010398864746094,0.2620599865913391
1992,2,16,3,0,0.7957040071487427,9.952699661254883,245,9.226400375366211,8.743200302124023,34650,11.013500213623047,2.5829200744628906,0.24177999794483185
1992,2,16,6,0,0.7845519781112671,9.929400444030762,245,9.288599967956543,8.867400169372559,32474,11.013500213623047,2.5078999996185303,0.22791999578475952
1992,2,16,9,0,0.769914984703064,9.887100219726562,235,9.306699752807617,8.92549991607666,29725,10.01200008392334,2.408560037612915,0.21845999360084534
1992,2,16,12,0,0.7580599784851074,9.822099685668945,235,9.27970027923584,8.917099952697754,27038,10.01200008392334,2.3084099292755127,0.2132599949836731
1992,2,16,15,0,0.7454059720039368,9.76039981842041,235,9.242300033569336,8.898599624633789,24774,10.01200008392334,2.2193799018859863,0.2120400071144104
1992,2,16,18,0,0.7320809960365295,9.729900360107422,245,9.224900245666504,8.911399841308594,23083,10.01200008392334,2.1468400955200195,0.21464000642299652
1992,2,16,21,0,0.722449004650116,9.700200080871582,245,9.203700065612793,8.902299880981445,21801,10.01200008392334,2.0908000469207764,0.2155199944972992
1992,2,17,0,0,0.7187590003013611,9.58650016784668,245,9.103400230407715,8.81470012664795,19746,10.01200008392334,2.0048000812530518,0.21628999710083008
1992,2,17,3,0,0.7199389934539795,9.429300308227539,245,8.933099746704102,8.64900016784668,17097,10.01200008392334,1.8835300207138062,0.22665999829769135
1992,2,17,6,0,0.7307800054550171,9.30780029296875,255,8.754599571228027,8.445300102233887,14724,9.101699829101562,1.7591300010681152,0.24696999788284302
1992,2,17,9,0,0.7451890110969543,8.968700408935547,255,7.849599838256836,6.809700012207031,13094,9.101699829101562,1.6904699802398682,0.29245999455451965
1992,2,17,12,0,0.7642670273780823,8.79699993133545,265,7.699399948120117,6.793300151824951,12274,9.101699829101562,1.6529699563980103,0.3061400055885315
1992,2,17,15,0,0.7872049808502197,8.722900390625,265,7.727399826049805,6.975800037384033,11597,9.101699829101562,1.613070011138916,0.3089900016784668
1992,2,17,18,0,0.8011720180511475,8.529000282287598,265,7.303100109100342,6.33489990234375,10720,8.274100303649902,1.5674799680709839,0.3330000042915344
1992,2,17,21,0,0.772570013999939,7.439499855041504,265,5.804200172424316,4.888700008392334,11082,8.274100303649902,1.709689974784851,0.4346599876880646
1992,2,18,0,0,0.764182984828949,7.105299949645996,255,5.735300064086914,4.979300022125244,12362,8.274100303649902,1.8504999876022339,0.4336400032043457
1992,2,18,3,0,0.7530509829521179,7.031400203704834,255,5.818900108337402,5.120299816131592,13951,8.274100303649902,1.9800000190734863,0.41098999977111816
1992,2,18,6,0,0.7513719797134399,7.412399768829346,255,6.329100131988525,5.669000148773193,14342,7.5218000411987305,1.9543299674987793,0.3724600076675415
1992,2,18,9,0,0.753948986530304,7.939899921417236,265,6.980400085449219,6.410900115966797,14439,7.5218000411987305,1.8909300565719604,0.3378100097179413
1992,2,18,12,0,0.7513729929924011,8.218700408935547,265,7.279300212860107,6.675899982452393,14913,10.01200008392334,1.8879899978637695,0.31672999262809753
1992,2,18,15,0,0.7207919955253601,8.065299987792969,265,6.94290018081665,6.125699996948242,15611,10.01200008392334,1.9534000158309937,0.3244999945163727
1992,2,18,18,0,0.7278180122375488,7.278900146484375,245,6.196700096130371,5.484399795532227,19999,7.5218000411987305,2.339279890060425,0.3490599989891052
1992,2,18,21,0,0.7338820099830627,7.658100128173828,245,6.784299850463867,6.178999900817871,19823,7.5218000411987305,2.2700600624084473,0.307559996843338
1992,2,19,0,0,0.762598991394043,7.604000091552734,255,6.589099884033203,5.882900238037109,19445,7.5218000411987305,2.2551000118255615,0.32631000876426697
1992,2,19,3,0,0.801688015460968,7.573400020599365,255,6.607500076293945,5.950799942016602,21257,7.5218000411987305,2.363640069961548,0.324970006942749
1992,2,19,6,0,0.7786419987678528,8.078499794006348,265,7.261199951171875,6.722300052642822,21478,9.101699829101562,2.296760082244873,0.2965500056743622
1992,2,19,9,0,0.7379890084266663,8.474200248718262,255,7.719699859619141,7.242300033569336,20985,9.101699829101562,2.212280035018921,0.2835400104522705
1992,2,19,12,0,0.7386599779129028,8.696200370788574,255,7.966300010681152,7.5391998291015625,19373,9.101699829101562,2.0947000980377197,0.28707000613212585
1992,2,19,15,0,0.7512099742889404,8.882499694824219,255,8.112000465393066,7.688199996948242,17957,9.101699829101562,1.990939974784851,0.30265000462532043
1992,2,19,18,0,0.7374889850616455,9.190099716186523,245,8.375800132751465,7.9355998039245605,18682,9.101699829101562,1.9895800352096558,0.30608999729156494
1992,2,19,21,0,0.7266049981117249,9.64739990234375,235,8.835100173950195,8.39050006866455,22841,11.013500213623047,2.1387999057769775,0.2952600121498108
1992,2,20,0,0,0.734050989151001,9.812700271606445,235,9.020700454711914,8.591300010681152,24314,11.013500213623047,2.1856400966644287,0.29109999537467957
1992,2,20,3,0,0.7398660182952881,9.841899871826172,235,8.965200424194336,8.364100456237793,23245,10.01200008392334,2.131969928741455,0.2976300120353699
1992,2,20,6,0,0.7426109910011292,9.507499694824219,245,7.814499855041504,6.5472002029418945,22034,10.01200008392334,2.1075499057769775,0.3621399998664856
1992,2,20,9,0,0.7544969916343689,9.54069995880127,245,7.738399982452393,6.385200023651123,19242,10.01200008392334,1.9620399475097656,0.3718099892139435
1992,2,20,12,0,0.746694028377533,9.199299812316895,255,7.068900108337402,5.702300071716309,16571,9.101699829101562,1.8518999814987183,0.4122999906539917
1992,2,20,15,0,0.7588949799537659,9.328100204467773,255,7.049200057983398,5.646599769592285,14192,14.659700393676758,1.6949000358581543,0.42381998896598816
1992,2,20,18,0,0.7637400031089783,9.615799903869629,255,7.5879998207092285,6.232999801635742,12816,14.659700393676758,1.5838700532913208,0.39948999881744385
1992,2,20,21,0,0.7316679954528809,9.497200012207031,235,8.126799583435059,7.1194000244140625,14782,9.101699829101562,1.7238399982452393,0.34758999943733215
1992,2,21,0,0,0.764955997467041,9.527400016784668,225,8.509900093078613,7.734399795532227,18921,10.01200008392334,1.9557299613952637,0.3015100061893463
1992,2,21,3,0,0.8107669949531555,9.82229995727539,215,8.968099594116211,8.354700088500977,22905,10.01200008392334,2.117079973220825,0.27421000599861145
1992,2,21,6,0,0.8316919803619385,9.650199890136719,215,8.280900001525879,6.9629998207092285,23871,10.01200008392334,2.182770013809204,0.29592999815940857
1992,2,21,9,0,0.8317149877548218,7.926300048828125,215,6.174600124359131,5.169899940490723,24047,10.01200008392334,2.4362900257110596,0.42932000756263733
1992,2,21,12,0,0.8465690016746521,7.496500015258789,205,6.093500137329102,5.257299900054932,29127,9.101699829101562,2.7754900455474854,0.41444000601768494
1992,2,21,15,0,0.8924959897994995,8.296799659729004,205,6.922399997711182,6.011300086975098,56511,10.01200008392334,3.6551899909973145,0.3629299998283386
1992,2,21,18,0,0.9324449896812439,9.580400466918945,215,8.454999923706055,7.6356000900268555,130508,11.013500213623047,5.1120100021362305,0.29642000794410706
1992,2,21,21,0,0.9230610132217407,10.261799812316895,215,9.127699851989746,8.31029987335205,128448,12.114999771118164,4.859799861907959,0.28828999400138855
1992,2,22,0,0,0.9136260151863098,10.047499656677246,215,8.878800392150879,8.051899909973145,139136,12.114999771118164,5.121890068054199,0.2981500029563904
1992,2,22,3,0,0.9001590013504028,10.3149995803833,215,9.353500366210938,8.723899841308594,128292,12.114999771118164,4.851200103759766,0.2755500078201294
1992,2,22,6,0,0.8832780122756958,10.507800102233887,225,9.551199913024902,8.918999671936035,106728,11.013500213623047,4.376999855041504,0.2745699882507324
1992,2,22,9,0,0.877597987651825,10.52180004119873,225,9.47089958190918,8.758600234985352,98364,11.013500213623047,4.194699764251709,0.28582000732421875
1992,2,22,12,0,0.8791069984436035,10.576199531555176,235,9.491399765014648,8.774100303649902,92712,11.013500213623047,4.056879997253418,0.29175999760627747
1992,2,22,15,0,0.8832060098648071,10.825499534606934,235,9.825599670410156,9.212699890136719,83651,11.013500213623047,3.8007500171661377,0.28380000591278076
1992,2,22,18,0,0.8853849768638611,10.980199813842773,235,10.027099609375,9.472399711608887,75535,11.013500213623047,3.5812199115753174,0.2795799970626831
1992,2,22,21,0,0.8888049721717834,11.039299964904785,245,10.101099967956543,9.568499565124512,68996,11.013500213623047,3.4113199710845947,0.27904000878334045
1992,2,23,0,0,0.883476972579956,11.047300338745117,245,10.108699798583984,9.584199905395508,63882,11.013500213623047,3.280519962310791,0.28040000796318054
1992,2,23,3,0,0.8602359890937805,11.03950023651123,255,10.135000228881836,9.63029956817627,62648,11.013500213623047,3.2512400150299072,0.2761799991130829
1992,2,23,6,0,0.8541520237922668,11.00790023803711,255,10.140399932861328,9.659899711608887,60797,11.013500213623047,3.2104599475860596,0.2728100121021271
1992,2,23,9,0,0.8584020137786865,10.982099533081055,255,10.093899726867676,9.608799934387207,53985,11.013500213623047,3.0292599201202393,0.27785998582839966
1992,2,23,12,0,0.8674479722976685,10.986100196838379,255,10.039999961853027,9.517600059509277,46312,10.01200008392334,2.8030200004577637,0.28591999411582947
1992,2,23,15,0,0.8778939843177795,11.030400276184082,255,9.846400260925293,8.890299797058105,40016,10.01200008392334,2.595020055770874,0.29618000984191895
1992,2,23,18,0,0.8823639750480652,10.215399742126465,245,8.20740032196045,6.808499813079834,36249,14.659700393676758,2.5693299770355225,0.37391000986099243
1992,2,23,21,0,0.8849790096282959,9.616000175476074,245,7.819900035858154,6.6371002197265625,36603,14.659700393676758,2.6765201091766357,0.38345998525619507
1992,2,24,0,0,0.88919997215271,9.388199806213379,235,7.687300205230713,6.557000160217285,39473,13.326800346374512,2.822580099105835,0.37415000796318054
1992,2,24,3,0,0.8921390175819397,9.473899841308594,235,7.819499969482422,6.690800189971924,49113,13.326800346374512,3.1332199573516846,0.35958001017570496
1992,2,24,6,0,0.9076640009880066,10.207500457763672,245,8.67240047454834,7.524199962615967,60759,13.326800346374512,3.3359100818634033,0.32245001196861267
1992,2,24,9,0,0.9200670123100281,10.616900444030762,245,9.179300308227539,8.04419994354248,64331,13.326800346374512,3.3543500900268555,0.29927000403404236
1992,2,24,12,0,0.9256839752197266,10.716699600219727,245,9.333399772644043,8.217100143432617,60211,13.326800346374512,3.2291600704193115,0.2914299964904785
1992,2,24,15,0,0.9305620193481445,10.889399528503418,245,9.645000457763672,8.670599937438965,55572,12.114999771118164,3.0757598876953125,0.2823300063610077
1992,2,24,18,0,0.9352629780769348,11.119000434875488,245,9.969300270080566,9.094599723815918,52648,12.114999771118164,2.9591000080108643,0.275299996137619
1992,2,24,21,0,0.9385640025138855,11.312100410461426,245,10.191100120544434,9.357799530029297,51469,12.114999771118164,2.8972299098968506,0.27496999502182007
1992,2,25,0,0,0.9406650066375732,11.445699691772461,245,10.292099952697754,9.465200424194336,50420,12.114999771118164,2.8475799560546875,0.28102999925613403
1992,2,25,3,0,0.9429889917373657,11.584199905395508,255,10.385600090026855,9.58489990234375,49550,12.114999771118164,2.8009300231933594,0.28753000497817993
1992,2,25,6,0,0.9466620087623596,11.727399826049805,255,10.508999824523926,9.713800430297852,48022,12.114999771118164,2.7350399494171143,0.28793999552726746
1992,2,25,9,0,0.9491569995880127,11.76449966430664,255,10.57409954071045,9.808899879455566,44899,16.125999450683594,2.6382999420166016,0.2843100130558014
1992,2,25,12,0,0.9501339793205261,11.64840030670166,255,10.500900268554688,9.778200149536133,41377,14.659700393676758,2.5473499298095703,0.2817800045013428
1992,2,25,15,0,0.9504920244216919,11.54800033569336,255,10.43910026550293,9.722399711608887,39401,14.659700393676758,2.4990599155426025,0.27737998962402344
1992,2,25,18,0,0.9521780014038086,11.571100234985352,255,10.420000076293945,9.487000465393066,40078,14.659700393676758,2.518739938735962,0.2734900116920471
1992,2,25,21,0,0.9517329931259155,11.531299591064453,255,9.959799766540527,8.39169979095459,41872,13.326800346374512,2.5807199478149414,0.2919999957084656
1992,2,26,0,0,0.9535620212554932,11.722100257873535,255,10.248800277709961,8.892499923706055,43602,13.326800346374512,2.6127500534057617,0.30000999569892883
1992,2,26,3,0,0.9529150128364563,11.83590030670166,255,10.08329963684082,8.335700035095215,45701,13.326800346374512,2.6614999771118164,0.31095001101493835
1992,2,26,6,0,0.9491180181503296,12.00510025024414,255,10.173500061035156,8.517200469970703,47556,13.326800346374512,2.6931700706481934,0.32319000363349915
1992,2,26,9,0,0.9437249898910522,12.062800407409668,255,9.992500305175781,8.154199600219727,46958,12.114999771118164,2.668210029602051,0.33535999059677124
1992,2,26,12,0,0.9402499794960022,12.26669979095459,255,10.159099578857422,8.322799682617188,46473,12.114999771118164,2.626349925994873,0.335970014333725
1992,2,26,15,0,0.9425349831581116,12.665300369262695,255,10.807299613952637,9.16670036315918,48058,17.73889923095703,2.6186399459838867,0.31839001178741455
1992,2,26,18,0,0.9442089796066284,12.940299987792969,255,11.347100257873535,10.076000213623047,53218,17.73889923095703,2.7144100666046143,0.2971700131893158
1992,2,26,21,0,0.9459850192070007,13.142200469970703,255,11.75529956817627,10.741399765014648,60007,16.125999450683594,2.849679946899414,0.27421998977661133
1992,2,27,0,0,0.9464930295944214,13.096099853515625,255,11.794500350952148,10.867300033569336,61449,16.125999450683594,2.8862500190734863,0.2642099857330322
1992,2,27,3,0,0.9461579918861389,12.874099731445312,255,11.58329963684082,10.654899597167969,58233,16.125999450683594,2.8364200592041016,0.2627899944782257
1992,2,27,6,0,0.9463940262794495,12.67710018157959,255,11.431900024414062,10.510899543762207,53866,14.659700393676758,2.75246000289917,0.25742000341415405
1992,2,27,9,0,0.9474610090255737,12.485899925231934,245,11.31029987335205,10.436800003051758,49573,14.659700393676758,2.6648800373077393,0.2517699897289276
1992,2,27,12,0,0.9496080279350281,12.261300086975098,245,11.135499954223633,10.306900024414062,44529,14.659700393676758,2.55433988571167,0.25023001432418823
1992,2,27,15,0,0.9502509832382202,11.964200019836426,245,10.792799949645996,9.895700454711914,38488,13.326800346374512,2.411250114440918,0.25745999813079834
1992,2,27,18,0,0.9453790187835693,11.259400367736816,245,9.757599830627441,8.627699851989746,33656,13.326800346374512,2.3365800380706787,0.2997500002384186
1992,2,27,21,0,0.9387050271034241,10.838299751281738,245,9.315400123596191,8.25409984588623,30112,13.326800346374512,2.2621700763702393,0.31909000873565674
1992,2,28,0,0,0.936011016368866,10.63029956817627,245,9.153200149536133,8.154500007629395,28399,13.326800346374512,2.2248799800872803,0.32662999629974365
1992,2,28,3,0,0.9361889958381653,10.521300315856934,245,9.142900466918945,8.259400367736816,28638,12.114999771118164,2.250809907913208,0.32763999700546265
1992,2,28,6,0,0.936273992061615,10.586600303649902,245,9.26099967956543,8.417799949645996,29237,12.114999771118164,2.267620086669922,0.32311001420021057
1992,2,28,9,0,0.9398689866065979,10.854499816894531,245,9.533699989318848,8.670299530029297,32103,12.114999771118164,2.341330051422119,0.3156700134277344
1992,2,28,12,0,0.9484400153160095,11.463500022888184,245,10.134099960327148,9.252300262451172,41685,16.125999450683594,2.5790700912475586,0.30142998695373535
1992,2,28,15,0,0.9545729756355286,11.971699714660645,245,10.734299659729004,9.847800254821777,54773,14.659700393676758,2.877609968185425,0.27529001235961914
1992,2,28,18,0,0.9546459913253784,11.888400077819824,245,10.68220043182373,9.783300399780273,60480,14.659700393676758,3.0354599952697754,0.2679100036621094
1992,2,28,21,0,0.9507229924201965,11.535499572753906,245,10.361300468444824,9.523799896240234,58568,14.659700393676758,3.0431599617004395,0.2713100016117096
1992,3,1,0,0,0.8931400179862976,12.00529956817627,265,10.566499710083008,9.86400032043457,40804,11.013500213623047,2.516849994659424,0.36886999011039734
1992,3,1,3,0,0.8961179852485657,12.32979965209961,265,10.66670036315918,9.885199546813965,39981,21.46489906311035,2.453700065612793,0.3874000012874603
1992,3,1,6,0,0.9021099805831909,12.962900161743164,265,10.988800048828125,10.06190013885498,42016,19.513200759887695,2.4416298866271973,0.39625000953674316
1992,3,1,9,0,0.9061430096626282,13.332099914550781,265,11.158300399780273,10.106900215148926,41939,19.513200759887695,2.3979599475860596,0.3973200023174286
1992,3,1,12,0,0.9077240228652954,13.484999656677246,265,11.212900161743164,10.071200370788574,39909,19.513200759887695,2.3196499347686768,0.39355000853538513
1992,3,1,15,0,0.9134960174560547,13.766500473022461,275,11.368599891662598,10.11769962310791,39593,19.513200759887695,2.2763800621032715,0.3831000030040741
1992,3,1,18,0,0.9142190217971802,13.84469985961914,275,11.17140007019043,9.64680004119873,38911,19.513200759887695,2.242569923400879,0.38346999883651733
1992,3,1,21,0,0.9107649922370911,13.70259952545166,275,10.984600067138672,9.398200035095215,35917,17.73889923095703,2.162179946899414,0.382860004901886
1992,3,2,0,0,0.9038029909133911,13.470600128173828,275,10.849599838256836,9.259499549865723,34262,17.73889923095703,2.127729892730713,0.3767800033092499
1992,3,2,3,0,0.8954319953918457,13.23550033569336,265,10.599499702453613,8.812999725341797,34489,17.73889923095703,2.1529300212860107,0.37097999453544617
1992,3,2,6,0,0.8700309991836548,12.499799728393555,265,9.631400108337402,7.676700115203857,35609,17.73889923095703,2.258650064468384,0.390720009803772
1992,3,2,9,0,0.8386719822883606,11.691900253295898,255,9.276900291442871,7.657100200653076,38613,17.73889923095703,2.4484100341796875,0.3898099958896637
1992,3,2,12,0,0.8318799734115601,11.495200157165527,255,9.569199562072754,8.274900436401367,40751,16.125999450683594,2.5436899662017822,0.36250999569892883
1992,3,2,15,0,0.8349300026893616,11.613699913024902,255,9.941900253295898,8.839400291442871,40779,16.125999450683594,2.5297999382019043,0.33840999007225037
1992,3,2,18,0,0.8402169942855835,11.731599807739258,255,10.202799797058105,9.211299896240234,38819,16.125999450683594,2.4537899494171143,0.3225899934768677
1992,3,2,21,0,0.8460609912872314,11.748499870300293,255,10.300399780273438,9.373600006103516,35494,16.125999450683594,2.344320058822632,0.31450000405311584
1992,3,3,0,0,0.851036012172699,11.712200164794922,255,10.31659984588623,9.433099746704102,32212,16.125999450683594,2.237230062484741,0.3097800016403198
1992,3,3,3,0,0.8535820245742798,11.661399841308594,255,10.307100296020508,9.456500053405762,29512,14.659700393676758,2.1469199657440186,0.30636999011039734
1992,3,3,6,0,0.8536800146102905,11.595000267028809,255,10.268500328063965,9.433099746704102,27144,14.659700393676758,2.066119909286499,0.3045400083065033
1992,3,3,9,0,0.8523510098457336,11.508000373840332,255,10.218700408935547,9.430500030517578,24936,14.659700393676758,1.9895700216293335,0.30357998609542847
1992,3,3,12,0,0.850587010383606,11.378499984741211,265,10.12279987335205,9.368800163269043,22751,14.659700393676758,1.9138400554656982,0.3035399913787842
1992,3,3,15,0,0.8466519713401794,11.206999778747559,265,9.989100456237793,9.2701997756958,20489,14.659700393676758,1.8335200548171997,0.3040600121021271
1992,3,3,18,0,0.8417379856109619,11.019499778747559,265,9.83899974822998,9.151800155639648,18357,14.659700393676758,1.7539199590682983,0.3045099973678589
1992,3,3,21,0,0.8346859812736511,10.845000267028809,265,9.709099769592285,9.047900199890137,16738,14.659700393676758,1.6917400360107422,0.302619993686676
1992,3,4,0,0,0.8259040117263794,10.673299789428711,265,9.540200233459473,8.7701997756958,15682,13.326800346374512,1.654579997062683,0.29848000407218933
1992,3,4,3,0,0.8153319954872131,10.333200454711914,265,8.797100067138672,7.430500030517578,14828,13.326800346374512,1.640220046043396,0.31297001242637634
1992,3,4,6,0,0.7961220145225525,9.410699844360352,265,7.353400230407715,5.960400104522705,14146,12.114999771118164,1.6864999532699585,0.3838300108909607
1992,3,4,9,0,0.7527610063552856,8.18690013885498,255,6.282100200653076,5.218599796295166,14781,12.114999771118164,1.8637100458145142,0.44370999932289124
1992,3,4,12,0,0.7501779794692993,7.517899990081787,235,6.023900032043457,5.168399810791016,18540,8.274100303649902,2.197309970855713,0.43373000621795654
1992,3,4,15,0,0.7598369717597961,7.745800018310547,235,6.28249979019165,5.4095001220703125,20023,8.274100303649902,2.248689889907837,0.4243699908256531
1992,3,4,18,0,0.755266010761261,7.932300090789795,235,6.417099952697754,5.542500019073486,18367,7.5218000411987305,2.1216399669647217,0.4373599886894226
1992,3,4,21,0,0.7564380168914795,8.03969955444336,235,6.390999794006348,5.493299961090088,17907,7.5218000411987305,2.073460102081299,0.4601899981498718
1992,3,5,0,0,0.7618860006332397,8.393600463867188,235,6.523799896240234,5.544000148773193,18892,7.5218000411987305,2.0727601051330566,0.4779700040817261
1992,3,5,3,0,0.782899022102356,9.080599784851074,245,7.068399906158447,5.994699954986572,19779,16.125999450683594,2.026089906692505,0.4671899974346161
1992,3,5,6,0,0.8121129870414734,9.848899841308594,255,7.721099853515625,6.548699855804443,21182,16.125999450683594,1.9991099834442139,0.44585999846458435
1992,3,5,9,0,0.8472129702568054,10.629599571228027,255,8.545999526977539,7.377999782562256,23422,16.125999450683594,2.0098400115966797,0.41350001096725464
1992,3,5,12,0,0.8684210181236267,11.1850004196167,255,9.199399948120117,8.032999992370605,25546,16.125999450683594,2.03698992729187,0.3817700147628784
1992,3,5,15,0,0.8817039728164673,11.48330020904541,255,9.655599594116211,8.545999526977539,27115,16.125999450683594,2.0665700435638428,0.35468000173568726
1992,3,5,18,0,0.8940619826316833,11.620200157165527,255,9.956999778747559,8.916500091552734,28444,14.659700393676758,2.1022300720214844,0.3307099938392639
1992,3,5,21,0,0.9038509726524353,11.611800193786621,255,10.12030029296875,9.161999702453613,29142,14.659700393676758,2.130340099334717,0.30998000502586365
1992,3,6,0,0,0.9093970060348511,11.476799964904785,255,10.158900260925293,9.30049991607666,28971,13.326800346374512,2.1419599056243896,0.29291000962257385
1992,3,6,3,0,0.9095199704170227,11.285300254821777,255,10.113800048828125,9.353599548339844,28112,13.326800346374512,2.134769916534424,0.28047001361846924
1992,3,6,6,0,0.8997849822044373,11.050800323486328,255,9.989999771118164,9.315999984741211,26477,13.326800346374512,2.1014599800109863,0.27390000224113464
1992,3,6,9,0,0.8839150071144104,10.797200202941895,255,9.8149995803833,9.212800025939941,24297,13.326800346374512,2.0442099571228027,0.2721500098705292
1992,3,6,12,0,0.8742719888687134,10.571399688720703,255,9.629199981689453,9.071599960327148,21779,13.326800346374512,1.9615000486373901,0.27358999848365784
1992,3,6,15,0,0.8664849996566772,10.390399932861328,255,9.47659969329834,8.946399688720703,19691,12.114999771118164,1.8854899406433105,0.27347999811172485
1992,3,6,18,0,0.8548349738121033,10.236499786376953,245,9.362299919128418,8.856399536132812,18267,12.114999771118164,1.8338500261306763,0.26969000697135925
1992,3,6,21,0,0.849373996257782,10.100099563598633,245,9.257100105285645,8.767900466918945,16770,12.114999771118164,1.7726900577545166,0.2663100063800812
1992,3,7,0,0,0.8487110137939453,9.95460033416748,245,9.130000114440918,8.647500038146973,14852,12.114999771118164,1.6840699911117554,0.2645399868488312
1992,3,7,3,0,0.8446360230445862,9.310999870300293,245,7.645299911499023,6.300899982452393,13048,12.114999771118164,1.6383999586105347,0.31940001249313354
1992,3,7,6,0,0.8313260078430176,8.151900291442871,255,6.490900039672852,5.49370002746582,12654,12.114999771118164,1.735700011253357,0.3916800022125244
1992,3,7,9,0,0.8353580236434937,8.148099899291992,255,6.7480998039245605,5.865600109100342,11458,11.013500213623047,1.655650019645691,0.3678100109100342
1992,3,7,12,0,0.8367810249328613,8.173999786376953,255,6.738999843597412,5.8130998611450195,9847,11.013500213623047,1.533139944076538,0.3661400079727173
1992,3,7,15,0,0.8370519876480103,8.175700187683105,255,6.859799861907959,6.026400089263916,8536,11.013500213623047,1.4283699989318848,0.360509991645813
1992,3,7,18,0,0.8372840285301208,8.218099594116211,255,6.961900234222412,6.178199768066406,7419,11.013500213623047,1.328320026397705,0.3588699996471405
1992,3,7,21,0,0.8404449820518494,8.350799560546875,255,7.066999912261963,6.274899959564209,6626,10.01200008392334,1.2432500123977661,0.36528998613357544
1992,3,8,0,0,0.8455320000648499,8.521300315856934,265,7.029300212860107,6.055699825286865,6124,10.01200008392334,1.1800899505615234,0.383870005607605
1992,3,8,3,0,0.8599169850349426,8.781999588012695,265,6.914100170135498,5.769999980926514,6030,10.01200008392334,1.1485600471496582,0.42840999364852905
1992,3,8,6,0,0.8772990107536316,9.347000122070312,265,7.242599964141846,6.067800045013428,6334,13.326800346374512,1.1337800025939941,0.4583899974822998
1992,3,8,9,0,0.8993420004844666,10.299699783325195,275,7.825799942016602,6.494699954986572,7327,19.513200759887695,1.1511600017547607,0.4684700071811676
1992,3,8,12,0,0.9218479990959167,11.252099990844727,275,8.572199821472168,7.047100067138672,8718,19.513200759887695,1.1919499635696411,0.444240003824234
1992,3,8,15,0,0.9428409934043884,12.400799751281738,275,9.700900077819824,7.947700023651123,11921,17.73889923095703,1.3153599500656128,0.39375001192092896
1992,3,8,18,0,0.953453004360199,12.803400039672852,275,10.41409969329834,8.679300308227539,14735,17.73889923095703,1.434730052947998,0.3540399968624115
1992,3,8,21,0,0.9604489803314209,12.822199821472168,275,10.854100227355957,9.304699897766113,17777,16.125999450683594,1.5730199813842773,0.3182600140571594
1992,3,9,0,0,0.9655640125274658,12.847000122070312,275,11.243599891662598,9.93970012664795,21433,16.125999450683594,1.7241699695587158,0.28828001022338867
1992,3,9,3,0,0.9693999886512756,12.884499549865723,275,11.471799850463867,10.162599563598633,26097,16.125999450683594,1.8983700275421143,0.2630600035190582
1992,3,9,6,0,0.9720010161399841,12.884699821472168,275,11.601900100708008,10.313400268554688,31889,14.659700393676758,2.097949981689453,0.24295000731945038
1992,3,9,9,0,0.9724130034446716,12.811400413513184,275,11.64430046081543,10.431400299072266,38484,14.659700393676758,2.312690019607544,0.2273000031709671
1992,3,9,12,0,0.9691219925880432,12.693900108337402,275,11.661100387573242,10.620800018310547,44234,14.659700393676758,2.4938299655914307,0.21549999713897705
1992,3,9,15,0,0.9646139740943909,12.57289981842041,265,11.721400260925293,10.915399551391602,46320,13.326800346374512,2.5687999725341797,0.20252999663352966
1992,3,9,18,0,0.9648159742355347,12.360899925231934,265,11.622300148010254,10.983400344848633,43631,13.326800346374512,2.521749973297119,0.19728000462055206
1992,3,9,21,0,0.9637020230293274,12.100799560546875,265,11.392999649047852,10.82450008392334,38767,13.326800346374512,2.4107000827789307,0.20132000744342804
1992,3,10,0,0,0.9612510204315186,11.858699798583984,265,11.046500205993652,10.270500183105469,34649,13.326800346374512,2.3089399337768555,0.21389000117778778
1992,3,10,3,0,0.9585469961166382,11.574700355529785,265,10.440099716186523,9.278400421142578,31976,13.326800346374512,2.2502999305725098,0.24286000430583954
1992,3,10,6,0,0.9564729928970337,11.454999923706055,265,10.31309986114502,9.317899703979492,30302,12.114999771118164,2.2049500942230225,0.25832000374794006
1992,3,10,9,0,0.9556769728660583,11.468700408935547,265,10.363499641418457,9.483499526977539,29340,12.114999771118164,2.168910026550293,0.263480007648468
1992,3,10,12,0,0.9554870128631592,11.521400451660156,265,10.451600074768066,9.659700393676758,28517,12.114999771118164,2.132620096206665,0.26528000831604004
1992,3,10,15,0,0.9547860026359558,11.530400276184082,265,10.47439956665039,9.735300064086914,27321,12.114999771118164,2.086329936981201,0.2676900029182434
1992,3,10,18,0,0.9533320069313049,11.509300231933594,265,10.438199996948242,9.717900276184082,25807,12.114999771118164,2.0297598838806152,0.2731199860572815
1992,3,10,21,0,0.9514979720115662,11.678600311279297,265,10.543499946594238,9.80049991607666,25947,14.659700393676758,2.015939950942993,0.2806200087070465
1992,3,11,0,0,0.951619029045105,12.151599884033203,275,10.923600196838379,10.024900436401367,30139,14.659700393676758,2.1179800033569336,0.2766999900341034
1992,3,11,3,0,0.9581519961357117,12.589200019836426,275,11.43690013885498,10.578700065612793,36858,14.659700393676758,2.290560007095337,0.257779985666275
1992,3,11,6,0,0.9627329707145691,12.79889965057373,275,11.776700019836426,11.020500183105469,42847,14.659700393676758,2.4454400539398193,0.24045999348163605
1992,3,11,9,0,0.9653139710426331,12.874500274658203,275,11.899499893188477,11.102700233459473,46502,14.659700393676758,2.5405499935150146,0.23364999890327454
1992,3,11,12,0,0.9664649963378906,12.890600204467773,275,11.950200080871582,11.194600105285645,47409,13.326800346374512,2.5658600330352783,0.23413999378681183
1992,3,11,15,0,0.9667959809303284,12.897100448608398,275,11.986499786376953,11.337900161743164,46380,13.326800346374512,2.5399301052093506,0.23930999636650085
1992,3,11,18,0,0.9667029976844788,12.945300102233887,275,12.003899574279785,11.389900207519531,45038,13.326800346374512,2.5004398822784424,0.2503800094127655
1992,3,11,21,0,0.9660770297050476,12.951299667358398,275,11.9552001953125,11.338800430297852,43683,13.326800346374512,2.4643800258636475,0.26208001375198364
1992,3,12,0,0,0.9642410278320312,12.91409969329834,275,11.858599662780762,11.22719955444336,43467,13.326800346374512,2.464319944381714,0.27285000681877136
1992,3,12,3,0,0.962913990020752,12.910799980163574,265,11.774299621582031,11.115900039672852,45238,13.326800346374512,2.515929937362671,0.2847599983215332
1992,3,12,6,0,0.9621909856796265,12.857199668884277,265,11.644399642944336,10.961899757385254,46373,13.326800346374512,2.554810047149658,0.2961300015449524
1992,3,12,9,0,0.9618510007858276,12.751999855041504,265,11.48859977722168,10.786499977111816,46394,13.326800346374512,2.567699909210205,0.30340999364852905
1992,3,12,12,0,0.9605709910392761,12.774800300598145,265,11.4621000289917,10.720199584960938,47708,17.73889923095703,2.5982398986816406,0.3041299879550934
1992,3,12,15,0,0.9593129754066467,12.824199676513672,265,11.485400199890137,10.700699806213379,48378,16.125999450683594,2.606329917907715,0.2993600070476532
1992,3,12,18,0,0.9588840007781982,12.837900161743164,275,11.493800163269043,10.67870044708252,47356,16.125999450683594,2.573859930038452,0.2940700054168701
1992,3,12,21,0,0.9581369757652283,12.798399925231934,275,11.477100372314453,10.650899887084961,45502,16.125999450683594,2.525089979171753,0.28769001364707947
1992,3,13,0,0,0.956824004650116,12.723600387573242,265,11.434100151062012,10.605199813842773,43086,16.125999450683594,2.463249921798706,0.2809399962425232
1992,3,13,3,0,0.9553250074386597,12.629599571228027,265,11.34220027923584,10.503000259399414,39427,16.125999450683594,2.3650999069213867,0.27904000878334045
1992,3,13,6,0,0.9533020257949829,12.477100372314453,265,11.169500350952148,10.318499565124512,34566,14.659700393676758,2.229990005493164,0.28255999088287354
1992,3,13,9,0,0.9507690072059631,12.291000366210938,265,10.971699714660645,10.117199897766113,30230,14.659700393676758,2.104020118713379,0.2865299880504608
1992,3,13,12,0,0.9490320086479187,12.124199867248535,265,10.825699806213379,9.984600067138672,27894,14.659700393676758,2.037830114364624,0.2868500053882599
1992,3,13,15,0,0.9490190148353577,11.961099624633789,265,10.72350025177002,9.921500205993652,27406,14.659700393676758,2.037519931793213,0.28365999460220337
1992,3,13,18,0,0.949213981628418,11.76990032196045,265,10.60420036315918,9.854900360107422,27135,14.659700393676758,2.048949956893921,0.28075000643730164
1992,3,13,21,0,0.947746992111206,11.581399917602539,265,10.46969985961914,9.766300201416016,26171,14.659700393676758,2.033560037612915,0.2798300087451935
1992,3,14,0,0,0.9439079761505127,11.433099746704102,265,10.336000442504883,9.630900382995605,24776,13.326800346374512,1.9949400424957275,0.2808600068092346
1992,3,14,3,0,0.9378769993782043,11.268500328063965,265,10.053999900817871,9.166199684143066,23384,13.326800346374512,1.9545600414276123,0.2881999909877777
1992,3,14,6,0,0.9311109781265259,11.109399795532227,265,9.847100257873535,8.944899559020996,22141,13.326800346374512,1.9175399541854858,0.2948499917984009
1992,3,14,9,0,0.9270439743995667,10.942299842834473,255,9.675600051879883,8.813599586486816,21159,13.326800346374512,1.8911800384521484,0.30074000358581543
1992,3,14,12,0,0.9205780029296875,10.715299606323242,255,9.495599746704102,8.708900451660156,20643,13.326800346374512,1.8920999765396118,0.3048799932003021
1992,3,14,15,0,0.9042199850082397,10.42240047454834,255,9.302399635314941,8.618300437927246,20673,13.326800346374512,1.9272500276565552,0.3049199879169464
1992,3,14,18,0,0.8831740021705627,10.241299629211426,245,9.208800315856934,8.59570026397705,20614,13.326800346374512,1.947510004043579,0.3000499904155731
1992,3,14,21,0,0.8601419925689697,10.189900398254395,245,9.275799751281738,8.723199844360352,22006,10.01200008392334,2.0226500034332275,0.2822900116443634
1992,3,15,0,0,0.8510149717330933,10.265800476074219,235,9.39050006866455,8.728599548339844,24594,11.013500213623047,2.1318600177764893,0.2620199918746948
1992,3,15,3,0,0.8384900093078613,10.003700256347656,225,8.687100410461426,7.503699779510498,25403,10.01200008392334,2.197510004043579,0.285970002412796
1992,3,15,6,0,0.8195139765739441,9.905699729919434,225,8.711899757385254,7.769499778747559,25626,10.01200008392334,2.2199199199676514,0.2883700132369995
1992,3,15,9,0,0.8036379814147949,9.944999694824219,225,8.910499572753906,8.164899826049805,24292,10.01200008392334,2.1575698852539062,0.279339998960495
1992,3,15,12,0,0.7938470244407654,9.953100204467773,225,9.003999710083008,8.335200309753418,22000,10.01200008392334,2.0537500381469727,0.27344998717308044
1992,3,15,15,0,0.7912589907646179,9.911700248718262,235,9.004899978637695,8.390299797058105,19913,10.01200008392334,1.9599299430847168,0.2747899889945984
1992,3,15,18,0,0.7919480204582214,9.853699684143066,235,8.944999694824219,8.364500045776367,18262,10.01200008392334,1.8839499950408936,0.2853800058364868
1992,3,15,21,0,0.7887160181999207,9.831700325012207,235,8.852499961853027,8.280099868774414,17159,10.01200008392334,1.8281400203704834,0.3108600080013275
1992,3,16,0,0,0.7810959815979004,9.752799987792969,245,8.684399604797363,8.124799728393555,16662,9.101699829101562,1.808859944343567,0.34174999594688416
1992,3,16,3,0,0.7779549956321716,9.76039981842041,245,8.608499526977539,8.053999900817871,16462,9.101699829101562,1.7951799631118774,0.36421000957489014
1992,3,16,6,0,0.7787520289421082,10.155500411987305,255,8.808899879455566,8.182700157165527,17216,9.101699829101562,1.789489984512329,0.38409000635147095
1992,3,16,9,0,0.7792699933052063,10.653599739074707,255,9.196700096130371,8.493000030517578,19355,17.73889923095703,1.841629981994629,0.3772200047969818
1992,3,16,12,0,0.770671010017395,11.174799919128418,255,9.765199661254883,9.022100448608398,24371,17.73889923095703,2.0067200660705566,0.34556999802589417
1992,3,16,15,0,0.7815020084381104,11.668800354003906,255,10.299599647521973,9.529800415039062,30175,16.125999450683594,2.17330002784729,0.3208000063896179
1992,3,16,18,0,0.8105610013008118,11.986800193786621,265,10.638699531555176,9.842700004577637,33166,16.125999450683594,2.239530086517334,0.30504000186920166
1992,3,16,21,0,0.8406010270118713,12.160900115966797,265,10.880999565124512,10.083200454711914,34695,16.125999450683594,2.269160032272339,0.2877500057220459
1992,3,17,0,0,0.8565509915351868,12.21030044555664,265,11.020099639892578,10.238499641418457,35513,14.659700393676758,2.289750099182129,0.27254998683929443
1992,3,17,3,0,0.8642249703407288,12.11520004272461,265,10.878800392150879,9.922900199890137,35119,14.659700393676758,2.287450075149536,0.2687700092792511
1992,3,17,6,0,0.8701589703559875,12.036100387573242,265,10.81779956817627,9.862000465393066,33772,14.659700393676758,2.2522199153900146,0.26649001240730286
1992,3,17,9,0,0.8793269991874695,11.970600128173828,275,10.814399719238281,9.979299545288086,32039,14.659700393676758,2.201119899749756,0.2664400041103363
1992,3,17,12,0,0.888966977596283,11.42039966583252,275,10.038100242614746,9.139599800109863,31873,14.659700393676758,2.254460096359253,0.3053399920463562
1992,3,17,15,0,0.9027169942855835,9.673399925231934,275,7.402599811553955,6.1265997886657715,34997,14.659700393676758,2.5874199867248535,0.42906999588012695
1992,3,17,18,0,0.9170889854431152,9.90880012512207,275,7.721799850463867,6.4532999992370605,32602,14.659700393676758,2.463779926300049,0.4136100113391876
1992,3,17,21,0,0.9257910251617432,10.603300094604492,275,8.336299896240234,6.884399890899658,28232,13.326800346374512,2.204859972000122,0.379830002784729
1992,3,18,0,0,0.9311180114746094,11.038299560546875,275,8.780200004577637,7.173399925231934,25466,13.326800346374512,2.047410011291504,0.35069000720977783
1992,3,18,3,0,0.9352869987487793,11.366399765014648,275,9.420000076293945,7.912700176239014,23534,13.326800346374512,1.9378999471664429,0.31821998953819275
1992,3,18,6,0,0.9391390085220337,11.503999710083008,275,9.85509967803955,8.493399620056152,22872,13.326800346374512,1.90024995803833,0.2934199869632721
1992,3,18,9,0,0.9437519907951355,11.275400161743164,275,9.999600410461426,8.998499870300293,25141,13.326800346374512,2.021699905395508,0.27803000807762146
1992,3,18,12,0,0.94691401720047,10.972599983215332,275,9.9576997756958,9.261300086975098,28557,13.326800346374512,2.1956100463867188,0.26677000522613525
1992,3,18,15,0,0.9478110074996948,10.819199562072754,275,9.895899772644043,9.303500175476074,29077,13.326800346374512,2.236989974975586,0.2610900104045868
1992,3,18,18,0,0.9474980235099792,10.716300010681152,275,9.807299613952637,9.234199523925781,27080,13.326800346374512,2.172060012817383,0.2612299919128418
1992,3,18,21,0,0.9465500116348267,10.604299545288086,275,9.68589973449707,9.109399795532227,23879,13.326800346374512,2.0527501106262207,0.2639999985694885
1992,3,19,0,0,0.9455450177192688,10.502599716186523,275,9.556500434875488,8.947600364685059,20737,13.326800346374512,1.923799991607666,0.26739001274108887
1992,3,19,3,0,0.9446889758110046,10.430999755859375,275,9.468500137329102,8.850099563598633,18041,13.326800346374512,1.8014400005340576,0.26973000168800354
1992,3,19,6,0,0.9430959820747375,10.370100021362305,275,9.36620044708252,8.680500030517578,15682,12.114999771118164,1.685130000114441,0.27226999402046204
1992,3,19,9,0,0.938139021396637,10.230299949645996,275,9.047900199890137,8.128800392150879,13801,12.114999771118164,1.5929700136184692,0.2831299901008606
1992,3,19,12,0,0.9246410131454468,10.084400177001953,275,8.875200271606445,7.947500228881836,12793,12.114999771118164,1.5474200248718262,0.2874400019645691
1992,3,19,15,0,0.9013239741325378,9.98799991607666,275,8.90429973602295,8.081700325012207,12578,12.114999771118164,1.5455900430679321,0.278219997882843
1992,3,19,18,0,0.8826249837875366,9.886799812316895,265,8.954099655151367,8.270299911499023,12556,12.114999771118164,1.5565600395202637,0.26649999618530273
1992,3,19,21,0,0.8663359880447388,9.784700393676758,265,8.964500427246094,8.391400337219238,12187,12.114999771118164,1.5454800128936768,0.2584800124168396
1992,3,20,0,0,0.8555009961128235,9.673500061035156,255,8.76550006866455,7.933800220489502,11492,12.114999771118164,1.512279987335205,0.25944000482559204
1992,3,20,3,0,0.8484690189361572,9.45680046081543,255,8.244099617004395,7.122399806976318,10755,11.013500213623047,1.4818799495697021,0.28352999687194824
1992,3,20,6,0,0.8417930006980896,9.425000190734863,255,8.322199821472168,7.359600067138672,9993,11.013500213623047,1.4320499897003174,0.28259000182151794
1992,3,20,9,0,0.8345919847488403,9.440099716186523,255,8.447199821472168,7.611299991607666,9418,11.013500213623047,1.3899999856948853,0.2757599949836731
1992,3,20,12,0,0.8266180157661438,9.52869987487793,255,8.629199981689453,7.903500080108643,9203,11.013500213623047,1.3675600290298462,0.27079999446868896
1992,3,20,15,0,0.818801999092102,9.715700149536133,255,8.831000328063965,8.183500289916992,9379,11.013500213623047,1.3650699853897095,0.2847299873828888
1992,3,20,18,0,0.8147979974746704,10.069600105285645,255,9.0733003616333,8.440999984741211,10081,10.01200008392334,1.3839600086212158,0.3175100088119507
1992,3,20,21,0,0.8185660243034363,10.737899780273438,255,9.543999671936035,8.864500045776367,12122,10.01200008392334,1.4561899900436401,0.33994999527931213
1992,3,21,0,0,0.8436430096626282,11.468799591064453,265,10.18970012664795,9.46150016784668,15782,13.326800346374512,1.5936700105667114,0.3289400041103363
1992,3,21,3,0,0.8728489875793457,12.149100303649902,275,10.88479995727539,10.138799667358398,21228,13.326800346374512,1.783810019493103,0.30702999234199524
1992,3,21,6,0,0.899931013584137,12.710700035095215,275,11.509200096130371,10.77340030670166,28356,17.73889923095703,2.0053300857543945,0.28508999943733215
1992,3,21,9,0,0.9161400198936462,13.028900146484375,275,11.946200370788574,11.254300117492676,35804,16.125999450683594,2.2175099849700928,0.2612999975681305
1992,3,21,12,0,0.925665020942688,13.210100173950195,275,12.229999542236328,11.578499794006348,42376,16.125999450683594,2.389770030975342,0.24255000054836273
1992,3,21,15,0,0.9286609888076782,13.21049976348877,275,12.2923002243042,11.646599769592285,45676,16.125999450683594,2.4795000553131104,0.2324099987745285
1992,3,21,18,0,0.9243900179862976,13.053099632263184,275,12.160300254821777,11.527099609375,46260,16.125999450683594,2.512739896774292,0.22940999269485474
1992,3,21,21,0,0.9141070246696472,12.818900108337402,275,11.935199737548828,11.273599624633789,45003,14.659700393676758,2.505650043487549,0.22867999970912933
1992,3,22,0,0,0.9036219716072083,12.622200012207031,275,11.842599868774414,11.326499938964844,42885,14.659700393676758,2.4698500633239746,0.22310000658035278
1992,3,22,3,0,0.9002509713172913,12.465999603271484,275,11.735899925231934,11.28499984741211,40384,14.659700393676758,2.4153900146484375,0.2195100039243698
1992,3,22,6,0,0.905689001083374,12.365599632263184,275,11.648300170898438,11.206199645996094,37779,14.659700393676758,2.3478200435638428,0.21818000078201294
1992,3,22,9,0,0.9134330153465271,12.301600456237793,275,11.582099914550781,11.139300346374512,35340,14.659700393676758,2.2781200408935547,0.2189600020647049
1992,3,22,12,0,0.9196580052375793,12.250100135803223,275,11.522600173950195,11.074399948120117,33115,13.326800346374512,2.211169958114624,0.22067999839782715
1992,3,22,15,0,0.9250400066375732,12.198399543762207,275,11.435999870300293,10.942099571228027,31159,13.326800346374512,2.150559902191162,0.2238599956035614
1992,3,22,18,0,0.9298790097236633,12.171500205993652,275,11.389100074768066,10.866499900817871,29499,13.326800346374512,2.095400094985962,0.2253900021314621
1992,3,22,21,0,0.9340670108795166,12.160900115966797,275,11.365500450134277,10.82960033416748,28307,13.326800346374512,2.0534000396728516,0.22573000192642212
1992,3,23,0,0,0.9375349879264832,12.047300338745117,275,11.133999824523926,10.496700286865234,27895,13.326800346374512,2.0483200550079346,0.23621000349521637
1992,3,23,3,0,0.9393600225448608,11.900699615478516,275,10.8858003616333,10.167499542236328,27991,13.326800346374512,2.065619945526123,0.24601000547409058
1992,3,23,6,0,0.9388719797134399,11.832799911499023,275,10.819700241088867,10.08489990234375,27817,13.326800346374512,2.066540002822876,0.24451999366283417
1992,3,23,9,0,0.9362080097198486,11.749799728393555,275,10.775899887084961,10.063899993896484,27077,13.326800346374512,2.0488200187683105,0.24151000380516052
1992,3,23,12,0,0.9317569732666016,11.53320026397705,275,10.579700469970703,9.91510009765625,25932,13.326800346374512,2.0296499729156494,0.2481900006532669
1992,3,23,15,0,0.9264670014381409,11.30270004272461,275,10.310099601745605,9.679900169372559,24783,13.326800346374512,2.0120201110839844,0.27145999670028687
1992,3,23,18,0,0.9223099946975708,11.34529972076416,275,10.196700096130371,9.544300079345703,23515,12.114999771118164,1.9625699520111084,0.3161500096321106
1992,3,23,21,0,0.9232580065727234,11.90779972076416,275,10.394399642944336,9.611200332641602,23448,12.114999771118164,1.913159966468811,0.37049999833106995
1992,3,24,0,0,0.9271990060806274,12.721099853515625,275,10.732199668884277,9.62969970703125,24636,21.46489906311035,1.8925700187683105,0.3995699882507324
1992,3,24,3,0,0.9358580112457275,13.82699966430664,275,11.508700370788574,10.207799911499023,29488,19.513200759887695,1.9702099561691284,0.38565000891685486
1992,3,24,6,0,0.9423750042915344,14.69379997253418,275,12.21720027923584,10.662199974060059,35318,19.513200759887695,2.0759799480438232,0.3559199869632721
1992,3,24,9,0,0.9461259841918945,15.037199974060059,275,12.656000137329102,10.991700172424316,39154,19.513200759887695,2.147469997406006,0.32471999526023865
1992,3,24,12,0,0.9499840140342712,15.081199645996094,275,12.891599655151367,11.207799911499023,43337,17.73889923095703,2.2448699474334717,0.29627999663352966
1992,3,24,15,0,0.9536849856376648,14.946999549865723,275,12.940899848937988,11.290200233459473,47535,17.73889923095703,2.3555099964141846,0.27695998549461365
1992,3,24,18,0,0.9555950164794922,14.71780014038086,275,12.894700050354004,11.328200340270996,48235,17.73889923095703,2.39028000831604,0.26495999097824097
1992,3,24,21,0,0.9559779763221741,14.399800300598145,275,12.750300407409668,11.277400016784668,45692,16.125999450683594,2.3535099029541016,0.25565001368522644
1992,3,25,0,0,0.9565879702568054,14.132399559020996,275,12.217300415039062,10.051199913024902,44713,16.125999450683594,2.350990056991577,0.252920001745224
1992,3,25,3,0,0.9562900066375732,13.832599639892578,275,11.636899948120117,9.262499809265137,43265,16.125999450683594,2.338939905166626,0.2624000012874603
1992,3,25,6,0,0.9554700255393982,13.673199653625488,275,11.8016996383667,9.72719955444336,40255,16.125999450683594,2.2711501121520996,0.24874000251293182
1992,3,25,9,0,0.9545999765396118,13.468299865722656,275,11.749799728393555,9.649900436401367,37695,14.659700393676758,2.2173500061035156,0.23325000703334808
1992,3,25,12,0,0.953728973865509,13.072699546813965,275,11.365699768066406,9.457900047302246,35336,14.659700393676758,2.1844499111175537,0.24112999439239502
1992,3,25,15,0,0.9524800181388855,12.655699729919434,275,11.032099723815918,9.415300369262695,31919,14.659700393676758,2.1175498962402344,0.2533800005912781
1992,3,25,18,0,0.9507799744606018,12.417200088500977,275,10.838899612426758,9.249699592590332,28081,14.659700393676758,2.012939929962158,0.26096999645233154
1992,3,25,21,0,0.9488540291786194,12.191300392150879,275,10.444999694824219,8.806099891662598,24675,13.326800346374512,1.913599967956543,0.29350000619888306
1992,3,26,0,0,0.9471030235290527,11.499199867248535,275,8.646400451660156,6.682499885559082,23194,13.326800346374512,1.921589970588684,0.3955700099468231
1992,3,26,3,0,0.9445670247077942,10.895899772644043,275,7.609300136566162,5.958000183105469,25549,13.326800346374512,2.0818300247192383,0.5003499984741211
1992,3,26,6,0,0.944920003414154,11.107000350952148,275,8.01159954071045,6.502099990844727,29719,21.46489906311035,2.224709987640381,0.5097299814224243
1992,3,26,9,0,0.9520909786224365,12.23639965057373,275,9.07800006866455,7.418900012969971,41462,19.513200759887695,2.4845199584960938,0.4676100015640259
1992,3,26,12,0,0.9550870060920715,12.943599700927734,275,9.878800392150879,8.156900405883789,53642,19.513200759887695,2.7337300777435303,0.4302000105381012
1992,3,26,15,0,0.9543020129203796,13.196000099182129,275,10.38029956817627,8.645299911499023,60385,19.513200759887695,2.862920045852661,0.3951700031757355
1992,3,26,18,0,0.9513350129127502,13.260000228881836,275,10.47599983215332,8.545299530029297,64743,17.73889923095703,2.9487500190734863,0.3705900013446808
1992,3,26,21,0,0.9463480114936829,12.719300270080566,275,9.632399559020996,7.6234002113342285,70212,17.73889923095703,3.1350200176239014,0.3900899887084961
1992,3,27,0,0,0.9381409883499146,12.488200187683105,275,9.580100059509277,7.667600154876709,72754,17.73889923095703,3.2224700450897217,0.38503000140190125
1992,3,27,3,0,0.9269300103187561,12.763799667358398,275,10.492899894714355,8.845800399780273,67419,16.125999450683594,3.0671300888061523,0.33886998891830444
1992,3,27,6,0,0.9177690148353577,12.666899681091309,275,10.590299606323242,8.958399772644043,63232,16.125999450683594,2.983799934387207,0.3216800093650818
1992,3,27,9,0,0.9149640202522278,11.484999656677246,275,8.922599792480469,7.255300045013428,63856,16.125999450683594,3.165479898452759,0.3865300118923187
1992,3,27,12,0,0.917855978012085,10.963600158691406,275,8.826399803161621,7.4604997634887695,64117,16.125999450683594,3.2659900188446045,0.38429000973701477
1992,3,27,15,0,0.922569990158081,10.894200325012207,275,8.809700012207031,7.432400226593018,59260,16.125999450683594,3.1529300212860107,0.3769400119781494
1992,3,27,18,0,0.9300320148468018,10.928999900817871,285,8.991600036621094,7.6880998611450195,54712,14.659700393676758,3.0258400440216064,0.3638699948787689
1992,3,27,21,0,0.9382839798927307,11.026000022888184,285,9.243800163269043,8.012999534606934,51170,14.659700393676758,2.9132800102233887,0.346780002117157
1992,3,28,0,0,0.9434980154037476,11.155200004577637,285,9.51360034942627,8.359100341796875,47132,14.659700393676758,2.778280019760132,0.3296799957752228
1992,3,28,3,0,0.9466609954833984,11.208399772644043,285,9.57759952545166,8.365300178527832,43002,14.659700393676758,2.6462900638580322,0.31981000304222107
1992,3,28,6,0,0.9492430090904236,11.276800155639648,285,9.821000099182129,8.7923002243042,39303,14.659700393676758,2.522279977798462,0.3048200011253357
1992,3,28,9,0,0.9510909914970398,11.340999603271484,285,10.027600288391113,9.076899528503418,35965,13.326800346374512,2.4071500301361084,0.2868199944496155
1992,3,28,12,0,0.9519270062446594,11.35099983215332,285,10.162199974060059,9.225199699401855,32473,13.326800346374512,2.289249897003174,0.26899001002311707
1992,3,28,15,0,0.9439910054206848,10.796799659729004,285,8.627699851989746,6.753900051116943,28868,13.326800346374512,2.2199299335479736,0.3107999861240387
1992,3,28,18,0,0.9377840161323547,10.656800270080566,285,8.693300247192383,7.018599987030029,24556,13.326800346374512,2.0657200813293457,0.3072200119495392
1992,3,28,21,0,0.9410989880561829,10.765600204467773,285,9.276399612426758,7.821700096130371,20088,12.114999771118164,1.8626400232315063,0.2740800082683563
1992,3,29,0,0,0.9406669735908508,10.77239990234375,285,9.70009994506836,8.744000434875488,16179,12.114999771118164,1.6747499704360962,0.25461000204086304
1992,3,29,3,0,0.9373469948768616,10.697400093078613,285,9.816399574279785,9.02750015258789,12795,12.114999771118164,1.498129963874817,0.2433300018310547
1992,3,29,6,0,0.8950039744377136,9.180899620056152,285,6.297999858856201,4.729400157928467,10550,11.013500213623047,1.4754799604415894,0.4066399931907654
1992,3,29,9,0,0.8695759773254395,9.19909954071045,285,6.605999946594238,5.147799968719482,8473,11.013500213623047,1.320680022239685,0.40751999616622925
1992,3,29,12,0,0.848114013671875,9.059900283813477,275,6.2378997802734375,4.746099948883057,6888,11.013500213623047,1.1995699405670166,0.42816001176834106
1992,3,29,15,0,0.7823989987373352,8.079000473022461,265,5.742099761962891,4.618000030517578,6632,13.326800346374512,1.252310037612915,0.48730000853538513
1992,3,29,18,0,0.7647730112075806,7.599400043487549,245,5.7993998527526855,4.884200096130371,6883,13.326800346374512,1.3222899436950684,0.48124998807907104
1992,3,29,21,0,0.7806249856948853,7.676400184631348,235,6.1620001792907715,5.343699932098389,7141,12.114999771118164,1.342210054397583,0.4507899880409241
1992,3,30,0,0,0.7999119758605957,7.995699882507324,235,6.513400077819824,5.675899982452393,7724,12.114999771118164,1.3658100366592407,0.42785999178886414
1992,3,30,3,0,0.8258820176124573,8.431300163269043,235,7.050600051879883,6.196199893951416,9703,12.114999771118164,1.490470051765442,0.38530001044273376
1992,3,30,6,0,0.8488150238990784,8.726699829101562,245,7.400599956512451,6.445400238037109,13526,12.114999771118164,1.7325700521469116,0.34384000301361084
1992,3,30,9,0,0.8717849850654602,9.040599822998047,235,8.0516996383667,7.345900058746338,19644,10.01200008392334,2.0547499656677246,0.2938700020313263
1992,3,30,12,0,0.8802310228347778,9.333999633789062,235,8.551899909973145,8.004400253295898,23975,10.01200008392334,2.234999895095825,0.2569200098514557
1992,3,30,15,0,0.8733299970626831,9.347299575805664,235,8.66450023651123,8.19729995727539,23972,10.01200008392334,2.2371299266815186,0.2437800019979477
1992,3,30,18,0,0.861395001411438,9.241499900817871,235,8.578800201416016,8.142900466918945,21334,10.01200008392334,2.1260199546813965,0.2488899976015091
1992,3,30,21,0,0.8519459962844849,9.16450023651123,235,8.496700286865234,8.07349967956543,18302,9.101699829101562,1.978469967842102,0.25944000482559204
1992,3,31,0,0,0.8442090153694153,9.123200416564941,235,8.451199531555176,8.04520034790039,16044,9.101699829101562,1.855780005455017,0.2676999866962433
1992,3,31,3,0,0.8385859727859497,9.13129997253418,235,8.443699836730957,8.049300193786621,14720,9.101699829101562,1.7743300199508667,0.27344000339508057
1992,3,31,6,0,0.83788001537323,9.165900230407715,245,8.45680046081543,8.058799743652344,13974,9.101699829101562,1.7233200073242188,0.27619001269340515
1992,3,31,9,0,0.8401769995689392,9.189599990844727,245,8.457599639892578,8.030900001525879,13551,8.274100303649902,1.6940499544143677,0.2779799997806549
1992,3,31,12,0,0.8407520055770874,9.025300025939941,245,7.980000019073486,7.118299961090088,13332,8.274100303649902,1.6966099739074707,0.2988300025463104
1992,3,31,15,0,0.8431710004806519,8.854499816894531,245,7.760000228881836,6.923099994659424,12830,10.01200008392334,1.6817400455474854,0.3144800066947937
1992,3,31,18,0,0.84551602602005,8.748499870300293,245,7.631899833679199,6.764900207519531,11503,9.101699829101562,1.6031800508499146,0.3211599886417389
1992,3,31,21,0,0.8460090160369873,8.3371000289917,245,6.882800102233887,5.825200080871582,9930,9.101699829101562,1.5274499654769897,0.361380010843277
1992,4,1,0,0,0.8429309725761414,7.744900226593018,245,6.096700191497803,5.103400230407715,8771,9.101699829101562,1.4903299808502197,0.4173800051212311
1992,4,1,3,0,0.8345490097999573,7.46120023727417,245,5.818699836730957,4.914599895477295,8031,8.274100303649902,1.451259970664978,0.44815000891685486
1992,4,1,6,0,0.8324810266494751,7.702199935913086,255,6.071499824523926,5.155200004577637,7716,8.274100303649902,1.3963099718093872,0.4401099979877472
1992,4,1,9,0,0.8467680215835571,8.164299964904785,255,6.666299819946289,5.734000205993652,8109,8.274100303649902,1.3887200355529785,0.39958998560905457
1992,4,1,12,0,0.8699399828910828,8.564399719238281,255,7.317599773406982,6.477399826049805,8569,8.274100303649902,1.3936799764633179,0.35545000433921814
1992,4,1,15,0,0.8916710019111633,8.972900390625,255,7.8744001388549805,7.1203999519348145,9461,8.274100303649902,1.427590012550354,0.3271099925041199
1992,4,1,18,0,0.916916012763977,9.424699783325195,265,8.43019962310791,7.762199878692627,11384,12.114999771118164,1.5237699747085571,0.3025200068950653
1992,4,1,21,0,0.9310680031776428,9.746100425720215,265,8.810199737548828,8.20259952545166,13509,11.013500213623047,1.6296900510787964,0.2906099855899811
1992,4,2,0,0,0.9360049962997437,9.938799858093262,265,8.768500328063965,7.799900054931641,14944,11.013500213623047,1.6939899921417236,0.3064500093460083
1992,4,2,3,0,0.9378460049629211,10.197199821472168,265,8.655900001525879,7.497600078582764,16826,11.013500213623047,1.7651400566101074,0.3459300100803375
1992,4,2,6,0,0.941789984703064,10.751999855041504,265,9.026599884033203,7.8454999923706055,20790,11.013500213623047,1.8956700563430786,0.35912999510765076
1992,4,2,9,0,0.9472799897193909,11.39109992980957,265,9.652000427246094,8.441900253295898,26807,16.125999450683594,2.076200008392334,0.34189000725746155
1992,4,2,12,0,0.9526280164718628,11.94480037689209,275,10.376999855041504,9.223099708557129,33138,16.125999450683594,2.2422399520874023,0.3093400001525879
1992,4,2,15,0,0.9578750133514404,12.24370002746582,275,10.89680004119873,9.879300117492676,37976,14.659700393676758,2.3642399311065674,0.2803800106048584
1992,4,2,18,0,0.9600070118904114,12.309700012207031,275,11.098600387573242,10.117799758911133,40608,14.659700393676758,2.436389923095703,0.260809987783432
1992,4,2,21,0,0.9592009782791138,11.971699714660645,275,10.170999526977539,8.403900146484375,41265,14.659700393676758,2.4929399490356445,0.2795799970626831
1992,4,3,0,0,0.9567610025405884,11.809100151062012,275,10.173199653625488,8.58430004119873,39117,14.659700393676758,2.448280096054077,0.27254998683929443
1992,4,3,3,0,0.9533069729804993,11.563699722290039,265,10.10990047454834,8.760700225830078,35560,13.326800346374512,2.3660099506378174,0.26872000098228455
1992,4,3,6,0,0.9489390254020691,10.92300033569336,265,9.351300239562988,8.031999588012695,33375,13.326800346374512,2.3712899684906006,0.29506999254226685
1992,4,3,9,0,0.9435030221939087,10.320500373840332,265,8.780900001525879,7.6041998863220215,31618,13.326800346374512,2.3890700340270996,0.31248000264167786
1992,4,3,12,0,0.9395999908447266,10.056400299072266,265,8.679400444030762,7.675099849700928,28511,13.326800346374512,2.307389974594116,0.30847999453544617
1992,4,3,15,0,0.9358779788017273,9.913399696350098,265,8.68019962310791,7.828700065612793,24667,13.326800346374512,2.1678900718688965,0.30083000659942627
1992,4,3,18,0,0.9310770034790039,9.78909969329834,265,8.659700393676758,7.8927001953125,21318,12.114999771118164,2.0339999198913574,0.29308000206947327
1992,4,3,21,0,0.9253280162811279,9.668499946594238,265,8.561400413513184,7.7459001541137695,18976,12.114999771118164,1.9361599683761597,0.2895900011062622
1992,4,4,0,0,0.91880202293396,9.582799911499023,265,8.541999816894531,7.791999816894531,17519,12.114999771118164,1.8725999593734741,0.28850001096725464
1992,4,4,3,0,0.9104269742965698,9.499300003051758,265,8.566399574279785,7.969600200653076,16451,12.114999771118164,1.8264299631118774,0.2866699993610382
1992,4,4,6,0,0.9020739793777466,9.297200202941895,265,8.278400421142578,7.49970006942749,15210,11.013500213623047,1.7798999547958374,0.29269999265670776
1992,4,4,9,0,0.890591025352478,8.540800094604492,265,7.123899936676025,6.113500118255615,14381,11.013500213623047,1.813099980354309,0.34731000661849976
1992,4,4,12,0,0.8822579979896545,7.845900058746338,255,6.495699882507324,5.627600193023682,14827,11.013500213623047,1.9294999837875366,0.372979998588562
1992,4,4,15,0,0.8792499899864197,7.981900215148926,255,7.019599914550781,6.42579984664917,15011,11.013500213623047,1.9276399612426758,0.332940012216568
1992,4,4,18,0,0.876895010471344,8.147899627685547,255,7.242199897766113,6.675899982452393,14831,11.013500213623047,1.895799994468689,0.32293999195098877
1992,4,4,21,0,0.8786560297012329,8.188400268554688,255,7.0995001792907715,6.340099811553955,15132,9.101699829101562,1.9086999893188477,0.33772000670433044
1992,4,5,0,0,0.8850269913673401,8.358400344848633,255,7.285399913787842,6.55210018157959,16168,9.101699829101562,1.950160026550293,0.33520999550819397
1992,4,5,3,0,0.8951230049133301,8.551899909973145,255,7.42710018157959,6.647900104522705,18379,10.01200008392334,2.0515999794006348,0.33145999908447266
1992,4,5,6,0,0.9089670181274414,8.816900253295898,255,7.698299884796143,6.917399883270264,22423,10.01200008392334,2.2253899574279785,0.3200500011444092
1992,4,5,9,0,0.9202200174331665,8.89109992980957,255,7.751399993896484,6.941299915313721,27767,10.01200008392334,2.4631400108337402,0.3154500126838684
1992,4,5,12,0,0.9243370294570923,9.061300277709961,255,8.06760025024414,7.389500141143799,31356,11.013500213623047,2.591789960861206,0.29666000604629517
1992,4,5,15,0,0.9244949817657471,9.277899742126465,255,8.397199630737305,7.8491997718811035,30664,11.013500213623047,2.53016996383667,0.2823300063610077
1992,4,5,18,0,0.9235489964485168,9.384699821472168,255,8.538200378417969,8.017600059509277,28287,11.013500213623047,2.415299892425537,0.27702000737190247
1992,4,5,21,0,0.9217759966850281,9.373200416564941,255,8.505800247192383,7.934800148010254,25544,10.01200008392334,2.297719955444336,0.2790600061416626
1992,4,6,0,0,0.9176579713821411,9.258299827575684,255,8.318499565124512,7.645500183105469,22761,10.01200008392334,2.1844799518585205,0.2887499928474426
1992,4,6,3,0,0.9100880026817322,9.111000061035156,255,8.211999893188477,7.661799907684326,20634,10.01200008392334,2.098860025405884,0.2979300022125244
1992,4,6,6,0,0.9029170274734497,9.007499694824219,255,8.118399620056152,7.595699787139893,19179,10.01200008392334,2.036639928817749,0.30344998836517334
1992,4,6,9,0,0.8977490067481995,8.965999603271484,255,8.083900451660156,7.572199821472168,18122,10.01200008392334,1.9847999811172485,0.30559998750686646
1992,4,6,12,0,0.8962429761886597,8.94320011138916,265,8.05780029296875,7.545100212097168,17251,9.101699829101562,1.9389100074768066,0.3072800040245056
1992,4,6,15,0,0.892861008644104,8.96399974822998,265,8.059599876403809,7.5355000495910645,16396,9.101699829101562,1.8866300582885742,0.3100599944591522
1992,4,6,18,0,0.888670027256012,9.01930046081543,265,8.0733003616333,7.510900020599365,15844,9.101699829101562,1.8462799787521362,0.3140999972820282
1992,4,6,21,0,0.8870869874954224,9.004300117492676,265,7.930300235748291,7.163400173187256,16324,9.101699829101562,1.8745800256729126,0.3190000057220459
1992,4,7,0,0,0.887561023235321,8.947099685668945,265,7.884300231933594,7.139800071716309,17059,9.101699829101562,1.9232900142669678,0.3209100067615509
1992,4,7,3,0,0.8852180242538452,9.018099784851074,265,8.033499717712402,7.446899890899658,15962,9.101699829101562,1.8512300252914429,0.32368001341819763
1992,4,7,6,0,0.8813300132751465,9.076700210571289,265,8.047699928283691,7.464200019836426,14164,9.101699829101562,1.7352900505065918,0.3357599973678589
1992,4,7,9,0,0.8765140175819397,9.13759994506836,265,8.039799690246582,7.433599948883057,12451,8.274100303649902,1.6183799505233765,0.3489300012588501
1992,4,7,12,0,0.8715050220489502,9.19279956817627,265,8.027400016784668,7.392399787902832,10998,8.274100303649902,1.5139100551605225,0.3594200015068054
1992,4,7,15,0,0.8668649792671204,9.257399559020996,265,8.032299995422363,7.366499900817871,9904,8.274100303649902,1.4296799898147583,0.36660999059677124
1992,4,7,18,0,0.8628810048103333,9.339900016784668,265,8.065600395202637,7.371699810028076,9180,12.114999771118164,1.3690600395202637,0.3718400001525879
1992,4,7,21,0,0.858797013759613,9.423999786376953,265,8.106800079345703,7.392399787902832,8691,12.114999771118164,1.3253200054168701,0.37814998626708984
1992,4,8,0,0,0.853413999080658,9.449799537658691,265,7.921500205993652,6.939700126647949,8256,12.114999771118164,1.2894999980926514,0.3930099904537201
1992,4,8,3,0,0.846451997756958,9.15310001373291,265,7.082300186157227,5.832499980926514,7914,13.326800346374512,1.2828799486160278,0.44378000497817993
1992,4,8,6,0,0.8431800007820129,9.021300315856934,255,6.828000068664551,5.6483001708984375,7613,13.326800346374512,1.2663700580596924,0.47815001010894775
1992,4,8,9,0,0.8457909822463989,9.235699653625488,255,7.007800102233887,5.854899883270264,7197,13.326800346374512,1.2142399549484253,0.486270010471344
1992,4,8,12,0,0.8528209924697876,9.678899765014648,255,7.395199775695801,6.180099964141846,6846,13.326800346374512,1.1530200242996216,0.47369998693466187
1992,4,8,15,0,0.8660809993743896,10.229900360107422,245,7.9781999588012695,6.677599906921387,7000,13.326800346374512,1.1302200555801392,0.4412199854850769
1992,4,8,18,0,0.894025981426239,10.693300247192383,245,8.69159984588623,7.379799842834473,8002,12.114999771118164,1.1802699565887451,0.39243000745773315
1992,4,8,21,0,0.9202209711074829,10.966300010681152,245,9.396599769592285,8.224900245666504,10216,12.114999771118164,1.317639946937561,0.3368000090122223
1992,4,9,0,0,0.9408299922943115,11.06760025024414,235,9.900799751281738,8.980999946594238,13446,11.013500213623047,1.5068299770355225,0.29218000173568726
1992,4,9,3,0,0.9531310200691223,11.032699584960938,235,10.119999885559082,9.436699867248535,16779,11.013500213623047,1.6892900466918945,0.2681399881839752
1992,4,9,6,0,0.9563140273094177,10.915499687194824,235,10.123700141906738,9.592100143432617,19332,11.013500213623047,1.8271499872207642,0.2616199851036072
1992,4,9,9,0,0.9553130269050598,10.79259967803955,235,9.99940013885498,9.491600036621094,19815,11.013500213623047,1.8634099960327148,0.26846998929977417
1992,4,9,12,0,0.9561600089073181,10.66670036315918,225,9.79319953918457,9.231900215148926,18477,11.013500213623047,1.8119399547576904,0.2830199897289276
1992,4,9,15,0,0.9566450119018555,10.57040023803711,225,9.669599533081055,9.11620044708252,16740,11.013500213623047,1.7338600158691406,0.2924399971961975
1992,4,9,18,0,0.9573590159416199,10.49120044708252,225,9.579899787902832,9.046600341796875,15216,10.01200008392334,1.6599500179290771,0.2990500032901764
1992,4,9,21,0,0.9568579792976379,10.404600143432617,225,9.460000038146973,8.932000160217285,14045,10.01200008392334,1.6013599634170532,0.30869001150131226
1992,4,10,0,0,0.9477840065956116,9.920000076293945,225,8.106800079345703,6.6539998054504395,13303,10.01200008392334,1.5969699621200562,0.36142000555992126
1992,4,10,3,0,0.8856040239334106,8.385499954223633,225,6.224999904632568,5.133600234985352,14277,10.01200008392334,1.807129979133606,0.483489990234375
1992,4,10,6,0,0.8688669800758362,8.503000259399414,235,6.681399822235107,5.723700046539307,14053,10.01200008392334,1.7806700468063354,0.46285000443458557
1992,4,10,9,0,0.8756219744682312,8.80210018157959,235,7.147799968719482,6.267099857330322,13141,17.73889923095703,1.6905200481414795,0.44106000661849976
1992,4,10,12,0,0.8701019883155823,8.888799667358398,235,7.366199970245361,6.559100151062012,12550,9.101699829101562,1.6439399719238281,0.4280500113964081
1992,4,10,15,0,0.8524450063705444,8.893500328063965,235,7.491199970245361,6.766300201416016,12294,9.101699829101562,1.6271699666976929,0.4175800085067749
1992,4,10,18,0,0.8407149910926819,8.973099708557129,235,7.629300117492676,6.948400020599365,12059,9.101699829101562,1.6032099723815918,0.40845999121665955
1992,4,10,21,0,0.8377100229263306,9.057700157165527,235,7.6041998863220215,6.7453999519348145,11807,16.125999450683594,1.5771299600601196,0.40536001324653625
1992,4,11,0,0,0.8381540179252625,9.167400360107422,225,7.7241997718811035,6.893199920654297,11546,16.125999450683594,1.5480799674987793,0.4027499854564667
1992,4,11,3,0,0.8424220085144043,9.234999656677246,225,7.825200080871582,7.092299938201904,11135,16.125999450683594,1.5125499963760376,0.40509000420570374
1992,4,11,6,0,0.8440049886703491,9.229399681091309,225,7.799799919128418,7.091300010681152,10575,16.125999450683594,1.4730299711227417,0.4118399918079376
1992,4,11,9,0,0.84163498878479,9.196800231933594,225,7.74970006942749,7.047900199890137,9854,16.125999450683594,1.423799991607666,0.4175899922847748
1992,4,11,12,0,0.8393629789352417,9.097700119018555,225,7.471199989318848,6.494900226593018,8977,16.125999450683594,1.3665599822998047,0.4249899983406067
1992,4,11,15,0,0.8076069951057434,8.202799797058105,225,5.935200214385986,4.859000205993652,8294,16.125999450683594,1.3859200477600098,0.5101000070571899
1992,4,11,18,0,0.7949039936065674,7.825500011444092,225,5.477099895477295,4.468999862670898,7324,16.125999450683594,1.3340699672698975,0.5440099835395813
1992,4,11,21,0,0.8098850250244141,8.028300285339355,225,5.665999889373779,4.631700038909912,6135,14.659700393676758,1.2023899555206299,0.5384799838066101
1992,4,12,0,0,0.8584740161895752,8.675100326538086,225,5.996699810028076,4.702099800109863,5014,14.659700393676758,1.0398900508880615,0.512440025806427
1992,4,12,3,0,0.8556860089302063,7.529200077056885,215,4.670300006866455,3.709199905395508,4822,14.659700393676758,1.0966099500656128,0.6243600249290466
1992,4,12,6,0,0.8742750287055969,6.723999977111816,205,4.829999923706055,4.09499979019165,6241,14.659700393676758,1.3342299461364746,0.5995100140571594
1992,4,12,9,0,0.9214580059051514,7.227799892425537,205,5.70419979095459,4.904699802398682,9883,6.837800025939941,1.631160020828247,0.4746899902820587
1992,4,12,12,0,0.9443449974060059,8.111800193786621,205,6.6641998291015625,5.737500190734863,15372,10.01200008392334,1.9213900566101074,0.3884499967098236
1992,4,12,15,0,0.9551479816436768,8.781800270080566,205,7.521699905395508,6.599699974060059,18985,10.01200008392334,2.0499000549316406,0.3303999900817871
1992,4,12,18,0,0.9575979709625244,9.002400398254395,205,7.832699775695801,6.928599834442139,19033,10.01200008392334,2.026400089263916,0.3100399971008301
1992,4,12,21,0,0.9545549750328064,9.062999725341797,205,7.9471001625061035,7.1194000244140625,18114,10.01200008392334,1.9689600467681885,0.30886000394821167
1992,4,13,0,0,0.9405789971351624,9.368599891662598,205,8.246199607849121,7.451000213623047,19274,10.01200008392334,1.9884699583053589,0.31007999181747437
1992,4,13,3,0,0.9410359859466553,9.948399543762207,215,8.774900436401367,7.884300231933594,23851,13.326800346374512,2.131319999694824,0.29666000604629517
1992,4,13,6,0,0.9477859735488892,10.263899803161621,215,9.041899681091309,8.00529956817627,29368,12.114999771118164,2.321310043334961,0.2810100018978119
1992,4,13,9,0,0.9538260102272034,10.287500381469727,215,9.236599922180176,8.427399635314941,31429,12.114999771118164,2.400739908218384,0.2689799964427948
1992,4,13,12,0,0.9555230140686035,10.185099601745605,215,9.232399940490723,8.529500007629395,29450,12.114999771118164,2.3408799171447754,0.26241999864578247
1992,4,13,15,0,0.9530779719352722,9.964400291442871,215,8.828700065612793,7.791100025177002,26692,11.013500213623047,2.2589499950408936,0.2709299921989441
1992,4,13,18,0,0.9481679797172546,9.402400016784668,215,7.930699825286865,6.736800193786621,25925,11.013500213623047,2.3001599311828613,0.3130199909210205
1992,4,13,21,0,0.9418129920959473,8.962900161743164,215,7.582499980926514,6.5370001792907715,29022,11.013500213623047,2.5036299228668213,0.32506999373435974
1992,4,14,0,0,0.9309319853782654,9.090399742126465,215,7.804999828338623,6.799499988555908,31066,11.013500213623047,2.572269916534424,0.3128100037574768
1992,4,14,3,0,0.916703999042511,8.90429973602295,215,7.50600004196167,6.468999862670898,30300,10.01200008392334,2.5683200359344482,0.3312300145626068
1992,4,14,6,0,0.8933050036430359,8.840900421142578,215,7.467400074005127,6.469900131225586,27935,10.01200008392334,2.474829912185669,0.33583998680114746
1992,4,14,9,0,0.8547919988632202,8.978799819946289,215,7.549300193786621,6.525400161743164,26790,10.01200008392334,2.3982999324798584,0.34255000948905945
1992,4,14,12,0,0.8372820019721985,9.15779972076416,215,7.825200080871582,6.862199783325195,26034,10.01200008392334,2.3381900787353516,0.3310000002384186
1992,4,14,15,0,0.8303499817848206,9.022299766540527,215,7.644400119781494,6.633500099182129,23212,10.01200008392334,2.2273099422454834,0.33371999859809875
1992,4,14,18,0,0.808085024356842,8.799599647521973,215,7.312600135803223,6.283699989318848,20319,9.101699829101562,2.1097700595855713,0.3543500006198883
1992,4,14,21,0,0.794064998626709,8.839599609375,225,7.378900051116943,6.4070000648498535,17856,13.326800346374512,1.9690500497817993,0.36111000180244446
1992,4,15,0,0,0.7954959869384766,8.896300315856934,225,7.543600082397461,6.69290018081665,14945,13.326800346374512,1.7940399646759033,0.35962000489234924
1992,4,15,3,0,0.8090929985046387,8.8233003616333,225,7.535299777984619,6.7571001052856445,12154,13.326800346374512,1.6259299516677856,0.3608199954032898
1992,4,15,6,0,0.8240619897842407,8.70419979095459,225,7.421500205993652,6.638999938964844,10351,12.114999771118164,1.5123900175094604,0.36577001214027405
1992,4,15,9,0,0.83958899974823,8.254599571228027,225,6.724899768829346,5.746099948883057,9788,12.114999771118164,1.5140199661254883,0.3959200084209442
1992,4,15,12,0,0.8658620119094849,7.826000213623047,225,6.451499938964844,5.593400001525879,10620,8.274100303649902,1.6270500421524048,0.3989599943161011
1992,4,15,15,0,0.8719390034675598,6.998000144958496,215,5.617099761962891,4.822700023651123,13902,8.274100303649902,1.9829299449920654,0.42375999689102173
1992,4,15,18,0,0.8902149796485901,7.290599822998047,215,6.104000091552734,5.321300029754639,24975,9.101699829101562,2.61365008354187,0.3606500029563904
1992,4,15,21,0,0.8845210075378418,7.684500217437744,215,6.534800052642822,5.736199855804443,29317,9.101699829101562,2.7530899047851562,0.3402799963951111
1992,4,16,0,0,0.8557559847831726,7.977700233459473,215,6.786099910736084,5.955100059509277,26932,9.101699829101562,2.5806500911712646,0.34261998534202576
1992,4,16,3,0,0.822825014591217,8.392200469970703,225,7.087200164794922,6.158899784088135,26343,9.101699829101562,2.4755699634552,0.3445900082588196
1992,4,16,6,0,0.8146139979362488,8.795599937438965,225,7.409900188446045,6.417900085449219,28588,9.101699829101562,2.506700038909912,0.34119001030921936
1992,4,16,9,0,0.8142769932746887,8.711400032043457,235,7.1315999031066895,6.05810022354126,31786,12.114999771118164,2.652479887008667,0.3612299859523773
1992,4,16,12,0,0.8183050155639648,8.34060001373291,225,6.956200122833252,6.029900074005127,39798,9.101699829101562,3.0485799312591553,0.356440007686615
1992,4,16,15,0,0.8282480239868164,8.491000175476074,225,7.373199939727783,6.58519983291626,46666,9.101699829101562,3.2796499729156494,0.3187299966812134
1992,4,16,18,0,0.8150359988212585,8.802000045776367,225,7.793000221252441,7.105599880218506,38057,9.101699829101562,2.9027600288391113,0.3034999966621399
1992,4,16,21,0,0.8053749799728394,8.533699989318848,225,7.17519998550415,6.2230000495910645,34006,9.101699829101562,2.7862401008605957,0.3404400050640106
1992,4,17,0,0,0.8081089854240417,8.000800132751465,225,6.711900234222412,5.87470006942749,36356,9.101699829101562,2.9858999252319336,0.35936999320983887
1992,4,17,3,0,0.8244519829750061,8.272700309753418,225,7.238900184631348,6.534999847412109,37479,9.101699829101562,2.984839916229248,0.3188199996948242
1992,4,17,6,0,0.8312550187110901,8.646200180053711,225,7.688399791717529,7.01039981842041,35741,9.101699829101562,2.8466200828552246,0.2971700131893158
1992,4,17,9,0,0.8424450159072876,9.050700187683105,225,8.209500312805176,7.632699966430664,37831,10.01200008392334,2.8556599617004395,0.2752000093460083
1992,4,17,12,0,0.8544880151748657,9.454899787902832,235,8.716400146484375,8.255999565124512,39538,10.01200008392334,2.8467600345611572,0.25800999999046326
1992,4,17,15,0,0.8702830076217651,9.774100303649902,235,9.056599617004395,8.614700317382812,41423,10.01200008392334,2.8556699752807617,0.2502500116825104
1992,4,17,18,0,0.889303982257843,10.09160041809082,235,9.370499610900879,8.923199653625488,46002,11.013500213623047,2.9495599269866943,0.24521000683307648
1992,4,17,21,0,0.9048309922218323,10.366700172424316,235,9.583999633789062,9.072699546813965,49777,11.013500213623047,3.0144500732421875,0.24692000448703766
1992,4,18,0,0,0.9061340093612671,10.054200172424316,245,8.531999588012695,7.314300060272217,52469,11.013500213623047,3.1356699466705322,0.30790001153945923
1992,4,18,3,0,0.9107930064201355,10.001799583435059,245,8.534000396728516,7.461900234222412,54881,12.114999771118164,3.2116200923919678,0.3194499909877777
1992,4,18,6,0,0.9136850237846375,9.946599960327148,245,8.41409969329834,7.32859992980957,56076,12.114999771118164,3.2532498836517334,0.33076000213623047
1992,4,18,9,0,0.9179040193557739,10.128100395202637,245,8.691499710083008,7.671999931335449,58153,12.114999771118164,3.2792000770568848,0.3208099901676178
1992,4,18,12,0,0.9264079928398132,10.445500373840332,255,9.115699768066406,8.136300086975098,65021,12.114999771118164,3.4071500301361084,0.3018600046634674
1992,4,18,15,0,0.9325169920921326,10.766900062561035,255,9.618499755859375,8.77079963684082,69460,12.114999771118164,3.462559938430786,0.2777999937534332
1992,4,18,18,0,0.9349550008773804,10.999099731445312,255,10.058699607849121,9.435999870300293,65941,12.114999771118164,3.3351399898529053,0.25760000944137573
1992,4,18,21,0,0.9369779825210571,11.08489990234375,255,10.16409969329834,9.53439998626709,59201,12.114999771118164,3.1464099884033203,0.25400999188423157
1992,4,19,0,0,0.9383999705314636,11.108599662780762,255,10.118300437927246,9.338299751281738,53025,12.114999771118164,2.973720073699951,0.25701001286506653
1992,4,19,3,0,0.9386789798736572,11.164199829101562,255,10.269399642944336,9.699299812316895,47274,12.114999771118164,2.80007004737854,0.25567999482154846
1992,4,19,6,0,0.9380980134010315,11.149800300598145,255,10.241000175476074,9.681699752807617,41205,12.114999771118164,2.6160800457000732,0.26061001420021057
1992,4,19,9,0,0.9363170266151428,11.093600273132324,255,10.145299911499023,9.571200370788574,34768,12.114999771118164,2.4102699756622314,0.2690599858760834
1992,4,19,12,0,0.932735025882721,11.022000312805176,255,10.00730037689209,9.404399871826172,28263,12.114999771118164,2.181649923324585,0.28242000937461853
1992,4,19,15,0,0.9292680025100708,11.083399772644043,255,9.973699569702148,9.315500259399414,23705,12.114999771118164,1.9904799461364746,0.29569000005722046
1992,4,19,18,0,0.9383990168571472,11.423399925231934,265,10.314800262451172,9.63129997253418,25697,13.326800346374512,2.0338499546051025,0.28523001074790955
1992,4,19,21,0,0.9461709856987,11.128899574279785,265,9.915599822998047,9.13230037689209,33702,13.326800346374512,2.3633899688720703,0.2946000099182129
1992,4,20,0,0,0.9488549828529358,10.871500015258789,255,9.583800315856934,8.583600044250488,38628,13.326800346374512,2.56715989112854,0.29385000467300415
1992,4,20,3,0,0.9371790289878845,10.269700050354004,255,8.452500343322754,7.058700084686279,41282,12.114999771118164,2.7396199703216553,0.33588001132011414
1992,4,20,6,0,0.9232659935951233,9.432999610900879,245,7.769100189208984,6.643799781799316,50564,12.114999771118164,3.1883299350738525,0.3624599874019623
1992,4,20,9,0,0.9191960096359253,9.973400115966797,245,8.702699661254883,7.861700057983398,45970,12.114999771118164,2.951770067214966,0.31790000200271606
1992,4,20,12,0,0.915992021560669,10.144700050354004,255,9.036399841308594,8.342599868774414,39460,12.114999771118164,2.7121400833129883,0.30125999450683594
1992,4,20,15,0,0.9125710129737854,10.190600395202637,255,9.141200065612793,8.496899604797363,34672,11.013500213623047,2.5377399921417236,0.295989990234375
1992,4,20,18,0,0.9103260040283203,10.205900192260742,255,9.109199523925781,8.372200012207031,31325,11.013500213623047,2.4103100299835205,0.2979300022125244
1992,4,20,21,0,0.9072189927101135,9.734399795532227,255,8.057900428771973,6.827899932861328,29544,11.013500213623047,2.399739980697632,0.34703001379966736
1992,4,21,0,0,0.9079999923706055,9.71560001373291,255,8.35319995880127,7.440999984741211,29153,11.013500213623047,2.3886799812316895,0.33774998784065247
1992,4,21,3,0,0.9115030169487,9.887900352478027,255,8.74370002746582,8.034799575805664,30375,11.013500213623047,2.416980028152466,0.31692999601364136
1992,4,21,6,0,0.9178640246391296,10.163200378417969,255,9.147000312805176,8.51259994506836,33525,11.013500213623047,2.5012099742889404,0.29262998700141907
1992,4,21,9,0,0.9244359731674194,10.432499885559082,255,9.522199630737305,8.942399978637695,37459,12.114999771118164,2.604720115661621,0.27020999789237976
1992,4,21,12,0,0.9288769960403442,10.582200050354004,255,9.737099647521973,9.19279956817627,39149,12.114999771118164,2.6409099102020264,0.25699999928474426
1992,4,21,15,0,0.9312080144882202,10.61989974975586,255,9.799799919128418,9.266300201416016,38075,12.114999771118164,2.599289894104004,0.2521800100803375
1992,4,21,18,0,0.9291279911994934,10.632699966430664,255,9.776000022888184,9.220800399780273,36564,11.013500213623047,2.5441300868988037,0.2574099898338318
1992,4,21,21,0,0.9240189790725708,10.861100196838379,265,9.92710018157959,9.317299842834473,39123,11.013500213623047,2.5933499336242676,0.2634600102901459
1992,4,22,0,0,0.917559027671814,11.133500099182129,265,10.198100090026855,9.576199531555176,44638,12.114999771118164,2.724989891052246,0.25589999556541443
1992,4,22,3,0,0.9166330099105835,11.139900207519531,275,10.225600242614746,9.608699798583984,46775,13.326800346374512,2.7881600856781006,0.24973000586032867
1992,4,22,6,0,0.9162489771842957,10.824700355529785,275,9.65369987487793,8.650400161743164,44389,12.114999771118164,2.7623798847198486,0.26664999127388
1992,4,22,9,0,0.9134340286254883,10.003899574279785,275,8.444100379943848,7.26230001449585,41676,12.114999771118164,2.7995200157165527,0.3204599916934967
1992,4,22,12,0,0.9110360145568848,9.770099639892578,275,8.300000190734863,7.2052001953125,37569,12.114999771118164,2.698699951171875,0.3207699954509735
1992,4,22,15,0,0.9091249704360962,9.767499923706055,275,8.465800285339355,7.504300117492676,32644,11.013500213623047,2.5206298828125,0.30790001153945923
1992,4,22,18,0,0.9072080254554749,9.837900161743164,275,8.67710018157959,7.809500217437744,28222,11.013500213623047,2.338249921798706,0.29243001341819763
1992,4,22,21,0,0.9059020280838013,9.868800163269043,275,8.722900390625,7.767399787902832,25205,11.013500213623047,2.2088301181793213,0.28233999013900757
1992,4,23,0,0,0.9053019881248474,9.859800338745117,275,8.751099586486816,7.792900085449219,23327,11.013500213623047,2.128190040588379,0.2764900028705597
1992,4,23,3,0,0.9048100113868713,9.912300109863281,275,9.02910041809082,8.387900352478027,21776,11.013500213623047,2.0522398948669434,0.2652600109577179
1992,4,23,6,0,0.9042310118675232,9.90779972076416,275,9.093000411987305,8.558099746704102,20315,10.01200008392334,1.9840099811553955,0.2649900019168854
1992,4,23,9,0,0.9024659991264343,9.858599662780762,275,9.061599731445312,8.571999549865723,18637,10.01200008392334,1.906599998474121,0.2703700065612793
1992,4,23,12,0,0.8992649912834167,9.767999649047852,275,8.966099739074707,8.492400169372559,16765,10.01200008392334,1.8185499906539917,0.2778399884700775
1992,4,23,15,0,0.895222008228302,9.69320011138916,275,8.85949993133545,8.38129997253418,14996,10.01200008392334,1.7269500494003296,0.2889600098133087
1992,4,23,18,0,0.8904659748077393,9.674099922180176,275,8.772600173950195,8.27180004119873,13402,10.01200008392334,1.6324199438095093,0.3050900101661682
1992,4,23,21,0,0.8804380297660828,9.57040023803711,275,8.4975004196167,7.896900177001953,11810,10.01200008392334,1.5384199619293213,0.33265000581741333
1992,4,24,0,0,0.8704990148544312,9.172200202941895,265,8,7.365200042724609,11222,9.101699829101562,1.533210039138794,0.36305001378059387
1992,4,24,3,0,0.8575090169906616,9.083999633789062,255,7.8730998039245605,7.214099884033203,10996,9.101699829101562,1.5242199897766113,0.37474000453948975
1992,4,24,6,0,0.8010389804840088,8.062800407409668,255,5.719799995422363,4.615900039672852,10905,9.101699829101562,1.6105400323867798,0.4994499981403351
1992,4,24,9,0,0.7197039723396301,7.345399856567383,255,5.0065999031066895,4.094699859619141,10227,14.659700393676758,1.63372004032135,0.5739200115203857
1992,4,24,12,0,0.6637489795684814,6.951600074768066,245,4.661399841308594,3.872499942779541,8608,14.659700393676758,1.5388400554656982,0.6251299977302551
1992,4,24,15,0,0.617123007774353,6.735300064086914,235,4.586299896240234,3.8541998863220215,7644,14.659700393676758,1.473770022392273,0.6388800144195557
1992,4,24,18,0,0.7283290028572083,7.506400108337402,225,5.310400009155273,4.411399841308594,9549,13.326800346374512,1.5583300590515137,0.5574399828910828
1992,4,24,21,0,0.8405089974403381,8.688400268554688,225,6.59630012512207,5.481100082397461,19274,13.326800346374512,2.0485899448394775,0.4582799971103668
1992,4,25,0,0,0.9045720100402832,10.236100196838379,225,8.343899726867676,7.0507001876831055,40629,13.326800346374512,2.7123498916625977,0.3625899851322174
1992,4,25,3,0,0.9360020160675049,10.897299766540527,235,9.662599563598633,8.791600227355957,59003,13.326800346374512,3.164069890975952,0.287990003824234
1992,4,25,6,0,0.948951005935669,10.969900131225586,225,9.965299606323242,9.269499778747559,56307,13.326800346374512,3.085319995880127,0.2611500024795532
1992,4,25,9,0,0.953203022480011,10.912500381469727,225,10.010499954223633,9.390700340270996,48224,12.114999771118164,2.8689699172973633,0.25036001205444336
1992,4,25,12,0,0.9376770257949829,10.918700218200684,225,10.044599533081055,9.464099884033203,43369,12.114999771118164,2.722759962081909,0.25275999307632446
1992,4,25,15,0,0.9025319814682007,11.35770034790039,245,10.45259952545166,9.86620044708252,50396,12.114999771118164,2.8631300926208496,0.25575000047683716
1992,4,25,18,0,0.8994190096855164,11.727399826049805,255,10.875,10.316200256347656,63396,12.114999771118164,3.1462299823760986,0.24163000285625458
1992,4,25,21,0,0.9053189754486084,11.710100173950195,255,10.899200439453125,10.373299598693848,64537,13.326800346374512,3.1772000789642334,0.23627999424934387
1992,4,26,0,0,0.9046570062637329,11.52560043334961,255,10.738800048828125,10.234199523925781,58280,13.326800346374512,3.0500900745391846,0.23597000539302826
1992,4,26,3,0,0.9034870266914368,11.315299987792969,255,10.551300048828125,10.069700241088867,51428,13.326800346374512,2.899660110473633,0.2364100068807602
1992,4,26,6,0,0.9013339877128601,11.093199729919434,255,10.33430004119873,9.859800338745117,44728,12.114999771118164,2.7395501136779785,0.24056999385356903
1992,4,26,9,0,0.898938000202179,10.861800193786621,255,10.030200004577637,9.4798002243042,38725,12.114999771118164,2.5840799808502197,0.25505998730659485
1992,4,26,12,0,0.8942369818687439,10.436699867248535,255,9.288000106811523,8.410099983215332,34955,12.114999771118164,2.5134499073028564,0.2955799996852875
1992,4,26,15,0,0.887116014957428,10.164999961853027,255,8.803299903869629,7.72599983215332,32077,12.114999771118164,2.4459900856018066,0.3216800093650818
1992,4,26,18,0,0.881846010684967,10.036199569702148,255,8.658100128173828,7.6006999015808105,29506,12.114999771118164,2.3643500804901123,0.3293600082397461
1992,4,26,21,0,0.8769450187683105,9.864700317382812,255,8.362500190734863,7.182799816131592,26993,11.013500213623047,2.284169912338257,0.3366999924182892
1992,4,27,0,0,0.867946982383728,9.544899940490723,245,7.928199768066406,6.7428998947143555,24837,11.013500213623047,2.232150077819824,0.3573099970817566
1992,4,27,3,0,0.85173499584198,9.016300201416016,245,7.224299907684326,6.081500053405762,23616,11.013500213623047,2.2458600997924805,0.40518999099731445
1992,4,27,6,0,0.8469319939613342,9.201600074768066,245,7.706099987030029,6.817999839782715,21954,11.013500213623047,2.144670009613037,0.4052799940109253
1992,4,27,9,0,0.8466230034828186,9.414999961853027,245,8.043100357055664,7.3130998611450195,19814,10.01200008392334,2.014080047607422,0.4097599983215332
1992,4,27,12,0,0.8443869948387146,9.43970012664795,245,8.14739990234375,7.514800071716309,17756,10.01200008392334,1.905210018157959,0.41119998693466187
1992,4,27,15,0,0.8346629738807678,9.229299545288086,235,8.012499809265137,7.419000148773193,16538,10.01200008392334,1.8625099658966064,0.40507999062538147
1992,4,27,18,0,0.8161789774894714,9.030099868774414,235,7.833000183105469,7.200799942016602,16274,9.101699829101562,1.870229959487915,0.3971399962902069
1992,4,27,21,0,0.7999640107154846,8.745800018310547,235,7.139800071716309,6.124300003051758,16347,8.274100303649902,1.904670000076294,0.4234200119972229
1992,4,28,0,0,0.7889320254325867,8.646699905395508,235,6.923399925231934,5.939599990844727,17383,8.274100303649902,1.9719200134277344,0.45364999771118164
1992,4,28,3,0,0.7928889989852905,9.229299545288086,235,7.534900188446045,6.615099906921387,17581,8.274100303649902,1.9103699922561646,0.4512999951839447
1992,4,28,6,0,0.8016549944877625,9.750900268554688,235,7.972499847412109,7.0243000984191895,17288,19.513200759887695,1.8345999717712402,0.4510599970817566
1992,4,28,9,0,0.8049659729003906,10.044899940490723,235,8.211700439453125,7.249499797821045,16625,19.513200759887695,1.7674000263214111,0.4496400058269501
1992,4,28,12,0,0.8016030192375183,10.144599914550781,245,8.325799942016602,7.414400100708008,15706,19.513200759887695,1.7066199779510498,0.4466100037097931
1992,4,28,15,0,0.8020049929618835,10.217599868774414,245,8.409600257873535,7.521500110626221,14978,19.513200759887695,1.657960057258606,0.4410800039768219
1992,4,28,18,0,0.8030869960784912,10.31820011138916,245,8.532600402832031,7.656199932098389,14455,19.513200759887695,1.6180700063705444,0.4316999912261963
1992,4,28,21,0,0.8064680099487305,10.51200008392334,245,8.734000205993652,7.853700160980225,14476,17.73889923095703,1.6001800298690796,0.4192900061607361
1992,4,29,0,0,0.8150249719619751,10.908300399780273,255,9.088399887084961,8.169899940490723,15658,16.125999450683594,1.6263400316238403,0.4045099914073944
1992,4,29,3,0,0.8232539892196655,11.262900352478027,255,9.423500061035156,8.474599838256836,17066,16.125999450683594,1.6649099588394165,0.3909600079059601
1992,4,29,6,0,0.8243290185928345,11.244000434875488,255,9.074700355529785,7.6545000076293945,17574,17.73889923095703,1.689329981803894,0.39598000049591064
1992,4,29,9,0,0.8087900280952454,10.567000389099121,255,8.246399879455566,7.00029993057251,18148,17.73889923095703,1.7748700380325317,0.43876001238822937
1992,4,29,12,0,0.793412983417511,10.318699836730957,245,8.074600219726562,6.814499855041504,18096,17.73889923095703,1.7968000173568726,0.4376299977302551
1992,4,29,15,0,0.7631679773330688,8.597299575805664,245,6.228400230407715,5.164700031280518,20248,14.659700393676758,2.100680112838745,0.5281500220298767
1992,4,29,18,0,0.7616069912910461,8.201800346374512,235,6.361800193786621,5.439799785614014,22720,14.659700393676758,2.297029972076416,0.4899899959564209
1992,4,29,21,0,0.760890007019043,8.215200424194336,225,6.484799861907959,5.554599761962891,22816,7.5218000411987305,2.306920051574707,0.46182000637054443
1992,4,30,0,0,0.7663090229034424,8.562800407409668,225,7.1367998123168945,6.320099830627441,23445,8.274100303649902,2.293570041656494,0.41032999753952026
1992,4,30,3,0,0.7537869811058044,8.101900100708008,245,6.84499979019165,6.129799842834473,27928,8.274100303649902,2.5873100757598877,0.4024699926376343
1992,4,30,6,0,0.7690010070800781,8.113200187683105,255,7.0177998542785645,6.341000080108643,34776,8.274100303649902,2.8965299129486084,0.3654100000858307
1992,4,30,9,0,0.7766990065574646,8.244099617004395,265,7.1768999099731445,6.496699810028076,36344,8.274100303649902,2.938149929046631,0.3513599932193756
1992,4,30,12,0,0.7449340224266052,8.301899909973145,255,7.099999904632568,6.356599807739258,29525,8.274100303649902,2.6312201023101807,0.3730599880218506
1992,4,30,15,0,0.7251560091972351,8.497400283813477,255,7.232999801635742,6.454699993133545,23979,8.274100303649902,2.3371999263763428,0.3782599866390228
1992,4,30,18,0,0.7259060144424438,8.504199981689453,245,7.166399955749512,6.331099987030029,20482,8.274100303649902,2.157989978790283,0.3836899995803833
1992,4,30,21,0,0.7366799712181091,8.25409984588623,245,6.73769998550415,5.826099872589111,18529,16.125999450683594,2.083620071411133,0.41032999753952026
1992,5,1,0,0,0.742883026599884,8.347399711608887,245,6.859899997711182,5.969099998474121,16651,8.274100303649902,1.9620200395584106,0.4076400101184845
1992,5,1,3,0,0.7469639778137207,8.672900199890137,245,7.344799995422363,6.581600189208984,14775,8.274100303649902,1.8094300031661987,0.3872700035572052
1992,5,1,6,0,0.7507709860801697,8.885899543762207,245,7.619800090789795,6.901700019836426,13424,8.274100303649902,1.7013399600982666,0.3747900128364563
1992,5,1,9,0,0.7572630047798157,9.01990032196045,245,7.803500175476074,7.1315999031066895,12524,8.274100303649902,1.62923002243042,0.3674300014972687
1992,5,1,12,0,0.7701879739761353,9.086799621582031,245,7.910200119018555,7.280099868774414,11935,14.659700393676758,1.583739995956421,0.36291998624801636
1992,5,1,15,0,0.7866010069847107,9.138400077819824,245,7.9847002029418945,7.374300003051758,11649,14.659700393676758,1.5595999956130981,0.3591200113296509
1992,5,1,18,0,0.8019049763679504,9.133500099182129,245,7.86929988861084,7.103300094604492,11585,14.659700393676758,1.5548100471496582,0.3637999892234802
1992,5,1,21,0,0.813739001750946,8.9173002243042,245,7.3225998878479,6.279399871826172,11777,14.659700393676758,1.5863100290298462,0.38947001099586487
1992,5,2,0,0,0.8192700147628784,8.5871000289917,245,6.833499908447266,5.7621002197265625,12646,14.659700393676758,1.677780032157898,0.4130899906158447
1992,5,2,3,0,0.8319079875946045,8.758700370788574,255,7.258600234985352,6.312699794769287,13719,14.659700393676758,1.7322499752044678,0.38440999388694763
1992,5,2,6,0,0.8496519923210144,9.114100456237793,255,7.875500202178955,7.081900119781494,15065,14.659700393676758,1.7798500061035156,0.34428998827934265
1992,5,2,9,0,0.8763980269432068,9.534899711608887,265,8.477100372314453,7.7779998779296875,18236,9.101699829101562,1.9124000072479248,0.3052299916744232
1992,5,2,12,0,0.9057570099830627,9.95580005645752,265,9.06879997253418,8.467000007629395,23788,11.013500213623047,2.1338300704956055,0.2670699954032898
1992,5,2,15,0,0.9208499789237976,10.130200386047363,265,9.358400344848633,8.838000297546387,28074,11.013500213623047,2.2974801063537598,0.2451999932527542
1992,5,2,18,0,0.9259070158004761,10.146100044250488,265,9.411299705505371,8.92240047454834,29368,11.013500213623047,2.348860025405884,0.23896999657154083
1992,5,2,21,0,0.9265080094337463,10.133000373840332,265,9.396699905395508,8.90839958190918,28611,11.013500213623047,2.320359945297241,0.2393999993801117
1992,5,3,0,0,0.9260269999504089,10.115799903869629,265,9.336199760437012,8.77649974822998,27180,11.013500213623047,2.2635300159454346,0.2433599978685379
1992,5,3,3,0,0.9253100156784058,10.076600074768066,265,9.226499557495117,8.543800354003906,25658,11.013500213623047,2.204010009765625,0.24856999516487122
1992,5,3,6,0,0.924796998500824,10.031999588012695,265,9.19279956817627,8.551300048828125,24119,11.013500213623047,2.142940044403076,0.25029000639915466
1992,5,3,9,0,0.924098014831543,9.948800086975098,265,9.134200096130371,8.554499626159668,22396,11.013500213623047,2.0760200023651123,0.2511799931526184
1992,5,3,12,0,0.9224140048027039,9.859299659729004,265,9.074899673461914,8.540300369262695,20514,11.013500213623047,1.9985400438308716,0.25075000524520874
1992,5,3,15,0,0.9198070168495178,9.793000221252441,265,9.03219985961914,8.534700393676758,18804,11.013500213623047,1.9221099615097046,0.25255000591278076
1992,5,3,18,0,0.9176740050315857,9.760000228881836,255,8.992400169372559,8.51099967956543,17462,11.013500213623047,1.8566299676895142,0.2614299952983856
1992,5,3,21,0,0.9172340035438538,9.759300231933594,255,8.95989990234375,8.477700233459473,16470,10.01200008392334,1.8036400079727173,0.27542999386787415
1992,5,4,0,0,0.9187129735946655,9.818699836730957,255,8.977100372314453,8.483400344848633,16070,10.01200008392334,1.7750200033187866,0.28815001249313354
1992,5,4,3,0,0.9239339828491211,10.202300071716309,255,9.252400398254395,8.70479965209961,17941,10.01200008392334,1.8293100595474243,0.3010599911212921
1992,5,4,6,0,0.940671980381012,11.028800010681152,265,9.981499671936035,9.340399742126465,25201,13.326800346374512,2.060960054397583,0.2888000011444092
1992,5,4,9,0,0.953486979007721,11.528400421142578,265,10.533300399780273,9.836899757385254,34278,13.326800346374512,2.336280107498169,0.2588599920272827
1992,5,4,12,0,0.959551990032196,11.548199653625488,255,10.593199729919434,9.883299827575684,37784,13.326800346374512,2.450659990310669,0.24661000072956085
1992,5,4,15,0,0.9625200033187866,11.362500190734863,255,10.343600273132324,9.547499656677246,36167,13.326800346374512,2.4228498935699463,0.25418999791145325
1992,5,4,18,0,0.9606279730796814,10.951000213623047,255,9.458200454711914,8.140000343322754,33819,12.114999771118164,2.3936500549316406,0.2929899990558624
1992,5,4,21,0,0.9564039707183838,10.637700080871582,255,8.865699768066406,7.432000160217285,33217,12.114999771118164,2.411259889602661,0.3242200016975403
1992,5,5,0,0,0.9551200270652771,10.615099906921387,255,8.875800132751465,7.443699836730957,33599,12.114999771118164,2.4294700622558594,0.31905001401901245
1992,5,5,3,0,0.9549909830093384,10.576000213623047,255,9.03279972076416,7.707099914550781,33315,12.114999771118164,2.4284000396728516,0.30140000581741333
1992,5,5,6,0,0.9521819949150085,10.386899948120117,255,8.975500106811523,7.761000156402588,31520,12.114999771118164,2.3910999298095703,0.2942599952220917
1992,5,5,9,0,0.9491999745368958,10.275199890136719,245,9.001899719238281,7.915999889373779,28830,12.114999771118164,2.3052799701690674,0.2889699935913086
1992,5,5,12,0,0.947052001953125,10.150199890136719,245,8.794300079345703,7.648399829864502,26581,11.013500213623047,2.2304599285125732,0.3027999997138977
1992,5,5,15,0,0.9437369704246521,10.077899932861328,245,8.727100372314453,7.69950008392334,24937,11.013500213623047,2.1689999103546143,0.3215399980545044
1992,5,5,18,0,0.940796971321106,10.08180046081543,245,8.659600257873535,7.587900161743164,23059,11.013500213623047,2.084709882736206,0.3363800048828125
1992,5,5,21,0,0.9197070002555847,8.905799865722656,245,6.833700180053711,5.643899917602539,22685,11.013500213623047,2.208159923553467,0.4376800060272217
1992,5,6,0,0,0.8853030204772949,8.009900093078613,255,6.36460018157959,5.460899829864502,25018,10.01200008392334,2.463629961013794,0.45094001293182373
1992,5,6,3,0,0.8706650137901306,7.901100158691406,255,6.441299915313721,5.593200206756592,24029,10.01200008392334,2.4390499591827393,0.4287799894809723
1992,5,6,6,0,0.8747559785842896,8.219400405883789,255,6.909900188446045,6.136300086975098,19938,10.01200008392334,2.176919937133789,0.40375998616218567
1992,5,6,9,0,0.8768050074577332,8.280099868774414,255,6.874499797821045,6.03380012512207,16744,10.01200008392334,1.9854099750518799,0.4135499894618988
1992,5,6,12,0,0.87882399559021,8.373000144958496,255,6.999000072479248,6.190299987792969,15498,10.01200008392334,1.8975800275802612,0.4142000079154968
1992,5,6,15,0,0.8739609718322754,8.638299942016602,255,7.269899845123291,6.501299858093262,14373,8.274100303649902,1.7938899993896484,0.4158500134944916
1992,5,6,18,0,0.8598870038986206,8.699600219726562,255,7.00540018081665,6.01170015335083,13761,16.125999450683594,1.7435799837112427,0.4442099928855896
1992,5,6,21,0,0.8542919754981995,8.258099555969238,265,6.4421000480651855,5.484399795532227,15424,16.125999450683594,1.896589994430542,0.4839000105857849
1992,5,7,0,0,0.8626130223274231,7.827400207519531,265,6.3003997802734375,5.487800121307373,20589,8.274100303649902,2.2639598846435547,0.4715900123119354
1992,5,7,3,0,0.8700019717216492,8.027400016784668,275,6.712100028991699,5.938300132751465,26156,8.274100303649902,2.5278899669647217,0.4232900142669678
1992,5,7,6,0,0.8773959875106812,8.496100425720215,275,7.277599811553955,6.5594000816345215,26396,8.274100303649902,2.4640800952911377,0.3974300026893616
1992,5,7,9,0,0.8762930035591125,8.741399765014648,275,7.502999782562256,6.8024001121521,24622,8.274100303649902,2.340480089187622,0.40077000856399536
1992,5,7,12,0,0.8694810271263123,8.791399955749512,265,7.356299877166748,6.543900012969971,22741,8.274100303649902,2.2373299598693848,0.4279100000858307
1992,5,7,15,0,0.866191029548645,8.906000137329102,265,7.365200042724609,6.526100158691406,21996,8.274100303649902,2.1814498901367188,0.44558000564575195
1992,5,7,18,0,0.8600329756736755,8.735300064086914,265,6.887899875640869,5.92549991607666,22091,8.274100303649902,2.2025299072265625,0.48758000135421753
1992,5,7,21,0,0.8627449870109558,8.486599922180176,265,6.763000011444092,5.869699954986572,26643,8.274100303649902,2.4586100578308105,0.4836899936199188
1992,5,8,0,0,0.8629170060157776,8.4375,265,6.8668999671936035,6.0177001953125,31424,8.274100303649902,2.6835899353027344,0.4602299928665161
1992,5,8,3,0,0.8625180125236511,8.405200004577637,275,6.985899925231934,6.178699970245361,36735,8.274100303649902,2.9147698879241943,0.43268999457359314
1992,5,8,6,0,0.8567579984664917,8.589400291442871,275,7.210599899291992,6.414599895477295,36962,8.274100303649902,2.890660047531128,0.4196400046348572
1992,5,8,9,0,0.8433300256729126,8.498100280761719,265,6.943900108337402,6.116399765014648,32266,8.274100303649902,2.7072300910949707,0.45730000734329224
1992,5,8,12,0,0.8347709774971008,8.599699974060059,265,6.797699928283691,5.907899856567383,27575,17.73889923095703,2.47445011138916,0.4948199987411499
1992,5,8,15,0,0.838092029094696,9.104100227355957,255,6.843500137329102,5.813300132751465,21944,17.73889923095703,2.1236701011657715,0.5265200138092041
1992,5,8,18,0,0.8429840207099915,9.355199813842773,255,6.617800235748291,5.46619987487793,21038,17.73889923095703,2.0355899333953857,0.549589991569519
1992,5,8,21,0,0.8434939980506897,8.86769962310791,255,6.492099761962891,5.462600231170654,26367,17.73889923095703,2.3527700901031494,0.5384200215339661
1992,5,9,0,0,0.8407729864120483,9.01669979095459,255,6.915599822998047,5.86460018157959,31581,17.73889923095703,2.5641400814056396,0.4845699965953827
1992,5,9,3,0,0.8440200090408325,9.08329963684082,265,7.175000190734863,6.132999897003174,35618,17.73889923095703,2.7220499515533447,0.44944000244140625
1992,5,9,6,0,0.8458489775657654,9.145999908447266,265,7.367599964141846,6.347099781036377,37318,16.125999450683594,2.7817699909210205,0.42754000425338745
1992,5,9,9,0,0.8443329930305481,9.323399543762207,265,7.531199932098389,6.49399995803833,34538,16.125999450683594,2.6465001106262207,0.4210900068283081
1992,5,9,12,0,0.8426679968833923,9.753299713134766,265,7.986100196838379,6.966000080108643,30408,16.125999450683594,2.4189200401306152,0.40487000346183777
1992,5,9,15,0,0.8399969935417175,10.185199737548828,265,8.38659954071045,7.283999919891357,27105,16.125999450683594,2.2270400524139404,0.38545000553131104
1992,5,9,18,0,0.8383499979972839,10.49839973449707,255,8.659899711608887,7.377900123596191,24956,16.125999450683594,2.1008999347686768,0.36417001485824585
1992,5,9,21,0,0.8374220132827759,10.144000053405762,255,7.82390022277832,6.310500144958496,23825,16.125999450683594,2.0896599292755127,0.39500001072883606
1992,5,10,0,0,0.8382999897003174,9.845399856567383,255,7.5406999588012695,6.146200180053711,22979,16.125999450683594,2.085599899291992,0.4129599928855896
1992,5,10,3,0,0.8408849835395813,9.537599563598633,255,7.246699810028076,5.932700157165527,22211,16.125999450683594,2.0866200923919678,0.429610013961792
1992,5,10,6,0,0.845881998538971,8.76360034942627,255,6.786300182342529,5.731500148773193,23869,16.125999450683594,2.270979881286621,0.4517099857330322
1992,5,10,9,0,0.8471230268478394,8.203499794006348,265,6.596799850463867,5.711400032043457,28033,16.125999450683594,2.5644500255584717,0.4365299940109253
1992,5,10,12,0,0.8526939749717712,8.370599746704102,265,6.916800022125244,6.035200119018555,29508,9.101699829101562,2.6115000247955322,0.3989599943161011
1992,5,10,15,0,0.8577499985694885,8.50790023803711,265,7.152200222015381,6.293399810791016,30059,9.101699829101562,2.617219924926758,0.3752000033855438
1992,5,10,18,0,0.8651009798049927,8.656200408935547,275,7.366399765014648,6.50540018081665,31011,9.101699829101562,2.6373400688171387,0.35297998785972595
1992,5,10,21,0,0.8725029826164246,8.697500228881836,275,7.3597002029418945,6.445000171661377,31094,10.01200008392334,2.6347599029541016,0.34793999791145325
1992,5,11,0,0,0.8750370144844055,8.401200294494629,275,7.054200172424316,6.170400142669678,32045,10.01200008392334,2.7264599800109863,0.35920000076293945
1992,5,11,3,0,0.8720750212669373,8.566399574279785,275,7.273200035095215,6.401100158691406,29602,10.01200008392334,2.593050003051758,0.3472000062465668
1992,5,11,6,0,0.8713930249214172,8.630499839782715,275,7.311100006103516,6.422100067138672,26842,10.01200008392334,2.457350015640259,0.34922999143600464
1992,5,11,9,0,0.8714020252227783,8.670100212097168,275,7.356599807739258,6.466400146484375,24442,9.101699829101562,2.3385300636291504,0.3477100133895874
1992,5,11,12,0,0.8724079728126526,8.758500099182129,275,7.4969000816345215,6.632199764251709,22153,9.101699829101562,2.2141900062561035,0.3396799862384796
1992,5,11,15,0,0.8733569979667664,9.024100303649902,275,7.894800186157227,7.157700061798096,20015,9.101699829101562,2.069610118865967,0.3237900137901306
1992,5,11,18,0,0.874796986579895,9.263699531555176,275,8.151700019836426,7.406599998474121,18515,9.101699829101562,1.9603099822998047,0.31463000178337097
1992,5,11,21,0,0.8752009868621826,9.348899841308594,275,8.10200023651123,7.153800010681152,17310,9.101699829101562,1.8844399452209473,0.3168700039386749
1992,5,12,0,0,0.8739219903945923,9.223799705505371,275,7.730800151824951,6.597700119018555,16297,9.101699829101562,1.8405699729919434,0.33652999997138977
1992,5,12,3,0,0.8721650242805481,9.187600135803223,275,7.675099849700928,6.559700012207031,15377,9.101699829101562,1.7913800477981567,0.3431200087070465
1992,5,12,6,0,0.8723949790000916,9.167099952697754,275,7.76669979095459,6.787799835205078,14649,9.101699829101562,1.7508699893951416,0.3427700102329254
1992,5,12,9,0,0.8743079900741577,9.160099983215332,275,7.867400169372559,7.005899906158447,13817,12.114999771118164,1.7018100023269653,0.33851999044418335
1992,5,12,12,0,0.8754259943962097,9.213600158691406,275,7.968400001525879,7.145500183105469,12763,12.114999771118164,1.630769968032837,0.33316999673843384
1992,5,12,15,0,0.8758360147476196,9.307600021362305,275,8.092399597167969,7.286600112915039,11872,12.114999771118164,1.5641100406646729,0.32739999890327454
1992,5,12,18,0,0.8747860193252563,9.398200035095215,275,8.208999633789062,7.419099807739258,11257,12.114999771118164,1.5150099992752075,0.3230699896812439
1992,5,12,21,0,0.870980978012085,9.485899925231934,275,8.303600311279297,7.5096001625061035,10798,11.013500213623047,1.4761300086975098,0.32155001163482666
1992,5,13,0,0,0.8654699921607971,9.245100021362305,265,7.478600025177002,6.1605000495910645,10631,11.013500213623047,1.4838299751281738,0.356550008058548
1992,5,13,3,0,0.861611008644104,8.474200248718262,275,6.439899921417236,5.267899990081787,11305,11.013500213623047,1.601639986038208,0.42625001072883606
1992,5,13,6,0,0.860077977180481,8.422300338745117,275,6.5879998207092285,5.521399974822998,11764,11.013500213623047,1.6399199962615967,0.42107000946998596
1992,5,13,9,0,0.8595470190048218,8.716099739074707,275,6.956600189208984,5.855899810791016,11388,11.013500213623047,1.5847500562667847,0.397379994392395
1992,5,13,12,0,0.8592429757118225,9.050100326538086,275,7.418600082397461,6.313000202178955,10706,11.013500213623047,1.506600022315979,0.36941999197006226
1992,5,13,15,0,0.8552849888801575,9.293000221252441,275,7.780399799346924,6.696899890899658,9919,10.01200008392334,1.4301899671554565,0.3491399884223938
1992,5,13,18,0,0.847536027431488,9.387800216674805,275,7.955999851226807,6.93179988861084,9263,10.01200008392334,1.374619960784912,0.34272998571395874
1992,5,13,21,0,0.8418440222740173,9.38640022277832,265,8.026900291442871,7.060800075531006,8843,10.01200008392334,1.3430900573730469,0.3426100015640259
1992,5,14,0,0,0.8355129957199097,8.29740047454834,265,6.209000110626221,5.058000087738037,9045,10.01200008392334,1.4487299919128418,0.44380998611450195
1992,5,14,3,0,0.8333399891853333,7.39870023727417,275,5.736400127410889,4.885499954223633,10483,14.659700393676758,1.6604599952697754,0.47244998812675476
1992,5,14,6,0,0.8432610034942627,7.737599849700928,275,6.4440999031066895,5.712399959564209,10946,7.5218000411987305,1.661579966545105,0.4144099950790405
1992,5,14,9,0,0.8629350066184998,8.127799987792969,275,7.099899768829346,6.473800182342529,12564,8.274100303649902,1.7412500381469727,0.35554999113082886
1992,5,14,12,0,0.868973970413208,8.315500259399414,275,7.392300128936768,6.83650016784668,12736,8.274100303649902,1.73403000831604,0.3356199860572815
1992,5,14,15,0,0.8638309836387634,8.338399887084961,275,7.388800144195557,6.839399814605713,11488,8.274100303649902,1.6431200504302979,0.3463200032711029
1992,5,14,18,0,0.8561220169067383,8.334500312805176,275,7.32859992980957,6.760700225830078,10468,8.274100303649902,1.5669399499893188,0.3619999885559082
1992,5,14,21,0,0.8494139909744263,8.262900352478027,275,7.0625,6.272900104522705,9958,8.274100303649902,1.5341399908065796,0.37915998697280884
1992,5,15,0,0,0.843940019607544,8.038900375366211,275,6.626200199127197,5.716599941253662,9854,8.274100303649902,1.547700047492981,0.4040600061416626
1992,5,15,3,0,0.8335130214691162,7.986199855804443,275,6.584000110626221,5.718400001525879,9338,8.274100303649902,1.5105400085449219,0.4124700129032135
1992,5,15,6,0,0.8229159712791443,8.014300346374512,275,6.709499835968018,5.966800212860107,8635,7.5218000411987305,1.4475699663162231,0.4170700013637543
1992,5,15,9,0,0.8212649822235107,8.061699867248535,265,6.78879976272583,6.076200008392334,8433,7.5218000411987305,1.4250099658966064,0.41690999269485474
1992,5,15,12,0,0.8214679956436157,8.118800163269043,265,6.8719000816345215,6.188000202178955,8577,7.5218000411987305,1.43149995803833,0.41471999883651733
1992,5,15,15,0,0.8223900198936462,8.195300102233887,265,6.961999893188477,6.295599937438965,8780,7.5218000411987305,1.4407299757003784,0.41187000274658203
1992,5,15,18,0,0.8246049880981445,8.308799743652344,275,7.108799934387207,6.457600116729736,9085,7.5218000411987305,1.4551899433135986,0.40156999230384827
1992,5,15,21,0,0.8242939710617065,8.379199981689453,275,7.184199810028076,6.500999927520752,9099,8.274100303649902,1.4501800537109375,0.39278000593185425
1992,5,16,0,0,0.817596971988678,8.380200386047363,275,7.0920000076293945,6.291600227355957,8617,7.5218000411987305,1.4107400178909302,0.3948499858379364
1992,5,16,3,0,0.8067449927330017,8.518799781799316,275,7.288400173187256,6.587600231170654,7976,8.274100303649902,1.3442599773406982,0.39065998792648315
1992,5,16,6,0,0.7980179786682129,8.665499687194824,275,7.416999816894531,6.688899993896484,7546,8.274100303649902,1.2949399948120117,0.3843599855899811
1992,5,16,9,0,0.788919985294342,8.804300308227539,275,7.513899803161621,6.743500232696533,7075,8.274100303649902,1.2421499490737915,0.3816100060939789
1992,5,16,12,0,0.7768139839172363,8.92300033569336,265,7.554500102996826,6.733399868011475,6487,8.274100303649902,1.1788899898529053,0.38580000400543213
1992,5,16,15,0,0.7712429761886597,9.050299644470215,265,7.616300106048584,6.764100074768066,5957,8.274100303649902,1.1190999746322632,0.3902199864387512
1992,5,16,18,0,0.7671250104904175,9.168399810791016,265,7.693600177764893,6.835599899291992,5576,7.5218000411987305,1.0734000205993652,0.39340999722480774
1992,5,16,21,0,0.7625849843025208,9.259499549865723,265,7.706200122833252,6.78980016708374,5280,14.659700393676758,1.0374900102615356,0.3973900079727173
1992,5,17,0,0,0.7606689929962158,8.518500328063965,255,6.176000118255615,4.950200080871582,5225,14.659700393676758,1.0773299932479858,0.47196999192237854
1992,5,17,3,0,0.7588610053062439,7.600200176239014,265,5.4309000968933105,4.47599983215332,5626,14.659700393676758,1.188480019569397,0.5304499864578247
1992,5,17,6,0,0.7564949989318848,7.747499942779541,255,5.795499801635742,4.880099773406982,5602,14.659700393676758,1.175130009651184,0.5038099884986877
1992,5,17,9,0,0.7581689953804016,8.03499984741211,255,6.195499897003174,5.267399787902832,5403,14.659700393676758,1.1332499980926514,0.47227999567985535
1992,5,17,12,0,0.7580450177192688,8.162400245666504,255,6.5183000564575195,5.627399921417236,5471,14.659700393676758,1.1334199905395508,0.44168001413345337
1992,5,17,15,0,0.7578099966049194,8.170100212097168,255,6.760499954223633,5.958799839019775,5757,7.5218000411987305,1.1654399633407593,0.413239985704422
1992,5,17,18,0,0.7571380138397217,8.187899589538574,255,6.930600166320801,6.207200050354004,5892,6.837800025939941,1.179669976234436,0.39403998851776123
1992,5,17,21,0,0.7565360069274902,8.218099594116211,255,6.976200103759766,6.229599952697754,5794,6.837800025939941,1.1679999828338623,0.3871000111103058
1992,5,18,0,0,0.7583069801330566,8.075799942016602,255,6.642300128936768,5.725500106811523,5783,6.837800025939941,1.177880048751831,0.3995800018310547
1992,5,18,3,0,0.7590950131416321,7.922699928283691,255,6.583399772644043,5.7906999588012695,6043,7.5218000411987305,1.2167600393295288,0.4040699899196625
1992,5,18,6,0,0.7682480216026306,7.815800189971924,265,6.679900169372559,6.013299942016602,6953,7.5218000411987305,1.3178399801254272,0.3840300142765045
1992,5,18,9,0,0.7815899848937988,7.963099956512451,265,7.021599769592285,6.444499969482422,8446,7.5218000411987305,1.4432400465011597,0.34307000041007996
1992,5,18,12,0,0.7933880090713501,8.099300384521484,275,7.247600078582764,6.71120023727417,9610,7.5218000411987305,1.5287699699401855,0.31839001178741455
1992,5,18,15,0,0.79967200756073,8.176199913024902,275,7.3480000495910645,6.800300121307373,10089,8.274100303649902,1.5602999925613403,0.3063200116157532
1992,5,18,18,0,0.8073440194129944,8.190099716186523,275,7.316199779510498,6.649400234222412,10390,8.274100303649902,1.5837299823760986,0.2989499866962433
1992,5,18,21,0,0.8128830194473267,8.111300468444824,285,7.140600204467773,6.3643999099731445,10460,8.274100303649902,1.5984599590301514,0.30226999521255493
1992,5,19,0,0,0.8132020235061646,8.145500183105469,285,7.315999984741211,6.6844000816345215,9941,8.274100303649902,1.5555200576782227,0.29107001423835754
1992,5,19,3,0,0.8051459789276123,8.14680004119873,285,7.422299861907959,6.963200092315674,9060,8.274100303649902,1.4845499992370605,0.28922998905181885
1992,5,19,6,0,0.8016650080680847,8.13659954071045,285,7.432300090789795,7.009799957275391,8567,8.274100303649902,1.4442600011825562,0.2898299992084503
1992,5,19,9,0,0.8172580003738403,8.1673002243042,285,7.514999866485596,7.124100208282471,9199,8.274100303649902,1.494879961013794,0.27847999334335327
1992,5,19,12,0,0.825124979019165,8.174200057983398,285,7.552000045776367,7.184999942779541,9503,8.274100303649902,1.5193400382995605,0.2734299898147583
1992,5,19,15,0,0.8171929717063904,8.113800048828125,285,7.474599838256836,7.110199928283691,8812,8.274100303649902,1.4680099487304688,0.28275999426841736
1992,5,19,18,0,0.8009750247001648,8.03950023651123,275,7.342400074005127,6.9567999839782715,7660,8.274100303649902,1.3737599849700928,0.3022899925708771
1992,5,19,21,0,0.7954879999160767,7.724100112915039,275,6.563600063323975,5.695899963378906,7033,8.274100303649902,1.3434699773788452,0.3473399877548218
1992,5,20,0,0,0.8107529878616333,6.72730016708374,275,5.417200088500977,4.661300182342529,7794,8.274100303649902,1.5203700065612793,0.4217100143432617
1992,5,20,3,0,0.8536509871482849,6.6793999671936035,285,5.700399875640869,5.059299945831299,10941,7.5218000411987305,1.8138500452041626,0.3628399968147278
1992,5,20,6,0,0.8879430294036865,7.277200222015381,285,6.453499794006348,5.853099822998047,14410,7.5218000411987305,1.9948999881744385,0.3040499985218048
1992,5,20,9,0,0.9019799828529358,7.648200035095215,285,6.904300212860107,6.355800151824951,15701,8.274100303649902,2.029400110244751,0.28040000796318054
1992,5,20,12,0,0.9018440246582031,7.666800022125244,285,6.857500076293945,6.240799903869629,14236,8.274100303649902,1.9292500019073486,0.28731998801231384
1992,5,20,15,0,0.8965880274772644,7.536099910736084,285,6.649199962615967,5.984000205993652,12642,8.274100303649902,1.8333499431610107,0.30434998869895935
1992,5,20,18,0,0.8927929997444153,7.505300045013428,285,6.561500072479248,5.855999946594238,12023,8.274100303649902,1.7907400131225586,0.31446999311447144
1992,5,20,21,0,0.8908979892730713,7.175000190734863,285,6.08459997177124,5.338200092315674,12805,8.274100303649902,1.890910029411316,0.3482699990272522
1992,5,21,0,0,0.8876760005950928,7.071599960327148,285,6.0619001388549805,5.3703999519348145,13729,8.274100303649902,1.9731899499893188,0.3448300063610077
1992,5,21,3,0,0.8771190047264099,7.250199794769287,285,6.346700191497803,5.721199989318848,12322,8.274100303649902,1.844290018081665,0.33228999376296997
1992,5,21,6,0,0.8593869805335999,7.309500217437744,285,6.471199989318848,5.930500030517578,10332,7.5218000411987305,1.6792900562286377,0.33776000142097473
1992,5,21,9,0,0.8347390294075012,7.286399841308594,285,6.356900215148926,5.7677998542785645,8403,7.5218000411987305,1.5135899782180786,0.3633800148963928
1992,5,21,12,0,0.807433009147644,7.26800012588501,275,6.254199981689453,5.679900169372559,6751,7.5218000411987305,1.3536700010299683,0.39824000000953674
1992,5,21,15,0,0.7812460064888,7.344699859619141,275,6.18779993057251,5.582699775695801,5432,6.837800025939941,1.2024799585342407,0.4334299862384796
1992,5,21,18,0,0.7654399871826172,7.503499984741211,265,6.145400047302246,5.460299968719482,4443,6.837800025939941,1.070580005645752,0.46257999539375305
1992,5,21,21,0,0.7587329745292664,7.351799964904785,255,5.54610013961792,4.652900218963623,3840,14.659700393676758,1.0028300285339355,0.5083299875259399
1992,5,22,0,0,0.7574219703674316,7.0802001953125,255,5.097599983215332,4.242499828338623,3502,14.659700393676758,0.9743899703025818,0.5507500171661377
1992,5,22,3,0,0.7507410049438477,7.26170015335083,255,5.156300067901611,4.264100074768066,3146,14.659700393676758,0.9090999960899353,0.5530400276184082
1992,5,22,6,0,0.7556560039520264,7.628600120544434,245,5.419300079345703,4.458499908447266,2856,14.659700393676758,0.8422200083732605,0.5391700267791748
1992,5,22,9,0,0.7643010020256042,8.056900024414062,245,5.803899765014648,4.78410005569458,2646,13.326800346374512,0.7863799929618835,0.5197499990463257
1992,5,22,12,0,0.7734940052032471,8.505599975585938,245,6.197400093078613,5.115900039672852,2497,13.326800346374512,0.7412199974060059,0.5033100247383118
1992,5,22,15,0,0.7848039865493774,8.96780014038086,245,6.557600021362305,5.401599884033203,2381,13.326800346374512,0.7025099992752075,0.49059000611305237
1992,5,22,18,0,0.8037779927253723,9.45740032196045,235,6.9197998046875,5.665900230407715,2305,13.326800346374512,0.6706399917602539,0.47461000084877014
1992,5,22,21,0,0.8215010166168213,10.153300285339355,235,7.484000205993652,6.056300163269043,2431,13.326800346374512,0.6616700291633606,0.44220998883247375
1992,5,23,0,0,0.8480250239372253,10.794400215148926,245,8.104299545288086,6.3379998207092285,2911,13.326800346374512,0.7010999917984009,0.3871000111103058
1992,5,23,3,0,0.8906949758529663,10.453200340270996,245,7.497700214385986,5.53000020980835,4138,12.114999771118164,0.8551999926567078,0.36809998750686646
1992,5,23,6,0,0.920179009437561,10.075499534606934,245,7.57390022277832,5.759200096130371,6736,12.114999771118164,1.120229959487915,0.3412800133228302
1992,5,23,9,0,0.9306759834289551,9.939000129699707,245,8.084400177001953,6.536900043487549,9891,11.013500213623047,1.374019980430603,0.307559996843338
1992,5,23,12,0,0.9358189702033997,9.947400093078613,245,8.636699676513672,7.404099941253662,11745,11.013500213623047,1.5019199848175049,0.2705700099468231
1992,5,23,15,0,0.9411020278930664,9.894000053405762,235,8.964200019836426,8.057499885559082,11946,11.013500213623047,1.523569941520691,0.2437800019979477
1992,5,23,18,0,0.9448279738426208,9.77079963684082,235,9.053400039672852,8.431599617004395,11482,10.01200008392334,1.5064400434494019,0.23416000604629517
1992,5,23,21,0,0.9406520128250122,9.66569995880127,235,9.021100044250488,8.56149959564209,10991,10.01200008392334,1.4830900430679321,0.2377600073814392
1992,5,24,0,0,0.9357960224151611,9.574999809265137,235,8.922300338745117,8.504300117492676,10456,10.01200008392334,1.4537800550460815,0.247079998254776
1992,5,24,3,0,0.9353219866752625,9.461600303649902,235,8.775300025939941,8.33590030670166,9776,10.01200008392334,1.4152499437332153,0.2560800015926361
1992,5,24,6,0,0.9370740056037903,9.32229995727539,235,8.588800430297852,8.101200103759766,9023,10.01200008392334,1.3714200258255005,0.2647300064563751
1992,5,24,9,0,0.9374679923057556,9.151100158691406,235,8.31779956817627,7.718699932098389,8298,10.01200008392334,1.3289400339126587,0.27733999490737915
1992,5,24,12,0,0.9359509944915771,9.054100036621094,235,8.218400001525879,7.639400005340576,7575,10.01200008392334,1.2774200439453125,0.28301000595092773
1992,5,24,15,0,0.9338700175285339,8.986499786376953,235,8.162400245666504,7.624599933624268,6852,9.101699829101562,1.2198200225830078,0.28826001286506653
1992,5,24,18,0,0.9330220222473145,8.92590045928955,235,8.101900100708008,7.600200176239014,6182,9.101699829101562,1.1625699996948242,0.295960009098053
1992,5,24,21,0,0.934984028339386,8.878399848937988,235,8.04010009765625,7.559199810028076,5689,9.101699829101562,1.1180700063705444,0.3052099943161011
1992,5,25,0,0,0.9403190016746521,8.919400215148926,235,8.072099685668945,7.58489990234375,5790,9.101699829101562,1.1249300241470337,0.3063499927520752
1992,5,25,3,0,0.9478489756584167,9.020999908447266,235,7.866600036621094,6.807400226593018,7160,9.101699829101562,1.2431600093841553,0.30055001378059387
1992,5,25,6,0,0.955672025680542,9.20680046081543,235,8.03499984741211,7.045899868011475,9828,11.013500213623047,1.438920021057129,0.294950008392334
1992,5,25,9,0,0.9632620215415955,9.509400367736816,235,8.563300132751465,7.77400016784668,12484,11.013500213623047,1.5931700468063354,0.266510009765625
1992,5,25,12,0,0.9673320055007935,9.649299621582031,235,8.882100105285645,8.289799690246582,13899,11.013500213623047,1.668619990348816,0.24683000147342682
1992,5,25,15,0,0.9678459763526917,9.647299766540527,235,8.965900421142578,8.493000030517578,14050,11.013500213623047,1.6790900230407715,0.23980000615119934
1992,5,25,18,0,0.9664009809494019,9.600500106811523,235,8.931500434875488,8.48960018157959,13497,11.013500213623047,1.6507400274276733,0.2415899932384491
1992,5,25,21,0,0.9637219905853271,9.559700012207031,235,8.868000030517578,8.422800064086914,12956,10.01200008392334,1.6208699941635132,0.24834999442100525
1992,5,26,0,0,0.9590719938278198,9.456500053405762,235,8.723699569702148,8.254799842834473,13254,10.01200008392334,1.6490999460220337,0.25812000036239624
1992,5,26,3,0,0.9541339874267578,9.254599571228027,235,8.339599609375,7.5706000328063965,13779,10.01200008392334,1.7019000053405762,0.2724199891090393
1992,5,26,6,0,0.9402369856834412,8.417699813842773,235,6.893700122833252,5.823999881744385,14044,10.01200008392334,1.806480050086975,0.35275998711586
1992,5,26,9,0,0.9065170288085938,7.658699989318848,235,6.249800205230713,5.383399963378906,14979,10.01200008392334,1.9635900259017944,0.3871400058269501
1992,5,26,12,0,0.8758249878883362,7.42609977722168,245,6.179699897766113,5.3983001708984375,15671,10.01200008392334,2.044840097427368,0.37735000252723694
1992,5,26,15,0,0.8758289813995361,7.7307000160217285,245,6.566500186920166,5.810699939727783,13558,10.01200008392334,1.8619699478149414,0.35714998841285706
1992,5,26,18,0,0.8829200267791748,7.774700164794922,235,6.452899932861328,5.58489990234375,11640,10.01200008392334,1.7193100452423096,0.36750999093055725
1992,5,26,21,0,0.8899449706077576,7.728899955749512,235,6.337399959564209,5.435999870300293,10540,9.101699829101562,1.6410200595855713,0.37533000111579895
1992,5,27,0,0,0.8964319825172424,7.825699806213379,235,6.441100120544434,5.523499965667725,9706,9.101699829101562,1.5644700527191162,0.3690600097179413
1992,5,27,3,0,0.9011350274085999,8.109399795532227,235,6.872799873352051,6.014200210571289,8877,9.101699829101562,1.4680099487304688,0.34768998622894287
1992,5,27,6,0,0.9040489792823792,8.353599548339844,235,7.246099948883057,6.496200084686279,8235,9.101699829101562,1.3908699750900269,0.3377699851989746
1992,5,27,9,0,0.9038919806480408,8.53600025177002,235,7.464000225067139,6.770899772644043,7825,9.101699829101562,1.338819980621338,0.3423300087451935
1992,5,27,12,0,0.8997250199317932,8.671099662780762,235,7.6020002365112305,6.952400207519531,7689,9.101699829101562,1.3145400285720825,0.35183998942375183
1992,5,27,15,0,0.8931580185890198,8.776399612426758,245,7.700900077819824,7.083700180053711,7888,8.274100303649902,1.3214499950408936,0.3599100112915039
1992,5,27,18,0,0.8892059922218323,8.873800277709961,245,7.782700061798096,7.183700084686279,8254,8.274100303649902,1.3421900272369385,0.36664000153541565
1992,5,27,21,0,0.886210024356842,8.822799682617188,245,7.439499855041504,6.4781999588012695,8472,8.274100303649902,1.3625999689102173,0.38495999574661255
1992,5,28,0,0,0.8844299912452698,8.458800315856934,245,6.8668999671936035,5.927599906921387,8875,8.274100303649902,1.4239100217819214,0.42921000719070435
1992,5,28,3,0,0.8811740279197693,8.615400314331055,255,7.0817999839782715,6.231900215148926,9343,8.274100303649902,1.4442499876022339,0.4316999912261963
1992,5,28,6,0,0.8864169716835022,8.927900314331055,255,7.371399879455566,6.5295000076293945,9802,14.659700393676758,1.4477499723434448,0.4292699992656708
1992,5,28,9,0,0.8911700248718262,9.194499969482422,255,7.612299919128418,6.765900135040283,10097,14.659700393676758,1.4435299634933472,0.4251900017261505
1992,5,28,12,0,0.8952829837799072,9.392999649047852,255,7.806099891662598,6.958399772644043,10348,14.659700393676758,1.4431999921798706,0.4187000095844269
1992,5,28,15,0,0.8996790051460266,9.582599639892578,255,8.006699562072754,7.155099868774414,10760,13.326800346374512,1.4553300142288208,0.4091799855232239
1992,5,28,18,0,0.9050650000572205,9.788100242614746,255,8.237700462341309,7.3815999031066895,11468,13.326800346374512,1.4853700399398804,0.39691999554634094
1992,5,28,21,0,0.9107919931411743,9.99020004272461,255,8.45989990234375,7.5619001388549805,12518,13.326800346374512,1.5350699424743652,0.38238999247550964
1992,5,29,0,0,0.915132999420166,10.170900344848633,255,8.679800033569336,7.771599769592285,13736,13.326800346374512,1.5925899744033813,0.368010014295578
1992,5,29,3,0,0.917572021484375,10.313899993896484,255,8.879199981689453,8.008000373840332,14747,13.326800346374512,1.6376299858093262,0.35662001371383667
1992,5,29,6,0,0.9190840125083923,10.418899536132812,255,9.023099899291992,8.177200317382812,15367,12.114999771118164,1.6624699831008911,0.3490299880504608
1992,5,29,9,0,0.9205920100212097,10.484800338745117,255,9.040200233459473,8.06980037689209,15674,12.114999771118164,1.6732499599456787,0.3459100127220154
1992,5,29,12,0,0.9222790002822876,10.3927001953125,255,8.678299903869629,7.458799839019775,15943,12.114999771118164,1.6950199604034424,0.3616800010204315
1992,5,29,15,0,0.9242939949035645,10.203399658203125,255,8.42549991607666,7.298900127410889,16408,11.013500213623047,1.7364699840545654,0.3821200132369995
1992,5,29,18,0,0.926222026348114,10.186599731445312,255,8.40999984741211,7.299900054931641,16498,11.013500213623047,1.7429800033569336,0.3862900137901306
1992,5,29,21,0,0.9267259836196899,10.16670036315918,255,8.179300308227539,6.84089994430542,16245,11.013500213623047,1.7311500310897827,0.3914400041103363
1992,5,30,0,0,0.9235529899597168,9.737500190734863,255,7.370999813079834,5.944399833679199,16430,11.013500213623047,1.780769944190979,0.4272800087928772
1992,5,30,3,0,0.9177929759025574,9.553899765014648,255,7.201399803161621,5.842899799346924,16719,11.013500213623047,1.814579963684082,0.43764999508857727
1992,5,30,6,0,0.9148499965667725,9.765600204467773,255,7.596399784088135,6.2993998527526855,16563,11.013500213623047,1.7848199605941772,0.4206700026988983
1992,5,30,9,0,0.9143800139427185,10.059000015258789,255,8.015000343322754,6.754000186920166,16115,11.013500213623047,1.731909990310669,0.40408000349998474
1992,5,30,12,0,0.9142749905586243,10.318900108337402,255,8.326899528503418,7.076700210571289,15502,11.013500213623047,1.6742000579833984,0.3945600092411041
1992,5,30,15,0,0.9138860106468201,10.498100280761719,255,8.498700141906738,7.24459981918335,14777,17.73889923095703,1.6179399490356445,0.39291998744010925
1992,5,30,18,0,0.9129199981689453,10.626199722290039,255,8.546799659729004,7.196199893951416,13793,17.73889923095703,1.551609992980957,0.39309000968933105
1992,5,30,21,0,0.9134200215339661,10.565799713134766,245,8.079400062561035,6.447000026702881,12862,17.73889923095703,1.501039981842041,0.40935999155044556
1992,5,31,0,0,0.9037290215492249,9.366900444030762,245,6.41540002822876,5.063499927520752,12816,17.73889923095703,1.5954699516296387,0.5083000063896179
1992,5,31,3,0,0.8978549838066101,9.377300262451172,245,6.468200206756592,5.140900135040283,12139,17.73889923095703,1.5503300428390503,0.5110599994659424
1992,5,31,6,0,0.9060500264167786,10.149399757385254,245,7.276000022888184,5.776500225067139,10978,17.73889923095703,1.4110499620437622,0.4650599956512451
1992,5,31,9,0,0.9153199791908264,10.856300354003906,245,8.17870044708252,6.513299942016602,10269,16.125999450683594,1.3153200149536133,0.4149099886417389
1992,5,31,12,0,0.9187309741973877,11.10569953918457,245,8.906900405883789,7.353700160980225,10403,16.125999450683594,1.3096699714660645,0.3777799904346466
1992,5,31,15,0,0.9159700274467468,10.772899627685547,245,9.104499816894531,7.967899799346924,11667,16.125999450683594,1.4155999422073364,0.36149999499320984
1992,5,31,18,0,0.9145100116729736,10.422100067138672,245,9.053199768066406,8.228699684143066,13350,16.125999450683594,1.5466400384902954,0.3517700135707855
1992,5,31,21,0,0.9167670011520386,10.23169994354248,245,8.968299865722656,8.15999984741211,15237,16.125999450683594,1.672950029373169,0.3386099934577942
1992,6,1,0,0,0.9212440252304077,9.799400329589844,245,8.077099800109863,6.777699947357178,16934,16.125999450683594,1.8076000213623047,0.359279990196228
1992,6,1,3,0,0.9273250102996826,9.937800407409668,245,8.613800048828125,7.678899765014648,17054,16.125999450683594,1.8020999431610107,0.33531999588012695
1992,6,1,6,0,0.9310340285301208,9.96720027923584,245,8.790800094604492,8.052499771118164,16232,16.125999450683594,1.7556699514389038,0.32815998792648315
1992,6,1,9,0,0.931788980960846,9.82390022277832,245,8.677800178527832,8.023300170898438,15560,16.125999450683594,1.7330600023269653,0.3333199918270111
1992,6,1,12,0,0.9317439794540405,9.617500305175781,245,8.418600082397461,7.705100059509277,15043,9.101699829101562,1.7243900299072266,0.34272998571395874
1992,6,1,15,0,0.9290189743041992,9.108599662780762,245,7.439899921417236,6.333600044250488,14563,9.101699829101562,1.7460099458694458,0.3854300081729889
1992,6,1,18,0,0.9141129851341248,8.149700164794922,245,6.49429988861084,5.564899921417236,16029,9.101699829101562,1.946810007095337,0.4329499900341034
1992,6,1,21,0,0.8913530111312866,7.557799816131592,255,6.269100189208984,5.508399963378906,21660,7.5218000411987305,2.3704099655151367,0.40626999735832214
1992,6,2,0,0,0.8794800043106079,7.552999973297119,265,6.501299858093262,5.819300174713135,29032,8.274100303649902,2.7589099407196045,0.35651999711990356
1992,6,2,3,0,0.8741520047187805,7.708899974822998,265,6.664999961853027,5.955100059509277,29566,8.274100303649902,2.75711989402771,0.34084001183509827
1992,6,2,6,0,0.8695330023765564,7.788700103759766,265,6.759799957275391,6.072400093078613,24890,8.274100303649902,2.514050006866455,0.3410800099372864
1992,6,2,9,0,0.8637980222702026,7.708700180053711,265,6.557400226593018,5.8069000244140625,19548,8.274100303649902,2.236109972000122,0.3637700080871582
1992,6,2,12,0,0.8593850135803223,7.576099872589111,265,6.310200214385986,5.512599945068359,16072,8.274100303649902,2.043440103530884,0.3855699896812439
1992,6,2,15,0,0.8702600002288818,7.859600067138672,265,6.706099987030029,5.968599796295166,13591,8.274100303649902,1.8421299457550049,0.36748000979423523
1992,6,2,18,0,0.8727689981460571,8.115599632263184,265,7.001100063323975,6.291999816894531,11474,8.274100303649902,1.66225004196167,0.3601599931716919
1992,6,2,21,0,0.8657670021057129,7.74560022354126,265,6.222599983215332,5.280200004577637,10496,8.274100303649902,1.6276099681854248,0.40817001461982727
1992,6,3,0,0,0.8593199849128723,7.0355000495910645,265,5.6956000328063965,4.94290018081665,11986,8.274100303649902,1.8324700593948364,0.4314900040626526
1992,6,3,3,0,0.8564749956130981,7.333000183105469,265,6.132999897003174,5.38700008392334,12017,7.5218000411987305,1.7986199855804443,0.3913399875164032
1992,6,3,6,0,0.8541309833526611,7.516300201416016,275,6.438799858093262,5.755899906158447,11376,7.5218000411987305,1.728559970855713,0.3699299991130829
1992,6,3,9,0,0.8501260280609131,7.696400165557861,275,6.722499847412109,6.131199836730957,10103,7.5218000411987305,1.6084799766540527,0.3572700023651123
1992,6,3,12,0,0.8371300101280212,7.7733001708984375,265,6.752200126647949,6.155700206756592,8146,7.5218000411987305,1.434000015258789,0.3698900043964386
1992,6,3,15,0,0.8288019895553589,7.845300197601318,265,6.707399845123291,6.063399791717529,6505,7.5218000411987305,1.271780014038086,0.3911300003528595
1992,6,3,18,0,0.8229290246963501,7.930600166320801,265,6.6072998046875,5.831299781799316,5443,7.5218000411987305,1.1542099714279175,0.41008999943733215
1992,6,3,21,0,0.8200139999389648,7.4670000076293945,265,5.648799896240234,4.6921000480651855,4955,13.326800346374512,1.135159969329834,0.47308000922203064
1992,6,4,0,0,0.8213009834289551,6.46120023727417,265,4.877099990844727,4.170199871063232,5598,13.326800346374512,1.3034000396728516,0.5297899842262268
1992,6,4,3,0,0.8191949725151062,6.499199867248535,265,5.079100131988525,4.396900177001953,5967,13.326800346374512,1.343000054359436,0.5026699900627136
1992,6,4,6,0,0.8281329870223999,6.65500020980835,265,5.212800025939941,4.519599914550781,6124,13.326800346374512,1.3419300317764282,0.5023499727249146
1992,6,4,9,0,0.8500779867172241,6.88640022277832,265,5.337299823760986,4.611400127410889,7435,13.326800346374512,1.4476100206375122,0.5086100101470947
1992,6,4,12,0,0.8822870254516602,7.603700160980225,265,5.8053998947143555,4.930600166320801,9762,13.326800346374512,1.569390058517456,0.48412999510765076
1992,6,4,15,0,0.9116029739379883,8.435099601745605,265,6.666100025177002,5.658699989318848,11986,12.114999771118164,1.6487599611282349,0.4157100021839142
1992,6,4,18,0,0.9305329918861389,8.626700401306152,255,6.93310022354126,5.850100040435791,13038,11.013500213623047,1.7056599855422974,0.3794400095939636
1992,6,4,21,0,0.9354249835014343,8.160499572753906,255,6.497700214385986,5.480100154876709,13814,11.013500213623047,1.8137400150299072,0.39344000816345215
1992,6,5,0,0,0.9264820218086243,7.791100025177002,255,6.3429999351501465,5.465799808502197,15027,11.013500213623047,1.943410038948059,0.3933599889278412
1992,6,5,3,0,0.9241660237312317,8.044300079345703,265,6.883999824523926,6.128900051116943,16079,11.013500213623047,1.9804099798202515,0.35315999388694763
1992,6,5,6,0,0.9258000254631042,8.372300148010254,265,7.382900238037109,6.7642998695373535,17756,8.274100303649902,2.0376598834991455,0.32822999358177185
1992,6,5,9,0,0.9297360181808472,8.747699737548828,265,7.782299995422363,7.190400123596191,19791,8.274100303649902,2.097870111465454,0.3159399926662445
1992,6,5,12,0,0.9354879856109619,9.104900360107422,265,8.12279987335205,7.509699821472168,20796,12.114999771118164,2.1005799770355225,0.3051399886608124
1992,6,5,15,0,0.9403070211410522,9.296099662780762,265,8.331299781799316,7.708700180053711,20682,12.114999771118164,2.0709900856018066,0.29205000400543213
1992,6,5,18,0,0.9426550269126892,9.264599800109863,265,8.336099624633789,7.703199863433838,19638,11.013500213623047,2.0249500274658203,0.28172001242637634
1992,6,5,21,0,0.9417009949684143,8.92770004272461,265,7.759200096130371,6.812399864196777,17748,11.013500213623047,1.9678200483322144,0.2966200113296509
1992,6,6,0,0,0.9345890283584595,8.160300254821777,265,6.787899971008301,5.826499938964844,16922,11.013500213623047,2.019439935684204,0.3431200087070465
1992,6,6,3,0,0.9278630018234253,7.9791998863220215,275,6.836900234222412,6.0177998542785645,16212,10.01200008392334,2.005419969558716,0.3260599970817566
1992,6,6,6,0,0.9282820224761963,8.104499816894531,275,7.251299858093262,6.658199787139893,15261,10.01200008392334,1.9336299896240234,0.29346001148223877
1992,6,6,9,0,0.9270269870758057,8.165300369262695,275,7.371099948883057,6.813499927520752,13784,10.01200008392334,1.8316700458526611,0.28547000885009766
1992,6,6,12,0,0.9245039820671082,7.95959997177124,275,7.069200038909912,6.433499813079834,12331,9.101699829101562,1.7553399801254272,0.3059599995613098
1992,6,6,15,0,0.9240779876708984,7.858699798583984,275,7.024600028991699,6.475200176239014,11445,9.101699829101562,1.7022600173950195,0.3109700083732605
1992,6,6,18,0,0.9221910238265991,7.877399921417236,275,6.985899925231934,6.381800174713135,9820,9.101699829101562,1.573390007019043,0.32078999280929565
1992,6,6,21,0,0.9178069829940796,7.612500190734863,275,6.333899974822998,5.458700180053711,8421,9.101699829101562,1.4810400009155273,0.36653000116348267
1992,6,7,0,0,0.9121760129928589,7.411099910736084,275,6.019000053405762,5.1529998779296875,7539,9.101699829101562,1.4189399480819702,0.39607998728752136
1992,6,7,3,0,0.9096699953079224,7.623499870300293,275,6.303400039672852,5.475800037384033,6807,8.274100303649902,1.3267899751663208,0.3861199915409088
1992,6,7,6,0,0.9095479846000671,7.89769983291626,275,6.571400165557861,5.719900131225586,6318,8.274100303649902,1.2534899711608887,0.37501001358032227
1992,6,7,9,0,0.9100790023803711,8.104000091552734,275,6.688600063323975,5.747200012207031,6086,8.274100303649902,1.2127100229263306,0.3696500062942505
1992,6,7,12,0,0.9099680185317993,8.272199630737305,275,6.850100040435791,5.889599800109863,5862,11.013500213623047,1.1770299673080444,0.3625600039958954
1992,6,7,15,0,0.908653974533081,8.438899993896484,275,7.0503997802734375,6.08519983291626,5464,11.013500213623047,1.1244299411773682,0.3526400029659271
1992,6,7,18,0,0.9070360064506531,8.518600463867188,275,6.993299961090088,5.855400085449219,4995,11.013500213623047,1.0700099468231201,0.3512499928474426
1992,6,7,21,0,0.906020998954773,8.406299591064453,275,6.619999885559082,5.383200168609619,4678,11.013500213623047,1.0425000190734863,0.37213999032974243
1992,6,8,0,0,0.90904301404953,8.61970043182373,275,6.980999946594238,5.769100189208984,4617,11.013500213623047,1.0222100019454956,0.3535900115966797
1992,6,8,3,0,0.9177160263061523,8.834099769592285,265,7.417200088500977,6.258999824523926,5149,10.01200008392334,1.0665299892425537,0.32398998737335205
1992,6,8,6,0,0.933010995388031,8.968700408935547,265,7.801599979400635,6.826000213623047,6566,10.01200008392334,1.1956100463867188,0.2985300123691559
1992,6,8,9,0,0.9434279799461365,9.042799949645996,265,8.020000457763672,7.1722002029418945,8748,10.01200008392334,1.3747600317001343,0.281360000371933
1992,6,8,12,0,0.9469559788703918,9.11050033569336,265,8.184700012207031,7.451399803161621,11293,10.01200008392334,1.5558199882507324,0.27066999673843384
1992,6,8,15,0,0.9451559782028198,9.23900032043457,265,8.405500411987305,7.772900104522705,13724,10.01200008392334,1.701889991760254,0.2587699890136719
1992,6,8,18,0,0.9434869885444641,9.357000350952148,275,8.613800048828125,8.070699691772461,15451,10.01200008392334,1.7938599586486816,0.24544000625610352
1992,6,8,21,0,0.9430239796638489,9.290300369262695,275,8.399200439453125,7.5441999435424805,15975,10.01200008392334,1.8328299522399902,0.24609999358654022
1992,6,9,0,0,0.9407560229301453,9.131199836730957,275,8.178600311279297,7.293900012969971,15299,10.01200008392334,1.8123899698257446,0.25426000356674194
1992,6,9,3,0,0.9377319812774658,9.109399795532227,275,8.411199569702148,7.866099834442139,13853,10.01200008392334,1.7294199466705322,0.2399200052022934
1992,6,9,6,0,0.9338639974594116,8.988499641418457,275,8.359600067138672,7.923500061035156,12301,10.01200008392334,1.6432499885559082,0.23962999880313873
1992,6,9,9,0,0.9289870262145996,8.839400291442871,275,8.220800399780273,7.817999839782715,10645,10.01200008392334,1.5433599948883057,0.24616999924182892
1992,6,9,12,0,0.9227439761161804,8.670599937438965,275,8.035499572753906,7.638400077819824,8927,9.101699829101562,1.4281100034713745,0.2576200067996979
1992,6,9,15,0,0.9159560203552246,8.515700340270996,275,7.828400135040283,7.379199981689453,7426,9.101699829101562,1.3146899938583374,0.27254998683929443
1992,6,9,18,0,0.8712469935417175,7.327600002288818,265,5.789899826049805,4.821300029754639,6933,9.101699829101562,1.373110055923462,0.3924899995326996
1992,6,9,21,0,0.7994589805603027,6.621600151062012,245,5.453000068664551,4.749499797821045,8523,9.101699829101562,1.6062400341033936,0.39866000413894653
1992,6,10,0,0,0.781020998954773,6.60099983215332,235,5.511099815368652,4.831399917602539,9234,8.274100303649902,1.6753599643707275,0.3853299915790558
1992,6,10,3,0,0.786562979221344,6.767399787902832,235,5.66349983215332,4.966000080108643,9175,8.274100303649902,1.6471600532531738,0.38245999813079834
1992,6,10,6,0,0.818244993686676,7.37060022354126,235,6.195099830627441,5.436100006103516,10209,8.274100303649902,1.6566599607467651,0.3723999857902527
1992,6,10,9,0,0.8512359857559204,8.003100395202637,235,6.7083001136779785,5.822299957275391,13181,11.013500213623047,1.798509955406189,0.35429999232292175
1992,6,10,12,0,0.8668980002403259,8.259400367736816,245,6.981800079345703,6.065499782562256,15348,10.01200008392334,1.909440040588379,0.33601999282836914
1992,6,10,15,0,0.8684239983558655,8.176199913024902,245,6.963500022888184,6.081200122833252,14386,10.01200008392334,1.861739993095398,0.3298499882221222
1992,6,10,18,0,0.8648800253868103,7.906499862670898,235,6.740200042724609,5.913099765777588,11792,10.01200008392334,1.7177499532699585,0.33893999457359314
1992,6,10,21,0,0.8626160025596619,7.7621002197265625,235,6.682799816131592,5.9492998123168945,9605,9.101699829101562,1.5654100179672241,0.3467499911785126
1992,6,11,0,0,0.8611130118370056,7.726900100708008,235,6.699900150299072,6.045300006866455,8148,9.101699829101562,1.4441699981689453,0.3546999990940094
1992,6,11,3,0,0.8605819940567017,7.731100082397461,245,6.7382001876831055,6.1392998695373535,7280,9.101699829101562,1.3639299869537354,0.35833999514579773
1992,6,11,6,0,0.8632090091705322,7.793700218200684,245,6.824999809265137,6.248600006103516,6788,9.101699829101562,1.3114299774169922,0.35374000668525696
1992,6,11,9,0,0.8656839728355408,7.898099899291992,245,6.963200092315674,6.403200149536133,6500,9.101699829101562,1.274999976158142,0.3423599898815155
1992,6,11,12,0,0.8746209740638733,7.9984002113342285,255,7.101500034332275,6.559999942779541,6289,8.274100303649902,1.2464699745178223,0.3308199942111969
1992,6,11,15,0,0.8794829845428467,8.074700355529785,255,7.201600074768066,6.677199840545654,6008,8.274100303649902,1.2122600078582764,0.32548999786376953
1992,6,11,18,0,0.8790050148963928,8.13479995727539,255,7.265699863433838,6.7555999755859375,5666,8.274100303649902,1.1719900369644165,0.32721999287605286
1992,6,11,21,0,0.8760309815406799,8.188300132751465,255,7.3018999099731445,6.794400215148926,5359,8.274100303649902,1.134719967842102,0.3339200019836426
1992,6,12,0,0,0.8721590042114258,8.215399742126465,265,7.226799964904785,6.594399929046631,5074,8.274100303649902,1.1007499694824219,0.34567999839782715
1992,6,12,3,0,0.8672410249710083,8.265600204467773,255,7.217199802398682,6.563199996948242,4775,8.274100303649902,1.062849998474121,0.357450008392334
1992,6,12,6,0,0.8623620271682739,8.279199600219727,255,7.131199836730957,6.421199798583984,4510,8.274100303649902,1.0306700468063354,0.37119001150131226
1992,6,12,9,0,0.8537970185279846,8.019800186157227,255,6.599899768829346,5.717100143432617,4413,8.274100303649902,1.0358799695968628,0.4041599929332733
1992,6,12,12,0,0.8331559896469116,7.631700038909912,255,6.01639986038208,5.081600189208984,4501,8.274100303649902,1.0736500024795532,0.4398699998855591
1992,6,12,15,0,0.8105900287628174,7.52239990234375,255,5.967899799346924,5.098199844360352,4571,8.274100303649902,1.090109944343567,0.4472399950027466
1992,6,12,18,0,0.798380970954895,7.488800048828125,255,5.87060022354126,4.984099864959717,4651,8.274100303649902,1.1012599468231201,0.4574500024318695
1992,6,12,21,0,0.8001710176467896,7.6890997886657715,255,5.979400157928467,5.044400215148926,4719,8.274100303649902,1.0916399955749512,0.4613899886608124
1992,6,13,0,0,0.8075370192527771,8.069000244140625,255,6.39109992980957,5.454100131988525,4707,8.274100303649902,1.0607000589370728,0.44870999455451965
1992,6,13,3,0,0.8173750042915344,8.527400016784668,265,6.916800022125244,6.029900074005127,4858,14.659700393676758,1.0435999631881714,0.43174999952316284
1992,6,13,6,0,0.831745982170105,9.046699523925781,265,7.381899833679199,6.480299949645996,5334,14.659700393676758,1.0551600456237793,0.4201900064945221
1992,6,13,9,0,0.8398990035057068,9.394000053405762,265,7.6753997802734375,6.7444000244140625,5681,13.326800346374512,1.0641800165176392,0.41179999709129333
1992,6,13,12,0,0.8429480195045471,9.527299880981445,265,7.822400093078613,6.888999938964844,5773,13.326800346374512,1.0643399953842163,0.40237000584602356
1992,6,13,15,0,0.8475090265274048,9.714699745178223,265,8.05109977722168,7.106800079345703,6230,13.326800346374512,1.0943000316619873,0.38367998600006104
1992,6,13,18,0,0.8545190095901489,9.829000473022461,275,7.927999973297119,6.621099948883057,7130,13.326800346374512,1.1629199981689453,0.373879998922348
1992,6,13,21,0,0.8642169833183289,8.660099983215332,275,6.371099948883057,5.2154998779296875,8398,12.114999771118164,1.3510099649429321,0.4640600085258484
1992,6,14,0,0,0.8742340207099915,7.906499862670898,275,6.037199974060059,5.124300003051758,9975,12.114999771118164,1.5526700019836426,0.47777000069618225
1992,6,14,3,0,0.8823950290679932,7.820700168609619,275,6.145400047302246,5.2835001945495605,11083,12.114999771118164,1.6511900424957275,0.45756998658180237
1992,6,14,6,0,0.8910279870033264,8.014900207519531,275,6.503699779510498,5.694699764251709,12387,12.114999771118164,1.725469946861267,0.4293600022792816
1992,6,14,9,0,0.8981429934501648,8.373600006103516,275,6.968999862670898,6.202499866485596,12959,12.114999771118164,1.7246700525283813,0.40108001232147217
1992,6,14,12,0,0.9005129933357239,8.677599906921387,275,7.28410005569458,6.497700214385986,12521,11.013500213623047,1.6626800298690796,0.38367998600006104
1992,6,14,15,0,0.8996359705924988,8.845999717712402,275,7.487100124359131,6.700900077819824,11936,11.013500213623047,1.6071300506591797,0.3707599937915802
1992,6,14,18,0,0.8984180092811584,8.901000022888184,275,7.599699974060059,6.840700149536133,11491,11.013500213623047,1.5730400085449219,0.36164000630378723
1992,6,14,21,0,0.8974030017852783,8.930999755859375,275,7.667399883270264,6.929599761962891,11066,11.013500213623047,1.5420900583267212,0.356440007686615
1992,6,15,0,0,0.8977670073509216,8.910900115966797,275,7.491199970245361,6.527699947357178,10766,12.114999771118164,1.5234500169754028,0.35954999923706055
1992,6,15,3,0,0.9003580212593079,8.94849967956543,275,7.43779993057251,6.393499851226807,10769,12.114999771118164,1.5196199417114258,0.36173000931739807
1992,6,15,6,0,0.9046750068664551,9.09119987487793,275,7.597400188446045,6.560200214385986,11069,12.114999771118164,1.526520013809204,0.354310005903244
1992,6,15,9,0,0.9093149900436401,9.260499954223633,275,7.8256001472473145,6.8277997970581055,11434,12.114999771118164,1.5354900360107422,0.34191998839378357
1992,6,15,12,0,0.9132729768753052,9.383600234985352,275,7.99370002746582,7.0279998779296875,11688,12.114999771118164,1.5414899587631226,0.3310999870300293
1992,6,15,15,0,0.9167670011520386,9.493000030517578,275,8.145700454711914,7.184500217437744,11807,11.013500213623047,1.5404900312423706,0.3188599944114685
1992,6,15,18,0,0.9205800294876099,9.201899528503418,275,7.362199783325195,6.036399841308594,12118,11.013500213623047,1.5872199535369873,0.34769999980926514
1992,6,15,21,0,0.9216210246086121,8.5826997756958,275,6.583499908447266,5.393700122833252,12911,11.013500213623047,1.7006299495697021,0.397460013628006
1992,6,16,0,0,0.9210839867591858,8.265399932861328,275,6.3454999923706055,5.256800174713135,13315,11.013500213623047,1.7635200023651123,0.41234999895095825
1992,6,16,3,0,0.9220640063285828,8.27400016784668,275,6.630799770355225,5.627699851989746,13399,11.013500213623047,1.771720051765442,0.38798001408576965
1992,6,16,6,0,0.9249939918518066,8.203100204467773,275,6.769999980926514,5.850800037384033,13849,11.013500213623047,1.814020037651062,0.3683600127696991
1992,6,16,9,0,0.9246460199356079,8.085399627685547,275,6.742400169372559,5.860300064086914,14201,11.013500213623047,1.8546299934387207,0.36010000109672546
1992,6,16,12,0,0.9230149984359741,7.894700050354004,275,6.603400230407715,5.760499954223633,14152,11.013500213623047,1.8775800466537476,0.36079999804496765
1992,6,16,15,0,0.9218059778213501,8.01509952545166,275,6.867300033569336,6.104599952697754,12708,11.013500213623047,1.7666499614715576,0.34193000197410583
1992,6,16,18,0,0.9198039770126343,7.925099849700928,275,6.692299842834473,5.8516998291015625,11043,10.01200008392334,1.657520055770874,0.34793999791145325
1992,6,16,21,0,0.9201809763908386,7.797599792480469,275,6.68720006942749,5.906000137329102,11178,10.01200008392334,1.6856000423431396,0.33309999108314514
1992,6,17,0,0,0.9212790131568909,7.670400142669678,275,6.603700160980225,5.831999778747559,11872,10.01200008392334,1.7556099891662598,0.3232699930667877
1992,6,17,3,0,0.9227039813995361,7.627200126647949,275,6.672900199890137,5.9720001220703125,12656,10.01200008392334,1.820539951324463,0.30785998702049255
1992,6,17,6,0,0.927374005317688,7.844699859619141,275,7.090199947357178,6.541800022125244,14219,8.274100303649902,1.9039000272750854,0.27458998560905457
1992,6,17,9,0,0.9292150139808655,7.995299816131592,275,7.272900104522705,6.726799964904785,14358,8.274100303649902,1.894700050354004,0.26252999901771545
1992,6,17,12,0,0.9282510280609131,7.993899822235107,275,7.287399768829346,6.779099941253662,13249,8.274100303649902,1.8196300268173218,0.2646600008010864
1992,6,17,15,0,0.9270849823951721,8.014800071716309,275,7.32480001449585,6.854400157928467,11971,8.274100303649902,1.7263400554656982,0.2668600082397461
1992,6,17,18,0,0.9246479868888855,8.043899536132812,275,7.302800178527832,6.771500110626221,10552,9.101699829101562,1.6164400577545166,0.27414000034332275
1992,6,17,21,0,0.9224339723587036,7.930600166320801,275,6.872600078582764,6.024400234222412,9603,9.101699829101562,1.5518800020217896,0.30425000190734863
1992,6,18,0,0,0.9191219806671143,7.37060022354126,275,6.000699996948242,5.116099834442139,9905,9.101699829101562,1.6354999542236328,0.3702999949455261
1992,6,18,3,0,0.9182479977607727,7.432199954986572,275,6.192999839782715,5.365699768066406,10343,9.101699829101562,1.6636799573898315,0.35774001479148865
1992,6,18,6,0,0.9233440160751343,7.703800201416016,275,6.686699867248535,5.966100215911865,10867,9.101699829101562,1.674839973449707,0.322050005197525
1992,6,18,9,0,0.9285249710083008,7.863100051879883,285,7.00439977645874,6.379499912261963,11565,8.274100303649902,1.7114200592041016,0.293969988822937
1992,6,18,12,0,0.9327080249786377,7.926799774169922,285,7.18149995803833,6.6691999435424805,11355,8.274100303649902,1.689869999885559,0.27880001068115234
1992,6,18,15,0,0.9332919716835022,7.893400192260742,285,7.166100025177002,6.680699825286865,10015,8.274100303649902,1.5906599760055542,0.2788200080394745
1992,6,18,18,0,0.9304770231246948,7.8028998374938965,285,6.993899822235107,6.415200233459473,8487,8.274100303649902,1.4726999998092651,0.29071998596191406
1992,6,18,21,0,0.9245740175247192,7.304800033569336,275,5.985400199890137,5.103099822998047,7452,10.01200008392334,1.4262100458145142,0.3628700077533722
1992,6,19,0,0,0.9174849987030029,6.829800128936768,275,5.527200222015381,4.769899845123291,8588,10.01200008392334,1.5837600231170654,0.40397000312805176
1992,6,19,3,0,0.9207059741020203,7.357800006866455,275,6.183800220489502,5.420100212097168,9598,10.01200008392334,1.611009955406189,0.35971999168395996
1992,6,19,6,0,0.9257490038871765,7.638899803161621,275,6.610400199890137,5.905200004577637,10273,10.01200008392334,1.6359000205993652,0.3285300135612488
1992,6,19,9,0,0.9290879964828491,7.745200157165527,275,6.799099922180176,6.140699863433838,10559,10.01200008392334,1.6469500064849854,0.3151000142097473
1992,6,19,12,0,0.9346349835395813,7.893199920654297,275,6.942399978637695,6.30620002746582,11084,9.101699829101562,1.6676900386810303,0.3182699978351593
1992,6,19,15,0,0.9426180124282837,8.320699691772461,275,7.27869987487793,6.588200092315674,11733,10.01200008392334,1.6632800102233887,0.3193100094795227
1992,6,19,18,0,0.9486899971961975,8.780799865722656,275,7.552999973297119,6.60699987411499,12588,11.013500213623047,1.6712599992752075,0.307779997587204
1992,6,19,21,0,0.9487730264663696,8.9306001663208,275,7.462299823760986,6.277500152587891,13028,11.013500213623047,1.684499979019165,0.30764999985694885
1992,6,20,0,0,0.9445750117301941,8.93690013885498,275,7.40880012512207,6.175899982452393,12724,11.013500213623047,1.6649199724197388,0.3073599934577942
1992,6,20,3,0,0.9398000240325928,9.202799797058105,265,8.04069995880127,7.0121002197265625,11858,11.013500213623047,1.5839200019836426,0.2716299891471863
1992,6,20,6,0,0.9385719895362854,9.320199966430664,265,8.444999694824219,7.659999847412109,11523,11.013500213623047,1.5530200004577637,0.2455199956893921
1992,6,20,9,0,0.9381719827651978,9.244199752807617,265,8.563699722290039,8.020899772644043,11951,10.01200008392334,1.5912599563598633,0.23240000009536743
1992,6,20,12,0,0.9391189813613892,9.040800094604492,265,8.414199829101562,7.983799934387207,12155,10.01200008392334,1.6262999773025513,0.23488999903202057
1992,6,20,15,0,0.9396229982376099,8.875300407409668,265,8.244500160217285,7.827199935913086,11651,10.01200008392334,1.609660029411316,0.23898999392986298
1992,6,20,18,0,0.938713014125824,8.76360034942627,265,8.12969970703125,7.706600189208984,10800,10.01200008392334,1.5615299940109253,0.23986999690532684
1992,6,20,21,0,0.9361140131950378,8.67389965057373,265,8.02299976348877,7.562399864196777,9943,10.01200008392334,1.5074900388717651,0.2407499998807907
1992,6,21,0,0,0.9310879707336426,8.209400177001953,265,6.947700023651123,5.89139986038208,9357,10.01200008392334,1.505810022354126,0.29354000091552734
1992,6,21,3,0,0.9175660014152527,7.442299842834473,265,5.967899799346924,5.014100074768066,9432,9.101699829101562,1.5911200046539307,0.3626900017261505
1992,6,21,6,0,0.9075260162353516,7.252200126647949,265,6.023399829864502,5.229499816894531,9527,9.101699829101562,1.6208399534225464,0.3576500117778778
1992,6,21,9,0,0.9105179905891418,7.44920015335083,265,6.4054999351501465,5.699699878692627,9022,9.101699829101562,1.5554200410842896,0.33278998732566833
1992,6,21,12,0,0.9167349934577942,7.7104997634887695,265,6.696899890899658,6.000899791717529,8379,9.101699829101562,1.470870018005371,0.32425999641418457
1992,6,21,15,0,0.9255840182304382,8.192399978637695,265,7.076900005340576,6.264800071716309,9268,9.101699829101562,1.4943499565124512,0.3194499909877777
1992,6,21,18,0,0.9383909702301025,8.865599632263184,275,7.571000099182129,6.514200210571289,13715,10.01200008392334,1.7364599704742432,0.3040499985218048
1992,6,21,21,0,0.9481099843978882,8.731599807739258,275,7.1596999168396,6.0278000831604,20152,11.013500213623047,2.1166799068450928,0.33715999126434326
1992,6,22,0,0,0.9468160271644592,8.46150016784668,275,6.982600212097168,5.967100143432617,24092,11.013500213623047,2.355149984359741,0.34606999158859253
1992,6,22,3,0,0.9430069923400879,8.334699630737305,275,7.0177998542785645,6.089799880981445,24496,11.013500213623047,2.399060010910034,0.33351999521255493
1992,6,22,6,0,0.9418860077857971,8.462800025939941,275,7.399700164794922,6.622200012207031,22768,11.013500213623047,2.2992300987243652,0.30169999599456787
1992,6,22,9,0,0.9432259798049927,8.621500015258789,275,7.738100051879883,7.106200218200684,20189,10.01200008392334,2.146620035171509,0.27744001150131226
1992,6,22,12,0,0.9433599710464478,8.725299835205078,275,7.91949987411499,7.352499961853027,17618,10.01200008392334,1.9941200017929077,0.2646600008010864
1992,6,22,15,0,0.9420549869537354,8.764300346374512,275,7.991799831390381,7.447199821472168,15471,10.01200008392334,1.8653700351715088,0.2584899961948395
1992,6,22,18,0,0.9392859935760498,8.698399543762207,275,7.821499824523926,7.09689998626709,13549,10.01200008392334,1.7537000179290771,0.2626799941062927
1992,6,22,21,0,0.9360780119895935,8.168100357055664,275,6.950699806213379,5.998300075531006,12663,10.01200008392334,1.7537800073623657,0.3078500032424927
1992,6,23,0,0,0.9289140105247498,7.39769983291626,275,6.1356000900268555,5.2972002029418945,13420,10.01200008392334,1.9035600423812866,0.35225000977516174
1992,6,23,3,0,0.9209060072898865,7.220600128173828,275,6.139200210571289,5.3958001136779785,14446,10.01200008392334,2.0030601024627686,0.3355099856853485
1992,6,23,6,0,0.9248340129852295,7.493599891662598,275,6.543399810791016,5.842199802398682,14951,9.101699829101562,2.0002899169921875,0.30456000566482544
1992,6,23,9,0,0.9309890270233154,7.73769998550415,275,6.86359977722168,6.194200038909912,15893,9.101699829101562,2.0285799503326416,0.28523001074790955
1992,6,23,12,0,0.9345449805259705,7.853000164031982,275,6.957300186157227,6.25439977645874,14965,9.101699829101562,1.9527599811553955,0.28352001309394836
1992,6,23,15,0,0.937237024307251,7.914000034332275,275,7.106200218200684,6.499800205230713,13048,9.101699829101562,1.8157199621200562,0.2787899971008301
1992,6,23,18,0,0.9353049993515015,7.807700157165527,275,6.8317999839782715,6.070799827575684,11691,9.101699829101562,1.7302099466323853,0.301580011844635
1992,6,23,21,0,0.9277589917182922,7.35290002822876,275,6.1975998878479,5.4019999504089355,12105,9.101699829101562,1.8153799772262573,0.35054001212120056
1992,6,24,0,0,0.9173669815063477,7.1834001541137695,275,6.1072998046875,5.378600120544434,13859,9.101699829101562,1.9663300514221191,0.35471001267433167
1992,6,24,3,0,0.9154350161552429,7.365200042724609,275,6.415900230407715,5.733799934387207,15627,8.274100303649902,2.0628199577331543,0.3250499963760376
1992,6,24,6,0,0.9233909845352173,7.648399829864502,275,6.887700080871582,6.326499938964844,16199,8.274100303649902,2.061609983444214,0.28363001346588135
1992,6,24,9,0,0.930508017539978,7.757699966430664,275,7.0854997634887695,6.597899913787842,14967,8.274100303649902,1.9680900573730469,0.2650600075721741
1992,6,24,12,0,0.9339690208435059,7.729599952697754,275,7.052299976348877,6.5493998527526855,12946,8.274100303649902,1.8339799642562866,0.26444000005722046
1992,6,24,15,0,0.9350749850273132,7.675300121307373,275,7.028600215911865,6.5792999267578125,11329,8.274100303649902,1.721709966659546,0.26649001240730286
1992,6,24,18,0,0.9326459765434265,7.594299793243408,275,6.891900062561035,6.372399806976318,9849,8.274100303649902,1.6136599779129028,0.2764500081539154
1992,6,24,21,0,0.9274790287017822,7.04580020904541,275,6.0447998046875,5.32450008392334,9174,8.274100303649902,1.6185499429702759,0.3298799991607666
1992,6,25,0,0,0.926190972328186,6.886899948120117,275,5.942500114440918,5.272600173950195,9726,8.274100303649902,1.6867300271987915,0.3304100036621094
1992,6,25,3,0,0.9280250072479248,7.136499881744385,275,6.356900215148926,5.792500019073486,10067,8.274100303649902,1.6849000453948975,0.30289000272750854
1992,6,25,6,0,0.9296929836273193,7.420100212097168,275,6.7743000984191895,6.336599826812744,10414,8.274100303649902,1.679550051689148,0.28073999285697937
1992,6,25,9,0,0.9293569922447205,7.550099849700928,285,6.927299976348877,6.520899772644043,10070,8.274100303649902,1.636139988899231,0.2779799997806549
1992,6,25,12,0,0.9232850074768066,7.565899848937988,285,6.921599864959717,6.513000011444092,8843,8.274100303649902,1.530210018157959,0.2881399989128113
1992,6,25,15,0,0.9120429754257202,7.531899929046631,285,6.831600189208984,6.393099784851074,7348,8.274100303649902,1.3963299989700317,0.30713000893592834
1992,6,25,18,0,0.8897929787635803,7.214200019836426,285,6.086299896240234,5.290999889373779,6281,7.5218000411987305,1.31836998462677,0.36142998933792114
1992,6,25,21,0,0.8224329948425293,6.471099853515625,275,5.222799777984619,4.52869987487793,6001,7.5218000411987305,1.3612699508666992,0.4356200098991394
1992,6,26,0,0,0.7774189710617065,6.5655999183654785,265,5.40939998626709,4.7804999351501465,5279,7.5218000411987305,1.2643699645996094,0.43810999393463135
1992,6,26,3,0,0.7447350025177002,6.3927001953125,255,5.145199775695801,4.507900238037109,4823,7.5218000411987305,1.223580002784729,0.4691300094127655
1992,6,26,6,0,0.7425190210342407,6.556000232696533,255,5.34499979019165,4.72730016708374,4523,8.274100303649902,1.1678199768066406,0.46345001459121704
1992,6,26,9,0,0.7386569976806641,6.706900119781494,255,5.442200183868408,4.7947998046875,4354,8.274100303649902,1.131119966506958,0.4637199938297272
1992,6,26,12,0,0.7404389977455139,6.8927001953125,255,5.60099983215332,4.946300029754639,4240,8.274100303649902,1.0990999937057495,0.4615899920463562
1992,6,26,15,0,0.7407910227775574,7.049099922180176,255,5.7245001792907715,5.06689977645874,4092,7.5218000411987305,1.0658700466156006,0.46292001008987427
1992,6,26,18,0,0.7406839728355408,7.1427998542785645,255,5.7743000984191895,5.100100040435791,3949,7.5218000411987305,1.0387799739837646,0.46744999289512634
1992,6,26,21,0,0.7367990016937256,7.163000106811523,255,5.706099987030029,4.971799850463867,3863,7.5218000411987305,1.0250999927520752,0.47578999400138855
1992,6,27,0,0,0.7349590063095093,7.112599849700928,245,5.556000232696533,4.788300037384033,3837,7.5218000411987305,1.0243099927902222,0.4907200038433075
1992,6,27,3,0,0.7323300242424011,7.264200210571289,245,5.776800155639648,5.058000087738037,3856,7.5218000411987305,1.0146499872207642,0.4817599952220917
1992,6,27,6,0,0.7256280183792114,7.464700222015381,245,5.983399868011475,5.257500171661377,3818,12.114999771118164,0.995140016078949,0.46865999698638916
1992,6,27,9,0,0.7231860160827637,7.636499881744385,245,6.14739990234375,5.405099868774414,3669,12.114999771118164,0.9635199904441833,0.4586699903011322
1992,6,27,12,0,0.7267950177192688,7.775899887084961,245,6.260700225830078,5.501800060272217,3460,12.114999771118164,0.9262400269508362,0.45434999465942383
1992,6,27,15,0,0.7318969964981079,7.917099952697754,245,6.3694000244140625,5.588699817657471,3282,12.114999771118164,0.8932300209999084,0.4493100047111511
1992,6,27,18,0,0.7334470152854919,8.060099601745605,255,6.495699882507324,5.691299915313721,3164,12.114999771118164,0.8687800168991089,0.44001999497413635
1992,6,27,21,0,0.7376059889793396,8.118000030517578,255,6.429999828338623,5.4644999504089355,3080,11.013500213623047,0.8548300266265869,0.4321100115776062
1992,6,28,0,0,0.7473480105400085,7.325099945068359,255,5.230999946594238,4.285699844360352,3129,11.013500213623047,0.9099400043487549,0.5056999921798706
1992,6,28,3,0,0.7524420022964478,6.623799800872803,255,4.692599773406982,3.912100076675415,3304,11.013500213623047,0.9869599938392639,0.5499299764633179
1992,6,28,6,0,0.7511289715766907,6.899099826812744,255,5.035299777984619,4.234499931335449,3178,11.013500213623047,0.9468899965286255,0.5262200236320496
1992,6,28,9,0,0.7591890096664429,7.421999931335449,255,5.513000011444092,4.629300117492676,2973,11.013500213623047,0.8801000118255615,0.4953100085258484
1992,6,28,12,0,0.7725369930267334,7.953000068664551,255,6.015200138092041,5.037099838256836,2834,10.01200008392334,0.8276600241661072,0.4643700122833252
1992,6,28,15,0,0.7895969748497009,8.384499549865723,245,6.500199794769287,5.479300022125244,2790,14.659700393676758,0.7976400256156921,0.43852001428604126
1992,6,28,18,0,0.8018789887428284,8.6673002243042,245,6.864299774169922,5.849299907684326,2821,14.659700393676758,0.7872700095176697,0.421999990940094
1992,6,28,21,0,0.8097019791603088,8.870800018310547,245,7.123600006103516,6.119200229644775,2927,14.659700393676758,0.791100025177002,0.4112899899482727
1992,6,29,0,0,0.8190600275993347,9.027700424194336,255,7.137599945068359,5.9552001953125,3178,13.326800346374512,0.8154799938201904,0.4054900109767914
1992,6,29,3,0,0.8276820182800293,9.089200019836426,255,6.994900226593018,5.718299865722656,3660,13.326800346374512,0.8705999851226807,0.4102199971675873
1992,6,29,6,0,0.8310189843177795,8.706399917602539,255,6.639100074768066,5.518899917602539,4605,12.114999771118164,0.9994400143623352,0.43362000584602356
1992,6,29,9,0,0.8244640231132507,8.331600189208984,255,6.320400238037109,5.240600109100342,5831,12.114999771118164,1.1540499925613403,0.4412800073623657
1992,6,29,12,0,0.8146049976348877,8.410300254821777,265,6.484399795532227,5.419300079345703,6588,12.114999771118164,1.2225500345230103,0.42480000853538513
1992,6,29,15,0,0.7995889782905579,8.576800346374512,265,6.723199844360352,5.595300197601318,7084,12.114999771118164,1.2572599649429321,0.3980099856853485
1992,6,29,18,0,0.7827060222625732,8.61340045928955,255,6.871699810028076,5.744900226593018,7475,12.114999771118164,1.2914199829101562,0.37946000695228577
1992,6,29,21,0,0.771041989326477,8.557499885559082,255,6.858099937438965,5.72599983215332,7666,11.013500213623047,1.3147799968719482,0.3718400001525879
1992,6,30,0,0,0.7548519968986511,8.543700218200684,255,7.074399948120117,6.103300094604492,7678,11.013500213623047,1.3189200162887573,0.35936999320983887
1992,6,30,3,0,0.7228379845619202,8.284799575805664,245,6.865200042724609,5.912700176239014,7850,11.013500213623047,1.3579599857330322,0.36256998777389526
1992,6,30,6,0,0.7051560282707214,8.184900283813477,245,6.862100124359131,5.97730016708374,7729,11.013500213623047,1.3573499917984009,0.3596299886703491
1992,6,30,9,0,0.7044559717178345,8.244400024414062,245,6.997300148010254,6.188799858093262,7264,11.013500213623047,1.310539960861206,0.35620999336242676
1992,6,30,12,0,0.7146030068397522,8.366299629211426,245,7.142099857330322,6.369900226593018,6858,11.013500213623047,1.2623300552368164,0.35499000549316406
1992,6,30,15,0,0.7345730066299438,8.563799858093262,245,7.328100204467773,6.576499938964844,6744,11.013500213623047,1.2340600490570068,0.35569000244140625
1992,6,30,18,0,0.7711489796638489,8.949700355529785,255,7.64769983291626,6.861000061035156,7227,11.013500213623047,1.2441200017929077,0.3523699939250946
1992,6,30,21,0,0.828790009021759,9.553899765014648,255,8.223699569702148,7.3572001457214355,8866,11.013500213623047,1.3271199464797974,0.328249990940094
1992,7,1,0,0,0.8755720257759094,10.065899848937988,255,8.836400032043457,7.880300045013428,11754,11.013500213623047,1.4857100248336792,0.28824999928474426
1992,7,1,3,0,0.900816023349762,10.316399574279785,265,9.346699714660645,8.588299751281738,14897,11.013500213623047,1.6531000137329102,0.25391000509262085
1992,7,1,6,0,0.9141409993171692,10.349800109863281,265,9.524399757385254,8.887700080871582,17309,11.013500213623047,1.781309962272644,0.2373799979686737
1992,7,1,9,0,0.9195799827575684,10.29319953918457,265,9.533499717712402,8.977499961853027,18864,11.013500213623047,1.8667500019073486,0.2326499968767166
1992,7,1,12,0,0.9206709861755371,10.182600021362305,265,9.463299751281738,8.964699745178223,19585,11.013500213623047,1.9152400493621826,0.231330007314682
1992,7,1,15,0,0.9186369776725769,10.018099784851074,265,9.333100318908691,8.880000114440918,19341,11.013500213623047,1.923140048980713,0.23138000071048737
1992,7,1,18,0,0.9147560000419617,9.826600074768066,265,9.163700103759766,8.742500305175781,18266,11.013500213623047,1.8917299509048462,0.23377999663352966
1992,7,1,21,0,0.9101309776306152,9.640800476074219,265,8.977100372314453,8.560700416564941,16770,11.013500213623047,1.833940029144287,0.23934000730514526
1992,7,2,0,0,0.9055110216140747,9.460700035095215,265,8.67549991607666,8.003800392150879,15333,10.01200008392334,1.7730799913406372,0.2490299940109253
1992,7,2,3,0,0.9003030061721802,9.338299751281738,265,8.523300170898438,7.873700141906738,14133,10.01200008392334,1.7148900032043457,0.25867998600006104
1992,7,2,6,0,0.8949159979820251,9.268400192260742,265,8.489500045776367,7.963900089263916,13102,10.01200008392334,1.658139944076538,0.26342999935150146
1992,7,2,9,0,0.8895859718322754,9.210700035095215,265,8.432999610900879,7.93209981918335,12108,10.01200008392334,1.5994600057601929,0.2665199935436249
1992,7,2,12,0,0.8844130039215088,9.157099723815918,265,8.371399879455566,7.877500057220459,11093,10.01200008392334,1.5358200073242188,0.2695100009441376
1992,7,2,15,0,0.8802260160446167,9.120400428771973,265,8.321499824523926,7.824900150299072,10097,10.01200008392334,1.4682199954986572,0.27278000116348267
1992,7,2,18,0,0.8766930103302002,9.100000381469727,265,8.283599853515625,7.780900001525879,9187,10.01200008392334,1.4017000198364258,0.2773599922657013
1992,7,2,21,0,0.8735659718513489,9.072500228881836,265,8.155900001525879,7.5015997886657715,8403,10.01200008392334,1.3418300151824951,0.2871600091457367
1992,7,3,0,0,0.8703709840774536,8.92389965057373,265,7.594299793243408,6.471700191497803,7778,10.01200008392334,1.3007500171661377,0.31547001004219055
1992,7,3,3,0,0.8676120042800903,9.053799629211426,265,7.878499984741211,7.021100044250488,7269,10.01200008392334,1.245460033416748,0.31981000304222107
1992,7,3,6,0,0.8673220276832581,9.19729995727539,265,8.050999641418457,7.280799865722656,6921,10.01200008392334,1.2027100324630737,0.3231000006198883
1992,7,3,9,0,0.8688259720802307,9.336600303649902,265,8.193599700927734,7.460000038146973,6696,12.114999771118164,1.1716400384902954,0.3227800130844116
1992,7,3,12,0,0.8711649775505066,9.4576997756958,265,8.323599815368652,7.609600067138672,6576,12.114999771118164,1.1521600484848022,0.3179900050163269
1992,7,3,15,0,0.8737289905548096,9.531399726867676,265,8.411100387573242,7.701300144195557,6540,12.114999771118164,1.1444400548934937,0.31084001064300537
1992,7,3,18,0,0.8757719993591309,9.548700332641602,265,8.434100151062012,7.701900005340576,6547,12.114999771118164,1.1448700428009033,0.30441999435424805
1992,7,3,21,0,0.8762199878692627,9.28689956665039,265,7.6194000244140625,6.212900161743164,6509,11.013500213623047,1.160040020942688,0.3226099908351898
1992,7,4,0,0,0.8741649985313416,8.919400215148926,265,7.033599853515625,5.7067999839782715,6424,11.013500213623047,1.1780699491500854,0.35870999097824097
1992,7,4,3,0,0.8709440231323242,8.747300148010254,265,6.843800067901611,5.5655999183654785,6228,11.013500213623047,1.1727700233459473,0.37147000432014465
1992,7,4,6,0,0.8675180077552795,8.749099731445312,265,6.930699825286865,5.701300144195557,5936,11.013500213623047,1.144950032234192,0.3710399866104126
1992,7,4,9,0,0.8635900020599365,8.62090015411377,265,6.791999816894531,5.624300003051758,5727,11.013500213623047,1.1327600479125977,0.38732001185417175
1992,7,4,12,0,0.8617910146713257,8.649700164794922,265,6.922599792480469,5.844699859619141,5623,10.01200008392334,1.119439959526062,0.39083001017570496
1992,7,4,15,0,0.8599010109901428,8.748200416564941,265,7.032299995422363,5.969200134277344,5570,10.01200008392334,1.1061099767684937,0.39254000782966614
1992,7,4,18,0,0.8598440289497375,8.747099876403809,265,6.9878997802734375,5.911200046539307,5642,10.01200008392334,1.1119099855422974,0.4006200134754181
1992,7,4,21,0,0.8594120144844055,8.446000099182129,265,6.326099872589111,5.141200065612793,5731,10.01200008392334,1.1400400400161743,0.4375700056552887
1992,7,5,0,0,0.8582260012626648,8.020500183105469,265,5.850500106811523,4.785600185394287,6034,13.326800346374512,1.2009700536727905,0.47679001092910767
1992,7,5,3,0,0.8547760248184204,8.425999641418457,265,6.295300006866455,5.173799991607666,5988,13.326800346374512,1.1640100479125977,0.453029990196228
1992,7,5,6,0,0.8538089990615845,8.979299545288086,265,6.788899898529053,5.523099899291992,5860,13.326800346374512,1.111649990081787,0.42423000931739807
1992,7,5,9,0,0.8540549874305725,9.5625,265,7.4029998779296875,6.026199817657471,5946,12.114999771118164,1.0809099674224854,0.3948200047016144
1992,7,5,12,0,0.8546800017356873,9.89780044555664,265,7.582399845123291,5.995299816131592,6164,12.114999771118164,1.0787899494171143,0.38297000527381897
1992,7,5,15,0,0.856357991695404,10.094300270080566,265,7.820700168609619,6.246699810028076,6266,12.114999771118164,1.075410008430481,0.3763999938964844
1992,7,5,18,0,0.8602129817008972,10.193400382995605,265,7.941100120544434,6.323200225830078,6248,12.114999771118164,1.0684599876403809,0.3672400116920471
1992,7,5,21,0,0.8680130243301392,10.354299545288086,265,8.197500228881836,6.551400184631348,6416,11.013500213623047,1.073740005493164,0.3518500030040741
1992,7,6,0,0,0.8759809732437134,10.6072998046875,265,8.718700408935547,7.1946001052856445,6863,11.013500213623047,1.0958399772644043,0.3307799994945526
1992,7,6,3,0,0.8777390122413635,10.746399879455566,265,9.052900314331055,7.660699844360352,7333,14.659700393676758,1.1247899532318115,0.3170500099658966
1992,7,6,6,0,0.8741679787635803,10.805399894714355,265,9.2391996383667,7.965799808502197,7755,11.013500213623047,1.1532800197601318,0.3094100058078766
1992,7,6,9,0,0.8696470260620117,10.870499610900879,265,9.38599967956543,8.20300006866455,8214,13.326800346374512,1.1829400062561035,0.3041900098323822
1992,7,6,12,0,0.8669300079345703,10.949000358581543,265,9.496800422668457,8.365799903869629,8672,13.326800346374512,1.2105599641799927,0.30289000272750854
1992,7,6,15,0,0.8666009902954102,10.946200370788574,265,9.383099555969238,8.182000160217285,8964,13.326800346374512,1.2312300205230713,0.31498000025749207
1992,7,6,18,0,0.8680999875068665,10.781700134277344,265,8.859700202941895,7.351900100708008,9040,13.326800346374512,1.2473299503326416,0.3428899943828583
1992,7,6,21,0,0.8689789772033691,10.5556001663208,265,8.327199935913086,6.702700138092041,8996,13.326800346374512,1.2592699527740479,0.37251999974250793
1992,7,7,0,0,0.869055986404419,10.133899688720703,265,7.395500183105469,5.730899810791016,9337,12.114999771118164,1.3101999759674072,0.4203299880027771
1992,7,7,3,0,0.8672940135002136,10.122400283813477,265,7.3302998542785645,5.741700172424316,10332,12.114999771118164,1.375939965248108,0.437610000371933
1992,7,7,6,0,0.8670129776000977,10.191300392150879,265,7.4456000328063965,5.921999931335449,11835,12.114999771118164,1.4639500379562378,0.44185999035835266
1992,7,7,9,0,0.8689370155334473,10.125699996948242,265,7.421599864959717,5.945499897003174,13512,12.114999771118164,1.568019986152649,0.44536998867988586
1992,7,7,12,0,0.8729760050773621,10.22350025177002,265,7.6666998863220215,6.247000217437744,15463,13.326800346374512,1.6680599451065063,0.43685001134872437
1992,7,7,15,0,0.8767510056495667,10.407500267028809,265,7.90310001373291,6.462299823760986,17423,12.114999771118164,1.7530100345611572,0.4255400002002716
1992,7,7,18,0,0.8779619932174683,10.562700271606445,265,8.132100105285645,6.671599864959717,18617,12.114999771118164,1.7978099584579468,0.4110499918460846
1992,7,7,21,0,0.8758220076560974,10.524700164794922,265,7.9745001792907715,6.401000022888184,18902,12.114999771118164,1.8154799938201904,0.40716999769210815
1992,7,8,0,0,0.8726130127906799,10.374899864196777,265,7.727399826049805,6.136600017547607,18804,12.114999771118164,1.8252500295639038,0.41130000352859497
1992,7,8,3,0,0.8725169897079468,10.209600448608398,265,7.764200210571289,6.3105998039245605,19137,12.114999771118164,1.8592699766159058,0.41165998578071594
1992,7,8,6,0,0.8754810094833374,10.085100173950195,265,7.877399921417236,6.571199893951416,20048,12.114999771118164,1.9184099435806274,0.40959998965263367
1992,7,8,9,0,0.8771330118179321,10.090700149536133,265,8.070300102233887,6.883200168609619,21107,12.114999771118164,1.9700100421905518,0.4043099880218506
1992,7,8,12,0,0.8767110109329224,9.979700088500977,265,8.058500289916992,6.921299934387207,22374,12.114999771118164,2.043370008468628,0.4046100080013275
1992,7,8,15,0,0.8752679824829102,9.798199653625488,265,8.051899909973145,7.025700092315674,23435,12.114999771118164,2.1171600818634033,0.400299996137619
1992,7,8,18,0,0.8692179918289185,9.658699989318848,265,7.821000099182129,6.694799900054932,22380,13.326800346374512,2.0865800380706787,0.40501999855041504
1992,7,8,21,0,0.8638060092926025,9.458999633789062,265,7.537799835205078,6.371200084686279,20828,11.013500213623047,2.0365099906921387,0.4139600098133087
1992,7,9,0,0,0.8597080111503601,9.000399589538574,265,6.997000217437744,5.859899997711182,20044,11.013500213623047,2.0532801151275635,0.43849998712539673
1992,7,9,3,0,0.8573570251464844,8.98169994354248,265,7.2789998054504395,6.299600124359131,19811,11.013500213623047,2.047869920730591,0.4198499917984009
1992,7,9,6,0,0.8608700037002563,8.986800193786621,265,7.546199798583984,6.730999946594238,21164,7.5218000411987305,2.121619939804077,0.39980998635292053
1992,7,9,9,0,0.8662739992141724,9.109399795532227,265,7.879499912261963,7.197800159454346,23679,8.274100303649902,2.2337000370025635,0.3735800087451935
1992,7,9,12,0,0.8599759936332703,9.304400444030762,265,8.055299758911133,7.378499984741211,22327,8.274100303649902,2.142080068588257,0.3738099932670593
1992,7,9,15,0,0.8515430092811584,9.418700218200684,265,8.094300270080566,7.383299827575684,20082,8.274100303649902,2.014739990234375,0.38214999437332153
1992,7,9,18,0,0.8478869795799255,9.418499946594238,265,8.082799911499023,7.3607001304626465,18675,16.125999450683594,1.9425100088119507,0.3833799958229065
1992,7,9,21,0,0.8441219925880432,9.227999687194824,265,7.641600131988525,6.61269998550415,17105,16.125999450683594,1.8797199726104736,0.3953799903392792
1992,7,10,0,0,0.8432340025901794,8.382599830627441,265,6.583099842071533,5.5630998611450195,16854,16.125999450683594,1.9653199911117554,0.4453999996185303
1992,7,10,3,0,0.8468329906463623,8.243200302124023,265,6.724800109863281,5.827000141143799,17491,8.274100303649902,2.0256199836730957,0.42173999547958374
1992,7,10,6,0,0.8588929772377014,8.512800216674805,275,7.32289981842041,6.629799842834473,18222,8.274100303649902,2.036940097808838,0.3776800036430359
1992,7,10,9,0,0.8702170252799988,8.714400291442871,275,7.654200077056885,7.0472002029418945,18912,8.274100303649902,2.051259994506836,0.3532100021839142
1992,7,10,12,0,0.8731489777565002,8.706500053405762,275,7.464700222015381,6.670599937438965,18924,8.274100303649902,2.0496299266815186,0.3670499920845032
1992,7,10,15,0,0.867044985294342,8.725299835205078,275,7.254899978637695,6.365300178527832,18230,8.274100303649902,2.0006000995635986,0.39778000116348267
1992,7,10,18,0,0.8667759895324707,8.69379997253418,275,6.875100135803223,5.829100131988525,17987,16.125999450683594,1.9825899600982666,0.42985999584198
1992,7,10,21,0,0.874297022819519,8.42870044708252,275,6.602099895477295,5.599800109863281,19555,13.326800346374512,2.102299928665161,0.4415999948978424
1992,7,11,0,0,0.8799989819526672,8.447999954223633,275,6.784299850463867,5.8206000328063965,20319,12.114999771118164,2.1458899974823,0.4181100130081177
1992,7,11,3,0,0.8834900259971619,8.721500396728516,275,7.28380012512207,6.4278998374938965,19098,12.114999771118164,2.048959970474243,0.3840000033378601
1992,7,11,6,0,0.8829209804534912,8.864399909973145,275,7.489500045776367,6.665500164031982,17128,11.013500213623047,1.9248499870300293,0.3703800141811371
1992,7,11,9,0,0.87950199842453,8.939399719238281,275,7.602099895477295,6.795400142669678,15426,11.013500213623047,1.8195199966430664,0.36296001076698303
1992,7,11,12,0,0.8731949925422668,9.0556001663208,265,7.720799922943115,6.9045000076293945,13949,11.013500213623047,1.7184499502182007,0.35892000794410706
1992,7,11,15,0,0.86906498670578,9.224599838256836,265,7.864500045776367,7.019700050354004,12718,11.013500213623047,1.6239299774169922,0.35725998878479004
1992,7,11,18,0,0.8650550246238708,9.399800300598145,265,8.011799812316895,7.138400077819824,11809,10.01200008392334,1.5480400323867798,0.35657998919487
1992,7,11,21,0,0.8616930246353149,9.53279972076416,265,8.095399856567383,7.143499851226807,11139,10.01200008392334,1.4912500381469727,0.35541999340057373
1992,7,12,0,0,0.8603940010070801,9.291999816894531,265,7.365200042724609,6.042300224304199,10742,10.01200008392334,1.4837000370025635,0.383789986371994
1992,7,12,3,0,0.8595920205116272,9.230500221252441,265,7.276299953460693,5.968800067901611,10450,10.01200008392334,1.4684799909591675,0.38822001218795776
1992,7,12,6,0,0.8601559996604919,9.490400314331055,265,7.818999767303467,6.638400077819824,10151,10.01200008392334,1.4263399839401245,0.3615100085735321
1992,7,12,9,0,0.8613590002059937,9.662199974060059,265,8.168999671936035,7.079899787902832,10038,10.01200008392334,1.405210018157959,0.3434799909591675
1992,7,12,12,0,0.8629310131072998,9.775699615478516,255,8.402700424194336,7.405399799346924,10010,10.01200008392334,1.3945399522781372,0.33430999517440796
1992,7,12,15,0,0.8649179935455322,9.856599807739258,255,8.557700157165527,7.638999938964844,9880,10.01200008392334,1.3789900541305542,0.331059992313385
1992,7,12,18,0,0.8657990097999573,9.895400047302246,255,8.637900352478027,7.775400161743164,9539,9.101699829101562,1.3517299890518188,0.33101001381874084
1992,7,12,21,0,0.8661999702453613,9.820199966430664,255,8.384200096130371,7.2179999351501465,9065,9.101699829101562,1.323259949684143,0.33605000376701355
1992,7,13,0,0,0.8666689991950989,9.574399948120117,255,7.844600200653076,6.507800102233887,8748,9.101699829101562,1.3178000450134277,0.35673001408576965
1992,7,13,3,0,0.866025984287262,9.605199813842773,255,8.162300109863281,7.072400093078613,8642,9.101699829101562,1.308859944343567,0.3413800001144409
1992,7,13,6,0,0.8643749952316284,9.520099639892578,255,8.19729995727539,7.208099842071533,8871,9.101699829101562,1.3340400457382202,0.33292001485824585
1992,7,13,9,0,0.8619710206985474,9.192700386047363,255,7.820499897003174,6.854899883270264,9456,9.101699829101562,1.4043200016021729,0.3474000096321106
1992,7,13,12,0,0.8581849932670593,8.942399978637695,255,7.547299861907959,6.612500190734863,10043,9.101699829101562,1.4690699577331543,0.359609991312027
1992,7,13,15,0,0.8525959849357605,8.94629955291748,255,7.594600200653076,6.719699859619141,10313,9.101699829101562,1.4878900051116943,0.3587000072002411
1992,7,13,18,0,0.8477330207824707,9.02400016784668,255,7.667600154876709,6.7480998039245605,10446,9.101699829101562,1.4900399446487427,0.35361000895500183
1992,7,13,21,0,0.8446120023727417,9.007399559020996,265,7.468699932098389,6.351200103759766,10463,14.659700393676758,1.4922900199890137,0.3587000072002411
1992,7,14,0,0,0.844605028629303,8.935400009155273,265,7.267499923706055,6.091100215911865,10408,14.659700393676758,1.4943599700927734,0.36847999691963196
1992,7,14,3,0,0.8449959754943848,8.981499671936035,265,7.3927001953125,6.278500080108643,10250,14.659700393676758,1.4791100025177002,0.36320000886917114
1992,7,14,6,0,0.8466290235519409,9.081899642944336,265,7.670100212097168,6.698699951171875,10081,14.659700393676758,1.458899974822998,0.3495500087738037
1992,7,14,9,0,0.8491590023040771,9.14430046081543,265,7.8028998374938965,6.860799789428711,9970,10.01200008392334,1.446470022201538,0.33823999762535095
1992,7,14,12,0,0.8511599898338318,9.160099983215332,265,7.8221001625061035,6.850200176239014,9984,10.01200008392334,1.4470100402832031,0.33138999342918396
1992,7,14,15,0,0.8523839712142944,9.161299705505371,265,7.861499786376953,6.932499885559082,10076,10.01200008392334,1.454360008239746,0.3264000117778778
1992,7,14,18,0,0.8531060218811035,9.15779972076416,265,7.831299781799316,6.823699951171875,10147,11.013500213623047,1.4606200456619263,0.32131001353263855
1992,7,14,21,0,0.8542550206184387,8.728300094604492,265,6.942399978637695,5.70389986038208,10400,11.013500213623047,1.5173300504684448,0.36208000779151917
1992,7,15,0,0,0.8582280278205872,7.874800205230713,275,6.057700157165527,5.043000221252441,11472,11.013500213623047,1.6840200424194336,0.421970009803772
1992,7,15,3,0,0.8591870069503784,7.654300212860107,275,6.0121002197265625,5.085100173950195,12128,10.01200008392334,1.76010000705719,0.4189299941062927
1992,7,15,6,0,0.8604879975318909,7.929200172424316,275,6.467400074005127,5.573299884796143,11661,10.01200008392334,1.6953799724578857,0.38655999302864075
1992,7,15,9,0,0.861719012260437,8.260899543762207,275,6.946700096130371,6.105599880218506,10738,10.01200008392334,1.5924299955368042,0.35853999853134155
1992,7,15,12,0,0.8603820204734802,8.490900039672852,275,7.239099979400635,6.413099765777588,9792,10.01200008392334,1.4986300468444824,0.342739999294281
1992,7,15,15,0,0.8579469919204712,8.653499603271484,275,7.428899765014648,6.5991997718811035,8917,10.01200008392334,1.4157500267028809,0.332940012216568
1992,7,15,18,0,0.8570219874382019,8.739800453186035,275,7.516300201416016,6.654699802398682,8161,10.01200008392334,1.3475799560546875,0.3268600106239319
1992,7,15,21,0,0.8580549955368042,8.170599937438965,275,6.370200157165527,5.224299907684326,7764,10.01200008392334,1.3622599840164185,0.3850899934768677
1992,7,16,0,0,0.8643370270729065,7.022200107574463,275,5.46120023727417,4.6545000076293945,8901,10.01200008392334,1.5816899538040161,0.44760000705718994
1992,7,16,3,0,0.8657220005989075,6.773799896240234,275,5.442299842834473,4.719099998474121,9668,10.01200008392334,1.683459997177124,0.43004000186920166
1992,7,16,6,0,0.8694700002670288,7.133500099182129,275,5.874000072479248,5.134399890899658,8579,10.01200008392334,1.5440700054168701,0.39910000562667847
1992,7,16,9,0,0.8748019933700562,7.521299839019775,275,6.315299987792969,5.58459997177124,7258,9.101699829101562,1.380929946899414,0.37650999426841736
1992,7,16,12,0,0.8788040280342102,7.693699836730957,275,6.535200119018555,5.810500144958496,6516,9.101699829101562,1.293179988861084,0.36169999837875366
1992,7,16,15,0,0.8869370222091675,7.651500225067139,275,6.60860013961792,5.946800231933594,6514,9.101699829101562,1.2982100248336792,0.3478200137615204
1992,7,16,18,0,0.8930720090866089,7.651599884033203,275,6.666200160980225,6.017600059509277,6532,9.101699829101562,1.3011300563812256,0.33730000257492065
1992,7,16,21,0,0.8918120265007019,7.263299942016602,275,5.912799835205078,5.048399925231934,6280,8.274100303649902,1.3107199668884277,0.3842099905014038
1992,7,17,0,0,0.8924639821052551,6.538599967956543,275,5.28849983215332,4.577499866485596,7229,6.837800025939941,1.4865200519561768,0.41955000162124634
1992,7,17,3,0,0.8918089866638184,6.5472002029418945,275,5.420100212097168,4.742499828338623,7832,6.837800025939941,1.547700047492981,0.39765000343322754
1992,7,17,6,0,0.900193989276886,6.964700222015381,275,6.01800012588501,5.406799793243408,7668,7.5218000411987305,1.4838500022888184,0.3562000095844269
1992,7,17,9,0,0.9069390296936035,7.247600078582764,275,6.430600166320801,5.900899887084961,7580,7.5218000411987305,1.4461100101470947,0.3292100131511688
1992,7,17,12,0,0.9106119871139526,7.397200107574463,275,6.661300182342529,6.182000160217285,7578,7.5218000411987305,1.4317599534988403,0.3098300099372864
1992,7,17,15,0,0.9135630130767822,7.496500015258789,275,6.811200141906738,6.364699840545654,7420,7.5218000411987305,1.407829999923706,0.29513001441955566
1992,7,17,18,0,0.9141640067100525,7.53380012512207,275,6.8653998374938965,6.427999973297119,6978,7.5218000411987305,1.3619999885559082,0.28937000036239624
1992,7,17,21,0,0.913661003112793,7.414999961853027,275,6.55810022354126,5.880099773406982,6545,7.5218000411987305,1.330399990081787,0.3024899959564209
1992,7,18,0,0,0.9134740233421326,6.695099830627441,285,5.572299957275391,4.837399959564209,7022,7.5218000411987305,1.4531899690628052,0.36548998951911926
1992,7,18,3,0,0.9159240126609802,6.769000053405762,285,5.791900157928467,5.119900226593018,7597,7.5218000411987305,1.5037399530410767,0.3434399962425232
1992,7,18,6,0,0.9246829748153687,7.212299823760986,285,6.413599967956543,5.831099987030029,8443,7.5218000411987305,1.5348600149154663,0.30309000611305237
1992,7,18,9,0,0.9354910254478455,7.729800224304199,285,7.0833001136779785,6.622200012207031,10623,8.274100303649902,1.66143000125885,0.2656500041484833
1992,7,18,12,0,0.9371950030326843,8.002300262451172,285,7.417399883270264,7.019899845123291,11636,8.274100303649902,1.707360029220581,0.25207000970840454
1992,7,18,15,0,0.9285809993743896,7.972899913787842,285,7.377500057220459,6.9944000244140625,10006,8.274100303649902,1.5855499505996704,0.26365000009536743
1992,7,18,18,0,0.9151939749717712,7.871399879455566,285,7.22599983215332,6.831999778747559,8126,8.274100303649902,1.4369200468063354,0.2881599962711334
1992,7,18,21,0,0.9062169790267944,7.831900119781494,285,7.066400051116943,6.539599895477295,7387,8.274100303649902,1.3722200393676758,0.31064000725746155
1992,7,19,0,0,0.8994550108909607,7.726099967956543,285,6.744999885559082,6.015900135040283,7264,8.274100303649902,1.3695299625396729,0.33851000666618347
1992,7,19,3,0,0.8906409740447998,7.782599925994873,285,6.8790998458862305,6.289599895477295,7113,8.274100303649902,1.3487600088119507,0.3485899865627289
1992,7,19,6,0,0.8813890218734741,7.89870023727417,285,7.0117998123168945,6.4704999923706055,7095,8.274100303649902,1.3353699445724487,0.35580000281333923
1992,7,19,9,0,0.8769620060920715,8.075200080871582,285,7.215000152587891,6.710100173950195,7626,8.274100303649902,1.367799997329712,0.3521699905395508
1992,7,19,12,0,0.8703020215034485,8.234999656677246,285,7.380899906158447,6.900000095367432,8179,8.274100303649902,1.4008500576019287,0.35201001167297363
1992,7,19,15,0,0.8600490093231201,8.360400199890137,285,7.480800151824951,7.005799770355225,8479,8.274100303649902,1.4133199453353882,0.3589099943637848
1992,7,19,18,0,0.8390610218048096,8.41100025177002,275,7.413400173187256,6.8821001052856445,7877,8.274100303649902,1.354640007019043,0.38354000449180603
1992,7,19,21,0,0.8096870183944702,8.20740032196045,275,6.695099830627441,5.767899990081787,6924,8.274100303649902,1.2820700407028198,0.4397599995136261
1992,7,20,0,0,0.7831159830093384,8.168499946594238,265,6.560999870300293,5.694200038909912,6355,7.5218000411987305,1.2275899648666382,0.47029998898506165
1992,7,20,3,0,0.7727749943733215,8.288999557495117,265,6.704100131988525,5.918099880218506,6173,7.5218000411987305,1.1987099647521973,0.4774099886417389
1992,7,20,6,0,0.7733089923858643,8.529399871826172,265,6.949900150299072,6.174900054931641,6291,7.5218000411987305,1.1914900541305542,0.4706200063228607
1992,7,20,9,0,0.7807999849319458,8.762999534606934,265,7.209099769592285,6.435299873352051,6560,8.274100303649902,1.1995899677276611,0.45763999223709106
1992,7,20,12,0,0.7898250222206116,8.923999786376953,265,7.409800052642822,6.6427998542785645,6744,8.274100303649902,1.2049000263214111,0.4449000060558319
1992,7,20,15,0,0.7983279824256897,9.037599563598633,265,7.552999973297119,6.793399810791016,6812,8.274100303649902,1.2029999494552612,0.43674999475479126
1992,7,20,18,0,0.806659996509552,9.119099617004395,265,7.6819000244140625,6.946000099182129,7071,8.274100303649902,1.22052001953125,0.43143001198768616
1992,7,20,21,0,0.8126569986343384,9.135600090026855,265,7.734899997711182,6.984099864959717,7616,8.274100303649902,1.2668700218200684,0.42820999026298523
1992,7,21,0,0,0.8171089887619019,8.905799865722656,265,7.29640007019043,6.247499942779541,8470,8.274100303649902,1.3560600280761719,0.4353199899196625
1992,7,21,3,0,0.8170949816703796,8.928799629211426,265,7.624899864196777,6.891200065612793,9006,8.274100303649902,1.3973900079727173,0.4200200140476227
1992,7,21,6,0,0.8115130066871643,8.912400245666504,265,7.6656999588012695,7.0335001945495605,8748,8.274100303649902,1.3779000043869019,0.4204699993133545
1992,7,21,9,0,0.8031589984893799,8.906100273132324,265,7.59499979019165,6.962299823760986,8065,8.274100303649902,1.321370005607605,0.43380001187324524
1992,7,21,12,0,0.7981730103492737,8.85789966583252,265,7.49370002746582,6.854100227355957,7731,8.274100303649902,1.295989990234375,0.44589000940322876
1992,7,21,15,0,0.7976840138435364,8.776800155639648,265,7.4319000244140625,6.809599876403809,7817,7.5218000411987305,1.309499979019165,0.4470300078392029
1992,7,21,18,0,0.7928850054740906,8.710700035095215,265,7.360400199890137,6.7428998947143555,7763,7.5218000411987305,1.3092999458312988,0.44929999113082886
1992,7,21,21,0,0.7867419719696045,8.688199996948242,265,7.292399883270264,6.656799793243408,7585,7.5218000411987305,1.293910026550293,0.45350998640060425
1992,7,22,0,0,0.7823320031166077,8.694700241088867,265,7.273799896240234,6.622300148010254,7640,7.5218000411987305,1.2964600324630737,0.4529699981212616
1992,7,22,3,0,0.7776070237159729,8.741700172424316,255,7.270699977874756,6.5945000648498535,7528,7.5218000411987305,1.2813600301742554,0.45629000663757324
1992,7,22,6,0,0.7803210020065308,8.688599586486816,265,7.250500202178955,6.585000038146973,7655,7.5218000411987305,1.2967400550842285,0.45344001054763794
1992,7,22,9,0,0.7890639901161194,8.524999618530273,265,7.197800159454346,6.567399978637695,8019,7.5218000411987305,1.34375,0.4417499899864197
1992,7,22,12,0,0.7888439893722534,8.399800300598145,265,7.1219000816345215,6.507299900054932,7795,7.5218000411987305,1.3366800546646118,0.43764999508857727
1992,7,22,15,0,0.7826730012893677,8.321200370788574,265,7.010900020599365,6.38640022277832,7097,7.5218000411987305,1.2806899547576904,0.4452100098133087
1992,7,22,18,0,0.7853739857673645,8.199600219726562,265,6.856100082397461,6.2104997634887695,6739,7.5218000411987305,1.2567600011825562,0.45186999440193176
1992,7,22,21,0,0.7954019904136658,7.814799785614014,265,6.214700222015381,5.34689998626709,7027,7.5218000411987305,1.3164299726486206,0.47376999258995056
1992,7,23,0,0,0.8050400018692017,7.359300136566162,265,5.771299839019775,4.95959997177124,8044,6.837800025939941,1.4548499584197998,0.4916900098323822
1992,7,23,3,0,0.8077729940414429,7.599699974060059,265,6.18149995803833,5.421899795532227,9028,7.5218000411987305,1.5170600414276123,0.45737001299858093
1992,7,23,6,0,0.8116430044174194,7.94379997253418,265,6.644000053405762,5.926199913024902,9950,7.5218000411987305,1.55731999874115,0.4240800142288208
1992,7,23,9,0,0.8189319968223572,8.161999702453613,275,6.979300022125244,6.324900150299072,10826,7.5218000411987305,1.603119969367981,0.39844000339508057
1992,7,23,12,0,0.830452024936676,8.27180004119873,275,7.1803998947143555,6.568900108337402,11593,7.5218000411987305,1.6497399806976318,0.37790000438690186
1992,7,23,15,0,0.8432289958000183,8.31820011138916,275,7.303699970245361,6.736100196838379,12337,8.274100303649902,1.69937002658844,0.36103999614715576
1992,7,23,18,0,0.8488770127296448,8.343799591064453,275,7.328800201416016,6.740699768066406,12297,8.274100303649902,1.694309949874878,0.35589998960494995
1992,7,23,21,0,0.8480839729309082,8.120100021362305,275,6.763800144195557,5.877900123596191,11707,7.5218000411987305,1.6751099824905396,0.38600000739097595
1992,7,24,0,0,0.8567630052566528,7.826300144195557,275,6.4994001388549805,5.685100078582764,12666,7.5218000411987305,1.777400016784668,0.39750000834465027
1992,7,24,3,0,0.8663679957389832,7.972400188446045,275,6.852200031280518,6.150199890136719,14424,7.5218000411987305,1.8819600343704224,0.36515000462532043
1992,7,24,6,0,0.8697569966316223,8.20460033416748,275,7.183800220489502,6.560400009155273,15363,7.5218000411987305,1.9140199422836304,0.3446600139141083
1992,7,24,9,0,0.8695170283317566,8.401300430297852,275,7.409900188446045,6.823200225830078,15592,7.5218000411987305,1.9038499593734741,0.3355500102043152
1992,7,24,12,0,0.8590019941329956,8.587499618530273,275,7.513700008392334,6.883999824523926,14128,11.013500213623047,1.7881900072097778,0.34397000074386597
1992,7,24,15,0,0.8464660048484802,8.752400398254395,275,7.545499801635742,6.8358001708984375,12492,11.013500213623047,1.6612499952316284,0.358379989862442
1992,7,24,18,0,0.8373249769210815,8.871399879455566,275,7.556099891662598,6.771100044250488,11146,10.01200008392334,1.5563700199127197,0.36741000413894653
1992,7,24,21,0,0.8299210071563721,8.921699523925781,275,7.318999767303467,6.2256999015808105,9726,10.01200008392334,1.4490699768066406,0.3750399947166443
1992,7,25,0,0,0.8326889872550964,7.799799919128418,275,5.7846999168396,4.764599800109863,9387,10.01200008392334,1.5290199518203735,0.4658600091934204
1992,7,25,3,0,0.8292570114135742,7.595699787139893,275,5.7291998863220215,4.790200233459473,8797,10.01200008392334,1.502709984779358,0.4703100025653839
1992,7,25,6,0,0.8266819715499878,8.152000427246094,275,6.30019998550415,5.301199913024902,7793,10.01200008392334,1.3620400428771973,0.4533500075340271
1992,7,25,9,0,0.8356689810752869,8.782600402832031,265,6.819399833679199,5.68149995803833,7706,10.01200008392334,1.3013800382614136,0.44495001435279846
1992,7,25,12,0,0.8493800163269043,9.234999656677246,265,7.279699802398682,6.0441999435424805,8716,10.01200008392334,1.3481099605560303,0.42566001415252686
1992,7,25,15,0,0.8665329813957214,9.565199851989746,275,7.86899995803833,6.662600040435791,10215,10.01200008392334,1.4337300062179565,0.38523000478744507
1992,7,25,18,0,0.8860750198364258,9.549300193786621,275,7.848499774932861,6.497399806976318,11959,10.01200008392334,1.5537699460983276,0.3593499958515167
1992,7,25,21,0,0.9001920223236084,9.18179988861084,275,7.257400035858154,5.8871002197265625,14007,10.01200008392334,1.7173199653625488,0.38124001026153564
1992,7,26,0,0,0.902105987071991,8.70989990234375,275,6.68310022354126,5.483799934387207,16130,10.01200008392334,1.8942999839782715,0.4349200129508972
1992,7,26,3,0,0.8954629898071289,8.500699996948242,275,6.515600204467773,5.432700157165527,17821,10.01200008392334,2.016629934310913,0.47067999839782715
1992,7,26,6,0,0.8923879861831665,8.527600288391113,275,6.791900157928467,5.829899787902832,18979,10.01200008392334,2.080709934234619,0.4647499918937683
1992,7,26,9,0,0.8930850028991699,8.56820011138916,275,7.0493998527526855,6.186200141906738,18716,10.01200008392334,2.06466007232666,0.4422999918460846
1992,7,26,12,0,0.8917120099067688,8.568900108337402,275,7.1596999168396,6.341000080108643,17015,10.01200008392334,1.9701600074768066,0.42487001419067383
1992,7,26,15,0,0.8898699879646301,8.610799789428711,275,7.258699893951416,6.463200092315674,15153,10.01200008392334,1.8545700311660767,0.41220998764038086
1992,7,26,18,0,0.8869270086288452,8.690500259399414,265,7.145500183105469,6.203999996185303,14128,10.01200008392334,1.7793099880218506,0.42754000425338745
1992,7,26,21,0,0.8828880190849304,8.555299758911133,265,6.693299770355225,5.67140007019043,14504,10.01200008392334,1.8127700090408325,0.4782800078392029
1992,7,27,0,0,0.8759170174598694,8.250399589538574,265,6.31220006942749,5.353799819946289,16336,19.513200759887695,1.958009958267212,0.5172200202941895
1992,7,27,3,0,0.8677740097045898,8.190099716186523,265,6.428599834442139,5.529799938201904,18711,19.513200759887695,2.1065499782562256,0.5012999773025513
1992,7,27,6,0,0.8685740232467651,8.457799911499023,275,6.98859977722168,6.203499794006348,18809,9.101699829101562,2.081049919128418,0.45346999168395996
1992,7,27,9,0,0.8682780265808105,8.517999649047852,275,7.172900199890137,6.437699794769287,16977,9.101699829101562,1.9718300104141235,0.430869996547699
1992,7,27,12,0,0.8633750081062317,8.425100326538086,275,7.062300205230713,6.298999786376953,14892,9.101699829101562,1.856760025024414,0.43083998560905457
1992,7,27,15,0,0.8575419783592224,8.489999771118164,265,7.052599906921387,6.285099983215332,13426,9.101699829101562,1.7513200044631958,0.4438900053501129
1992,7,27,18,0,0.8502669930458069,8.71150016784668,265,6.905300140380859,5.941100120544434,12460,17.73889923095703,1.655900001525879,0.4771600067615509
1992,7,27,21,0,0.8453279733657837,8.359199523925781,255,6.158599853515625,5.1392998695373535,12968,17.73889923095703,1.7191699743270874,0.5404099822044373
1992,7,28,0,0,0.8428590297698975,7.912600040435791,265,5.95389986038208,5.081900119781494,15290,17.73889923095703,1.9238899946212769,0.5517299771308899
1992,7,28,3,0,0.8383349776268005,8.091300010681152,265,6.23330020904541,5.341800212860107,16003,17.73889923095703,1.9481500387191772,0.5233399868011475
1992,7,28,6,0,0.8390899896621704,8.302499771118164,265,6.58489990234375,5.740699768066406,15621,17.73889923095703,1.9005299806594849,0.49627000093460083
1992,7,28,9,0,0.8447229862213135,8.518799781799316,265,6.929800033569336,6.127699851989746,15140,17.73889923095703,1.8476899862289429,0.4658600091934204
1992,7,28,12,0,0.852666974067688,8.666899681091309,265,7.139100074768066,6.325900077819824,15005,17.73889923095703,1.8241499662399292,0.4412800073623657
1992,7,28,15,0,0.8564850091934204,8.820699691772461,265,7.323999881744385,6.521999835968018,14903,9.101699829101562,1.8003599643707275,0.42750999331474304
1992,7,28,18,0,0.8513039946556091,9.054699897766113,265,7.33650016784668,6.341700077056885,14169,16.125999450683594,1.7269200086593628,0.4313099980354309
1992,7,28,21,0,0.8486999869346619,8.385600090026855,265,6.3190999031066895,5.285099983215332,14736,16.125999450683594,1.8311699628829956,0.4927699863910675
1992,7,29,0,0,0.8466219902038574,7.874599933624268,265,6.132400035858154,5.262899875640869,17442,16.125999450683594,2.06535005569458,0.49222999811172485
1992,7,29,3,0,0.8422449827194214,8.12279987335205,265,6.509799957275391,5.658400058746338,17636,16.125999450683594,2.0450100898742676,0.4641900062561035
1992,7,29,6,0,0.842619001865387,8.348999977111816,265,6.832300186157227,6.046599864959717,16771,16.125999450683594,1.9645500183105469,0.4503200054168701
1992,7,29,9,0,0.8443880081176758,8.57759952545166,265,7.058499813079834,6.286200046539307,15408,16.125999450683594,1.8541500568389893,0.4447999894618988
1992,7,29,12,0,0.8498759865760803,8.752400398254395,255,7.198800086975098,6.4028000831604,14329,16.125999450683594,1.7674299478530884,0.44117000699043274
1992,7,29,15,0,0.8549519777297974,8.89680004119873,255,7.343200206756592,6.533999919891357,13577,16.125999450683594,1.7052600383758545,0.4335399866104126
1992,7,29,18,0,0.8556839823722839,8.984800338745117,255,7.468400001525879,6.663300037384033,13071,8.274100303649902,1.6652499437332153,0.4232900142669678
1992,7,29,21,0,0.8518189787864685,9.017600059509277,255,7.41949987411499,6.472599983215332,12490,8.274100303649902,1.625290036201477,0.41802000999450684
1992,7,30,0,0,0.8454610109329224,8.335800170898438,265,6.35830020904541,5.302999973297119,12464,14.659700393676758,1.6924099922180176,0.47134000062942505
1992,7,30,3,0,0.8470730185508728,7.8744001388549805,265,6.134300231933594,5.21999979019165,13640,14.659700393676758,1.828819990158081,0.4745599925518036
1992,7,30,6,0,0.8562729954719543,8.103300094604492,265,6.684000015258789,5.8730998039245605,14899,7.5218000411987305,1.8885899782180786,0.42605000734329224
1992,7,30,9,0,0.8651930093765259,8.396699905395508,265,7.199900150299072,6.4903998374938965,16256,8.274100303649902,1.9407600164413452,0.38512998819351196
1992,7,30,12,0,0.8679119944572449,8.587699890136719,265,7.484499931335449,6.8531999588012695,16363,8.274100303649902,1.9250799417495728,0.36976999044418335
1992,7,30,15,0,0.8629239797592163,8.707799911499023,265,7.57289981842041,6.938199996948242,14764,8.274100303649902,1.8130300045013428,0.3742400109767914
1992,7,30,18,0,0.8537629842758179,8.791399955749512,265,7.58650016784668,6.915200233459473,12917,8.274100303649902,1.6846200227737427,0.3830200135707855
1992,7,30,21,0,0.8452159762382507,8.814200401306152,265,7.454800128936768,6.61460018157959,11540,8.274100303649902,1.5883899927139282,0.3924899995326996
1992,7,31,0,0,0.8422150015830994,8.331600189208984,265,6.603799819946289,5.577600002288818,11350,9.101699829101562,1.6223100423812866,0.4350700080394745
1992,7,31,3,0,0.8427919745445251,8.410499572753906,265,6.896999835968018,5.992099761962891,11656,9.101699829101562,1.6372699737548828,0.41729000210762024
1992,7,31,6,0,0.8413180112838745,8.714500427246094,265,7.386199951171875,6.588900089263916,12006,9.101699829101562,1.6315699815750122,0.38995999097824097
1992,7,31,9,0,0.8388829827308655,8.95930004119873,265,7.765500068664551,7.049099922180176,12731,9.101699829101562,1.6565699577331543,0.36774998903274536
1992,7,31,12,0,0.8355290293693542,9.123800277709961,275,7.984799861907959,7.311800003051758,13007,9.101699829101562,1.6583499908447266,0.35885998606681824
1992,7,31,15,0,0.8292829990386963,9.00730037689209,275,7.3917999267578125,6.191699981689453,12916,9.101699829101562,1.663290023803711,0.3804199993610382
1992,7,31,18,0,0.8170449733734131,8.762800216674805,265,7.053899765014648,5.976500034332275,12770,10.01200008392334,1.6768100261688232,0.41036999225616455
1992,7,31,21,0,0.8035039901733398,8.655099868774414,265,6.857900142669678,5.778600215911865,12069,10.01200008392334,1.639680027961731,0.42583999037742615
1992,8,1,0,0,0.7965229749679565,8.800299644470215,265,7.039400100708008,5.987400054931641,11064,9.101699829101562,1.5544400215148926,0.4227199852466583
1992,8,1,3,0,0.7911509871482849,8.984399795532227,265,7.1153998374938965,5.996200084686279,10065,9.101699829101562,1.4634000062942505,0.42667001485824585
1992,8,1,6,0,0.7944650053977966,9.309900283813477,255,7.4156999588012695,6.2932000160217285,9410,9.101699829101562,1.3851499557495117,0.4242599904537201
1992,8,1,9,0,0.8014169931411743,9.579700469970703,255,7.617000102996826,6.4390997886657715,9143,9.101699829101562,1.34211003780365,0.42260000109672546
1992,8,1,12,0,0.8060299754142761,9.72700023651123,255,7.692699909210205,6.452300071716309,8967,9.101699829101562,1.3165500164031982,0.4227699935436249
1992,8,1,15,0,0.8085950016975403,9.77869987487793,255,7.689899921417236,6.4222002029418945,8606,16.125999450683594,1.2848299741744995,0.4254800081253052
1992,8,1,18,0,0.8095809817314148,9.68120002746582,255,7.401299953460693,6.029600143432617,8106,16.125999450683594,1.2525500059127808,0.43689998984336853
1992,8,1,21,0,0.8092250227928162,9.277799606323242,255,6.688899993896484,5.313700199127197,7699,16.125999450683594,1.2475299835205078,0.4731700122356415
1992,8,2,0,0,0.8142319917678833,9.272700309753418,245,6.627799987792969,5.261199951171875,7299,16.125999450683594,1.213629961013794,0.4803600013256073
1992,8,2,3,0,0.822966992855072,9.815099716186523,245,7.341899871826172,5.950399875640869,6893,16.125999450683594,1.1424100399017334,0.4502600133419037
1992,8,2,6,0,0.8327289819717407,10.296699523925781,245,7.968999862670898,6.568299770355225,6665,16.125999450683594,1.0932799577713013,0.42517998814582825
1992,8,2,9,0,0.8400939702987671,10.630399703979492,245,8.424799919128418,7.059800148010254,6507,16.125999450683594,1.060539960861206,0.40904000401496887
1992,8,2,12,0,0.8454239964485168,10.827699661254883,245,8.681500434875488,7.348400115966797,6306,16.125999450683594,1.0327600240707397,0.4006600081920624
1992,8,2,15,0,0.8494309782981873,10.926400184631348,245,8.76710033416748,7.431300163269043,6033,14.659700393676758,1.0045499801635742,0.39879998564720154
1992,8,2,18,0,0.853210985660553,10.959699630737305,245,8.713899612426758,7.338200092315674,5726,14.659700393676758,0.9765200018882751,0.403439998626709
1992,8,2,21,0,0.8581569790840149,10.96399974822998,245,8.439599990844727,6.836100101470947,5470,14.659700393676758,0.9536200165748596,0.4135499894618988
1992,8,3,0,0,0.8643090128898621,10.314599990844727,245,6.8180999755859375,5.097099781036377,5415,14.659700393676758,0.9788200259208679,0.48159000277519226
1992,8,3,3,0,0.8674749732017517,10.257399559020996,235,6.6132001876831055,4.952199935913086,5438,14.659700393676758,0.9826099872589111,0.5005999803543091
1992,8,3,6,0,0.8714540004730225,10.537400245666504,235,7.0167999267578125,5.340799808502197,5474,14.659700393676758,0.9710299968719482,0.48875999450683594
1992,8,3,9,0,0.8745750188827515,10.792799949645996,235,7.395400047302246,5.690700054168701,5493,14.659700393676758,0.9600300192832947,0.4730300009250641
1992,8,3,12,0,0.8730019927024841,10.827899932861328,235,7.549799919128418,5.883699893951416,5541,14.659700393676758,0.9625599980354309,0.4693700075149536
1992,8,3,15,0,0.8698779940605164,10.549500465393066,245,7.39109992980957,5.873499870300293,5683,14.659700393676758,0.9887099862098694,0.4858599901199341
1992,8,3,18,0,0.8710139989852905,10.348199844360352,245,7.2571001052856445,5.833099842071533,5849,14.659700393676758,1.0133600234985352,0.49919000267982483
1992,8,3,21,0,0.8753100037574768,10.359299659729004,235,6.942299842834473,5.372300148010254,5850,13.326800346374512,1.0117499828338623,0.5066999793052673
1992,8,4,0,0,0.8747919797897339,9.8016996383667,235,6.143499851226807,4.729400157928467,5864,13.326800346374512,1.0422899723052979,0.5548999905586243
1992,8,4,3,0,0.8702549934387207,10.17490005493164,235,6.790500164031982,5.344399929046631,5674,13.326800346374512,1.0056400299072266,0.5236799716949463
1992,8,4,6,0,0.8674709796905518,10.402099609375,245,7.195300102233887,5.724699974060059,5568,13.326800346374512,0.9854599833488464,0.5015000104904175
1992,8,4,9,0,0.8691989779472351,10.750100135803223,245,7.6066999435424805,6.065899848937988,5617,13.326800346374512,0.972790002822876,0.4774099886417389
1992,8,4,12,0,0.8698830008506775,10.93589973449707,245,7.930300235748291,6.385000228881836,6010,13.326800346374512,0.9974300265312195,0.4600299894809723
1992,8,4,15,0,0.8627669811248779,10.713299751281738,245,7.976500034332275,6.5817999839782715,6737,16.125999450683594,1.0689500570297241,0.4593900144100189
1992,8,4,18,0,0.8574680089950562,10.617899894714355,245,8.001099586486816,6.667699813842773,7166,16.125999450683594,1.1081600189208984,0.455810010433197
1992,8,4,21,0,0.8593789935112,10.7608003616333,245,8.036100387573242,6.569399833679199,6989,16.125999450683594,1.0858500003814697,0.4458500146865845
1992,8,5,0,0,0.8632240295410156,10.781100273132324,245,7.6041998863220215,5.828000068664551,6579,16.125999450683594,1.0520800352096558,0.44530999660491943
1992,8,5,3,0,0.8650469779968262,11.228099822998047,245,8.349200248718262,6.5782999992370605,6205,16.125999450683594,1.0007200241088867,0.40953001379966736
1992,8,5,6,0,0.8646479845046997,11.4621000289917,245,8.78849983215332,6.955699920654297,6085,16.125999450683594,0.9821400046348572,0.3801400065422058
1992,8,5,9,0,0.8634889721870422,11.60420036315918,245,9.193400382995605,7.343999862670898,6276,16.125999450683594,0.9928900003433228,0.353300005197525
1992,8,5,12,0,0.8634459972381592,11.720199584960938,245,9.61870002746582,7.826300144195557,6668,14.659700393676758,1.0193899869918823,0.329120010137558
1992,8,5,15,0,0.8645399808883667,11.7947998046875,245,9.97189998626709,8.299799919128418,7081,14.659700393676758,1.0477800369262695,0.3114199936389923
1992,8,5,18,0,0.8660619854927063,11.809499740600586,245,10.186200141906738,8.65470027923584,7352,14.659700393676758,1.0675100088119507,0.30195000767707825
1992,8,5,21,0,0.8680239915847778,11.704299926757812,245,9.973099708557129,8.252799987792969,7382,14.659700393676758,1.075569987297058,0.30601999163627625
1992,8,6,0,0,0.8695150017738342,11.08430004119873,245,8.425800323486328,6.409200191497803,7288,14.659700393676758,1.1003999710083008,0.36515000462532043
1992,8,6,3,0,0.8710700273513794,10.842900276184082,245,8.152700424194336,6.264500141143799,7062,14.659700393676758,1.0970100164413452,0.3861199915409088
1992,8,6,6,0,0.8740249872207642,10.744400024414062,245,8.169500350952148,6.359099864959717,6794,10.01200008392334,1.0827200412750244,0.39107999205589294
1992,8,6,9,0,0.8755049705505371,9.570500373840332,245,6.67579984664917,5.136199951171875,7034,10.01200008392334,1.1739599704742432,0.4684000015258789
1992,8,6,12,0,0.8822810053825378,7.943900108337402,245,6.00600004196167,5.033100128173828,10005,10.01200008392334,1.558709979057312,0.49720001220703125
1992,8,6,15,0,0.8818230032920837,8.28499984741211,245,6.73960018157959,5.886600017547607,10782,9.101699829101562,1.5868099927902222,0.4417400062084198
1992,8,6,18,0,0.8781409859657288,8.542099952697754,245,7.015100002288818,6.188000202178955,10112,8.274100303649902,1.5101100206375122,0.43619000911712646
1992,8,6,21,0,0.8788999915122986,8.7677001953125,245,7.146900177001953,6.287099838256836,9466,8.274100303649902,1.437809944152832,0.44383999705314636
1992,8,7,0,0,0.878296971321106,8.69909954071045,245,6.629199981689453,5.513999938964844,9172,9.101699829101562,1.4179099798202515,0.4785600006580353
1992,8,7,3,0,0.8721449971199036,8.531399726867676,245,6.249899864196777,5.137400150299072,9310,9.101699829101562,1.441100001335144,0.5122699737548828
1992,8,7,6,0,0.8637719750404358,8.260100364685059,245,6.048399925231934,5.026199817657471,10209,9.101699829101562,1.536020040512085,0.5307199954986572
1992,8,7,9,0,0.8568249940872192,8.590999603271484,245,6.495500087738037,5.464200019836426,10926,9.101699829101562,1.557979941368103,0.5024999976158142
1992,8,7,12,0,0.8585569858551025,8.767900466918945,255,6.867499828338623,5.8927001953125,12089,10.01200008392334,1.6238800287246704,0.4747599959373474
1992,8,7,15,0,0.8586840033531189,9.006400108337402,255,7.292699813842773,6.373000144958496,13267,10.01200008392334,1.6793099641799927,0.44179999828338623
1992,8,7,18,0,0.8580880165100098,9.35219955444336,265,7.762800216674805,6.843699932098389,14510,10.01200008392334,1.721869945526123,0.4070900082588196
1992,8,7,21,0,0.86558997631073,9.615799903869629,265,7.993299961090088,6.900599956512451,16386,10.01200008392334,1.8024300336837769,0.3823699951171875
1992,8,8,0,0,0.8725770115852356,9.877900123596191,265,8.362600326538086,7.316100120544434,18385,10.01200008392334,1.8810299634933472,0.36223000288009644
1992,8,8,3,0,0.8774470090866089,10.105199813842773,265,8.782099723815918,7.945000171661377,19987,10.01200008392334,1.9366899728775024,0.34630000591278076
1992,8,8,6,0,0.880391001701355,10.217599868774414,265,8.972599983215332,8.224300384521484,21011,10.01200008392334,1.9734200239181519,0.33882999420166016
1992,8,8,9,0,0.8819490075111389,10.277700424194336,265,9.076299667358398,8.364999771118164,21359,11.013500213623047,1.9832799434661865,0.33324000239372253
1992,8,8,12,0,0.8822630047798157,10.306400299072266,265,9.130800247192383,8.4306001663208,21091,11.013500213623047,1.967769980430603,0.3287400007247925
1992,8,8,15,0,0.8777589797973633,10.052900314331055,265,8.38290023803711,7.079599857330322,20576,11.013500213623047,1.9689500331878662,0.35093000531196594
1992,8,8,18,0,0.8553699851036072,8.912799835205078,265,6.858500003814697,5.680500030517578,21874,11.013500213623047,2.1638801097869873,0.43472999334335327
1992,8,8,21,0,0.8439440131187439,8.871500015258789,265,6.942599773406982,5.833000183105469,22203,11.013500213623047,2.1853599548339844,0.43042999505996704
1992,8,9,0,0,0.8518319725990295,9.267000198364258,265,7.472499847412109,6.3632001876831055,23047,11.013500213623047,2.1745998859405518,0.3988099992275238
1992,8,9,3,0,0.8638499975204468,9.554300308227539,265,7.948500156402588,6.875500202178955,25634,11.013500213623047,2.2578299045562744,0.3658199906349182
1992,8,9,6,0,0.8716220259666443,9.8503999710083,265,8.482600212097168,7.5725998878479,27395,11.013500213623047,2.2959699630737305,0.337660014629364
1992,8,9,9,0,0.8768429756164551,10.149700164794922,265,8.934800148010254,8.139399528503418,28635,11.013500213623047,2.3082399368286133,0.3137100040912628
1992,8,9,12,0,0.8832330107688904,10.355400085449219,275,9.286600112915039,8.584600448608398,29862,11.013500213623047,2.3322999477386475,0.2903999984264374
1992,8,9,15,0,0.8871189951896667,10.382499694824219,275,9.420999526977539,8.795499801635742,29159,11.013500213623047,2.3041601181030273,0.2776699960231781
1992,8,9,18,0,0.884257972240448,10.297900199890137,275,9.388799667358398,8.815899848937988,26329,11.013500213623047,2.202239990234375,0.2759700119495392
1992,8,9,21,0,0.8799170255661011,10.164799690246582,265,9.266300201416016,8.718500137329102,22599,11.013500213623047,2.0571300983428955,0.28112998604774475
1992,8,10,0,0,0.8741660118103027,10.01200008392334,265,9.098899841308594,8.553199768066406,19011,10.01200008392334,1.9038000106811523,0.2890700101852417
1992,8,10,3,0,0.8665630221366882,9.868000030517578,265,8.930299758911133,8.378299713134766,15956,10.01200008392334,1.758389949798584,0.2976199984550476
1992,8,10,6,0,0.8559510111808777,9.742199897766113,265,8.749799728393555,8.18019962310791,13451,10.01200008392334,1.6246299743652344,0.3104499876499176
1992,8,10,9,0,0.8451539874076843,9.632399559020996,255,8.541600227355957,7.934700012207031,11543,10.01200008392334,1.5117299556732178,0.33006998896598816
1992,8,10,12,0,0.8489680290222168,9.55370044708252,255,8.373800277709961,7.7164998054504395,10514,14.659700393676758,1.4470100402832031,0.3465699851512909
1992,8,10,15,0,0.8665810227394104,9.535900115966797,255,8.389200210571289,7.724599838256836,10926,9.101699829101562,1.4778399467468262,0.340829998254776
1992,8,10,18,0,0.8887370228767395,9.5378999710083,255,8.476699829101562,7.800600051879883,12501,9.101699829101562,1.5846400260925293,0.32008999586105347
1992,8,10,21,0,0.9054409861564636,9.590299606323242,245,8.67549991607666,8.081600189208984,13655,9.101699829101562,1.65461003780365,0.2971700131893158
1992,8,11,0,0,0.914717972278595,9.558199882507324,245,8.651399612426758,7.940999984741211,13868,9.101699829101562,1.6725800037384033,0.2865999937057495
1992,8,11,3,0,0.9144570231437683,9.158100128173828,245,7.777400016784668,6.630799770355225,13645,9.101699829101562,1.697849988937378,0.32172998785972595
1992,8,11,6,0,0.9132720232009888,8.902299880981445,255,7.603000164031982,6.643700122833252,13280,9.101699829101562,1.7011499404907227,0.33469000458717346
1992,8,11,9,0,0.9115300178527832,8.900400161743164,255,7.696899890899658,6.815800189971924,12592,9.101699829101562,1.6572400331497192,0.3286899924278259
1992,8,11,12,0,0.9087169766426086,8.939499855041504,255,7.779699802398682,6.925899982452393,11808,9.101699829101562,1.6011699438095093,0.32513999938964844
1992,8,11,15,0,0.9037749767303467,8.910799980163574,255,7.69890022277832,6.778500080108643,10978,9.101699829101562,1.5461699962615967,0.33162999153137207
1992,8,11,18,0,0.8935319781303406,8.80840015411377,255,7.327300071716309,6.166500091552734,10032,9.101699829101562,1.4859600067138672,0.3529900014400482
1992,8,11,21,0,0.8846780061721802,8.972999572753906,255,7.616000175476074,6.6371002197265625,9038,9.101699829101562,1.39437997341156,0.35738998651504517
1992,8,12,0,0,0.8755970001220703,8.916600227355957,255,7.267000198364258,6.068900108337402,8257,8.274100303649902,1.3352400064468384,0.3802799880504608
1992,8,12,3,0,0.8711400032043457,8.045700073242188,255,6.2982001304626465,5.303199768066406,8487,8.274100303649902,1.4289000034332275,0.4448300004005432
1992,8,12,6,0,0.8690069913864136,7.783199787139893,255,6.364299774169922,5.557199954986572,9082,8.274100303649902,1.507449984550476,0.4316999912261963
1992,8,12,9,0,0.8631259799003601,7.963500022888184,255,6.609600067138672,5.813399791717529,8745,8.274100303649902,1.461840033531189,0.4169600009918213
1992,8,12,12,0,0.8574079871177673,8.116399765014648,255,6.812300205230713,6.041299819946289,8740,8.274100303649902,1.446969985961914,0.40779998898506165
1992,8,12,15,0,0.8558779954910278,8.263299942016602,265,7.046800136566162,6.33519983291626,9081,8.274100303649902,1.4617899656295776,0.3952000141143799
1992,8,12,18,0,0.8453860282897949,8.425600051879883,265,7.208199977874756,6.50600004196167,8912,8.274100303649902,1.4320800304412842,0.393530011177063
1992,8,12,21,0,0.8324800133705139,8.549200057983398,265,7.273499965667725,6.554200172424316,8399,8.274100303649902,1.37732994556427,0.4014599919319153
1992,8,13,0,0,0.8233469724655151,8.609100341796875,265,7.231200218200684,6.4217000007629395,7948,8.274100303649902,1.3334800004959106,0.4104200005531311
1992,8,13,3,0,0.8315979838371277,8.207099914550781,265,6.756100177764893,5.911499977111816,8582,8.274100303649902,1.4232200384140015,0.43053001165390015
1992,8,13,6,0,0.8422539830207825,8.154500007629395,265,6.926799774169922,6.225200176239014,9927,8.274100303649902,1.5406800508499146,0.4100100100040436
1992,8,13,9,0,0.8405500054359436,8.307000160217285,265,7.197500228881836,6.5665998458862305,10687,8.274100303649902,1.585569977760315,0.3921299874782562
1992,8,13,12,0,0.8354589939117432,8.449199676513672,275,7.389599800109863,6.80019998550415,10851,8.274100303649902,1.5839899778366089,0.383789986371994
1992,8,13,15,0,0.8283759951591492,8.550299644470215,275,7.493500232696533,6.918700218200684,10455,8.274100303649902,1.5443700551986694,0.38245001435279846
1992,8,13,18,0,0.8243039846420288,8.63070011138916,265,7.567500114440918,6.9980998039245605,10156,8.274100303649902,1.5138499736785889,0.38218000531196594
1992,8,13,21,0,0.83822101354599,8.683099746704102,275,7.672399997711182,7.1128997802734375,11202,8.274100303649902,1.5865700244903564,0.36945998668670654
1992,8,14,0,0,0.8338260054588318,8.706700325012207,275,7.654600143432617,7.087399959564209,11203,8.274100303649902,1.583340048789978,0.38029998540878296
1992,8,14,3,0,0.8208180069923401,8.724800109863281,265,7.473299980163574,6.745299816131592,10543,8.274100303649902,1.5312399864196777,0.40716999769210815
1992,8,14,6,0,0.8383809924125671,8.597599983215332,275,7.410900115966797,6.755899906158447,12359,8.274100303649902,1.6729999780654907,0.4047900140285492
1992,8,14,9,0,0.8441439867019653,8.508500099182129,275,7.316500186920166,6.6508002281188965,13668,8.274100303649902,1.770110011100769,0.40786001086235046
1992,8,14,12,0,0.8435969948768616,8.265700340270996,265,6.932799816131592,6.186399936676025,13884,8.274100303649902,1.8098399639129639,0.4373700022697449
1992,8,14,15,0,0.8492609858512878,8.26550006866455,265,6.899600028991699,6.183800220489502,13560,7.5218000411987305,1.7862000465393066,0.45379000902175903
1992,8,14,18,0,0.8427900075912476,8.22189998626709,265,6.578800201416016,5.736999988555908,11900,7.5218000411987305,1.672279953956604,0.4947499930858612
1992,8,14,21,0,0.8394579887390137,7.984799861907959,265,6.151700019836426,5.270500183105469,11090,19.513200759887695,1.6356899738311768,0.5306800007820129
1992,8,15,0,0,0.8372820019721985,7.454999923706055,265,5.692599773406982,4.9004998207092285,11827,6.837800025939941,1.7512500286102295,0.5545799732208252
1992,8,15,3,0,0.8368769884109497,7.592400074005127,265,5.933800220489502,5.143199920654297,13207,6.837800025939941,1.8347300291061401,0.5267000198364258
1992,8,15,6,0,0.8423889875411987,8.13640022277832,265,6.503799915313721,5.730599880218506,13998,17.73889923095703,1.8184599876403809,0.5032399892807007
1992,8,15,9,0,0.8454359769821167,8.61709976196289,255,6.831099987030029,6.0096001625061035,14252,17.73889923095703,1.7739100456237793,0.5052300095558167
1992,8,15,12,0,0.8545219898223877,8.91349983215332,255,6.957200050354004,6.068299770355225,14234,17.73889923095703,1.7364599704742432,0.5122399926185608
1992,8,15,15,0,0.8622499704360962,9.024100303649902,255,7.031599998474121,6.134699821472168,13900,17.73889923095703,1.7033699750900269,0.5118299722671509
1992,8,15,18,0,0.8636000156402588,9.01099967956543,255,6.918700218200684,5.929900169372559,12855,17.73889923095703,1.6386899948120117,0.5138800144195557
1992,8,15,21,0,0.8623369932174683,8.525699615478516,255,6.353300094604492,5.347099781036377,12403,17.73889923095703,1.6587599515914917,0.5355299711227417
1992,8,16,0,0,0.8571919798851013,7.887199878692627,255,6.046500205993652,5.19290018081665,14347,17.73889923095703,1.8667500019073486,0.5288500189781189
1992,8,16,3,0,0.8602210283279419,8.03969955444336,265,6.457399845123291,5.61899995803833,17589,7.5218000411987305,2.054800033569336,0.4714199900627136
1992,8,16,6,0,0.8611379861831665,8.513199806213379,265,7.172299861907959,6.4527997970581055,19824,8.274100303649902,2.119220018386841,0.42208999395370483
1992,8,16,9,0,0.8554289937019348,8.837699890136719,265,7.545100212097168,6.871799945831299,20132,16.125999450683594,2.091870069503784,0.40575000643730164
1992,8,16,12,0,0.8496959805488586,9.000900268554688,265,7.659900188446045,6.96750020980835,18818,16.125999450683594,1.9997700452804565,0.4070900082588196
1992,8,16,15,0,0.8443610072135925,9.058899879455566,265,7.638999938964844,6.911499977111816,16705,16.125999450683594,1.8744499683380127,0.4161899983882904
1992,8,16,18,0,0.8413529992103577,9.048500061035156,265,7.56689977645874,6.80649995803833,14979,16.125999450683594,1.7739900350570679,0.42412999272346497
1992,8,16,21,0,0.8407679796218872,8.94480037689209,265,7.308700084686279,6.367300033569336,14048,16.125999450683594,1.72816002368927,0.4316900074481964
1992,8,17,0,0,0.8422499895095825,8.240599632263184,265,6.429299831390381,5.464000225067139,14751,16.125999450683594,1.8510299921035767,0.4723699986934662
1992,8,17,3,0,0.8520410060882568,8.197999954223633,265,6.6905999183654785,5.832799911499023,16967,8.274100303649902,1.9982399940490723,0.43632999062538147
1992,8,17,6,0,0.8608989715576172,8.464500427246094,265,7.244200229644775,6.51170015335083,19617,8.274100303649902,2.120310068130493,0.3843899965286255
1992,8,17,9,0,0.864001989364624,8.680999755859375,275,7.622600078582764,7.005099773406982,20182,8.274100303649902,2.125200033187866,0.35558000206947327
1992,8,17,12,0,0.8573870062828064,8.712800025939941,265,7.644899845123291,7.0482001304626465,17452,8.274100303649902,1.9705300331115723,0.36129000782966614
1992,8,17,15,0,0.8552939891815186,8.696200370788574,265,7.565100193023682,6.949100017547607,14859,8.274100303649902,1.8171800374984741,0.37602999806404114
1992,8,17,18,0,0.8551779985427856,8.699899673461914,265,7.510200023651123,6.868500232696533,13386,8.274100303649902,1.722059965133667,0.38718000054359436
1992,8,17,21,0,0.854669988155365,8.462499618530273,265,6.9182000160217285,5.953800201416016,12665,8.274100303649902,1.698349952697754,0.4153900146484375
1992,8,18,0,0,0.8590369820594788,7.751299858093262,265,6.215199947357178,5.347400188446045,14103,8.274100303649902,1.8805999755859375,0.4453200101852417
1992,8,18,3,0,0.8690599799156189,7.993299961090088,265,6.802000045776367,6.081699848175049,16084,8.274100303649902,1.9831899404525757,0.3895699977874756
1992,8,18,6,0,0.8752779960632324,8.264100074768066,265,7.226799964904785,6.5991997718811035,17062,8.274100303649902,2.0098299980163574,0.35774001479148865
1992,8,18,9,0,0.8766459822654724,8.406200408935547,265,7.414700031280518,6.8292999267578125,17297,8.274100303649902,2.0055599212646484,0.3481700122356415
1992,8,18,12,0,0.8738099932670593,8.503499984741211,265,7.475500106811523,6.877399921417236,16473,8.274100303649902,1.943310022354126,0.35357001423835754
1992,8,18,15,0,0.8704130053520203,8.597399711608887,265,7.527200222015381,6.918799877166748,15387,8.274100303649902,1.8651100397109985,0.36052000522613525
1992,8,18,18,0,0.8668249845504761,8.657899856567383,265,7.528600215911865,6.853499889373779,14338,8.274100303649902,1.7924000024795532,0.364300012588501
1992,8,18,21,0,0.867343008518219,8.2524995803833,265,6.788000106811523,5.847700119018555,14126,9.101699829101562,1.8246500492095947,0.3975900113582611
1992,8,19,0,0,0.8717970252037048,7.87470006942749,265,6.513199806213379,5.66379976272583,15858,8.274100303649902,1.9853899478912354,0.3996799886226654
1992,8,19,3,0,0.8758999705314636,8.136799812316895,275,7.016300201416016,6.298399925231934,17572,8.274100303649902,2.057389974594116,0.361050009727478
1992,8,19,6,0,0.8848090171813965,8.412400245666504,275,7.458099842071533,6.86269998550415,19757,9.101699829101562,2.145859956741333,0.3301900029182434
1992,8,19,9,0,0.8858389854431152,8.574999809265137,275,7.639599800109863,7.051199913024902,20009,9.101699829101562,2.137579917907715,0.32131001353263855
1992,8,19,12,0,0.8796690106391907,8.640600204467773,275,7.668900012969971,7.075900077819824,18112,9.101699829101562,2.0233099460601807,0.32813000679016113
1992,8,19,15,0,0.8738899827003479,8.721599578857422,275,7.714799880981445,7.110099792480469,16043,10.01200008392334,1.8926600217819214,0.3328700065612793
1992,8,19,18,0,0.871213972568512,8.793899536132812,275,7.767000198364258,7.141499996185303,14490,10.01200008392334,1.7896900177001953,0.3325200080871582
1992,8,19,21,0,0.8711339831352234,8.787599563598633,275,7.656199932098389,6.872399806976318,13546,9.101699829101562,1.7307100296020508,0.33548998832702637
1992,8,20,0,0,0.8714460134506226,8.513500213623047,275,7.121099948883057,6.14300012588501,13252,9.101699829101562,1.7407100200653076,0.3609600067138672
1992,8,20,3,0,0.8686670064926147,8.54069995880127,275,7.338399887084961,6.554900169372559,12724,9.101699829101562,1.7028499841690063,0.35405999422073364
1992,8,20,6,0,0.8635050058364868,8.647199630737305,275,7.517899990081787,6.8024001121521,11959,9.101699829101562,1.6396600008010864,0.34762001037597656
1992,8,20,9,0,0.8601559996604919,8.73550033569336,275,7.6585001945495605,6.989500045776367,11507,9.101699829101562,1.5994900465011597,0.3422200083732605
1992,8,20,12,0,0.8590880036354065,8.763699531555176,275,7.744800090789795,7.127099990844727,11290,9.101699829101562,1.5821499824523926,0.33684998750686646
1992,8,20,15,0,0.8565030097961426,8.747200012207031,275,7.766200065612793,7.183599948883057,10758,9.101699829101562,1.546470046043396,0.3336600065231323
1992,8,20,18,0,0.8514189720153809,8.728899955749512,275,7.750500202178955,7.17519998550415,9921,9.101699829101562,1.4864699840545654,0.3337700068950653
1992,8,20,21,0,0.8465780019760132,8.72599983215332,275,7.674900054931641,7.002900123596191,9171,8.274100303649902,1.4284600019454956,0.33866000175476074
1992,8,21,0,0,0.8452969789505005,8.68910026550293,275,7.404399871826172,6.459400177001953,8911,8.274100303649902,1.409980058670044,0.35097000002861023
1992,8,21,3,0,0.8509780168533325,8.924699783325195,275,7.869100093841553,7.1631999015808105,9503,9.101699829101562,1.4357199668884277,0.33024999499320984
1992,8,21,6,0,0.8548960089683533,9.056699752807617,285,8.122400283813477,7.541299819946289,10149,9.101699829101562,1.4727400541305542,0.3148399889469147
1992,8,21,9,0,0.8549460172653198,9.095600128173828,285,8.185700416564941,7.642300128936768,9842,8.274100303649902,1.4464399814605713,0.3118799924850464
1992,8,21,12,0,0.8511530160903931,9.132800102233887,285,8.191100120544434,7.638700008392334,9077,8.274100303649902,1.3843499422073364,0.31499001383781433
1992,8,21,15,0,0.8508750200271606,9.1875,285,8.205300331115723,7.626999855041504,8479,8.274100303649902,1.3322399854660034,0.3168799877166748
1992,8,21,18,0,0.8558650016784668,9.23840045928955,285,8.231599807739258,7.617800235748291,8218,8.274100303649902,1.307229995727539,0.31501999497413635
1992,8,21,21,0,0.8622540235519409,9.179100036621094,285,7.923799991607666,6.895899772644043,8143,8.274100303649902,1.3060699701309204,0.31949999928474426
1992,8,22,0,0,0.8686299920082092,9.045599937438965,285,7.592599868774414,6.43310022354126,8255,12.114999771118164,1.3258899450302124,0.3324100077152252
1992,8,22,3,0,0.8761739730834961,9.133500099182129,285,7.9415998458862305,7.015699863433838,8501,12.114999771118164,1.3400299549102783,0.3150799870491028
1992,8,22,6,0,0.8860790133476257,9.197199821472168,285,8.203100204467773,7.495299816131592,9194,11.013500213623047,1.3902499675750732,0.2980700135231018
1992,8,22,9,0,0.9000080227851868,9.242300033569336,285,8.375399589538574,7.792099952697754,10758,11.013500213623047,1.5020300149917603,0.28101998567581177
1992,8,22,12,0,0.9086390137672424,9.207099914550781,285,8.398099899291992,7.878300189971924,12063,10.01200008392334,1.5950700044631958,0.2753700017929077
1992,8,22,15,0,0.9114990234375,9.170599937438965,285,8.360300064086914,7.856200218200684,12364,10.01200008392334,1.6180200576782227,0.27897998690605164
1992,8,22,18,0,0.9124550223350525,9.172699928283691,285,8.324899673461914,7.807400226593018,12060,9.101699829101562,1.596250057220459,0.2863999903202057
1992,8,22,21,0,0.9129859805107117,9.198399543762207,285,8.296199798583984,7.74970006942749,11494,9.101699829101562,1.5540200471878052,0.2950100004673004
1992,8,23,0,0,0.9136139750480652,9.228300094604492,285,8.25,7.625100135803223,10917,13.326800346374512,1.510159969329834,0.3034000098705292
1992,8,23,3,0,0.9146230220794678,9.254400253295898,285,8.22350025177002,7.544899940490723,10404,12.114999771118164,1.470810055732727,0.30873000621795654
1992,8,23,6,0,0.9158809781074524,9.288399696350098,285,8.250300407409668,7.5970001220703125,9945,12.114999771118164,1.4342299699783325,0.3101600110530853
1992,8,23,9,0,0.9171379804611206,9.32040023803711,285,8.264200210571289,7.6006999015808105,9667,12.114999771118164,1.4108699560165405,0.31007999181747437
1992,8,23,12,0,0.917356014251709,9.310099601745605,285,8.245599746704102,7.580699920654297,9539,12.114999771118164,1.4025800228118896,0.311379998922348
1992,8,23,15,0,0.9161909818649292,9.215100288391113,285,8.142900466918945,7.4882001876831055,9402,11.013500213623047,1.4009100198745728,0.3166700005531311
1992,8,23,18,0,0.9142100214958191,9.114500045776367,275,8.0108003616333,7.3429999351501465,8988,11.013500213623047,1.378290057182312,0.32332998514175415
1992,8,23,21,0,0.913116991519928,9.09689998626709,275,7.939000129699707,7.224699974060059,8362,11.013500213623047,1.3308099508285522,0.3274500072002411
1992,8,24,0,0,0.9122779965400696,9.130200386047363,275,7.903800010681152,7.105599880218506,7800,11.013500213623047,1.2826999425888062,0.32989999651908875
1992,8,24,3,0,0.9115899801254272,9.16569995880127,275,7.866099834442139,6.965199947357178,7314,11.013500213623047,1.2395299673080444,0.3315199911594391
1992,8,24,6,0,0.910709023475647,9.146499633789062,275,7.682400226593018,6.571100234985352,6843,11.013500213623047,1.2006499767303467,0.3347199857234955
1992,8,24,9,0,0.9099100232124329,9.151300430297852,275,7.662399768829346,6.563700199127197,6402,11.013500213623047,1.1612499952316284,0.3356800079345703
1992,8,24,12,0,0.9097989797592163,9.208000183105469,275,7.768599987030029,6.702899932861328,5989,11.013500213623047,1.1200499534606934,0.3288300037384033
1992,8,24,15,0,0.9097650051116943,9.27750015258789,275,7.899199962615967,6.856500148773193,5605,10.01200008392334,1.0798200368881226,0.32058998942375183
1992,8,24,18,0,0.9089400172233582,9.338899612426758,275,8.027099609375,7.014599800109863,5245,10.01200008392334,1.0413999557495117,0.313620001077652
1992,8,24,21,0,0.9078969955444336,9.31820011138916,275,7.921199798583984,6.736700057983398,4925,10.01200008392334,1.0108200311660767,0.31178000569343567
1992,8,25,0,0,0.9063220024108887,8.254300117492676,275,6.019100189208984,4.762499809265137,4922,10.01200008392334,1.0771900415420532,0.417820006608963
1992,8,25,3,0,0.9013050198554993,7.23390007019043,275,5.281799793243408,4.3541998863220215,5433,10.01200008392334,1.2140699625015259,0.4810900092124939
1992,8,25,6,0,0.9052810072898865,7.485000133514404,275,5.8632001876831055,4.995699882507324,5470,9.101699829101562,1.197309970855713,0.4395900070667267
1992,8,25,9,0,0.9116809964179993,7.745999813079834,275,6.271500110626221,5.420599937438965,5352,9.101699829101562,1.1635899543762207,0.4097599983215332
1992,8,25,12,0,0.9170560240745544,7.962500095367432,275,6.55649995803833,5.708000183105469,5326,9.101699829101562,1.1436500549316406,0.3905400037765503
1992,8,25,15,0,0.9229609966278076,8.235300064086914,275,6.84060001373291,5.965199947357178,5448,9.101699829101562,1.1352399587631226,0.37380000948905945
1992,8,25,18,0,0.9279199838638306,8.572799682617188,275,7.172900199890137,6.240499973297119,5574,11.013500213623047,1.123329997062683,0.3536199927330017
1992,8,25,21,0,0.9306529760360718,8.797100067138672,275,7.269400119781494,6.125699996948242,5601,11.013500213623047,1.1107499599456787,0.3390600085258484
1992,8,26,0,0,0.9289519786834717,7.8592000007629395,275,5.758500099182129,4.639599800109863,6090,11.013500213623047,1.229259967803955,0.43244999647140503
1992,8,26,3,0,0.9204130172729492,7.2378997802734375,275,5.415299892425537,4.5142998695373535,7199,11.013500213623047,1.397070050239563,0.4626399874687195
1992,8,26,6,0,0.9231929779052734,7.655099868774414,275,6.021100044250488,5.110599994659424,7703,10.01200008392334,1.4040100574493408,0.41940000653266907
1992,8,26,9,0,0.9312390089035034,8.130399703979492,275,6.573599815368652,5.604899883270264,8234,10.01200008392334,1.4069900512695312,0.3813999891281128
1992,8,26,12,0,0.93927001953125,8.533300399780273,275,7.0665998458862305,6.047399997711182,8977,10.01200008392334,1.4329400062561035,0.34703999757766724
1992,8,26,15,0,0.9453790187835693,8.851200103759766,275,7.514200210571289,6.482399940490723,9541,10.01200008392334,1.4500099420547485,0.3152399957180023
1992,8,26,18,0,0.9489279985427856,8.964400291442871,275,7.613999843597412,6.477499961853027,9811,10.01200008392334,1.461359977722168,0.3002699911594391
1992,8,26,21,0,0.9478989839553833,8.542799949645996,275,6.78980016708374,5.547900199890137,10203,10.01200008392334,1.5276199579238892,0.34782999753952026
1992,8,27,0,0,0.9394099712371826,7.947400093078613,275,6.207200050354004,5.171299934387207,11250,10.01200008392334,1.6641700267791748,0.39893999695777893
1992,8,27,3,0,0.9338589906692505,7.897299766540527,275,6.339300155639648,5.396999835968018,12203,10.01200008392334,1.7380199432373047,0.3949100077152252
1992,8,27,6,0,0.9330310225486755,8.19909954071045,275,6.8643999099731445,6.021999835968018,13027,10.01200008392334,1.7595200538635254,0.367220014333725
1992,8,27,9,0,0.9344019889831543,8.507699966430664,275,7.268599987030029,6.489799976348877,13869,11.013500213623047,1.7781800031661987,0.3507699966430664
1992,8,27,12,0,0.9366229772567749,8.76259994506836,275,7.557300090789795,6.794600009918213,14533,11.013500213623047,1.7899600267410278,0.33972999453544617
1992,8,27,15,0,0.9376800060272217,8.897299766540527,275,7.71750020980835,6.968800067901611,14897,13.326800346374512,1.7969000339508057,0.33289000391960144
1992,8,27,18,0,0.9371680021286011,8.939399719238281,275,7.808800220489502,7.084700107574463,15056,12.114999771118164,1.8032200336456299,0.324070006608963
1992,8,27,21,0,0.936909019947052,8.699199676513672,285,7.248199939727783,6.190499782562256,15206,12.114999771118164,1.8402899503707886,0.34057000279426575
1992,8,28,0,0,0.9323109984397888,7.975500106811523,285,6.5243000984191895,5.603799819946289,17463,12.114999771118164,2.068660020828247,0.37599000334739685
1992,8,28,3,0,0.9300379753112793,8.103300094604492,285,6.918799877166748,6.111700057983398,19621,11.013500213623047,2.1800100803375244,0.3389500081539154
1992,8,28,6,0,0.9287350177764893,8.242500305175781,285,7.210100173950195,6.504899978637695,19801,11.013500213623047,2.1724300384521484,0.31887000799179077
1992,8,28,9,0,0.9246259927749634,8.285099983215332,285,7.326000213623047,6.676300048828125,18695,11.013500213623047,2.1068599224090576,0.30952998995780945
1992,8,28,12,0,0.9218360185623169,8.276800155639648,285,7.345799922943115,6.697400093078613,16772,9.101699829101562,1.9985100030899048,0.3028700053691864
1992,8,28,15,0,0.9221010208129883,8.29170036315918,285,7.457300186157227,6.9105000495910645,14707,10.01200008392334,1.8714300394058228,0.2918500006198883
1992,8,28,18,0,0.9231169819831848,8.295100212097168,285,7.487100124359131,6.9653000831604,12613,10.01200008392334,1.7330700159072876,0.2884800136089325
1992,8,28,21,0,0.9212489724159241,8.34160041809082,285,7.482399940490723,6.925099849700928,10911,10.01200008392334,1.6050200462341309,0.29701998829841614
1992,8,29,0,0,0.9144880175590515,8.316100120544434,285,7.144000053405762,6.2677001953125,9804,10.01200008392334,1.5203200578689575,0.3251599967479706
1992,8,29,3,0,0.9000290036201477,8.337599754333496,285,7.068299770355225,6.1828999519348145,8778,10.01200008392334,1.4332499504089355,0.3442800045013428
1992,8,29,6,0,0.8820379972457886,8.315400123596191,275,7.026899814605713,6.1793999671936035,7626,13.326800346374512,1.3363699913024902,0.3554899990558624
1992,8,29,9,0,0.8591279983520508,8.267200469970703,275,6.984600067138672,6.16510009765625,6547,9.101699829101562,1.2420799732208252,0.3606500029563904
1992,8,29,12,0,0.838483989238739,8.287199974060059,275,6.984000205993652,6.158599853515625,5799,9.101699829101562,1.1673400402069092,0.3638800084590912
1992,8,29,15,0,0.8290219902992249,8.390700340270996,265,7.031000137329102,6.1666998863220215,5267,9.101699829101562,1.1043399572372437,0.36517998576164246
1992,8,29,18,0,0.8275279998779297,8.507599830627441,265,7.080699920654297,6.164000034332275,4774,12.114999771118164,1.0427900552749634,0.3659000098705292
1992,8,29,21,0,0.8257480263710022,8.541299819946289,265,6.916999816894531,5.822199821472168,4193,12.114999771118164,0.9744200110435486,0.37459999322891235
1992,8,30,0,0,0.8246489763259888,8.215800285339355,265,6.124899864196777,4.906700134277344,3713,12.114999771118164,0.9348499774932861,0.4219900071620941
1992,8,30,3,0,0.8276810050010681,8.433199882507324,265,6.351399898529053,5.110400199890137,3580,12.114999771118164,0.9046800136566162,0.4156000018119812
1992,8,30,6,0,0.8549900054931641,9.245599746704102,275,7.707200050354004,6.461999893188477,5014,11.013500213623047,1.0225000381469727,0.3245899975299835
1992,8,30,9,0,0.9043170213699341,9.499799728393555,275,8.690699577331543,7.931000232696533,9217,11.013500213623047,1.3733500242233276,0.2447499930858612
1992,8,30,12,0,0.9227150082588196,9.311100006103516,275,8.750800132751465,8.344200134277344,12819,10.01200008392334,1.6421200037002563,0.22548000514507294
1992,8,30,15,0,0.9256399869918823,9.100700378417969,275,8.546600341796875,8.200799942016602,13557,10.01200008392334,1.711400032043457,0.23145000636577606
1992,8,30,18,0,0.9234449863433838,8.934399604797363,275,8.310199737548828,7.869100093841553,13081,10.01200008392334,1.6986099481582642,0.24155999720096588
1992,8,30,21,0,0.9125769734382629,8.451299667358398,275,7.284299850463867,6.30109977722168,12626,9.101699829101562,1.7186100482940674,0.29556000232696533
1992,8,31,0,0,0.9064310193061829,8.278599739074707,265,7.146200180053711,6.279600143432617,11948,9.101699829101562,1.6899000406265259,0.31123998761177063
1992,8,31,3,0,0.9049689769744873,8.35219955444336,265,7.259900093078613,6.408899784088135,10890,9.101699829101562,1.6055400371551514,0.30840998888015747
1992,8,31,6,0,0.9048029780387878,8.401399612426758,265,7.346099853515625,6.521299839019775,9992,9.101699829101562,1.5329099893569946,0.3071900010108948
1992,8,31,9,0,0.9036110043525696,8.459099769592285,265,7.532700061798096,6.876299858093262,9281,9.101699829101562,1.4715700149536133,0.3039200007915497
1992,8,31,12,0,0.8952800035476685,8.552399635314941,265,7.6656999588012695,7.079999923706055,9124,9.101699829101562,1.4492100477218628,0.30445000529289246
1992,8,31,15,0,0.8835890293121338,8.78909969329834,275,7.937399864196777,7.384399890899658,10298,10.01200008392334,1.5164799690246582,0.29295000433921814
1992,8,31,18,0,0.8827099800109863,8.84280014038086,275,8.072799682617188,7.575300216674805,11321,9.101699829101562,1.5870800018310547,0.2791999876499176
1992,8,31,21,0,0.8771499991416931,8.729499816894531,275,7.979499816894531,7.5167999267578125,10577,9.101699829101562,1.5455600023269653,0.2857699990272522
1992,9,1,0,0,0.8673589825630188,8.594599723815918,275,7.750100135803223,7.210999965667725,9055,9.101699829101562,1.4403899908065796,0.30856001377105713
1992,9,1,3,0,0.8605690002441406,8.383500099182129,265,7.173699855804443,6.244200229644775,7998,8.274100303649902,1.3696000576019287,0.3425599932670593
1992,9,1,6,0,0.8551430106163025,8.251999855041504,265,6.905399799346924,5.962500095367432,7399,8.274100303649902,1.325909972190857,0.36809998750686646
1992,9,1,9,0,0.8512719869613647,8.298999786376953,265,7.009799957275391,6.176499843597412,6907,8.274100303649902,1.2748500108718872,0.3755800127983093
1992,9,1,12,0,0.8476880192756653,8.425200462341309,265,7.149099826812744,6.357600212097168,6389,8.274100303649902,1.213919997215271,0.381089985370636
1992,9,1,15,0,0.8430560231208801,8.57800006866455,265,7.255199909210205,6.469399929046631,5843,8.274100303649902,1.1469999551773071,0.3929400146007538
1992,9,1,18,0,0.8396239876747131,8.669099807739258,255,7.205900192260742,6.351900100708008,5383,7.5218000411987305,1.0918999910354614,0.41269001364707947
1992,9,1,21,0,0.8386790156364441,8.585000038146973,255,6.846199989318848,5.832799911499023,5043,7.5218000411987305,1.0600899457931519,0.44203999638557434
1992,9,2,0,0,0.8370050191879272,8.158300399780273,255,6.071400165557861,4.998499870300293,4826,14.659700393676758,1.0637199878692627,0.49079999327659607
1992,9,2,3,0,0.8322870135307312,7.777500152587891,255,5.774799823760986,4.835400104522705,4748,14.659700393676758,1.0815099477767944,0.5156400203704834
1992,9,2,6,0,0.8279659748077393,7.501699924468994,255,5.797599792480469,5.009699821472168,4895,14.659700393676758,1.1205999851226807,0.5082200169563293
1992,9,2,9,0,0.8280320167541504,7.401299953460693,255,5.852099895477295,5.117099761962891,4928,14.659700393676758,1.1338499784469604,0.4925299882888794
1992,9,2,12,0,0.8320239782333374,7.361499786376953,255,5.903800010681152,5.199999809265137,4949,6.216100215911865,1.140679955482483,0.4802500009536743
1992,9,2,15,0,0.834089994430542,7.521500110626221,265,6.081699848175049,5.362599849700928,5042,6.216100215911865,1.139430046081543,0.4638200104236603
1992,9,2,18,0,0.8296269774436951,7.837800025939941,265,6.369100093841553,5.571700096130371,5437,9.101699829101562,1.1597100496292114,0.4389599859714508
1992,9,2,21,0,0.8263829946517944,7.886899948120117,275,6.227399826049805,5.250999927520752,6112,9.101699829101562,1.2277799844741821,0.43470999598503113
1992,9,3,0,0,0.8318610191345215,7.35129976272583,275,5.623899936676025,4.729800224304199,6977,9.101699829101562,1.3621000051498413,0.4734799861907959
1992,9,3,3,0,0.830715000629425,7.425000190734863,275,5.878399848937988,5.041999816894531,7307,8.274100303649902,1.3872400522232056,0.4549599885940552
1992,9,3,6,0,0.8326020240783691,7.378399848937988,275,5.96120023727417,5.1757001876831055,7554,8.274100303649902,1.4164199829101562,0.44189000129699707
1992,9,3,9,0,0.830964982509613,7.370100021362305,275,5.993899822235107,5.221700191497803,7316,8.274100303649902,1.3952100276947021,0.43494001030921936
1992,9,3,12,0,0.821586012840271,7.541900157928467,275,6.125899791717529,5.343100070953369,6353,8.274100303649902,1.2831799983978271,0.43358999490737915
1992,9,3,15,0,0.8155019879341125,7.765900135040283,265,6.204100131988525,5.318600177764893,5473,9.101699829101562,1.171679973602295,0.4319100081920624
1992,9,3,18,0,0.8145599961280823,7.868899822235107,265,6.17549991607666,5.19950008392334,5023,9.101699829101562,1.1144700050354004,0.43154001235961914
1992,9,3,21,0,0.8171229958534241,7.954599857330322,265,6.271900177001953,5.263000011444092,4943,8.274100303649902,1.0999000072479248,0.4215700030326843
1992,9,4,0,0,0.8194680213928223,7.9918999671936035,265,6.3256001472473145,5.306000232696533,5013,8.274100303649902,1.1051499843597412,0.41721001267433167
1992,9,4,3,0,0.8188760280609131,8.17710018157959,265,6.661499977111816,5.722599983215332,4985,8.274100303649902,1.088070034980774,0.4061099886894226
1992,9,4,6,0,0.8185129761695862,8.065999984741211,265,6.430500030517578,5.437699794769287,4976,8.274100303649902,1.0938899517059326,0.4243299961090088
1992,9,4,9,0,0.8266469836235046,7.562099933624268,265,6.061800003051758,5.253499984741211,5456,8.274100303649902,1.1851099729537964,0.4522300064563751
1992,9,4,12,0,0.8316959738731384,7.359300136566162,265,5.964000225067139,5.210899829864502,5848,8.274100303649902,1.245669960975647,0.45208999514579773
1992,9,4,15,0,0.8325549960136414,7.199100017547607,265,5.833899974822998,5.111199855804443,5961,7.5218000411987305,1.2724100351333618,0.4587399959564209
1992,9,4,18,0,0.8295390009880066,7.205100059509277,265,5.811500072479248,5.0782999992370605,5703,7.5218000411987305,1.2432299852371216,0.4638200104236603
1992,9,4,21,0,0.8251169919967651,6.868800163269043,265,5.230599880218506,4.4446001052856445,5394,7.5218000411987305,1.238379955291748,0.5097000002861023
1992,9,5,0,0,0.8262270092964172,6.313399791717529,265,4.939799785614014,4.286799907684326,6383,5.650899887084961,1.4110900163650513,0.5116099715232849
1992,9,5,3,0,0.8369749784469604,6.446499824523926,275,5.322400093078613,4.688700199127197,8261,6.216100215911865,1.594920039176941,0.4387899935245514
1992,9,5,6,0,0.8409140110015869,6.860000133514404,275,5.878900051116943,5.305099964141846,8545,6.837800025939941,1.5716500282287598,0.3976899981498718
1992,9,5,9,0,0.8290789723396301,7.105599880218506,275,6.07289981842041,5.501999855041504,7361,6.837800025939941,1.4290900230407715,0.4066399931907654
1992,9,5,12,0,0.8168349862098694,7.3649001121521,265,6.1855998039245605,5.551599979400635,6279,6.837800025939941,1.2917200326919556,0.4228900074958801
1992,9,5,15,0,0.8104239702224731,7.6554999351501465,265,6.355800151824951,5.649099826812744,5660,7.5218000411987305,1.199429988861084,0.42594000697135925
1992,9,5,18,0,0.8038330078125,7.905700206756592,265,6.5524001121521,5.798099994659424,5306,7.5218000411987305,1.1405999660491943,0.41988998651504517
1992,9,5,21,0,0.7982069849967957,8.043100357055664,265,6.636300086975098,5.801700115203857,5074,14.659700393676758,1.1049799919128418,0.4135099947452545
1992,9,6,0,0,0.7959210276603699,7.644000053405762,265,5.854800224304199,4.854899883270264,5007,14.659700393676758,1.1277199983596802,0.452239990234375
1992,9,6,3,0,0.7892850041389465,7.723700046539307,265,6.044300079345703,5.094200134277344,4818,8.274100303649902,1.1001100540161133,0.443340003490448
1992,9,6,6,0,0.7830979824066162,7.857999801635742,265,6.280700206756592,5.3871002197265625,4603,8.274100303649902,1.0651400089263916,0.4327099919319153
1992,9,6,9,0,0.7808889746665955,7.895299911499023,265,6.34660005569458,5.478499889373779,4463,8.274100303649902,1.0455800294876099,0.43129000067710876
1992,9,6,12,0,0.7802159786224365,7.899600028991699,265,6.357699871063232,5.509699821472168,4399,7.5218000411987305,1.0369199514389038,0.43400999903678894
1992,9,6,15,0,0.7781209945678711,8.025500297546387,265,6.448299884796143,5.579899787902832,4251,13.326800346374512,1.0096399784088135,0.43342000246047974
1992,9,6,18,0,0.775538980960846,8.253499984741211,265,6.628799915313721,5.717100143432617,4032,13.326800346374512,0.9674699902534485,0.42851999402046204
1992,9,6,21,0,0.7771909832954407,8.450900077819824,255,6.770500183105469,5.793900012969971,3797,13.326800346374512,0.9261299967765808,0.4239799976348877
1992,9,7,0,0,0.7804890275001526,8.57610034942627,255,6.822299957275391,5.764500141143799,3551,13.326800346374512,0.8880599737167358,0.421999990940094
1992,9,7,3,0,0.7829989790916443,8.747699737548828,255,7.075200080871582,6.092700004577637,3299,13.326800346374512,0.8465499877929688,0.4147700071334839
1992,9,7,6,0,0.7851870059967041,8.895000457763672,255,7.2210001945495605,6.231100082397461,3063,13.326800346374512,0.8082900047302246,0.4086399972438812
1992,9,7,9,0,0.788864016532898,9.034700393676758,255,7.335299968719482,6.321100234985352,2894,13.326800346374512,0.7788800001144409,0.4022899866104126
1992,9,7,12,0,0.7985479831695557,8.857600212097168,255,7.100599765777588,6.092100143432617,2936,13.326800346374512,0.7930200099945068,0.4132100045681
1992,9,7,15,0,0.8165500164031982,7.172999858856201,255,5.1407999992370605,4.192999839782715,3726,12.114999771118164,1.0030699968338013,0.5107300281524658
1992,9,7,18,0,0.8213210105895996,6.119100093841553,245,4.838600158691406,4.2210001945495605,6187,6.216100215911865,1.4142999649047852,0.491349995136261
1992,9,7,21,0,0.8061239719390869,6.173799991607666,235,5.149499893188477,4.559700012207031,10447,6.837800025939941,1.8402099609375,0.41075000166893005
1992,9,8,0,0,0.7820670008659363,6.667200088500977,235,5.670199871063232,5.024400234222412,19513,7.5218000411987305,2.424649953842163,0.35677000880241394
1992,9,8,3,0,0.8021969795227051,7.75600004196167,255,6.7307000160217285,6.003799915313721,32658,9.101699829101562,2.8935298919677734,0.317220002412796
1992,9,8,6,0,0.850400984287262,8.602899551391602,265,7.660900115966797,6.998000144958496,37977,10.01200008392334,2.9441800117492676,0.2886900007724762
1992,9,8,9,0,0.8726549744606018,9.10099983215332,275,8.201000213623047,7.5665998458862305,37995,11.013500213623047,2.850450038909912,0.2730099856853485
1992,9,8,12,0,0.882457971572876,9.387100219726562,275,8.57409954071045,8.020500183105469,35965,11.013500213623047,2.7247400283813477,0.258109986782074
1992,9,8,15,0,0.8883320093154907,9.465499877929688,275,8.689299583435059,8.179800033569336,32634,11.013500213623047,2.583280086517334,0.25372999906539917
1992,9,8,18,0,0.8947880268096924,9.46560001373291,275,8.695799827575684,8.198599815368652,29532,11.013500213623047,2.457479953765869,0.2539699971675873
1992,9,8,21,0,0.9026100039482117,9.413700103759766,275,8.50469970703125,7.775599956512451,26870,11.013500213623047,2.3510398864746094,0.2612999975681305
1992,9,9,0,0,0.9090480208396912,8.94629955291748,275,7.5945000648498535,6.547999858856201,25184,11.013500213623047,2.3380799293518066,0.31095001101493835
1992,9,9,3,0,0.9128310084342957,8.89799976348877,275,7.701300144195557,6.802800178527832,23488,11.013500213623047,2.2659800052642822,0.30546000599861145
1992,9,9,6,0,0.9154620170593262,8.946900367736816,275,7.849999904632568,7.0346999168396,21734,10.01200008392334,2.174410104751587,0.2962000072002411
1992,9,9,9,0,0.9164909720420837,9.107999801635742,275,8.148799896240234,7.467599868774414,19995,10.01200008392334,2.0663299560546875,0.28064000606536865
1992,9,9,12,0,0.9161810278892517,9.29259967803955,275,8.4266996383667,7.818900108337402,18435,10.01200008392334,1.9629299640655518,0.2662400007247925
1992,9,9,15,0,0.914792001247406,9.42490005493164,275,8.628399848937988,8.083600044250488,17100,10.01200008392334,1.8759599924087524,0.2579199969768524
1992,9,9,18,0,0.9128990173339844,9.496000289916992,275,8.729100227355957,8.226799964904785,15836,10.01200008392334,1.7972400188446045,0.2573600113391876
1992,9,9,21,0,0.9114959836006165,9.534799575805664,275,8.760499954223633,8.260199546813965,14630,10.01200008392334,1.7226899862289429,0.2608200013637543
1992,9,10,0,0,0.9111369848251343,9.451700210571289,275,8.320799827575684,7.249100208282471,13646,10.01200008392334,1.6704100370407104,0.2780500054359436
1992,9,10,3,0,0.9117339849472046,9.203499794006348,275,7.680099964141846,6.4421000480651855,13166,10.01200008392334,1.661829948425293,0.3192099928855896
1992,9,10,6,0,0.913748025894165,9.079099655151367,275,7.446400165557861,6.214799880981445,13086,10.01200008392334,1.6671099662780762,0.33862000703811646
1992,9,10,9,0,0.9174150228500366,9.251099586486816,275,7.801599979400635,6.688799858093262,13233,10.01200008392334,1.6588399410247803,0.32537999749183655
1992,9,10,12,0,0.9204419851303101,9.559200286865234,275,8.317899703979492,7.309299945831299,13957,10.01200008392334,1.6734399795532227,0.29927998781204224
1992,9,10,15,0,0.9253519773483276,9.796099662780762,285,8.715200424194336,7.779799938201904,15138,10.01200008392334,1.7198599576950073,0.27702999114990234
1992,9,10,18,0,0.9272260069847107,9.899499893188477,285,8.878199577331543,7.976399898529053,15990,11.013500213623047,1.7573599815368652,0.2684899866580963
1992,9,10,21,0,0.9244080185890198,9.707900047302246,285,8.300100326538086,7.023099899291992,16418,11.013500213623047,1.7986799478530884,0.2933099865913391
1992,9,11,0,0,0.9172790050506592,8.588800430297852,285,6.768700122833252,5.635700225830078,18281,11.013500213623047,2.02551007270813,0.3886300027370453
1992,9,11,3,0,0.9108690023422241,8.148699760437012,285,6.591000080108643,5.635300159454346,21168,11.013500213623047,2.2467598915100098,0.39120998978614807
1992,9,11,6,0,0.9046409726142883,8.513799667358398,285,7.18310022354126,6.3094000816345215,21173,11.013500213623047,2.1971499919891357,0.3551799952983856
1992,9,11,9,0,0.8937150239944458,8.843400001525879,275,7.545199871063232,6.668700218200684,19755,11.013500213623047,2.077630043029785,0.3418099880218506
1992,9,11,12,0,0.881754994392395,9.055800437927246,275,7.835400104522705,7.030200004577637,18904,11.013500213623047,2.005419969558716,0.3325999975204468
1992,9,11,15,0,0.8671910166740417,9.169400215148926,275,7.999000072479248,7.24459981918335,18331,11.013500213623047,1.9610600471496582,0.3280799984931946
1992,9,11,18,0,0.8532450199127197,9.042099952697754,275,7.706399917602539,6.755499839782715,18163,10.01200008392334,1.966789960861206,0.3401600122451782
1992,9,11,21,0,0.8470799922943115,8.353300094604492,275,6.8078999519348145,5.821700096130371,19967,10.01200008392334,2.152859926223755,0.3852899968624115
1992,9,12,0,0,0.8456479907035828,7.902900218963623,275,6.562900066375732,5.735799789428711,24466,9.101699829101562,2.4609498977661133,0.38585999608039856
1992,9,12,3,0,0.8430579900741577,8.158100128173828,275,6.969900131225586,6.173999786376953,27623,8.274100303649902,2.576620101928711,0.3515700101852417
1992,9,12,6,0,0.8372079730033875,8.246999740600586,275,7.088099956512451,6.301599979400635,29717,8.274100303649902,2.658370018005371,0.3441700041294098
1992,9,12,9,0,0.8119909763336182,8.392600059509277,275,7.164000034332275,6.355000019073486,25583,8.274100303649902,2.4383199214935303,0.3564999997615814
1992,9,12,12,0,0.7900339961051941,8.565400123596191,265,7.202099800109863,6.3292999267578125,21718,9.101699829101562,2.2158401012420654,0.3732999861240387
1992,9,12,15,0,0.7825090289115906,8.685099601745605,265,7.241199970245361,6.321400165557861,20355,9.101699829101562,2.126420021057129,0.37999001145362854
1992,9,12,18,0,0.7816900014877319,8.678099632263184,265,7.133900165557861,6.145899772644043,19958,9.101699829101562,2.1056199073791504,0.3890500068664551
1992,9,12,21,0,0.7937600016593933,8.115400314331055,265,6.543399810791016,5.627699851989746,21738,8.274100303649902,2.27987003326416,0.4196299910545349
1992,9,13,0,0,0.8111510276794434,7.863699913024902,275,6.507599830627441,5.696199893951416,25391,8.274100303649902,2.5141000747680664,0.4020799994468689
1992,9,13,3,0,0.8159340023994446,7.945199966430664,275,6.612599849700928,5.78879976272583,24780,8.274100303649902,2.4716899394989014,0.39250999689102173
1992,9,13,6,0,0.8197360038757324,8.098199844360352,275,6.742199897766113,5.906199932098389,22677,8.274100303649902,2.3383100032806396,0.3937999904155731
1992,9,13,9,0,0.8286120295524597,8.52560043334961,275,7.231299877166748,6.445099830627441,20595,8.274100303649902,2.164829969406128,0.38120999932289124
1992,9,13,12,0,0.8372799754142761,8.906999588012695,275,7.660699844360352,6.909900188446045,19206,9.101699829101562,2.039599895477295,0.3671500086784363
1992,9,13,15,0,0.8410760164260864,9.112899780273438,275,7.884699821472168,7.1392998695373535,17916,9.101699829101562,1.9441699981689453,0.35833001136779785
1992,9,13,18,0,0.8436470031738281,9.188400268554688,275,7.942699909210205,7.164599895477295,16954,9.101699829101562,1.8815799951553345,0.3553699851036072
1992,9,13,21,0,0.8487070202827454,9.071700096130371,275,7.514200210571289,6.437399864196777,16575,9.101699829101562,1.8712199926376343,0.37345999479293823
1992,9,14,0,0,0.8527439832687378,9.095100402832031,275,7.48859977722168,6.4096999168396,16509,9.101699829101562,1.8629499673843384,0.3788999915122986
1992,9,14,3,0,0.8547829985618591,9.332900047302246,275,7.894599914550781,6.956699848175049,15807,9.101699829101562,1.7966300249099731,0.36348000168800354
1992,9,14,6,0,0.8542190194129944,9.46030044555664,275,8.079999923706055,7.196800231933594,14519,9.101699829101562,1.7083899974822998,0.35565999150276184
1992,9,14,9,0,0.8521230220794678,9.519100189208984,275,8.150500297546387,7.2795000076293945,13104,9.101699829101562,1.616729974746704,0.352620005607605
1992,9,14,12,0,0.849590003490448,9.574000358581543,275,8.203300476074219,7.332600116729736,11785,9.101699829101562,1.5273699760437012,0.35117000341415405
1992,9,14,15,0,0.8469579815864563,9.64780044555664,275,8.267999649047852,7.391499996185303,10583,14.659700393676758,1.4401700496673584,0.3499299883842468
1992,9,14,18,0,0.8426650166511536,9.719099998474121,275,8.32129955291748,7.433800220489502,9453,14.659700393676758,1.3545299768447876,0.34953999519348145
1992,9,14,21,0,0.8356770277023315,9.78219985961914,275,8.355400085449219,7.442800045013428,8381,14.659700393676758,1.27006995677948,0.3499099910259247
1992,9,15,0,0,0.8334569931030273,9.529000282287598,265,7.44189977645874,5.95550012588501,7462,14.659700393676758,1.21465003490448,0.3822999894618988
1992,9,15,3,0,0.8351619839668274,9.207300186157227,265,6.820799827575684,5.449999809265137,6892,14.659700393676758,1.1877000331878662,0.44246000051498413
1992,9,15,6,0,0.8449550271034241,9.571499824523926,265,7.100599765777588,5.772299766540527,6645,14.659700393676758,1.1405199766159058,0.47102001309394836
1992,9,15,9,0,0.859728991985321,10.078499794006348,255,7.5472002029418945,6.1717000007629395,6795,14.659700393676758,1.1203999519348145,0.4665200114250183
1992,9,15,12,0,0.881525993347168,10.319999694824219,255,8.040200233459473,6.692500114440918,7689,11.013500213623047,1.1787500381469727,0.4353199899196625
1992,9,15,15,0,0.8927500247955322,10.167200088500977,255,8.231900215148926,6.9517998695373535,8938,11.013500213623047,1.2851899862289429,0.4044699966907501
1992,9,15,18,0,0.8897250294685364,9.80720043182373,255,7.778800010681152,6.364200115203857,10042,17.73889923095703,1.3909399509429932,0.4061099886894226
1992,9,15,21,0,0.8873990178108215,9.965200424194336,255,8.297300338745117,7.209000110626221,10369,10.01200008392334,1.4012600183486938,0.38850000500679016
1992,9,16,0,0,0.8907880187034607,10.240599632263184,245,8.692399978637695,7.731500148773193,10233,16.125999450683594,1.368839979171753,0.3754200041294098
1992,9,16,3,0,0.890254020690918,10.355799674987793,245,8.752699851989746,7.659200191497803,9624,16.125999450683594,1.3175100088119507,0.36798998713493347
1992,9,16,6,0,0.8816720247268677,10.395700454711914,245,8.726400375366211,7.601399898529053,9317,16.125999450683594,1.292829990386963,0.3677099943161011
1992,9,16,9,0,0.876820981502533,10.493300437927246,245,8.803400039672852,7.651299953460693,9634,14.659700393676758,1.3071600198745728,0.36177998781204224
1992,9,16,12,0,0.8747100234031677,10.427599906921387,235,8.826899528503418,7.709700107574463,9256,14.659700393676758,1.2859899997711182,0.35043999552726746
1992,9,16,15,0,0.8722869753837585,10.308199882507324,235,8.818699836730957,7.774600028991699,8254,14.659700393676758,1.2229700088500977,0.34143999218940735
1992,9,16,18,0,0.8670709729194641,10.413900375366211,235,8.929499626159668,7.856900215148926,7859,13.326800346374512,1.1859500408172607,0.33757999539375305
1992,9,16,21,0,0.8660209774971008,10.165499687194824,245,7.978099822998047,6.243000030517578,7556,13.326800346374512,1.1775399446487427,0.3613399863243103
1992,9,17,0,0,0.86285400390625,9.939200401306152,235,8.0024995803833,6.557300090789795,6729,13.326800346374512,1.1264599561691284,0.361409991979599
1992,9,17,3,0,0.8584439754486084,9.853799819946289,245,8.248200416564941,7.055699825286865,6215,13.326800346374512,1.089840054512024,0.3436700105667114
1992,9,17,6,0,0.8395220041275024,9.80519962310791,245,8.374899864196777,7.337699890136719,6714,12.114999771118164,1.1372900009155273,0.3361699879169464
1992,9,17,9,0,0.8072649836540222,9.261899948120117,265,8.133299827575684,7.388400077819824,8864,12.114999771118164,1.3549000024795532,0.33105000853538513
1992,9,17,12,0,0.8212569952011108,8.853799819946289,275,7.892600059509277,7.270400047302246,11544,8.274100303649902,1.5921800136566162,0.3161900043487549
1992,9,17,15,0,0.8396180272102356,8.867500305175781,275,7.936999797821045,7.34689998626709,13486,9.101699829101562,1.7212400436401367,0.30546000599861145
1992,9,17,18,0,0.8595200181007385,9.185600280761719,285,8.254199981689453,7.656799793243408,15154,11.013500213623047,1.7872300148010254,0.29333001375198364
1992,9,17,21,0,0.8678179979324341,9.436599731445312,285,8.497300148010254,7.891300201416016,15312,11.013500213623047,1.7675000429153442,0.2856999933719635
1992,9,18,0,0,0.86565101146698,9.491399765014648,285,8.522899627685547,7.894000053405762,13684,11.013500213623047,1.664270043373108,0.28711000084877014
1992,9,18,3,0,0.8579679727554321,9.265600204467773,285,7.8846001625061035,6.728700160980225,11970,11.013500213623047,1.5770399570465088,0.30921000242233276
1992,9,18,6,0,0.8454179763793945,9.14780044555664,285,7.8130998611450195,6.7729997634887695,10430,10.01200008392334,1.4832500219345093,0.31578999757766724
1992,9,18,9,0,0.829138994216919,9.099300384521484,275,7.803699970245361,6.797900199890137,8968,10.01200008392334,1.380270004272461,0.3163599967956543
1992,9,18,12,0,0.8223029971122742,9.101200103759766,275,7.871300220489502,6.952499866485596,7681,10.01200008392334,1.2772599458694458,0.3177199959754944
1992,9,18,15,0,0.8208990097045898,9.144100189208984,275,7.942200183868408,7.072500228881836,6643,10.01200008392334,1.1839599609375,0.3208099901676178
1992,9,18,18,0,0.8272029757499695,9.233200073242188,265,8.040300369262695,7.199399948120117,5877,10.01200008392334,1.1066900491714478,0.3222599923610687
1992,9,18,21,0,0.8421630263328552,9.234000205993652,265,7.822000026702881,6.670899868011475,5278,10.01200008392334,1.0480999946594238,0.3278200030326843
1992,9,19,0,0,0.8554459810256958,9.234600067138672,265,7.806399822235107,6.642000198364258,4955,11.013500213623047,1.0155800580978394,0.3272300064563751
1992,9,19,3,0,0.8639580011367798,9.284600257873535,265,8.131199836730957,7.267600059509277,4904,11.013500213623047,1.008239984512329,0.3134700059890747
1992,9,19,6,0,0.8679720163345337,9.30210018157959,265,8.268099784851074,7.575300216674805,5225,10.01200008392334,1.0400199890136719,0.30827999114990234
1992,9,19,9,0,0.8713819980621338,9.528599739074707,275,8.582300186157227,7.962699890136719,6878,10.01200008392334,1.1776599884033203,0.2918899953365326
1992,9,19,12,0,0.9056529998779297,10.001199722290039,285,9.226499557495117,8.692099571228027,12925,11.013500213623047,1.572119951248169,0.25088998675346375
1992,9,19,15,0,0.9354109764099121,10.238100051879883,285,9.57610034942627,9.120699882507324,21890,11.013500213623047,2.0200600624084473,0.22803999483585358
1992,9,19,18,0,0.9426649808883667,10.334699630737305,285,9.680700302124023,9.245400428771973,26854,11.013500213623047,2.224839925765991,0.2278899997472763
1992,9,19,21,0,0.9453979730606079,10.383999824523926,275,9.69729995727539,9.253000259399414,27671,11.013500213623047,2.2515199184417725,0.23667000234127045
1992,9,20,0,0,0.9471579790115356,10.425800323486328,275,9.68589973449707,9.22089958190918,27049,11.013500213623047,2.220560073852539,0.2510400116443634
1992,9,20,3,0,0.947484016418457,10.502099990844727,275,9.68649959564209,9.195300102233887,26305,11.013500213623047,2.1803500652313232,0.2707900106906891
1992,9,20,6,0,0.9467189908027649,10.600600242614746,275,9.681400299072266,9.127799987792969,25446,11.013500213623047,2.132270097732544,0.29113999009132385
1992,9,20,9,0,0.944953978061676,10.67389965057373,275,9.47920036315918,8.539199829101562,24392,11.013500213623047,2.0773699283599854,0.31433001160621643
1992,9,20,12,0,0.9416509866714478,10.589200019836426,275,8.868300437927246,7.557799816131592,23727,11.013500213623047,2.053230047225952,0.3598800003528595
1992,9,20,15,0,0.9379640221595764,10.422599792480469,275,8.524700164794922,7.230899810791016,23535,11.013500213623047,2.059950113296509,0.3896099925041199
1992,9,20,18,0,0.9372829794883728,10.379300117492676,275,8.787799835205078,7.814899921417236,24740,11.013500213623047,2.1176300048828125,0.3804199993610382
1992,9,20,21,0,0.9375579953193665,10.463800430297852,275,8.982399940490723,8.144100189208984,27590,10.01200008392334,2.224370002746582,0.37185999751091003
1992,9,21,0,0,0.9390450119972229,10.678799629211426,275,9.241000175476074,8.434599876403809,30215,10.01200008392334,2.2992799282073975,0.3599900007247925
1992,9,21,3,0,0.9402099847793579,10.756699562072754,275,9.410099983215332,8.65250015258789,30963,10.01200008392334,2.318350076675415,0.34588998556137085
1992,9,21,6,0,0.9408860206604004,10.782099723815918,275,9.50879955291748,8.79319953918457,30516,10.01200008392334,2.298449993133545,0.3350600004196167
1992,9,21,9,0,0.9411420226097107,10.884200096130371,275,9.621800422668457,8.914299964904785,30005,10.01200008392334,2.264899969100952,0.33004000782966614
1992,9,21,12,0,0.9398769736289978,10.97249984741211,275,9.70009994506836,8.987299919128418,28985,16.125999450683594,2.2137598991394043,0.32802000641822815
1992,9,21,15,0,0.9369180202484131,10.992300033569336,275,9.71660041809082,9.000100135803223,27249,16.125999450683594,2.143160104751587,0.3267199993133545
1992,9,21,18,0,0.9339230060577393,11.018199920654297,275,9.731900215148926,9.00570011138916,25555,16.125999450683594,2.0716500282287598,0.3260599970817566
1992,9,21,21,0,0.9312999844551086,11.05620002746582,275,9.747400283813477,8.997099876403809,24000,14.659700393676758,2.00246000289917,0.32600998878479004
1992,9,22,0,0,0.9270579814910889,10.99020004272461,275,9.445500373840332,8.258899688720703,22292,14.659700393676758,1.93517005443573,0.3312999904155731
1992,9,22,3,0,0.9196249842643738,10.717100143432617,275,8.72249984741211,7.207300186157227,20853,14.659700393676758,1.8958799839019775,0.3568499982357025
1992,9,22,6,0,0.9110220074653625,10.833900451660156,275,9.013699531555176,7.629899978637695,19735,14.659700393676758,1.8329499959945679,0.34652000665664673
1992,9,22,9,0,0.9020059704780579,10.970999717712402,275,9.328499794006348,8.060700416564941,19008,16.125999450683594,1.7866300344467163,0.332940012216568
1992,9,22,12,0,0.8960639834403992,11.003100395202637,265,9.538000106811523,8.45829963684082,18589,16.125999450683594,1.765030026435852,0.3227500021457672
1992,9,22,15,0,0.8920220136642456,10.933099746704102,275,9.579400062561035,8.617600440979004,18585,16.125999450683594,1.7729899883270264,0.3151699900627136
1992,9,22,18,0,0.8917239904403687,10.851200103759766,275,9.566900253295898,8.629199981689453,19013,16.125999450683594,1.8029899597167969,0.30636999011039734
1992,9,22,21,0,0.8912490010261536,10.81719970703125,275,9.638199806213379,8.786800384521484,19566,14.659700393676758,1.8341599702835083,0.2958100140094757
1992,9,23,0,0,0.888329029083252,10.839300155639648,275,9.802300453186035,9.125499725341797,19902,14.659700393676758,1.849079966545105,0.28512001037597656
1992,9,23,3,0,0.8803099989891052,10.521400451660156,265,8.690500259399414,7.039599895477295,20122,14.659700393676758,1.8887900114059448,0.31630000472068787
1992,9,23,6,0,0.8661829829216003,9.925399780273438,265,7.76140022277832,6.261199951171875,20608,14.659700393676758,1.9709099531173706,0.3710399866104126
1992,9,23,9,0,0.8265590071678162,9.320099830627441,265,7.177999973297119,5.901899814605713,21379,14.659700393676758,2.0768001079559326,0.4105600118637085
1992,9,23,12,0,0.7877479791641235,8.881999969482422,255,6.907599925994873,5.787099838256836,22177,14.659700393676758,2.173569917678833,0.4249100089073181
1992,9,23,15,0,0.7330459952354431,7.971700191497803,245,6.1996002197265625,5.291299819946289,24949,14.659700393676758,2.4488298892974854,0.4594700038433075
1992,9,23,18,0,0.7464810013771057,7.571499824523926,225,6.179200172424316,5.412399768829346,30420,6.837800025939941,2.7950398921966553,0.429610013961792
1992,9,23,21,0,0.7584229707717896,7.715700149536133,225,6.4319000244140625,5.684700012207031,32368,7.5218000411987305,2.8607399463653564,0.4039100110530853
1992,9,24,0,0,0.75177401304245,7.987400054931641,225,6.680500030517578,5.896500110626221,32283,7.5218000411987305,2.803960084915161,0.3953999876976013
1992,9,24,3,0,0.7518200278282166,8.393600463867188,235,7.236700057983398,6.531400203704834,33670,7.5218000411987305,2.7906301021575928,0.36612001061439514
1992,9,24,6,0,0.7647299766540527,8.70460033416748,235,7.627099990844727,6.973400115966797,34428,8.274100303649902,2.767430067062378,0.34742000699043274
1992,9,24,9,0,0.7903500199317932,8.982099533081055,245,8.000300407409668,7.420000076293945,35202,8.274100303649902,2.7517800331115723,0.3264999985694885
1992,9,24,12,0,0.8182269930839539,9.318300247192383,245,8.420599937438965,7.917300224304199,36418,9.101699829101562,2.7426400184631348,0.3031800091266632
1992,9,24,15,0,0.849698007106781,9.774399757385254,255,8.933099746704102,8.438300132751465,42525,11.013500213623047,2.88358998298645,0.2749899923801422
1992,9,24,18,0,0.8807809948921204,10.17590045928955,255,9.351400375366211,8.828900337219238,52547,12.114999771118164,3.128849983215332,0.25586000084877014
1992,9,24,21,0,0.8996149897575378,10.2608003616333,255,9.266799926757812,8.508500099182129,58906,12.114999771118164,3.29256010055542,0.2624799907207489
1992,9,25,0,0,0.9088320136070251,10.040800094604492,265,8.755999565124512,7.74560022354126,62105,12.114999771118164,3.417449951171875,0.29144999384880066
1992,9,25,3,0,0.914887011051178,10.367500305175781,265,9.354499816894531,8.632200241088867,61134,12.114999771118164,3.3305399417877197,0.26754000782966614
1992,9,25,6,0,0.9174870252609253,10.687800407409668,265,9.80840015411377,9.22029972076416,58122,12.114999771118164,3.1905100345611572,0.24985000491142273
1992,9,25,9,0,0.9163690209388733,10.843500137329102,265,10.040900230407715,9.507800102233887,54312,12.114999771118164,3.059119939804077,0.23841999471187592
1992,9,25,12,0,0.9136469960212708,10.847999572753906,265,10.092900276184082,9.597900390625,49745,12.114999771118164,2.928760051727295,0.2331099957227707
1992,9,25,15,0,0.9110429883003235,10.777400016784668,265,10.048600196838379,9.576199531555176,45797,12.114999771118164,2.822890043258667,0.2312300056219101
1992,9,25,18,0,0.9089059829711914,10.681300163269043,265,9.962800025939941,9.498900413513184,42701,12.114999771118164,2.7418200969696045,0.23096999526023865
1992,9,25,21,0,0.9051780104637146,10.572699546813965,265,9.859399795532227,9.396900177001953,38935,12.114999771118164,2.635580062866211,0.2311200052499771
1992,9,26,0,0,0.8992059826850891,10.449700355529785,265,9.742600440979004,9.285300254821777,34459,12.114999771118164,2.4983699321746826,0.23217999935150146
1992,9,26,3,0,0.8920770287513733,10.332799911499023,265,9.628199577331543,9.175800323486328,30293,11.013500213623047,2.359489917755127,0.23438000679016113
1992,9,26,6,0,0.8853260278701782,10.246700286865234,265,9.537599563598633,9.082300186157227,26965,11.013500213623047,2.2379701137542725,0.23720000684261322
1992,9,26,9,0,0.87916499376297,10.155099868774414,265,9.32040023803711,8.580400466918945,24236,11.013500213623047,2.13319993019104,0.24363000690937042
1992,9,26,12,0,0.8502399921417236,8.580599784851074,265,6.670899868011475,5.510799884796143,23751,11.013500213623047,2.309540033340454,0.39302998781204224
1992,9,26,15,0,0.832377016544342,7.6280999183654785,255,6.311699867248535,5.529200077056885,29187,11.013500213623047,2.7417399883270264,0.38955000042915344
1992,9,26,18,0,0.8513780236244202,8.31190013885498,265,7.2241997718811035,6.504199981689453,29433,11.013500213623047,2.6367900371551514,0.3272300064563751
1992,9,26,21,0,0.871990978717804,8.772299766540527,275,7.702300071716309,6.923999786376953,32339,11.013500213623047,2.684540033340454,0.3010199964046478
1992,9,27,0,0,0.8865299820899963,9.018899917602539,275,8.025699615478516,7.263700008392334,33316,10.01200008392334,2.6858599185943604,0.2802000045776367
1992,9,27,3,0,0.8937919735908508,9.235400199890137,275,8.482399940490723,7.965099811553955,30409,10.01200008392334,2.536250114440918,0.2531599998474121
1992,9,27,6,0,0.8996649980545044,9.331299781799316,275,8.664600372314453,8.229399681091309,27520,10.01200008392334,2.4005401134490967,0.2426699995994568
1992,9,27,9,0,0.9031599760055542,9.364299774169922,275,8.72599983215332,8.316300392150879,25115,10.01200008392334,2.2895500659942627,0.24068999290466309
1992,9,27,12,0,0.9046229720115662,9.354900360107422,275,8.725700378417969,8.330699920654297,22733,10.01200008392334,2.180109977722168,0.24324999749660492
1992,9,27,15,0,0.9039009809494019,9.31149959564209,275,8.678500175476074,8.288200378417969,20249,10.01200008392334,2.0635199546813965,0.24886000156402588
1992,9,27,18,0,0.9025260210037231,9.261799812316895,275,8.618200302124023,8.22760009765625,17970,10.01200008392334,1.9500999450683594,0.25565001368522644
1992,9,27,21,0,0.9013490080833435,9.227399826049805,275,8.567399978637695,8.171699523925781,15996,10.01200008392334,1.8437199592590332,0.2625899910926819
1992,9,28,0,0,0.8991119861602783,9.201499938964844,275,8.513999938964844,8.107799530029297,14114,10.01200008392334,1.7341400384902954,0.2716200053691864
1992,9,28,3,0,0.8940200209617615,9.17240047454834,275,8.430899620056152,8.004500389099121,12047,9.101699829101562,1.6039299964904785,0.28786998987197876
1992,9,28,6,0,0.8842059969902039,9.15429973602295,275,8.312999725341797,7.85099983215332,9883,9.101699829101562,1.4525400400161743,0.31578001379966736
1992,9,28,9,0,0.876317024230957,9.180399894714355,275,8.227899551391602,7.728499889373779,8517,9.101699829101562,1.344290018081665,0.34488001465797424
1992,9,28,12,0,0.8872489929199219,9.23799991607666,265,8.24429988861084,7.731200218200684,8557,9.101699829101562,1.3416800498962402,0.35510000586509705
1992,9,28,15,0,0.906121015548706,9.345000267028809,265,8.308899879455566,7.746099948883057,9549,9.101699829101562,1.4061800241470337,0.3540799915790558
1992,9,28,18,0,0.917244017124176,8.934800148010254,265,7.127799987792969,5.886000156402588,13781,10.01200008392334,1.7254300117492676,0.3908900022506714
1992,9,28,21,0,0.9099249839782715,8.7298002243042,255,7.1697001457214355,6.129199981689453,21333,11.013500213623047,2.1758201122283936,0.3772599995136261
1992,9,29,0,0,0.8964089751243591,8.761099815368652,255,7.287600040435791,6.280700206756592,27217,11.013500213623047,2.4555599689483643,0.36485999822616577
1992,9,29,3,0,0.904308021068573,9.294099807739258,255,7.944399833679199,6.9567999839782715,31911,11.013500213623047,2.5733299255371094,0.3381099998950958
1992,9,29,6,0,0.9130550026893616,9.778499603271484,255,8.351900100708008,7.261000156402588,38857,11.013500213623047,2.7530999183654785,0.32997000217437744
1992,9,29,9,0,0.9207519888877869,10.29889965057373,255,8.97089958190918,7.952099800109863,46309,11.013500213623047,2.91117000579834,0.31255000829696655
1992,9,29,12,0,0.9266219735145569,10.84570026397705,255,9.604599952697754,8.664600372314453,54685,12.114999771118164,3.063070058822632,0.2944999933242798
1992,9,29,15,0,0.9329710006713867,11.407699584960938,255,10.322400093078613,9.573399543762207,65510,13.326800346374512,3.2486701011657715,0.27094000577926636
1992,9,29,18,0,0.9367759823799133,11.804300308227539,255,10.848099708557129,10.184599876403809,75731,13.326800346374512,3.4196600914001465,0.2473600059747696
1992,9,29,21,0,0.9349470138549805,11.930800437927246,255,11.05150032043457,10.44320011138916,79765,13.326800346374512,3.4870100021362305,0.23568999767303467
1992,9,30,0,0,0.929951012134552,11.820099830627441,255,10.800100326538086,9.944600105285645,77622,13.326800346374512,3.459239959716797,0.2436400055885315
1992,9,30,3,0,0.9228699803352356,11.513799667358398,255,10.137700080871582,8.907899856567383,73922,13.326800346374512,3.4265999794006348,0.27347999811172485
1992,9,30,6,0,0.9109960198402405,11.180500030517578,255,9.612600326538086,8.327500343322754,71558,12.114999771118164,3.428529977798462,0.30243000388145447
1992,9,30,9,0,0.8984900116920471,11.148200035095215,255,9.699299812316895,8.588399887084961,69232,12.114999771118164,3.3798398971557617,0.3040600121021271
1992,9,30,12,0,0.8898119926452637,11.225500106811523,255,9.816699981689453,8.766599655151367,67337,12.114999771118164,3.3197200298309326,0.303710013628006
1992,9,30,15,0,0.8892109990119934,11.499300003051758,265,10.222299575805664,9.392000198364258,70288,13.326800346374512,3.34306001663208,0.29693999886512756
1992,9,30,18,0,0.8949699997901917,11.86400032043457,265,10.61970043182373,9.780200004577637,77875,13.326800346374512,3.4520699977874756,0.2852500081062317
1992,9,30,21,0,0.8909760117530823,11.917900085449219,265,10.750900268554688,9.997300148010254,80632,14.659700393676758,3.503190040588379,0.2773999869823456
1992,10,1,0,0,0.8749499917030334,11.75220012664795,265,10.685099601745605,10.007699966430664,73964,13.326800346374512,3.386889934539795,0.27079999446868896
1992,10,1,3,0,0.8509590029716492,11.435999870300293,255,10.345199584960938,9.559000015258789,64682,13.326800346374512,3.222909927368164,0.27312999963760376
1992,10,1,6,0,0.8212270140647888,10.923600196838379,255,9.787300109863281,8.97070026397705,59531,13.326800346374512,3.180840015411377,0.2859399914741516
1992,10,1,9,0,0.7963989973068237,10.844099998474121,245,9.897299766540527,9.306300163269043,54670,13.326800346374512,3.0669500827789307,0.27230000495910645
1992,10,1,12,0,0.7751039862632751,10.859100341796875,245,10.00059986114502,9.476400375366211,49570,12.114999771118164,2.9212899208068848,0.2621600031852722
1992,10,1,15,0,0.7526130080223083,10.833000183105469,245,10.011500358581543,9.518600463867188,43510,12.114999771118164,2.742650032043457,0.2594600021839142
1992,10,1,18,0,0.7347760200500488,10.76930046081543,245,9.958499908447266,9.48009967803955,37708,12.114999771118164,2.563309907913208,0.26089999079704285
1992,10,1,21,0,0.7253559827804565,10.70419979095459,255,9.893400192260742,9.420299530029297,33131,12.114999771118164,2.4118900299072266,0.2631799876689911
1992,10,2,0,0,0.7200440168380737,10.604299545288086,255,9.795299530029297,9.328200340270996,29358,12.114999771118164,2.283829927444458,0.2656799852848053
1992,10,2,3,0,0.717706024646759,10.446599960327148,255,9.64430046081543,9.187399864196777,26149,11.013500213623047,2.1757800579071045,0.26892998814582825
1992,10,2,6,0,0.7237229943275452,10.263199806213379,245,9.463199615478516,9.018099784851074,23773,11.013500213623047,2.097249984741211,0.274370014667511
1992,10,2,9,0,0.7363399863243103,10.102899551391602,245,9.298999786376953,8.863100051879883,22119,11.013500213623047,2.0424599647521973,0.2814300060272217
1992,10,2,12,0,0.7489309906959534,9.967499732971191,245,9.162199974060059,8.73639965057373,20847,11.013500213623047,1.9993200302124023,0.2878600060939789
1992,10,2,15,0,0.7581800222396851,9.84850025177002,245,9.038299560546875,8.62030029296875,19486,9.101699829101562,1.9468300342559814,0.2943800091743469
1992,10,2,18,0,0.7655259966850281,9.76159954071045,245,8.925600051879883,8.495699882507324,18036,10.01200008392334,1.8822699785232544,0.3031400144100189
1992,10,2,21,0,0.771481990814209,9.542900085449219,245,8.28030014038086,7.289899826049805,16796,10.01200008392334,1.8371100425720215,0.33357998728752136
1992,10,3,0,0,0.7731040120124817,9.09630012512207,245,7.525899887084961,6.485899925231934,16156,8.274100303649902,1.8451900482177734,0.382999986410141
1992,10,3,3,0,0.7734280228614807,9.006400108337402,255,7.316699981689453,6.289899826049805,16232,8.274100303649902,1.8544299602508545,0.40733999013900757
1992,10,3,6,0,0.7782739996910095,9.500499725341797,255,7.803500175476074,6.789700031280518,17451,16.125999450683594,1.8623600006103516,0.39792999625205994
1992,10,3,9,0,0.792818009853363,10.090700149536133,265,8.36139965057373,7.2606000900268555,19278,12.114999771118164,1.8906999826431274,0.37744998931884766
1992,10,3,12,0,0.8137000203132629,10.593999862670898,265,8.900899887084961,7.775599956512451,21240,11.013500213623047,1.9296300411224365,0.3586899936199188
1992,10,3,15,0,0.8434000015258789,10.990500450134277,275,9.114800453186035,7.7316999435424805,24000,14.659700393676758,2.004889965057373,0.35141000151634216
1992,10,3,18,0,0.8699340224266052,10.941499710083008,275,8.584400177001953,6.964900016784668,27981,14.659700393676758,2.162100076675415,0.3768700063228607
1992,10,3,21,0,0.8864949941635132,10.637999534606934,275,8.133600234985352,6.609099864959717,32301,14.659700393676758,2.353909969329834,0.4046199917793274
1992,10,4,0,0,0.8976939916610718,10.19729995727539,275,7.71150016784668,6.322400093078613,36803,14.659700393676758,2.5706100463867188,0.42875999212265015
1992,10,4,3,0,0.9035000205039978,10.142600059509277,275,7.870699882507324,6.5569000244140625,40030,14.659700393676758,2.693000078201294,0.4167799949645996
1992,10,4,6,0,0.9058409929275513,10.460399627685547,275,8.376899719238281,7.085000038146973,39877,14.659700393676758,2.644710063934326,0.38808000087738037
1992,10,4,9,0,0.9086589813232422,10.872200012207031,275,8.968000411987305,7.701300144195557,38357,14.659700393676758,2.539340019226074,0.3570399880409241
1992,10,4,12,0,0.9132949709892273,11.201299667358398,275,9.496000289916992,8.270400047302246,37526,14.659700393676758,2.471519947052002,0.32701000571250916
1992,10,4,15,0,0.9194110035896301,11.353599548339844,275,9.840399742126465,8.684000015258789,37435,14.659700393676758,2.4525699615478516,0.30329999327659607
1992,10,4,18,0,0.9257410168647766,11.393600463867188,275,10.07800006866455,9.074799537658691,37678,13.326800346374512,2.4589900970458984,0.2849999964237213
1992,10,4,21,0,0.9301580190658569,11.379799842834473,275,10.153499603271484,9.141900062561035,37907,13.326800346374512,2.470979928970337,0.2715800106525421
1992,10,5,0,0,0.9320979714393616,11.294599533081055,275,9.920599937438965,8.60830020904541,38467,13.326800346374512,2.5009000301361084,0.26934999227523804
1992,10,5,3,0,0.9320489764213562,10.977299690246582,285,9.271599769592285,7.757400035858154,39222,13.326800346374512,2.5651800632476807,0.29300999641418457
1992,10,5,6,0,0.9298040270805359,10.785799980163574,285,9.199600219726562,7.8694000244140625,38340,13.326800346374512,2.563469886779785,0.2956399917602539
1992,10,5,9,0,0.9272059798240662,10.749899864196777,275,9.370499610900879,8.216099739074707,35600,13.326800346374512,2.4785099029541016,0.2826699912548065
1992,10,5,12,0,0.9248729944229126,10.726499557495117,275,9.541099548339844,8.579700469970703,31971,12.114999771118164,2.3556199073791504,0.26973000168800354
1992,10,5,15,0,0.9219679832458496,10.608200073242188,275,9.522199630737305,8.654500007629395,27990,12.114999771118164,2.2221100330352783,0.26438000798225403
1992,10,5,18,0,0.9195070266723633,10.371199607849121,275,9.311300277709961,8.490300178527832,24255,12.114999771118164,2.099020004272461,0.26840999722480774
1992,10,5,21,0,0.9188479781150818,9.976099967956543,275,8.933300018310547,8.195699691772461,21485,12.114999771118164,2.0230700969696045,0.28036999702453613
1992,10,6,0,0,0.9183509945869446,9.616999626159668,285,8.462200164794922,7.509799957275391,19091,11.013500213623047,1.9503999948501587,0.2892700135707855
1992,10,6,3,0,0.9169089794158936,9.411299705505371,285,8.324700355529785,7.478099822998047,16552,11.013500213623047,1.8411500453948975,0.29069000482559204
1992,10,6,6,0,0.9126420021057129,9.25220012664795,285,8.271599769592285,7.574699878692627,14340,11.013500213623047,1.7324800491333008,0.2905200123786926
1992,10,6,9,0,0.9081220030784607,9.07040023803711,285,8.152400016784668,7.536200046539307,12927,11.013500213623047,1.6650700569152832,0.29388999938964844
1992,10,6,12,0,0.8986039757728577,8.975600242614746,285,8.023900032043457,7.361599922180176,11197,10.01200008392334,1.5590200424194336,0.3037000000476837
1992,10,6,15,0,0.8695539832115173,8.251299858093262,275,6.2032999992370605,4.878200054168701,9586,10.01200008392334,1.5072300434112549,0.3930400013923645
1992,10,6,18,0,0.8576610088348389,8.52970027923584,275,6.803699970245361,5.617499828338623,7961,10.01200008392334,1.3478699922561646,0.3802500069141388
1992,10,6,21,0,0.8529340028762817,8.785799980163574,275,7.305099964141846,6.265100002288818,6651,9.101699829101562,1.2116600275039673,0.36511000990867615
1992,10,7,0,0,0.8495439887046814,9.001399993896484,275,7.694699764251709,6.7957000732421875,5668,9.101699829101562,1.1029599905014038,0.3527100086212158
1992,10,7,3,0,0.844402015209198,9.214599609375,275,8.042499542236328,7.256400108337402,5031,9.101699829101562,1.0246599912643433,0.34198999404907227
1992,10,7,6,0,0.8401409983634949,9.374699592590332,265,8.1225004196167,7.240200042724609,4751,9.101699829101562,0.9844899773597717,0.34439998865127563
1992,10,7,9,0,0.8350939750671387,9.322099685668945,265,7.313700199127197,5.734600067138672,4792,9.101699829101562,0.9896699786186218,0.36991000175476074
1992,10,7,12,0,0.8240569829940796,9.316200256347656,265,6.843599796295166,5.178699970245361,4945,8.274100303649902,1.0030699968338013,0.398499995470047
1992,10,7,15,0,0.8190039992332458,9.614999771118164,265,7.125999927520752,5.459000110626221,4999,11.013500213623047,0.9892799854278564,0.3995800018310547
1992,10,7,18,0,0.823399007320404,10.092100143432617,255,7.87060022354126,6.274600028991699,4934,11.013500213623047,0.9562199711799622,0.37828001379966736
1992,10,7,21,0,0.8247079849243164,10.477100372314453,255,8.527999877929688,7.058899879455566,4786,10.01200008392334,0.9224600195884705,0.353410005569458
1992,10,8,0,0,0.819625973701477,10.830599784851074,255,9.20460033416748,7.847700119018555,4581,10.01200008392334,0.8864700198173523,0.31891000270843506
1992,10,8,3,0,0.8146290183067322,11.105299949645996,245,9.831399917602539,8.647100448608398,4404,13.326800346374512,0.8575699925422668,0.2834399938583374
1992,10,8,6,0,0.8063309788703918,10.584699630737305,235,8.07129955291748,6.07919979095459,4427,13.326800346374512,0.8809300065040588,0.3354099988937378
1992,10,8,9,0,0.8159229755401611,9.382200241088867,235,6.801499843597412,5.441999912261963,5023,13.326800346374512,0.998989999294281,0.4369499981403351
1992,10,8,12,0,0.8106899857521057,8.690400123596191,235,6.3379998207092285,5.149600028991699,6880,13.326800346374512,1.2195700407028198,0.46452999114990234
1992,10,8,15,0,0.8000320196151733,8.138799667358398,255,6.185299873352051,5.160399913787842,13623,13.326800346374512,1.7901699542999268,0.44710999727249146
1992,10,8,18,0,0.8196600079536438,8.499699592590332,265,7.075200080871582,6.149600028991699,20036,11.013500213623047,2.136359930038452,0.36355000734329224
1992,10,8,21,0,0.8248310089111328,8.525300025939941,255,7.0671000480651855,6.088699817657471,20389,11.013500213623047,2.1539599895477295,0.3587400019168854
1992,10,9,0,0,0.8263949751853943,8.534199714660645,255,7.084099769592285,6.09250020980835,19135,10.01200008392334,2.087970018386841,0.35381999611854553
1992,10,9,3,0,0.8174840211868286,8.668299674987793,255,7.313399791717529,6.344200134277344,17869,10.01200008392334,2.0035500526428223,0.3372400104999542
1992,10,9,6,0,0.8054140210151672,8.899100303649902,255,7.7571001052856445,6.895999908447266,16359,9.101699829101562,1.8929200172424316,0.3093400001525879
1992,10,9,9,0,0.7903860211372375,9.037599563598633,255,8.066100120544434,7.363900184631348,15277,9.101699829101562,1.815119981765747,0.2941499948501587
1992,10,9,12,0,0.7745620012283325,9.183600425720215,255,8.300200462341309,7.692999839782715,14948,9.101699829101562,1.7796299457550049,0.28703999519348145
1992,10,9,15,0,0.7611680030822754,9.360099792480469,255,8.539999961853027,8.006099700927734,15427,9.101699829101562,1.7886699438095093,0.2810499966144562
1992,10,9,18,0,0.7615630030632019,9.540800094604492,265,8.746100425720215,8.255499839782715,15978,9.101699829101562,1.7998000383377075,0.2792400121688843
1992,10,9,21,0,0.7654449939727783,9.719799995422363,265,8.901800155639648,8.4128999710083,15937,10.01200008392334,1.7765400409698486,0.28303998708724976
1992,10,10,0,0,0.7711510062217712,9.881999969482422,265,9.02280044555664,8.486499786376953,15880,10.01200008392334,1.755139946937561,0.28558000922203064
1992,10,10,3,0,0.7779790163040161,9.982099533081055,265,9.087400436401367,8.512299537658691,16367,10.01200008392334,1.7707200050354004,0.28650999069213867
1992,10,10,6,0,0.7905330061912537,10.063799858093262,265,9.175000190734863,8.617400169372559,17150,10.01200008392334,1.8043500185012817,0.28812000155448914
1992,10,10,9,0,0.8101990222930908,10.150500297546387,275,9.285699844360352,8.78320026397705,18110,10.01200008392334,1.8457499742507935,0.290910005569458
1992,10,10,12,0,0.83120197057724,10.242899894714355,275,9.350799560546875,8.857500076293945,19131,10.01200008392334,1.8875700235366821,0.3007200062274933
1992,10,10,15,0,0.8523370027542114,10.38230037689209,275,9.405400276184082,8.884599685668945,20118,10.01200008392334,1.9205100536346436,0.3189600110054016
1992,10,10,18,0,0.8700019717216492,10.397000312805176,275,9.39840030670166,8.856100082397461,20438,11.013500213623047,1.9328199625015259,0.31828001141548157
1992,10,10,21,0,0.8927069902420044,10.765199661254883,275,9.574999809265137,8.951600074768066,22183,11.013500213623047,1.9701499938964844,0.3433400094509125
1992,10,11,0,0,0.9080259799957275,10.952899932861328,275,9.634900093078613,8.960000038146973,23257,19.513200759887695,1.9961400032043457,0.3599900007247925
1992,10,11,3,0,0.9131270051002502,10.650699615478516,275,9.440099716186523,8.794300079345703,21757,10.01200008392334,1.9609099626541138,0.3446800112724304
1992,10,11,6,0,0.9253810048103333,11.015800476074219,275,9.696700096130371,8.990500450134277,24448,17.73889923095703,2.032439947128296,0.34544000029563904
1992,10,11,9,0,0.9329379796981812,11.276700019836426,275,9.869099617004395,9.119400024414062,26786,17.73889923095703,2.0957400798797607,0.34874001145362854
1992,10,11,12,0,0.931888997554779,10.98289966583252,275,9.630000114440918,8.899800300598145,24245,17.73889923095703,2.024019956588745,0.34501999616622925
1992,10,11,15,0,0.9303449988365173,10.812000274658203,275,9.472200393676758,8.732099533081055,22608,16.125999450683594,1.9691200256347656,0.3393099904060364
1992,10,11,18,0,0.9317960143089294,10.843099594116211,275,9.443400382995605,8.669400215148926,23766,16.125999450683594,2.01203989982605,0.34182998538017273
1992,10,11,21,0,0.9313920140266418,10.895000457763672,275,9.458999633789062,8.63659954071045,23590,16.125999450683594,1.9972000122070312,0.33851000666618347
1992,10,12,0,0,0.9282569885253906,10.780799865722656,275,9.376099586486816,8.491100311279297,21537,14.659700393676758,1.921090006828308,0.3283799886703491
1992,10,12,3,0,0.9246739745140076,10.62559986114502,275,9.292499542236328,8.373100280761719,19586,14.659700393676758,1.8494999408721924,0.31435999274253845
1992,10,12,6,0,0.9231860041618347,10.620499610900879,275,9.330900192260742,8.404399871826172,18593,14.659700393676758,1.8033499717712402,0.303629994392395
1992,10,12,9,0,0.9215369820594788,10.658900260925293,275,9.413200378417969,8.516200065612793,17680,14.659700393676758,1.7554600238800049,0.29620999097824097
1992,10,12,12,0,0.9179139733314514,10.60319995880127,275,9.40250015258789,8.523599624633789,16260,13.326800346374512,1.690250039100647,0.29045000672340393
1992,10,12,15,0,0.9126620292663574,10.435199737548828,275,9.268199920654297,8.38949966430664,14569,13.326800346374512,1.6173100471496582,0.28714999556541443
1992,10,12,18,0,0.9078189730644226,10.264200210571289,275,9.148200035095215,8.307900428771973,13081,13.326800346374512,1.549739956855774,0.28426000475883484
1992,10,12,21,0,0.904761016368866,10.18239974975586,275,9.109100341796875,8.292400360107422,11998,13.326800346374512,1.4928200244903564,0.28161001205444336
1992,10,13,0,0,0.9015370011329651,10.152799606323242,275,9.138099670410156,8.39680004119873,11087,12.114999771118164,1.4387199878692627,0.2797900140285492
1992,10,13,3,0,0.8958410024642944,10.081299781799316,275,9.039999961853027,8.208900451660156,10090,12.114999771118164,1.3792699575424194,0.28161999583244324
1992,10,13,6,0,0.8875700235366821,8.858599662780762,275,6.85830020904541,5.5594000816345215,9424,11.013500213623047,1.4297200441360474,0.3874399960041046
1992,10,13,9,0,0.9020140171051025,7.708099842071533,275,6.376800060272217,5.5278000831604,12841,8.274100303649902,1.8113900423049927,0.3811799883842468
1992,10,13,12,0,0.9241160154342651,8.285499572753906,285,7.323500156402588,6.587900161743164,18342,9.101699829101562,2.0934500694274902,0.29607000946998596
1992,10,13,15,0,0.9333159923553467,8.530400276184082,285,7.639100074768066,6.917500019073486,20360,9.101699829101562,2.172760009765625,0.27379000186920166
1992,10,13,18,0,0.9347829818725586,8.527400016784668,285,7.718800067901611,7.085100173950195,19182,9.101699829101562,2.1103498935699463,0.26680999994277954
1992,10,13,21,0,0.9348459839820862,8.406100273132324,285,7.469900131225586,6.6905999183654785,17619,9.101699829101562,2.038490056991577,0.27781999111175537
1992,10,14,0,0,0.9344130158424377,7.9532999992370605,285,6.8403000831604,5.992099761962891,18018,9.101699829101562,2.1236300468444824,0.3117400109767914
1992,10,14,3,0,0.9342899918556213,7.82480001449585,285,6.796000003814697,6.0218000411987305,21256,9.101699829101562,2.328929901123047,0.30717000365257263
1992,10,14,6,0,0.9288520216941833,7.76039981842041,285,6.74370002746582,5.977399826049805,19914,9.101699829101562,2.2652699947357178,0.30851998925209045
1992,10,14,9,0,0.9192739725112915,7.552000045776367,285,6.505199909210205,5.755000114440918,14593,8.274100303649902,1.96628999710083,0.3299500048160553
1992,10,14,12,0,0.906853973865509,7.356200218200684,285,6.227099895477295,5.466300010681152,11027,8.274100303649902,1.7302299737930298,0.36184000968933105
1992,10,14,15,0,0.8973140120506287,7.169099807739258,285,5.969099998474121,5.2052998542785645,9985,8.274100303649902,1.6670700311660767,0.38762998580932617
1992,10,14,18,0,0.8970999717712402,7.208600044250488,285,6.0030999183654785,5.231500148773193,10324,8.274100303649902,1.6904499530792236,0.38534998893737793
1992,10,14,21,0,0.8976470232009888,7.091599941253662,285,5.921999931335449,5.180300235748291,11253,8.274100303649902,1.7807899713516235,0.38589000701904297
1992,10,15,0,0,0.8975200057029724,7.295100212097168,285,6.1875,5.4542999267578125,11331,8.274100303649902,1.7610599994659424,0.3687399923801422
1992,10,15,3,0,0.898052990436554,7.7154998779296875,285,6.784299850463867,6.1803998947143555,10853,8.274100303649902,1.6731899976730347,0.3416000008583069
1992,10,15,6,0,0.8918250203132629,7.982900142669678,285,7.075699806213379,6.505199909210205,9935,8.274100303649902,1.570870041847229,0.3387100100517273
1992,10,15,9,0,0.8755339980125427,8.17609977722168,285,7.208799839019775,6.621099948883057,8706,8.274100303649902,1.4493299722671509,0.3531999886035919
1992,10,15,12,0,0.8509250283241272,8.351900100708008,285,7.238999843597412,6.563799858093262,7514,8.274100303649902,1.3275599479675293,0.37832000851631165
1992,10,15,15,0,0.8262879848480225,8.499099731445312,275,6.984399795532227,5.888199806213379,6419,9.101699829101562,1.2121200561523438,0.40505000948905945
1992,10,15,18,0,0.7837039828300476,8.089500427246094,275,5.872700214385986,4.657199859619141,5744,8.274100303649902,1.1725000143051147,0.4821299910545349
1992,10,15,21,0,0.7759079933166504,8.612199783325195,265,6.420000076293945,5.147299766540527,5038,8.274100303649902,1.0581400394439697,0.47075000405311584
1992,10,16,0,0,0.7780470252037048,9.230400085449219,265,7.302700042724609,6.211400032043457,4541,17.73889923095703,0.9642999768257141,0.4510200023651123
1992,10,16,3,0,0.7851210236549377,9.759400367736816,255,7.9197001457214355,6.906899929046631,4223,17.73889923095703,0.8993800282478333,0.4336499869823456
1992,10,16,6,0,0.7921320199966431,10.18239974975586,255,8.246999740600586,7.151700019836426,4075,16.125999450683594,0.8603299856185913,0.4239400029182434
1992,10,16,9,0,0.803288996219635,10.526300430297852,245,8.345600128173828,7.030399799346924,3958,16.125999450683594,0.8299400210380554,0.41885000467300415
1992,10,16,12,0,0.8211240172386169,11.035200119018555,245,8.975700378417969,7.809700012207031,3777,16.125999450683594,0.7880899906158447,0.39711999893188477
1992,10,16,15,0,0.8401560187339783,11.46049976348877,245,9.39330005645752,8.156299591064453,3734,16.125999450683594,0.7659800052642822,0.37424999475479126
1992,10,16,18,0,0.872596025466919,10.576600074768066,245,7.161799907684326,5.247000217437744,4574,16.125999450683594,0.8853499889373779,0.42480000853538513
1992,10,16,21,0,0.8831689953804016,8.450499534606934,245,5.735199928283691,4.5690999031066895,7845,12.114999771118164,1.3189500570297241,0.5166000127792358
1992,10,17,0,0,0.8921599984169006,8.180700302124023,235,6.431099891662598,5.422399997711182,13918,11.013500213623047,1.8111000061035156,0.42493999004364014
1992,10,17,3,0,0.8974930047988892,8.457599639892578,235,7.136899948120117,6.247799873352051,17010,10.01200008392334,1.9769799709320068,0.36076000332832336
1992,10,17,6,0,0.894527018070221,8.638999938964844,235,7.463500022888184,6.7083001136779785,16025,10.01200008392334,1.8967399597167969,0.3489600121974945
1992,10,17,9,0,0.8871350288391113,8.794899940490723,235,7.631199836730957,6.934599876403809,14309,10.01200008392334,1.772320032119751,0.351529985666275
1992,10,17,12,0,0.8824390172958374,8.974200248718262,235,7.776299953460693,7.061600208282471,13007,9.101699829101562,1.6691299676895142,0.35137999057769775
1992,10,17,15,0,0.8784289956092834,9.074299812316895,235,7.894000053405762,7.202099800109863,12460,11.013500213623047,1.623270034790039,0.34676000475883484
1992,10,17,18,0,0.8702539801597595,9.102700233459473,235,7.948800086975098,7.2743000984191895,12366,11.013500213623047,1.6150599718093872,0.34147000312805176
1992,10,17,21,0,0.8694180250167847,9.128100395202637,245,7.9197998046875,7.096799850463867,12774,11.013500213623047,1.6402699947357178,0.3350299894809723
1992,10,18,0,0,0.8650779724121094,9.074799537658691,245,7.566100120544434,6.385000228881836,13532,11.013500213623047,1.6933200359344482,0.3439599871635437
1992,10,18,3,0,0.8484730124473572,8.651000022888184,255,6.578700065612793,5.290900230407715,14350,11.013500213623047,1.7849199771881104,0.40338999032974243
1992,10,18,6,0,0.8466529846191406,8.643799781799316,245,6.786399841308594,5.6194000244140625,15480,10.01200008392334,1.8540300130844116,0.40022000670433044
1992,10,18,9,0,0.8442839980125427,8.163399696350098,245,6.580999851226807,5.609899997711182,19424,12.114999771118164,2.148279905319214,0.4006200134754181
1992,10,18,12,0,0.8385350108146667,7.651700019836426,235,6.241700172424316,5.3881001472473145,24527,8.274100303649902,2.50858998298645,0.39820000529289246
1992,10,18,15,0,0.8463829755783081,7.467599868774414,225,6.277100086212158,5.504000186920166,33716,8.274100303649902,2.9935200214385986,0.3633899986743927
1992,10,18,18,0,0.860368013381958,7.823500156402588,215,6.7307000160217285,5.962600231170654,45624,9.101699829101562,3.4031600952148438,0.3264999985694885
1992,10,18,21,0,0.8645740151405334,8.829899787902832,225,7.990099906921387,7.419400215148926,42615,10.01200008392334,3.077440023422241,0.27524998784065247
1992,10,19,0,0,0.8535000085830688,9.196599960327148,235,8.500800132751465,8.068400382995605,37175,10.01200008392334,2.810580015182495,0.25473999977111816
1992,10,19,3,0,0.8394129872322083,9.231300354003906,235,8.549799919128418,8.142499923706055,31812,10.01200008392334,2.5937700271606445,0.259799987077713
1992,10,19,6,0,0.8283680081367493,9.243599891662598,235,8.507699966430664,8.063799858093262,28066,9.101699829101562,2.4314401149749756,0.2734900116920471
1992,10,19,9,0,0.818884015083313,9.230999946594238,235,8.307999610900879,7.629700183868408,25522,9.101699829101562,2.316230058670044,0.291810005903244
1992,10,19,12,0,0.811905026435852,8.957200050354004,235,7.65939998626709,6.673600196838379,23651,9.101699829101562,2.262310028076172,0.3295699954032898
1992,10,19,15,0,0.8103650212287903,8.593999862670898,235,7.19950008392334,6.23769998550415,22544,9.101699829101562,2.257659912109375,0.3581799864768982
1992,10,19,18,0,0.8087019920349121,8.295900344848633,235,6.871699810028076,5.939199924468994,22172,9.101699829101562,2.2829599380493164,0.37828001379966736
1992,10,19,21,0,0.8077589869499207,8.214699745178223,225,6.700699806213379,5.767000198364258,24319,9.101699829101562,2.4006500244140625,0.4004000127315521
1992,10,20,0,0,0.8243319988250732,8.825499534606934,235,7.197199821472168,6.188700199127197,35781,11.013500213623047,2.7878499031066895,0.3954299986362457
1992,10,20,3,0,0.8503029942512512,9.692000389099121,245,7.973299980163574,6.818299770355225,57809,13.326800346374512,3.3508501052856445,0.36594998836517334
1992,10,20,6,0,0.851813018321991,9.675399780273438,245,7.932000160217285,6.748000144958496,82674,13.326800346374512,4.01023006439209,0.3619900047779083
1992,10,20,9,0,0.8575019836425781,9.893899917602539,235,8.385299682617188,7.29610013961792,101562,12.114999771118164,4.397150039672852,0.3303999900817871
1992,10,20,12,0,0.8563100099563599,9.795700073242188,225,8.257699966430664,7.148499965667725,123647,12.114999771118164,4.879429817199707,0.3322800099849701
1992,10,20,15,0,0.8705880045890808,10.133700370788574,225,8.858599662780762,7.9217000007629395,138747,12.114999771118164,5.076129913330078,0.2996099889278412
1992,10,20,18,0,0.8723070025444031,10.592300415039062,225,9.610400199890137,8.933799743652344,114351,12.114999771118164,4.497119903564453,0.26427000761032104
1992,10,20,21,0,0.8718850016593933,10.83530044555664,235,10.013099670410156,9.474599838256836,88858,12.114999771118164,3.9157700538635254,0.24546000361442566
1992,10,21,0,0,0.8721160292625427,10.908699989318848,235,10.144599914550781,9.667099952697754,73121,12.114999771118164,3.5400099754333496,0.24161000549793243
1992,10,21,3,0,0.8704040050506592,10.90530014038086,235,10.148300170898438,9.68910026550293,62838,12.114999771118164,3.282670021057129,0.2437400072813034
1992,10,21,6,0,0.867618978023529,10.879599571228027,235,10.114399909973145,9.656900405883789,55397,12.114999771118164,3.086050033569336,0.2463800013065338
1992,10,21,9,0,0.869920015335083,10.862000465393066,245,10.076600074768066,9.611100196838379,49607,12.114999771118164,2.9219698905944824,0.2499299943447113
1992,10,21,12,0,0.8718580007553101,10.868000030517578,245,10.051600456237793,9.571200370788574,45143,12.114999771118164,2.7849199771881104,0.2547299861907959
1992,10,21,15,0,0.8716310262680054,10.891799926757812,245,10.045599937438965,9.549200057983398,41983,12.114999771118164,2.680690050125122,0.25878000259399414
1992,10,21,18,0,0.8680390119552612,10.889399528503418,245,10.032999992370605,9.529999732971191,39726,12.114999771118164,2.607419967651367,0.2600899934768677
1992,10,21,21,0,0.8640130162239075,10.818099975585938,245,9.97599983215332,9.481499671936035,37448,12.114999771118164,2.542180061340332,0.25881001353263855
1992,10,22,0,0,0.8617100119590759,10.671899795532227,245,9.856800079345703,9.37720012664795,34287,12.114999771118164,2.4538700580596924,0.25630998611450195
1992,10,22,3,0,0.8607569932937622,10.477100372314453,245,9.685600280761719,9.215999603271484,30100,12.114999771118164,2.3264501094818115,0.25457999110221863
1992,10,22,6,0,0.8594670295715332,10.22700023651123,245,9.339099884033203,8.637700080871582,25247,12.114999771118164,2.162790060043335,0.25986000895500183
1992,10,22,9,0,0.8400200009346008,8.999500274658203,245,7.089200019836426,5.809299945831299,22253,12.114999771118164,2.175290107727051,0.3710100054740906
1992,10,22,12,0,0.8164370059967041,7.900700092315674,235,6.320099830627441,5.387599945068359,25081,12.114999771118164,2.4862101078033447,0.4059099853038788
1992,10,22,15,0,0.8341379761695862,7.549499988555908,225,6.3846001625061035,5.615300178527832,40600,8.274100303649902,3.265850067138672,0.3540099859237671
1992,10,22,18,0,0.8488489985466003,8.144800186157227,215,7.10860013961792,6.361000061035156,47735,9.101699829101562,3.404710054397583,0.31053000688552856
1992,10,22,21,0,0.8461099863052368,8.51729965209961,215,7.513800144195557,6.756199836730957,46211,9.101699829101562,3.269089937210083,0.29440999031066895
1992,10,23,0,0,0.8246690034866333,8.661499977111816,215,7.598800182342529,6.800600051879883,50712,9.101699829101562,3.3884201049804688,0.3012700080871582
1992,10,23,3,0,0.7953839898109436,8.873600006103516,225,7.741399765014648,6.899600028991699,57208,9.101699829101562,3.5433099269866943,0.3070499897003174
1992,10,23,6,0,0.778065025806427,9.071499824523926,225,7.861299991607666,6.957499980926514,57680,9.101699829101562,3.507780075073242,0.30998000502586365
1992,10,23,9,0,0.7871749997138977,9.201800346374512,235,7.942500114440918,6.985099792480469,54440,11.013500213623047,3.3774399757385254,0.3094500005245209
1992,10,23,12,0,0.7962210178375244,9.120499610900879,235,7.826099872589111,6.8607001304626465,49601,11.013500213623047,3.2389299869537354,0.3161900043487549
1992,10,23,15,0,0.8059369921684265,8.845999717712402,235,7.494999885559082,6.5304999351501465,46555,11.013500213623047,3.1917901039123535,0.33208999037742615
1992,10,23,18,0,0.8194869756698608,8.692700386047363,235,7.352700233459473,6.409900188446045,50292,11.013500213623047,3.350790023803711,0.336870014667511
1992,10,23,21,0,0.839601993560791,9.217000007629395,235,8.066100120544434,7.247000217437744,52710,11.013500213623047,3.320470094680786,0.3066999912261963
1992,10,24,0,0,0.8461390137672424,9.970399856567383,245,9.008399963378906,8.386099815368652,50468,11.013500213623047,3.1033599376678467,0.27959999442100525
1992,10,24,3,0,0.8622769713401794,10.654000282287598,255,9.683500289916992,9.07289981842041,53237,11.013500213623047,3.0581700801849365,0.27393999695777893
1992,10,24,6,0,0.8872609734535217,11.280200004577637,255,10.305100440979004,9.685999870300293,61159,13.326800346374512,3.1616098880767822,0.26361000537872314
1992,10,24,9,0,0.9047849774360657,11.670700073242188,265,10.731900215148926,10.12279987335205,67874,13.326800346374512,3.260550022125244,0.2513200044631958
1992,10,24,12,0,0.9163309931755066,11.852299690246582,265,10.938199996948242,10.342499732971191,69489,13.326800346374512,3.267970085144043,0.2459300011396408
1992,10,24,15,0,0.9226559996604919,11.983499526977539,265,11.057999610900879,10.462599754333496,68952,13.326800346374512,3.233880043029785,0.2478400021791458
1992,10,24,18,0,0.9280920028686523,12.196900367736816,265,11.225700378417969,10.604100227355957,70256,13.326800346374512,3.229949951171875,0.2533999979496002
1992,10,24,21,0,0.9335600137710571,12.431300163269043,265,11.377300262451172,10.664600372314453,73346,13.326800346374512,3.2616000175476074,0.25832998752593994
1992,10,25,0,0,0.9368619918823242,12.44480037689209,265,11.126700401306152,9.954400062561035,74429,13.326800346374512,3.2800400257110596,0.2671700119972229
1992,10,25,3,0,0.9371259808540344,12.25570011138916,265,10.930999755859375,9.886300086975098,71122,13.326800346374512,3.2334399223327637,0.2736699879169464
1992,10,25,6,0,0.935600996017456,12.022899627685547,265,10.822799682617188,9.999300003051758,65390,14.659700393676758,3.1364400386810303,0.27180999517440796
1992,10,25,9,0,0.9329119920730591,11.895500183105469,265,10.814900398254395,10.090200424194336,59639,14.659700393676758,3.0160999298095703,0.26155999302864075
1992,10,25,12,0,0.9301490187644958,11.803000450134277,265,10.8302001953125,10.180999755859375,54855,14.659700393676758,2.9083399772644043,0.2502799928188324
1992,10,25,15,0,0.9281489849090576,11.655599594116211,265,10.759900093078613,10.16510009765625,49691,13.326800346374512,2.7916200160980225,0.24323000013828278
1992,10,25,18,0,0.9264709949493408,11.456700325012207,265,10.607500076293945,10.049200057983398,43664,13.326800346374512,2.6468100547790527,0.24055999517440796
1992,10,25,21,0,0.9255260229110718,11.231300354003906,275,10.412500381469727,9.880399703979492,37335,13.326800346374512,2.4796700477600098,0.2403700053691864
1992,10,26,0,0,0.9238489866256714,10.999099731445312,275,10.197199821472168,9.681400299072266,31419,13.326800346374512,2.306459903717041,0.2432900071144104
1992,10,26,3,0,0.9196779727935791,10.70479965209961,275,9.59119987487793,8.54069995880127,26284,13.326800346374512,2.14601993560791,0.2681100070476532
1992,10,26,6,0,0.914014995098114,9.885100364685059,275,7.951000213623047,6.603799819946289,23629,12.114999771118164,2.12785005569458,0.3830600082874298
1992,10,26,9,0,0.9120219945907593,10.177800178527832,275,8.103599548339844,6.873700141906738,22788,12.114999771118164,2.0594000816345215,0.4434399902820587
1992,10,26,12,0,0.9206780195236206,11.79319953918457,275,9.105400085449219,7.624899864196777,26315,21.46489906311035,2.036679983139038,0.46533000469207764
1992,10,26,15,0,0.9376810193061829,13.658699989318848,275,10.899200439453125,9.102999687194824,37938,21.46489906311035,2.2437000274658203,0.3962399959564209
1992,10,26,18,0,0.9526020288467407,14.871999740600586,275,12.717599868774414,11.032999992370605,60553,19.513200759887695,2.690150022506714,0.3157399892807007
1992,10,26,21,0,0.9602599740028381,15.201199531555176,275,13.611000061035156,12.360699653625488,83978,19.513200759887695,3.118540048599243,0.26934000849723816
1992,10,27,0,0,0.963690996170044,14.971500396728516,275,13.600299835205078,12.607099533081055,100886,17.73889923095703,3.437920093536377,0.2544099986553192
1992,10,27,3,0,0.9645379781723022,14.668399810791016,275,13.402199745178223,12.491900444030762,106808,17.73889923095703,3.5708999633789062,0.24549999833106995
1992,10,27,6,0,0.9638410210609436,14.473099708557129,275,13.332599639892578,12.4975004196167,102823,17.73889923095703,3.5259900093078613,0.2337000072002411
1992,10,27,9,0,0.961808979511261,14.187700271606445,275,13.1496000289917,12.393400192260742,90316,16.125999450683594,3.3404600620269775,0.22686000168323517
1992,10,27,12,0,0.9588540196418762,13.82759952545166,275,12.871299743652344,12.184800148010254,76174,16.125999450683594,3.112679958343506,0.22258999943733215
1992,10,27,15,0,0.9555429816246033,13.518600463867188,275,12.611499786376953,11.97439956665039,64248,16.125999450683594,2.8965799808502197,0.22115999460220337
1992,10,27,18,0,0.9515920281410217,13.21310043334961,275,12.320699691772461,11.711600303649902,52560,14.659700393676758,2.656290054321289,0.22436000406742096
1992,10,27,21,0,0.9474700093269348,12.940400123596191,275,12.04990005493164,11.454299926757812,42546,14.659700393676758,2.4203100204467773,0.22808000445365906
1992,10,28,0,0,0.9445589780807495,12.80109977722168,275,11.905099868774414,11.307100296020508,35273,14.659700393676758,2.2177200317382812,0.22950999438762665
1992,10,28,3,0,0.9439070224761963,12.809100151062012,275,11.9266996383667,11.32390022277832,30636,14.659700393676758,2.0651299953460693,0.22487999498844147
1992,10,28,6,0,0.9448260068893433,12.843700408935547,275,12.020400047302246,11.43589973449707,28403,14.659700393676758,1.9846400022506714,0.21358999609947205
1992,10,28,9,0,0.9454200267791748,12.545700073242188,275,11.626199722290039,10.981499671936035,28813,14.659700393676758,2.026060104370117,0.22578999400138855
1992,10,28,12,0,0.9421709775924683,11.758500099182129,275,10.218199729919434,8.701700210571289,30664,13.326800346374512,2.170409917831421,0.2714900076389313
1992,10,28,15,0,0.9116830229759216,10.06879997253418,275,7.814000129699707,6.350900173187256,34363,13.326800346374512,2.5099499225616455,0.3795599937438965
1992,10,28,18,0,0.872340977191925,9.59589958190918,275,7.467599868774414,6.1493000984191895,34133,13.326800346374512,2.5755200386047363,0.3919999897480011
1992,10,28,21,0,0.8763660192489624,9.929200172424316,275,8.033300399780273,6.751699924468994,30537,13.326800346374512,2.394350051879883,0.35978999733924866
1992,10,29,0,0,0.8951339721679688,10.290200233459473,275,8.75979995727539,7.686600208282471,28735,13.326800346374512,2.280750036239624,0.32444998621940613
1992,10,29,3,0,0.907584011554718,10.444199562072754,275,8.990500450134277,7.8907999992370605,28622,13.326800346374512,2.2592101097106934,0.30967000126838684
1992,10,29,6,0,0.9024620056152344,10.103799819946289,275,8.178400039672852,6.747000217437744,29002,12.114999771118164,2.3152101039886475,0.3419100046157837
1992,10,29,9,0,0.8618209958076477,9.314900398254395,275,7.297900199890137,6.039999961853027,29136,12.114999771118164,2.4276199340820312,0.39068999886512756
1992,10,29,12,0,0.8189240097999573,8.817899703979492,265,6.9679999351501465,5.829500198364258,26434,12.114999771118164,2.3884599208831787,0.3999499976634979
1992,10,29,15,0,0.7742779850959778,8.477100372314453,255,6.86929988861084,5.822500228881836,22793,12.114999771118164,2.276900053024292,0.38345998525619507
1992,10,29,18,0,0.7711780071258545,8.426600456237793,235,6.896999835968018,5.860000133514404,23430,9.101699829101562,2.3246099948883057,0.36419999599456787
1992,10,29,21,0,0.8118270039558411,8.99269962310791,225,7.483799934387207,6.373499870300293,35249,10.01200008392334,2.7496299743652344,0.33531999588012695
1992,10,30,0,0,0.8189370036125183,9.72599983215332,225,8.481100082397461,7.475500106811523,50396,11.013500213623047,3.144439935684204,0.291049987077713
1992,10,30,3,0,0.8101810216903687,10.099800109863281,235,8.933300018310547,7.973199844360352,53368,12.114999771118164,3.163990020751953,0.27542001008987427
1992,10,30,6,0,0.8157979846000671,10.343299865722656,245,9.173299789428711,8.163399696350098,52080,12.114999771118164,3.0808799266815186,0.26879000663757324
1992,10,30,9,0,0.8274340033531189,10.4350004196167,255,9.099200248718262,7.9394001960754395,52413,12.114999771118164,3.069920063018799,0.2823899984359741
1992,10,30,12,0,0.8510910272598267,10.610400199890137,255,9.23069953918457,8.09060001373291,55812,12.114999771118164,3.1314098834991455,0.2927600145339966
1992,10,30,15,0,0.8723400235176086,10.944199562072754,255,9.51140022277832,8.342399597167969,61492,12.114999771118164,3.222090005874634,0.2962400019168854
1992,10,30,18,0,0.8921589851379395,11.391400337219238,255,9.844900131225586,8.570300102233887,70228,13.326800346374512,3.3575499057769775,0.2996099889278412
1992,10,30,21,0,0.9060879945755005,11.837200164794922,255,10.123000144958496,8.706399917602539,82732,13.326800346374512,3.5564799308776855,0.30410000681877136
1992,10,31,0,0,0.9192249774932861,12.29699993133545,265,10.611499786376953,9.189599990844727,95551,14.659700393676758,3.734790086746216,0.2937900125980377
1992,10,31,3,0,0.9238939881324768,12.495100021362305,265,10.69159984588623,9.125900268554688,105701,14.659700393676758,3.8886001110076904,0.2943499982357025
1992,10,31,6,0,0.9228569865226746,12.54699993133545,265,10.804100036621094,9.346199989318848,112168,14.659700393676758,3.995270013809204,0.29350000619888306
1992,10,31,9,0,0.9157040119171143,12.302800178527832,265,10.477100372314453,8.998100280761719,112872,14.659700393676758,4.052840232849121,0.30456000566482544
1992,10,31,12,0,0.9067869782447815,11.935700416564941,265,10.050200462341309,8.593099594116211,109384,14.659700393676758,4.060890197753906,0.318589985370636
1992,10,31,15,0,0.9083049893379211,11.910400390625,265,10.352800369262695,9.206899642944336,114122,14.659700393676758,4.158339977264404,0.3015899956226349
1992,10,31,18,0,0.9145249724388123,12.023799896240234,265,10.829299926757812,10.015299797058105,118187,14.659700393676758,4.2141900062561035,0.2716200053691864
1992,10,31,21,0,0.9152489900588989,11.918899536132812,265,10.771699905395508,9.915200233459473,108306,13.326800346374512,4.057310104370117,0.26267001032829285
1992,11,1,0,0,0.906059980392456,11.347100257873535,265,9.767600059509277,8.462200164794922,93962,13.326800346374512,3.886850118637085,0.29600000381469727
1992,11,1,3,0,0.8954110145568848,10.187999725341797,265,8.61769962310791,7.559800148010254,90152,13.326800346374512,4.060100078582764,0.3403699994087219
1992,11,1,6,0,0.8924630284309387,10.354100227355957,265,9.312700271606445,8.665399551391602,84069,12.114999771118164,3.9039299488067627,0.28742000460624695
1992,11,1,9,0,0.8892239928245544,10.416600227355957,265,9.510299682617188,8.956700325012207,71279,12.114999771118164,3.587559938430786,0.26868000626564026
1992,11,1,12,0,0.883499026298523,10.33240032196045,265,9.47659969329834,8.967499732971191,57872,12.114999771118164,3.2506299018859863,0.2649399936199188
1992,11,1,15,0,0.8807600140571594,10.281499862670898,265,9.462300300598145,8.97599983215332,50550,11.013500213623047,3.049109935760498,0.26058998703956604
1992,11,1,18,0,0.8818399906158447,10.285599708557129,265,9.515299797058105,9.054300308227539,48266,11.013500213623047,2.9811599254608154,0.2522200047969818
1992,11,1,21,0,0.8843790292739868,10.279500007629395,265,9.523200035095215,9.054900169372559,46140,11.013500213623047,2.9169399738311768,0.2480199933052063
1992,11,2,0,0,0.8839300274848938,10.188799858093262,265,9.288700103759766,8.605500221252441,42626,11.013500213623047,2.816960096359253,0.2575100064277649
1992,11,2,3,0,0.8761579990386963,9.269499778747559,265,7.794300079345703,6.718500137329102,42729,11.013500213623047,2.969630002975464,0.3314700126647949
1992,11,2,6,0,0.871882975101471,8.765000343322754,265,7.451200008392334,6.5625,46605,11.013500213623047,3.2068400382995605,0.3400900065898895
1992,11,2,9,0,0.8837370276451111,9.26449966430664,265,8.222100257873535,7.526400089263916,42247,11.013500213623047,2.9648900032043457,0.30149999260902405
1992,11,2,12,0,0.8974050283432007,9.695199966430664,265,8.794599533081055,8.238499641418457,39029,11.013500213623047,2.778019905090332,0.28099000453948975
1992,11,2,15,0,0.9070580005645752,10.018400192260742,265,9.156999588012695,8.640999794006348,38267,11.013500213623047,2.697770118713379,0.27393001317977905
1992,11,2,18,0,0.9139400124549866,10.29319953918457,275,9.42959976196289,8.915900230407715,39234,11.013500213623047,2.6860499382019043,0.27079999446868896
1992,11,2,21,0,0.9193230271339417,10.518199920654297,275,9.64009952545166,9.116600036621094,40405,11.013500213623047,2.688080072402954,0.2687300145626068
1992,11,3,0,0,0.9227830171585083,10.687700271606445,275,9.805100440979004,9.274900436401367,42483,11.013500213623047,2.7275099754333496,0.2649500072002411
1992,11,3,3,0,0.92535400390625,10.776300430297852,275,9.90429973602295,9.373700141906738,44606,13.326800346374512,2.779550075531006,0.25947999954223633
1992,11,3,6,0,0.92705899477005,10.830499649047852,275,9.971500396728516,9.43910026550293,44440,13.326800346374512,2.7654199600219727,0.25383999943733215
1992,11,3,9,0,0.9277219772338867,10.833800315856934,275,9.991600036621094,9.45829963684082,41857,13.326800346374512,2.683759927749634,0.24876999855041504
1992,11,3,12,0,0.9260780215263367,10.744099617004395,275,9.920299530029297,9.386699676513672,37058,12.114999771118164,2.5393500328063965,0.2455900013446808
1992,11,3,15,0,0.921654999256134,10.589099884033203,275,9.784799575805664,9.262700080871582,31086,12.114999771118164,2.348050117492676,0.24458999931812286
1992,11,3,18,0,0.9154199957847595,10.394100189208984,265,9.581100463867188,9.044899940490723,24974,12.114999771118164,2.129650115966797,0.2484399974346161
1992,11,3,21,0,0.9024069905281067,10.02180004119873,265,9.009400367736816,8.213299751281738,18822,12.114999771118164,1.8886699676513672,0.27184000611305237
1992,11,4,0,0,0.8434399962425232,8.430700302124023,255,6.48799991607666,5.312399864196777,14420,12.114999771118164,1.8151999711990356,0.40338999032974243
1992,11,4,3,0,0.807479977607727,7.727499961853027,245,6.172699928283691,5.246600151062012,12910,12.114999771118164,1.8063199520111084,0.4103200137615204
1992,11,4,6,0,0.8023369908332825,7.185999870300293,225,5.745999813079834,4.918099880218506,13608,7.5218000411987305,1.932479977607727,0.4211199879646301
1992,11,4,9,0,0.8101480007171631,7.124300003051758,225,5.77239990234375,4.99560022354126,19754,7.5218000411987305,2.3405098915100098,0.4185500144958496
1992,11,4,12,0,0.8193569779396057,8.388699531555176,235,6.840199947357178,5.888199806213379,39080,9.101699829101562,3.0003700256347656,0.3958300054073334
1992,11,4,15,0,0.8759700059890747,10.305999755859375,255,8.858599662780762,7.889800071716309,57857,13.326800346374512,3.236840009689331,0.33055999875068665
1992,11,4,18,0,0.9191939830780029,11.17710018157959,255,9.957300186157227,9.125499725341797,65259,13.326800346374512,3.2753000259399414,0.2856000065803528
1992,11,4,21,0,0.9346870183944702,10.939900398254395,255,9.652400016784668,8.726200103759766,61243,13.326800346374512,3.212660074234009,0.28876999020576477
1992,11,5,0,0,0.9380890130996704,10.621100425720215,255,9.291299819946289,8.277400016784668,53245,13.326800346374512,3.051460027694702,0.29148998856544495
1992,11,5,3,0,0.9340839982032776,10.601799964904785,255,9.491800308227539,8.713800430297852,48436,12.114999771118164,2.9191699028015137,0.2762100100517273
1992,11,5,6,0,0.9180639982223511,10.82919979095459,255,9.881999969482422,9.246800422668457,49610,12.114999771118164,2.9205899238586426,0.2558799982070923
1992,11,5,9,0,0.9085659980773926,11.014900207519531,265,10.21679973602295,9.672800064086914,53670,12.114999771118164,3.010540008544922,0.23217999935150146
1992,11,5,12,0,0.898796021938324,10.996999740600586,265,10.2947998046875,9.81879997253418,52730,12.114999771118164,2.9908499717712402,0.21924999356269836
1992,11,5,15,0,0.8876479864120483,10.849100112915039,265,10.18910026550293,9.74940013885498,47174,12.114999771118164,2.8554599285125732,0.21624000370502472
1992,11,5,18,0,0.8784779906272888,10.64680004119873,275,10.004899978637695,9.584600448608398,40404,12.114999771118164,2.6758999824523926,0.21750999987125397
1992,11,5,21,0,0.8679640293121338,10.427200317382812,275,9.791899681091309,9.383000373840332,33851,11.013500213623047,2.482759952545166,0.2210800051689148
1992,11,6,0,0,0.8563519716262817,10.179400444030762,275,9.552300453186035,9.15470027923584,27807,11.013500213623047,2.285449981689453,0.2246599942445755
1992,11,6,3,0,0.8464400172233582,9.944000244140625,265,9.321000099182129,8.931400299072266,22746,11.013500213623047,2.098020076751709,0.22890999913215637
1992,11,6,6,0,0.8393769860267639,9.731300354003906,265,9.09630012512207,8.708399772644043,18449,11.013500213623047,1.9147800207138062,0.23779000341892242
1992,11,6,9,0,0.8331509828567505,9.549099922180176,265,8.883099555969238,8.48490047454834,14876,10.01200008392334,1.7388099431991577,0.2518500089645386
1992,11,6,12,0,0.8272690176963806,9.337900161743164,265,8.039400100708008,6.676599979400635,12186,10.01200008392334,1.5917500257492065,0.2921999990940094
1992,11,6,15,0,0.8253870010375977,7.897799968719482,255,6.230800151824951,5.269700050354004,13394,10.01200008392334,1.8203099966049194,0.4379900097846985
1992,11,6,18,0,0.8247690200805664,7.5945000648498535,245,6.06220006942749,5.231900215148926,20452,8.274100303649902,2.2975199222564697,0.46851998567581177
1992,11,6,21,0,0.8122329711914062,8.009699821472168,235,6.380799770355225,5.516600131988525,31794,8.274100303649902,2.7802700996398926,0.48124998807907104
1992,11,7,0,0,0.7975249886512756,8.793600082397461,245,6.908899784088135,5.929500102996826,45611,8.274100303649902,3.153599977493286,0.4881899952888489
1992,11,7,3,0,0.8058850169181824,9.46500015258789,245,7.529300212860107,6.4756999015808105,68028,9.101699829101562,3.6910300254821777,0.4574500024318695
1992,11,7,6,0,0.833607017993927,10.494999885559082,255,8.74269962310791,7.762700080871582,81116,17.73889923095703,3.7970800399780273,0.40073999762535095
1992,11,7,9,0,0.8568519949913025,11.123800277709961,265,9.262399673461914,8.089599609375,80067,16.125999450683594,3.6380999088287354,0.37448999285697937
1992,11,7,12,0,0.8725360035896301,10.195699691772461,265,8.25790023803711,7.157100200653076,85288,16.125999450683594,3.9396400451660156,0.41148000955581665
1992,11,7,15,0,0.8791919946670532,9.850799560546875,265,8.22819995880127,7.25570011138916,91336,16.125999450683594,4.17303991317749,0.3859899938106537
1992,11,7,18,0,0.8865810036659241,10.00469970703125,265,8.515399932861328,7.575200080871582,83379,16.125999450683594,3.9567298889160156,0.3595699965953827
1992,11,7,21,0,0.8916980028152466,10.162699699401855,265,8.697199821472168,7.756100177764893,69238,14.659700393676758,3.57096004486084,0.34808000922203064
1992,11,8,0,0,0.8937259912490845,10.096199989318848,265,8.565299987792969,7.534599781036377,59492,14.659700393676758,3.320389986038208,0.3470500111579895
1992,11,8,3,0,0.8940489888191223,10.305100440979004,265,8.995800018310547,8.153800010681152,51168,14.659700393676758,3.0452098846435547,0.32207000255584717
1992,11,8,6,0,0.8941239714622498,10.3858003616333,265,9.122900009155273,8.256600379943848,44626,14.659700393676758,2.8325400352478027,0.3075000047683716
1992,11,8,9,0,0.8950679898262024,9.97350025177002,265,8.5733003616333,7.558800220489502,40975,13.326800346374512,2.779949903488159,0.32113999128341675
1992,11,8,12,0,0.8957859873771667,9.245699882507324,265,7.815999984741211,6.841800212860107,40834,13.326800346374512,2.902899980545044,0.3425599932670593
1992,11,8,15,0,0.8946390151977539,8.755399703979492,275,7.449399948120117,6.5569000244140625,44474,10.01200008392334,3.134550094604492,0.33834001421928406
1992,11,8,18,0,0.9049080014228821,9.019000053405762,275,7.856500148773193,7.000999927520752,43982,10.01200008392334,3.07273006439209,0.3062500059604645
1992,11,8,21,0,0.915494978427887,9.196100234985352,275,8.037099838256836,7.146200180053711,43151,11.013500213623047,3.011630058288574,0.29440999031066895
1992,11,9,0,0,0.9209439754486084,9.156100273132324,275,7.966800212860107,7.055799961090088,45031,11.013500213623047,3.0841898918151855,0.29629001021385193
1992,11,9,3,0,0.9206339716911316,9.214799880981445,275,8.07349967956543,7.187099933624268,46431,11.013500213623047,3.122030019760132,0.28821998834609985
1992,11,9,6,0,0.922186017036438,9.3818998336792,285,8.339799880981445,7.50600004196167,44809,11.013500213623047,3.03836989402771,0.27171000838279724
1992,11,9,9,0,0.9263669848442078,9.640800476074219,285,8.82040023803711,8.18649959564209,41808,11.013500213623047,2.8935298919677734,0.24392999708652496
1992,11,9,12,0,0.9275990128517151,9.744099617004395,285,9.070199966430664,8.596500396728516,37279,11.013500213623047,2.7187299728393555,0.22700999677181244
1992,11,9,15,0,0.9252369999885559,9.701499938964844,285,9.074299812316895,8.650799751281738,31795,11.013500213623047,2.51911997795105,0.2228499948978424
1992,11,9,18,0,0.9219369888305664,9.578399658203125,285,8.956999778747559,8.544699668884277,26581,10.01200008392334,2.3216500282287598,0.22529000043869019
1992,11,9,21,0,0.9186999797821045,9.445099830627441,285,8.809200286865234,8.389599800109863,22356,10.01200008392334,2.147089958190918,0.23058000206947327
1992,11,10,0,0,0.9138010144233704,9.367500305175781,285,8.715800285339355,8.285499572753906,18896,10.01200008392334,1.9836299419403076,0.23510999977588654
1992,11,10,3,0,0.9072369933128357,9.32229995727539,285,8.660400390625,8.223400115966797,16145,10.01200008392334,1.8389699459075928,0.23885999619960785
1992,11,10,6,0,0.8997750282287598,9.274900436401367,285,8.605199813842773,8.165900230407715,13941,10.01200008392334,1.7141200304031372,0.2433300018310547
1992,11,10,9,0,0.8920810222625732,9.213600158691406,285,8.536399841308594,8.096599578857422,12120,10.01200008392334,1.6045000553131104,0.24848000705242157
1992,11,10,12,0,0.8851850032806396,9.140899658203125,285,8.453200340270996,8.01140022277832,10561,10.01200008392334,1.5046499967575073,0.25457000732421875
1992,11,10,15,0,0.8794980049133301,9.066900253295898,285,8.346400260925293,7.879499912261963,9141,10.01200008392334,1.4058799743652344,0.2653299868106842
1992,11,10,18,0,0.855912983417511,8.230199813842773,275,6.419099807739258,5.210700035095215,8184,10.01200008392334,1.3976900577545166,0.3764500021934509
1992,11,10,21,0,0.7751280069351196,6.503600120544434,255,5.107699871063232,4.4243998527526855,10454,9.101699829101562,1.7849199771881104,0.48256999254226685
1992,11,11,0,0,0.7731900215148926,6.670400142669678,245,5.526000022888184,4.883600234985352,17990,6.216100215911865,2.3137900829315186,0.4295800030231476
1992,11,11,3,0,0.7824479937553406,7.559199810028076,245,6.350200176239014,5.597499847412109,35974,8.274100303649902,3.063149929046631,0.38234999775886536
1992,11,11,6,0,0.8064519762992859,8.315699577331543,255,7.1184000968933105,6.339900016784668,44064,9.101699829101562,3.215329885482788,0.3552199900150299
1992,11,11,9,0,0.8246129751205444,9.051300048828125,265,7.926700115203857,7.284299850463867,36058,10.01200008392334,2.7662200927734375,0.3423900008201599
1992,11,11,12,0,0.8425059914588928,9.48270034790039,265,8.315299987792969,7.681600093841553,32087,14.659700393676758,2.5351099967956543,0.33934998512268066
1992,11,11,15,0,0.8501949906349182,9.798299789428711,265,8.582200050354004,7.9222002029418945,31315,14.659700393676758,2.4534499645233154,0.3350900113582611
1992,11,11,18,0,0.8518779873847961,10.029600143432617,275,8.795100212097168,8.113499641418457,32374,13.326800346374512,2.459059953689575,0.327129989862442
1992,11,11,21,0,0.8556100130081177,10.265800476074219,275,9.083800315856934,8.404000282287598,33898,13.326800346374512,2.4838199615478516,0.3101600110530853
1992,11,12,0,0,0.8586699962615967,10.418000221252441,275,9.316900253295898,8.666199684143066,35276,13.326800346374512,2.5153000354766846,0.29534000158309937
1992,11,12,3,0,0.8638079762458801,10.527000427246094,275,9.482500076293945,8.848699569702148,35543,13.326800346374512,2.511699914932251,0.28512999415397644
1992,11,12,6,0,0.8711400032043457,10.65149974822998,275,9.640800476074219,9.022899627685547,34746,13.326800346374512,2.467050075531006,0.2782500088214874
1992,11,12,9,0,0.8807089924812317,10.817899703979492,285,9.80370044708252,9.1850004196167,33943,13.326800346374512,2.4161899089813232,0.2780100107192993
1992,11,12,12,0,0.888496994972229,11.001999855041504,285,9.96720027923584,9.34529972076416,33480,13.326800346374512,2.3754799365997314,0.28141000866889954
1992,11,12,15,0,0.8918489813804626,11.095399856567383,285,10.056400299072266,9.438199996948242,32623,12.114999771118164,2.3324499130249023,0.2814599871635437
1992,11,12,18,0,0.8945860266685486,11.093899726867676,285,10.064800262451172,9.45110034942627,30558,12.114999771118164,2.256969928741455,0.27856001257896423
1992,11,12,21,0,0.8987770080566406,11.082200050354004,285,10.052499771118164,9.434900283813477,27735,12.114999771118164,2.151249885559082,0.27720001339912415
1992,11,13,0,0,0.9005780220031738,11.11769962310791,285,10.046299934387207,9.408300399780273,24838,12.114999771118164,2.032140016555786,0.2838999927043915
1992,11,13,3,0,0.8972679972648621,11.13599967956543,285,10.00979995727539,9.346699714660645,21763,12.114999771118164,1.900629997253418,0.29315999150276184
1992,11,13,6,0,0.8897989988327026,11.058699607849121,275,9.906900405883789,9.226200103759766,18348,12.114999771118164,1.7520899772644043,0.29618000984191895
1992,11,13,9,0,0.8810240030288696,10.942399978637695,275,9.791099548339844,9.093700408935547,15296,12.114999771118164,1.6091699600219727,0.29249998927116394
1992,11,13,12,0,0.8735169768333435,10.918800354003906,275,9.75529956817627,9.026300430297852,13211,12.114999771118164,1.49714994430542,0.2896699905395508
1992,11,13,15,0,0.8726940155029297,11.038599967956543,275,9.851699829101562,9.101799964904785,12393,12.114999771118164,1.4413399696350098,0.2924700081348419
1992,11,13,18,0,0.8830440044403076,11.084099769592285,275,9.934599876403809,9.197799682617188,13064,12.114999771118164,1.4785000085830688,0.2933099865913391
1992,11,13,21,0,0.8938620090484619,10.790200233459473,275,9.742500305175781,9.077400207519531,14008,12.114999771118164,1.5585099458694458,0.291049987077713
1992,11,14,0,0,0.8964009881019592,10.290800094604492,275,9.198699951171875,8.45829963684082,13923,12.114999771118164,1.5992200374603271,0.2972100079059601
1992,11,14,3,0,0.896960973739624,10.016599655151367,275,8.954700469970703,8.23069953918457,13287,11.013500213623047,1.5882699489593506,0.29725998640060425
1992,11,14,6,0,0.9030489921569824,10.058699607849121,275,8.966500282287598,8.227700233459473,13552,11.013500213623047,1.599120020866394,0.3022800087928772
1992,11,14,9,0,0.9181380271911621,10.352800369262695,265,9.251500129699707,8.515700340270996,15783,11.013500213623047,1.6946200132369995,0.29780998826026917
1992,11,14,12,0,0.9343339800834656,10.685500144958496,265,9.661199569702148,8.986300468444824,19875,12.114999771118164,1.86503005027771,0.27946001291275024
1992,11,14,15,0,0.9436039924621582,10.858400344848633,265,9.807100296020508,9.026900291442871,24713,12.114999771118164,2.05856990814209,0.26774001121520996
1992,11,14,18,0,0.9438160061836243,10.808899879455566,265,9.628299713134766,8.659500122070312,28926,12.114999771118164,2.2315499782562256,0.2716900110244751
1992,11,14,21,0,0.9440039992332458,10.774100303649902,255,9.663200378417969,8.79259967803955,31646,12.114999771118164,2.3392999172210693,0.2661699950695038
1992,11,15,0,0,0.9449750185012817,10.711899757385254,255,9.738900184631348,8.998900413513184,32007,12.114999771118164,2.3638100624084473,0.2524400055408478
1992,11,15,3,0,0.9414010047912598,10.56659984588623,255,9.698800086975098,9.040800094604492,29829,12.114999771118164,2.304650068283081,0.24187999963760376
1992,11,15,6,0,0.9366030097007751,10.348299980163574,245,9.502300262451172,8.833200454711914,26418,11.013500213623047,2.19923996925354,0.24092000722885132
1992,11,15,9,0,0.930010974407196,10.077899932861328,245,9.17959976196289,8.488200187683105,23532,11.013500213623047,2.109610080718994,0.25343000888824463
1992,11,15,12,0,0.9181780219078064,9.913000106811523,245,8.992799758911133,8.330900192260742,22080,11.013500213623047,2.0632901191711426,0.2654600143432617
1992,11,15,15,0,0.9024069905281067,9.915300369262695,255,9.006199836730957,8.38230037689209,22323,11.013500213623047,2.0736300945281982,0.2690599858760834
1992,11,15,18,0,0.8942440152168274,10.038900375366211,255,9.16819953918457,8.580400466918945,24200,11.013500213623047,2.142940044403076,0.26273998618125916
1992,11,15,21,0,0.8869839906692505,10.157899856567383,255,9.329099655151367,8.75,26417,11.013500213623047,2.223939895629883,0.2527199983596802
1992,11,16,0,0,0.8832060098648071,10.07040023803711,265,9.154399871826172,8.424300193786621,27157,11.013500213623047,2.2663400173187256,0.25722000002861023
1992,11,16,3,0,0.8711320161819458,9.869600296020508,265,8.882499694824219,8.095399856567383,26882,11.013500213623047,2.2811100482940674,0.2689400017261505
1992,11,16,6,0,0.8551269769668579,9.806599617004395,265,8.731100082397461,7.837900161743164,26109,11.013500213623047,2.2552599906921387,0.2773300111293793
1992,11,16,9,0,0.8404060006141663,9.818499565124512,265,8.669599533081055,7.708499908447266,25455,11.013500213623047,2.2236499786376953,0.2826499938964844
1992,11,16,12,0,0.831682026386261,9.882800102233887,265,8.868900299072266,8.089400291442871,24122,12.114999771118164,2.1574699878692627,0.2740199863910675
1992,11,16,15,0,0.8292099833488464,9.829000473022461,265,8.957799911499023,8.355899810791016,22135,12.114999771118164,2.0757699012756348,0.26572999358177185
1992,11,16,18,0,0.8299729824066162,9.650899887084961,265,8.825900077819824,8.312299728393555,19781,11.013500213623047,1.9843300580978394,0.26934000849723816
1992,11,16,21,0,0.8305739760398865,9.4798002243042,265,8.6274995803833,8.120100021362305,17479,11.013500213623047,1.8844900131225586,0.27928000688552856
1992,11,17,0,0,0.8290640115737915,9.325300216674805,265,8.434399604797363,7.912700176239014,15263,10.01200008392334,1.7769399881362915,0.2904300093650818
1992,11,17,3,0,0.8252090215682983,9.133999824523926,265,8.188400268554688,7.631800174713135,13220,10.01200008392334,1.6723999977111816,0.3046500086784363
1992,11,17,6,0,0.8188899755477905,8.939299583435059,265,7.937300205230713,7.343800067901611,11628,10.01200008392334,1.5865999460220337,0.31916001439094543
1992,11,17,9,0,0.8125870227813721,8.821700096130371,265,7.793399810791016,7.199999809265137,10424,10.01200008392334,1.5121899843215942,0.330020010471344
1992,11,17,12,0,0.808821976184845,8.798800468444824,265,7.7393999099731445,7.143799781799316,9486,8.274100303649902,1.4431699514389038,0.3384999930858612
1992,11,17,15,0,0.806518018245697,8.827899932861328,265,7.721199989318848,7.1097002029418945,8641,9.101699829101562,1.373289942741394,0.3461199998855591
1992,11,17,18,0,0.8056910037994385,8.892000198364258,255,7.731800079345703,7.0914998054504395,7914,12.114999771118164,1.3077000379562378,0.35109999775886536
1992,11,17,21,0,0.810850977897644,9.00510025024414,255,7.79640007019043,7.113900184631348,7408,12.114999771118164,1.2556400299072266,0.35065001249313354
1992,11,18,0,0,0.817887008190155,9.132599830627441,255,7.835100173950195,7.026500225067139,7121,12.114999771118164,1.2210999727249146,0.3479599952697754
1992,11,18,3,0,0.8223029971122742,8.496100425720215,255,7.005899906158447,6.131499767303467,7877,12.114999771118164,1.3358399868011475,0.38892000913619995
1992,11,18,6,0,0.8287709951400757,8.36460018157959,245,7.101600170135498,6.352200031280518,8811,10.01200008392334,1.4289599657058716,0.36998000741004944
1992,11,18,9,0,0.8428530097007751,8.481399536132812,255,7.3277997970581055,6.6269001960754395,8953,9.101699829101562,1.4320399761199951,0.35187000036239624
1992,11,18,12,0,0.8635870218276978,8.591099739074707,255,7.571499824523926,6.947500228881836,9866,9.101699829101562,1.4956599473953247,0.3326300084590912
1992,11,18,15,0,0.8779579997062683,8.608099937438965,255,7.5721001625061035,6.89139986038208,11114,9.101699829101562,1.5864499807357788,0.3325200080871582
1992,11,18,18,0,0.8781229853630066,8.42020034790039,265,6.884300231933594,5.825799942016602,11589,9.101699829101562,1.6353700160980225,0.37893998622894287
1992,11,18,21,0,0.7958750128746033,6.817500114440918,255,5.237100124359131,4.48360013961792,15178,9.101699829101562,2.0893900394439697,0.4981899857521057
1992,11,19,0,0,0.7680559754371643,6.717899799346924,225,5.593100070953369,4.950500011444092,26873,7.5218000411987305,2.82000994682312,0.4181300103664398
1992,11,19,3,0,0.8362290263175964,8.302200317382812,235,7.282100200653076,6.578400135040283,48989,9.101699829101562,3.410559892654419,0.31909000873565674
1992,11,19,6,0,0.831121027469635,9.410900115966797,245,8.579400062561035,8.077500343322754,50389,9.101699829101562,3.2172300815582275,0.2837600111961365
1992,11,19,9,0,0.8490859866142273,10.175100326538086,255,9.26930046081543,8.711999893188477,57089,10.01200008392334,3.2598400115966797,0.27810001373291016
1992,11,19,12,0,0.879531979560852,10.817700386047363,265,9.836799621582031,9.177399635314941,73110,13.326800346374512,3.547110080718994,0.2674199938774109
1992,11,19,15,0,0.9044889807701111,10.917099952697754,265,9.687399864196777,8.768199920654297,88947,13.326800346374512,3.8812499046325684,0.28262999653816223
1992,11,19,18,0,0.9166979789733887,10.967599868774414,265,9.7746000289917,8.924400329589844,95007,13.326800346374512,3.9997000694274902,0.28202998638153076
1992,11,19,21,0,0.9195709824562073,11.075599670410156,265,9.8233003616333,8.896900177001953,99171,13.326800346374512,4.0612101554870605,0.28376999497413635
1992,11,20,0,0,0.9237200021743774,11.401900291442871,275,10.259099960327148,9.456000328063965,106898,13.326800346374512,4.144350051879883,0.27191999554634094
1992,11,20,3,0,0.9293100237846375,11.77400016784668,275,10.797699928283691,10.157099723815918,110131,13.326800346374512,4.127220153808594,0.2520799934864044
1992,11,20,6,0,0.9325770139694214,11.927499771118164,275,11.040900230407715,10.46310043334961,106328,13.326800346374512,4.024310111999512,0.239329993724823
1992,11,20,9,0,0.9338229894638062,11.880999565124512,275,11.056699752807617,10.523099899291992,96381,13.326800346374512,3.842319965362549,0.2320999950170517
1992,11,20,12,0,0.9348880052566528,11.722800254821777,275,10.930500030517578,10.422699928283691,83280,13.326800346374512,3.6033499240875244,0.23041999340057373
1992,11,20,15,0,0.9365410208702087,11.560999870300293,275,10.787199974060059,10.293100357055664,72020,12.114999771118164,3.3815999031066895,0.2302200049161911
1992,11,20,18,0,0.9385570287704468,11.39490032196045,275,10.633299827575684,10.142399787902832,62240,12.114999771118164,3.1733200550079346,0.23017999529838562
1992,11,20,21,0,0.9405590295791626,11.217300415039062,275,10.428199768066406,9.826199531555176,53762,12.114999771118164,2.979180097579956,0.2303999960422516
1992,11,21,0,0,0.936161994934082,10.776800155639648,275,9.487500190734863,8.216300010681152,46075,12.114999771118164,2.8224399089813232,0.2608799934387207
1992,11,21,3,0,0.8933200240135193,9.604599952697754,265,7.7555999755859375,6.428100109100342,40150,12.114999771118164,2.809609889984131,0.3453800082206726
1992,11,21,6,0,0.7830550074577332,8.343400001525879,245,6.704500198364258,5.671899795532227,36986,12.114999771118164,2.928770065307617,0.3828999996185303
1992,11,21,9,0,0.790224015712738,7.702300071716309,215,6.367800235748291,5.4918999671936035,43917,10.01200008392334,3.3587400913238525,0.35861000418663025
1992,11,21,12,0,0.8936610221862793,8.791500091552734,215,7.582499980926514,6.689300060272217,96078,11.013500213623047,4.612549781799316,0.3083699941635132
1992,11,21,15,0,0.8923270106315613,9.877699851989746,215,8.865500450134277,8.098799705505371,118670,11.013500213623047,4.786880016326904,0.2662599980831146
1992,11,21,18,0,0.8689540028572083,10.701899528503418,225,9.963700294494629,9.448100090026855,111035,11.013500213623047,4.415750026702881,0.22612999379634857
1992,11,21,21,0,0.8571010231971741,10.966899871826172,245,10.128800392150879,9.519800186157227,125983,12.114999771118164,4.626349925994873,0.2366500049829483
1992,11,22,0,0,0.8883630037307739,11.14050006866455,255,10.120800018310547,9.403800010681152,212083,12.114999771118164,5.930039882659912,0.26023000478744507
1992,11,22,3,0,0.9061099886894226,11.800700187683105,265,10.920100212097168,10.331700325012207,251236,13.326800346374512,6.227960109710693,0.23803000152111053
1992,11,22,6,0,0.8931480050086975,10.915200233459473,275,10.002900123596191,9.381600379943848,170596,12.114999771118164,5.3914899826049805,0.2511799931526184
1992,11,22,9,0,0.8868259787559509,10.28320026397705,275,9.366000175476074,8.734800338745117,130868,11.013500213623047,4.904560089111328,0.25995001196861267
1992,11,22,12,0,0.8970609903335571,10.464599609375,275,9.456100463867188,8.740799903869629,120002,12.114999771118164,4.6397600173950195,0.26684001088142395
1992,11,22,15,0,0.9123579859733582,11.133199691772461,275,10.208200454711914,9.54069995880127,123211,13.326800346374512,4.524280071258545,0.24501000344753265
1992,11,22,18,0,0.9163879752159119,11.528599739074707,275,10.763199806213379,10.2298002243042,121359,13.326800346374512,4.396969795227051,0.2217400074005127
1992,11,22,21,0,0.9110180139541626,11.568900108337402,275,10.893199920654297,10.4350004196167,108015,13.326800346374512,4.1421799659729,0.2101999968290329
1992,11,23,0,0,0.8988500237464905,11.344499588012695,275,10.709799766540527,10.285799980163574,85067,12.114999771118164,3.7248799800872803,0.20744000375270844
1992,11,23,3,0,0.8825650215148926,11.006199836730957,275,10.385600090026855,9.977399826049805,62332,12.114999771118164,3.2528600692749023,0.21035000681877136
1992,11,23,6,0,0.8667340278625488,10.715999603271484,275,10.088700294494629,9.681500434875488,45973,12.114999771118164,2.8423800468444824,0.21640999615192413
1992,11,23,9,0,0.8584550023078918,10.511300086975098,265,9.853599548339844,9.42389965057373,35139,12.114999771118164,2.5151801109313965,0.22514000535011292
1992,11,23,12,0,0.8584690093994141,10.366499900817871,265,9.665800094604492,9.18179988861084,28268,12.114999771118164,2.2752299308776855,0.23367999494075775
1992,11,23,15,0,0.8605809807777405,10.295900344848633,255,9.581899642944336,9.112299919128418,24008,12.114999771118164,2.1055400371551514,0.2395399957895279
1992,11,23,18,0,0.8691610097885132,10.249199867248535,255,9.458900451660156,8.882599830627441,21162,12.114999771118164,1.9815499782562256,0.24759000539779663
1992,11,23,21,0,0.8759750127792358,10.243900299072266,255,9.42959976196289,8.84850025177002,18765,11.013500213623047,1.8661500215530396,0.2526400089263916
1992,11,24,0,0,0.8827319741249084,10.27970027923584,255,9.480999946594238,8.934800148010254,16663,11.013500213623047,1.75478994846344,0.25450000166893005
1992,11,24,3,0,0.8875659704208374,10.308300018310547,255,9.396900177001953,8.635899543762207,14912,11.013500213623047,1.6565799713134766,0.2630600035190582
1992,11,24,6,0,0.858430027961731,9.176199913024902,245,6.624199867248535,5.164700031280518,13644,11.013500213623047,1.68149995803833,0.4092400074005127
1992,11,24,9,0,0.8549410104751587,9.060799598693848,245,6.677499771118164,5.358399868011475,12065,12.114999771118164,1.5902299880981445,0.43101999163627625
1992,11,24,12,0,0.825501024723053,8.667699813842773,235,6.288400173187256,5.113100051879883,11184,11.013500213623047,1.5654699802398682,0.47707000374794006
1992,11,24,15,0,0.7918090224266052,8.428299903869629,235,5.955900192260742,4.845399856567383,11241,11.013500213623047,1.5886800289154053,0.5162299871444702
1992,11,24,18,0,0.7813199758529663,8.572400093078613,235,6.065100193023682,4.925300121307373,12980,16.125999450683594,1.6887099742889404,0.5101799964904785
1992,11,24,21,0,0.8055930137634277,9.079400062561035,235,6.835999965667725,5.619100093841553,15939,14.659700393676758,1.816540002822876,0.4511300027370453
1992,11,25,0,0,0.8199459910392761,9.368800163269043,225,7.32289981842041,6.026000022888184,18892,14.659700393676758,1.9476799964904785,0.4069800078868866
1992,11,25,3,0,0.8377400040626526,9.506199836730957,225,7.617199897766113,6.280600070953369,21181,13.326800346374512,2.0490500926971436,0.3759700059890747
1992,11,25,6,0,0.8546379804611206,9.527299880981445,225,7.970200061798096,6.841100215911865,23963,13.326800346374512,2.1829299926757812,0.3469400107860565
1992,11,25,9,0,0.8651940226554871,9.389100074768066,225,8.001399993896484,6.98799991607666,25385,13.326800346374512,2.2716000080108643,0.33243998885154724
1992,11,25,12,0,0.8749279975891113,9.414799690246582,225,8.221500396728516,7.363900184631348,26408,11.013500213623047,2.319740056991577,0.31586000323295593
1992,11,25,15,0,0.8729299902915955,9.67080020904541,225,8.534899711608887,7.735099792480469,27991,11.013500213623047,2.356070041656494,0.31602001190185547
1992,11,25,18,0,0.8388749957084656,10.175100326538086,225,8.829500198364258,7.9679999351501465,30345,10.01200008392334,2.380280017852783,0.35740000009536743
1992,11,25,21,0,0.8026599884033203,11.184499740600586,245,9.347800254821777,8.279199600219727,37896,17.73889923095703,2.5103700160980225,0.4007999897003174
1992,11,26,0,0,0.8130769729614258,12.532699584960938,255,10.23449993133545,8.833700180053711,55614,17.73889923095703,2.8403799533843994,0.39618000388145447
1992,11,26,3,0,0.8381010293960571,13.49470043182373,265,11.130900382995605,9.534099578857422,80915,19.513200759887695,3.2771799564361572,0.36291998624801636
1992,11,26,6,0,0.850492000579834,13.764599800109863,265,11.441800117492676,9.650400161743164,99373,17.73889923095703,3.584049940109253,0.33886000514030457
1992,11,26,9,0,0.8449249863624573,13.319000244140625,265,11.062600135803223,9.390999794006348,105544,17.73889923095703,3.7589499950408936,0.34323999285697937
1992,11,26,12,0,0.8221870064735413,12.705599784851074,265,10.53909969329834,8.9552001953125,103741,17.73889923095703,3.8286900520324707,0.3503899872303009
1992,11,26,15,0,0.7987980246543884,12.182700157165527,255,10.223199844360352,8.819899559020996,101609,16.125999450683594,3.88496994972229,0.3483400046825409
1992,11,26,18,0,0.7831419706344604,11.727700233459473,245,9.797100067138672,8.40779972076416,105880,16.125999450683594,4.054540157318115,0.3503299951553345
1992,11,26,21,0,0.7886469960212708,11.746199607849121,245,10.127300262451172,8.939299583435059,112588,16.125999450683594,4.179890155792236,0.3229700028896332
1992,11,27,0,0,0.7891510128974915,11.574000358581543,245,9.7701997756958,8.359700202941895,115704,16.125999450683594,4.268050193786621,0.32624000310897827
1992,11,27,3,0,0.7946379780769348,11.383700370788574,235,9.75879955291748,8.505499839782715,123825,14.659700393676758,4.459829807281494,0.31532999873161316
1992,11,27,6,0,0.7929810285568237,11.084199905395508,235,9.493000030517578,8.28279972076416,124300,14.659700393676758,4.539909839630127,0.31632000207901
1992,11,27,9,0,0.7721840143203735,10.683799743652344,235,9.077899932861328,7.894800186157227,111602,14.659700393676758,4.3975300788879395,0.3267599940299988
1992,11,27,12,0,0.7511500120162964,10.694199562072754,235,9.167400360107422,8.054400444030762,92839,14.659700393676758,4.009130001068115,0.3202599883079529
1992,11,27,15,0,0.7483739852905273,11.037599563598633,245,9.69729995727539,8.685500144958496,76807,14.659700393676758,3.5822300910949707,0.29374998807907104
1992,11,27,18,0,0.7487189769744873,10.968999862670898,255,9.656399726867676,8.594099998474121,66499,14.659700393676758,3.349220037460327,0.28720998764038086
1992,11,27,21,0,0.7607579827308655,10.12090015411377,255,8.75220012664795,7.765900135040283,67474,11.013500213623047,3.5395100116729736,0.3167499899864197
1992,11,28,0,0,0.7687119841575623,9.794899940490723,265,8.607500076293945,7.763599872589111,65609,11.013500213623047,3.566309928894043,0.3056100010871887
1992,11,28,3,0,0.7849910259246826,9.425000190734863,265,8.22249984741211,7.346399784088135,65584,11.013500213623047,3.6509599685668945,0.3087800145149231
1992,11,28,6,0,0.8030949831008911,9.609600067138672,275,8.614500045776367,7.907599925994873,58586,10.01200008392334,3.4190800189971924,0.2837600111961365
1992,11,28,9,0,0.8130429983139038,9.837499618530273,275,8.961400032043457,8.391900062561035,45779,10.01200008392334,2.9828500747680664,0.27285000681877136
1992,11,28,12,0,0.8172420263290405,9.871500015258789,275,8.955599784851074,8.376399993896484,35467,12.114999771118164,2.6191999912261963,0.28488999605178833
1992,11,28,15,0,0.8216050267219543,9.865500450134277,275,8.862600326538086,8.254899978637695,28190,12.114999771118164,2.335200071334839,0.3046799898147583
1992,11,28,18,0,0.8280119895935059,9.992600440979004,275,8.867799758911133,8.211999893188477,23861,12.114999771118164,2.1319000720977783,0.32982000708580017
1992,11,28,21,0,0.8353909850120544,10.268500328063965,275,9.008099555969238,8.299200057983398,21337,11.013500213623047,1.9825899600982666,0.35071998834609985
1992,11,29,0,0,0.8454139828681946,10.650799751281738,275,9.249500274658203,8.477100372314453,20198,11.013500213623047,1.8840299844741821,0.3610999882221222
1992,11,29,3,0,0.8652600049972534,11.29539966583252,275,9.728699684143066,8.849499702453613,21409,17.73889923095703,1.8675199747085571,0.35740000009536743
1992,11,29,6,0,0.8912699818611145,12.006500244140625,275,10.446000099182129,9.482500076293945,25542,14.659700393676758,1.9622399806976318,0.32526999711990356
1992,11,29,9,0,0.9141169786453247,12.395899772644043,275,11.096599578857422,10.201600074768066,32213,16.125999450683594,2.1613399982452393,0.28029000759124756
1992,11,29,12,0,0.9281010031700134,12.265000343322754,275,11.25220012664795,10.547100067138672,38784,13.326800346374512,2.3895699977874756,0.25102001428604126
1992,11,29,15,0,0.933525025844574,11.85159969329834,275,10.87720012664795,10.133899688720703,42435,13.326800346374512,2.5536398887634277,0.24799999594688416
1992,11,29,18,0,0.9293400049209595,11.119600296020508,275,9.655900001525879,8.284600257873535,39656,12.114999771118164,2.563199996948242,0.28255999088287354
1992,11,29,21,0,0.9066309928894043,9.778599739074707,265,7.775599956512451,6.4004998207092285,35470,12.114999771118164,2.606990098953247,0.3661099970340729
1992,11,30,0,0,0.8471289873123169,8.546199798583984,255,6.903800010681152,5.90310001373291,38731,12.114999771118164,2.9504001140594482,0.394459992647171
1992,11,30,3,0,0.8127250075340271,8.203900337219238,245,6.813300132751465,5.930099964141846,46907,9.101699829101562,3.3372199535369873,0.3756299912929535
1992,11,30,6,0,0.798816978931427,8.567099571228027,245,7.194399833679199,6.32919979095459,50132,9.101699829101562,3.3638501167297363,0.37365999817848206
1992,11,30,9,0,0.8018199801445007,8.949399948120117,255,7.383999824523926,6.450399875640869,61275,14.659700393676758,3.6111299991607666,0.3928399980068207
1992,11,30,12,0,0.8589500188827515,9.671199798583984,265,8.136899948120117,7.166999816894531,74463,13.326800346374512,3.8076601028442383,0.36173999309539795
1992,11,30,15,0,0.8956130146980286,9.72700023651123,275,8.35159969329834,7.489799976348877,92530,13.326800346374512,4.237539768218994,0.34610000252723694
1992,11,30,18,0,0.9150260090827942,10.405099868774414,275,9.189499855041504,8.42020034790039,96329,13.326800346374512,4.160930156707764,0.31106001138687134
1992,11,30,21,0,0.9258750081062317,11.110099792480469,275,9.906800270080566,9.090999603271484,101914,13.326800346374512,4.111289978027344,0.2888300120830536
1992,12,1,0,0,0.9332540035247803,11.641300201416016,285,10.615400314331055,9.949399948120117,104214,13.326800346374512,4.042129993438721,0.2614099979400635
1992,12,1,3,0,0.9366670250892639,11.859800338745117,285,10.92609977722168,10.325699806213379,98521,13.326800346374512,3.886780023574829,0.24743999540805817
1992,12,1,6,0,0.9382789731025696,11.927000045776367,285,11.04259967803955,10.472700119018555,90379,13.326800346374512,3.710669994354248,0.24010999500751495
1992,12,1,9,0,0.9391819834709167,11.912799835205078,275,11.058899879455566,10.506600379943848,81077,13.326800346374512,3.5179200172424316,0.2359900027513504
1992,12,1,12,0,0.9405630230903625,11.85159969329834,275,11.009300231933594,10.464099884033203,71051,13.326800346374512,3.3045101165771484,0.2354000061750412
1992,12,1,15,0,0.9408270120620728,11.812600135803223,275,10.94849967956543,10.38479995727539,61803,13.326800346374512,3.0889999866485596,0.23999999463558197
1992,12,1,18,0,0.9389809966087341,11.956399917602539,275,11.005000114440918,10.296699523925781,57447,13.326800346374512,2.9557700157165527,0.24688999354839325
1992,12,1,21,0,0.9336540102958679,11.871600151062012,285,9.873000144958496,7.984300136566162,58808,13.326800346374512,2.993269920349121,0.2924099862575531
1992,12,2,0,0,0.9324690103530884,12.05720043182373,285,10.062100410461426,8.191300392150879,58385,13.326800346374512,2.9534099102020264,0.29225999116897583
1992,12,2,3,0,0.9276040196418762,12.059499740600586,285,9.77750015258789,7.766200065612793,56138,13.326800346374512,2.892659902572632,0.30858999490737915
1992,12,2,6,0,0.9256970286369324,12.107399940490723,285,9.503600120544434,7.329800128936768,53720,13.326800346374512,2.820470094680786,0.3215399980545044
1992,12,2,9,0,0.9160709977149963,11.87720012664795,285,8.88230037689209,6.743199825286865,52178,14.659700393676758,2.805259943008423,0.35499000549316406
1992,12,2,12,0,0.9119049906730652,11.968899726867676,285,8.884900093078613,6.714200019836426,50766,14.659700393676758,2.7530899047851562,0.3581700026988983
1992,12,2,15,0,0.9025710225105286,11.706000328063965,285,8.413999557495117,6.339900016784668,49997,14.659700393676758,2.763430118560791,0.38468998670578003
1992,12,2,18,0,0.9006789922714233,11.6983003616333,285,8.500200271606445,6.440899848937988,49075,14.659700393676758,2.739959955215454,0.3822300136089325
1992,12,2,21,0,0.9057220220565796,11.846699714660645,285,8.848999977111816,6.762199878692627,47920,14.659700393676758,2.6913199424743652,0.3651599884033203
1992,12,3,0,0,0.9147599935531616,12.081999778747559,285,9.36989974975586,7.224999904632568,46559,14.659700393676758,2.6270999908447266,0.33737000823020935
1992,12,3,3,0,0.9193300008773804,12.277700424194336,285,9.94379997253418,7.841800212860107,45139,14.659700393676758,2.5658700466156006,0.3100300133228302
1992,12,3,6,0,0.921654999256134,12.451000213623047,285,10.682600021362305,8.895299911499023,43751,14.659700393676758,2.508960008621216,0.2794399857521057
1992,12,3,9,0,0.9204760193824768,12.416199684143066,285,10.940799713134766,9.40060043334961,41695,14.659700393676758,2.4556500911712646,0.2652699947357178
1992,12,3,12,0,0.9157660007476807,12.324999809265137,285,10.982399940490723,9.638299942016602,38618,14.659700393676758,2.375349998474121,0.262690007686615
1992,12,3,15,0,0.909841001033783,12.243800163269043,285,10.739399909973145,9.146699905395508,35031,14.659700393676758,2.272289991378784,0.27160999178886414
1992,12,3,18,0,0.9084029793739319,12.399700164794922,285,10.87559986114502,9.364700317382812,32455,13.326800346374512,2.17192006111145,0.28001999855041504
1992,12,3,21,0,0.9152470231056213,12.875499725341797,285,11.445300102233887,10.217900276184082,32934,17.73889923095703,2.139709949493408,0.27838999032974243
1992,12,4,0,0,0.9222210049629211,13.273099899291992,285,11.92870044708252,10.819600105285645,34855,16.125999450683594,2.1600100994110107,0.2646700143814087
1992,12,4,3,0,0.9275169968605042,13.556400299072266,285,12.278400421142578,11.071200370788574,37903,16.125999450683594,2.221940040588379,0.24572999775409698
1992,12,4,6,0,0.929876983165741,13.691300392150879,285,12.29580020904541,10.662799835205078,40570,16.125999450683594,2.283989906311035,0.2371399998664856
1992,12,4,9,0,0.9294430017471313,13.730400085449219,285,12.292499542236328,10.424300193786621,41120,14.659700393676758,2.2955100536346436,0.2309499979019165
1992,12,4,12,0,0.9286400079727173,13.776100158691406,275,12.425399780273438,10.67959976196289,40908,14.659700393676758,2.2848598957061768,0.22474999725818634
1992,12,4,15,0,0.9314169883728027,13.869199752807617,275,12.548800468444824,10.798299789428711,41407,16.125999450683594,2.288719892501831,0.21748000383377075
1992,12,4,18,0,0.9354190230369568,13.973600387573242,275,12.867799758911133,11.456999778747559,42458,16.125999450683594,2.3066599369049072,0.2039099931716919
1992,12,4,21,0,0.9374769926071167,13.89490032196045,275,12.939599990844727,11.780099868774414,43555,14.659700393676758,2.343179941177368,0.19362999498844147
1992,12,5,0,0,0.9362670183181763,13.648200035095215,275,12.783900260925293,11.821000099182129,44920,14.659700393676758,2.4044198989868164,0.1893800050020218
1992,12,5,3,0,0.9281830191612244,13.239899635314941,275,12.351400375366211,11.48639965057373,44825,14.659700393676758,2.446049928665161,0.19931000471115112
1992,12,5,6,0,0.9090110063552856,12.589099884033203,275,11.430999755859375,10.39330005645752,41763,14.659700393676758,2.432919979095459,0.23330000042915344
1992,12,5,9,0,0.8867070078849792,11.993300437927246,275,10.646499633789062,9.521499633789062,36365,13.326800346374512,2.337049961090088,0.2614400088787079
1992,12,5,12,0,0.8571720123291016,11.364100456237793,275,9.780200004577637,8.505499839782715,31736,13.326800346374512,2.253509998321533,0.29423999786376953
1992,12,5,15,0,0.8141760230064392,10.170900344848633,265,7.9542999267578125,6.484799861907959,28896,13.326800346374512,2.2884199619293213,0.37448999285697937
1992,12,5,18,0,0.7515990138053894,8.958999633789062,255,6.991700172424316,5.851399898529053,29824,13.326800346374512,2.504539966583252,0.41745999455451965
1992,12,5,21,0,0.7191759943962097,8.213700294494629,235,6.541100025177002,5.582200050354004,33793,13.326800346374512,2.8106000423431396,0.42162999510765076
1992,12,6,0,0,0.7272800207138062,8.358099937438965,225,6.786499977111816,5.82450008392334,37383,13.326800346374512,2.935420036315918,0.3968000113964081
1992,12,6,3,0,0.7480570077896118,8.638799667358398,235,7.066500186920166,6.065299987792969,40943,13.326800346374512,3.0159499645233154,0.3819600045681
1992,12,6,6,0,0.7679089903831482,8.783599853515625,235,7.2891998291015625,6.271599769592285,41365,12.114999771118164,3.010040044784546,0.35673001408576965
1992,12,6,9,0,0.7663059830665588,8.640899658203125,235,7.21150016784668,6.223700046539307,37816,12.114999771118164,2.909869909286499,0.34946000576019287
1992,12,6,12,0,0.7598450183868408,8.642999649047852,235,7.329100131988525,6.382999897003174,32733,12.114999771118164,2.712970018386841,0.3371500074863434
1992,12,6,15,0,0.7500839829444885,8.706199645996094,245,7.344200134277344,6.366099834442139,25763,12.114999771118164,2.40024995803833,0.35721999406814575
1992,12,6,18,0,0.7346680164337158,8.951000213623047,245,7.270999908447266,6.237100124359131,24477,9.101699829101562,2.3063600063323975,0.44819000363349915
1992,12,6,21,0,0.7389860153198242,10.104599952697754,245,7.606500148773193,6.334000110626221,32184,21.46489906311035,2.4673099517822266,0.5317699909210205
1992,12,7,0,0,0.7767890095710754,11.776700019836426,255,8.301400184631348,6.627600193023682,56420,19.513200759887695,2.9766600131988525,0.5210000276565552
1992,12,7,3,0,0.7658159732818604,11.415399551391602,255,8.344900131225586,6.7779998779296875,116811,19.513200759887695,4.342609882354736,0.4921799898147583
1992,12,7,6,0,0.7685289978981018,12.163800239562988,255,9.365500450134277,7.775599956512451,164332,17.73889923095703,4.95890998840332,0.437389999628067
1992,12,7,9,0,0.8324769735336304,13.45199966430664,265,10.840900421142578,9.073399543762207,175011,17.73889923095703,4.8223700523376465,0.3713800013065338
1992,12,7,12,0,0.8860729932785034,14.068900108337402,275,12.049200057983398,10.624300003051758,172843,17.73889923095703,4.667689800262451,0.31988000869750977
1992,12,7,15,0,0.910851001739502,14.133600234985352,275,12.363300323486328,11.126999855041504,162774,17.73889923095703,4.511809825897217,0.2994599938392639
1992,12,7,18,0,0.9212070107460022,13.895299911499023,275,11.827799797058105,10.115500450134277,151635,17.73889923095703,4.388150215148926,0.3043699860572815
1992,12,7,21,0,0.9216769933700562,13.424799919128418,275,11.073399543762207,9.191200256347656,138829,17.73889923095703,4.2740302085876465,0.32253000140190125
1992,12,8,0,0,0.9170629978179932,12.873100280761719,275,10.330599784851074,8.421699523925781,125519,16.125999450683594,4.1560797691345215,0.3416900038719177
1992,12,8,3,0,0.8680940270423889,11.348899841308594,275,8.713199615478516,7.143899917602539,124216,16.125999450683594,4.438469886779785,0.40880998969078064
1992,12,8,6,0,0.8145350217819214,10.420100212097168,265,8.285300254821777,6.9882001876831055,129856,16.125999450683594,4.789060115814209,0.4049200117588043
1992,12,8,9,0,0.7714049816131592,9.691499710083008,245,7.945199966430664,6.819499969482422,139266,14.659700393676758,5.200560092926025,0.37918001413345337
1992,12,8,12,0,0.7864900231361389,10.634300231933594,235,9.5177001953125,8.773799896240234,136630,11.013500213623047,4.899600028991699,0.2890099883079529
1992,12,8,15,0,0.7716299891471863,10.791500091552734,245,9.718600273132324,8.963700294494629,115775,11.013500213623047,4.470980167388916,0.27483999729156494
1992,12,8,18,0,0.7821840047836304,10.90999984741211,255,9.90719985961914,9.19320011138916,102335,14.659700393676758,4.177040100097656,0.2630600035190582
1992,12,8,21,0,0.8158980011940002,11.089099884033203,255,10.083000183105469,9.349900245666504,98686,13.326800346374512,4.06003999710083,0.25982001423835754
1992,12,9,0,0,0.8474339842796326,11.33549976348877,255,10.256400108337402,9.443400382995605,106660,13.326800346374512,4.162049770355225,0.2641400098800659
1992,12,9,3,0,0.8791970014572144,11.254599571228027,255,9.74120044708252,8.643199920654297,131519,13.326800346374512,4.6301398277282715,0.31518998742103577
1992,12,9,6,0,0.9120219945907593,11.816900253295898,265,10.225299835205078,9.208700180053711,196974,14.659700393676758,5.507160186767578,0.33087000250816345
1992,12,9,9,0,0.9349349737167358,13.327099800109863,265,11.784899711608887,10.791899681091309,286688,16.125999450683594,6.193069934844971,0.3001900017261505
1992,12,9,12,0,0.943198025226593,14.259099960327148,265,12.86620044708252,11.93589973449707,333288,16.125999450683594,6.419469833374023,0.2696700096130371
1992,12,9,15,0,0.9440730214118958,14.367600440979004,275,13.046799659729004,12.131600379943848,311576,16.125999450683594,6.173870086669922,0.2577899992465973
1992,12,9,18,0,0.9465169906616211,14.101300239562988,275,12.864700317382812,12.015199661254883,265074,16.125999450683594,5.750269889831543,0.25248000025749207
1992,12,9,21,0,0.9479550123214722,13.882100105285645,275,12.782099723815918,12.047599792480469,225677,16.125999450683594,5.351550102233887,0.24326999485492706
1992,12,10,0,0,0.9480699896812439,13.743800163269043,275,12.736800193786621,12.075400352478027,201546,16.125999450683594,5.085840225219727,0.23600000143051147
1992,12,10,3,0,0.9465910196304321,13.593099594116211,275,12.649700164794922,12.032099723815918,183011,16.125999450683594,4.875400066375732,0.2296999990940094
1992,12,10,6,0,0.9437360167503357,13.295299530029297,275,12.386300086975098,11.792900085449219,155548,14.659700393676758,4.552849769592285,0.22840000689029694
1992,12,10,9,0,0.9400990009307861,12.892999649047852,275,12.017999649047852,11.446200370788574,125271,14.659700393676758,4.161509990692139,0.22804999351501465
1992,12,10,12,0,0.936788022518158,12.525899887084961,275,11.555000305175781,10.606599807739258,102128,14.659700393676758,3.8235199451446533,0.22803999483585358
1992,12,10,15,0,0.9211739897727966,11.685999870300293,275,9.628800392150879,7.727399826049805,83746,14.659700393676758,3.5989999771118164,0.2910099923610687
1992,12,10,18,0,0.9223089814186096,11.572699546813965,285,9.933699607849121,8.39430046081543,67993,13.326800346374512,3.267080068588257,0.2742899954319
1992,12,10,21,0,0.9266830086708069,11.527899742126465,285,10.169099807739258,8.813899993896484,56876,13.326800346374512,3.0009000301361084,0.2524600028991699
1992,12,11,0,0,0.8811259865760803,11.579099655151367,275,10.776000022888184,10.077400207519531,51951,13.326800346374512,2.8690600395202637,0.21502000093460083
1992,12,11,3,0,0.73676997423172,11.29990005493164,255,10.76360034942627,10.409500122070312,58224,12.114999771118164,3.092710018157959,0.1954600065946579
1992,12,11,6,0,0.7111080288887024,11.051899909973145,255,10.550000190734863,10.244400024414062,54009,12.114999771118164,3.0228099822998047,0.19520999491214752
1992,12,11,9,0,0.7114359736442566,10.906100273132324,255,10.397899627685547,10.08549976348877,46989,12.114999771118164,2.844290018081665,0.19819000363349915
1992,12,11,12,0,0.7199540138244629,10.913000106811523,255,10.346199989318848,9.989899635314941,42263,12.114999771118164,2.6958999633789062,0.21187999844551086
1992,12,11,15,0,0.7474240064620972,11.170299530029297,255,10.478500366210938,10.035799980163574,41209,12.114999771118164,2.620840072631836,0.23407000303268433
1992,12,11,18,0,0.7872390151023865,11.544500350952148,255,10.621600151062012,9.74940013885498,43814,11.013500213623047,2.6435399055480957,0.2472900003194809
1992,12,11,21,0,0.8225359916687012,11.76609992980957,265,10.62399959564209,9.428299903869629,48841,13.326800346374512,2.7546300888061523,0.25290998816490173
1992,12,12,0,0,0.8209180235862732,11.523500442504883,255,10.531100273132324,9.633999824523926,58095,13.326800346374512,3.0434000492095947,0.25174999237060547
1992,12,12,3,0,0.8215129971504211,11.440799713134766,255,10.647700309753418,10.135199546813965,59633,13.326800346374512,3.098750114440918,0.23975999653339386
1992,12,12,6,0,0.8201839923858643,11.34179973602295,255,10.643600463867188,10.213500022888184,56450,13.326800346374512,3.0335500240325928,0.22702999413013458
1992,12,12,9,0,0.8195859789848328,11.19379997253418,265,10.542099952697754,10.142999649047852,50967,13.326800346374512,2.908099889755249,0.22116999328136444
1992,12,12,12,0,0.8259109854698181,11.014900207519531,265,10.378100395202637,9.993900299072266,44133,13.326800346374512,2.7348198890686035,0.22211000323295593
1992,12,12,15,0,0.8372759819030762,10.83240032196045,265,10.183500289916992,9.80090045928955,36950,12.114999771118164,2.529010057449341,0.22856000065803528
1992,12,12,18,0,0.854544997215271,10.74489974975586,275,10.049699783325195,9.649700164794922,31538,12.114999771118164,2.3473899364471436,0.24007000029087067
1992,12,12,21,0,0.880387008190155,10.817000389099121,275,10.02180004119873,9.537199974060059,28611,12.114999771118164,2.224030017852783,0.25439000129699707
1992,12,13,0,0,0.8915860056877136,10.512999534606934,275,8.602399826049805,6.979300022125244,27810,12.114999771118164,2.218869924545288,0.32054001092910767
1992,12,13,3,0,0.8570219874382019,9.423700332641602,265,7.184999942779541,5.861000061035156,30499,12.114999771118164,2.4611799716949463,0.4136500060558319
1992,12,13,6,0,0.8080909848213196,8.776200294494629,255,6.862800121307373,5.763999938964844,36625,12.114999771118164,2.813930034637451,0.4233100116252899
1992,12,13,9,0,0.7848209738731384,8.860099792480469,255,7.196300029754639,6.138800144195557,41421,12.114999771118164,2.988770008087158,0.3865100145339966
1992,12,13,12,0,0.7588520050048828,8.678999900817871,245,7.174499988555908,6.200300216674805,45745,9.101699829101562,3.184770107269287,0.37345001101493835
1992,12,13,15,0,0.7437270283699036,8.958499908447266,255,7.554200172424316,6.6020002365112305,44593,12.114999771118164,3.090670108795166,0.3514699935913086
1992,12,13,18,0,0.7681339979171753,9.246199607849121,265,7.820000171661377,6.820499897003174,42050,12.114999771118164,2.946000099182129,0.34161001443862915
1992,12,13,21,0,0.8010709881782532,9.356100082397461,265,7.791100025177002,6.694300174713135,41726,12.114999771118164,2.9120099544525146,0.34775999188423157
1992,12,14,0,0,0.8394330143928528,9.706999778747559,275,8.13010025024414,7.012199878692627,43262,12.114999771118164,2.9014499187469482,0.34196001291275024
1992,12,14,3,0,0.8441759943962097,9.515000343322754,275,7.464600086212158,6.211900234222412,50854,12.114999771118164,3.167520046234131,0.4009700119495392
1992,12,14,6,0,0.8805000185966492,9.897500038146973,275,8.00529956817627,6.892099857330322,73140,12.114999771118164,3.7118000984191895,0.40310001373291016
1992,12,14,9,0,0.9322299957275391,11.511799812316895,275,9.926899909973145,8.986100196838379,109281,16.125999450683594,4.161719799041748,0.33851000666618347
1992,12,14,12,0,0.95176100730896,12.999500274658203,275,11.49530029296875,10.584199905395508,151575,16.125999450683594,4.570789813995361,0.30717000365257263
1992,12,14,15,0,0.9598209857940674,14.874799728393555,275,13.25570011138916,12.208499908447266,239292,17.73889923095703,5.334519863128662,0.2893899977207184
1992,12,14,18,0,0.963034987449646,15.563199996948242,285,13.454700469970703,11.722999572753906,342839,17.73889923095703,6.230319976806641,0.2926799952983856
1992,12,14,21,0,0.9626650214195251,15.101200103759766,285,13.035400390625,11.441100120544434,348427,17.73889923095703,6.37431001663208,0.2974500060081482
1992,12,15,0,0,0.9615939855575562,14.385499954223633,285,12.339699745178223,10.802300453186035,315972,17.73889923095703,6.223949909210205,0.3060399889945984
1992,12,15,3,0,0.9602779746055603,14.031499862670898,285,12.176799774169922,10.804499626159668,282441,17.73889923095703,5.9586501121521,0.29771000146865845
1992,12,15,6,0,0.9597979784011841,13.901800155639648,285,12.295900344848633,11.114100456237793,248879,16.125999450683594,5.618120193481445,0.2806600034236908
1992,12,15,9,0,0.9587929844856262,13.560400009155273,285,12.071200370788574,10.962599754333496,215430,16.125999450683594,5.29826021194458,0.2743299901485443
1992,12,15,12,0,0.958611011505127,13.221799850463867,285,11.673500061035156,10.44909954071045,192194,16.125999450683594,5.073520183563232,0.27706000208854675
1992,12,15,15,0,0.9581909775733948,12.929100036621094,285,11.40779972076416,10.18239974975586,164942,16.125999450683594,4.75970983505249,0.2756800055503845
1992,12,15,18,0,0.9579939842224121,12.736499786376953,285,11.358499526977539,10.23960018157959,138560,14.659700393676758,4.4015398025512695,0.2650600075721741
1992,12,15,21,0,0.9582939743995667,12.602499961853027,285,11.379500389099121,10.38129997253418,117467,14.659700393676758,4.0794501304626465,0.2521800100803375
1992,12,16,0,0,0.9584400057792664,12.481300354003906,285,11.452699661254883,10.687100410461426,99545,14.659700393676758,3.779629945755005,0.2389499992132187
1992,12,16,3,0,0.9574599862098694,12.29640007019043,285,11.379199981689453,10.725799560546875,83368,14.659700393676758,3.492919921875,0.2310899943113327
1992,12,16,6,0,0.9557340145111084,12.0826997756958,285,11.244000434875488,10.668100357055664,70573,13.326800346374512,3.2506399154663086,0.22563999891281128
1992,12,16,9,0,0.9539859890937805,11.875200271606445,285,11.07960033416748,10.529899597167969,60759,13.326800346374512,3.0503299236297607,0.22201000154018402
1992,12,16,12,0,0.9449359774589539,11.1943998336792,285,9.451399803161621,7.749599933624268,51923,13.326800346374512,2.916300058364868,0.27360999584198
1992,12,16,15,0,0.8799189925193787,9.15470027923584,275,7.124800205230713,5.9105000495910645,49861,13.326800346374512,3.2012100219726562,0.3993600010871887
1992,12,16,18,0,0.7739549875259399,8.229700088500977,255,6.734300136566162,5.816999912261963,48861,12.114999771118164,3.388819932937622,0.38624000549316406
1992,12,16,21,0,0.7465519905090332,8.190099716186523,235,6.946700096130371,6.083600044250488,57302,10.01200008392334,3.706939935684204,0.3347100019454956
1992,12,17,0,0,0.7982649803161621,8.518899917602539,225,7.292399883270264,6.400100231170654,80593,11.013500213623047,4.303460121154785,0.3153400123119354
1992,12,17,3,0,0.7648829817771912,9.386300086975098,235,8.716099739074707,8.213500022888184,63714,10.01200008392334,3.639470100402832,0.22745999693870544
1992,12,17,6,0,0.803803026676178,10.116900444030762,265,9.576399803161621,9.234399795532227,75911,11.013500213623047,3.793529987335205,0.2102299928665161
1992,12,17,9,0,0.8827160000801086,10.636300086975098,275,10.031900405883789,9.659299850463867,83115,11.013500213623047,3.8393900394439697,0.21657000482082367
1992,12,17,12,0,0.9282820224761963,10.940500259399414,285,10.294899940490723,9.882800102233887,93634,12.114999771118164,3.999660015106201,0.21619999408721924
1992,12,17,15,0,0.9441810250282288,10.991700172424316,285,10.318699836730957,9.87279987335205,87309,12.114999771118164,3.849910020828247,0.21705999970436096
1992,12,17,18,0,0.9511110186576843,11.242400169372559,285,10.56719970703125,10.111900329589844,85559,12.114999771118164,3.756160020828247,0.2136400043964386
1992,12,17,21,0,0.9572219848632812,11.520099639892578,285,10.856300354003906,10.408499717712402,87279,12.114999771118164,3.734989881515503,0.2097799926996231
1992,12,18,0,0,0.9615399837493896,11.75160026550293,285,11.09179973602295,10.64780044555664,90392,12.114999771118164,3.7523999214172363,0.20728999376296997
1992,12,18,3,0,0.9639710187911987,11.878499984741211,285,11.211799621582031,10.764599800109863,89346,13.326800346374512,3.704629898071289,0.2074899971485138
1992,12,18,6,0,0.9652900099754333,11.866900444030762,285,11.18970012664795,10.741600036621094,88858,13.326800346374512,3.696690082550049,0.2104099988937378
1992,12,18,9,0,0.9648749828338623,11.630200386047363,285,10.929499626159668,10.468099594116211,79631,13.326800346374512,3.5444300174713135,0.21650999784469604
1992,12,18,12,0,0.9636440277099609,11.328100204467773,285,10.633500099182129,10.17549991607666,64616,12.114999771118164,3.247649908065796,0.21852000057697296
1992,12,18,15,0,0.9629539847373962,10.985600471496582,295,10.313799858093262,9.874099731445312,53425,12.114999771118164,3.012969970703125,0.21926000714302063
1992,12,18,18,0,0.9614189863204956,10.61340045928955,295,9.957200050354004,9.531299591064453,44049,12.114999771118164,2.797919988632202,0.2217700034379959
1992,12,18,21,0,0.9584969878196716,10.26669979095459,295,9.616900444030762,9.198100090026855,34692,11.013500213623047,2.536520004272461,0.22551999986171722
1992,12,19,0,0,0.9536730051040649,9.973099708557129,295,9.321100234985352,8.905500411987305,27697,11.013500213623047,2.308000087738037,0.23091000318527222
1992,12,19,3,0,0.9488880038261414,9.689299583435059,285,9.011500358581543,8.589500427246094,22332,10.01200008392334,2.1085898876190186,0.2423200011253357
1992,12,19,6,0,0.94302898645401,9.459799766540527,285,8.70419979095459,8.244600296020508,17903,10.01200008392334,1.9130300283432007,0.26298001408576965
1992,12,19,9,0,0.9371659755706787,9.347000122070312,285,8.378800392150879,7.649199962615967,14372,10.01200008392334,1.7230499982833862,0.28922000527381897
1992,12,19,12,0,0.9192990064620972,8.401000022888184,285,6.563499927520752,5.4446001052856445,13134,9.101699829101562,1.7381900548934937,0.40422001481056213
1992,12,19,15,0,0.842303991317749,7.101399898529053,265,5.700799942016602,4.961100101470947,18540,6.216100215911865,2.262660026550293,0.45127999782562256
1992,12,19,18,0,0.8037509918212891,7.168600082397461,255,6.066299915313721,5.403500080108643,25920,6.837800025939941,2.6732099056243896,0.3962399959564209
1992,12,19,21,0,0.7599520087242126,7.385000228881836,245,6.361800193786621,5.708099842071533,31682,7.5218000411987305,2.9149200916290283,0.36555999517440796
1992,12,20,0,0,0.71983402967453,7.651500225067139,235,6.654699802398682,5.986100196838379,37689,7.5218000411987305,3.1232099533081055,0.3432300090789795
1992,12,20,3,0,0.699770987033844,8.015299797058105,235,7.093299865722656,6.456999778747559,47902,8.274100303649902,3.438570022583008,0.31520000100135803
1992,12,20,6,0,0.6760129928588867,8.841400146484375,235,8.196100234985352,7.827499866485596,45194,9.101699829101562,3.1670000553131104,0.2665799856185913
1992,12,20,9,0,0.6743090152740479,8.654600143432617,245,7.7270002365112305,7.058499813079834,42744,9.101699829101562,3.111690044403076,0.2962000072002411
1992,12,20,12,0,0.7234089970588684,8.496999740600586,265,7.639800071716309,7.0467000007629395,46704,9.101699829101562,3.2890000343322754,0.29109999537467957
1992,12,20,15,0,0.8008249998092651,8.952899932861328,275,8.075200080871582,7.448200225830078,50512,9.101699829101562,3.3195199966430664,0.27834001183509827
1992,12,20,18,0,0.8532660007476807,9.453800201416016,275,8.524800300598145,7.828800201416016,55364,10.01200008392334,3.3629798889160156,0.2696300148963928
1992,12,20,21,0,0.8750659823417664,9.496700286865234,275,8.468600273132324,7.6803998947143555,55592,11.013500213623047,3.3572800159454346,0.2775599956512451
1992,12,21,0,0,0.8854029774665833,9.53030014038086,285,8.562100410461426,7.842199802398682,48092,11.013500213623047,3.1173601150512695,0.2733199894428253
1992,12,21,3,0,0.889523983001709,9.469799995422363,285,8.388999938964844,7.52400016784668,39502,10.01200008392334,2.835239887237549,0.28060999512672424
1992,12,21,6,0,0.8835150003433228,9.015000343322754,275,7.831699848175049,6.968100070953369,34850,10.01200008392334,2.7362399101257324,0.3096100091934204
1992,12,21,9,0,0.8863289952278137,9.186200141906738,275,8.285699844360352,7.718800067901611,29915,10.01200008392334,2.5114400386810303,0.28564000129699707
1992,12,21,12,0,0.889814019203186,9.260199546813965,275,8.422699928283691,7.912799835205078,26025,10.01200008392334,2.332520008087158,0.2782500088214874
1992,12,21,15,0,0.8906599879264832,9.266400337219238,275,8.464300155639648,7.985199928283691,23107,10.01200008392334,2.1974599361419678,0.27472999691963196
1992,12,21,18,0,0.8917940258979797,9.249899864196777,275,8.476499557495117,8.018500328063965,21064,10.01200008392334,2.1009299755096436,0.2708599865436554
1992,12,21,21,0,0.8953869938850403,9.224599838256836,275,8.413299560546875,7.866600036621094,19910,9.101699829101562,2.0463500022888184,0.26945000886917114
1992,12,22,0,0,0.9009680151939392,8.69540023803711,275,7.3649001121521,6.36929988861084,19775,9.101699829101562,2.1040000915527344,0.3227899968624115
1992,12,22,3,0,0.9048579931259155,8.004199981689453,275,6.698599815368652,5.855899810791016,21770,9.101699829101562,2.309499979019165,0.3576500117778778
1992,12,22,6,0,0.9067180156707764,7.894899845123291,275,6.716599941253662,5.9390997886657715,22962,9.101699829101562,2.393389940261841,0.3449999988079071
1992,12,22,9,0,0.9101300239562988,7.818399906158447,275,6.6381001472473145,5.855800151824951,23459,9.101699829101562,2.433729887008667,0.34426000714302063
1992,12,22,12,0,0.9170359969139099,7.696800231933594,275,6.741600036621094,6.061399936676025,37504,8.274100303649902,3.116339921951294,0.30744001269340515
1992,12,22,15,0,0.9179390072822571,8.373100280761719,275,7.562900066375732,6.975100040435791,47051,9.101699829101562,3.337549924850464,0.26829999685287476
1992,12,22,18,0,0.9241099953651428,8.64579963684082,285,7.782700061798096,7.14769983291626,51215,10.01200008392334,3.4163999557495117,0.26938000321388245
1992,12,22,21,0,0.9290030002593994,9.07450008392334,285,8.232399940490723,7.61959981918335,48015,10.01200008392334,3.2146599292755127,0.26072001457214355
1992,12,23,0,0,0.9336689710617065,9.33590030670166,285,8.44789981842041,7.781400203704834,43517,11.013500213623047,3.0067999362945557,0.26104000210762024
1992,12,23,3,0,0.936788022518158,9.47920036315918,285,8.621999740600586,7.994500160217285,39235,11.013500213623047,2.8291800022125244,0.25685998797416687
1992,12,23,6,0,0.9385420083999634,9.594200134277344,285,8.801600456237793,8.25,34048,11.013500213623047,2.6178500652313232,0.2497600018978119
1992,12,23,9,0,0.9393450021743774,9.641200065612793,285,8.889599800109863,8.38290023803711,29380,11.013500213623047,2.4255599975585938,0.24556000530719757
1992,12,23,12,0,0.9388599991798401,9.60789966583252,285,8.806900024414062,8.21049976348877,25340,11.013500213623047,2.2569499015808105,0.24975000321865082
1992,12,23,15,0,0.9360960125923157,9.461700439453125,285,8.465100288391113,7.604300022125244,21894,11.013500213623047,2.115339994430542,0.26614999771118164
1992,12,23,18,0,0.9269480109214783,9.120200157165527,285,7.769999980926514,6.657800197601318,19219,11.013500213623047,2.0211000442504883,0.3028999865055084
1992,12,23,21,0,0.9184600114822388,8.953499794006348,285,7.533100128173828,6.448400020599365,17176,10.01200008392334,1.9287400245666504,0.32322001457214355
1992,12,24,0,0,0.9129769802093506,8.894200325012207,285,7.343900203704834,6.207900047302246,15739,10.01200008392334,1.8507599830627441,0.3422600030899048
1992,12,24,3,0,0.8887749910354614,8.038700103759766,275,6.248899936676025,5.2357001304626465,16436,10.01200008392334,1.9942799806594849,0.4203599989414215
1992,12,24,6,0,0.8864889740943909,7.618299961090088,275,6.172599792480469,5.341400146484375,20152,10.01200008392334,2.278320074081421,0.4159800112247467
1992,12,24,9,0,0.9051049947738647,8.350899696350098,275,7.080999851226807,6.248799800872803,24882,10.01200008392334,2.4134199619293213,0.3600600063800812
1992,12,24,12,0,0.9280009865760803,8.952699661254883,285,7.5644001960754395,6.616300106048584,37206,11.013500213623047,2.8322300910949707,0.34825000166893005
1992,12,24,15,0,0.9384570121765137,9.781599998474121,285,8.482000350952148,7.576099872589111,44933,11.013500213623047,2.9543099403381348,0.32238999009132385
1992,12,24,18,0,0.942779004573822,10.389399528503418,285,9.200300216674805,8.413999557495117,45466,12.114999771118164,2.8668100833892822,0.30461999773979187
1992,12,24,21,0,0.944159984588623,10.799799919128418,285,9.681099891662598,8.967399597167969,44400,12.114999771118164,2.7672500610351562,0.29085999727249146
1992,12,25,0,0,0.9448729753494263,11.088500022888184,285,9.988200187683105,9.291000366210938,42942,12.114999771118164,2.677150011062622,0.28407999873161316
1992,12,25,3,0,0.9457659721374512,11.27750015258789,285,10.15719985961914,9.45259952545166,40469,12.114999771118164,2.5709099769592285,0.28387999534606934
1992,12,25,6,0,0.9468899965286255,11.364100456237793,285,10.223999977111816,9.506199836730957,37225,12.114999771118164,2.453160047531128,0.284280002117157
1992,12,25,9,0,0.9477310180664062,11.383399963378906,285,10.247900009155273,9.525099754333496,34238,14.659700393676758,2.3496599197387695,0.28172001242637634
1992,12,25,12,0,0.9479280114173889,11.384099960327148,285,10.258700370788574,9.532699584960938,31800,14.659700393676758,2.2640199661254883,0.27869001030921936
1992,12,25,15,0,0.9473270177841187,11.416099548339844,285,10.293000221252441,9.559499740600586,29763,14.659700393676758,2.1861300468444824,0.27658000588417053
1992,12,25,18,0,0.9457560181617737,11.459600448608398,285,10.337200164794922,9.598199844360352,27793,14.659700393676758,2.107219934463501,0.2749300003051758
1992,12,25,21,0,0.945779025554657,11.45740032196045,275,10.331199645996094,9.57040023803711,25466,14.659700393676758,2.0170300006866455,0.27402999997138977
1992,12,26,0,0,0.9442579746246338,11.148200035095215,275,9.23840045928955,7.465400218963623,23315,13.326800346374512,1.9579800367355347,0.3031400144100189
1992,12,26,3,0,0.8904950022697449,8.792499542236328,275,6.384399890899658,5.222099781036377,25453,13.326800346374512,2.326230049133301,0.4759800136089325
1992,12,26,6,0,0.8929709792137146,8.988800048828125,275,6.917900085449219,5.8105998039245605,24423,13.326800346374512,2.257110118865967,0.43977001309394836
1992,12,26,9,0,0.9100090265274048,8.213399887084961,275,6.567999839782715,5.683499813079834,29606,13.326800346374512,2.6275200843811035,0.4347200095653534
1992,12,26,12,0,0.9201809763908386,8.368800163269043,275,6.835100173950195,5.932600021362305,31159,13.326800346374512,2.675839900970459,0.40654000639915466
1992,12,26,15,0,0.9236429929733276,8.691699981689453,275,7.139699935913086,6.207900047302246,29937,13.326800346374512,2.567049980163574,0.39757999777793884
1992,12,26,18,0,0.9246559739112854,8.589200019836426,275,7.023099899291992,6.099699974060059,30922,13.326800346374512,2.62539005279541,0.40505000948905945
1992,12,26,21,0,0.9289029836654663,8.858699798583984,275,7.4120001792907715,6.5183000564575195,31351,13.326800346374512,2.601759910583496,0.3800399899482727
1992,12,27,0,0,0.9323679804801941,9.195199966430664,275,7.7845001220703125,6.890100002288818,30275,13.326800346374512,2.5037999153137207,0.3619700074195862
1992,12,27,3,0,0.93510901927948,9.635100364685059,275,8.35789966583252,7.5843000411987305,29131,14.659700393676758,2.3915700912475586,0.3380599915981293
1992,12,27,6,0,0.9385359883308411,9.961000442504883,285,8.737199783325195,7.991600036621094,27544,13.326800346374512,2.2809500694274902,0.32144999504089355
1992,12,27,9,0,0.9396889805793762,10.108699798583984,285,8.938599586486816,8.222100257873535,25142,13.326800346374512,2.1610898971557617,0.3095099925994873
1992,12,27,12,0,0.9397249817848206,10.166199684143066,285,9.037599563598633,8.33549976348877,22864,13.326800346374512,2.054810047149658,0.3003700077533722
1992,12,27,15,0,0.9401180148124695,10.232500076293945,285,9.111000061035156,8.360400199890137,21323,13.326800346374512,1.9772800207138062,0.29256001114845276
1992,12,27,18,0,0.9387919902801514,10.206199645996094,285,8.846699714660645,7.645699977874756,20062,13.326800346374512,1.9206700325012207,0.29302000999450684
1992,12,27,21,0,0.9170169830322266,9.59179973602295,275,7.31850004196167,5.752799987792969,18953,13.326800346374512,1.9291599988937378,0.36000001430511475
1992,12,28,0,0,0.8830959796905518,9.093999862670898,275,6.723499774932861,5.3368000984191895,17777,13.326800346374512,1.9234700202941895,0.39893999695777893
1992,12,28,3,0,0.8069429993629456,8.32390022277832,275,6.002099990844727,4.837800025939941,17085,12.114999771118164,1.9797199964523315,0.4483500123023987
1992,12,28,6,0,0.6913390159606934,7.495100021362305,285,5.534599781036377,4.638800144195557,17796,12.114999771118164,2.1410300731658936,0.4844000041484833
1992,12,28,9,0,0.6109200119972229,7.009699821472168,285,5.218900203704834,4.4334001541137695,18696,12.114999771118164,2.2762598991394043,0.5047600269317627
1992,12,28,12,0,0.542477011680603,6.763500213623047,285,5.1697001457214355,4.480999946594238,21968,12.114999771118164,2.515619993209839,0.5086100101470947
1992,12,28,15,0,0.593205988407135,7.179500102996826,285,5.349800109863281,4.565000057220459,22764,12.114999771118164,2.4742300510406494,0.5119699835777283
1992,12,28,18,0,0.6195160150527954,7.541900157928467,285,5.586900234222412,4.716700077056885,22808,12.114999771118164,2.410520076751709,0.49862000346183777
1992,12,28,21,0,0.5752360224723816,7.689599990844727,255,5.783599853515625,4.84660005569458,21950,12.114999771118164,2.348639965057373,0.46928998827934265
1992,12,29,0,0,0.5586540102958679,7.192800045013428,225,5.562699794769287,4.728700160980225,21475,8.274100303649902,2.420880079269409,0.4576199948787689
1992,12,29,3,0,0.5851150155067444,7.136300086975098,205,5.611100196838379,4.821700096130371,22360,8.274100303649902,2.4847500324249268,0.44995999336242676
1992,12,29,6,0,0.6539700031280518,7.500800132751465,205,5.923699855804443,5.0395002365112305,23379,9.101699829101562,2.4757800102233887,0.4272800087928772
1992,12,29,9,0,0.7191380262374878,8.019700050354004,205,6.487500190734863,5.514800071716309,26630,9.101699829101562,2.55226993560791,0.385019987821579
1992,12,29,12,0,0.736033022403717,8.507200241088867,205,7.1350998878479,6.167699813842773,27410,9.101699829101562,2.5090999603271484,0.3484399914741516
1992,12,29,15,0,0.6962429881095886,8.563300132751465,205,7.076900005340576,6.06279993057251,25507,9.101699829101562,2.4064900875091553,0.3634200096130371
1992,12,29,18,0,0.6602349877357483,8.198599815368652,215,6.560200214385986,5.557700157165527,22846,9.101699829101562,2.327209949493408,0.40119001269340515
1992,12,29,21,0,0.6685670018196106,8.109999656677246,225,6.51200008392334,5.546299934387207,19096,8.274100303649902,2.138469934463501,0.40884000062942505
1992,12,30,0,0,0.6637629866600037,7.7993998527526855,235,6.059999942779541,5.111700057983398,16063,8.274100303649902,1.998520016670227,0.4470899999141693
1992,12,30,3,0,0.6723669767379761,7.940000057220459,245,6.076399803161621,5.08489990234375,13371,7.5218000411987305,1.8009899854660034,0.4604800045490265
1992,12,30,6,0,0.6801639795303345,7.95359992980957,245,5.918499946594238,4.926599979400635,11421,14.659700393676758,1.6575599908828735,0.4891799986362457
1992,12,30,9,0,0.6945030093193054,8.075900077819824,245,5.829599857330322,4.805699825286865,9819,14.659700393676758,1.5189599990844727,0.5146399736404419
1992,12,30,12,0,0.7113310098648071,8.252099990844727,255,5.739299774169922,4.6774001121521,9175,14.659700393676758,1.4454799890518188,0.5385299921035767
1992,12,30,15,0,0.7182490229606628,8.193400382995605,255,5.486000061035156,4.448999881744385,9099,14.659700393676758,1.4407199621200562,0.5678300261497498
1992,12,30,18,0,0.7401270270347595,8.30459976196289,255,5.51140022277832,4.437699794769287,8943,13.326800346374512,1.416949987411499,0.5640599727630615
1992,12,30,21,0,0.7477440237998962,8.140199661254883,255,5.417600154876709,4.386499881744385,9233,13.326800346374512,1.455430030822754,0.5698000192642212
1992,12,31,0,0,0.7566959857940674,8.025899887084961,255,5.493599891662598,4.4928998947143555,10003,13.326800346374512,1.5281399488449097,0.559719979763031
1992,12,31,3,0,0.7454280257225037,7.952700138092041,255,5.573299884796143,4.60830020904541,10549,13.326800346374512,1.5785200595855713,0.5508099794387817
1992,12,31,6,0,0.7409899830818176,8.012700080871582,255,5.576700210571289,4.579800128936768,10566,13.326800346374512,1.5728800296783447,0.547029972076416
1992,12,31,9,0,0.7408440113067627,8.099900245666504,255,5.639200210571289,4.61870002746582,10147,14.659700393676758,1.5323699712753296,0.5391899943351746
1992,12,31,12,0,0.7144259810447693,7.8769001960754395,255,5.415999889373779,4.4328999519348145,9806,13.326800346374512,1.529379963874817,0.5515199899673462
1992,12,31,15,0,0.6655020117759705,7.432700157165527,255,5.057700157165527,4.17519998550415,9693,14.659700393676758,1.5684900283813477,0.5796899795532227
1992,12,31,18,0,0.6754469871520996,7.598599910736084,265,5.104499816894531,4.179599761962891,9018,14.659700393676758,1.4934200048446655,0.5750499963760376
1992,12,31,21,0,0.7120270133018494,7.956299781799316,265,5.265699863433838,4.250400066375732,8200,14.659700393676758,1.3878099918365479,0.5580499768257141
