Source,Location ID,Jurisdiction,Latitude,Longitude,Time Zone,Local Time Zone,Distance to Shore,Directionality Coefficient,Energy Period,Maximum Energy Direction,Mean Absolute Period,Mean Wave Direction,Mean Zero-Crossing Period,Wave Power,Peak Period,Significant Wave Height,Spectral Width,Water Depth,Version
DOE-WPTO US Wave dataset,102698,b'Federal',48.1635,-124.906,0,-8,10749.468,-,s,deg,s,deg,s,W/m,s,m,-,69,unknown
Year,Month,Day,Hour,Minute,Directionality Coefficient,Energy Period,Maximum Energy Direction,Mean Absolute Period,Mean Zero-Crossing Period,Wave Power,Peak Period,Significant Wave Height,Spectral Width
2018,1,1,0,0,0.8260390162467957,7.7006001472473145,247.5,5.624499797821045,N/A,6976,8.77750015258789,1.3307100534439087,0.451449990272522
2018,1,1,3,0,0.8382279872894287,7.992199897766113,247.5,5.712200164794922,N/A,5803,8.77750015258789,1.1846699714660645,0.46858999133110046
2018,1,1,6,0,0.8531979918479919,8.570799827575684,247.5,6.218800067901611,N/A,5051,8.77750015258789,1.0600700378417969,0.46112000942230225
2018,1,1,9,0,0.8692520260810852,9.462800025939941,252.5,6.814700126647949,N/A,5080,14.136300086975098,1.0011199712753296,0.45256999135017395
2018,1,1,12,0,0.8962119817733765,10.776000022888184,257.5,7.7006001472473145,N/A,6820,14.136300086975098,1.0719799995422363,0.41370001435279846
2018,1,1,15,0,0.9299139976501465,12.082500457763672,267.5,9.159500122070312,N/A,11216,14.136300086975098,1.2849199771881104,0.3325499892234802
2018,1,1,18,0,0.9463559985160828,12.665599822998047,267.5,10.581100463867188,N/A,15108,14.136300086975098,1.4533499479293823,0.26236000657081604
2018,1,1,21,0,0.9496939778327942,12.786700248718262,267.5,11.34749984741211,N/A,18216,12.851200103759766,1.5910899639129639,0.2261500060558319
2018,1,2,0,0,0.9452639818191528,12.590100288391113,267.5,11.100299835205078,N/A,20090,12.851200103759766,1.6899199485778809,0.22676999866962433
2018,1,2,3,0,0.9353089928627014,12.324899673461914,267.5,10.600299835205078,N/A,21989,12.851200103759766,1.791890025138855,0.2454099953174591
2018,1,2,6,0,0.9251840114593506,12.138199806213379,267.5,10.504599571228027,N/A,23085,12.851200103759766,1.8543299436569214,0.2526699900627136
2018,1,2,9,0,0.9184190034866333,11.953399658203125,267.5,10.476499557495117,N/A,23443,12.851200103759766,1.8874900341033936,0.2540299892425537
2018,1,2,12,0,0.9104530215263367,11.757599830627441,262.5,10.428799629211426,N/A,22150,12.851200103759766,1.8537700176239014,0.25738999247550964
2018,1,2,15,0,0.9132750034332275,11.853599548339844,267.5,10.462400436401367,N/A,26072,12.851200103759766,1.999169945716858,0.2605699896812439
2018,1,2,18,0,0.9154329895973206,11.844499588012695,267.5,10.73009967803955,N/A,27987,12.851200103759766,2.0724599361419678,0.25268998742103577
2018,1,2,21,0,0.9198229908943176,11.827799797058105,267.5,10.77180004119873,N/A,28679,14.136300086975098,2.100260019302368,0.25192001461982727
2018,1,3,0,0,0.9272940158843994,11.971599578857422,272.5,10.894499778747559,N/A,30779,12.851200103759766,2.1606199741363525,0.25777000188827515
2018,1,3,3,0,0.9365339875221252,12.42389965057373,272.5,11.298399925231934,N/A,36156,14.136300086975098,2.28875994682312,0.26100999116897583
2018,1,3,6,0,0.94656902551651,12.926899909973145,272.5,11.805999755859375,N/A,44309,15.550000190734863,2.47271990776062,0.2530199885368347
2018,1,3,9,0,0.9554269909858704,13.376999855041504,272.5,12.292200088500977,N/A,54107,15.550000190734863,2.677229881286621,0.24281999468803406
2018,1,3,12,0,0.9592360258102417,13.589099884033203,272.5,12.521300315856934,N/A,60394,15.550000190734863,2.8015599250793457,0.23600000143051147
2018,1,3,15,0,0.9617760181427002,13.701600074768066,272.5,12.657600402832031,N/A,64654,15.550000190734863,2.884079933166504,0.2282399982213974
2018,1,3,18,0,0.9636840224266052,13.789400100708008,272.5,12.79069995880127,N/A,65556,15.550000190734863,2.8934600353240967,0.2234800010919571
2018,1,3,21,0,0.9650700092315674,13.873900413513184,272.5,12.946499824523926,N/A,65181,15.550000190734863,2.8749101161956787,0.21887999773025513
2018,1,4,0,0,0.965474009513855,13.835100173950195,272.5,12.913200378417969,N/A,62150,15.550000190734863,2.8111400604248047,0.2160699963569641
2018,1,4,3,0,0.9640550017356873,13.615300178527832,272.5,12.330300331115723,N/A,58119,15.550000190734863,2.741879940032959,0.22563999891281128
2018,1,4,6,0,0.9633370041847229,13.415800094604492,272.5,12.172699928283691,N/A,53465,14.136300086975098,2.652509927749634,0.22382999956607819
2018,1,4,9,0,0.9631909728050232,13.217900276184082,272.5,11.972299575805664,N/A,49162,14.136300086975098,2.566270112991333,0.221670001745224
2018,1,4,12,0,0.9621130228042603,13.030500411987305,272.5,11.864100456237793,N/A,43782,14.136300086975098,2.443459987640381,0.21807000041007996
2018,1,4,15,0,0.9477919936180115,12.492500305175781,267.5,11.263500213623047,N/A,38636,14.136300086975098,2.35263991355896,0.24884000420570374
2018,1,4,18,0,0.9338970184326172,12.048800468444824,267.5,10.695699691772461,N/A,33633,14.136300086975098,2.2422499656677246,0.2727600038051605
2018,1,4,21,0,0.9278510212898254,11.854100227355957,267.5,10.3149995803833,N/A,31490,12.851200103759766,2.1909399032592773,0.2838900089263916
2018,1,5,0,0,0.9097939729690552,11.294099807739258,267.5,9.657899856567383,N/A,28572,12.851200103759766,2.1475300788879395,0.31248998641967773
2018,1,5,3,0,0.877465009689331,10.64229965209961,257.5,8.786299705505371,N/A,29302,12.851200103759766,2.254650115966797,0.34000998735427856
2018,1,5,6,0,0.849353015422821,10.31309986114502,252.5,8.89430046081543,N/A,30619,12.851200103759766,2.355649948120117,0.32600998878479004
2018,1,5,9,0,0.8244060277938843,10.1181001663208,247.5,8.916799545288086,N/A,31870,12.851200103759766,2.433809995651245,0.32074999809265137
2018,1,5,12,0,0.8081470131874084,9.85770034790039,242.5,8.7052001953125,N/A,31351,12.851200103759766,2.4530999660491943,0.32363998889923096
2018,1,5,15,0,0.7963950037956238,9.869400024414062,237.5,8.703200340270996,N/A,34791,11.682900428771973,2.5819499492645264,0.3224700093269348
2018,1,5,18,0,0.7834020256996155,9.837400436401367,237.5,8.679200172424316,N/A,34666,11.682900428771973,2.582590103149414,0.31911998987197876
2018,1,5,21,0,0.7721289992332458,8.929400444030762,237.5,7.073500156402588,N/A,36346,12.851200103759766,2.7843899726867676,0.3981800079345703
2018,1,6,0,0,0.7487779855728149,8.64109992980957,227.5,7.3125,N/A,40031,12.851200103759766,2.9875400066375732,0.36869001388549805
2018,1,6,3,0,0.7530670166015625,9.125100135803223,242.5,8.225899696350098,N/A,36121,8.77750015258789,2.762579917907715,0.3076399862766266
2018,1,6,6,0,0.7775499820709229,9.154600143432617,252.5,8.170100212097168,N/A,37601,8.77750015258789,2.8109500408172607,0.3138599991798401
2018,1,6,9,0,0.8042479753494263,9.328200340270996,267.5,8.1003999710083,N/A,45089,14.136300086975098,3.037869930267334,0.32881999015808105
2018,1,6,12,0,0.8168590068817139,9.506500244140625,272.5,8.312199592590332,N/A,50003,12.851200103759766,3.1651999950408936,0.31553998589515686
2018,1,6,15,0,0.8227810263633728,9.759300231933594,277.5,8.626700401306152,N/A,50488,12.851200103759766,3.1352999210357666,0.2939999997615814
2018,1,6,18,0,0.8123459815979004,9.762700080871582,282.5,8.796099662780762,N/A,40968,11.682900428771973,2.8310000896453857,0.2718900144100189
2018,1,6,21,0,0.8209909796714783,9.826199531555176,282.5,9.013199806213379,N/A,32913,11.682900428771973,2.5334200859069824,0.25185999274253845
2018,1,7,0,0,0.8322880268096924,9.713600158691406,282.5,8.977100372314453,N/A,25503,10.620800018310547,2.2486000061035156,0.24796999990940094
2018,1,7,3,0,0.8333820104598999,9.510899543762207,282.5,8.786800384521484,N/A,19443,10.620800018310547,1.9899200201034546,0.257099986076355
2018,1,7,6,0,0.8303430080413818,9.383500099182129,282.5,8.5733003616333,N/A,14818,10.620800018310547,1.751479983329773,0.2921299934387207
2018,1,7,9,0,0.8200139999389648,8.86709976196289,277.5,6.914100170135498,N/A,11662,10.620800018310547,1.597499966621399,0.4175199866294861
2018,1,7,12,0,0.7913489937782288,7.708399772644043,262.5,5.807400226593018,N/A,12161,8.77750015258789,1.7533700466156006,0.5076000094413757
2018,1,7,15,0,0.7948949933052063,7.879199981689453,247.5,6.107399940490723,N/A,21324,7.979499816894531,2.291719913482666,0.5003700256347656
2018,1,7,18,0,0.8435879945755005,8.694299697875977,242.5,7.18209981918335,N/A,39198,9.655200004577637,2.9578800201416016,0.39006999135017395
2018,1,7,21,0,0.8333699703216553,8.85669994354248,232.5,7.258500099182129,N/A,66178,10.620800018310547,3.7955000400543213,0.38519999384880066
2018,1,8,0,0,0.8387749791145325,9.364299774169922,232.5,7.90369987487793,N/A,80787,10.620800018310547,4.064720153808594,0.3511199951171875
2018,1,8,3,0,0.8112229704856873,9.5201997756958,232.5,8.008199691772461,N/A,88663,10.620800018310547,4.21136999130249,0.36535999178886414
2018,1,8,6,0,0.7890959978103638,9.444199562072754,232.5,8.014599800109863,N/A,78440,10.620800018310547,3.980870008468628,0.36309999227523804
2018,1,8,9,0,0.7963380217552185,10.10830020904541,247.5,8.582799911499023,N/A,73393,15.550000190734863,3.6910300254821777,0.360509991645813
2018,1,8,12,0,0.8219950199127197,10.479599952697754,252.5,8.977299690246582,N/A,64867,15.550000190734863,3.3946099281311035,0.35065001249313354
2018,1,8,15,0,0.8519399762153625,10.846699714660645,257.5,9.265199661254883,N/A,61397,15.550000190734863,3.2331700325012207,0.3455199897289276
2018,1,8,18,0,0.8415570259094238,10.325200080871582,257.5,8.534600257873535,N/A,57337,15.550000190734863,3.2121400833129883,0.3767400085926056
2018,1,8,21,0,0.8423619866371155,10.510600090026855,257.5,8.855799674987793,N/A,61666,14.136300086975098,3.297840118408203,0.3613399863243103
2018,1,9,0,0,0.8410500288009644,10.433799743652344,257.5,8.959799766540527,N/A,57605,14.136300086975098,3.206929922103882,0.35152000188827515
2018,1,9,3,0,0.8412950038909912,10.597900390625,257.5,9.121000289916992,N/A,61418,14.136300086975098,3.282289981842041,0.3414900004863739
2018,1,9,6,0,0.8473449945449829,10.718199729919434,262.5,9.1697998046875,N/A,58368,14.136300086975098,3.174489974975586,0.3445200026035309
2018,1,9,9,0,0.8694700002670288,11.16510009765625,267.5,9.798999786376953,N/A,55410,14.136300086975098,3.0185399055480957,0.3210799992084503
2018,1,9,12,0,0.8876069784164429,11.335000038146973,267.5,10.042200088500977,N/A,53525,14.136300086975098,2.93927001953125,0.3101300001144409
2018,1,9,15,0,0.8964790105819702,10.465800285339355,272.5,8.298100471496582,N/A,52391,14.136300086975098,3.0327999591827393,0.38853999972343445
2018,1,9,18,0,0.9069569706916809,10.1673002243042,272.5,8.396900177001953,N/A,52073,14.136300086975098,3.079890012741089,0.3818399906158447
2018,1,9,21,0,0.9089760184288025,9.603099822998047,272.5,7.822700023651123,N/A,49149,14.136300086975098,3.0940499305725098,0.39941999316215515
2018,1,10,0,0,0.9118689894676208,9.1766996383667,272.5,7.591300010681152,N/A,51467,14.136300086975098,3.257920026779175,0.39493000507354736
2018,1,10,3,0,0.9146860241889954,9.185999870300293,277.5,7.632999897003174,N/A,49765,14.136300086975098,3.202359914779663,0.3898400068283081
2018,1,10,6,0,0.9059919714927673,9.302399635314941,277.5,7.6519999504089355,N/A,41606,14.136300086975098,2.902940034866333,0.3923099935054779
2018,1,10,9,0,0.8988100290298462,9.763299942016602,277.5,7.940400123596191,N/A,38028,14.136300086975098,2.694040060043335,0.3867799937725067
2018,1,10,12,0,0.8857290148735046,9.741299629211426,272.5,7.867700099945068,N/A,30875,14.136300086975098,2.4328598976135254,0.38920000195503235
2018,1,10,15,0,0.8842319846153259,10.136699676513672,272.5,8.36050033569336,N/A,26459,14.136300086975098,2.206360101699829,0.37841999530792236
2018,1,10,18,0,0.8907809853553772,10.73390007019043,272.5,8.93179988861084,N/A,23831,12.851200103759766,2.0353400707244873,0.3931500017642975
2018,1,10,21,0,0.8978739976882935,11.351499557495117,277.5,9.41670036315918,N/A,22270,12.851200103759766,1.9133100509643555,0.41714999079704285
2018,1,11,0,0,0.9108549952507019,12.348799705505371,277.5,10.033599853515625,N/A,23245,20.697200775146484,1.866129994392395,0.43347999453544617
2018,1,11,3,0,0.9360010027885437,13.861700057983398,277.5,10.388799667358398,N/A,31444,20.697200775146484,2.028140068054199,0.4201599955558777
2018,1,11,6,0,0.9215049743652344,13.76710033416748,277.5,9.790399551391602,N/A,41522,18.81559944152832,2.327860116958618,0.4452199935913086
2018,1,11,9,0,0.8838890194892883,12.994400024414062,272.5,9.284099578857422,N/A,51950,18.81559944152832,2.679960012435913,0.46088001132011414
2018,1,11,12,0,0.8591709733009338,12.1697998046875,267.5,8.769200325012207,N/A,65781,18.81559944152832,3.1215200424194336,0.47297000885009766
2018,1,11,15,0,0.848114013671875,11.85770034790039,267.5,9.038900375366211,N/A,75610,18.81559944152832,3.3976099491119385,0.4521099925041199
2018,1,11,18,0,0.8667110204696655,12.033499717712402,267.5,9.139699935913086,N/A,63215,17.104999542236328,3.0755200386047363,0.4269599914550781
2018,1,11,21,0,0.8099790215492249,11.020400047302246,262.5,7.936800003051758,N/A,63087,17.104999542236328,3.2210299968719482,0.470770001411438
2018,1,12,0,0,0.7882800102233887,11.308600425720215,247.5,9.699000358581543,N/A,77766,17.104999542236328,3.55580997467041,0.3542400002479553
2018,1,12,3,0,0.7940179705619812,11.26710033416748,247.5,10.015999794006348,N/A,82881,17.104999542236328,3.6876800060272217,0.32069000601768494
2018,1,12,6,0,0.7993199825286865,11.208800315856934,242.5,10.04699993133545,N/A,70901,10.620800018310547,3.421489953994751,0.3072800040245056
2018,1,12,9,0,0.81597501039505,11.496899604797363,242.5,10.449399948120117,N/A,71678,10.620800018310547,3.387079954147339,0.2828899919986725
2018,1,12,12,0,0.8419560194015503,11.726900100708008,247.5,10.777400016784668,N/A,76667,15.550000190734863,3.4593000411987305,0.2610200047492981
2018,1,12,15,0,0.8514479994773865,11.617300033569336,247.5,10.605400085449219,N/A,69299,15.550000190734863,3.3062000274658203,0.2688100039958954
2018,1,12,18,0,0.8544690012931824,11.560500144958496,252.5,10.512900352478027,N/A,59900,15.550000190734863,3.0833098888397217,0.277209997177124
2018,1,12,21,0,0.8593239784240723,11.565899848937988,257.5,10.346400260925293,N/A,56911,14.136300086975098,3.00285005569458,0.28894999623298645
2018,1,13,0,0,0.8476420044898987,11.059100151062012,257.5,9.62559986114502,N/A,49222,14.136300086975098,2.867300033569336,0.3127399981021881
2018,1,13,3,0,0.8495709896087646,11.006400108337402,262.5,9.31410026550293,N/A,46413,14.136300086975098,2.787719964981079,0.32444998621940613
2018,1,13,6,0,0.8244919776916504,9.696499824523926,257.5,7.556000232696533,N/A,42084,14.136300086975098,2.845679998397827,0.4111599922180176
2018,1,13,9,0,0.8105000257492065,9.11970043182373,242.5,7.633600234985352,N/A,40738,8.77750015258789,2.9183599948883057,0.3805600106716156
2018,1,13,12,0,0.8157730102539062,9.34630012512207,242.5,8.174200057983398,N/A,38817,8.77750015258789,2.8189799785614014,0.34049999713897705
2018,1,13,15,0,0.8344100117683411,9.689499855041504,247.5,8.327199935913086,N/A,35789,9.655200004577637,2.6461501121520996,0.34999001026153564
2018,1,13,18,0,0.8576269745826721,10.138799667358398,252.5,8.663299560546875,N/A,39666,14.136300086975098,2.706249952316284,0.34749001264572144
2018,1,13,21,0,0.8915709853172302,11.01200008392334,262.5,9.627799987792969,N/A,52089,14.136300086975098,2.9481201171875,0.3151499927043915
2018,1,14,0,0,0.9137870073318481,11.345499992370605,262.5,10.059300422668457,N/A,52746,14.136300086975098,2.916100025177002,0.29743000864982605
2018,1,14,3,0,0.9274150133132935,11.575400352478027,262.5,10.242600440979004,N/A,49943,14.136300086975098,2.8067901134490967,0.29923999309539795
2018,1,14,6,0,0.9298290014266968,11.559000015258789,262.5,9.652899742126465,N/A,46283,14.136300086975098,2.7066400051116943,0.33553001284599304
2018,1,14,9,0,0.928255021572113,11.744999885559082,262.5,9.380900382995605,N/A,45340,12.851200103759766,2.6600499153137207,0.3766399919986725
2018,1,14,12,0,0.927685022354126,12.049099922180176,262.5,9.304800033569336,N/A,48230,12.851200103759766,2.706120014190674,0.40018999576568604
2018,1,14,15,0,0.9331259727478027,12.752300262451172,262.5,9.55840015411377,N/A,61049,12.851200103759766,2.9455199241638184,0.40443000197410583
2018,1,14,18,0,0.9433919787406921,13.743800163269043,262.5,10.83240032196045,N/A,82298,20.697200775146484,3.2700400352478027,0.3549099862575531
2018,1,14,21,0,0.9508950114250183,14.570699691772461,262.5,12.77079963684082,N/A,97903,18.81559944152832,3.4463999271392822,0.2894600033760071
2018,1,15,0,0,0.9444659948348999,14.468600273132324,262.5,12.902400016784668,N/A,100835,18.81559944152832,3.5063600540161133,0.27742999792099
2018,1,15,3,0,0.9339380264282227,13.988100051879883,262.5,12.4197998046875,N/A,98804,17.104999542236328,3.5340099334716797,0.28507000207901
2018,1,15,6,0,0.927245020866394,13.501999855041504,257.5,11.99209976196289,N/A,96674,17.104999542236328,3.566770076751709,0.2907699942588806
2018,1,15,9,0,0.9218050241470337,13.299200057983398,257.5,11.91510009765625,N/A,95101,17.104999542236328,3.5677099227905273,0.28213000297546387
2018,1,15,12,0,0.9154009819030762,13.096699714660645,257.5,11.853799819946289,N/A,90689,14.136300086975098,3.5155200958251953,0.2724500000476837
2018,1,15,15,0,0.9076930284500122,12.771699905395508,252.5,11.56879997253418,N/A,83667,14.136300086975098,3.4285500049591064,0.27546998858451843
2018,1,15,18,0,0.8991720080375671,12.389300346374512,252.5,11.14050006866455,N/A,77704,12.851200103759766,3.3661398887634277,0.2885499894618988
2018,1,15,21,0,0.889926016330719,11.892499923706055,247.5,10.49940013885498,N/A,74164,12.851200103759766,3.371799945831299,0.3054800033569336
2018,1,16,0,0,0.8751019835472107,11.310400009155273,242.5,9.40719985961914,N/A,66080,12.851200103759766,3.2764599323272705,0.33548998832702637
2018,1,16,3,0,0.8606690168380737,11.436400413513184,242.5,9.905200004577637,N/A,67945,11.682900428771973,3.303809881210327,0.3186599910259247
2018,1,16,6,0,0.8653590083122253,10.947999954223633,237.5,9.044300079345703,N/A,86171,12.851200103759766,3.807729959487915,0.3442699909210205
2018,1,16,9,0,0.8605089783668518,10.741900444030762,232.5,9.086099624633789,N/A,106500,12.851200103759766,4.281400203704834,0.34033000469207764
2018,1,16,12,0,0.8442850112915039,10.849800109863281,232.5,9.200699806213379,N/A,91298,11.682900428771973,3.9393699169158936,0.33395999670028687
2018,1,16,15,0,0.8394460082054138,10.897500038146973,232.5,9.191300392150879,N/A,79764,11.682900428771973,3.671220064163208,0.3331199884414673
2018,1,16,18,0,0.8383359909057617,10.927200317382812,237.5,9.203300476074219,N/A,73962,11.682900428771973,3.528820037841797,0.3296400010585785
2018,1,16,21,0,0.8360430002212524,10.62969970703125,237.5,8.648200035095215,N/A,75884,14.136300086975098,3.625380039215088,0.35717999935150146
2018,1,17,0,0,0.8480470180511475,10.902199745178223,242.5,9.271400451660156,N/A,73328,14.136300086975098,3.517549991607666,0.3255000114440918
2018,1,17,3,0,0.8606579899787903,11.1943998336792,242.5,9.733099937438965,N/A,71978,14.136300086975098,3.4343700408935547,0.30052998661994934
2018,1,17,6,0,0.8754460215568542,11.314000129699707,247.5,10.076000213623047,N/A,67445,12.851200103759766,3.3072800636291504,0.27946001291275024
2018,1,17,9,0,0.8844209909439087,11.36139965057373,247.5,10.099800109863281,N/A,64207,12.851200103759766,3.2189900875091553,0.2745699882507324
2018,1,17,12,0,0.8723499774932861,10.441900253295898,247.5,8.424300193786621,N/A,60180,12.851200103759766,3.2664499282836914,0.3465999960899353
2018,1,17,15,0,0.8420050144195557,9.481499671936035,237.5,7.730999946594238,N/A,72359,12.851200103759766,3.7985401153564453,0.3661099970340729
2018,1,17,18,0,0.8547239899635315,9.911999702453613,227.5,8.44159984588623,N/A,98226,12.851200103759766,4.321959972381592,0.3216400146484375
2018,1,17,21,0,0.8677989840507507,9.840100288391113,217.5,8.451600074768066,N/A,166442,12.851200103759766,5.646890163421631,0.326090008020401
2018,1,18,0,0,0.9018120169639587,11.037500381469727,222.5,9.95199966430664,N/A,195892,12.851200103759766,5.725409984588623,0.27046000957489014
2018,1,18,3,0,0.9020609855651855,10.979900360107422,222.5,9.73550033569336,N/A,174020,12.851200103759766,5.406680107116699,0.28411999344825745
2018,1,18,6,0,0.9100670218467712,11.327099800109863,227.5,9.986300468444824,N/A,214406,12.851200103759766,5.887450218200684,0.2982200086116791
2018,1,18,9,0,0.9195399880409241,12.747400283813477,232.5,11.094300270080566,N/A,371505,15.550000190734863,7.236660003662109,0.3205600082874298
2018,1,18,12,0,0.9407039880752563,14.951199531555176,242.5,13.054699897766113,N/A,620902,18.81559944152832,8.584320068359375,0.30893000960350037
2018,1,18,15,0,0.9471420049667358,15.437199592590332,242.5,13.535699844360352,N/A,698244,18.81559944152832,8.949259757995605,0.29919999837875366
2018,1,18,18,0,0.9470009803771973,15.19849967956543,247.5,13.321200370788574,N/A,652607,18.81559944152832,8.714030265808105,0.29826000332832336
2018,1,18,21,0,0.9443510174751282,14.691399574279785,247.5,12.930700302124023,N/A,554741,18.81559944152832,8.168530464172363,0.29548001289367676
2018,1,19,0,0,0.9421619772911072,14.24470043182373,247.5,12.584099769592285,N/A,456489,17.104999542236328,7.5246100425720215,0.29144999384880066
2018,1,19,3,0,0.9427530169487,13.89840030670166,247.5,12.383399963378906,N/A,365952,17.104999542236328,6.821619987487793,0.28209999203681946
2018,1,19,6,0,0.9371690154075623,13.223699569702148,247.5,11.66189956665039,N/A,277386,15.550000190734863,6.104589939117432,0.29168999195098877
2018,1,19,9,0,0.9261580109596252,12.617500305175781,247.5,10.945799827575684,N/A,230294,15.550000190734863,5.710969924926758,0.30663999915122986
2018,1,19,12,0,0.9193599820137024,12.299099922180176,247.5,10.722000122070312,N/A,204625,15.550000190734863,5.463709831237793,0.30476000905036926
2018,1,19,15,0,0.9117559790611267,12.037699699401855,252.5,10.5378999710083,N/A,172486,14.136300086975098,5.081110000610352,0.3003399968147278
2018,1,19,18,0,0.9080169796943665,11.865799903869629,252.5,10.342000007629395,N/A,169260,14.136300086975098,5.074230194091797,0.29798999428749084
2018,1,19,21,0,0.8892509937286377,11.224599838256836,252.5,9.827799797058105,N/A,168726,14.136300086975098,5.243189811706543,0.30720001459121704
2018,1,20,0,0,0.9071739912033081,11.594599723815918,257.5,10.48289966583252,N/A,147909,14.136300086975098,4.822150230407715,0.2728300094604492
2018,1,20,3,0,0.9245759844779968,11.437299728393555,262.5,10.182600021362305,N/A,155296,14.136300086975098,4.977880001068115,0.28692999482154846
2018,1,20,6,0,0.9298750162124634,11.589799880981445,262.5,10.293000221252441,N/A,143287,14.136300086975098,4.741219997406006,0.2849699854850769
2018,1,20,9,0,0.9313949942588806,11.432999610900879,267.5,10.003199577331543,N/A,137345,14.136300086975098,4.676599979400635,0.2961600124835968
2018,1,20,12,0,0.9314579963684082,11.173100471496582,267.5,9.850299835205078,N/A,116306,14.136300086975098,4.3668999671936035,0.29273998737335205
2018,1,20,15,0,0.9291989803314209,11.261500358581543,267.5,10.192299842834473,N/A,94606,12.851200103759766,3.9284300804138184,0.2611599862575531
2018,1,20,18,0,0.9212149977684021,10.774999618530273,267.5,9.415599822998047,N/A,72717,12.851200103759766,3.5372800827026367,0.28047001361846924
2018,1,20,21,0,0.8690609931945801,9.05049991607666,262.5,7.306600093841553,N/A,62674,12.851200103759766,3.625809907913208,0.37968000769615173
2018,1,21,0,0,0.8268179893493652,8.326399803161621,247.5,7.11269998550415,N/A,59182,11.682900428771973,3.7252399921417236,0.3415200114250183
2018,1,21,3,0,0.8130810260772705,8.42140007019043,227.5,7.452000141143799,N/A,98629,9.655200004577637,4.8000102043151855,0.2992199957370758
2018,1,21,6,0,0.8147820234298706,8.911700248718262,222.5,7.984300136566162,N/A,124657,10.620800018310547,5.229169845581055,0.2788600027561188
2018,1,21,9,0,0.8508070111274719,9.395299911499023,217.5,8.399200439453125,N/A,158435,10.620800018310547,5.708920001983643,0.28352999687194824
2018,1,21,12,0,0.863057017326355,10.117300033569336,217.5,9.07450008392334,N/A,226656,11.682900428771973,6.517320156097412,0.28481999039649963
2018,1,21,15,0,0.8300989866256714,10.943099975585938,222.5,9.934100151062012,N/A,225313,11.682900428771973,6.195779800415039,0.2789100110530853
2018,1,21,18,0,0.7982029914855957,11.739399909973145,237.5,10.73390007019043,N/A,183097,11.682900428771973,5.347189903259277,0.26993998885154724
2018,1,21,21,0,0.8009089827537537,11.544500350952148,242.5,10.325499534606934,N/A,153204,11.682900428771973,4.931459903717041,0.286080002784729
2018,1,22,0,0,0.8141980171203613,11.088000297546387,242.5,9.708499908447266,N/A,136872,11.682900428771973,4.7688798904418945,0.31154999136924744
2018,1,22,3,0,0.8261669874191284,11.083999633789062,247.5,9.786800384521484,N/A,128069,11.682900428771973,4.6144700050354,0.30292999744415283
2018,1,22,6,0,0.8377320170402527,11.009900093078613,252.5,9.781000137329102,N/A,118422,14.136300086975098,4.456860065460205,0.29291999340057373
2018,1,22,9,0,0.8537619709968567,10.99940013885498,252.5,9.80840015411377,N/A,107517,14.136300086975098,4.2499098777771,0.28453999757766724
2018,1,22,12,0,0.860692024230957,10.73840045928955,252.5,9.560400009155273,N/A,91772,12.851200103759766,3.9850499629974365,0.2859100103378296
2018,1,22,15,0,0.8751270174980164,10.830599784851074,257.5,9.737600326538086,N/A,84792,12.851200103759766,3.8130199909210205,0.27303001284599304
2018,1,22,18,0,0.8801289796829224,10.815799713134766,257.5,9.891599655151367,N/A,74772,12.851200103759766,3.5896999835968018,0.2563000023365021
2018,1,22,21,0,0.8791319727897644,10.761899948120117,257.5,9.932600021362305,N/A,64232,11.682900428771973,3.3427999019622803,0.24616000056266785
2018,1,23,0,0,0.8750709891319275,10.621700286865234,257.5,9.829500198364258,N/A,53435,11.682900428771973,3.0784099102020264,0.24977000057697296
2018,1,23,3,0,0.8739969730377197,10.553099632263184,257.5,9.75220012664795,N/A,47351,11.682900428771973,2.9130399227142334,0.2572900056838989
2018,1,23,6,0,0.8766480088233948,10.552000045776367,257.5,9.589099884033203,N/A,44833,11.682900428771973,2.8361198902130127,0.28200000524520874
2018,1,23,9,0,0.8693990111351013,10.174599647521973,257.5,8.305100440979004,N/A,41308,10.620800018310547,2.7755699157714844,0.36399999260902405
2018,1,23,12,0,0.8062520027160645,8.652999877929688,252.5,6.646299839019775,N/A,37580,10.620800018310547,2.8940000534057617,0.4530400037765503
2018,1,23,15,0,0.7866140007972717,8.137700080871582,227.5,6.564599990844727,N/A,44495,9.655200004577637,3.2708001136779785,0.42879000306129456
2018,1,23,18,0,0.8435500264167786,8.859600067138672,217.5,7.3993000984191895,N/A,83086,10.620800018310547,4.262810230255127,0.3675200045108795
2018,1,23,21,0,0.8383070230484009,9.598999977111816,217.5,8.34689998626709,N/A,89205,10.620800018310547,4.221829891204834,0.3346500098705292
2018,1,24,0,0,0.8350319862365723,9.906299591064453,222.5,8.89739990234375,N/A,69814,10.620800018310547,3.6743199825286865,0.30142998695373535
2018,1,24,3,0,0.8143320083618164,10.411399841308594,227.5,9.425200462341309,N/A,65128,10.620800018310547,3.4441099166870117,0.29179999232292175
2018,1,24,6,0,0.8157079815864563,10.731399536132812,227.5,9.870800018310547,N/A,70218,10.620800018310547,3.51200008392334,0.2639099955558777
2018,1,24,9,0,0.8179320096969604,10.164999961853027,227.5,8.76259994506836,N/A,75913,10.620800018310547,3.759550094604492,0.31310999393463135
2018,1,24,12,0,0.810617983341217,9.967700004577637,227.5,8.913399696350098,N/A,71615,10.620800018310547,3.699820041656494,0.30028000473976135
2018,1,24,15,0,0.8009729981422424,10.230899810791016,227.5,9.363499641418457,N/A,56850,10.620800018310547,3.250969886779785,0.27761998772621155
2018,1,24,18,0,0.7892100214958191,10.312000274658203,232.5,9.5201997756958,N/A,50999,10.620800018310547,3.0652899742126465,0.26934999227523804
2018,1,24,21,0,0.7883989810943604,10.265700340270996,232.5,9.514599800109863,N/A,46955,10.620800018310547,2.9496800899505615,0.26350000500679016
2018,1,25,0,0,0.7933539748191833,10.225199699401855,237.5,9.461299896240234,N/A,43591,10.620800018310547,2.848639965057373,0.2627899944782257
2018,1,25,3,0,0.8014910221099854,9.542099952697754,237.5,8.029399871826172,N/A,41072,10.620800018310547,2.869659900665283,0.3261699974536896
2018,1,25,6,0,0.8233349919319153,8.73550033569336,237.5,7.2947001457214355,N/A,44653,10.620800018310547,3.1409800052642822,0.3638800084590912
2018,1,25,9,0,0.8259029984474182,9.387700080871582,247.5,8.187100410461426,N/A,43165,10.620800018310547,2.966360092163086,0.3221200108528137
2018,1,25,12,0,0.8223239779472351,9.720399856567383,247.5,8.510899543762207,N/A,39492,10.620800018310547,2.783050060272217,0.30167001485824585
2018,1,25,15,0,0.8178189992904663,9.529399871826172,247.5,8.133600234985352,N/A,35819,10.620800018310547,2.6803300380706787,0.31755000352859497
2018,1,25,18,0,0.8316469788551331,9.796500205993652,252.5,8.584699630737305,N/A,35061,10.620800018310547,2.6108100414276123,0.3098199963569641
2018,1,25,21,0,0.8711100220680237,10.577799797058105,252.5,9.123100280761719,N/A,44127,12.851200103759766,2.789220094680786,0.31825000047683716
2018,1,26,0,0,0.895442008972168,11.284700393676758,257.5,9.922699928283691,N/A,58431,14.136300086975098,3.0821399688720703,0.2966099977493286
2018,1,26,3,0,0.8983659744262695,11.488200187683105,257.5,10.053199768066406,N/A,66477,14.136300086975098,3.2485599517822266,0.29221999645233154
2018,1,26,6,0,0.9020490050315857,10.883299827575684,262.5,9.278800010681152,N/A,77861,12.851200103759766,3.625119924545288,0.32265999913215637
2018,1,26,9,0,0.9054369926452637,10.930000305175781,267.5,9.628899574279785,N/A,85545,12.851200103759766,3.7998600006103516,0.28909000754356384
2018,1,26,12,0,0.8972200155258179,10.491499900817871,267.5,9.287799835205078,N/A,69631,12.851200103759766,3.5200300216674805,0.2870199978351593
2018,1,26,15,0,0.8911150097846985,10.086600303649902,272.5,8.865099906921387,N/A,56213,12.851200103759766,3.2416000366210938,0.29284998774528503
2018,1,26,18,0,0.8870580196380615,10.015000343322754,272.5,8.995699882507324,N/A,45153,11.682900428771973,2.9251298904418945,0.27303001284599304
2018,1,26,21,0,0.8833640217781067,9.881099700927734,277.5,8.930500030517578,N/A,38306,11.682900428771973,2.7207601070404053,0.2646099925041199
2018,1,27,0,0,0.8824679851531982,9.89169979095459,277.5,9.107600212097168,N/A,34714,11.682900428771973,2.5925700664520264,0.24903999269008636
2018,1,27,3,0,0.8875150084495544,9.98799991607666,277.5,9.196100234985352,N/A,34278,11.682900428771973,2.5615100860595703,0.24496999382972717
2018,1,27,6,0,0.8766679763793945,9.614399909973145,277.5,8.056699752807617,N/A,32816,11.682900428771973,2.5550498962402344,0.3026899993419647
2018,1,27,9,0,0.7527440190315247,8.117899894714355,277.5,6.110899925231934,N/A,29928,11.682900428771973,2.669450044631958,0.43147000670433044
2018,1,27,12,0,0.6864290237426758,8.300200462341309,232.5,6.919600009918213,N/A,39868,9.655200004577637,3.0697200298309326,0.3445099890232086
2018,1,27,15,0,0.7825329899787903,9.16569995880127,212.5,8.378199577331543,N/A,58559,9.655200004577637,3.5333900451660156,0.25687000155448914
2018,1,27,18,0,0.8121910095214844,9.795700073242188,217.5,9.145999908447266,N/A,76929,10.620800018310547,3.8911499977111816,0.23171000182628632
2018,1,27,21,0,0.8107770085334778,10.02560043334961,222.5,8.920499801635742,N/A,72314,11.682900428771973,3.7042899131774902,0.27017998695373535
2018,1,28,0,0,0.77046799659729,9.573800086975098,232.5,8.46660041809082,N/A,57933,10.620800018310547,3.4055700302124023,0.29649999737739563
2018,1,28,3,0,0.7491530179977417,9.694999694824219,237.5,8.884099960327148,N/A,42714,10.620800018310547,2.9126200675964355,0.25791001319885254
2018,1,28,6,0,0.7609360218048096,10.05210018157959,242.5,9.301199913024902,N/A,38897,10.620800018310547,2.721090078353882,0.2554599940776825
2018,1,28,9,0,0.7864109873771667,10.389900207519531,242.5,9.625200271606445,N/A,39074,10.620800018310547,2.673029899597168,0.2627300024032593
2018,1,28,12,0,0.8021680116653442,10.317899703979492,242.5,9.565299987792969,N/A,34073,10.620800018310547,2.507159948348999,0.2504499852657318
2018,1,28,15,0,0.8153370022773743,9.026800155639648,237.5,7.509699821472168,N/A,30075,10.620800018310547,2.5346899032592773,0.33998000621795654
2018,1,28,18,0,0.8172670006752014,8.584600448608398,232.5,7.259300231933594,N/A,30243,10.620800018310547,2.6154000759124756,0.35558998584747314
2018,1,28,21,0,0.8510270118713379,8.226300239562988,227.5,7.083099842071533,N/A,42792,9.655200004577637,3.1972999572753906,0.3431600034236908
2018,1,29,0,0,0.8744810223579407,9.152400016784668,227.5,8.196399688720703,N/A,65633,10.620800018310547,3.731379985809326,0.2862299978733063
2018,1,29,3,0,0.8716899752616882,9.393799781799316,227.5,8.295499801635742,N/A,91658,10.620800018310547,4.329820156097412,0.29881998896598816
2018,1,29,6,0,0.8692910075187683,9.587800025939941,227.5,8.432299613952637,N/A,109573,11.682900428771973,4.669209957122803,0.30630001425743103
2018,1,29,9,0,0.8788819909095764,9.958900451660156,232.5,8.746500015258789,N/A,110060,12.851200103759766,4.568439960479736,0.30577999353408813
2018,1,29,12,0,0.8870149850845337,9.913999557495117,232.5,8.605799674987793,N/A,110106,12.851200103759766,4.576129913330078,0.3160400092601776
2018,1,29,15,0,0.8851140141487122,9.621700286865234,227.5,8.338899612426758,N/A,106333,12.851200103759766,4.580689907073975,0.31988999247550964
2018,1,29,18,0,0.8917989730834961,9.627900123596191,227.5,8.467700004577637,N/A,96383,12.851200103759766,4.365300178527832,0.30643001198768616
2018,1,29,21,0,0.900056004524231,10.044300079345703,232.5,9.03219985961914,N/A,69843,12.851200103759766,3.6285998821258545,0.2798599898815155
2018,1,30,0,0,0.8999990224838257,10.265600204467773,237.5,9.054200172424316,N/A,62225,12.851200103759766,3.3762099742889404,0.28751999139785767
2018,1,30,3,0,0.8919150233268738,9.47350025177002,242.5,8.117199897766113,N/A,74397,11.682900428771973,3.8579299449920654,0.3457300066947937
2018,1,30,6,0,0.8944770097732544,10.101200103759766,247.5,8.794300079345703,N/A,82811,11.682900428771973,3.9210100173950195,0.32596999406814575
2018,1,30,9,0,0.9093499779701233,10.771100044250488,257.5,9.291399955749512,N/A,105588,14.136300086975098,4.253509998321533,0.3236199915409088
2018,1,30,12,0,0.9147109985351562,10.905799865722656,257.5,9.312000274658203,N/A,110119,14.136300086975098,4.307690143585205,0.3317500054836273
2018,1,30,15,0,0.9205470085144043,11.053999900817871,262.5,9.428400039672852,N/A,121186,14.136300086975098,4.4794697761535645,0.33399999141693115
2018,1,30,18,0,0.9270049929618835,11.312600135803223,262.5,9.906800270080566,N/A,124202,14.136300086975098,4.479169845581055,0.30507001280784607
2018,1,30,21,0,0.9292489886283875,11.398900032043457,267.5,10.024900436401367,N/A,117839,14.136300086975098,4.3443498611450195,0.29693999886512756
2018,1,31,0,0,0.9287570118904114,11.2568998336792,267.5,9.831999778747559,N/A,112118,14.136300086975098,4.267759799957275,0.3017899990081787
2018,1,31,3,0,0.926472008228302,10.84529972076416,267.5,9.373299598693848,N/A,107196,12.851200103759766,4.266290187835693,0.3147900104522705
2018,1,31,6,0,0.921451985836029,10.67590045928955,267.5,9.375900268554688,N/A,89070,12.851200103759766,3.932159900665283,0.3028999865055084
2018,1,31,9,0,0.9205719828605652,10.802300453186035,272.5,9.703399658203125,N/A,75353,12.851200103759766,3.597949981689453,0.27783000469207764
2018,1,31,12,0,0.9207410216331482,10.80049991607666,272.5,9.833499908447266,N/A,63445,12.851200103759766,3.307149887084961,0.26120999455451965
2018,1,31,15,0,0.9188740253448486,10.682100296020508,272.5,9.820899963378906,N/A,52788,11.682900428771973,3.0418601036071777,0.25005999207496643
2018,1,31,18,0,0.9163550138473511,10.459199905395508,272.5,9.659700393676758,N/A,43258,11.682900428771973,2.793489933013916,0.24529999494552612
2018,1,31,21,0,0.8973960280418396,9.07509994506836,272.5,7.3109002113342285,N/A,39379,11.682900428771973,2.881580114364624,0.3625200092792511
2018,2,1,0,0,0.8758779764175415,8.620699882507324,267.5,7.276199817657471,N/A,32659,10.620800018310547,2.710700035095215,0.34999001026153564
2018,2,1,3,0,0.8717849850654602,8.386699676513672,267.5,7.1092000007629395,N/A,28249,10.620800018310547,2.564769983291626,0.34845998883247375
2018,2,1,6,0,0.8736129999160767,8.334600448608398,267.5,7.301300048828125,N/A,26307,10.620800018310547,2.48934006690979,0.3257000148296356
2018,2,1,9,0,0.8823720216751099,8.577400207519531,267.5,7.685699939727783,N/A,21302,9.655200004577637,2.2071099281311035,0.3044799864292145
2018,2,1,12,0,0.8920980095863342,8.734700202941895,267.5,7.882299900054932,N/A,17785,9.655200004577637,1.9973100423812866,0.2947100102901459
2018,2,1,15,0,0.8996440172195435,8.785099983215332,267.5,7.977700233459473,N/A,15668,9.655200004577637,1.869789958000183,0.2871699929237366
2018,2,1,18,0,0.9004480242729187,8.666199684143066,267.5,7.5493998527526855,N/A,14718,9.655200004577637,1.8250199556350708,0.3061400055885315
2018,2,1,21,0,0.8154109716415405,7.265999794006348,257.5,5.9293999671936035,N/A,15454,8.77750015258789,2.052340030670166,0.4012100100517273
2018,2,2,0,0,0.7873330116271973,7.320099830627441,247.5,6.182499885559082,N/A,14419,7.979499816894531,1.9784799814224243,0.3678799867630005
2018,2,2,3,0,0.7921259999275208,7.262899875640869,237.5,6.161600112915039,N/A,12753,7.979499816894531,1.8701599836349487,0.36017999053001404
2018,2,2,6,0,0.8267750144004822,7.3867998123168945,227.5,6.326600074768066,N/A,13764,7.979499816894531,1.9293500185012817,0.33803001046180725
2018,2,2,9,0,0.8540380001068115,7.861700057983398,232.5,6.8881001472473145,N/A,15638,8.77750015258789,1.990339994430542,0.310479998588562
2018,2,2,12,0,0.876658022403717,8.369500160217285,237.5,7.509699821472168,N/A,17590,8.77750015258789,2.040339946746826,0.285180002450943
2018,2,2,15,0,0.8929420113563538,7.719799995422363,237.5,6.3628997802734375,N/A,18302,9.655200004577637,2.1687300205230713,0.362060010433197
2018,2,2,18,0,0.8961960077285767,7.410399913787842,237.5,6.296999931335449,N/A,19849,9.655200004577637,2.30935001373291,0.35712000727653503
2018,2,2,21,0,0.8880429863929749,7.377699851989746,247.5,6.422299861907959,N/A,20302,8.77750015258789,2.3430299758911133,0.340039998292923
2018,2,3,0,0,0.890995979309082,7.739999771118164,247.5,6.954999923706055,N/A,19157,8.77750015258789,2.220489978790283,0.30684998631477356
2018,2,3,3,0,0.9004499912261963,8.015199661254883,247.5,7.222899913787842,N/A,17506,8.77750015258789,2.082200050354004,0.3007600009441376
2018,2,3,6,0,0.9019179940223694,7.8460001945495605,247.5,6.685299873352051,N/A,16712,8.77750015258789,2.054229974746704,0.34147000312805176
2018,2,3,9,0,0.8916159868240356,7.455399990081787,247.5,6.192399978637695,N/A,17405,8.77750015258789,2.1507999897003174,0.3786900043487549
2018,2,3,12,0,0.8838729858398438,7.934100151062012,252.5,6.843800067901611,N/A,17867,8.77750015258789,2.107100009918213,0.3461500108242035
2018,2,3,15,0,0.8881139755249023,8.375200271606445,257.5,7.360599994659424,N/A,18156,9.655200004577637,2.061850070953369,0.32444000244140625
2018,2,3,18,0,0.9009119868278503,8.530400276184082,257.5,7.594200134277344,N/A,19008,9.655200004577637,2.0895800590515137,0.3107900023460388
2018,2,3,21,0,0.907010018825531,8.639200210571289,257.5,7.762599945068359,N/A,18884,9.655200004577637,2.070199966430664,0.2975099980831146
2018,2,4,0,0,0.9095929861068726,8.536700248718262,257.5,7.414700031280518,N/A,17194,8.77750015258789,1.9874099493026733,0.3162600100040436
2018,2,4,3,0,0.9082649946212769,8.360099792480469,257.5,7.298900127410889,N/A,16978,8.77750015258789,1.996000051498413,0.3310000002384186
2018,2,4,6,0,0.9090629816055298,8.230199813842773,257.5,7.1956000328063965,N/A,16428,8.77750015258789,1.980679988861084,0.33406001329421997
2018,2,4,9,0,0.9094079732894897,7.896599769592285,257.5,6.6585001945495605,N/A,16337,8.77750015258789,2.0178399085998535,0.36796000599861145
2018,2,4,12,0,0.9115089774131775,7.869200229644775,257.5,6.6894001960754395,N/A,16401,8.77750015258789,2.0241899490356445,0.3746199905872345
2018,2,4,15,0,0.9138489961624146,7.6880998611450195,257.5,6.297399997711182,N/A,16435,8.77750015258789,2.0490000247955322,0.4127199947834015
2018,2,4,18,0,0.9191200137138367,7.520100116729736,257.5,6.252900123596191,N/A,21822,7.979499816894531,2.391429901123047,0.4152800142765045
2018,2,4,21,0,0.926351010799408,8.293100357055664,257.5,7.079500198364258,N/A,24307,7.979499816894531,2.3933300971984863,0.4002299904823303
2018,2,5,0,0,0.9325739741325378,8.778499603271484,262.5,7.343999862670898,N/A,28247,8.77750015258789,2.495680093765259,0.40841999650001526
2018,2,5,3,0,0.9348649978637695,8.960399627685547,262.5,7.352399826049805,N/A,33198,8.77750015258789,2.667570114135742,0.4244999885559082
2018,2,5,6,0,0.9329149723052979,8.788999557495117,262.5,7.116600036621094,N/A,37294,8.77750015258789,2.851480007171631,0.4409399926662445
2018,2,5,9,0,0.9383140206336975,9.36870002746582,262.5,7.6057000160217285,N/A,37917,17.104999542236328,2.7674200534820557,0.42715999484062195
2018,2,5,12,0,0.9439070224761963,9.76200008392334,262.5,7.839200019836426,N/A,40582,15.550000190734863,2.7885398864746094,0.41857999563217163
2018,2,5,15,0,0.9474110007286072,10.253600120544434,267.5,8.384200096130371,N/A,44693,15.550000190734863,2.8426899909973145,0.38881000876426697
2018,2,5,18,0,0.9478129744529724,10.392000198364258,267.5,8.598600387573242,N/A,45064,15.550000190734863,2.8331000804901123,0.36901000142097473
2018,2,5,21,0,0.9496300220489502,10.470800399780273,267.5,8.664899826049805,N/A,43918,14.136300086975098,2.7850000858306885,0.35662999749183655
2018,2,6,0,0,0.9476460218429565,10.355500221252441,267.5,8.711299896240234,N/A,39510,14.136300086975098,2.661900043487549,0.34630000591278076
2018,2,6,3,0,0.9473940134048462,10.399499893188477,262.5,8.935400009155273,N/A,34987,14.136300086975098,2.501199960708618,0.3329800069332123
2018,2,6,6,0,0.9457769989967346,10.352499961853027,262.5,8.995800018310547,N/A,30434,14.136300086975098,2.34197998046875,0.3234800100326538
2018,2,6,9,0,0.9439120292663574,10.233499526977539,262.5,8.809200286865234,N/A,26882,14.136300086975098,2.2172999382019043,0.32464998960494995
2018,2,6,12,0,0.9431160092353821,10.054400444030762,267.5,8.56820011138916,N/A,25372,12.851200103759766,2.1761300563812256,0.3343299925327301
2018,2,6,15,0,0.9406710267066956,9.8858003616333,267.5,8.525799751281738,N/A,22177,12.851200103759766,2.056540012359619,0.3316499888896942
2018,2,6,18,0,0.9394339919090271,9.817999839782715,262.5,8.479399681091309,N/A,19015,12.851200103759766,1.9126800298690796,0.32910001277923584
2018,2,6,21,0,0.9403759837150574,9.831299781799316,262.5,8.48799991607666,N/A,17127,12.851200103759766,1.813789963722229,0.32688000798225403
2018,2,7,0,0,0.9399840235710144,9.768600463867188,262.5,8.32699966430664,N/A,15089,12.851200103759766,1.708050012588501,0.3322199881076813
2018,2,7,3,0,0.9314000010490417,9.036499977111816,262.5,6.792699813842773,N/A,14001,12.851200103759766,1.7121399641036987,0.41495999693870544
2018,2,7,6,0,0.9183700084686279,8.250399589538574,257.5,6.098899841308594,N/A,13135,12.851200103759766,1.7410199642181396,0.46720999479293823
2018,2,7,9,0,0.9177510142326355,8.31190013885498,257.5,6.205399990081787,N/A,11955,12.851200103759766,1.6533900499343872,0.4634700119495392
2018,2,7,12,0,0.9270930290222168,8.7121000289917,257.5,6.612100124359131,N/A,11402,12.851200103759766,1.573240041732788,0.4389599859714508
2018,2,7,15,0,0.9338520169258118,8.925800323486328,257.5,6.754899978637695,N/A,11220,12.851200103759766,1.540120005607605,0.4250999987125397
2018,2,7,18,0,0.9401199817657471,9.206100463867188,257.5,7.10129976272583,N/A,11710,12.851200103759766,1.548050045967102,0.39902999997138977
2018,2,7,21,0,0.9448630213737488,9.404899597167969,262.5,7.46120023727417,N/A,12556,12.851200103759766,1.5867899656295776,0.3719800114631653
2018,2,8,0,0,0.9416810274124146,9.103300094604492,262.5,6.925300121307373,N/A,13441,12.851200103759766,1.6728299856185913,0.39294999837875366
2018,2,8,3,0,0.9262049794197083,8.205400466918945,257.5,6.1321001052856445,N/A,14772,11.682900428771973,1.8576600551605225,0.44391000270843506
2018,2,8,6,0,0.9065560102462769,7.553400039672852,257.5,5.769800186157227,N/A,15827,11.682900428771973,2.0155200958251953,0.4591900110244751
2018,2,8,9,0,0.8855029940605164,6.760200023651123,247.5,5.656400203704834,N/A,23037,6.594600200653076,2.599329948425293,0.4049600064754486
2018,2,8,12,0,0.8922240138053894,7.168099880218506,252.5,6.163599967956543,N/A,20060,6.594600200653076,2.357419967651367,0.3616099953651428
2018,2,8,15,0,0.9002310037612915,7.514699935913086,262.5,6.518899917602539,N/A,18608,7.2540998458862305,2.2166800498962402,0.3412500023841858
2018,2,8,18,0,0.9101970195770264,7.695899963378906,267.5,6.554800033569336,N/A,21431,9.655200004577637,2.349329948425293,0.3449999988079071
2018,2,8,21,0,0.92010098695755,8.029500007629395,272.5,6.932000160217285,N/A,23691,9.655200004577637,2.41582989692688,0.3255600035190582
2018,2,9,0,0,0.9224839806556702,7.931399822235107,272.5,6.842100143432617,N/A,23327,9.655200004577637,2.4134600162506104,0.3305700123310089
2018,2,9,3,0,0.9221590161323547,7.67080020904541,272.5,6.6402997970581055,N/A,25675,9.655200004577637,2.580970048904419,0.32943999767303467
2018,2,9,6,0,0.9239310026168823,7.907299995422363,272.5,7.043300151824951,N/A,22885,8.77750015258789,2.4008800983428955,0.2991800010204315
2018,2,9,9,0,0.9266030192375183,8.10319995880127,272.5,7.341400146484375,N/A,18555,8.77750015258789,2.1345601081848145,0.28308001160621643
2018,2,9,12,0,0.9241359829902649,8.206700325012207,272.5,7.439799785614014,N/A,15386,8.77750015258789,1.9297599792480469,0.28826001286506653
2018,2,9,15,0,0.9162840247154236,8.258899688720703,272.5,7.436500072479248,N/A,13113,8.77750015258789,1.773360013961792,0.30972999334335327
2018,2,9,18,0,0.9054059982299805,8.322600364685059,272.5,7.410999774932861,N/A,11525,8.77750015258789,1.6526399850845337,0.33776000142097473
2018,2,9,21,0,0.8952919840812683,8.389100074768066,267.5,7.393899917602539,N/A,10431,8.77750015258789,1.5629199743270874,0.3597300052642822
2018,2,10,0,0,0.8920239806175232,8.428799629211426,267.5,7.401100158691406,N/A,9708,7.979499816894531,1.5027899742126465,0.3654699921607971
2018,2,10,3,0,0.8867179751396179,8.216500282287598,267.5,7.141600131988525,N/A,8631,7.979499816894531,1.4356000423431396,0.3796199858188629
2018,2,10,6,0,0.8802760243415833,8.070699691772461,267.5,6.900700092315674,N/A,8016,7.979499816894531,1.3946399688720703,0.399150013923645
2018,2,10,9,0,0.8651739954948425,8.026800155639648,267.5,6.373300075531006,N/A,8349,7.979499816894531,1.4234700202941895,0.44255998730659485
2018,2,10,12,0,0.8523240089416504,8.453499794006348,267.5,6.779300212860107,N/A,8701,17.104999542236328,1.4084500074386597,0.4574599862098694
2018,2,10,15,0,0.845881998538971,8.918000221252441,267.5,7.261600017547607,N/A,8503,17.104999542236328,1.3484300374984741,0.4616599977016449
2018,2,10,18,0,0.8541520237922668,9.411600112915039,267.5,7.561800003051758,N/A,8377,17.104999542236328,1.2932499647140503,0.4761900007724762
2018,2,10,21,0,0.8719779849052429,9.766900062561035,267.5,7.714300155639648,N/A,8170,17.104999542236328,1.247380018234253,0.479420006275177
2018,2,11,0,0,0.8797730207443237,9.896599769592285,272.5,7.782700061798096,N/A,7711,17.104999542236328,1.2010899782180786,0.47102001309394836
2018,2,11,3,0,0.884518027305603,10.586400032043457,267.5,8.313899993896484,N/A,8595,15.550000190734863,1.2160300016403198,0.43974998593330383
2018,2,11,6,0,0.8754820227622986,11.07229995727539,267.5,8.733400344848633,N/A,8952,15.550000190734863,1.2073500156402588,0.4128899872303009
2018,2,11,9,0,0.8757370114326477,11.65310001373291,267.5,9.310999870300293,N/A,9665,15.550000190734863,1.2172600030899048,0.3765900135040283
2018,2,11,12,0,0.8807200193405151,11.88479995727539,262.5,9.701299667358398,N/A,9706,15.550000190734863,1.206719994544983,0.34474998712539673
2018,2,11,15,0,0.8926309943199158,12.054699897766113,267.5,10.082500457763672,N/A,9651,14.136300086975098,1.1944199800491333,0.31363001465797424
2018,2,11,18,0,0.9026950001716614,12.04069995880127,267.5,10.227399826049805,N/A,9045,14.136300086975098,1.1583900451660156,0.2942500114440918
2018,2,11,21,0,0.9098619818687439,11.937600135803223,267.5,10.106800079345703,N/A,8582,14.136300086975098,1.1352100372314453,0.28349000215530396
2018,2,12,0,0,0.9112120270729065,10.999600410461426,267.5,8.869799613952637,N/A,9441,14.136300086975098,1.2523599863052368,0.32008999586105347
2018,2,12,3,0,0.9210940003395081,9.570599555969238,262.5,8.286299705505371,N/A,13328,12.851200103759766,1.6260700225830078,0.32405999302864075
2018,2,12,6,0,0.9258670210838318,9.091099739074707,267.5,7.664899826049805,N/A,16815,12.851200103759766,1.8861700296401978,0.3259100019931793
2018,2,12,9,0,0.9176070094108582,8.940199851989746,267.5,7.471799850463867,N/A,17502,12.851200103759766,1.9439899921417236,0.33337000012397766
2018,2,12,12,0,0.921006977558136,9.194899559020996,272.5,7.992300033569336,N/A,17228,12.851200103759766,1.9017900228500366,0.3073599934577942
2018,2,12,15,0,0.9250339865684509,9.478400230407715,277.5,8.302499771118164,N/A,17104,11.682900428771973,1.8625199794769287,0.30941998958587646
2018,2,12,18,0,0.93190598487854,9.735899925231934,277.5,8.686100006103516,N/A,16504,10.620800018310547,1.8014099597930908,0.3102700114250183
2018,2,12,21,0,0.9432920217514038,10.18120002746582,277.5,9.139800071716309,N/A,18182,10.620800018310547,1.8392499685287476,0.3150100111961365
2018,2,13,0,0,0.9513720273971558,10.640199661254883,277.5,9.483599662780762,N/A,20465,15.550000190734863,1.896649956703186,0.32322001457214355
2018,2,13,3,0,0.9570140242576599,11.119199752807617,277.5,9.858200073242188,N/A,22779,15.550000190734863,1.9447499513626099,0.3220199942588806
2018,2,13,6,0,0.9629619717597961,11.656800270080566,277.5,10.346599578857422,N/A,26170,14.136300086975098,2.022939920425415,0.3080799877643585
2018,2,13,9,0,0.9663569927215576,11.960000038146973,277.5,10.687199592590332,N/A,28236,14.136300086975098,2.067379951477051,0.29054000973701477
2018,2,13,12,0,0.9683390259742737,12.028200149536133,277.5,10.844599723815918,N/A,28418,14.136300086975098,2.066349983215332,0.27368998527526855
2018,2,13,15,0,0.9695469737052917,12.041000366210938,277.5,10.926799774169922,N/A,27861,14.136300086975098,2.044610023498535,0.2622399926185608
2018,2,13,18,0,0.9698759913444519,11.937800407409668,277.5,10.828900337219238,N/A,25827,14.136300086975098,1.979509949684143,0.2632800042629242
2018,2,13,21,0,0.9697849750518799,11.837400436401367,277.5,10.67039966583252,N/A,23506,14.136300086975098,1.8994200229644775,0.2728700041770935
2018,2,14,0,0,0.9692739844322205,11.82759952545166,277.5,10.258899688720703,N/A,22115,12.851200103759766,1.8434200286865234,0.29214000701904297
2018,2,14,3,0,0.9692829847335815,12.07450008392334,277.5,10.439200401306152,N/A,21647,14.136300086975098,1.8007700443267822,0.29276999831199646
2018,2,14,6,0,0.9417750239372253,9.370499610900879,272.5,5.974400043487549,N/A,21541,14.136300086975098,2.051729917526245,0.5365899801254272
2018,2,14,9,0,0.9316110014915466,8.470000267028809,272.5,6.641300201416016,N/A,32070,15.550000190734863,2.6760799884796143,0.4739699959754944
2018,2,14,12,0,0.9323610067367554,8.464200019836426,277.5,7.024199962615967,N/A,37341,7.979499816894531,2.9112300872802734,0.41064000129699707
2018,2,14,15,0,0.9408450126647949,9.077199935913086,282.5,7.855500221252441,N/A,42663,8.77750015258789,3.0058300495147705,0.34189000725746155
2018,2,14,18,0,0.9443569779396057,9.415599822998047,282.5,8.401800155639648,N/A,36241,9.655200004577637,2.71697998046875,0.3074600100517273
2018,2,14,21,0,0.9516839981079102,9.753000259399414,282.5,8.812700271606445,N/A,35132,9.655200004577637,2.621609926223755,0.28610000014305115
2018,2,15,0,0,0.9544540047645569,9.863699913024902,282.5,8.96780014038086,N/A,33317,12.851200103759766,2.536900043487549,0.2744100093841553
2018,2,15,3,0,0.953819990158081,9.910200119018555,282.5,8.957099914550781,N/A,32143,12.851200103759766,2.4844400882720947,0.27230000495910645
2018,2,15,6,0,0.9518129825592041,9.295900344848633,282.5,8.067399978637695,N/A,38550,12.851200103759766,2.8208799362182617,0.3104200065135956
2018,2,15,9,0,0.9525970220565796,9.524999618530273,282.5,8.645000457763672,N/A,42256,11.682900428771973,2.9214799404144287,0.26921001076698303
2018,2,15,12,0,0.9548739790916443,9.643500328063965,287.5,8.797599792480469,N/A,36359,11.682900428771973,2.6911098957061768,0.2620899975299835
2018,2,15,15,0,0.9545779824256897,9.705499649047852,287.5,8.845100402832031,N/A,30826,11.682900428771973,2.467789888381958,0.2628200054168701
2018,2,15,18,0,0.9561409950256348,9.766300201416016,287.5,8.922200202941895,N/A,27476,11.682900428771973,2.3220698833465576,0.2572900056838989
2018,2,15,21,0,0.9557030200958252,9.79800033569336,287.5,8.95930004119873,N/A,24095,11.682900428771973,2.1711199283599854,0.25496000051498413
2018,2,16,0,0,0.9544979929924011,9.767200469970703,287.5,8.939900398254395,N/A,21019,11.682900428771973,2.0332400798797607,0.2536900043487549
2018,2,16,3,0,0.9523810148239136,9.716099739074707,287.5,8.877300262451172,N/A,17878,11.682900428771973,1.8823000192642212,0.2614800035953522
2018,2,16,6,0,0.9521179795265198,9.660400390625,287.5,8.797499656677246,N/A,15593,10.620800018310547,1.7646900415420532,0.27595001459121704
2018,2,16,9,0,0.9353179931640625,8.843700408935547,287.5,7.037700176239014,N/A,14284,10.620800018310547,1.766129970550537,0.3896999955177307
2018,2,16,12,0,0.9101210236549377,7.878399848937988,277.5,6.206600189208984,N/A,17385,10.620800018310547,2.068850040435791,0.4616200029850006
2018,2,16,15,0,0.9167159795761108,7.979700088500977,282.5,6.322299957275391,N/A,18442,17.104999542236328,2.111150026321411,0.47440001368522644
2018,2,16,18,0,0.9256460070610046,8.770899772644043,282.5,7.007299900054932,N/A,18466,15.550000190734863,1.998039960861206,0.4610300064086914
2018,2,16,21,0,0.9229750037193298,9.15530014038086,282.5,7.473199844360352,N/A,18107,15.550000190734863,1.9303100109100342,0.43716999888420105
2018,2,17,0,0,0.9204549789428711,9.53030014038086,277.5,7.862599849700928,N/A,18855,15.550000190734863,1.9233100414276123,0.418940007686615
2018,2,17,3,0,0.9221429824829102,9.438899993896484,277.5,7.480500221252441,N/A,19963,15.550000190734863,1.9876400232315063,0.43070998787879944
2018,2,17,6,0,0.9274880290031433,9.422800064086914,277.5,7.635799884796143,N/A,20857,15.550000190734863,2.0355899333953857,0.4182400107383728
2018,2,17,9,0,0.9288330078125,9.328499794006348,277.5,7.43720006942749,N/A,20649,14.136300086975098,2.038569927215576,0.4152800142765045
2018,2,17,12,0,0.9025300145149231,8.775099754333496,277.5,6.571100234985352,N/A,23505,14.136300086975098,2.2460899353027344,0.4601599872112274
2018,2,17,15,0,0.8656139969825745,8.053999900817871,267.5,6.451200008392334,N/A,31463,14.136300086975098,2.7390201091766357,0.44168999791145325
2018,2,17,18,0,0.9207059741020203,8.763299942016602,267.5,7.86959981918335,N/A,90863,9.655200004577637,4.505670070648193,0.2890999913215637
2018,2,17,21,0,0.9195330142974854,9.536800384521484,272.5,8.705300331115723,N/A,126575,10.620800018310547,5.060140132904053,0.26096001267433167
2018,2,18,0,0,0.9244970083236694,9.787099838256836,277.5,8.891400337219238,N/A,140108,10.620800018310547,5.234640121459961,0.26409000158309937
2018,2,18,3,0,0.9351080060005188,10.097200393676758,282.5,9.135700225830078,N/A,165819,11.682900428771973,5.580870151519775,0.26438000798225403
2018,2,18,6,0,0.9393010139465332,10.28909969329834,282.5,9.375200271606445,N/A,167420,11.682900428771973,5.544149875640869,0.2572999894618988
2018,2,18,9,0,0.9422910213470459,10.44320011138916,282.5,9.496299743652344,N/A,133942,11.682900428771973,4.910399913787842,0.2608200013637543
2018,2,18,12,0,0.9469090104103088,11.092100143432617,277.5,10.258099555969238,N/A,112780,11.682900428771973,4.342490196228027,0.23958000540733337
2018,2,18,15,0,0.9557160139083862,11.938599586486816,282.5,11.137499809265137,N/A,133195,12.851200103759766,4.505080223083496,0.22432999312877655
2018,2,18,18,0,0.9605039954185486,12.101200103759766,282.5,11.2322998046875,N/A,125914,12.851200103759766,4.34168004989624,0.22258000075817108
2018,2,18,21,0,0.9594320058822632,11.639800071716309,287.5,10.167699813842773,N/A,95110,12.851200103759766,3.8597099781036377,0.25641998648643494
2018,2,19,0,0,0.957656979560852,11.351699829101562,287.5,9.752799987792969,N/A,71942,12.851200103759766,3.4069299697875977,0.2748599946498871
2018,2,19,3,0,0.9496719837188721,10.832599639892578,292.5,8.825499534606934,N/A,55653,12.851200103759766,3.0767600536346436,0.3127799928188324
2018,2,19,6,0,0.9575750231742859,10.797599792480469,292.5,9.157600402832031,N/A,46350,12.851200103759766,2.821079969406128,0.28551000356674194
2018,2,19,9,0,0.9594820141792297,10.677200317382812,292.5,9.209799766540527,N/A,36654,11.682900428771973,2.529860019683838,0.2748500108718872
2018,2,19,12,0,0.962090015411377,10.460100173950195,292.5,9.236100196838379,N/A,29639,11.682900428771973,2.30757999420166,0.2674899995326996
2018,2,19,15,0,0.9579650163650513,10.102800369262695,292.5,8.859100341796875,N/A,22376,11.682900428771973,2.0495998859405518,0.28185001015663147
2018,2,19,18,0,0.9613699913024902,10.137100219726562,292.5,9.309100151062012,N/A,20967,10.620800018310547,1.9852900505065918,0.255950003862381
2018,2,19,21,0,0.9623259902000427,10.145400047302246,292.5,9.343500137329102,N/A,20976,10.620800018310547,1.9862799644470215,0.2696399986743927
2018,2,20,0,0,0.9584199786186218,10.047800064086914,292.5,9.175999641418457,N/A,18777,10.620800018310547,1.890120029449463,0.2950800061225891
2018,2,20,3,0,0.9521459937095642,9.985199928283691,292.5,9.004799842834473,N/A,16139,9.655200004577637,1.7570500373840332,0.32175999879837036
2018,2,20,6,0,0.950410008430481,10.055000305175781,287.5,8.935400009155273,N/A,14977,9.655200004577637,1.6816699504852295,0.3454500138759613
2018,2,20,9,0,0.9543390274047852,10.600500106811523,287.5,9.113800048828125,N/A,15781,17.104999542236328,1.6651599407196045,0.3792099952697754
2018,2,20,12,0,0.9464679956436157,10.202899932861328,287.5,7.842299938201904,N/A,14827,17.104999542236328,1.6431599855422974,0.42792001366615295
2018,2,20,15,0,0.9292129874229431,10.25629997253418,282.5,7.275700092315674,N/A,15080,17.104999542236328,1.6392199993133545,0.4744499921798706
2018,2,20,18,0,0.9105849862098694,10.032400131225586,282.5,7.113399982452393,N/A,14130,15.550000190734863,1.6028800010681152,0.48304998874664307
2018,2,20,21,0,0.904679000377655,9.766900062561035,282.5,6.601500034332275,N/A,13611,15.550000190734863,1.593500018119812,0.501230001449585
2018,2,21,0,0,0.8978019952774048,9.535699844360352,282.5,6.226900100708008,N/A,13319,15.550000190734863,1.593790054321289,0.52156001329422
2018,2,21,3,0,0.8995029926300049,9.651300430297852,282.5,6.338200092315674,N/A,12598,15.550000190734863,1.5392400026321411,0.5102999806404114
2018,2,21,6,0,0.9010999798774719,9.563899993896484,282.5,6.431399822235107,N/A,11882,14.136300086975098,1.5065300464630127,0.49373000860214233
2018,2,21,9,0,0.917622983455658,9.833499908447266,282.5,7.440400123596191,N/A,11519,14.136300086975098,1.4703199863433838,0.42072999477386475
2018,2,21,12,0,0.927282989025116,9.923800468444824,277.5,8.262900352478027,N/A,11277,14.136300086975098,1.4536499977111816,0.37182000279426575
2018,2,21,15,0,0.9263079762458801,9.910200119018555,282.5,8.485099792480469,N/A,10831,14.136300086975098,1.4269800186157227,0.3590500056743622
2018,2,21,18,0,0.9262570142745972,9.896400451660156,282.5,8.439900398254395,N/A,10192,14.136300086975098,1.3851499557495117,0.3596400022506714
2018,2,21,21,0,0.9107000231742859,9.155599594116211,282.5,6.697700023651123,N/A,9714,14.136300086975098,1.4092799425125122,0.438510000705719
2018,2,22,0,0,0.9044139981269836,9.182299613952637,282.5,7.082699775695801,N/A,9029,12.851200103759766,1.3587900400161743,0.429639995098114
2018,2,22,3,0,0.9068750143051147,9.367500305175781,282.5,7.4492998123168945,N/A,8504,12.851200103759766,1.3062000274658203,0.4325999915599823
2018,2,22,6,0,0.9083219766616821,9.386099815368652,282.5,7.267000198364258,N/A,8556,12.851200103759766,1.3078500032424927,0.46198999881744385
2018,2,22,9,0,0.8443329930305481,7.857600212097168,277.5,5.283599853515625,N/A,11471,12.851200103759766,1.6691399812698364,0.5951700210571289
2018,2,22,12,0,0.9041460156440735,8.692299842834473,282.5,6.6442999839782715,N/A,19816,8.77750015258789,2.0962700843811035,0.47203001379966736
2018,2,22,15,0,0.9364299774169922,9.649100303649902,287.5,7.7154998779296875,N/A,21257,8.77750015258789,2.046030044555664,0.43143001198768616
2018,2,22,18,0,0.9497060179710388,10.593000411987305,282.5,8.695099830627441,N/A,21714,18.81559944152832,1.9567699432373047,0.42094001173973083
2018,2,22,21,0,0.9538599848747253,11.312600135803223,282.5,9.269700050354004,N/A,22735,18.81559944152832,1.9226499795913696,0.4140700101852417
2018,2,23,0,0,0.9558770060539246,11.912099838256836,282.5,9.91759967803955,N/A,23255,18.81559944152832,1.8810900449752808,0.3862900137901306
2018,2,23,3,0,0.9563699960708618,12.653599739074707,282.5,10.538700103759766,N/A,23867,17.104999542236328,1.8349800109863281,0.35975998640060425
2018,2,23,6,0,0.9625300168991089,13.288200378417969,282.5,11.258999824523926,N/A,26249,17.104999542236328,1.867609977722168,0.3208400011062622
2018,2,23,9,0,0.9649029970169067,13.312000274658203,282.5,11.426799774169922,N/A,26505,17.104999542236328,1.8730499744415283,0.30142998695373535
2018,2,23,12,0,0.9647520184516907,12.973899841308594,282.5,10.528300285339355,N/A,25355,15.550000190734863,1.857159972190857,0.3131699860095978
2018,2,23,15,0,0.9271699786186218,10.632399559020996,277.5,6.656300067901611,N/A,26219,15.550000190734863,2.0978400707244873,0.5022799968719482
2018,2,23,18,0,0.814873993396759,8.20479965209961,267.5,5.698800086975098,N/A,34477,15.550000190734863,2.789370059967041,0.5854099988937378
2018,2,23,21,0,0.7988659739494324,8.269200325012207,257.5,6.760499954223633,N/A,42176,6.594600200653076,3.115269899368286,0.4643700122833252
2018,2,24,0,0,0.8558350205421448,8.974900245666504,267.5,7.767300128936768,N/A,41200,7.979499816894531,2.9605000019073486,0.38769999146461487
2018,2,24,3,0,0.8709560036659241,8.992400169372559,272.5,7.6346001625061035,N/A,35094,7.979499816894531,2.7265899181365967,0.3968900144100189
2018,2,24,6,0,0.8740890026092529,8.70829963684082,277.5,7.222700119018555,N/A,32912,7.979499816894531,2.6882100105285645,0.41064000129699707
2018,2,24,9,0,0.8949769735336304,8.144000053405762,277.5,6.943600177764893,N/A,43671,7.979499816894531,3.231220006942749,0.38514000177383423
2018,2,24,12,0,0.9178810119628906,8.666500091552734,282.5,7.682600021362305,N/A,69596,8.77750015258789,3.962019920349121,0.3157599866390228
2018,2,24,15,0,0.9348130226135254,9.39579963684082,287.5,8.358599662780762,N/A,85128,10.620800018310547,4.17540979385376,0.2987099885940552
2018,2,24,18,0,0.9427449703216553,9.985400199890137,287.5,8.856599807739258,N/A,80088,11.682900428771973,3.897130012512207,0.29614999890327454
2018,2,24,21,0,0.9526180028915405,10.552000045776367,287.5,9.390800476074219,N/A,82291,11.682900428771973,3.816879987716675,0.28575998544692993
2018,2,25,0,0,0.9523270130157471,10.337800025939941,287.5,8.964500427246094,N/A,70928,11.682900428771973,3.580130100250244,0.3108299970626831
2018,2,25,3,0,0.950186014175415,10.66450023651123,287.5,9.34000015258789,N/A,59412,12.851200103759766,3.2148900032043457,0.3021700084209442
2018,2,25,6,0,0.9299520254135132,9.833499908447266,287.5,7.747600078582764,N/A,52699,12.851200103759766,3.1593000888824463,0.38411998748779297
2018,2,25,9,0,0.8824660181999207,8.57349967956543,277.5,7.145299911499023,N/A,58424,12.851200103759766,3.6146600246429443,0.39037999510765076
2018,2,25,12,0,0.911873996257782,8.765000343322754,287.5,7.778299808502197,N/A,74675,8.77750015258789,4.069469928741455,0.31393998861312866
2018,2,25,15,0,0.9233649969100952,8.984600067138672,287.5,8.015700340270996,N/A,87451,9.655200004577637,4.3463897705078125,0.2973099946975708
2018,2,25,18,0,0.932703971862793,9.458800315856934,287.5,8.485600471496582,N/A,94335,10.620800018310547,4.377659797668457,0.2863900065422058
2018,2,25,21,0,0.9373310208320618,9.910400390625,287.5,8.801799774169922,N/A,92797,11.682900428771973,4.2121901512146,0.2948499917984009
2018,2,26,0,0,0.9428809881210327,10.555299758911133,287.5,9.348799705505371,N/A,90818,12.851200103759766,4.005080223083496,0.2926500141620636
2018,2,26,3,0,0.9469649791717529,10.916500091552734,287.5,9.56190013885498,N/A,90524,12.851200103759766,3.9120800495147705,0.29976001381874084
2018,2,26,6,0,0.9486650228500366,11.407400131225586,287.5,10.165900230407715,N/A,86630,12.851200103759766,3.7276699542999268,0.28575000166893005
2018,2,26,9,0,0.950855016708374,11.643699645996094,292.5,10.393500328063965,N/A,82749,14.136300086975098,3.597399950027466,0.28224998712539673
2018,2,26,12,0,0.9508140087127686,11.624199867248535,292.5,10.412599563598633,N/A,75625,14.136300086975098,3.4420199394226074,0.2812800109386444
2018,2,26,15,0,0.9520310163497925,11.635899543762207,292.5,10.498100280761719,N/A,69882,14.136300086975098,3.3074100017547607,0.2721000015735626
2018,2,26,18,0,0.9541230201721191,11.676899909973145,292.5,10.638999938964844,N/A,65266,14.136300086975098,3.1914100646972656,0.25898998975753784
2018,2,26,21,0,0.9547079801559448,11.640000343322754,292.5,10.682000160217285,N/A,60400,14.136300086975098,3.0781800746917725,0.2504200041294098
2018,2,27,0,0,0.95557701587677,11.590100288391113,292.5,10.697799682617188,N/A,57881,12.851200103759766,3.0229101181030273,0.2421800047159195
2018,2,27,3,0,0.9533299803733826,11.419400215148926,292.5,10.554699897766113,N/A,51195,12.851200103759766,2.870539903640747,0.24085000157356262
2018,2,27,6,0,0.9545369744300842,11.206199645996094,292.5,10.380900382995605,N/A,45978,12.851200103759766,2.754120111465454,0.23827999830245972
2018,2,27,9,0,0.9476010203361511,10.630800247192383,292.5,9.098699569702148,N/A,38999,12.851200103759766,2.6125900745391846,0.2874700129032135
2018,2,27,12,0,0.9210429787635803,9.413200378417969,287.5,7.463699817657471,N/A,36319,12.851200103759766,2.697510004043579,0.3723199963569641
2018,2,27,15,0,0.8934919834136963,8.84280014038086,287.5,7.224400043487549,N/A,29762,12.851200103759766,2.5359299182891846,0.3762199878692627
2018,2,27,18,0,0.911761999130249,8.606499671936035,287.5,7.1554999351501465,N/A,29259,11.682900428771973,2.5619699954986572,0.36191999912261963
2018,2,27,21,0,0.9241200089454651,8.569999694824219,287.5,7.353700160980225,N/A,28762,11.682900428771973,2.5546998977661133,0.3357999920845032
2018,2,28,0,0,0.9302710294723511,8.972100257873535,287.5,7.875699996948242,N/A,26235,11.682900428771973,2.3802199363708496,0.3095400035381317
2018,2,28,3,0,0.9341689944267273,8.927399635314941,287.5,7.549099922180176,N/A,26414,10.620800018310547,2.3921799659729004,0.33000999689102173
2018,2,28,6,0,0.9361670017242432,9.297900199890137,292.5,8.128499984741211,N/A,24964,10.620800018310547,2.2734200954437256,0.30452999472618103
2018,2,28,9,0,0.9413880109786987,9.753999710083008,292.5,8.706299781799316,N/A,24754,10.620800018310547,2.2012500762939453,0.2829799950122833
2018,2,28,12,0,0.931177020072937,9.541299819946289,292.5,7.508600234985352,N/A,26064,11.682900428771973,2.2759599685668945,0.34926000237464905
2018,2,28,15,0,0.873528003692627,8.932600021362305,292.5,6.791200160980225,N/A,28964,11.682900428771973,2.4784200191497803,0.4146600067615509
2018,2,28,18,0,0.7684289813041687,8.370699882507324,287.5,6.2835001945495605,N/A,32238,11.682900428771973,2.704349994659424,0.4597100019454956
2018,2,28,21,0,0.6062210202217102,7.853799819946289,262.5,6.146900177001953,N/A,36569,12.851200103759766,2.9953699111938477,0.45100000500679016
2018,3,1,0,0,0.6082029938697815,7.993199825286865,237.5,6.628399848937988,N/A,42197,7.979499816894531,3.206700086593628,0.389490008354187
2018,3,1,3,0,0.6432710289955139,8.301300048828125,232.5,7.26140022277832,N/A,47648,7.979499816894531,3.3496999740600586,0.33970001339912415
2018,3,1,6,0,0.6718130111694336,9.232500076293945,247.5,8.465200424194336,N/A,46874,8.77750015258789,3.136630058288574,0.2806999981403351
2018,3,1,9,0,0.6964510083198547,9.523200035095215,257.5,8.690600395202637,N/A,49708,8.77750015258789,3.171020030975342,0.2748500108718872
2018,3,1,12,0,0.7452329993247986,10.1072998046875,267.5,9.325699806213379,N/A,54569,11.682900428771973,3.20497989654541,0.25602999329566956
2018,3,1,15,0,0.7876539826393127,10.47760009765625,277.5,9.725000381469727,N/A,58355,11.682900428771973,3.242039918899536,0.24316999316215515
2018,3,1,18,0,0.8068990111351013,10.491999626159668,282.5,9.347299575805664,N/A,59644,11.682900428771973,3.2695999145507812,0.261709988117218
2018,3,1,21,0,0.8024179935455322,10.296099662780762,277.5,8.986200332641602,N/A,57797,11.682900428771973,3.2467200756073,0.292930006980896
2018,3,2,0,0,0.8335719704627991,10.735400199890137,277.5,9.646900177001953,N/A,63122,14.136300086975098,3.3056600093841553,0.2807700037956238
2018,3,2,3,0,0.8665239810943604,11.158300399780273,277.5,10.151800155639648,N/A,62788,14.136300086975098,3.2203500270843506,0.2663399875164032
2018,3,2,6,0,0.893543004989624,11.548199653625488,282.5,10.606900215148926,N/A,65789,12.851200103759766,3.2286899089813232,0.2526499927043915
2018,3,2,9,0,0.8960250020027161,11.670499801635742,282.5,10.747400283813477,N/A,65443,12.851200103759766,3.1987900733947754,0.2524400055408478
2018,3,2,12,0,0.8955010175704956,11.682999610900879,282.5,10.684700012207031,N/A,57676,12.851200103759766,3.000159978866577,0.2591499984264374
2018,3,2,15,0,0.8931040167808533,11.30210018157959,282.5,9.483799934387207,N/A,57815,12.851200103759766,3.054650068283081,0.3075700104236603
2018,3,2,18,0,0.89205002784729,11.192700386047363,282.5,9.90820026397705,N/A,48325,12.851200103759766,2.815959930419922,0.2807300090789795
2018,3,2,21,0,0.8961420059204102,11.082799911499023,287.5,10.116700172424316,N/A,38666,12.851200103759766,2.540750026702881,0.254040002822876
2018,3,3,0,0,0.8361480236053467,10.517800331115723,282.5,9.680800437927246,N/A,33288,12.851200103759766,2.437999963760376,0.2556000053882599
2018,3,3,3,0,0.6990129947662354,9.641300201416016,262.5,8.898699760437012,N/A,31514,11.682900428771973,2.5056800842285156,0.26284998655319214
2018,3,3,6,0,0.6998180150985718,9.376799583435059,267.5,8.667400360107422,N/A,25025,11.682900428771973,2.2726099491119385,0.2616199851036072
2018,3,3,9,0,0.6690189838409424,9.212400436401367,262.5,8.557299613952637,N/A,21093,11.682900428771973,2.111690044403076,0.2554300129413605
2018,3,3,12,0,0.642304003238678,9.123900413513184,252.5,8.410499572753906,N/A,20159,10.620800018310547,2.078579902648926,0.2502099871635437
2018,3,3,15,0,0.6359279751777649,9.210200309753418,252.5,8.479999542236328,N/A,19014,10.620800018310547,2.0070600509643555,0.26381000876426697
2018,3,3,18,0,0.6411120295524597,9.173299789428711,257.5,8.474100112915039,N/A,16144,9.655200004577637,1.8545700311660767,0.2621699869632721
2018,3,3,21,0,0.6694419980049133,9.098699569702148,287.5,8.46049976348877,N/A,13758,9.655200004577637,1.71983003616333,0.2674599885940552
2018,3,4,0,0,0.7022290229797363,9.0693998336792,287.5,8.347800254821777,N/A,12009,8.77750015258789,1.606719970703125,0.296099990606308
2018,3,4,3,0,0.7451279759407043,8.982399940490723,287.5,8.180299758911133,N/A,10058,9.655200004577637,1.4763000011444092,0.31435999274253845
2018,3,4,6,0,0.7760360240936279,8.88860034942627,287.5,8.06029987335205,N/A,8937,9.655200004577637,1.3990800380706787,0.3166100084781647
2018,3,4,9,0,0.8171250224113464,9.257100105285645,287.5,8.147299766540527,N/A,8701,15.550000190734863,1.341189980506897,0.35885000228881836
2018,3,4,12,0,0.8311460018157959,9.258500099182129,287.5,8.024299621582031,N/A,7519,15.550000190734863,1.243899941444397,0.3797299861907959
2018,3,4,15,0,0.8345370292663574,9.056699752807617,282.5,7.757500171661377,N/A,6101,15.550000190734863,1.1335200071334839,0.3922100067138672
2018,3,4,18,0,0.8600429892539978,9.173199653625488,282.5,7.24459981918335,N/A,6102,14.136300086975098,1.1182700395584106,0.43276000022888184
2018,3,4,21,0,0.8745880126953125,9.136799812316895,282.5,6.981599807739258,N/A,6178,14.136300086975098,1.1224100589752197,0.4603799879550934
2018,3,5,0,0,0.8773720264434814,9.215800285339355,282.5,6.973700046539307,N/A,5576,14.136300086975098,1.059689998626709,0.46737000346183777
2018,3,5,3,0,0.8940500020980835,9.941399574279785,277.5,7.373799800872803,N/A,5642,14.136300086975098,1.0209300518035889,0.4772700071334839
2018,3,5,6,0,0.9260939955711365,11.621399879455566,277.5,8.560799598693848,N/A,7831,18.81559944152832,1.100559949874878,0.4464299976825714
2018,3,5,9,0,0.9429969787597656,13.026800155639648,277.5,9.714300155639648,N/A,11841,17.104999542236328,1.2658599615097046,0.3949100077152252
2018,3,5,12,0,0.958765983581543,13.524200439453125,277.5,10.587499618530273,N/A,19932,17.104999542236328,1.6038099527359009,0.336650013923645
2018,3,5,15,0,0.9639689922332764,13.46560001373291,277.5,10.89109992980957,N/A,25112,15.550000190734863,1.8028600215911865,0.30382999777793884
2018,3,5,18,0,0.9661679863929749,13.254899978637695,277.5,11.030799865722656,N/A,25906,14.136300086975098,1.8494000434875488,0.27911001443862915
2018,3,5,21,0,0.9668499827384949,12.922800064086914,277.5,11.019000053405762,N/A,24436,14.136300086975098,1.8263399600982666,0.2613700032234192
2018,3,6,0,0,0.9659109711647034,12.506600379943848,277.5,10.821700096130371,N/A,21311,14.136300086975098,1.742400050163269,0.2567700147628784
2018,3,6,3,0,0.9617239832878113,12.0516996383667,277.5,10.52280044555664,N/A,17504,12.851200103759766,1.6181000471115112,0.25753000378608704
2018,3,6,6,0,0.9408220052719116,11.260100364685059,277.5,9.685500144958496,N/A,14797,12.851200103759766,1.5506199598312378,0.28977999091148376
2018,3,6,9,0,0.914546012878418,10.469499588012695,272.5,8.933199882507324,N/A,12505,12.851200103759766,1.4905999898910522,0.31700998544692993
2018,3,6,12,0,0.8942229747772217,9.93910026550293,267.5,8.61769962310791,N/A,11399,12.851200103759766,1.4717999696731567,0.31786999106407166
2018,3,6,15,0,0.8715109825134277,9.417099952697754,257.5,8.30270004272461,N/A,10309,11.682900428771973,1.4486000537872314,0.3193899989128113
2018,3,6,18,0,0.8581259846687317,9.14430046081543,252.5,8.161299705505371,N/A,9702,11.682900428771973,1.4326399564743042,0.3156999945640564
2018,3,6,21,0,0.8507590293884277,9.07229995727539,247.5,8.164199829101562,N/A,9614,11.682900428771973,1.4349600076675415,0.3119800090789795
2018,3,7,0,0,0.8488540053367615,9.134699821472168,247.5,8.208200454711914,N/A,9737,8.77750015258789,1.4389899969100952,0.3226799964904785
2018,3,7,3,0,0.8450390100479126,9.026399612426758,242.5,7.515100002288818,N/A,9791,8.77750015258789,1.4501800537109375,0.3659699857234955
2018,3,7,6,0,0.832830011844635,9.025699615478516,242.5,7.024499893188477,N/A,10111,8.77750015258789,1.4688700437545776,0.40977001190185547
2018,3,7,9,0,0.8220080137252808,9.415300369262695,247.5,7.053699970245361,N/A,11127,8.77750015258789,1.4991300106048584,0.433789998292923
2018,3,7,12,0,0.8158029913902283,9.803899765014648,247.5,7.219900131225586,N/A,12114,15.550000190734863,1.525439977645874,0.4456999897956848
2018,3,7,15,0,0.8064600229263306,9.986100196838379,252.5,7.0559000968933105,N/A,12658,15.550000190734863,1.538830041885376,0.45888999104499817
2018,3,7,18,0,0.7982959747314453,10.263400077819824,257.5,6.927800178527832,N/A,13715,17.104999542236328,1.5697400569915771,0.4713999927043915
2018,3,7,21,0,0.8070210218429565,10.877099990844727,262.5,7.34660005569458,N/A,14269,17.104999542236328,1.5462299585342407,0.44585999846458435
2018,3,8,0,0,0.8063110113143921,11.149100303649902,262.5,7.636499881744385,N/A,14353,17.104999542236328,1.528480052947998,0.42598000168800354
2018,3,8,3,0,0.8007599711418152,11.271599769592285,262.5,7.886300086975098,N/A,14902,17.104999542236328,1.5484700202941895,0.4018099904060364
2018,3,8,6,0,0.781436026096344,10.701299667358398,257.5,7.034200191497803,N/A,15589,14.136300086975098,1.6288599967956543,0.4349200129508972
2018,3,8,9,0,0.7722079753875732,10.451299667358398,257.5,7.155099868774414,N/A,15721,15.550000190734863,1.6594599485397339,0.4293999969959259
2018,3,8,12,0,0.7526729702949524,9.35990047454834,247.5,6.810299873352051,N/A,16502,15.550000190734863,1.813330054283142,0.45594000816345215
2018,3,8,15,0,0.6937260031700134,8.048999786376953,237.5,5.775100231170654,N/A,21381,15.550000190734863,2.2479500770568848,0.5116999745368958
2018,3,8,18,0,0.7707780003547668,8.551799774169922,217.5,6.985300064086914,N/A,32976,9.655200004577637,2.7295899391174316,0.38648998737335205
2018,3,8,21,0,0.8701429963111877,10.154500007629395,212.5,9.127400398254395,N/A,54753,11.682900428771973,3.1941099166870117,0.27911999821662903
2018,3,9,0,0,0.8975279927253723,11.051600456237793,207.5,10.121800422668457,N/A,67414,11.682900428771973,3.3626599311828613,0.2555199861526489
2018,3,9,3,0,0.9015899896621704,11.48799991607666,212.5,10.56779956817627,N/A,65604,12.851200103759766,3.23826003074646,0.2421800047159195
2018,3,9,6,0,0.7928879857063293,9.208800315856934,227.5,7.649400234222412,N/A,80643,12.851200103759766,4.072700023651123,0.37224000692367554
2018,3,9,9,0,0.7443109750747681,9.192399978637695,247.5,8.171899795532227,N/A,84108,12.851200103759766,4.196229934692383,0.30807000398635864
2018,3,9,12,0,0.7213010191917419,9.04520034790039,247.5,8.036700248718262,N/A,63380,11.682900428771973,3.679080009460449,0.30630001425743103
2018,3,9,15,0,0.7450169920921326,9.212599754333496,237.5,8.22029972076416,N/A,41272,11.682900428771973,2.937570095062256,0.2994900047779083
2018,3,9,18,0,0.779217004776001,9.3149995803833,227.5,8.339900016784668,N/A,29168,11.682900428771973,2.4566800594329834,0.2897599935531616
2018,3,9,21,0,0.7864469885826111,9.298600196838379,227.5,8.425999641418457,N/A,21885,10.620800018310547,2.134310007095337,0.2776699960231781
2018,3,10,0,0,0.7708560228347778,9.199399948120117,232.5,8.407699584960938,N/A,17467,10.620800018310547,1.9210200309753418,0.2719300091266632
2018,3,10,3,0,0.754817008972168,9.081100463867188,237.5,8.325400352478027,N/A,14372,9.655200004577637,1.7559800148010254,0.2736699879169464
2018,3,10,6,0,0.743806004524231,8.995100021362305,242.5,8.230600357055664,N/A,11974,9.655200004577637,1.6104600429534912,0.28174999356269836
2018,3,10,9,0,0.744621992111206,8.889599800109863,242.5,8.103300094604492,N/A,10524,8.77750015258789,1.5184500217437744,0.2925899922847748
2018,3,10,12,0,0.7498769760131836,8.718299865722656,242.5,7.8796000480651855,N/A,9264,8.77750015258789,1.439020037651062,0.3072099983692169
2018,3,10,15,0,0.7450309991836548,8.368300437927246,242.5,6.976200103759766,N/A,8272,8.77750015258789,1.3893100023269653,0.34841999411582947
2018,3,10,18,0,0.7325469851493835,8.369600296020508,252.5,6.946199893951416,N/A,8192,8.77750015258789,1.3824100494384766,0.3544999957084656
2018,3,10,21,0,0.7455480098724365,8.666899681091309,262.5,6.980199813842773,N/A,9290,7.979499816894531,1.4400700330734253,0.3842099905014038
2018,3,11,0,0,0.8111760020256042,9.877699851989746,277.5,7.990699768066406,N/A,13024,14.136300086975098,1.5731699466705322,0.38106998801231384
2018,3,11,3,0,0.8773369789123535,11.106300354003906,282.5,9.319700241088867,N/A,20889,14.136300086975098,1.855870008468628,0.32078999280929565
2018,3,11,6,0,0.8983659744262695,11.339300155639648,287.5,9.656399726867676,N/A,25336,14.136300086975098,2.020709991455078,0.2894099950790405
2018,3,11,9,0,0.8981810212135315,11.245499610900879,287.5,9.119799613952637,N/A,25370,12.851200103759766,2.02974009513855,0.30476999282836914
2018,3,11,12,0,0.8979340195655823,11.366000175476074,282.5,9.480500221252441,N/A,23243,12.851200103759766,1.9320100545883179,0.2917900085449219
2018,3,11,15,0,0.8949210047721863,11.40470027923584,282.5,9.358099937438965,N/A,21604,12.851200103759766,1.858180046081543,0.30395999550819397
2018,3,11,18,0,0.8938140273094177,11.645500183105469,282.5,9.706600189208984,N/A,21146,12.851200103759766,1.8160300254821777,0.3115600049495697
2018,3,11,21,0,0.8978440165519714,12.002300262451172,277.5,10.160900115966797,N/A,22867,12.851200103759766,1.8542900085449219,0.3181599974632263
2018,3,12,0,0,0.8988649845123291,12.16349983215332,277.5,10.298199653625488,N/A,25811,15.550000190734863,1.952589988708496,0.32688000798225403
2018,3,12,3,0,0.8957859873771667,12.072600364685059,272.5,10.195699691772461,N/A,28897,15.550000190734863,2.0731201171875,0.3359900116920471
2018,3,12,6,0,0.8893259763717651,11.697099685668945,272.5,8.95580005645752,N/A,30879,15.550000190734863,2.177769899368286,0.3703500032424927
2018,3,12,9,0,0.8763009905815125,11.240500450134277,272.5,8.172100067138672,N/A,31211,15.550000190734863,2.236910104751587,0.39886999130249023
2018,3,12,12,0,0.869363009929657,11.11989974975586,272.5,8.298500061035156,N/A,29213,14.136300086975098,2.180190086364746,0.386819988489151
2018,3,12,15,0,0.846045970916748,10.526300430297852,272.5,7.624300003051758,N/A,26672,14.136300086975098,2.1502599716186523,0.41253000497817993
2018,3,12,18,0,0.8108360171318054,9.942899703979492,262.5,7.360099792480469,N/A,23793,14.136300086975098,2.105149984359741,0.4132100045681
2018,3,12,21,0,0.8031269907951355,10.141900062561035,257.5,8.21150016784668,N/A,23481,14.136300086975098,2.077399969100952,0.3602699935436249
2018,3,13,0,0,0.7904620170593262,9.64680004119873,247.5,7.230199813842773,N/A,24602,12.851200103759766,2.1872000694274902,0.394540011882782
2018,3,13,3,0,0.8380429744720459,10.381600379943848,242.5,8.733599662780762,N/A,28887,12.851200103759766,2.281709909439087,0.30757999420166016
2018,3,13,6,0,0.8579369783401489,10.47920036315918,237.5,8.937000274658203,N/A,33132,11.682900428771973,2.43599009513855,0.28053998947143555
2018,3,13,9,0,0.8360400199890137,9.756799697875977,232.5,7.486599922180176,N/A,34290,11.682900428771973,2.5767600536346436,0.3501800000667572
2018,3,13,12,0,0.7378979921340942,8.394700050354004,227.5,6.185500144958496,N/A,33226,11.682900428771973,2.7502501010894775,0.4479900002479553
2018,3,13,15,0,0.8208720088005066,9.867899894714355,227.5,8.361900329589844,N/A,31459,10.620800018310547,2.4594900608062744,0.3080199956893921
2018,3,13,18,0,0.8244370222091675,10.105999946594238,222.5,8.542200088500977,N/A,37014,11.682900428771973,2.6288199424743652,0.30254000425338745
2018,3,13,21,0,0.8021739721298218,9.303899765014648,227.5,7.548999786376953,N/A,47922,11.682900428771973,3.127619981765747,0.36355000734329224
2018,3,14,0,0,0.8017190098762512,9.67300033569336,227.5,8.432999610900879,N/A,51482,11.682900428771973,3.1830599308013916,0.3072899878025055
2018,3,14,3,0,0.8075309991836548,9.916099548339844,227.5,8.901800155639648,N/A,50022,11.682900428771973,3.099669933319092,0.27344000339508057
2018,3,14,6,0,0.8225619792938232,9.788299560546875,222.5,8.789400100708008,N/A,44646,11.682900428771973,2.954040050506592,0.2698900103569031
2018,3,14,9,0,0.8102290034294128,9.588199615478516,222.5,8.507200241088867,N/A,39761,11.682900428771973,2.821959972381592,0.28049999475479126
2018,3,14,12,0,0.8236470222473145,9.577899932861328,227.5,8.634400367736816,N/A,38572,10.620800018310547,2.783629894256592,0.2729800045490265
2018,3,14,15,0,0.8411679863929749,9.83329963684082,242.5,9.124099731445312,N/A,43465,10.620800018310547,2.916800022125244,0.23795999586582184
2018,3,14,18,0,0.8211619853973389,9.726699829101562,247.5,9.123299598693848,N/A,37135,10.620800018310547,2.7193000316619873,0.2256699949502945
2018,3,14,21,0,0.796733021736145,9.53339958190918,252.5,8.96780014038086,N/A,30439,10.620800018310547,2.4941699504852295,0.22597000002861023
2018,3,15,0,0,0.771291971206665,9.331000328063965,252.5,8.710000038146973,N/A,25502,9.655200004577637,2.311069965362549,0.23989999294281006
2018,3,15,3,0,0.7558130025863647,9.204500198364258,247.5,8.422900199890137,N/A,21800,9.655200004577637,2.1504499912261963,0.26232999563217163
2018,3,15,6,0,0.7481560111045837,8.914400100708008,247.5,7.665299892425537,N/A,19850,10.620800018310547,2.084559917449951,0.30809998512268066
2018,3,15,9,0,0.7428849935531616,8.33489990234375,242.5,6.698699951171875,N/A,18168,9.655200004577637,2.0620501041412354,0.377920001745224
2018,3,15,12,0,0.7492870092391968,8.050100326538086,237.5,6.429800033569336,N/A,16727,9.655200004577637,2.013000011444092,0.40136998891830444
2018,3,15,15,0,0.7413730025291443,8.28030014038086,237.5,6.619800090789795,N/A,17516,9.655200004577637,2.0255300998687744,0.397460013628006
2018,3,15,18,0,0.7264119982719421,8.445799827575684,237.5,6.792900085449219,N/A,17665,8.77750015258789,2.011009931564331,0.39166000485420227
2018,3,15,21,0,0.7349479794502258,8.835399627685547,242.5,7.71750020980835,N/A,17759,11.682900428771973,1.9703999757766724,0.3413900136947632
2018,3,16,0,0,0.7341629862785339,8.968600273132324,242.5,7.976600170135498,N/A,17221,11.682900428771973,1.9258699417114258,0.3251599967479706
2018,3,16,3,0,0.7359340190887451,9.033300399780273,247.5,8.097200393676758,N/A,17072,10.620800018310547,1.9119900465011597,0.31207001209259033
2018,3,16,6,0,0.7563239932060242,9.221400260925293,252.5,8.3149995803833,N/A,17007,10.620800018310547,1.887179970741272,0.2990500032901764
2018,3,16,9,0,0.7849469780921936,9.401000022888184,257.5,8.545000076293945,N/A,17013,10.620800018310547,1.868190050125122,0.2847900092601776
2018,3,16,12,0,0.8134909868240356,9.593899726867676,262.5,8.772600173950195,N/A,17215,10.620800018310547,1.8577500581741333,0.27489998936653137
2018,3,16,15,0,0.8275359869003296,9.650400161743164,262.5,8.822099685668945,N/A,16605,10.620800018310547,1.8175499439239502,0.2769399881362915
2018,3,16,18,0,0.840453028678894,9.423199653625488,267.5,8.55150032043457,N/A,16569,10.620800018310547,1.8391300439834595,0.29284000396728516
2018,3,16,21,0,0.8572400212287903,9.291000366210938,272.5,8.41450023651123,N/A,17115,9.655200004577637,1.8840199708938599,0.29780998826026917
2018,3,17,0,0,0.866225004196167,9.213399887084961,272.5,8.255599975585938,N/A,16756,9.655200004577637,1.8730299472808838,0.30156999826431274
2018,3,17,3,0,0.8685309886932373,8.890299797058105,277.5,7.523200035095215,N/A,14806,10.620800018310547,1.792639970779419,0.3421100080013275
2018,3,17,6,0,0.8872429728507996,8.885199546813965,277.5,7.691699981689453,N/A,15283,12.851200103759766,1.8218400478363037,0.33531999588012695
2018,3,17,9,0,0.8963130116462708,8.84630012512207,277.5,7.784599781036377,N/A,15164,12.851200103759766,1.8213599920272827,0.32405999302864075
2018,3,17,12,0,0.9025989770889282,8.804699897766113,282.5,7.828100204467773,N/A,15192,12.851200103759766,1.8302899599075317,0.3151400089263916
2018,3,17,15,0,0.9045100212097168,8.655400276184082,282.5,7.635200023651123,N/A,15075,8.77750015258789,1.8413499593734741,0.32203999161720276
2018,3,17,18,0,0.9025890231132507,8.304699897766113,282.5,7.29010009765625,N/A,14900,7.979499816894531,1.8734699487686157,0.3359600007534027
2018,3,17,21,0,0.8976340293884277,8.262200355529785,282.5,6.909599781036377,N/A,13153,11.682900428771973,1.7613500356674194,0.36691999435424805
2018,3,18,0,0,0.8891540169715881,8.416299819946289,277.5,6.9980998039245605,N/A,10929,11.682900428771973,1.5875200033187866,0.3728100061416626
2018,3,18,3,0,0.8871380090713501,8.78339958190918,277.5,7.376399993896484,N/A,9281,11.682900428771973,1.4268499612808228,0.37143000960350037
2018,3,18,6,0,0.8978769779205322,9.200900077819824,277.5,7.758299827575684,N/A,9446,11.682900428771973,1.4004299640655518,0.3688899874687195
2018,3,18,9,0,0.8968039751052856,9.298299789428711,277.5,7.454500198364258,N/A,9539,11.682900428771973,1.393779993057251,0.3982200026512146
2018,3,18,12,0,0.8992120027542114,9.493399620056152,277.5,7.145500183105469,N/A,11087,14.136300086975098,1.476830005645752,0.4306600093841553
2018,3,18,15,0,0.9014449715614319,9.67140007019043,277.5,7.097099781036377,N/A,13132,14.136300086975098,1.5865800380706787,0.43191999197006226
2018,3,18,18,0,0.9005169868469238,9.861900329589844,277.5,7.314899921417236,N/A,14905,14.136300086975098,1.6717000007629395,0.41343000531196594
2018,3,18,21,0,0.8920959830284119,9.884499549865723,277.5,7.520100116729736,N/A,15489,12.851200103759766,1.7044399976730347,0.39629000425338745
2018,3,19,0,0,0.8946459889411926,10.092100143432617,277.5,8.061599731445312,N/A,16226,12.851200103759766,1.7281500101089478,0.36059999465942383
2018,3,19,3,0,0.9106770157814026,10.352700233459473,277.5,8.679300308227539,N/A,16544,12.851200103759766,1.7251900434494019,0.31812000274658203
2018,3,19,6,0,0.9160450100898743,10.43019962310791,277.5,9.021499633789062,N/A,14798,12.851200103759766,1.6290199756622314,0.290910005569458
2018,3,19,9,0,0.9157860279083252,10.358699798583984,277.5,9.142200469970703,N/A,12734,12.851200103759766,1.5206700563430786,0.2757300138473511
2018,3,19,12,0,0.9157149791717529,10.281599998474121,277.5,9.177800178527832,N/A,11444,11.682900428771973,1.450029969215393,0.26809000968933105
2018,3,19,15,0,0.910027027130127,10.099699974060059,277.5,9.012800216674805,N/A,9931,11.682900428771973,1.3665399551391602,0.27237001061439514
2018,3,19,18,0,0.9033669829368591,9.940600395202637,277.5,8.787199974060059,N/A,8943,11.682900428771973,1.309499979019165,0.28365999460220337
2018,3,19,21,0,0.9005749821662903,9.962499618530273,272.5,8.782400131225586,N/A,8447,11.682900428771973,1.2708699703216553,0.28995001316070557
2018,3,20,0,0,0.8952490091323853,9.793800354003906,272.5,8.07699966430664,N/A,7695,11.682900428771973,1.2234400510787964,0.32245001196861267
2018,3,20,3,0,0.8890399932861328,9.209699630737305,272.5,6.794600009918213,N/A,7275,10.620800018310547,1.2271100282669067,0.40042999386787415
2018,3,20,6,0,0.8879510164260864,8.98449993133545,272.5,6.815800189971924,N/A,7574,10.620800018310547,1.2671699523925781,0.4202199876308441
2018,3,20,9,0,0.889693021774292,9.071599960327148,272.5,7.065800189971924,N/A,7815,10.620800018310547,1.2797900438308716,0.4092000126838684
2018,3,20,12,0,0.8974320292472839,8.975500106811523,272.5,7.15310001373291,N/A,8780,10.620800018310547,1.362879991531372,0.40911999344825745
2018,3,20,15,0,0.904649019241333,8.962699890136719,272.5,7.242099761962891,N/A,9654,14.136300086975098,1.4293999671936035,0.4042600095272064
2018,3,20,18,0,0.9051139950752258,9.105400085449219,272.5,7.35860013961792,N/A,9301,14.136300086975098,1.3911800384521484,0.3935900032520294
2018,3,20,21,0,0.9075019955635071,9.50570011138916,272.5,7.642099857330322,N/A,9386,12.851200103759766,1.364609956741333,0.3705500066280365
2018,3,21,0,0,0.9063670039176941,9.68239974975586,272.5,7.65369987487793,N/A,9764,12.851200103759766,1.378999948501587,0.3560500144958496
2018,3,21,3,0,0.8920109868049622,9.705499649047852,272.5,7.6605000495910645,N/A,9455,11.682900428771973,1.3570200204849243,0.34902000427246094
2018,3,21,6,0,0.8681520223617554,9.83240032196045,267.5,8.047900199890137,N/A,9210,11.682900428771973,1.331779956817627,0.328359991312027
2018,3,21,9,0,0.8430460095405579,10.062800407409668,262.5,8.63479995727539,N/A,9433,11.682900428771973,1.331279993057251,0.3038100004196167
2018,3,21,12,0,0.822301983833313,10.223699569702148,257.5,8.996999740600586,N/A,9833,11.682900428771973,1.3469599485397339,0.2897700071334839
2018,3,21,15,0,0.8052269816398621,10.327500343322754,247.5,9.21500015258789,N/A,10029,11.682900428771973,1.3521699905395508,0.28022998571395874
2018,3,21,18,0,0.7885969877243042,10.406000137329102,247.5,9.394499778747559,N/A,10535,11.682900428771973,1.3805500268936157,0.2674899995326996
2018,3,21,21,0,0.7668250203132629,10.356100082397461,242.5,9.434800148010254,N/A,11136,11.682900428771973,1.42507004737854,0.25905999541282654
2018,3,22,0,0,0.7420420050621033,9.840299606323242,252.5,8.404800415039062,N/A,12815,11.682900428771973,1.5751800537109375,0.29253000020980835
2018,3,22,3,0,0.732088029384613,9.864899635314941,257.5,8.88640022277832,N/A,14830,10.620800018310547,1.6947300434112549,0.2709200084209442
2018,3,22,6,0,0.7218739986419678,10.051400184631348,262.5,9.234299659729004,N/A,16540,10.620800018310547,1.77114999294281,0.2546600103378296
2018,3,22,9,0,0.705551028251648,9.215399742126465,267.5,7.093400001525879,N/A,20537,10.620800018310547,2.0627400875091553,0.3662000000476837
2018,3,22,12,0,0.6666730046272278,8.155699729919434,252.5,6.547599792480469,N/A,27417,10.620800018310547,2.5513999462127686,0.4018799960613251
2018,3,22,15,0,0.6554239988327026,8.8774995803833,257.5,7.415599822998047,N/A,25956,10.620800018310547,2.370680093765259,0.3559199869632721
2018,3,22,18,0,0.6996660232543945,9.218500137329102,267.5,7.688899993896484,N/A,26862,11.682900428771973,2.355799913406372,0.3572799861431122
2018,3,22,21,0,0.7437300086021423,9.249500274658203,282.5,7.313499927520752,N/A,29113,12.851200103759766,2.4402101039886475,0.3846299946308136
2018,3,23,0,0,0.7629439830780029,9.230299949645996,282.5,7.292399883270264,N/A,30916,11.682900428771973,2.516479969024658,0.3860200047492981
2018,3,23,3,0,0.7462419867515564,8.919400215148926,282.5,7.014200210571289,N/A,31611,11.682900428771973,2.5939300060272217,0.4001399874687195
2018,3,23,6,0,0.7206509709358215,8.77810001373291,277.5,7.041900157928467,N/A,30841,11.682900428771973,2.589210033416748,0.39201998710632324
2018,3,23,9,0,0.6905549764633179,8.468500137329102,267.5,6.764599800109863,N/A,33157,11.682900428771973,2.7422099113464355,0.39941999316215515
2018,3,23,12,0,0.6805570125579834,8.612099647521973,257.5,7.250100135803223,N/A,32181,11.682900428771973,2.68641996383667,0.357369989156723
2018,3,23,15,0,0.6788949966430664,8.600500106811523,257.5,7.243000030517578,N/A,29681,11.682900428771973,2.5843698978424072,0.3523400127887726
2018,3,23,18,0,0.6663780212402344,8.184100151062012,247.5,6.768199920654297,N/A,27736,11.682900428771973,2.56961989402771,0.371289998292923
2018,3,23,21,0,0.6528909802436829,7.800600051879883,242.5,6.434000015258789,N/A,28318,10.620800018310547,2.669189929962158,0.3791100084781647
2018,3,24,0,0,0.6705080270767212,7.712500095367432,237.5,6.445099830627441,N/A,27905,10.620800018310547,2.6710000038146973,0.36656999588012695
2018,3,24,3,0,0.7128509879112244,8.394800186157227,242.5,7.411799907684326,N/A,24835,9.655200004577637,2.4113900661468506,0.3090200126171112
2018,3,24,6,0,0.7394599914550781,8.862899780273438,252.5,8.042699813842773,N/A,22886,9.655200004577637,2.2479100227355957,0.2771399915218353
2018,3,24,9,0,0.7675589919090271,9.126099586486816,262.5,8.367400169372559,N/A,21331,9.655200004577637,2.134500026702881,0.2648400068283081
2018,3,24,12,0,0.7986590266227722,9.359299659729004,267.5,8.597599983215332,N/A,20536,9.655200004577637,2.061800003051758,0.26510998606681824
2018,3,24,15,0,0.8172079920768738,9.472399711608887,272.5,8.708900451660156,N/A,19536,11.682900428771973,1.9960500001907349,0.2646600008010864
2018,3,24,18,0,0.8161739706993103,9.377900123596191,267.5,8.627799987792969,N/A,17145,10.620800018310547,1.8820099830627441,0.2650099992752075
2018,3,24,21,0,0.8256589770317078,9.360300064086914,267.5,8.628800392150879,N/A,16216,9.655200004577637,1.8335200548171997,0.26238998770713806
2018,3,25,0,0,0.8332800269126892,9.24429988861084,262.5,8.552399635314941,N/A,15972,9.655200004577637,1.8352400064468384,0.2568100094795227
2018,3,25,3,0,0.8325150012969971,9.072199821472168,257.5,8.416299819946289,N/A,14966,9.655200004577637,1.7974200248718262,0.2555199861526489
2018,3,25,6,0,0.8252450227737427,8.864399909973145,247.5,8.265700340270996,N/A,13750,8.77750015258789,1.7477999925613403,0.252810001373291
2018,3,25,9,0,0.8000550270080566,8.696100234985352,242.5,8.128199577331543,N/A,13363,8.77750015258789,1.7426199913024902,0.2539199888706207
2018,3,25,12,0,0.7803620100021362,8.59160041809082,242.5,8.003800392150879,N/A,12217,8.77750015258789,1.6768900156021118,0.2639099955558777
2018,3,25,15,0,0.7716789841651917,8.502400398254395,237.5,7.892300128936768,N/A,10700,8.77750015258789,1.5776300430297852,0.2743400037288666
2018,3,25,18,0,0.7704219818115234,8.44629955291748,237.5,7.802299976348877,N/A,9294,8.77750015258789,1.4745500087738037,0.28793999552726746
2018,3,25,21,0,0.7760180234909058,7.50629997253418,242.5,5.78410005569458,N/A,8744,8.77750015258789,1.5173900127410889,0.4217100143432617
2018,3,26,0,0,0.7830520272254944,6.643599987030029,237.5,5.2683000564575195,N/A,9734,7.979499816894531,1.7056200504302979,0.45961999893188477
2018,3,26,3,0,0.7787119746208191,6.64109992980957,237.5,5.387199878692627,N/A,9004,7.979499816894531,1.6403000354766846,0.44797998666763306
2018,3,26,6,0,0.7749680280685425,6.095200061798096,232.5,4.946499824523926,N/A,9840,7.979499816894531,1.7936099767684937,0.46250998973846436
2018,3,26,9,0,0.8295300006866455,6.333499908447266,227.5,5.553999900817871,N/A,14597,6.594600200653076,2.1507198810577393,0.36395999789237976
2018,3,26,12,0,0.7905799746513367,6.683199882507324,242.5,5.938899993896484,N/A,12329,7.2540998458862305,1.9206899404525757,0.35624998807907104
2018,3,26,15,0,0.7777569890022278,7.024099826812744,247.5,6.195199966430664,N/A,10143,7.2540998458862305,1.6933399438858032,0.37099000811576843
2018,3,26,18,0,0.7993959784507751,6.2820000648498535,237.5,5.297599792480469,N/A,13155,6.594600200653076,2.0443599224090576,0.4134899973869324
2018,3,26,21,0,0.8210440278053284,6.835000038146973,247.5,6.036200046539307,N/A,16353,7.2540998458862305,2.1864099502563477,0.35288000106811523
2018,3,27,0,0,0.822547972202301,7.410900115966797,262.5,6.519999980926514,N/A,18038,7.979499816894531,2.200309991836548,0.3427000045776367
2018,3,27,3,0,0.8454530239105225,7.763000011444092,267.5,6.755499839782715,N/A,22164,8.77750015258789,2.378999948501587,0.33733999729156494
2018,3,27,6,0,0.8638020157814026,8.33549976348877,277.5,7.297999858856201,N/A,25586,9.655200004577637,2.4586400985717773,0.31527000665664673
2018,3,27,9,0,0.838271975517273,7.971700191497803,272.5,6.628499984741211,N/A,29649,9.655200004577637,2.705970048904419,0.3609600067138672
2018,3,27,12,0,0.8154199719429016,7.89300012588501,267.5,6.60699987411499,N/A,35919,9.655200004577637,2.9932498931884766,0.36125001311302185
2018,3,27,15,0,0.8834559917449951,8.965100288391113,272.5,7.9421000480651855,N/A,40874,10.620800018310547,2.9770500659942627,0.2981700003147125
2018,3,27,18,0,0.9153630137443542,9.320300102233887,277.5,8.38640022277832,N/A,44464,10.620800018310547,3.034409999847412,0.2841300070285797
2018,3,27,21,0,0.9266330003738403,9.489700317382812,277.5,8.455900192260742,N/A,46457,11.682900428771973,3.0655300617218018,0.2889400124549866
2018,3,28,0,0,0.928587019443512,9.447400093078613,277.5,8.279999732971191,N/A,42396,11.682900428771973,2.931999921798706,0.3040800094604492
2018,3,28,3,0,0.9376450181007385,9.470100402832031,277.5,8.194299697875977,N/A,44558,11.682900428771973,2.99783992767334,0.31380000710487366
2018,3,28,6,0,0.9365820288658142,9.527400016784668,277.5,8.340800285339355,N/A,37236,11.682900428771973,2.732419967651367,0.30621999502182007
2018,3,28,9,0,0.9373589754104614,9.356599807739258,272.5,7.956399917602539,N/A,33800,11.682900428771973,2.6278700828552246,0.3264099955558777
2018,3,28,12,0,0.9372270107269287,9.135000228881836,272.5,7.727099895477295,N/A,30970,11.682900428771973,2.550719976425171,0.3352400064468384
2018,3,28,15,0,0.9367169737815857,8.903499603271484,272.5,7.452600002288818,N/A,28247,11.682900428771973,2.4720499515533447,0.34676000475883484
2018,3,28,18,0,0.9364749789237976,8.729499816894531,272.5,7.2368998527526855,N/A,26316,11.682900428771973,2.4135398864746094,0.3546299934387207
2018,3,28,21,0,0.940110981464386,8.919300079345703,272.5,7.56689977645874,N/A,24386,10.620800018310547,2.2994000911712646,0.3326300084590912
2018,3,29,0,0,0.9385709762573242,8.860199928283691,272.5,7.341899871826172,N/A,21404,10.620800018310547,2.161870002746582,0.34512001276016235
2018,3,29,3,0,0.9333599805831909,9.040599822998047,272.5,7.750500202178955,N/A,17807,10.620800018310547,1.9518699645996094,0.3233399987220764
2018,3,29,6,0,0.9323239922523499,9.368499755859375,272.5,8.317700386047363,N/A,16398,10.620800018310547,1.838610053062439,0.2902100086212158
2018,3,29,9,0,0.9277169704437256,9.4350004196167,272.5,8.52239990234375,N/A,14318,10.620800018310547,1.7132699489593506,0.2738499939441681
2018,3,29,12,0,0.9248070120811462,9.465299606323242,272.5,8.644800186157227,N/A,13240,10.620800018310547,1.6461299657821655,0.2625199854373932
2018,3,29,15,0,0.9229559898376465,9.458999633789062,272.5,8.689200401306152,N/A,12374,10.620800018310547,1.5932799577713013,0.25666001439094543
2018,3,29,18,0,0.9205430150032043,9.413599967956543,272.5,8.639900207519531,N/A,11401,10.620800018310547,1.534119963645935,0.2587200105190277
2018,3,29,21,0,0.9182940125465393,9.225600242614746,272.5,8.086299896240234,N/A,10977,9.655200004577637,1.5218000411987305,0.2849099934101105
2018,3,30,0,0,0.9194539785385132,9.225899696350098,272.5,8.309599876403809,N/A,10500,9.655200004577637,1.4892300367355347,0.27752000093460083
2018,3,30,3,0,0.9201509952545166,8.83899974822998,272.5,7.396100044250488,N/A,9928,9.655200004577637,1.480720043182373,0.32642000913619995
2018,3,30,6,0,0.9199540019035339,8.240699768066406,272.5,6.579400062561035,N/A,9767,9.655200004577637,1.5233800411224365,0.38109999895095825
2018,3,30,9,0,0.9111520051956177,7.0971999168396,272.5,5.5467000007629395,N/A,11602,9.655200004577637,1.797279953956604,0.4447700083255768
2018,3,30,12,0,0.9069849848747253,7.1869001388549805,272.5,5.930099964141846,N/A,13388,9.655200004577637,1.9224200248718262,0.3975200057029724
2018,3,30,15,0,0.9074850082397461,7.567200183868408,277.5,6.3907999992370605,N/A,14810,9.655200004577637,1.969480037689209,0.36441001296043396
2018,3,30,18,0,0.919946014881134,8.444899559020996,282.5,7.498300075531006,N/A,18158,9.655200004577637,2.0576300621032715,0.30434998869895935
2018,3,30,21,0,0.9287059903144836,8.717599868774414,282.5,7.758600234985352,N/A,19336,9.655200004577637,2.086250066757202,0.29455000162124634
2018,3,31,0,0,0.9350200295448303,8.818300247192383,277.5,7.943699836730957,N/A,18871,9.655200004577637,2.04830002784729,0.28637999296188354
2018,3,31,3,0,0.9343730211257935,8.719099998474121,277.5,7.7667999267578125,N/A,16776,9.655200004577637,1.9437899589538574,0.29304999113082886
2018,3,31,6,0,0.9289860129356384,8.432100296020508,277.5,7.499899864196777,N/A,15283,9.655200004577637,1.8898999691009521,0.3057500123977661
2018,3,31,9,0,0.9202499985694885,8.395600318908691,277.5,7.5507001876831055,N/A,13813,9.655200004577637,1.802489995956421,0.2978299856185913
2018,3,31,12,0,0.9094679951667786,8.349599838256836,277.5,7.530700206756592,N/A,11486,8.77750015258789,1.6488499641418457,0.2989700138568878
2018,3,31,15,0,0.8964679837226868,8.257599830627441,277.5,7.416399955749512,N/A,9123,8.77750015258789,1.4769599437713623,0.313510000705719
2018,3,31,18,0,0.8783329725265503,8.162199974060059,277.5,7.241799831390381,N/A,7076,8.77750015258789,1.306249976158142,0.34231001138687134
2018,3,31,21,0,0.8664519786834717,8.166899681091309,272.5,7.142600059509277,N/A,5859,7.979499816894531,1.1854499578475952,0.3716700077056885
2018,4,1,0,0,0.8601379990577698,8.17389965057373,272.5,6.865200042724609,N/A,5142,7.979499816894531,1.1074999570846558,0.4008899927139282
2018,4,1,3,0,0.8518660068511963,7.951900005340576,267.5,6.247200012207031,N/A,4494,7.979499816894531,1.0482300519943237,0.4438000023365021
2018,4,1,6,0,0.8459020256996155,8.012999534606934,267.5,6.211999893188477,N/A,4006,7.979499816894531,0.9834100008010864,0.45844998955726624
2018,4,1,9,0,0.8444820046424866,7.7220001220703125,262.5,5.822199821472168,N/A,3859,7.2540998458862305,0.981249988079071,0.5057100057601929
2018,4,1,12,0,0.8549129962921143,7.233500003814697,262.5,5.393700122833252,N/A,4177,17.104999542236328,1.0558700561523438,0.541450023651123
2018,4,1,15,0,0.8558359742164612,6.089799880981445,262.5,4.575500011444092,N/A,5240,4.954599857330322,1.2960699796676636,0.5959500074386597
2018,4,1,18,0,0.8449940085411072,5.955599784851074,267.5,4.658199787139893,N/A,6328,5.450099945068359,1.4441900253295898,0.5649600028991699
2018,4,1,21,0,0.8883479833602905,6.390100002288818,282.5,5.503799915313721,N/A,15039,6.594600200653076,2.1706600189208984,0.3940100073814392
2018,4,2,0,0,0.8943870067596436,6.595699787139893,287.5,5.7434000968933105,N/A,18547,7.2540998458862305,2.373689889907837,0.37314000725746155
2018,4,2,3,0,0.8930780291557312,6.672900199890137,287.5,5.886899948120117,N/A,22146,7.2540998458862305,2.5820701122283936,0.3470099866390228
2018,4,2,6,0,0.896789014339447,7.000500202178955,282.5,6.252200126647949,N/A,25379,7.2540998458862305,2.698460102081299,0.32297998666763306
2018,4,2,9,0,0.9161419868469238,7.508600234985352,282.5,6.763299942016602,N/A,36388,7.979499816894531,3.118649959564209,0.2911899983882904
2018,4,2,12,0,0.9195349812507629,7.7144999504089355,282.5,6.905799865722656,N/A,34134,8.77750015258789,2.9753100872039795,0.2932400107383728
2018,4,2,15,0,0.9241260290145874,7.819300174713135,282.5,6.939199924468994,N/A,26479,8.77750015258789,2.598249912261963,0.3038800060749054
2018,4,2,18,0,0.9245030283927917,7.826499938964844,282.5,6.966000080108643,N/A,20206,8.77750015258789,2.268399953842163,0.30298998951911926
2018,4,2,21,0,0.9121279716491699,7.6305999755859375,282.5,6.567200183868408,N/A,15225,8.77750015258789,1.9916599988937378,0.33917999267578125
2018,4,3,0,0,0.9008280038833618,7.464399814605713,282.5,6.249000072479248,N/A,13079,8.77750015258789,1.864300012588501,0.36948999762535095
2018,4,3,3,0,0.8887730240821838,7.436200141906738,282.5,6.234899997711182,N/A,11480,8.77750015258789,1.7479599714279175,0.3812200129032135
2018,4,3,6,0,0.8737429976463318,7.472499847412109,277.5,6.211699962615967,N/A,10585,8.77750015258789,1.6715999841690063,0.3978999853134155
2018,4,3,9,0,0.8534250259399414,7.232100009918213,277.5,5.889100074768066,N/A,9872,7.979499816894531,1.6398099660873413,0.43167999386787415
2018,4,3,12,0,0.8417729735374451,7.452000141143799,272.5,6.201499938964844,N/A,8372,7.979499816894531,1.4839400053024292,0.4293699860572815
2018,4,3,15,0,0.8346070051193237,7.702199935913086,272.5,6.4928998947143555,N/A,6905,7.979499816894531,1.3224400281906128,0.42493999004364014
2018,4,3,18,0,0.8264200091362,7.775199890136719,272.5,6.516900062561035,N/A,5837,7.2540998458862305,1.2086600065231323,0.42669999599456787
2018,4,3,21,0,0.8134340047836304,7.48859977722168,272.5,5.963099956512451,N/A,5204,7.2540998458862305,1.1637300252914429,0.4548499882221222
2018,4,4,0,0,0.8105090260505676,7.539899826049805,272.5,6.122300148010254,N/A,4927,7.2540998458862305,1.128290057182312,0.44929999113082886
2018,4,4,3,0,0.8048880100250244,7.746399879455566,272.5,6.434599876403809,N/A,4764,7.2540998458862305,1.0941499471664429,0.4342299997806549
2018,4,4,6,0,0.7961379885673523,7.98199987411499,267.5,6.668399810791016,N/A,4555,7.2540998458862305,1.0520999431610107,0.42983001470565796
2018,4,4,9,0,0.7909200191497803,7.920199871063232,267.5,6.276000022888184,N/A,4533,7.979499816894531,1.0529600381851196,0.4495300054550171
2018,4,4,12,0,0.818448007106781,7.491399765014648,257.5,6.033699989318848,N/A,5935,7.979499816894531,1.2444700002670288,0.4441100060939789
2018,4,4,15,0,0.8660719990730286,7.733699798583984,242.5,6.494999885559082,N/A,9269,9.655200004577637,1.5377299785614014,0.37727001309394836
2018,4,4,18,0,0.8731039762496948,7.7382001876831055,232.5,6.427299976348877,N/A,10470,8.77750015258789,1.6353800296783447,0.3778199851512909
2018,4,4,21,0,0.8750500082969666,7.404399871826172,217.5,5.970699787139893,N/A,12242,8.77750015258789,1.8104900121688843,0.40575000643730164
2018,4,5,0,0,0.880469024181366,7.422699928283691,212.5,6.04580020904541,N/A,12990,7.979499816894531,1.8616000413894653,0.40828999876976013
2018,4,5,3,0,0.8947330117225647,7.5584001541137695,212.5,6.305099964141846,N/A,12050,7.979499816894531,1.7741199731826782,0.40389999747276306
2018,4,5,6,0,0.9032800197601318,7.529200077056885,212.5,6.42549991607666,N/A,12256,7.979499816894531,1.795009970664978,0.38517001271247864
2018,4,5,9,0,0.9106339812278748,7.6132001876831055,217.5,6.594600200653076,N/A,12364,7.979499816894531,1.7947700023651123,0.3618899881839752
2018,4,5,12,0,0.9175649881362915,7.563399791717529,217.5,6.405300140380859,N/A,13454,7.979499816894531,1.8796499967575073,0.36746999621391296
2018,4,5,15,0,0.9204170107841492,7.594099998474121,217.5,6.4019999504089355,N/A,16777,8.77750015258789,2.0952000617980957,0.36625999212265015
2018,4,5,18,0,0.9261450171470642,8.020999908447266,217.5,6.839799880981445,N/A,21913,8.77750015258789,2.325429916381836,0.34426000714302063
2018,4,5,21,0,0.9302449822425842,8.490099906921387,217.5,7.309700012207031,N/A,29185,9.655200004577637,2.6001501083374023,0.32468000054359436
2018,4,6,0,0,0.9363420009613037,8.967700004577637,217.5,8.052200317382812,N/A,33506,9.655200004577637,2.7039599418640137,0.2865299880504608
2018,4,6,3,0,0.9371470212936401,9.071000099182129,217.5,8.069899559020996,N/A,33778,9.655200004577637,2.6966800689697266,0.28508999943733215
2018,4,6,6,0,0.9314540028572083,8.985400199890137,217.5,7.938000202178955,N/A,32356,9.655200004577637,2.6515800952911377,0.29357999563217163
2018,4,6,9,0,0.9220319986343384,9.078700065612793,217.5,8.058699607849121,N/A,29638,9.655200004577637,2.521620035171509,0.2903299927711487
2018,4,6,12,0,0.9149720072746277,9.315099716186523,217.5,8.440099716186523,N/A,28406,9.655200004577637,2.4339699745178223,0.27020999789237976
2018,4,6,15,0,0.909142017364502,9.44950008392334,222.5,8.675100326538086,N/A,27546,9.655200004577637,2.37785005569458,0.2581700086593628
2018,4,6,18,0,0.9053199887275696,9.57800006866455,222.5,8.848799705505371,N/A,27486,9.655200004577637,2.35575008392334,0.2539600133895874
2018,4,6,21,0,0.9045379757881165,9.711899757385254,227.5,9.000900268554688,N/A,28174,10.620800018310547,2.3645200729370117,0.25224998593330383
2018,4,7,0,0,0.9056900143623352,9.816399574279785,227.5,9.085599899291992,N/A,27718,10.620800018310547,2.3288700580596924,0.2568899989128113
2018,4,7,3,0,0.9112889766693115,9.973899841308594,232.5,9.213500022888184,N/A,28212,10.620800018310547,2.325439929962158,0.2593800127506256
2018,4,7,6,0,0.9087569713592529,9.840100288391113,237.5,8.333800315856934,N/A,28838,10.620800018310547,2.362989902496338,0.29886001348495483
2018,4,7,9,0,0.8159779906272888,8.309499740600586,237.5,6.049099922180176,N/A,29136,10.620800018310547,2.5933799743652344,0.4505000114440918
2018,4,7,12,0,0.8227890133857727,8.288399696350098,232.5,6.164100170135498,N/A,21944,11.682900428771973,2.2555999755859375,0.4408400058746338
2018,4,7,15,0,0.8924340009689331,7.800099849700928,212.5,6.5630998611450195,N/A,43208,8.77750015258789,3.3094000816345215,0.35071998834609985
2018,4,7,18,0,0.8968319892883301,8.510000228881836,212.5,7.367599964141846,N/A,63051,9.655200004577637,3.8092799186706543,0.31498000025749207
2018,4,7,21,0,0.9136220216751099,9.702699661254883,212.5,8.486100196838379,N/A,119853,11.682900428771973,4.847780227661133,0.30219000577926636
2018,4,8,0,0,0.9265900254249573,11.374099731445312,222.5,10.084799766540527,N/A,189465,12.851200103759766,5.522709846496582,0.28902000188827515
2018,4,8,3,0,0.9385390281677246,12.190199851989746,222.5,10.804100036621094,N/A,232392,14.136300086975098,5.858910083770752,0.28621000051498413
2018,4,8,6,0,0.9433799982070923,12.376099586486816,227.5,11.10260009765625,N/A,214061,14.136300086975098,5.57358980178833,0.27371999621391296
2018,4,8,9,0,0.9440000057220459,12.076700210571289,227.5,10.73840045928955,N/A,176969,14.136300086975098,5.140830039978027,0.2801699936389923
2018,4,8,12,0,0.948731005191803,12.00469970703125,227.5,10.949700355529785,N/A,160175,14.136300086975098,4.915890216827393,0.25984999537467957
2018,4,8,15,0,0.9538310170173645,12.152799606323242,232.5,11.231900215148926,N/A,155928,14.136300086975098,4.817180156707764,0.24356000125408173
2018,4,8,18,0,0.956134021282196,12.17039966583252,232.5,11.327799797058105,N/A,135758,14.136300086975098,4.490970134735107,0.2317499965429306
2018,4,8,21,0,0.952489972114563,11.944299697875977,237.5,11.167099952697754,N/A,109889,12.851200103759766,4.089009761810303,0.22382000088691711
2018,4,9,0,0,0.9476690292358398,11.590700149536133,237.5,10.850899696350098,N/A,87029,12.851200103759766,3.710089921951294,0.22130000591278076
2018,4,9,3,0,0.9375600218772888,10.907699584960938,237.5,9.924699783325195,N/A,65228,12.851200103759766,3.3339900970458984,0.24772000312805176
2018,4,9,6,0,0.9244710206985474,10.101200103759766,237.5,8.841899871826172,N/A,52594,11.682900428771973,3.1338300704956055,0.28839001059532166
2018,4,9,9,0,0.910539984703064,9.567399978637695,237.5,8.062399864196777,N/A,40726,11.682900428771973,2.84837007522583,0.3163299858570099
2018,4,9,12,0,0.8983870148658752,9.322699546813965,237.5,7.921500205993652,N/A,32766,10.620800018310547,2.5978400707244873,0.31716999411582947
2018,4,9,15,0,0.8963389992713928,9.312199592590332,242.5,8.170700073242188,N/A,26923,10.620800018310547,2.3627700805664062,0.29585000872612
2018,4,9,18,0,0.8953049778938293,9.212900161743164,242.5,8.250900268554688,N/A,21898,10.620800018310547,2.147510051727295,0.2879199981689453
2018,4,9,21,0,0.8930540084838867,9.063400268554688,237.5,8.151399612426758,N/A,17621,9.655200004577637,1.9459999799728394,0.2902899980545044
2018,4,10,0,0,0.892117977142334,8.930000305175781,237.5,8.027400016784668,N/A,13932,9.655200004577637,1.7454700469970703,0.2977299988269806
2018,4,10,3,0,0.8876749873161316,8.628999710083008,237.5,7.200699806213379,N/A,11676,9.655200004577637,1.626829981803894,0.3433400094509125
2018,4,10,6,0,0.8879259824752808,8.458900451660156,237.5,6.769100189208984,N/A,11427,9.655200004577637,1.6251800060272217,0.37716999650001526
2018,4,10,9,0,0.8690569996833801,8.394100189208984,242.5,6.212100028991699,N/A,13827,9.655200004577637,1.785390019416809,0.4349699914455414
2018,4,10,12,0,0.9132310152053833,9.207200050354004,242.5,7.263199806213379,N/A,21265,11.682900428771973,2.100519895553589,0.37902000546455383
2018,4,10,15,0,0.8693810105323792,7.987599849700928,232.5,6.324399948120117,N/A,38881,11.682900428771973,3.0759599208831787,0.4200800061225891
2018,4,10,18,0,0.8835129737854004,8.646499633789062,227.5,7.51170015335083,N/A,56554,9.655200004577637,3.56892991065979,0.3345699906349182
2018,4,10,21,0,0.9033470153808594,9.781700134277344,232.5,8.617400169372559,N/A,67552,11.682900428771973,3.626739978790283,0.30000999569892883
2018,4,11,0,0,0.8854650259017944,9.207500457763672,232.5,7.753600120544434,N/A,72430,11.682900428771973,3.8801300525665283,0.34766000509262085
2018,4,11,3,0,0.8776350021362305,9.607199668884277,232.5,8.366299629211426,N/A,71141,11.682900428771973,3.7575900554656982,0.319240003824234
2018,4,11,6,0,0.8644800186157227,9.699299812316895,232.5,8.355500221252441,N/A,69904,11.682900428771973,3.6986100673675537,0.3287299871444702
2018,4,11,9,0,0.8531630039215088,9.6875,237.5,8.282400131225586,N/A,64304,11.682900428771973,3.5469000339508057,0.3351399898529053
2018,4,11,12,0,0.8370149731636047,9.086199760437012,232.5,7.496200084686279,N/A,63287,10.620800018310547,3.6467199325561523,0.3701600134372711
2018,4,11,15,0,0.8361520171165466,9.170599937438965,227.5,7.724400043487549,N/A,73048,10.620800018310547,3.9062700271606445,0.34525999426841736
2018,4,11,18,0,0.8516680002212524,9.646900177001953,227.5,8.502599716186523,N/A,78583,11.682900428771973,3.942500114440918,0.30125999450683594
2018,4,11,21,0,0.839119017124176,10.0516996383667,232.5,9.044899940490723,N/A,65990,11.682900428771973,3.528510093688965,0.2770099937915802
2018,4,12,0,0,0.8441749811172485,10.315400123596191,237.5,9.499899864196777,N/A,53886,10.620800018310547,3.1441400051116943,0.2513299882411957
2018,4,12,3,0,0.851947009563446,10.348299980163574,242.5,9.588600158691406,N/A,45966,11.682900428771973,2.900160074234009,0.24533000588417053
2018,4,12,6,0,0.860634982585907,10.468799591064453,242.5,9.70580005645752,N/A,43581,11.682900428771973,2.803459882736206,0.24646000564098358
2018,4,12,9,0,0.8703280091285706,10.741299629211426,247.5,9.942999839782715,N/A,46454,11.682900428771973,2.8472700119018555,0.24883000552654266
2018,4,12,12,0,0.8740159869194031,10.872599601745605,252.5,10.013699531555176,N/A,47617,12.851200103759766,2.8599300384521484,0.25731998682022095
2018,4,12,15,0,0.8819720149040222,11.385299682617188,257.5,10.442000389099121,N/A,55695,12.851200103759766,3.004849910736084,0.267549991607666
2018,4,12,18,0,0.9004979729652405,12.094400405883789,262.5,11.043499946594238,N/A,68891,15.550000190734863,3.217789888381958,0.27344998717308044
2018,4,12,21,0,0.9194219708442688,12.732399940490723,267.5,11.644599914550781,N/A,87491,15.550000190734863,3.511859893798828,0.2651199996471405
2018,4,13,0,0,0.9187780022621155,12.774800300598145,267.5,11.680100440979004,N/A,91770,14.136300086975098,3.5884599685668945,0.2649799883365631
2018,4,13,3,0,0.9197400212287903,12.87600040435791,267.5,11.705599784851074,N/A,94096,15.550000190734863,3.6148500442504883,0.2691600024700165
2018,4,13,6,0,0.9159799814224243,12.254500389099121,272.5,9.713600158691406,N/A,105809,15.550000190734863,3.928809881210327,0.3387100100517273
2018,4,13,9,0,0.8528379797935486,10.275899887084961,262.5,7.8780999183654785,N/A,96664,15.550000190734863,4.154729843139648,0.4300000071525574
2018,4,13,12,0,0.8320879936218262,10.306599617004395,257.5,8.371999740600586,N/A,90765,15.550000190734863,4.0323100090026855,0.39539000391960144
2018,4,13,15,0,0.8344879746437073,10.674599647521973,262.5,8.86970043182373,N/A,81145,14.136300086975098,3.7414801120758057,0.3587999939918518
2018,4,13,18,0,0.8017230033874512,9.743499755859375,257.5,7.805500030517578,N/A,77022,14.136300086975098,3.840590000152588,0.39820000529289246
2018,4,13,21,0,0.7824820280075073,9.247900009155273,247.5,7.747000217437744,N/A,78178,14.136300086975098,4.00754976272583,0.37259000539779663
2018,4,14,0,0,0.7997999787330627,9.11989974975586,237.5,8.039199829101562,N/A,105870,8.77750015258789,4.731929779052734,0.31935998797416687
2018,4,14,3,0,0.812300980091095,9.802300453186035,247.5,8.838899612426758,N/A,102472,10.620800018310547,4.466609954833984,0.2852399945259094
2018,4,14,6,0,0.8249279856681824,10.361599922180176,252.5,9.518799781799316,N/A,86900,11.682900428771973,3.9821999073028564,0.2622799873352051
2018,4,14,9,0,0.8370019793510437,10.57800006866455,257.5,9.77810001373291,N/A,75124,11.682900428771973,3.66117000579834,0.2630699872970581
2018,4,14,12,0,0.8454310297966003,10.60569953918457,257.5,9.750900268554688,N/A,63872,11.682900428771973,3.3747899532318115,0.2845900058746338
2018,4,14,15,0,0.8592829704284668,10.854700088500977,262.5,9.880000114440918,N/A,62218,11.682900428771973,3.2868900299072266,0.3098500072956085
2018,4,14,18,0,0.8670539855957031,10.890999794006348,262.5,9.821599960327148,N/A,58461,11.682900428771973,3.17930006980896,0.3230400085449219
2018,4,14,21,0,0.8825709819793701,11.116100311279297,262.5,9.69729995727539,N/A,55598,11.682900428771973,3.05745005607605,0.3520599901676178
2018,4,15,0,0,0.9032970070838928,11.54319953918457,267.5,10.07699966430664,N/A,58721,18.81559944152832,3.069550037384033,0.35155001282691956
2018,4,15,3,0,0.9127259850502014,11.704400062561035,267.5,10.31089973449707,N/A,57246,11.682900428771973,3.00039005279541,0.33910998702049255
2018,4,15,6,0,0.9222840070724487,11.974300384521484,272.5,10.547900199890137,N/A,58407,17.104999542236328,2.983109951019287,0.32945001125335693
2018,4,15,9,0,0.9224140048027039,11.852399826049805,267.5,10.434599876403809,N/A,50978,17.104999542236328,2.799880027770996,0.3258900046348572
2018,4,15,12,0,0.9307339787483215,11.99429988861084,267.5,10.611599922180176,N/A,49953,15.550000190734863,2.7477800846099854,0.3105100095272064
2018,4,15,15,0,0.9282609820365906,11.865799903869629,272.5,10.589799880981445,N/A,48452,15.550000190734863,2.722320079803467,0.2976300120353699
2018,4,15,18,0,0.9273309707641602,11.850299835205078,272.5,10.63230037689209,N/A,48427,15.550000190734863,2.721679925918579,0.28718000650405884
2018,4,15,21,0,0.9291329979896545,11.652700424194336,272.5,10.502300262451172,N/A,44094,15.550000190734863,2.6245100498199463,0.28178998827934265
2018,4,16,0,0,0.9263229966163635,11.45419979095459,272.5,10.346099853515625,N/A,40574,14.136300086975098,2.5447800159454346,0.2780100107192993
2018,4,16,3,0,0.921271026134491,10.364700317382812,272.5,8.194000244140625,N/A,38359,14.136300086975098,2.6118600368499756,0.36781999468803406
2018,4,16,6,0,0.9254189729690552,9.860199928283691,272.5,8.226799964904785,N/A,39131,14.136300086975098,2.7210099697113037,0.3629400134086609
2018,4,16,9,0,0.9296830296516418,9.994600296020508,272.5,8.626999855041504,N/A,32175,14.136300086975098,2.4534199237823486,0.33629000186920166
2018,4,16,12,0,0.9417880177497864,10.135499954223633,272.5,8.931300163269043,N/A,30505,12.851200103759766,2.374690055847168,0.3101699948310852
2018,4,16,15,0,0.9441239833831787,9.838899612426758,272.5,8.808699607849121,N/A,27952,12.851200103759766,2.320280075073242,0.29655998945236206
2018,4,16,18,0,0.9428629875183105,9.619999885559082,272.5,8.678400039672852,N/A,24520,12.851200103759766,2.2067699432373047,0.28835999965667725
2018,4,16,21,0,0.948049008846283,9.564200401306152,277.5,8.690899848937988,N/A,26580,11.682900428771973,2.310029983520508,0.2745499908924103
2018,4,17,0,0,0.9480199813842773,9.467700004577637,277.5,8.673199653625488,N/A,29845,11.682900428771973,2.4686200618743896,0.25846999883651733
2018,4,17,3,0,0.9399189949035645,8.710700035095215,277.5,7.442299842834473,N/A,38286,10.620800018310547,2.926229953765869,0.31984999775886536
2018,4,17,6,0,0.9440039992332458,9.030900001525879,282.5,8.061699867248535,N/A,66668,10.620800018310547,3.7923600673675537,0.2788600027561188
2018,4,17,9,0,0.9411460161209106,9.042200088500977,282.5,8.206100463867188,N/A,76688,10.620800018310547,4.072090148925781,0.2610599994659424
2018,4,17,12,0,0.9344350099563599,8.707599639892578,282.5,7.877399921417236,N/A,52851,9.655200004577637,3.457580089569092,0.26677000522613525
2018,4,17,15,0,0.9290019869804382,8.423399925231934,282.5,7.50570011138916,N/A,31705,9.655200004577637,2.7274999618530273,0.28494998812675476
2018,4,17,18,0,0.9277629852294922,8.344300270080566,282.5,7.427199840545654,N/A,21234,9.655200004577637,2.242840051651001,0.29333001375198364
2018,4,17,21,0,0.9103649854660034,7.76039981842041,277.5,6.534299850463867,N/A,17756,8.77750015258789,2.128690004348755,0.35374000668525696
2018,4,18,0,0,0.9063100218772888,7.881499767303467,277.5,6.84630012512207,N/A,14813,8.77750015258789,1.926800012588501,0.34595999121665955
2018,4,18,3,0,0.9183019995689392,8.283599853515625,277.5,7.210299968719482,N/A,12502,8.77750015258789,1.7183799743652344,0.3532400131225586
2018,4,18,6,0,0.9252880215644836,8.759699821472168,277.5,7.552999973297119,N/A,11577,9.655200004577637,1.5966500043869019,0.36548998951911926
2018,4,18,9,0,0.9266539812088013,9.164899826049805,282.5,7.724100112915039,N/A,11460,14.136300086975098,1.5424699783325195,0.377020001411438
2018,4,18,12,0,0.9197580218315125,9.364100456237793,277.5,7.626999855041504,N/A,11189,14.136300086975098,1.499650001525879,0.3952299952507019
2018,4,18,15,0,0.9220870137214661,9.728599548339844,282.5,7.704800128936768,N/A,13046,14.136300086975098,1.580489993095398,0.3913800120353699
2018,4,18,18,0,0.9166550040245056,9.874099731445312,277.5,8.086000442504883,N/A,13154,14.136300086975098,1.5723299980163574,0.3816100060939789
2018,4,18,21,0,0.9174590110778809,9.946000099182129,277.5,8.302000045776367,N/A,14100,12.851200103759766,1.623329997062683,0.3638400137424469
2018,4,19,0,0,0.9155600070953369,9.899900436401367,277.5,8.479900360107422,N/A,15221,12.851200103759766,1.6961699724197388,0.3411099910736084
2018,4,19,3,0,0.9128829836845398,9.856300354003906,272.5,8.468500137329102,N/A,17280,12.851200103759766,1.8175599575042725,0.3203299939632416
2018,4,19,6,0,0.9084309935569763,9.572099685668945,272.5,7.961599826812744,N/A,19497,12.851200103759766,1.9648499488830566,0.3352000117301941
2018,4,19,9,0,0.9064760208129883,9.772600173950195,267.5,8.571599960327148,N/A,20789,12.851200103759766,2.0106101036071777,0.29916998744010925
2018,4,19,12,0,0.9041609764099121,9.97439956665039,267.5,9.003199577331543,N/A,20789,11.682900428771973,1.9914300441741943,0.2704299986362457
2018,4,19,15,0,0.9009860157966614,10.051799774169922,267.5,9.228699684143066,N/A,19928,11.682900428771973,1.9439599514007568,0.2542699873447418
2018,4,19,18,0,0.8923760056495667,9.942000389099121,267.5,9.167900085449219,N/A,17040,11.682900428771973,1.8105900287628174,0.25551000237464905
2018,4,19,21,0,0.8976399898529053,9.946100234985352,267.5,8.81760025024414,N/A,17127,11.682900428771973,1.814389944076538,0.2654699981212616
2018,4,20,0,0,0.8977299928665161,9.713000297546387,267.5,8.282299995422363,N/A,15791,11.682900428771973,1.7646700143814087,0.29545000195503235
2018,4,20,3,0,0.8938519954681396,9.818599700927734,267.5,8.84850025177002,N/A,13244,11.682900428771973,1.6076300144195557,0.2838599979877472
2018,4,20,6,0,0.899528980255127,10.112700462341309,267.5,9.169699668884277,N/A,13376,11.682900428771973,1.5862499475479126,0.2982400059700012
2018,4,20,9,0,0.9089450240135193,10.8302001953125,272.5,9.684399604797363,N/A,15332,14.136300086975098,1.623669981956482,0.31610000133514404
2018,4,20,12,0,0.9253950119018555,11.56820011138916,277.5,10.416000366210938,N/A,20694,12.851200103759766,1.809249997138977,0.2886599898338318
2018,4,20,15,0,0.937798023223877,11.951899528503418,277.5,10.848799705505371,N/A,26901,12.851200103759766,2.0233800411224365,0.26906999945640564
2018,4,20,18,0,0.9405710101127625,11.429100036621094,277.5,9.313300132751465,N/A,32467,12.851200103759766,2.278779983520508,0.3137199878692627
2018,4,20,21,0,0.8964849710464478,9.924500465393066,272.5,7.3140997886657715,N/A,38032,12.851200103759766,2.6598799228668213,0.4355500042438507
2018,4,21,0,0,0.8471540212631226,9.364899635314941,272.5,7.116000175476074,N/A,41288,12.851200103759766,2.867449998855591,0.447050005197525
2018,4,21,3,0,0.8366230130195618,9.314399719238281,267.5,7.228099822998047,N/A,38660,15.550000190734863,2.7875499725341797,0.4362199902534485
2018,4,21,6,0,0.811922013759613,8.427900314331055,252.5,6.878399848937988,N/A,48128,7.979499816894531,3.312619924545288,0.4193600118160248
2018,4,21,9,0,0.8740429878234863,8.818699836730957,252.5,7.605400085449219,N/A,62241,9.655200004577637,3.6932499408721924,0.35322999954223633
2018,4,21,12,0,0.8881360292434692,9.124600410461426,262.5,7.998199939727783,N/A,70663,9.655200004577637,3.8626201152801514,0.3307499885559082
2018,4,21,15,0,0.8882629871368408,9.32960033416748,267.5,8.2431001663208,N/A,59048,9.655200004577637,3.486140012741089,0.3213599920272827
2018,4,21,18,0,0.8881059885025024,9.649800300598145,267.5,8.647700309753418,N/A,45817,9.655200004577637,3.011770009994507,0.30542001128196716
2018,4,21,21,0,0.8892949819564819,9.79580020904541,272.5,8.825200080871582,N/A,38055,9.655200004577637,2.7211999893188477,0.2976999878883362
2018,4,22,0,0,0.8979660272598267,10.004300117492676,272.5,9.048500061035156,N/A,36221,9.655200004577637,2.6210100650787354,0.29225999116897583
2018,4,22,3,0,0.8984150290489197,10.001999855041504,272.5,8.92609977722168,N/A,32003,14.136300086975098,2.460860013961792,0.3043299913406372
2018,4,22,6,0,0.8959320187568665,9.724100112915039,272.5,8.110899925231934,N/A,28657,14.136300086975098,2.358560085296631,0.3514400124549866
2018,4,22,9,0,0.8966439962387085,9.823100090026855,272.5,8.304100036621094,N/A,26131,12.851200103759766,2.2369699478149414,0.35131001472473145
2018,4,22,12,0,0.8970860242843628,10.113200187683105,272.5,8.70989990234375,N/A,23822,12.851200103759766,2.099989891052246,0.33869999647140503
2018,4,22,15,0,0.9021239876747131,10.32450008392334,272.5,9.026000022888184,N/A,22796,12.851200103759766,2.030550003051758,0.32343000173568726
2018,4,22,18,0,0.9060750007629395,10.393500328063965,272.5,9.159000396728516,N/A,21696,12.851200103759766,1.9738099575042725,0.31330999732017517
2018,4,22,21,0,0.9082170128822327,10.394499778747559,272.5,9.180399894714355,N/A,19781,14.136300086975098,1.884469985961914,0.3090299963951111
2018,4,23,0,0,0.9180690050125122,10.309900283813477,277.5,8.745400428771973,N/A,20715,12.851200103759766,1.9377299547195435,0.31244999170303345
2018,4,23,3,0,0.9173640012741089,9.820599555969238,277.5,7.976200103759766,N/A,19666,12.851200103759766,1.9408999681472778,0.3438299894332886
2018,4,23,6,0,0.9174270033836365,9.820599555969238,277.5,8.259400367736816,N/A,18439,12.851200103759766,1.8830000162124634,0.3248499929904938
2018,4,23,9,0,0.9124720096588135,9.771200180053711,277.5,8.317700386047363,N/A,16300,12.851200103759766,1.778480052947998,0.3161500096321106
2018,4,23,12,0,0.9055169820785522,9.727800369262695,272.5,8.358799934387207,N/A,14047,11.682900428771973,1.6572400331497192,0.3165000081062317
2018,4,23,15,0,0.9013469815254211,9.813799858093262,272.5,8.152899742126465,N/A,12889,11.682900428771973,1.5785499811172485,0.3423599898815155
2018,4,23,18,0,0.9090399742126465,10.280699729919434,272.5,8.760499954223633,N/A,12994,11.682900428771973,1.5430200099945068,0.33601000905036926
2018,4,23,21,0,0.9360299706459045,11.248800277709961,272.5,9.815799713134766,N/A,17474,11.682900428771973,1.6981500387191772,0.32589998841285706
2018,4,24,0,0,0.9537910223007202,12.089699745178223,272.5,10.718299865722656,N/A,23300,18.81559944152832,1.880929946899414,0.323529988527298
2018,4,24,3,0,0.9614869952201843,12.620100021362305,272.5,11.27649974822998,N/A,29009,18.81559944152832,2.043829917907715,0.3093099892139435
2018,4,24,6,0,0.9652150273323059,13.148900032043457,272.5,11.836099624633789,N/A,37437,17.104999542236328,2.2595698833465576,0.28224998712539673
2018,4,24,9,0,0.9657700061798096,13.366000175476074,272.5,11.916600227355957,N/A,46405,17.104999542236328,2.48471999168396,0.2627899944782257
2018,4,24,12,0,0.9649339914321899,13.277600288391113,272.5,12.129199981689453,N/A,49093,15.550000190734863,2.5630099773406982,0.2439199984073639
2018,4,24,15,0,0.9604150056838989,12.94909954071045,272.5,11.763699531555176,N/A,44569,15.550000190734863,2.4770100116729736,0.2404100000858307
2018,4,24,18,0,0.9605230093002319,12.815600395202637,272.5,11.875900268554688,N/A,44527,15.550000190734863,2.491070032119751,0.22585000097751617
2018,4,24,21,0,0.9587270021438599,12.600700378417969,272.5,11.642499923706055,N/A,40280,15.550000190734863,2.3940200805664062,0.22593000531196594
2018,4,25,0,0,0.9560779929161072,12.271300315856934,272.5,11.208200454711914,N/A,34644,14.136300086975098,2.256969928741455,0.23252999782562256
2018,4,25,3,0,0.9532110095024109,11.5826997756958,272.5,9.750699996948242,N/A,29929,14.136300086975098,2.167520046234131,0.2833299934864044
2018,4,25,6,0,0.9507550001144409,10.848299980163574,272.5,9.127699851989746,N/A,27958,14.136300086975098,2.1747000217437744,0.3221699893474579
2018,4,25,9,0,0.948166012763977,10.79170036315918,272.5,9.317299842834473,N/A,25345,14.136300086975098,2.0803699493408203,0.30671000480651855
2018,4,25,12,0,0.9463840126991272,10.378899574279785,277.5,9.173700332641602,N/A,25232,12.851200103759766,2.129960060119629,0.29945001006126404
2018,4,25,15,0,0.9412149786949158,10.182299613952637,277.5,9.013099670410156,N/A,22637,12.851200103759766,2.0427699089050293,0.2978599965572357
2018,4,25,18,0,0.9373729825019836,10.156499862670898,277.5,9.032400131225586,N/A,20670,12.851200103759766,1.9575300216674805,0.2874099910259247
2018,4,25,21,0,0.9345470070838928,10.094799995422363,277.5,9.095199584960938,N/A,18955,12.851200103759766,1.8848199844360352,0.2741599977016449
2018,4,26,0,0,0.9337850213050842,9.994400024414062,282.5,9.102100372314453,N/A,18165,11.682900428771973,1.8596199750900269,0.26326000690460205
2018,4,26,3,0,0.9272819757461548,9.813599586486816,282.5,8.978899955749512,N/A,16379,11.682900428771973,1.7877899408340454,0.26256999373435974
2018,4,26,6,0,0.9219840168952942,9.81719970703125,282.5,8.994199752807617,N/A,15067,11.682900428771973,1.716189980506897,0.2639000117778778
2018,4,26,9,0,0.9101120233535767,9.882200241088867,277.5,8.95479965209961,N/A,12780,10.620800018310547,1.57368004322052,0.2868900001049042
2018,4,26,12,0,0.908827006816864,10.180800437927246,277.5,9.078100204467773,N/A,12497,10.620800018310547,1.5259300470352173,0.3113499879837036
2018,4,26,15,0,0.9146779775619507,10.7923002243042,282.5,9.434900283813477,N/A,14102,10.620800018310547,1.5593899488449097,0.3214400112628937
2018,4,26,18,0,0.9242110252380371,11.317399978637695,282.5,10.015899658203125,N/A,16861,14.136300086975098,1.654520034790039,0.29822999238967896
2018,4,26,21,0,0.9349790215492249,11.792900085449219,282.5,10.662599563598633,N/A,21314,14.136300086975098,1.814520001411438,0.2670300006866455
2018,4,27,0,0,0.934607982635498,11.69729995727539,282.5,9.995499610900879,N/A,23390,12.851200103759766,1.9088499546051025,0.2786499857902527
2018,4,27,3,0,0.9214839935302734,11.6274995803833,282.5,10.037400245666504,N/A,21717,12.851200103759766,1.8467600345611572,0.2809099853038788
2018,4,27,6,0,0.9186239838600159,11.736800193786621,277.5,10.178000450134277,N/A,24173,12.851200103759766,1.9375799894332886,0.2775999903678894
2018,4,27,9,0,0.9125589728355408,11.749199867248535,277.5,10.340499877929688,N/A,23995,12.851200103759766,1.9294400215148926,0.27917999029159546
2018,4,27,12,0,0.9125620126724243,11.863100051879883,277.5,10.526700019836426,N/A,23727,12.851200103759766,1.907729983329773,0.27379998564720154
2018,4,27,15,0,0.9126380085945129,11.937700271606445,277.5,10.747200012207031,N/A,22933,12.851200103759766,1.8688499927520752,0.26545000076293945
2018,4,27,18,0,0.9108240008354187,11.893199920654297,277.5,10.328499794006348,N/A,22488,12.851200103759766,1.8530900478363037,0.2729800045490265
2018,4,27,21,0,0.9018489718437195,11.55519962310791,277.5,8.986800193786621,N/A,22690,12.851200103759766,1.8875800371170044,0.31885001063346863
2018,4,28,0,0,0.8817390203475952,10.982600212097168,277.5,8.1048002243042,N/A,23222,12.851200103759766,1.9603899717330933,0.37268000841140747
2018,4,28,3,0,0.8639820218086243,10.536600112915039,272.5,7.531599998474121,N/A,23411,12.851200103759766,2.0118799209594727,0.40887001156806946
2018,4,28,6,0,0.8504729866981506,9.902799606323242,272.5,7.287499904632568,N/A,24985,12.851200103759766,2.1527199745178223,0.4347600042819977
2018,4,28,9,0,0.8519909977912903,10.156299591064453,272.5,7.746799945831299,N/A,23907,12.851200103759766,2.078629970550537,0.40786999464035034
2018,4,28,12,0,0.8591039776802063,10.588899612426758,272.5,8.346199989318848,N/A,22101,12.851200103759766,1.9542700052261353,0.37272998690605164
2018,4,28,15,0,0.8637779951095581,10.907600402832031,272.5,8.930000305175781,N/A,20210,12.851200103759766,1.8400499820709229,0.3412399888038635
2018,4,28,18,0,0.8602210283279419,11.0108003616333,272.5,9.097000122070312,N/A,17461,12.851200103759766,1.7023899555206299,0.3298799991607666
2018,4,28,21,0,0.8590580224990845,11.040599822998047,272.5,9.338299751281738,N/A,17121,12.851200103759766,1.6849600076675415,0.3157700002193451
2018,4,29,0,0,0.8462910056114197,10.846099853515625,272.5,9.2524995803833,N/A,16557,12.851200103759766,1.6765999794006348,0.31358999013900757
2018,4,29,3,0,0.8374789953231812,10.57759952545166,277.5,9.196700096130371,N/A,16724,12.851200103759766,1.7154799699783325,0.30156001448631287
2018,4,29,6,0,0.8507559895515442,10.371299743652344,282.5,9.150300025939941,N/A,19028,11.682900428771973,1.8557900190353394,0.2893199920654297
2018,4,29,9,0,0.8620520234107971,10.097000122070312,282.5,9.091300010681152,N/A,21951,10.620800018310547,2.0308799743652344,0.27452000975608826
2018,4,29,12,0,0.873727023601532,9.889900207519531,287.5,9.044099807739258,N/A,23850,10.620800018310547,2.146780014038086,0.26467999815940857
2018,4,29,15,0,0.8764029741287231,9.697199821472168,287.5,8.861700057983398,N/A,22718,10.620800018310547,2.11995005607605,0.2699100077152252
2018,4,29,18,0,0.8865389823913574,9.57289981842041,287.5,8.771400451660156,N/A,23267,10.620800018310547,2.1636900901794434,0.266510009765625
2018,4,29,21,0,0.8878660202026367,9.427399635314941,287.5,8.653300285339355,N/A,22481,10.620800018310547,2.147480010986328,0.26556000113487244
2018,4,30,0,0,0.8781059980392456,9.187899589538574,287.5,8.384200096130371,N/A,19754,9.655200004577637,2.0429399013519287,0.2768799960613251
2018,4,30,3,0,0.8707640171051025,9.133199691772461,287.5,8.2923002243042,N/A,17434,9.655200004577637,1.9249500036239624,0.28404000401496887
2018,4,30,6,0,0.8734830021858215,9.075499534606934,282.5,8.221599578857422,N/A,16599,9.655200004577637,1.8848199844360352,0.28793999552726746
2018,4,30,9,0,0.8800029754638672,8.953399658203125,282.5,8.122099876403809,N/A,16569,9.655200004577637,1.8990399837493896,0.28676000237464905
2018,4,30,12,0,0.8897299766540527,8.911199569702148,282.5,8.151300430297852,N/A,17613,9.655200004577637,1.966040015220642,0.2751399874687195
2018,4,30,15,0,0.8842980265617371,8.729499816894531,282.5,7.952199935913086,N/A,15959,8.77750015258789,1.8931100368499756,0.2837499976158142
2018,4,30,18,0,0.8831080198287964,8.602899551391602,282.5,7.799600124359131,N/A,14740,8.77750015258789,1.8339099884033203,0.2914299964904785
2018,4,30,21,0,0.884103000164032,8.491700172424316,282.5,7.665599822998047,N/A,13802,8.77750015258789,1.7871999740600586,0.2982900142669678
2018,5,1,0,0,0.8890129923820496,8.494000434875488,282.5,7.642899990081787,N/A,13538,8.77750015258789,1.769029974937439,0.30250999331474304
2018,5,1,3,0,0.8889139890670776,8.12279987335205,282.5,6.607800006866455,N/A,13348,9.655200004577637,1.792140007019043,0.37674999237060547
2018,5,1,6,0,0.8943549990653992,8.45989990234375,287.5,7.083899974822998,N/A,14197,12.851200103759766,1.8007800579071045,0.3741700053215027
2018,5,1,9,0,0.8995109796524048,8.923299789428711,287.5,7.481500148773193,N/A,14758,12.851200103759766,1.7800099849700928,0.3580699861049652
2018,5,1,12,0,0.9079139828681946,9.196599960327148,287.5,7.879300117492676,N/A,16249,11.682900428771973,1.8382899761199951,0.3341900110244751
2018,5,1,15,0,0.9129030108451843,8.905500411987305,287.5,7.55620002746582,N/A,17839,11.682900428771973,1.9645800590515137,0.33873000741004944
2018,5,1,18,0,0.9167079925537109,8.814900398254395,282.5,7.790999889373779,N/A,18603,11.682900428771973,2.02413010597229,0.3129099905490875
2018,5,1,21,0,0.9199020266532898,8.907299995422363,282.5,7.9928998947143555,N/A,17663,11.682900428771973,1.9642000198364258,0.2955400049686432
2018,5,2,0,0,0.9259849786758423,9.023900032043457,282.5,8.18690013885498,N/A,17876,11.682900428771973,1.96356999874115,0.28178998827934265
2018,5,2,3,0,0.9246960282325745,9.01509952545166,282.5,8.098999977111816,N/A,16630,10.620800018310547,1.8941899538040161,0.2875100076198578
2018,5,2,6,0,0.9198349714279175,9.055100440979004,282.5,8.198800086975098,N/A,15195,10.620800018310547,1.805459976196289,0.2870599925518036
2018,5,2,9,0,0.9127699732780457,9.1048002243042,282.5,8.243800163269043,N/A,14110,10.620800018310547,1.733680009841919,0.2887899875640869
2018,5,2,12,0,0.9085050225257874,9.131699562072754,282.5,8.283100128173828,N/A,14206,10.620800018310547,1.7367299795150757,0.2882300019264221
2018,5,2,15,0,0.8992969989776611,9.109600067138672,277.5,8.227299690246582,N/A,13503,10.620800018310547,1.6943000555038452,0.2969599962234497
2018,5,2,18,0,0.89170902967453,9.228699684143066,277.5,8.28279972076416,N/A,12589,10.620800018310547,1.6226099729537964,0.3022400140762329
2018,5,2,21,0,0.8912990093231201,9.467100143432617,277.5,8.479599952697754,N/A,12359,10.620800018310547,1.5838299989700317,0.2979300022125244
2018,5,3,0,0,0.8897460103034973,9.50510025024414,277.5,8.134499549865723,N/A,11952,10.620800018310547,1.5522099733352661,0.3127399981021881
2018,5,3,3,0,0.8870630264282227,9.673600196838379,277.5,8.468899726867676,N/A,11640,10.620800018310547,1.5161499977111816,0.3017300069332123
2018,5,3,6,0,0.8898079991340637,9.926300048828125,277.5,8.818699836730957,N/A,12049,10.620800018310547,1.5185400247573853,0.29221999645233154
2018,5,3,9,0,0.8853279948234558,9.937600135803223,272.5,8.866600036621094,N/A,11621,10.620800018310547,1.4898300170898438,0.29229000210762024
2018,5,3,12,0,0.8843340277671814,10.126999855041504,272.5,9.051300048828125,N/A,11593,12.851200103759766,1.47052001953125,0.28828999400138855
2018,5,3,15,0,0.8830770254135132,10.239800453186035,272.5,9.178999900817871,N/A,11570,12.851200103759766,1.4593199491500854,0.2838200032711029
2018,5,3,18,0,0.8795700073242188,10.288800239562988,272.5,9.226499557495117,N/A,11224,12.851200103759766,1.4335099458694458,0.2820099890232086
2018,5,3,21,0,0.8782230019569397,10.100799560546875,272.5,8.28279972076416,N/A,11583,12.851200103759766,1.4703500270843506,0.31303998827934265
2018,5,4,0,0,0.8625479936599731,9.140999794006348,272.5,6.640699863433838,N/A,12117,12.851200103759766,1.585800051689148,0.4084799885749817
2018,5,4,3,0,0.8577010035514832,9.511300086975098,272.5,7.533999919891357,N/A,11458,11.682900428771973,1.5123000144958496,0.35616999864578247
2018,5,4,6,0,0.8586469888687134,9.746199607849121,272.5,8.131199836730957,N/A,10824,11.682900428771973,1.4521600008010864,0.3215799927711487
2018,5,4,9,0,0.8597909808158875,9.733400344848633,272.5,8.107600212097168,N/A,10428,11.682900428771973,1.4264400005340576,0.3204199969768524
2018,5,4,12,0,0.8556299805641174,9.54580020904541,267.5,7.6234002113342285,N/A,10184,11.682900428771973,1.4233700037002563,0.34887999296188354
2018,5,4,15,0,0.8508430123329163,9.486300468444824,267.5,7.322700023651123,N/A,9919,11.682900428771973,1.4080699682235718,0.3707500100135803
2018,5,4,18,0,0.845894992351532,9.297699928283691,262.5,6.957499980926514,N/A,9706,11.682900428771973,1.406630039215088,0.4004800021648407
2018,5,4,21,0,0.8453530073165894,9.43019962310791,262.5,7.354800224304199,N/A,8931,11.682900428771973,1.3395999670028687,0.3847000002861023
2018,5,5,0,0,0.8470789790153503,9.531700134277344,257.5,7.6219000816345215,N/A,8563,11.682900428771973,1.305209994316101,0.3649899959564209
2018,5,5,3,0,0.8518459796905518,9.466099739074707,257.5,7.778500080108643,N/A,8212,10.620800018310547,1.2849299907684326,0.3511199951171875
2018,5,5,6,0,0.8697080016136169,9.082900047302246,252.5,7.686600208282471,N/A,8582,10.620800018310547,1.3465700149536133,0.3495199978351593
2018,5,5,9,0,0.8848119974136353,8.926899909973145,252.5,7.832200050354004,N/A,10221,9.655200004577637,1.4881199598312378,0.32951000332832336
2018,5,5,12,0,0.8931789994239807,8.933300018310547,247.5,7.94890022277832,N/A,10958,9.655200004577637,1.5417799949645996,0.32506000995635986
2018,5,5,15,0,0.8941320180892944,9.003999710083008,247.5,7.99970006942749,N/A,10567,8.77750015258789,1.5062299966812134,0.3355900049209595
2018,5,5,18,0,0.8970419764518738,9.04539966583252,242.5,7.996399879455566,N/A,9624,8.77750015258789,1.432420015335083,0.3481700122356415
2018,5,5,21,0,0.8929489850997925,9.066300392150879,242.5,8.009300231933594,N/A,8811,8.77750015258789,1.3685799837112427,0.3500800132751465
2018,5,6,0,0,0.8838199973106384,8.448599815368652,242.5,6.613800048828125,N/A,8079,8.77750015258789,1.3602700233459473,0.4102399945259094
2018,5,6,3,0,0.8392869830131531,6.863500118255615,252.5,5.268599987030029,N/A,9157,7.979499816894531,1.6182500123977661,0.4901599884033203
2018,5,6,6,0,0.8280429840087891,7.245800018310547,252.5,5.90339994430542,N/A,8315,12.851200103759766,1.5,0.4382700026035309
2018,5,6,9,0,0.8399530053138733,7.8256001472473145,247.5,6.462500095367432,N/A,7046,12.851200103759766,1.322890043258667,0.42201000452041626
2018,5,6,12,0,0.8592789769172668,8.316399574279785,242.5,6.811299800872803,N/A,6268,15.550000190734863,1.2040200233459473,0.42252999544143677
2018,5,6,15,0,0.8709250092506409,8.738100051879883,242.5,7.127299785614014,N/A,6045,15.550000190734863,1.1482599973678589,0.4205000102519989
2018,5,6,18,0,0.8768159747123718,9.02869987487793,237.5,7.355000019073486,N/A,5995,15.550000190734863,1.1207499504089355,0.41940999031066895
2018,5,6,21,0,0.8683900237083435,9.094799995422363,242.5,6.993599891662598,N/A,6121,15.550000190734863,1.1260000467300415,0.4343999922275543
2018,5,7,0,0,0.8565869927406311,8.594099998474121,242.5,5.981400012969971,N/A,6354,15.550000190734863,1.1805700063705444,0.49393001198768616
2018,5,7,3,0,0.8356710076332092,8.080300331115723,247.5,5.498499870300293,N/A,6765,15.550000190734863,1.2585599422454834,0.5370200276374817
2018,5,7,6,0,0.8234670162200928,8.695099830627441,252.5,6.377500057220459,N/A,7233,11.682900428771973,1.2542099952697754,0.4719200134277344
2018,5,7,9,0,0.8249689936637878,9.023300170898438,257.5,6.913099765777588,N/A,7254,11.682900428771973,1.2342400550842285,0.43090999126434326
2018,5,7,12,0,0.8323860168457031,9.112799644470215,262.5,7.155900001525879,N/A,8331,11.682900428771973,1.3186399936676025,0.4005100131034851
2018,5,7,15,0,0.8323280215263367,9.187700271606445,262.5,7.440800189971924,N/A,9026,10.620800018310547,1.3684899806976318,0.3759300112724304
2018,5,7,18,0,0.8372210264205933,9.404500007629395,267.5,7.7845001220703125,N/A,9311,10.620800018310547,1.373460054397583,0.3567200005054474
2018,5,7,21,0,0.8416159749031067,9.543000221252441,267.5,7.821700096130371,N/A,9482,10.620800018310547,1.3759499788284302,0.35653001070022583
2018,5,8,0,0,0.8417710065841675,9.727899551391602,262.5,8.18589973449707,N/A,9653,10.620800018310547,1.374959945678711,0.3472299873828888
2018,5,8,3,0,0.8352680206298828,9.769800186157227,262.5,8.326800346374512,N/A,9123,10.620800018310547,1.3339999914169312,0.34624001383781433
2018,5,8,6,0,0.8375530242919922,9.79640007019043,262.5,8.523900032043457,N/A,9064,10.620800018310547,1.3290400505065918,0.32580000162124634
2018,5,8,9,0,0.8385969996452332,9.782400131225586,262.5,8.616100311279297,N/A,8486,10.620800018310547,1.2875900268554688,0.3119100034236908
2018,5,8,12,0,0.8378310203552246,9.825499534606934,262.5,8.686100006103516,N/A,7944,10.620800018310547,1.2425600290298462,0.31158000230789185
2018,5,8,15,0,0.8358309864997864,9.929800033569336,262.5,8.748100280761719,N/A,7457,10.620800018310547,1.1963499784469604,0.32558000087738037
2018,5,8,18,0,0.8334109783172607,10.066699981689453,262.5,8.807299613952637,N/A,6953,10.620800018310547,1.145900011062622,0.3438200056552887
2018,5,8,21,0,0.8336640000343323,10.067999839782715,257.5,8.658699989318848,N/A,6313,10.620800018310547,1.091439962387085,0.3608100116252899
2018,5,9,0,0,0.8367930054664612,9.6496000289917,257.5,8.290900230407715,N/A,5857,10.620800018310547,1.0766600370407104,0.3756999969482422
2018,5,9,3,0,0.8480240106582642,8.702699661254883,247.5,7.404900074005127,N/A,6546,9.655200004577637,1.2081700563430786,0.38277000188827515
2018,5,9,6,0,0.863207995891571,7.654399871826172,242.5,6.2596001625061035,N/A,7881,9.655200004577637,1.4224200248718262,0.416049987077713
2018,5,9,9,0,0.8575299978256226,6.792500019073486,232.5,5.323500156402588,N/A,10679,7.979499816894531,1.7656500339508057,0.45633000135421753
2018,5,9,12,0,0.8823639750480652,6.902299880981445,222.5,5.752699851989746,N/A,14993,7.979499816894531,2.080670118331909,0.39948999881744385
2018,5,9,15,0,0.8823189735412598,7.3470001220703125,217.5,6.245699882507324,N/A,16199,7.979499816894531,2.0941898822784424,0.3723599910736084
2018,5,9,18,0,0.8823469877243042,7.603300094604492,217.5,6.526000022888184,N/A,15661,7.979499816894531,2.0208799839019775,0.3662799894809723
2018,5,9,21,0,0.880886971950531,7.464300155639648,217.5,6.16510009765625,N/A,14845,7.979499816894531,1.984089970588684,0.3977600038051605
2018,5,10,0,0,0.8831909894943237,7.670100212097168,222.5,6.489500045776367,N/A,14121,8.77750015258789,1.9076800346374512,0.37852999567985535
2018,5,10,3,0,0.8902680277824402,8.017000198364258,222.5,6.996099948883057,N/A,12501,8.77750015258789,1.7536300420761108,0.352400004863739
2018,5,10,6,0,0.8880590200424194,8.258600234985352,227.5,7.160099983215332,N/A,11724,8.77750015258789,1.6699899435043335,0.3530699908733368
2018,5,10,9,0,0.8844000101089478,8.342000007629395,232.5,7.084000110626221,N/A,12905,8.77750015258789,1.740440011024475,0.37178000807762146
2018,5,10,12,0,0.877892017364502,8.74370002746582,237.5,7.5945000648498535,N/A,15316,9.655200004577637,1.8462300300598145,0.36807000637054443
2018,5,10,15,0,0.8754640221595764,8.869600296020508,242.5,7.71150016784668,N/A,16567,9.655200004577637,1.9026399850845337,0.37095001339912415
2018,5,10,18,0,0.8736929893493652,9.117500305175781,247.5,7.765399932861328,N/A,18008,9.655200004577637,1.9478100538253784,0.3929300010204315
2018,5,10,21,0,0.8795719742774963,9.131600379943848,257.5,7.139400005340576,N/A,24272,17.104999542236328,2.247040033340454,0.44124001264572144
2018,5,11,0,0,0.8994870185852051,9.327199935913086,267.5,7.348800182342529,N/A,34269,12.851200103759766,2.633430004119873,0.4246799945831299
2018,5,11,3,0,0.9157950282096863,9.917799949645996,272.5,8.020000457763672,N/A,41523,11.682900428771973,2.799220085144043,0.3849000036716461
2018,5,11,6,0,0.9316210150718689,10.559399604797363,277.5,9.117199897766113,N/A,50166,11.682900428771973,2.9726500511169434,0.32993999123573303
2018,5,11,9,0,0.9352959990501404,10.530400276184082,277.5,9.301300048828125,N/A,49415,15.550000190734863,2.9583699703216553,0.31407999992370605
2018,5,11,12,0,0.9367589950561523,10.452199935913086,277.5,9.29259967803955,N/A,45765,15.550000190734863,2.86080002784729,0.30904000997543335
2018,5,11,15,0,0.9354569911956787,10.366100311279297,277.5,9.234999656677246,N/A,39016,14.136300086975098,2.6549699306488037,0.3062399923801422
2018,5,11,18,0,0.932466983795166,10.0649995803833,277.5,8.9576997756958,N/A,32985,14.136300086975098,2.4853100776672363,0.3089999854564667
2018,5,11,21,0,0.9345420002937317,9.836799621582031,277.5,8.606399536132812,N/A,30207,14.136300086975098,2.409019947052002,0.32085999846458435
2018,5,12,0,0,0.934686005115509,9.379599571228027,277.5,7.948800086975098,N/A,26498,14.136300086975098,2.3179399967193604,0.34613001346588135
2018,5,12,3,0,0.9305509924888611,8.832900047302246,277.5,7.38640022277832,N/A,21819,8.77750015258789,2.1778199672698975,0.36691001057624817
2018,5,12,6,0,0.9370790123939514,9.053000450134277,282.5,7.857800006866455,N/A,21082,12.851200103759766,2.112600088119507,0.347790002822876
2018,5,12,9,0,0.946045994758606,9.50100040435791,282.5,8.332300186157227,N/A,23034,12.851200103759766,2.146239995956421,0.3369700014591217
2018,5,12,12,0,0.9544259905815125,10.012100219726562,277.5,8.860099792480469,N/A,27613,12.851200103759766,2.278280019760132,0.31812000274658203
2018,5,12,15,0,0.9606080055236816,10.590100288391113,277.5,9.39840030670166,N/A,31959,12.851200103759766,2.3681700229644775,0.30300000309944153
2018,5,12,18,0,0.9649819731712341,10.80780029296875,277.5,9.685500144958496,N/A,34379,12.851200103759766,2.427809953689575,0.28744998574256897
2018,5,12,21,0,0.9664760231971741,10.809499740600586,277.5,9.66759967803955,N/A,34549,12.851200103759766,2.4343199729919434,0.28240999579429626
2018,5,13,0,0,0.9611420035362244,9.757800102233887,277.5,7.704699993133545,N/A,33340,12.851200103759766,2.5266900062561035,0.3761099874973297
2018,5,13,3,0,0.9581590294837952,9.6850004196167,277.5,7.855100154876709,N/A,31464,12.851200103759766,2.467819929122925,0.3668299913406372
2018,5,13,6,0,0.9616079926490784,9.867500305175781,277.5,8.432100296020508,N/A,28728,12.851200103759766,2.3409900665283203,0.3285300135612488
2018,5,13,9,0,0.9617090225219727,9.935400009155273,277.5,8.841500282287598,N/A,28081,12.851200103759766,2.3129000663757324,0.29646000266075134
2018,5,13,12,0,0.9585189819335938,9.833900451660156,277.5,8.845000267028809,N/A,25462,12.851200103759766,2.2189199924468994,0.2875800132751465
2018,5,13,15,0,0.9556519985198975,9.9375,272.5,8.916099548339844,N/A,22984,12.851200103759766,2.0938000679016113,0.28703999519348145
2018,5,13,18,0,0.9567869901657104,9.997599601745605,272.5,8.99370002746582,N/A,21181,12.851200103759766,2.0037999153137207,0.28001999855041504
2018,5,13,21,0,0.9557999968528748,9.96150016784668,272.5,8.980199813842773,N/A,18958,11.682900428771973,1.9011199474334717,0.2763200104236603
2018,5,14,0,0,0.9542359709739685,9.940199851989746,272.5,8.939000129699707,N/A,17664,11.682900428771973,1.8388099670410156,0.2729699909687042
2018,5,14,3,0,0.9513859748840332,9.836099624633789,272.5,8.847999572753906,N/A,16123,11.682900428771973,1.7694300413131714,0.27164000272750854
2018,5,14,6,0,0.9478399753570557,9.77869987487793,272.5,8.816800117492676,N/A,14436,11.682900428771973,1.6810400485992432,0.27241000533103943
2018,5,14,9,0,0.9441199898719788,9.736700057983398,272.5,8.775699615478516,N/A,12587,11.682900428771973,1.5741300582885742,0.2773999869823456
2018,5,14,12,0,0.9377639889717102,9.689599990844727,267.5,8.690899848937988,N/A,10722,11.682900428771973,1.4568500518798828,0.2887200117111206
2018,5,14,15,0,0.9323109984397888,9.606599807739258,267.5,8.092399597167969,N/A,9901,11.682900428771973,1.4056899547576904,0.31637999415397644
2018,5,14,18,0,0.9232990145683289,9.366800308227539,267.5,7.549300193786621,N/A,9366,10.620800018310547,1.384529948234558,0.3552800118923187
2018,5,14,21,0,0.9137359857559204,9.206600189208984,267.5,7.093900203704834,N/A,10013,10.620800018310547,1.441980004310608,0.3904399871826172
2018,5,15,0,0,0.8978019952774048,9.29520034790039,267.5,7.30810022354126,N/A,10377,10.620800018310547,1.4586900472640991,0.393449991941452
2018,5,15,3,0,0.8840060234069824,9.665800094604492,262.5,7.90910005569458,N/A,11040,10.620800018310547,1.4707200527191162,0.3786500096321106
2018,5,15,6,0,0.8773459792137146,10.0649995803833,267.5,8.4483003616333,N/A,12348,10.620800018310547,1.5194400548934937,0.3615100085735321
2018,5,15,9,0,0.8741059899330139,10.314299583435059,267.5,8.854499816894531,N/A,13547,12.851200103759766,1.5707900524139404,0.3483099937438965
2018,5,15,12,0,0.8697310090065002,10.406700134277344,267.5,9.036700248718262,N/A,13796,11.682900428771973,1.579360008239746,0.34351998567581177
2018,5,15,15,0,0.8612470030784607,10.34160041809082,267.5,8.750800132751465,N/A,13403,11.682900428771973,1.5633699893951416,0.34891998767852783
2018,5,15,18,0,0.8434950113296509,9.883899688720703,267.5,7.723499774932861,N/A,13021,10.620800018310547,1.5784200429916382,0.3906799852848053
2018,5,15,21,0,0.8188130259513855,9.479299545288086,267.5,7.165800094604492,N/A,12965,10.620800018310547,1.6107900142669678,0.42423999309539795
2018,5,16,0,0,0.8030530214309692,9.602499961853027,262.5,7.441199779510498,N/A,13038,10.620800018310547,1.6056900024414062,0.4291299879550934
2018,5,16,3,0,0.8001300096511841,9.961099624633789,262.5,7.953800201416016,N/A,13019,10.620800018310547,1.57492995262146,0.4219200015068054
2018,5,16,6,0,0.8001360297203064,10.12660026550293,267.5,8.354700088500977,N/A,12565,10.620800018310547,1.5348199605941772,0.4051800072193146
2018,5,16,9,0,0.8000230193138123,10.1141996383667,267.5,8.539400100708008,N/A,11855,10.620800018310547,1.4925400018692017,0.3845199942588806
2018,5,16,12,0,0.7969290018081665,10.059300422668457,267.5,8.597900390625,N/A,11198,9.655200004577637,1.4557199478149414,0.3757700026035309
2018,5,16,15,0,0.7955269813537598,10.17870044708252,267.5,8.685099601745605,N/A,10887,9.655200004577637,1.4269200563430786,0.39160001277923584
2018,5,16,18,0,0.7969300150871277,10.471500396728516,262.5,8.829299926757812,N/A,10688,9.655200004577637,1.391759991645813,0.41971999406814575
2018,5,16,21,0,0.7939789891242981,10.580499649047852,257.5,8.736700057983398,N/A,10201,9.655200004577637,1.350790023803711,0.434469997882843
2018,5,17,0,0,0.7855989933013916,10.08080005645752,257.5,7.549499988555908,N/A,9200,8.77750015258789,1.3127599954605103,0.46206000447273254
2018,5,17,3,0,0.7775920033454895,10.178199768066406,252.5,8.129599571228027,N/A,8213,15.550000190734863,1.2308499813079834,0.42691999673843384
2018,5,17,6,0,0.7782599925994873,10.21030044555664,252.5,8.21150016784668,N/A,8084,15.550000190734863,1.2169699668884277,0.4275699853897095
2018,5,17,9,0,0.7889569997787476,10.091300010681152,257.5,8.200499534606934,N/A,9514,15.550000190734863,1.3315099477767944,0.44110000133514404
2018,5,17,12,0,0.8053600192070007,9.72700023651123,262.5,8.126199722290039,N/A,12678,8.77750015258789,1.5748800039291382,0.44530001282691956
2018,5,17,15,0,0.8080589771270752,9.629199981689453,262.5,8.037199974060059,N/A,12866,20.697200775146484,1.59552001953125,0.4605199992656708
2018,5,17,18,0,0.7960450053215027,9.417099952697754,262.5,7.7399001121521,N/A,10488,7.979499816894531,1.4554699659347534,0.47534000873565674
2018,5,17,21,0,0.779420018196106,9.133700370788574,257.5,7.451000213623047,N/A,8341,7.979499816894531,1.3172999620437622,0.4682900011539459
2018,5,18,0,0,0.7698739767074585,9.088299751281738,257.5,7.31790018081665,N/A,7362,14.136300086975098,1.2381900548934937,0.4566499888896942
2018,5,18,3,0,0.7764989733695984,9.525899887084961,252.5,7.63640022277832,N/A,7543,14.136300086975098,1.2183200120925903,0.4526599943637848
2018,5,18,6,0,0.7967910170555115,10.224699974060059,247.5,8.062199592590332,N/A,8420,14.136300086975098,1.2346999645233154,0.4547399878501892
2018,5,18,9,0,0.8187729716300964,10.884599685668945,247.5,8.502099990844727,N/A,9285,18.81559944152832,1.2503299713134766,0.4482100009918213
2018,5,18,12,0,0.8260930180549622,11.08080005645752,247.5,8.679200172424316,N/A,9509,18.81559944152832,1.2528799772262573,0.44262000918388367
2018,5,18,15,0,0.8183680176734924,10.72249984741211,247.5,8.458700180053711,N/A,8855,18.81559944152832,1.2326500415802002,0.443589985370636
2018,5,18,18,0,0.8068490028381348,10.243800163269043,247.5,8.117899894714355,N/A,7662,18.81559944152832,1.1773200035095215,0.43992000818252563
2018,5,18,21,0,0.8018860220909119,9.750699996948242,247.5,7.470600128173828,N/A,6725,12.851200103759766,1.133870005607605,0.44574999809265137
2018,5,19,0,0,0.8094819784164429,9.304699897766113,247.5,6.5177001953125,N/A,6799,12.851200103759766,1.1669700145721436,0.4868899881839752
2018,5,19,3,0,0.8234540224075317,9.55840015411377,252.5,6.991600036621094,N/A,8113,17.104999542236328,1.253999948501587,0.47889000177383423
2018,5,19,6,0,0.8408169746398926,10.009200096130371,247.5,7.5142998695373535,N/A,9817,17.104999542236328,1.3443900346755981,0.4573400020599365
2018,5,19,9,0,0.8545640110969543,10.504300117492676,247.5,8.053000450134277,N/A,10574,17.104999542236328,1.3590199947357178,0.42945000529289246
2018,5,19,12,0,0.862591028213501,10.74120044708252,247.5,8.35260009765625,N/A,10200,17.104999542236328,1.3193800449371338,0.41172999143600464
2018,5,19,15,0,0.8697050213813782,10.76710033416748,242.5,8.463399887084961,N/A,9493,17.104999542236328,1.272879958152771,0.39910998940467834
2018,5,19,18,0,0.8745539784431458,10.662400245666504,242.5,8.491800308227539,N/A,8698,17.104999542236328,1.2278300523757935,0.3870899975299835
2018,5,19,21,0,0.8806279897689819,10.45259952545166,247.5,8.378899574279785,N/A,8307,10.620800018310547,1.216729998588562,0.3744400143623352
2018,5,20,0,0,0.8894749879837036,10.199600219726562,247.5,8.025799751281738,N/A,8523,10.620800018310547,1.2511999607086182,0.37522000074386597
2018,5,20,3,0,0.8984860181808472,10.130800247192383,247.5,7.909800052642822,N/A,8811,9.655200004577637,1.2758500576019287,0.3812200129032135
2018,5,20,6,0,0.9063730239868164,10.181300163269043,247.5,8.004599571228027,N/A,9464,15.550000190734863,1.316640019416809,0.3821200132369995
2018,5,20,9,0,0.9097689986228943,9.878000259399414,247.5,7.7469000816345215,N/A,10133,15.550000190734863,1.3842899799346924,0.40125998854637146
2018,5,20,12,0,0.9135079979896545,9.881500244140625,247.5,7.776100158691406,N/A,10145,15.550000190734863,1.3855899572372437,0.3975600004196167
2018,5,20,15,0,0.9176610112190247,9.922300338745117,247.5,7.76669979095459,N/A,9734,15.550000190734863,1.3552000522613525,0.3966200053691864
2018,5,20,18,0,0.9195929765701294,9.89430046081543,247.5,7.747200012207031,N/A,9546,10.620800018310547,1.3457800149917603,0.39879000186920166
2018,5,20,21,0,0.9179379940032959,9.723400115966797,247.5,7.434999942779541,N/A,9885,10.620800018310547,1.3846299648284912,0.4088599979877472
2018,5,21,0,0,0.9098280072212219,9.069000244140625,252.5,6.586299896240234,N/A,10025,10.620800018310547,1.449120044708252,0.45451998710632324
2018,5,21,3,0,0.8954579830169678,8.57979965209961,252.5,6.302499771118164,N/A,9837,10.620800018310547,1.4808000326156616,0.47481998801231384
2018,5,21,6,0,0.8952159881591797,8.855600357055664,252.5,6.765900135040283,N/A,9029,9.655200004577637,1.3963700532913208,0.45232000946998596
2018,5,21,9,0,0.8988440036773682,9.159799575805664,252.5,7.0980000495910645,N/A,8264,9.655200004577637,1.3121800422668457,0.44472000002861023
2018,5,21,12,0,0.9044610261917114,9.494500160217285,247.5,7.457300186157227,N/A,7644,9.655200004577637,1.2373199462890625,0.4351600110530853
2018,5,21,15,0,0.9129570126533508,9.788700103759766,247.5,7.813700199127197,N/A,7246,9.655200004577637,1.1845099925994873,0.4236299991607666
2018,5,21,18,0,0.9195430278778076,9.923999786376953,247.5,8.152299880981445,N/A,7485,9.655200004577637,1.1961499452590942,0.4059999883174896
2018,5,21,21,0,0.919730007648468,9.421799659729004,252.5,7.109000205993652,N/A,8489,9.655200004577637,1.3114700317382812,0.44179001450538635
2018,5,22,0,0,0.9158819913864136,8.752799987792969,252.5,6.27269983291626,N/A,9474,8.77750015258789,1.441059947013855,0.5059300065040588
2018,5,22,3,0,0.9132789969444275,8.664999961853027,252.5,6.19290018081665,N/A,9801,8.77750015258789,1.473330020904541,0.5324100255966187
2018,5,22,6,0,0.9131940007209778,8.813699722290039,252.5,6.368500232696533,N/A,9736,8.77750015258789,1.4548100233078003,0.5325300097465515
2018,5,22,9,0,0.9138879776000977,8.99530029296875,252.5,6.719799995422363,N/A,9377,8.77750015258789,1.4112000465393066,0.5149700045585632
2018,5,22,12,0,0.9072099924087524,9.339500427246094,252.5,7.135900020599365,N/A,9812,8.77750015258789,1.4125200510025024,0.48802998661994934
2018,5,22,15,0,0.8997769951820374,9.939599990844727,257.5,7.8231000900268555,N/A,11307,11.682900428771973,1.4657800197601318,0.44843998551368713
2018,5,22,18,0,0.9019790291786194,10.268600463867188,257.5,8.127799987792969,N/A,13065,10.620800018310547,1.549530029296875,0.4254800081253052
2018,5,22,21,0,0.906578004360199,9.773099899291992,257.5,7.146999835968018,N/A,14798,10.620800018310547,1.6923500299453735,0.4722000062465668
2018,5,23,0,0,0.9049180150032043,9.112099647521973,262.5,6.599800109863281,N/A,17137,10.620800018310547,1.89096999168396,0.5044900178909302
2018,5,23,3,0,0.9038739800453186,8.816100120544434,262.5,6.581500053405762,N/A,19080,10.620800018310547,2.032320022583008,0.5017899870872498
2018,5,23,6,0,0.9098160266876221,9.076000213623047,262.5,7.18779993057251,N/A,20251,10.620800018310547,2.0633299350738525,0.4623500108718872
2018,5,23,9,0,0.9160869717597961,9.515700340270996,262.5,7.781199932098389,N/A,20900,10.620800018310547,2.041830062866211,0.4255099892616272
2018,5,23,12,0,0.9214209914207458,9.971099853515625,262.5,8.195599555969238,N/A,22138,10.620800018310547,2.044490098953247,0.3959999978542328
2018,5,23,15,0,0.9242630004882812,10.245499610900879,262.5,8.51550006866455,N/A,24276,11.682900428771973,2.1059699058532715,0.37523001432418823
2018,5,23,18,0,0.9237390160560608,10.475000381469727,262.5,8.638400077819824,N/A,25937,11.682900428771973,2.14778995513916,0.36482998728752136
2018,5,23,21,0,0.9184269905090332,10.21720027923584,262.5,7.971399784088135,N/A,27071,11.682900428771973,2.2215700149536133,0.398360013961792
2018,5,24,0,0,0.9108589887619019,10.057100296020508,262.5,7.907599925994873,N/A,27578,11.682900428771973,2.2626500129699707,0.4085899889469147
2018,5,24,3,0,0.90276700258255,9.655200004577637,262.5,7.591599941253662,N/A,27920,11.682900428771973,2.330319881439209,0.42614999413490295
2018,5,24,6,0,0.9013260006904602,9.447500228881836,267.5,7.868899822235107,N/A,28520,11.682900428771973,2.3920600414276123,0.40400999784469604
2018,5,24,9,0,0.9005299806594849,9.476099967956543,267.5,7.964799880981445,N/A,25912,11.682900428771973,2.2779600620269775,0.3953999876976013
2018,5,24,12,0,0.8966630101203918,9.455100059509277,262.5,7.859899997711182,N/A,23416,11.682900428771973,2.166719913482666,0.4005599915981293
2018,5,24,15,0,0.8897849917411804,9.386500358581543,262.5,7.906199932098389,N/A,22745,11.682900428771973,2.145210027694702,0.3972499966621399
2018,5,24,18,0,0.8760240077972412,9.575900077819824,262.5,7.977099895477295,N/A,19677,10.620800018310547,1.970080018043518,0.4063900113105774
2018,5,24,21,0,0.8707330226898193,9.776599884033203,262.5,7.966100215911865,N/A,18941,10.620800018310547,1.9085299968719482,0.40964001417160034
2018,5,25,0,0,0.8650169968605042,9.222900390625,262.5,7.064700126647949,N/A,19132,17.104999542236328,1.9780299663543701,0.4557499885559082
2018,5,25,3,0,0.8600919842720032,9.032500267028809,262.5,7.087800025939941,N/A,19490,10.620800018310547,2.021519899368286,0.45096999406814575
2018,5,25,6,0,0.8591229915618896,9.020700454711914,262.5,7.129300117492676,N/A,18803,10.620800018310547,1.9880199432373047,0.4428800046443939
2018,5,25,9,0,0.8581140041351318,8.849800109863281,262.5,7.040599822998047,N/A,18699,10.620800018310547,2.0053598880767822,0.43860000371932983
2018,5,25,12,0,0.8556200265884399,8.64799976348877,267.5,6.851600170135498,N/A,18692,10.620800018310547,2.0314600467681885,0.4426400065422058
2018,5,25,15,0,0.8507429957389832,8.554100036621094,262.5,6.801700115203857,N/A,18457,10.620800018310547,2.0315299034118652,0.445360004901886
2018,5,25,18,0,0.8411170244216919,8.073200225830078,267.5,6.2555999755859375,N/A,18540,15.550000190734863,2.0998899936676025,0.4828000068664551
2018,5,25,21,0,0.8309040069580078,8.321700096130371,262.5,6.402299880981445,N/A,16426,15.550000190734863,1.942829966545105,0.4836600124835968
2018,5,26,0,0,0.8206700086593628,8.252099990844727,257.5,6.056000232696533,N/A,13585,15.550000190734863,1.7694000005722046,0.5204300284385681
2018,5,26,3,0,0.8143119812011719,8.345399856567383,257.5,6.0843000411987305,N/A,11421,15.550000190734863,1.6109600067138672,0.5218600034713745
2018,5,26,6,0,0.8183109760284424,8.69909954071045,257.5,6.452099800109863,N/A,10430,15.550000190734863,1.5069700479507446,0.4883800148963928
2018,5,26,9,0,0.8349530100822449,8.792499542236328,262.5,7.053999900817871,N/A,11607,9.655200004577637,1.5905499458312988,0.42267000675201416
2018,5,26,12,0,0.852279007434845,8.736300468444824,262.5,7.399099826812744,N/A,12584,8.77750015258789,1.6680799722671509,0.3894999921321869
2018,5,26,15,0,0.8554159998893738,8.784099578857422,262.5,7.433800220489502,N/A,11596,8.77750015258789,1.594920039176941,0.4049299955368042
2018,5,26,18,0,0.8579559922218323,8.877300262451172,257.5,7.410900115966797,N/A,11051,8.77750015258789,1.5457600355148315,0.4243600070476532
2018,5,26,21,0,0.8548309803009033,8.943699836730957,257.5,7.283400058746338,N/A,10974,8.77750015258789,1.5327099561691284,0.43373000621795654
2018,5,27,0,0,0.8498910069465637,9.049599647521973,257.5,7.321800231933594,N/A,11037,8.77750015258789,1.5262700319290161,0.42895999550819397
2018,5,27,3,0,0.8458899855613708,9.225500106811523,257.5,7.735400199890137,N/A,10679,7.979499816894531,1.484779953956604,0.4082599878311157
2018,5,27,6,0,0.84232097864151,9.3371000289917,257.5,7.895100116729736,N/A,10026,14.136300086975098,1.4271199703216553,0.4006899893283844
2018,5,27,9,0,0.8454579710960388,9.433699607849121,262.5,8.091400146484375,N/A,10783,14.136300086975098,1.472540020942688,0.37922999262809753
2018,5,27,12,0,0.8677830100059509,9.538100242614746,267.5,8.42770004272461,N/A,14446,14.136300086975098,1.7000499963760376,0.33796998858451843
2018,5,27,15,0,0.8893139958381653,9.808300018310547,272.5,8.767499923706055,N/A,17877,9.655200004577637,1.8629200458526611,0.315310001373291
2018,5,27,18,0,0.8950170278549194,9.956399917602539,272.5,8.905699729919434,N/A,18187,10.620800018310547,1.8626099824905396,0.31029000878334045
2018,5,27,21,0,0.9068300127983093,10.256199836730957,272.5,9.197999954223633,N/A,20492,12.851200103759766,1.9431999921798706,0.2958100140094757
2018,5,28,0,0,0.9121770262718201,10.380900382995605,272.5,9.272600173950195,N/A,21649,12.851200103759766,1.9838999509811401,0.2855199873447418
2018,5,28,3,0,0.9133210182189941,10.436599731445312,272.5,9.473899841308594,N/A,21336,10.620800018310547,1.9648100137710571,0.2724500000476837
2018,5,28,6,0,0.9165430068969727,10.431500434875488,272.5,9.462400436401367,N/A,21738,10.620800018310547,1.9847999811172485,0.2645300030708313
2018,5,28,9,0,0.9164260029792786,10.347100257873535,272.5,9.482399940490723,N/A,20847,10.620800018310547,1.9538899660110474,0.26017001271247864
2018,5,28,12,0,0.9151560068130493,10.196399688720703,272.5,9.34179973602295,N/A,19778,10.620800018310547,1.9206299781799316,0.2611500024795532
2018,5,28,15,0,0.9159650206565857,10.087300300598145,272.5,9.236499786376953,N/A,19567,10.620800018310547,1.9233200550079346,0.2612299919128418
2018,5,28,18,0,0.9209539890289307,9.601300239562988,272.5,8.223999977111816,N/A,21582,10.620800018310547,2.0754098892211914,0.304720014333725
2018,5,28,21,0,0.922290027141571,8.46679973602295,272.5,7.037600040435791,N/A,27283,10.620800018310547,2.503200054168701,0.362199991941452
2018,5,29,0,0,0.9164950251579285,8.143699645996094,277.5,6.854700088500977,N/A,30032,10.620800018310547,2.687459945678711,0.362060010433197
2018,5,29,3,0,0.913902997970581,8.065600395202637,277.5,6.963200092315674,N/A,32090,9.655200004577637,2.801069974899292,0.33869999647140503
2018,5,29,6,0,0.9146289825439453,8.330699920654297,277.5,7.406199932098389,N/A,29742,9.655200004577637,2.6543800830841064,0.3088499903678894
2018,5,29,9,0,0.9157879948616028,8.153499603271484,277.5,7.153500080108643,N/A,25164,9.655200004577637,2.469899892807007,0.3228900134563446
2018,5,29,12,0,0.9216650128364563,8.157899856567383,277.5,7.220399856567383,N/A,24017,9.655200004577637,2.415030002593994,0.31060001254081726
2018,5,29,15,0,0.9212049841880798,7.9268999099731445,277.5,6.921999931335449,N/A,21792,8.77750015258789,2.3367300033569336,0.3220899999141693
2018,5,29,18,0,0.9207109808921814,7.679800033569336,277.5,6.644999980926514,N/A,21144,8.77750015258789,2.3415300846099854,0.33223000168800354
2018,5,29,21,0,0.922311007976532,7.546800136566162,277.5,6.560299873352051,N/A,23906,8.77750015258789,2.515089988708496,0.32747000455856323
2018,5,30,0,0,0.9216560125350952,7.556000232696533,282.5,6.64300012588501,N/A,27310,7.979499816894531,2.6888599395751953,0.31442001461982727
2018,5,30,3,0,0.9148759841918945,7.6290998458862305,282.5,6.775100231170654,N/A,24453,7.979499816894531,2.5314900875091553,0.30809998512268066
2018,5,30,6,0,0.9158390164375305,7.747600078582764,282.5,6.9375,N/A,22655,7.979499816894531,2.4168601036071777,0.3001999855041504
2018,5,30,9,0,0.9202470183372498,8.030500411987305,282.5,7.3480000495910645,N/A,19635,8.77750015258789,2.207979917526245,0.27816998958587646
2018,5,30,12,0,0.917838990688324,8.087800025939941,282.5,7.397799968719482,N/A,15311,8.77750015258789,1.9410699605941772,0.2814199924468994
2018,5,30,15,0,0.9133480191230774,7.990200042724609,282.5,7.219600200653076,N/A,12146,8.77750015258789,1.7379300594329834,0.30017998814582825
2018,5,30,18,0,0.9099389910697937,7.792600154876709,277.5,6.7754998207092285,N/A,10967,8.77750015258789,1.6708600521087646,0.3349300026893616
2018,5,30,21,0,0.9027929902076721,7.600299835205078,277.5,6.276100158691406,N/A,10179,8.77750015258789,1.627369999885559,0.3803600072860718
2018,5,31,0,0,0.8897500038146973,6.958099842071533,277.5,5.529099941253662,N/A,10628,8.77750015258789,1.7381900548934937,0.4426800012588501
2018,5,31,3,0,0.8836590051651001,6.960000038146973,277.5,5.643499851226807,N/A,11078,8.77750015258789,1.7750699520111084,0.43035000562667847
2018,5,31,6,0,0.887624979019165,7.127200126647949,277.5,5.875500202178955,N/A,11017,8.77750015258789,1.7498199939727783,0.40911000967025757
2018,5,31,9,0,0.8920819759368896,7.068900108337402,277.5,5.874100208282471,N/A,10391,8.77750015258789,1.7079999446868896,0.4030500054359436
2018,5,31,12,0,0.895484983921051,7.153600215911865,277.5,6.05679988861084,N/A,8951,8.77750015258789,1.575909972190857,0.3912299871444702
2018,5,31,15,0,0.899582028388977,7.311699867248535,277.5,6.283899784088135,N/A,7446,8.77750015258789,1.4203100204467773,0.38628000020980835
2018,5,31,18,0,0.9034450054168701,7.2291998863220215,277.5,5.867199897766113,N/A,6904,8.77750015258789,1.3734899759292603,0.42344000935554504
2018,5,31,21,0,0.9008610248565674,7.053699970245361,277.5,5.442699909210205,N/A,7107,7.979499816894531,1.404360055923462,0.48434001207351685
2018,6,1,0,0,0.9033979773521423,7.413000106811523,277.5,5.560200214385986,N/A,8267,14.136300086975098,1.4669899940490723,0.5041900277137756
2018,6,1,3,0,0.9164639711380005,8.519499778747559,277.5,6.424699783325195,N/A,10422,12.851200103759766,1.521239995956421,0.4617300033569336
2018,6,1,6,0,0.933197021484375,9.268500328063965,277.5,7.432300090789795,N/A,13720,12.851200103759766,1.671679973602295,0.3898099958896637
2018,6,1,9,0,0.9424399733543396,9.673500061035156,277.5,8.184100151062012,N/A,15856,11.682900428771973,1.76173996925354,0.3358500003814697
2018,6,1,12,0,0.9459909796714783,9.934499740600586,277.5,8.680700302124023,N/A,16049,11.682900428771973,1.750920057296753,0.301939994096756
2018,6,1,15,0,0.9460740089416504,9.94629955291748,277.5,8.413399696350098,N/A,15394,11.682900428771973,1.7161099910736084,0.302839994430542
2018,6,1,18,0,0.9343630075454712,9.508399963378906,277.5,7.511199951171875,N/A,14036,11.682900428771973,1.6797000169754028,0.35199999809265137
2018,6,1,21,0,0.8670700192451477,8.0068998336792,267.5,5.907700061798096,N/A,13662,11.682900428771973,1.8165600299835205,0.4671800136566162
2018,6,2,0,0,0.7943059802055359,7.2606000900268555,252.5,5.778200149536133,N/A,15120,11.682900428771973,2.0229101181030273,0.4471000134944916
2018,6,2,3,0,0.8045250177383423,7.607900142669678,242.5,6.402699947357178,N/A,16831,7.2540998458862305,2.090440034866333,0.381850004196167
2018,6,2,6,0,0.7885059714317322,7.8796000480651855,247.5,6.680699825286865,N/A,16658,7.2540998458862305,2.040910005569458,0.3722600042819977
2018,6,2,9,0,0.797065019607544,8.067500114440918,252.5,6.9380998611450195,N/A,14074,10.620800018310547,1.8523600101470947,0.3682900071144104
2018,6,2,12,0,0.8221510052680969,8.253000259399414,257.5,7.060999870300293,N/A,12356,10.620800018310547,1.7129000425338745,0.3791100084781647
2018,6,2,15,0,0.8455759882926941,8.454299926757812,262.5,7.295000076293945,N/A,11139,10.620800018310547,1.6044700145721436,0.37770000100135803
2018,6,2,18,0,0.8601909875869751,8.519399642944336,262.5,7.411300182342529,N/A,9858,10.620800018310547,1.5028400421142578,0.37292999029159546
2018,6,2,21,0,0.8834419846534729,8.668399810791016,262.5,7.5192999839782715,N/A,9300,10.620800018310547,1.4454400539398193,0.36994001269340515
2018,6,3,0,0,0.8954300284385681,8.547599792480469,262.5,7.052199840545654,N/A,9107,9.655200004577637,1.440500020980835,0.38874998688697815
2018,6,3,3,0,0.8991900086402893,8.169300079345703,262.5,6.373799800872803,N/A,8720,9.655200004577637,1.4423999786376953,0.43323999643325806
2018,6,3,6,0,0.904915988445282,7.920599937438965,267.5,6.083099842071533,N/A,9044,9.655200004577637,1.4914300441741943,0.4655799865722656
2018,6,3,9,0,0.9091320037841797,7.964700222015381,267.5,6.354899883270264,N/A,9222,9.655200004577637,1.5015900135040283,0.4574899971485138
2018,6,3,12,0,0.911325991153717,7.871799945831299,267.5,6.21589994430542,N/A,8950,9.655200004577637,1.4885200262069702,0.4639599919319153
2018,6,3,15,0,0.9142130017280579,7.696400165557861,267.5,6.208700180053711,N/A,9580,9.655200004577637,1.5601099729537964,0.45388999581336975
2018,6,3,18,0,0.9135180115699768,7.739299774169922,272.5,6.28000020980835,N/A,9100,9.655200004577637,1.5167100429534912,0.44064000248908997
2018,6,3,21,0,0.9134100079536438,7.991300106048584,267.5,6.545300006866455,N/A,7897,9.655200004577637,1.3879400491714478,0.4291200041770935
2018,6,4,0,0,0.91525799036026,8.329700469970703,267.5,6.876999855041504,N/A,6948,9.655200004577637,1.2726199626922607,0.41238999366760254
2018,6,4,3,0,0.914251983165741,8.267399787902832,267.5,6.42110013961792,N/A,6223,8.77750015258789,1.2076200246810913,0.43748000264167786
2018,6,4,6,0,0.9126589894294739,8.240799903869629,267.5,6.426300048828125,N/A,6195,8.77750015258789,1.2061500549316406,0.44514000415802
2018,6,4,9,0,0.9151549935340881,8.318900108337402,267.5,6.660999774932861,N/A,6395,8.77750015258789,1.2203799486160278,0.42813000082969666
2018,6,4,12,0,0.9172890186309814,8.357600212097168,267.5,6.791200160980225,N/A,6318,8.77750015258789,1.2107700109481812,0.4172300100326538
2018,6,4,15,0,0.920166015625,8.381099700927734,267.5,6.886600017547607,N/A,6221,8.77750015258789,1.1998900175094604,0.4108400046825409
2018,6,4,18,0,0.9223179817199707,8.47659969329834,267.5,7.075699806213379,N/A,6535,8.77750015258789,1.2233200073242188,0.3949899971485138
2018,6,4,21,0,0.9222630262374878,8.38479995727539,267.5,6.8491997718811035,N/A,6556,8.77750015258789,1.2328699827194214,0.39910000562667847
2018,6,5,0,0,0.9219679832458496,8.066699981689453,267.5,6.362599849700928,N/A,7111,8.77750015258789,1.311900019645691,0.4161800146102905
2018,6,5,3,0,0.9216709733009338,8.119999885559082,267.5,6.68179988861084,N/A,7004,8.77750015258789,1.2989699840545654,0.3949100077152252
2018,6,5,6,0,0.9241049885749817,8.289799690246582,267.5,7.189799785614014,N/A,7379,8.77750015258789,1.3207900524139404,0.3620299994945526
2018,6,5,9,0,0.9221519827842712,8.313699722290039,267.5,7.328800201416016,N/A,7336,8.77750015258789,1.3158199787139893,0.35113999247550964
2018,6,5,12,0,0.9158470034599304,8.338500022888184,272.5,7.391300201416016,N/A,7224,8.77750015258789,1.3039499521255493,0.3461799919605255
2018,6,5,15,0,0.9061779975891113,8.240400314331055,272.5,6.857500076293945,N/A,7256,8.77750015258789,1.3140699863433838,0.37314000725746155
2018,6,5,18,0,0.840283989906311,6.888999938964844,267.5,5.120299816131592,N/A,7808,8.77750015258789,1.4931399822235107,0.5087500214576721
2018,6,5,21,0,0.7584649920463562,6.215799808502197,242.5,4.957799911499023,N/A,11520,6.594600200653076,1.9179999828338623,0.48954999446868896
2018,6,6,0,0,0.802170991897583,7.021200180053711,232.5,5.838600158691406,N/A,19284,7.979499816894531,2.3366100788116455,0.4064500033855438
2018,6,6,3,0,0.8452479839324951,7.930200099945068,237.5,6.85129976272583,N/A,19901,8.77750015258789,2.2243900299072266,0.359499990940094
2018,6,6,6,0,0.8746629953384399,8.718199729919434,247.5,7.590400218963623,N/A,20902,8.77750015258789,2.1586999893188477,0.34595000743865967
2018,6,6,9,0,0.9002869725227356,9.393199920654297,252.5,8.323599815368652,N/A,24534,9.655200004577637,2.2395200729370117,0.3210499882698059
2018,6,6,12,0,0.9161400198936462,9.87660026550293,257.5,8.847999572753906,N/A,27716,9.655200004577637,2.309340000152588,0.30265000462532043
2018,6,6,15,0,0.92746901512146,10.275699615478516,257.5,9.27079963684082,N/A,30995,12.851200103759766,2.3831400871276855,0.2858099937438965
2018,6,6,18,0,0.9315990209579468,10.440699577331543,262.5,9.473299980163574,N/A,31732,12.851200103759766,2.3883399963378906,0.27320000529289246
2018,6,6,21,0,0.9334849715232849,10.433699607849121,262.5,9.508199691772461,N/A,30248,11.682900428771973,2.3345699310302734,0.2654300034046173
2018,6,7,0,0,0.9294729828834534,10.334099769592285,267.5,9.424099922180176,N/A,27754,11.682900428771973,2.251270055770874,0.26431000232696533
2018,6,7,3,0,0.9232050180435181,10.128100395202637,262.5,9.211999893188477,N/A,22608,11.682900428771973,2.057460069656372,0.2735700011253357
2018,6,7,6,0,0.9197409749031067,10.01200008392334,267.5,9.09589958190918,N/A,19836,11.682900428771973,1.9416500329971313,0.27761998772621155
2018,6,7,9,0,0.9171090126037598,9.889100074768066,267.5,8.986300468444824,N/A,17992,10.620800018310547,1.8639400005340576,0.2807700037956238
2018,6,7,12,0,0.9122369885444641,9.749699592590332,267.5,8.819600105285645,N/A,15699,10.620800018310547,1.7554899454116821,0.29104000329971313
2018,6,7,15,0,0.904895007610321,9.47189998626709,267.5,8.024999618530273,N/A,13619,10.620800018310547,1.659909963607788,0.3280400037765503
2018,6,7,18,0,0.8845639824867249,8.527700424194336,262.5,6.549099922180176,N/A,12666,10.620800018310547,1.6908299922943115,0.4212599992752075
2018,6,7,21,0,0.8503940105438232,7.607999801635742,257.5,5.7382001876831055,N/A,14003,9.655200004577637,1.8892799615859985,0.47617000341415405
2018,6,8,0,0,0.8236690163612366,7.382999897003174,247.5,5.8078999519348145,N/A,16411,9.655200004577637,2.0834999084472656,0.45458000898361206
2018,6,8,3,0,0.8256199955940247,7.638999938964844,247.5,6.085899829864502,N/A,15091,9.655200004577637,1.9619499444961548,0.43755999207496643
2018,6,8,6,0,0.8312429785728455,7.809999942779541,252.5,6.168399810791016,N/A,15145,9.655200004577637,1.9405200481414795,0.4383600056171417
2018,6,8,9,0,0.8256760239601135,7.553800106048584,247.5,6.062699794769287,N/A,18763,9.655200004577637,2.2038300037384033,0.4280500113964081
2018,6,8,12,0,0.8078169822692871,7.469399929046631,242.5,6.019800186157227,N/A,19743,9.655200004577637,2.2742600440979004,0.4285599887371063
2018,6,8,15,0,0.7907419800758362,7.709099769592285,242.5,6.325399875640869,N/A,20977,6.594600200653076,2.3043899536132812,0.4099699854850769
2018,6,8,18,0,0.785618007183075,8.325900077819824,247.5,7.176499843597412,N/A,19274,6.594600200653076,2.11899995803833,0.3666900098323822
2018,6,8,21,0,0.801069974899292,8.470600128173828,252.5,6.888700008392334,N/A,19217,11.682900428771973,2.092139959335327,0.386570006608963
2018,6,9,0,0,0.8256250023841858,8.756500244140625,257.5,7.336400032043457,N/A,18352,11.682900428771973,2.0076799392700195,0.3673500120639801
2018,6,9,3,0,0.8442860245704651,9.111499786376953,257.5,7.8703999519348145,N/A,16816,11.682900428771973,1.8814899921417236,0.339709997177124
2018,6,9,6,0,0.8605120182037354,9.32919979095459,257.5,8.209099769592285,N/A,16381,10.620800018310547,1.834630012512207,0.3196299970149994
2018,6,9,9,0,0.869189977645874,9.3149995803833,262.5,8.208900451660156,N/A,15542,10.620800018310547,1.790060043334961,0.3157700002193451
2018,6,9,12,0,0.878557026386261,9.314499855041504,262.5,8.227399826049805,N/A,14301,10.620800018310547,1.7179100513458252,0.3145900070667267
2018,6,9,15,0,0.8813440203666687,9.235899925231934,262.5,8.106900215148926,N/A,13541,10.620800018310547,1.680209994316101,0.320360004901886
2018,6,9,18,0,0.8693370223045349,9.12969970703125,257.5,7.994200229644775,N/A,13239,10.620800018310547,1.6726800203323364,0.3273000121116638
2018,6,9,21,0,0.86250901222229,8.987000465393066,257.5,7.449699878692627,N/A,13222,10.620800018310547,1.685629963874817,0.3517799973487854
2018,6,10,0,0,0.8650140166282654,8.758199691772461,262.5,6.946800231933594,N/A,13357,10.620800018310547,1.7170100212097168,0.382099986076355
2018,6,10,3,0,0.8686230182647705,8.96560001373291,262.5,7.434000015258789,N/A,12624,10.620800018310547,1.649209976196289,0.35989001393318176
2018,6,10,6,0,0.8832889795303345,9.235300064086914,262.5,8.022100448608398,N/A,13748,9.655200004577637,1.6962599754333496,0.32405000925064087
2018,6,10,9,0,0.8908969759941101,9.27970027923584,262.5,8.241700172424316,N/A,14786,9.655200004577637,1.757099986076355,0.30963000655174255
2018,6,10,12,0,0.8913429975509644,9.2121000289917,262.5,8.176199913024902,N/A,14724,9.655200004577637,1.7607799768447876,0.3197000026702881
2018,6,10,15,0,0.8887749910354614,9.168100357055664,262.5,8.056599617004395,N/A,13895,9.655200004577637,1.71396005153656,0.3406200110912323
2018,6,10,18,0,0.8861899971961975,9.049099922180176,257.5,7.76609992980957,N/A,13428,9.655200004577637,1.6965500116348267,0.36500000953674316
2018,6,10,21,0,0.8889809846878052,8.746299743652344,257.5,7.091100215911865,N/A,14158,9.655200004577637,1.7745399475097656,0.40057000517845154
2018,6,11,0,0,0.8906769752502441,8.846400260925293,257.5,7.5040998458862305,N/A,14337,9.655200004577637,1.777750015258789,0.37946000695228577
2018,6,11,3,0,0.8901169896125793,8.83899974822998,257.5,7.479800224304199,N/A,13327,9.655200004577637,1.7148900032043457,0.38686999678611755
2018,6,11,6,0,0.8848540186882019,8.87909984588623,257.5,7.639900207519531,N/A,12673,8.77750015258789,1.6677600145339966,0.3918299973011017
2018,6,11,9,0,0.8784189820289612,8.943699836730957,252.5,7.638800144195557,N/A,11518,8.77750015258789,1.581089973449707,0.4181100130081177
2018,6,11,12,0,0.8737850189208984,9.053400039672852,252.5,7.597499847412109,N/A,10636,8.77750015258789,1.5062700510025024,0.44830000400543213
2018,6,11,15,0,0.8693770170211792,9.13700008392334,252.5,7.5015997886657715,N/A,9862,8.77750015258789,1.4400399923324585,0.4791699945926666
2018,6,11,18,0,0.8567669987678528,9.102999687194824,247.5,7.403500080108643,N/A,9637,7.979499816894531,1.4245699644088745,0.49702000617980957
2018,6,11,21,0,0.8353170156478882,8.907099723815918,237.5,7.122499942779541,N/A,10664,7.979499816894531,1.5173300504684448,0.4977700114250183
2018,6,12,0,0,0.8369629979133606,8.967900276184082,232.5,7.209799766540527,N/A,11651,7.979499816894531,1.5803500413894653,0.4848499894142151
2018,6,12,3,0,0.8530009984970093,9.129899978637695,232.5,7.348899841308594,N/A,12011,7.979499816894531,1.5870200395584106,0.47633999586105347
2018,6,12,6,0,0.8703950047492981,9.43589973449707,232.5,7.719600200653076,N/A,11994,7.979499816894531,1.554550051689148,0.4616299867630005
2018,6,12,9,0,0.8787339925765991,9.691300392150879,237.5,8.049500465393066,N/A,12617,18.81559944152832,1.5699299573898315,0.4379099905490875
2018,6,12,12,0,0.8836029767990112,9.95300006866455,242.5,8.35949993133545,N/A,13111,18.81559944152832,1.5763700008392334,0.4177300035953522
2018,6,12,15,0,0.8873729705810547,10.204700469970703,242.5,8.622099876403809,N/A,13239,18.81559944152832,1.561560034751892,0.4059999883174896
2018,6,12,18,0,0.8898640275001526,10.413599967956543,242.5,8.780799865722656,N/A,12650,18.81559944152832,1.5079799890518188,0.40573999285697937
2018,6,12,21,0,0.891211986541748,10.62090015411377,242.5,8.932100296020508,N/A,11932,11.682900428771973,1.4470700025558472,0.4034300148487091
2018,6,13,0,0,0.8923360109329224,10.783300399780273,242.5,9.026700019836426,N/A,10842,17.104999542236328,1.3659900426864624,0.4022499918937683
2018,6,13,3,0,0.8950269818305969,10.813300132751465,242.5,9.066399574279785,N/A,10314,17.104999542236328,1.3301700353622437,0.3941099941730499
2018,6,13,6,0,0.9013879895210266,9.436599731445312,242.5,6.837500095367432,N/A,12079,17.104999542236328,1.552590012550354,0.47067999839782715
2018,6,13,9,0,0.9060530066490173,8.497200012207031,242.5,6.555600166320801,N/A,16186,10.620800018310547,1.9112800359725952,0.46897000074386597
2018,6,13,12,0,0.9088580012321472,8.55270004272461,242.5,6.834099769592285,N/A,18482,10.620800018310547,2.039520025253296,0.4378199875354767
2018,6,13,15,0,0.9078930020332336,8.884699821472168,247.5,7.4394001960754395,N/A,19746,10.620800018310547,2.0683000087738037,0.3972100019454956
2018,6,13,18,0,0.9098920226097107,9.015800476074219,247.5,7.480100154876709,N/A,19734,9.655200004577637,2.0517499446868896,0.3899900019168854
2018,6,13,21,0,0.9103459715843201,8.864899635314941,252.5,7.462100028991699,N/A,22008,9.655200004577637,2.1895999908447266,0.3807399868965149
2018,6,14,0,0,0.9100480079650879,9.02810001373291,252.5,7.7718000411987305,N/A,21349,9.655200004577637,2.13631010055542,0.362309992313385
2018,6,14,3,0,0.9075189828872681,8.909600257873535,252.5,7.39870023727417,N/A,19157,9.655200004577637,2.0358400344848633,0.3840399980545044
2018,6,14,6,0,0.9064239859580994,8.978699684143066,252.5,7.572299957275391,N/A,17913,9.655200004577637,1.9598100185394287,0.3764300048351288
2018,6,14,9,0,0.9061639904975891,9.089699745178223,252.5,7.796800136566162,N/A,17010,9.655200004577637,1.898169994354248,0.3593299984931946
2018,6,14,12,0,0.9062389731407166,9.177300453186035,252.5,7.983099937438965,N/A,16018,9.655200004577637,1.8334399461746216,0.34516000747680664
2018,6,14,15,0,0.9046890139579773,9.250800132751465,257.5,8.140999794006348,N/A,15454,9.655200004577637,1.7943600416183472,0.3320100009441376
2018,6,14,18,0,0.9040510058403015,9.266900062561035,257.5,8.226300239562988,N/A,15019,9.655200004577637,1.7685199975967407,0.322519987821579
2018,6,14,21,0,0.9031609892845154,9.225099563598633,257.5,8.218099594116211,N/A,14228,9.655200004577637,1.7260899543762207,0.320250004529953
2018,6,15,0,0,0.902010977268219,9.176899909973145,257.5,8.182700157165527,N/A,13518,9.655200004577637,1.6874899864196777,0.32093000411987305
2018,6,15,3,0,0.8990880250930786,9.06659984588623,257.5,7.98390007019043,N/A,12175,9.655200004577637,1.6116900444030762,0.3315800130367279
2018,6,15,6,0,0.8994929790496826,9.022199630737305,257.5,7.9959001541137695,N/A,11430,9.655200004577637,1.5670599937438965,0.3277699947357178
2018,6,15,9,0,0.8970350027084351,8.921899795532227,257.5,7.979000091552734,N/A,10976,9.655200004577637,1.5472700595855713,0.32062000036239624
2018,6,15,12,0,0.8948799967765808,8.867199897766113,262.5,7.999100208282471,N/A,11345,9.655200004577637,1.5809299945831299,0.3117400109767914
2018,6,15,15,0,0.8903999924659729,8.753299713134766,262.5,7.902699947357178,N/A,10795,8.77750015258789,1.5540599822998047,0.31582000851631165
2018,6,15,18,0,0.8896049857139587,8.665900230407715,267.5,7.781300067901611,N/A,9925,8.77750015258789,1.4975099563598633,0.32923001050949097
2018,6,15,21,0,0.8884040117263794,7.972799777984619,267.5,6.526400089263916,N/A,9389,8.77750015258789,1.5197900533676147,0.3998900055885315
2018,6,16,0,0,0.8973619937896729,7.404200077056885,267.5,6.014800071716309,N/A,11255,7.979499816894531,1.7294299602508545,0.4308600127696991
2018,6,16,3,0,0.9098510146141052,7.507599830627441,272.5,6.414599895477295,N/A,14969,7.979499816894531,1.9888800382614136,0.37257999181747437
2018,6,16,6,0,0.925000011920929,8.192000389099121,277.5,7.474800109863281,N/A,22295,8.77750015258789,2.3253400325775146,0.2905200123786926
2018,6,16,9,0,0.9335820078849792,8.71500015258789,282.5,8.04259967803955,N/A,25602,8.77750015258789,2.4078900814056396,0.26982998847961426
2018,6,16,12,0,0.9264079928398132,8.653900146484375,287.5,7.942699909210205,N/A,19645,8.77750015258789,2.115609884262085,0.2871699929237366
2018,6,16,15,0,0.9138609766960144,8.43120002746582,287.5,7.672500133514404,N/A,14009,8.77750015258789,1.8107099533081055,0.3137499988079071
2018,6,16,18,0,0.9098010063171387,8.4128999710083,282.5,7.594399929046631,N/A,11522,8.77750015258789,1.6425199508666992,0.3342300057411194
2018,6,16,21,0,0.9141669869422913,8.579099655151367,282.5,7.298399925231934,N/A,11268,8.77750015258789,1.6013799905776978,0.3851200044155121
2018,6,17,0,0,0.9122599959373474,7.732100009918213,282.5,5.9918999671936035,N/A,12823,7.979499816894531,1.7972500324249268,0.49063000082969666
2018,6,17,3,0,0.9044970273971558,7.732999801635742,282.5,5.991000175476074,N/A,14662,7.979499816894531,1.9151300191879272,0.51528000831604
2018,6,17,6,0,0.9086980223655701,8.712200164794922,277.5,6.7357001304626465,N/A,15891,17.104999542236328,1.8582799434661865,0.5073800086975098
2018,6,17,9,0,0.9261400103569031,9.790900230407715,277.5,7.702099800109863,N/A,20614,15.550000190734863,1.9766299724578857,0.46459999680519104
2018,6,17,12,0,0.934332013130188,10.161600112915039,277.5,8.354000091552734,N/A,24765,15.550000190734863,2.125200033187866,0.4143199920654297
2018,6,17,15,0,0.9376339912414551,10.257399559020996,272.5,8.579099655151367,N/A,25359,15.550000190734863,2.1403698921203613,0.3929699957370758
2018,6,17,18,0,0.9409109950065613,10.456999778747559,272.5,8.760600090026855,N/A,25452,14.136300086975098,2.1196000576019287,0.38345998525619507
2018,6,17,21,0,0.9479749798774719,11.180899620056152,272.5,9.326899528503418,N/A,28421,14.136300086975098,2.1512699127197266,0.3643999993801117
2018,6,18,0,0,0.950061023235321,11.057499885559082,272.5,8.897899627685547,N/A,29324,14.136300086975098,2.198859930038452,0.37125998735427856
2018,6,18,3,0,0.9461380243301392,10.567299842834473,272.5,8.266400337219238,N/A,28813,14.136300086975098,2.2364299297332764,0.3904699981212616
2018,6,18,6,0,0.9441779851913452,10.523799896240234,272.5,8.670100212097168,N/A,28449,14.136300086975098,2.2314701080322266,0.365119993686676
2018,6,18,9,0,0.9419100284576416,10.544699668884277,272.5,8.974499702453613,N/A,28805,14.136300086975098,2.247380018234253,0.3414900004863739
2018,6,18,12,0,0.9364280104637146,10.543000221252441,272.5,9.195099830627441,N/A,29071,14.136300086975098,2.263309955596924,0.32113999128341675
2018,6,18,15,0,0.9285749793052673,10.606499671936035,272.5,9.305500030517578,N/A,26723,12.851200103759766,2.162899971008301,0.31512001156806946
2018,6,18,18,0,0.9212679862976074,10.630999565124512,267.5,9.308600425720215,N/A,23292,12.851200103759766,2.016010046005249,0.3155199885368347
2018,6,18,21,0,0.9204469919204712,10.545999526977539,267.5,8.879899978637695,N/A,21959,12.851200103759766,1.965459942817688,0.32624998688697815
2018,6,19,0,0,0.9162039756774902,10.36299991607666,267.5,8.527400016784668,N/A,20181,12.851200103759766,1.9028799533843994,0.3383199870586395
2018,6,19,3,0,0.9064819812774658,10.165499687194824,267.5,8.18850040435791,N/A,18288,12.851200103759766,1.831529974937439,0.35124000906944275
2018,6,19,6,0,0.8971970081329346,10.122300148010254,267.5,8.378800392150879,N/A,16678,11.682900428771973,1.7550699710845947,0.34477999806404114
2018,6,19,9,0,0.8910239934921265,10.083100318908691,262.5,8.345999717712402,N/A,15392,11.682900428771973,1.6906800270080566,0.3443399965763092
2018,6,19,12,0,0.8879770040512085,10.077500343322754,262.5,8.334500312805176,N/A,14512,11.682900428771973,1.6417200565338135,0.348470002412796
2018,6,19,15,0,0.8878870010375977,10.223999977111816,262.5,8.581899642944336,N/A,14278,11.682900428771973,1.6142699718475342,0.3435699939727783
2018,6,19,18,0,0.8892260193824768,10.387700080871582,262.5,8.700599670410156,N/A,14408,14.136300086975098,1.6056699752807617,0.33858999609947205
2018,6,19,21,0,0.8932949900627136,10.530099868774414,262.5,8.785699844360352,N/A,14713,14.136300086975098,1.6089799404144287,0.33169999718666077
2018,6,20,0,0,0.8983820080757141,10.69379997253418,262.5,9.113900184631348,N/A,15088,14.136300086975098,1.6156400442123413,0.3134100139141083
2018,6,20,3,0,0.9046260118484497,10.826800346374512,257.5,9.443599700927734,N/A,15342,12.851200103759766,1.6183799505233765,0.29587000608444214
2018,6,20,6,0,0.9110400080680847,10.933799743652344,257.5,9.66189956665039,N/A,15777,12.851200103759766,1.6323699951171875,0.2810100018978119
2018,6,20,9,0,0.9141489863395691,10.94950008392334,257.5,9.840399742126465,N/A,15961,12.851200103759766,1.6422899961471558,0.26603999733924866
2018,6,20,12,0,0.9140310287475586,10.863200187683105,257.5,9.871100425720215,N/A,15764,12.851200103759766,1.6421600580215454,0.2554999887943268
2018,6,20,15,0,0.9120029807090759,10.719200134277344,257.5,9.647500038146973,N/A,15070,12.851200103759766,1.6200599670410156,0.25562000274658203
2018,6,20,18,0,0.9073740243911743,10.510899543762207,257.5,9.27239990234375,N/A,13844,11.682900428771973,1.5715500116348267,0.2680700123310089
2018,6,20,21,0,0.9020419716835022,10.175000190734863,252.5,8.532500267028809,N/A,12311,11.682900428771973,1.5098899602890015,0.2991499900817871
2018,6,21,0,0,0.8895639777183533,8.902999877929688,257.5,6.491199970245361,N/A,12137,11.682900428771973,1.6100000143051147,0.42138999700546265
2018,6,21,3,0,0.8786159753799438,8.917799949645996,257.5,6.9517998695373535,N/A,11189,11.682900428771973,1.5479099750518799,0.3960300087928772
2018,6,21,6,0,0.8757089972496033,8.765700340270996,257.5,6.854000091552734,N/A,10122,11.682900428771973,1.4880000352859497,0.39671000838279724
2018,6,21,9,0,0.8721179962158203,8.634400367736816,257.5,6.954400062561035,N/A,9337,10.620800018310547,1.4432599544525146,0.38778001070022583
2018,6,21,12,0,0.8696569800376892,8.65779972076416,257.5,7.0619001388549805,N/A,8384,10.620800018310547,1.3669300079345703,0.3792800009250641
2018,6,21,15,0,0.8685939908027649,8.707200050354004,252.5,7.1178998947143555,N/A,7512,10.620800018310547,1.2907400131225586,0.3732300102710724
2018,6,21,18,0,0.8701900243759155,8.853300094604492,252.5,7.331699848175049,N/A,6736,10.620800018310547,1.2117899656295776,0.3600499927997589
2018,6,21,21,0,0.8709120154380798,9.018600463867188,252.5,7.552999973297119,N/A,6070,10.620800018310547,1.1390600204467773,0.349700003862381
2018,6,22,0,0,0.872564971446991,9.16759967803955,247.5,7.7347002029418945,N/A,5497,10.620800018310547,1.0741100311279297,0.3490299880504608
2018,6,22,3,0,0.8732699751853943,9.233699798583984,247.5,7.821700096130371,N/A,5220,9.655200004577637,1.0426499843597412,0.3517799973487854
2018,6,22,6,0,0.8749979734420776,9.094599723815918,247.5,7.639400005340576,N/A,4986,9.655200004577637,1.0270099639892578,0.3633899986743927
2018,6,22,9,0,0.8741390109062195,8.64780044555664,247.5,6.908400058746338,N/A,4855,9.655200004577637,1.0404800176620483,0.3995499908924103
2018,6,22,12,0,0.8694180250167847,8.081100463867188,247.5,6.213699817657471,N/A,4829,11.682900428771973,1.0753899812698364,0.4408299922943115
2018,6,22,15,0,0.8678140044212341,7.380099773406982,252.5,5.820000171661377,N/A,5220,11.682900428771973,1.175089955329895,0.45871999859809875
2018,6,22,18,0,0.8693649768829346,7.42519998550415,252.5,5.983399868011475,N/A,5056,11.682900428771973,1.15392005443573,0.4434399902820587
2018,6,22,21,0,0.8739879727363586,7.695099830627441,252.5,6.19890022277832,N/A,4685,10.620800018310547,1.090250015258789,0.42937999963760376
2018,6,23,0,0,0.87602299451828,7.98769998550415,252.5,6.464399814605713,N/A,4484,10.620800018310547,1.0462199449539185,0.412090003490448
2018,6,23,3,0,0.8794190287590027,8.274800300598145,252.5,6.73829984664917,N/A,4298,10.620800018310547,1.0050699710845947,0.4073899984359741
2018,6,23,6,0,0.8828480243682861,8.54010009765625,252.5,6.916500091552734,N/A,4234,10.620800018310547,0.9802600145339966,0.4162200093269348
2018,6,23,9,0,0.8832569718360901,8.50879955291748,252.5,6.724699974060059,N/A,4342,10.620800018310547,0.9940199851989746,0.43880999088287354
2018,6,23,12,0,0.8798109889030457,8.019499778747559,252.5,6.388199806213379,N/A,4817,9.655200004577637,1.0810500383377075,0.4580099880695343
2018,6,23,15,0,0.8785949945449829,7.663099765777588,257.5,6.320899963378906,N/A,5331,9.655200004577637,1.1676199436187744,0.44005998969078064
2018,6,23,18,0,0.875141978263855,7.52370023727417,262.5,6.386499881744385,N/A,5735,9.655200004577637,1.2254600524902344,0.41508999466896057
2018,6,23,21,0,0.8689500093460083,7.375400066375732,262.5,6.001200199127197,N/A,5643,9.655200004577637,1.227579951286316,0.4438199996948242
2018,6,24,0,0,0.8569639921188354,6.7505998611450195,262.5,5.142600059509277,N/A,6650,9.655200004577637,1.392300009727478,0.5281699895858765
2018,6,24,3,0,0.8448579907417297,7.200399875640869,262.5,5.633200168609619,N/A,6781,7.979499816894531,1.3566299676895142,0.5184800028800964
2018,6,24,6,0,0.8387140035629272,7.747799873352051,257.5,6.0441999435424805,N/A,6132,18.81559944152832,1.2367899417877197,0.5257499814033508
2018,6,24,9,0,0.8416060209274292,8.151399612426758,252.5,6.310200214385986,N/A,5412,18.81559944152832,1.1289299726486206,0.5208100080490112
2018,6,24,12,0,0.8464959859848022,8.371100425720215,252.5,6.492099761962891,N/A,4698,18.81559944152832,1.0362900495529175,0.5099899768829346
2018,6,24,15,0,0.8488770127296448,8.559000015258789,252.5,6.680300235748291,N/A,4290,17.104999542236328,0.9775500297546387,0.49976998567581177
2018,6,24,18,0,0.846858024597168,8.8016996383667,247.5,6.863999843597412,N/A,4154,17.104999542236328,0.9452400207519531,0.5003200173377991
2018,6,24,21,0,0.837261974811554,7.885300159454346,247.5,5.086999893188477,N/A,4347,17.104999542236328,1.0197800397872925,0.6217799782752991
2018,6,25,0,0,0.8014209866523743,6.154200077056885,262.5,4.536399841308594,N/A,6694,17.104999542236328,1.4510300159454346,0.6450999975204468
2018,6,25,3,0,0.8031920194625854,6.757400035858154,262.5,5.1493000984191895,N/A,6478,17.104999542236328,1.3593699932098389,0.590910017490387
2018,6,25,6,0,0.8444979786872864,7.349699974060059,262.5,5.308800220489502,N/A,7016,17.104999542236328,1.347640037536621,0.580839991569519
2018,6,25,9,0,0.8983240127563477,8.50059986114502,267.5,6.436100006103516,N/A,10491,12.851200103759766,1.527269959449768,0.4722000062465668
2018,6,25,12,0,0.9265760183334351,8.977100372314453,267.5,7.022500038146973,N/A,14126,11.682900428771973,1.7264200448989868,0.4097500145435333
2018,6,25,15,0,0.938277006149292,9.2475004196167,267.5,7.707499980926514,N/A,18498,11.682900428771973,1.9523899555206299,0.3524700105190277
2018,6,25,18,0,0.933942973613739,9.201399803161621,267.5,7.873199939727783,N/A,16911,11.682900428771973,1.8764400482177734,0.3355900049209595
2018,6,25,21,0,0.9329509735107422,9.204899787902832,267.5,7.756499767303467,N/A,17976,11.682900428771973,1.9359999895095825,0.33427000045776367
2018,6,26,0,0,0.9320080280303955,9.17959976196289,267.5,8.017900466918945,N/A,18969,10.620800018310547,1.9968600273132324,0.3158400058746338
2018,6,26,3,0,0.933899998664856,9.291600227355957,267.5,8.293000221252441,N/A,19040,10.620800018310547,1.9906500577926636,0.2981700003147125
2018,6,26,6,0,0.9390019774436951,9.414299964904785,267.5,8.516400337219238,N/A,18971,10.620800018310547,1.9747600555419922,0.28336000442504883
2018,6,26,9,0,0.9437810182571411,9.50529956817627,267.5,8.663599967956543,N/A,18636,10.620800018310547,1.9474400281906128,0.2725900113582611
2018,6,26,12,0,0.9446229934692383,9.489999771118164,267.5,8.685799598693848,N/A,17389,10.620800018310547,1.8839499950408936,0.2646400034427643
2018,6,26,15,0,0.9440270066261292,9.391900062561035,267.5,8.614899635314941,N/A,15663,10.620800018310547,1.8001400232315063,0.2585499882698059
2018,6,26,18,0,0.9411219954490662,9.145099639892578,267.5,8.372400283813477,N/A,14038,10.620800018310547,1.732100009918213,0.259799987077713
2018,6,26,21,0,0.9351800084114075,8.767499923706055,267.5,7.724800109863281,N/A,12119,9.655200004577637,1.6486300230026245,0.2842099964618683
2018,6,27,0,0,0.9229339957237244,7.751399993896484,267.5,6.115699768066406,N/A,11049,9.655200004577637,1.679669976234436,0.38672998547554016
2018,6,27,3,0,0.9130939841270447,7.306600093841553,272.5,5.949999809265137,N/A,10153,9.655200004577637,1.6625200510025024,0.3948799967765808
2018,6,27,6,0,0.9113730192184448,7.16510009765625,272.5,6.144999980926514,N/A,10483,8.77750015258789,1.7098000049591064,0.3664500117301941
2018,6,27,9,0,0.9121580123901367,7.229400157928467,277.5,6.325099945068359,N/A,10151,7.979499816894531,1.6757700443267822,0.35190001130104065
2018,6,27,12,0,0.9080430269241333,7.220200061798096,277.5,6.3109002113342285,N/A,8701,7.979499816894531,1.5511000156402588,0.36496999859809875
2018,6,27,15,0,0.907226026058197,7.178500175476074,277.5,6.277200222015381,N/A,7807,7.979499816894531,1.472040057182312,0.377920001745224
2018,6,27,18,0,0.9037610292434692,6.884799957275391,277.5,5.787199974060059,N/A,6689,7.2540998458862305,1.3909000158309937,0.4153900146484375
2018,6,27,21,0,0.9000340104103088,6.222099781036377,277.5,5.069300174713135,N/A,6605,7.2540998458862305,1.4558900594711304,0.45969998836517334
2018,6,28,0,0,0.8962910175323486,6.0777997970581055,277.5,5.076700210571289,N/A,7214,6.594600200653076,1.5422199964523315,0.4328700006008148
2018,6,28,3,0,0.8962069749832153,6.24399995803833,282.5,5.295499801635742,N/A,7414,6.594600200653076,1.5415199995040894,0.41863998770713806
2018,6,28,6,0,0.8951799869537354,6.472700119018555,282.5,5.591400146484375,N/A,7772,6.594600200653076,1.547950029373169,0.40841999650001526
2018,6,28,9,0,0.8949949741363525,6.716300010681152,282.5,5.688600063323975,N/A,7767,6.594600200653076,1.5121699571609497,0.43907999992370605
2018,6,28,12,0,0.9015560150146484,7.284900188446045,277.5,5.985499858856201,N/A,7790,6.594600200653076,1.4422399997711182,0.4663499891757965
2018,6,28,15,0,0.9247000217437744,8.4128999710083,277.5,6.740300178527832,N/A,9669,11.682900428771973,1.482200026512146,0.43511998653411865
2018,6,28,18,0,0.936057984828949,9.09939956665039,272.5,7.429599761962891,N/A,10654,11.682900428771973,1.4952499866485596,0.3797000050544739
2018,6,28,21,0,0.9465569853782654,9.580400466918945,272.5,8.172900199890137,N/A,12306,10.620800018310547,1.5686500072479248,0.31790000200271606
2018,6,29,0,0,0.9491239786148071,9.73330020904541,272.5,8.59060001373291,N/A,13179,10.620800018310547,1.613319993019104,0.2824299931526184
2018,6,29,3,0,0.9457370042800903,9.55270004272461,267.5,8.393099784851074,N/A,12623,10.620800018310547,1.5965499877929688,0.28850001096725464
2018,6,29,6,0,0.9422190189361572,9.065400123596191,267.5,7.845399856567383,N/A,12760,10.620800018310547,1.652209997177124,0.3180199861526489
2018,6,29,9,0,0.9341049790382385,8.835200309753418,267.5,7.611100196838379,N/A,11807,10.620800018310547,1.6121000051498413,0.33414000272750854
2018,6,29,12,0,0.9267290234565735,8.856100082397461,262.5,7.453400135040283,N/A,10360,10.620800018310547,1.5073000192642212,0.35214999318122864
2018,6,29,15,0,0.9191169738769531,8.854999542236328,262.5,7.224899768829346,N/A,9579,10.620800018310547,1.4477800130844116,0.3766399919986725
2018,6,29,18,0,0.912194013595581,8.836000442504883,262.5,7.19789981842041,N/A,8536,10.620800018310547,1.3672399520874023,0.3902300000190735
2018,6,29,21,0,0.9113709926605225,8.878800392150879,262.5,7.353700160980225,N/A,7775,10.620800018310547,1.3017499446868896,0.38273999094963074
2018,6,30,0,0,0.9104189872741699,8.842100143432617,262.5,7.433599948883057,N/A,6945,10.620800018310547,1.233489990234375,0.377020001411438
2018,6,30,3,0,0.9088960289955139,8.83650016784668,262.5,7.495699882507324,N/A,6366,9.655200004577637,1.1813100576400757,0.3755599856376648
2018,6,30,6,0,0.9055520296096802,8.931500434875488,262.5,7.599999904632568,N/A,6229,9.655200004577637,1.1607600450515747,0.38008999824523926
2018,6,30,9,0,0.9013270139694214,9.020000457763672,257.5,7.656499862670898,N/A,6353,9.655200004577637,1.1640900373458862,0.39392000436782837
2018,6,30,12,0,0.8989530205726624,8.97189998626709,257.5,7.645299911499023,N/A,7366,9.655200004577637,1.2569400072097778,0.3959200084209442
2018,6,30,15,0,0.896468997001648,8.82919979095459,257.5,7.480400085449219,N/A,8101,9.655200004577637,1.3300800323486328,0.3980500102043152
2018,6,30,18,0,0.8934339880943298,8.642600059509277,257.5,7.173299789428711,N/A,8064,9.655200004577637,1.3422600030899048,0.40838998556137085
2018,6,30,21,0,0.889743983745575,8.097800254821777,257.5,6.298600196838379,N/A,8112,9.655200004577637,1.3931900262832642,0.4525600075721741
2018,7,1,0,0,0.8885679841041565,7.958600044250488,262.5,6.535299777984619,N/A,8776,8.77750015258789,1.4651700258255005,0.43178999423980713
2018,7,1,3,0,0.8905929923057556,8.078399658203125,262.5,6.801599979400635,N/A,8839,8.77750015258789,1.4599000215530396,0.4162600040435791
2018,7,1,6,0,0.8941540122032166,8.181099891662598,262.5,7.014200210571289,N/A,9788,8.77750015258789,1.5277199745178223,0.39921998977661133
2018,7,1,9,0,0.8928449749946594,8.220000267028809,262.5,7.031000137329102,N/A,10989,8.77750015258789,1.6151599884033203,0.39546000957489014
2018,7,1,12,0,0.8919960260391235,7.903800010681152,267.5,6.546800136566162,N/A,12022,7.979499816894531,1.7235599756240845,0.4229399859905243
2018,7,1,15,0,0.8926129937171936,7.757900238037109,267.5,6.3815999031066895,N/A,12522,7.979499816894531,1.7763299942016602,0.4290800094604492
2018,7,1,18,0,0.894070029258728,7.570700168609619,267.5,6.3267998695373535,N/A,13957,7.979499816894531,1.9031699895858765,0.41523000597953796
2018,7,1,21,0,0.8931229710578918,7.417799949645996,272.5,6.258800029754639,N/A,16337,7.979499816894531,2.086329936981201,0.39660000801086426
2018,7,2,0,0,0.8869490027427673,7.296899795532227,272.5,6.2052001953125,N/A,17758,7.2540998458862305,2.1959099769592285,0.389490008354187
2018,7,2,3,0,0.883683979511261,7.137499809265137,277.5,6.033899784088135,N/A,18621,7.2540998458862305,2.27485990524292,0.3964200019836426
2018,7,2,6,0,0.888526976108551,7.315100193023682,277.5,6.314700126647949,N/A,20217,7.2540998458862305,2.3429598808288574,0.3699199855327606
2018,7,2,9,0,0.8923479914665222,7.429500102996826,277.5,6.469099998474121,N/A,20942,7.979499816894531,2.3667800426483154,0.3562900125980377
2018,7,2,12,0,0.8956059813499451,7.532700061798096,277.5,6.619699954986572,N/A,21029,7.979499816894531,2.3558599948883057,0.34338998794555664
2018,7,2,15,0,0.8956369757652283,7.662700176239014,277.5,6.706099987030029,N/A,19096,7.979499816894531,2.223299980163574,0.34547001123428345
2018,7,2,18,0,0.8999660015106201,7.789899826049805,272.5,6.838600158691406,N/A,18343,7.979499816894531,2.159909963607788,0.33992999792099
2018,7,2,21,0,0.9061239957809448,7.8007001876831055,277.5,6.830699920654297,N/A,19571,7.979499816894531,2.2311699390411377,0.33410000801086426
2018,7,3,0,0,0.9083790183067322,7.827199935913086,277.5,6.933599948883057,N/A,20345,7.979499816894531,2.2726500034332275,0.3218100070953369
2018,7,3,3,0,0.9093289971351624,7.935800075531006,282.5,7.129700183868408,N/A,19410,7.979499816894531,2.205169916152954,0.30594998598098755
2018,7,3,6,0,0.9121879935264587,8.094499588012695,282.5,7.405200004577637,N/A,18113,7.979499816894531,2.10932993888855,0.2867799997329712
2018,7,3,9,0,0.9125120043754578,8.180700302124023,282.5,7.505899906158447,N/A,16069,7.979499816894531,1.975450038909912,0.28255000710487366
2018,7,3,12,0,0.9068359732627869,8.149499893188477,282.5,7.462399959564209,N/A,13359,7.979499816894531,1.8037400245666504,0.2893100082874298
2018,7,3,15,0,0.8945479989051819,8.107999801635742,282.5,7.355400085449219,N/A,10648,7.979499816894531,1.6119400262832642,0.30862998962402344
2018,7,3,18,0,0.8873819708824158,8.09529972076416,277.5,7.295000076293945,N/A,9225,7.979499816894531,1.499459981918335,0.32273998856544495
2018,7,3,21,0,0.8846240043640137,8.130599975585938,277.5,7.30019998550415,N/A,8628,7.979499816894531,1.4455499649047852,0.3292500078678131
2018,7,4,0,0,0.8791999816894531,8.104999542236328,277.5,7.116199970245361,N/A,8006,7.979499816894531,1.3932199478149414,0.34588998556137085
2018,7,4,3,0,0.8727660179138184,8.169400215148926,277.5,7.2469000816345215,N/A,7362,7.979499816894531,1.3292200565338135,0.3485400080680847
2018,7,4,6,0,0.8653339743614197,8.173600196838379,277.5,7.210999965667725,N/A,6574,7.979499816894531,1.2540700435638428,0.3613699972629547
2018,7,4,9,0,0.8580020070075989,8.16510009765625,272.5,7.0991997718811035,N/A,5674,7.979499816894531,1.1639000177383423,0.38001999258995056
2018,7,4,12,0,0.8451949954032898,7.851799964904785,272.5,5.937900066375732,N/A,4773,7.2540998458862305,1.0874700546264648,0.44661998748779297
2018,7,4,15,0,0.8070420026779175,7.247700214385986,272.5,5.095099925994873,N/A,4358,7.2540998458862305,1.0808000564575195,0.5298299789428711
2018,7,4,18,0,0.7236829996109009,6.4182000160217285,272.5,4.34689998626709,N/A,4243,7.979499816894531,1.1339800357818604,0.6182699799537659
2018,7,4,21,0,0.7436500191688538,6.9618000984191895,267.5,4.732100009918213,N/A,3682,17.104999542236328,1.0100599527359009,0.596340000629425
2018,7,5,0,0,0.8304269909858704,8.29740047454834,262.5,5.964399814605713,N/A,3166,17.104999542236328,0.8531399965286255,0.49983999133110046
2018,7,5,3,0,0.840831995010376,8.38659954071045,262.5,5.916900157928467,N/A,3109,17.104999542236328,0.8400599956512451,0.5018699765205383
2018,7,5,6,0,0.808430016040802,7.894199848175049,252.5,5.699399948120117,N/A,3329,17.104999542236328,0.897159993648529,0.5333099961280823
2018,7,5,9,0,0.7908040285110474,7.67710018157959,247.5,5.581399917602539,N/A,3508,17.104999542236328,0.9344599843025208,0.5466300249099731
2018,7,5,12,0,0.7802929878234863,7.786600112915039,242.5,5.787799835205078,N/A,3530,17.104999542236328,0.929639995098114,0.5401300191879272
2018,7,5,15,0,0.7876480221748352,8.091300010681152,242.5,6.045000076293945,N/A,3408,17.104999542236328,0.8942400217056274,0.5253700017929077
2018,7,5,18,0,0.8079410195350647,8.160799980163574,242.5,5.848400115966797,N/A,3327,17.104999542236328,0.8796399831771851,0.5263299942016602
2018,7,5,21,0,0.830344021320343,7.918600082397461,247.5,5.3516998291015625,N/A,3360,8.77750015258789,0.8985400199890137,0.5487499833106995
2018,7,6,0,0,0.8478999733924866,8.276900291442871,247.5,5.869100093841553,N/A,3345,15.550000190734863,0.8759300112724304,0.5153800249099731
2018,7,6,3,0,0.855879008769989,8.687299728393555,247.5,6.388500213623047,N/A,3328,15.550000190734863,0.8506199717521667,0.49000000953674316
2018,7,6,6,0,0.8516349792480469,8.437399864196777,242.5,6.265699863433838,N/A,3538,15.550000190734863,0.890470027923584,0.5047600269317627
2018,7,6,9,0,0.8509100079536438,7.456200122833252,237.5,5.638999938964844,N/A,4556,15.550000190734863,1.0847200155258179,0.5166900157928467
2018,7,6,12,0,0.8572390079498291,6.9274001121521,227.5,5.56790018081665,N/A,6182,7.2540998458862305,1.3219599723815918,0.4742000102996826
2018,7,6,15,0,0.8662919998168945,6.86899995803833,222.5,5.714700222015381,N/A,8334,7.2540998458862305,1.548949956893921,0.4238699972629547
2018,7,6,18,0,0.8684399724006653,6.812399864196777,212.5,5.651599884033203,N/A,10810,7.2540998458862305,1.7739900350570679,0.417820006608963
2018,7,6,21,0,0.8697260022163391,6.890999794006348,207.5,5.700099945068359,N/A,12846,7.2540998458862305,1.9222300052642822,0.4175800085067749
2018,7,7,0,0,0.8738470077514648,6.936100006103516,207.5,5.743000030517578,N/A,13856,7.2540998458862305,1.9895199537277222,0.4154199957847595
2018,7,7,3,0,0.8749819993972778,7.108699798583984,207.5,5.999599933624268,N/A,12977,7.2540998458862305,1.9012099504470825,0.3979499936103821
2018,7,7,6,0,0.863083004951477,7.324699878692627,207.5,6.261600017547607,N/A,10918,7.2540998458862305,1.7160500288009644,0.3861899971961975
2018,7,7,9,0,0.8436269760131836,7.382599830627441,212.5,6.273600101470947,N/A,9332,7.2540998458862305,1.5787400007247925,0.3896700143814087
2018,7,7,12,0,0.8343589901924133,7.451300144195557,212.5,6.292699813842773,N/A,8235,7.2540998458862305,1.4730600118637085,0.4000700116157532
2018,7,7,15,0,0.8339139819145203,7.6209001541137695,217.5,6.355599880218506,N/A,7536,7.2540998458862305,1.388100028038025,0.41585999727249146
2018,7,7,18,0,0.8406749963760376,7.785399913787842,217.5,6.3231000900268555,N/A,7061,14.136300086975098,1.323580026626587,0.43904998898506165
2018,7,7,21,0,0.8469510078430176,7.810400009155273,222.5,6.171899795532227,N/A,6749,14.136300086975098,1.288059949874878,0.4635399878025055
2018,7,8,0,0,0.8514930009841919,8.009200096130371,222.5,6.456699848175049,N/A,6224,14.136300086975098,1.2187199592590332,0.45862001180648804
2018,7,8,3,0,0.8564800024032593,8.133199691772461,227.5,6.608399868011475,N/A,5627,14.136300086975098,1.1484400033950806,0.4561600089073181
2018,7,8,6,0,0.859004020690918,8.190099716186523,227.5,6.682300090789795,N/A,5185,14.136300086975098,1.0981800556182861,0.45427998900413513
2018,7,8,9,0,0.8625479936599731,8.222200393676758,227.5,6.686100006103516,N/A,4786,14.136300086975098,1.0524100065231323,0.45778998732566833
2018,7,8,12,0,0.8675879836082458,8.37030029296875,232.5,6.747399806976318,N/A,4557,14.136300086975098,1.016029953956604,0.4577000141143799
2018,7,8,15,0,0.8713300228118896,8.559900283813477,232.5,6.836299896240234,N/A,4446,12.851200103759766,0.9903799891471863,0.45645999908447266
2018,7,8,18,0,0.8753600120544434,8.755800247192383,232.5,6.930099964141846,N/A,4376,12.851200103759766,0.9693599939346313,0.45537999272346497
2018,7,8,21,0,0.8688369989395142,7.883600234985352,237.5,5.2230000495910645,N/A,4455,12.851200103759766,1.0316400527954102,0.5603100061416626
2018,7,9,0,0,0.8359770178794861,6.750699996948242,242.5,4.6528000831604,N/A,5225,12.851200103759766,1.2156100273132324,0.6165400147438049
2018,7,9,3,0,0.8295609951019287,7.036600112915039,247.5,4.96750020980835,N/A,5016,12.851200103759766,1.1666300296783447,0.5849400162696838
2018,7,9,6,0,0.8348169922828674,7.484499931335449,247.5,5.424200057983398,N/A,4688,12.851200103759766,1.0931199789047241,0.543690025806427
2018,7,9,9,0,0.8419749736785889,7.860400199890137,247.5,5.868599891662598,N/A,4506,12.851200103759766,1.0460400581359863,0.5051000118255615
2018,7,9,12,0,0.8493469953536987,8.13949966430664,247.5,6.22189998626709,N/A,4386,12.851200103759766,1.0140399932861328,0.4770199954509735
2018,7,9,15,0,0.8559769988059998,8.36769962310791,247.5,6.528600215911865,N/A,4274,12.851200103759766,0.9866999983787537,0.45723000168800354
2018,7,9,18,0,0.8594849705696106,8.541799545288086,242.5,6.780700206756592,N/A,4214,15.550000190734863,0.9690300226211548,0.4426499903202057
2018,7,9,21,0,0.8620550036430359,8.51729965209961,242.5,6.51230001449585,N/A,4143,15.550000190734863,0.9612600207328796,0.45590999722480774
2018,7,10,0,0,0.8646759986877441,8.670999526977539,242.5,6.730899810791016,N/A,4017,15.550000190734863,0.9360700249671936,0.4527899920940399
2018,7,10,3,0,0.8660420179367065,8.784299850463867,242.5,6.842299938201904,N/A,3911,15.550000190734863,0.9159899950027466,0.45337000489234924
2018,7,10,6,0,0.8682460188865662,8.880000114440918,242.5,6.904200077056885,N/A,3811,15.550000190734863,0.8980500102043152,0.4535300135612488
2018,7,10,9,0,0.8699690103530884,8.956199645996094,237.5,6.9532999992370605,N/A,3720,14.136300086975098,0.8827099800109863,0.45190998911857605
2018,7,10,12,0,0.8717129826545715,9.074399948120117,237.5,7.024899959564209,N/A,3590,14.136300086975098,0.8602200150489807,0.4491899907588959
2018,7,10,15,0,0.8650979995727539,9.248700141906738,242.5,7.200900077819824,N/A,3697,14.136300086975098,0.8636299967765808,0.43858999013900757
2018,7,10,18,0,0.8538529872894287,9.564399719238281,247.5,7.487400054931641,N/A,4086,14.136300086975098,0.8908900022506714,0.4212299883365631
2018,7,10,21,0,0.8434290289878845,8.911800384521484,252.5,5.819799900054932,N/A,5136,14.136300086975098,1.035979986190796,0.49807998538017273
2018,7,11,0,0,0.8421739935874939,8.313300132751465,262.5,5.542099952697754,N/A,7012,11.682900428771973,1.2587100267410278,0.5256100296974182
2018,7,11,3,0,0.8559169769287109,8.126099586486816,267.5,5.81220006942749,N/A,9318,11.682900428771973,1.4752800464630127,0.49726998805999756
2018,7,11,6,0,0.870311975479126,8.21780014038086,267.5,6.437099933624268,N/A,11720,11.682900428771973,1.6532000303268433,0.43806999921798706
2018,7,11,9,0,0.8773890137672424,8.287400245666504,272.5,6.7829999923706055,N/A,13024,10.620800018310547,1.7398500442504883,0.40623998641967773
2018,7,11,12,0,0.8785709738731384,8.526300430297852,272.5,7.221799850463867,N/A,12996,10.620800018310547,1.71396005153656,0.3785000145435333
2018,7,11,15,0,0.8759689927101135,8.718199729919434,272.5,7.432300090789795,N/A,12264,10.620800018310547,1.6452499628067017,0.36879000067710876
2018,7,11,18,0,0.8717169761657715,8.788900375366211,272.5,7.276599884033203,N/A,11168,11.682900428771973,1.562209963798523,0.37814998626708984
2018,7,11,21,0,0.8698930144309998,7.52810001373291,272.5,5.646999835968018,N/A,11639,11.682900428771973,1.7302900552749634,0.4849399924278259
2018,7,12,0,0,0.8755999803543091,7.328100204467773,272.5,5.910200119018555,N/A,13676,6.594600200653076,1.9107600450515747,0.44422999024391174
2018,7,12,3,0,0.8818209767341614,7.765200138092041,277.5,6.369900226593018,N/A,12461,6.594600200653076,1.769629955291748,0.4181300103664398
2018,7,12,6,0,0.8933410048484802,7.944300174713135,277.5,6.785900115966797,N/A,13611,7.2540998458862305,1.8313699960708618,0.38137999176979065
2018,7,12,9,0,0.910618007183075,8.356800079345703,282.5,7.484000205993652,N/A,16658,7.979499816894531,1.9790899753570557,0.32076001167297363
2018,7,12,12,0,0.9150140285491943,8.561800003051758,282.5,7.769000053405762,N/A,17170,7.979499816894531,1.9852700233459473,0.3001199960708618
2018,7,12,15,0,0.9152309894561768,8.586299896240234,282.5,7.73330020904541,N/A,16224,7.979499816894531,1.924630045890808,0.31220000982284546
2018,7,12,18,0,0.917264997959137,8.594400405883789,282.5,7.584799766540527,N/A,15657,7.979499816894531,1.8874000310897827,0.3306899964809418
2018,7,12,21,0,0.9254279732704163,8.157500267028809,282.5,6.789000034332275,N/A,19211,8.77750015258789,2.149090051651001,0.37220001220703125
2018,7,13,0,0,0.9256730079650879,8.151399612426758,282.5,6.973999977111816,N/A,21469,8.77750015258789,2.275860071182251,0.35295000672340393
2018,7,13,3,0,0.9275370240211487,8.510700225830078,282.5,7.592899799346924,N/A,21458,8.77750015258789,2.2267301082611084,0.3103100061416626
2018,7,13,6,0,0.9298760294914246,8.639399528503418,287.5,7.848999977111816,N/A,21505,8.77750015258789,2.214329957962036,0.2882699966430664
2018,7,13,9,0,0.9322919845581055,8.797900199890137,287.5,8.055000305175781,N/A,22674,8.77750015258789,2.2523200511932373,0.2777999937534332
2018,7,13,12,0,0.9322620034217834,8.902700424194336,287.5,8.200499534606934,N/A,22873,9.655200004577637,2.2487099170684814,0.27230000495910645
2018,7,13,15,0,0.9230419993400574,8.782299995422363,282.5,8.02560043334961,N/A,20202,8.77750015258789,2.1277999877929688,0.29190999269485474
2018,7,13,18,0,0.9165729880332947,8.597399711608887,282.5,7.739699840545654,N/A,18567,8.77750015258789,2.0625200271606445,0.3104900121688843
2018,7,13,21,0,0.9203349947929382,8.116900444030762,282.5,6.969600200653076,N/A,21279,8.77750015258789,2.276479959487915,0.3440900146961212
2018,7,14,0,0,0.9242309927940369,8.207599639892578,282.5,7.32390022277832,N/A,24330,8.77750015258789,2.4242498874664307,0.3073900043964386
2018,7,14,3,0,0.926222026348114,8.524800300598145,287.5,7.820099830627441,N/A,25129,8.77750015258789,2.4165000915527344,0.2747800052165985
2018,7,14,6,0,0.9224200248718262,8.604700088500977,287.5,7.918000221252441,N/A,23305,8.77750015258789,2.315000057220459,0.2758899927139282
2018,7,14,9,0,0.9158610105514526,8.680999755859375,287.5,7.976600170135498,N/A,22339,8.77750015258789,2.253959894180298,0.2834100127220154
2018,7,14,12,0,0.9014220237731934,8.67490005493164,282.5,7.932499885559082,N/A,19538,8.77750015258789,2.1065399646759033,0.29780998826026917
2018,7,14,15,0,0.8825209736824036,8.572999954223633,282.5,7.769599914550781,N/A,15941,8.77750015258789,1.9120500087738037,0.319350004196167
2018,7,14,18,0,0.8564479947090149,8.484299659729004,277.5,7.578499794006348,N/A,12556,8.77750015258789,1.7017699480056763,0.3490400016307831
2018,7,14,21,0,0.8465669751167297,8.430800437927246,277.5,7.427599906921387,N/A,10828,7.979499816894531,1.583050012588501,0.36594000458717346
2018,7,15,0,0,0.8399670124053955,7.7581000328063965,277.5,6.161499977111816,N/A,9921,7.979499816894531,1.5799399614334106,0.44273999333381653
2018,7,15,3,0,0.8314470052719116,7.665299892425537,277.5,6.200300216674805,N/A,9143,7.979499816894531,1.5251100063323975,0.4458500146865845
2018,7,15,6,0,0.8161979913711548,7.753600120544434,272.5,6.30079984664917,N/A,8234,7.979499816894531,1.4346100091934204,0.4585399925708771
2018,7,15,9,0,0.8039360046386719,7.995500087738037,267.5,6.524400234222412,N/A,7665,7.2540998458862305,1.3574999570846558,0.4650599956512451
2018,7,15,12,0,0.8028209805488586,8.247699737548828,267.5,6.778600215911865,N/A,7872,7.2540998458862305,1.3517299890518188,0.4555099904537201
2018,7,15,15,0,0.8048310279846191,8.389300346374512,267.5,7.034800052642822,N/A,8546,7.2540998458862305,1.397670030593872,0.4314199984073639
2018,7,15,18,0,0.8089389801025391,8.222900390625,267.5,6.781000137329102,N/A,8909,7.2540998458862305,1.4432200193405151,0.4348500072956085
2018,7,15,21,0,0.8119860291481018,7.768799781799316,267.5,6.078199863433838,N/A,9112,7.2540998458862305,1.5043100118637085,0.4675300121307373
2018,7,16,0,0,0.8160179853439331,7.210899829864502,272.5,5.62470006942749,N/A,9904,7.2540998458862305,1.6336499452590942,0.4857099950313568
2018,7,16,3,0,0.8223829865455627,7.410099983215332,272.5,6.045899868011475,N/A,10077,7.2540998458862305,1.6276899576187134,0.44429999589920044
2018,7,16,6,0,0.8300700187683105,7.696800231933594,272.5,6.457499980926514,N/A,9944,7.2540998458862305,1.5861599445343018,0.41471999883651733
2018,7,16,9,0,0.8450649976730347,8.001899719238281,272.5,6.96619987487793,N/A,11098,7.979499816894531,1.6456199884414673,0.37237000465393066
2018,7,16,12,0,0.8571799993515015,8.270899772644043,277.5,7.384799957275391,N/A,12874,7.979499816894531,1.7459900379180908,0.3337100148200989
2018,7,16,15,0,0.8450139760971069,8.310500144958496,277.5,7.397299766540527,N/A,12079,7.979499816894531,1.6845799684524536,0.34143000841140747
2018,7,16,18,0,0.8304979801177979,8.34469985961914,272.5,7.349400043487549,N/A,10906,7.979499816894531,1.5933300256729126,0.35778000950813293
2018,7,16,21,0,0.8290619850158691,8.495100021362305,272.5,7.429500102996826,N/A,10810,7.979499816894531,1.5694700479507446,0.3580799996852875
2018,7,17,0,0,0.8306940197944641,8.608400344848633,272.5,7.561299800872803,N/A,10863,7.979499816894531,1.5619399547576904,0.35071998834609985
2018,7,17,3,0,0.8352869749069214,8.683300018310547,272.5,7.675899982452393,N/A,10856,7.979499816894531,1.5549299716949463,0.3405900001525879
2018,7,17,6,0,0.8460659980773926,8.678000450134277,277.5,7.736000061035156,N/A,11218,7.979499816894531,1.5838899612426758,0.3256700038909912
2018,7,17,9,0,0.8618869781494141,8.634499549865723,277.5,7.800899982452393,N/A,12330,7.979499816894531,1.6694300174713135,0.3049899935722351
2018,7,17,12,0,0.8716359734535217,8.646900177001953,282.5,7.8531999588012695,N/A,12882,7.979499816894531,1.7069900035858154,0.29482999444007874
2018,7,17,15,0,0.8756719827651978,8.65719985961914,282.5,7.86329984664917,N/A,13109,7.979499816894531,1.721500039100647,0.2931700050830841
2018,7,17,18,0,0.873320996761322,8.636300086975098,282.5,7.679900169372559,N/A,12679,9.655200004577637,1.6949399709701538,0.3031400144100189
2018,7,17,21,0,0.8836870193481445,8.719499588012695,282.5,7.832900047302246,N/A,13705,9.655200004577637,1.754289984703064,0.2941100001335144
2018,7,18,0,0,0.8846610188484192,8.746399879455566,282.5,7.9475998878479,N/A,13441,9.655200004577637,1.7343599796295166,0.29017001390457153
2018,7,18,3,0,0.8827419877052307,8.692000389099121,282.5,7.885499954223633,N/A,12752,9.655200004577637,1.6948100328445435,0.29357001185417175
2018,7,18,6,0,0.8811489939689636,8.566100120544434,282.5,7.742000102996826,N/A,12065,9.655200004577637,1.6616899967193604,0.299560010433197
2018,7,18,9,0,0.8969749808311462,8.392900466918945,282.5,7.655700206756592,N/A,14339,8.77750015258789,1.8363399505615234,0.2851099967956543
2018,7,18,12,0,0.9041240215301514,8.204299926757812,282.5,7.515999794006348,N/A,15466,7.979499816894531,1.9336899518966675,0.2797200083732605
2018,7,18,15,0,0.9037879705429077,7.868000030517578,282.5,7.081600189208984,N/A,14582,7.979499816894531,1.9199199676513672,0.30313000082969666
2018,7,18,18,0,0.8952810168266296,7.622600078582764,282.5,6.768099784851074,N/A,12155,7.2540998458862305,1.7797800302505493,0.3345400094985962
2018,7,18,21,0,0.8887410163879395,7.599899768829346,282.5,6.681300163269043,N/A,9996,7.2540998458862305,1.614259958267212,0.354420006275177
2018,7,19,0,0,0.8840929865837097,7.6946001052856445,282.5,6.651199817657471,N/A,8391,9.655200004577637,1.4663000106811523,0.3756699860095978
2018,7,19,3,0,0.883899986743927,7.67549991607666,282.5,6.579899787902832,N/A,7656,9.655200004577637,1.4020999670028687,0.3800700008869171
2018,7,19,6,0,0.8877869844436646,7.646900177001953,282.5,6.585599899291992,N/A,7529,7.979499816894531,1.3930799961090088,0.3782700002193451
2018,7,19,9,0,0.8947309851646423,7.5117998123168945,277.5,6.53000020980835,N/A,8071,7.2540998458862305,1.4581799507141113,0.3667899966239929
2018,7,19,12,0,0.9052960276603699,7.514200210571289,277.5,6.691800117492676,N/A,9544,7.2540998458862305,1.5892599821090698,0.3379400074481964
2018,7,19,15,0,0.9143819808959961,7.678999900817871,282.5,6.923099994659424,N/A,10615,7.979499816894531,1.6586400270462036,0.32016998529434204
2018,7,19,18,0,0.9195200204849243,7.713799953460693,282.5,6.980100154876709,N/A,10818,7.979499816894531,1.6709500551223755,0.3159799873828888
2018,7,19,21,0,0.9275959730148315,7.747300148010254,282.5,6.951099872589111,N/A,11773,7.979499816894531,1.7396999597549438,0.315420001745224
2018,7,20,0,0,0.9309430122375488,7.326000213623047,282.5,6.392899990081787,N/A,15178,7.979499816894531,2.0357398986816406,0.3373599946498871
2018,7,20,3,0,0.9270349740982056,7.543600082397461,287.5,6.780799865722656,N/A,15065,7.979499816894531,1.9986799955368042,0.3130800127983093
2018,7,20,6,0,0.9260900020599365,7.60290002822876,287.5,6.89169979095459,N/A,14111,7.979499816894531,1.9263700246810913,0.31000998616218567
2018,7,20,9,0,0.927819013595581,7.587100028991699,287.5,6.8744001388549805,N/A,14071,7.979499816894531,1.9261200428009033,0.3098500072956085
2018,7,20,12,0,0.9272189736366272,7.52869987487793,282.5,6.823999881744385,N/A,12629,7.979499816894531,1.831529974937439,0.3172999918460846
2018,7,20,15,0,0.9221289753913879,7.490600109100342,282.5,6.7221999168396,N/A,9962,7.2540998458862305,1.6280699968338013,0.34657999873161316
2018,7,20,18,0,0.9170129895210266,7.518700122833252,277.5,6.6290998458862305,N/A,8113,7.2540998458862305,1.4632400274276733,0.3869599997997284
2018,7,20,21,0,0.9157990217208862,7.02400016784668,277.5,5.632400035858154,N/A,8355,7.2540998458862305,1.5362999439239502,0.4629400074481964
2018,7,21,0,0,0.9151859879493713,6.993800163269043,277.5,5.925899982452393,N/A,10885,7.2540998458862305,1.7610399723052979,0.41749000549316406
2018,7,21,3,0,0.9186949729919434,7.322000026702881,282.5,6.376699924468994,N/A,12166,7.2540998458862305,1.8204100131988525,0.3742699921131134
2018,7,21,6,0,0.9225590229034424,7.63539981842041,282.5,6.85699987411499,N/A,13548,7.979499816894531,1.8813999891281128,0.33820000290870667
2018,7,21,9,0,0.9189389944076538,7.801300048828125,282.5,7.024099826812744,N/A,12779,7.979499816894531,1.805799961090088,0.3452000021934509
2018,7,21,12,0,0.9047669768333435,7.897900104522705,282.5,6.984099864959717,N/A,10798,7.979499816894531,1.6449400186538696,0.39061999320983887
2018,7,21,15,0,0.8959599733352661,8.000900268554688,277.5,6.928800106048584,N/A,9770,7.979499816894531,1.5496400594711304,0.4315600097179413
2018,7,21,18,0,0.8954790234565735,8.043399810791016,277.5,6.9004998207092285,N/A,9280,7.979499816894531,1.5041300058364868,0.44159001111984253
2018,7,21,21,0,0.8897849917411804,7.83459997177124,277.5,6.4166998863220215,N/A,8424,7.2540998458862305,1.4507800340652466,0.46612998843193054
2018,7,22,0,0,0.8795620203018188,7.48799991607666,277.5,5.935500144958496,N/A,8054,7.2540998458862305,1.4500600099563599,0.4939900040626526
2018,7,22,3,0,0.867376983165741,7.819799900054932,277.5,6.364299774169922,N/A,7885,7.2540998458862305,1.3995399475097656,0.48263999819755554
2018,7,22,6,0,0.8534020185470581,8.205300331115723,272.5,6.613800048828125,N/A,7594,7.2540998458862305,1.333490014076233,0.5021499991416931
2018,7,22,9,0,0.8475660085678101,8.449000358581543,267.5,6.729599952697754,N/A,7654,7.2540998458862305,1.3149000406265259,0.5169299840927124
2018,7,22,12,0,0.850525975227356,8.462300300598145,267.5,6.793499946594238,N/A,8007,7.2540998458862305,1.3448699712753296,0.5142800211906433
2018,7,22,15,0,0.8579099774360657,8.320699691772461,272.5,6.821300029754639,N/A,8236,7.2540998458862305,1.3802000284194946,0.49671998620033264
2018,7,22,18,0,0.8620309829711914,8.002699851989746,272.5,6.450200080871582,N/A,7739,7.2540998458862305,1.3674299716949463,0.502560019493103
2018,7,22,21,0,0.8602499961853027,7.080599784851074,272.5,5.317299842834473,N/A,7872,7.2540998458862305,1.4703199863433838,0.5652300119400024
2018,7,23,0,0,0.8529210090637207,6.799099922180176,277.5,5.313000202178955,N/A,9269,6.594600200653076,1.632159948348999,0.5435799956321716
2018,7,23,3,0,0.8445870280265808,7.285099983215332,272.5,5.7357001304626465,N/A,9097,6.594600200653076,1.5559300184249878,0.5298900008201599
2018,7,23,6,0,0.843828022480011,7.566100120544434,272.5,5.903800010681152,N/A,9434,6.594600200653076,1.5505800247192383,0.5289099812507629
2018,7,23,9,0,0.8520219922065735,7.818999767303467,267.5,6.2677998542785645,N/A,10076,7.2540998458862305,1.5749399662017822,0.511389970779419
2018,7,23,12,0,0.8627889752388,8.081899642944336,267.5,6.651700019836426,N/A,10968,7.2540998458862305,1.6179399490356445,0.48210999369621277
2018,7,23,15,0,0.8670039772987366,8.211000442504883,267.5,6.856599807739258,N/A,11480,7.2540998458862305,1.6440399885177612,0.4664900004863739
2018,7,23,18,0,0.862608015537262,8.279899597167969,267.5,6.816299915313721,N/A,10568,7.2540998458862305,1.5689899921417236,0.48050999641418457
2018,7,23,21,0,0.8551009893417358,8.267600059509277,267.5,6.513700008392334,N/A,9508,7.2540998458862305,1.4860399961471558,0.5151000022888184
2018,7,24,0,0,0.8490639925003052,8.360899925231934,262.5,6.486700057983398,N/A,9235,7.2540998458862305,1.454200029373169,0.5287799835205078
2018,7,24,3,0,0.8431289792060852,8.522600173950195,262.5,6.640399932861328,N/A,9424,7.2540998458862305,1.453160047531128,0.5308899879455566
2018,7,24,6,0,0.83719801902771,8.692899703979492,262.5,6.799499988555908,N/A,9656,7.2540998458862305,1.4544899463653564,0.5301700234413147
2018,7,24,9,0,0.8343790173530579,8.816900253295898,262.5,6.9182000160217285,N/A,9933,7.2540998458862305,1.4637199640274048,0.5291000008583069
2018,7,24,12,0,0.8363720178604126,8.858200073242188,262.5,7.010000228881836,N/A,10528,7.2540998458862305,1.5045599937438965,0.5253999829292297
2018,7,24,15,0,0.838047981262207,8.939299583435059,262.5,7.148799896240234,N/A,11273,7.2540998458862305,1.5512399673461914,0.5175899863243103
2018,7,24,18,0,0.8374350070953369,9.059399604797363,257.5,7.132800102233887,N/A,11395,7.2540998458862305,1.5470399856567383,0.5279200077056885
2018,7,24,21,0,0.838886022567749,9.081899642944336,257.5,6.789599895477295,N/A,11488,7.2540998458862305,1.5477700233459473,0.5549799799919128
2018,7,25,0,0,0.8379740118980408,9.113900184631348,252.5,6.649600028991699,N/A,11882,17.104999542236328,1.568179965019226,0.5700799822807312
2018,7,25,3,0,0.8367199897766113,9.215399742126465,252.5,6.791999816894531,N/A,12298,20.697200775146484,1.5842499732971191,0.5682600140571594
2018,7,25,6,0,0.838109016418457,9.325300216674805,252.5,6.985799789428711,N/A,12504,20.697200775146484,1.5866999626159668,0.5602999925613403
2018,7,25,9,0,0.8404060006141663,9.450799942016602,252.5,7.1392998695373535,N/A,12413,20.697200775146484,1.569599986076355,0.552370011806488
2018,7,25,12,0,0.8400480151176453,9.508199691772461,252.5,7.273200035095215,N/A,12516,20.697200775146484,1.5719300508499146,0.5415499806404114
2018,7,25,15,0,0.8377810120582581,9.500399589538574,252.5,7.417399883270264,N/A,13139,18.81559944152832,1.6128900051116943,0.5250499844551086
2018,7,25,18,0,0.8338609933853149,9.625699996948242,252.5,7.484000205993652,N/A,13172,18.81559944152832,1.6014100313186646,0.5199800133705139
2018,7,25,21,0,0.8323569893836975,9.76609992980957,247.5,7.384099960327148,N/A,12772,18.81559944152832,1.5605900287628174,0.5248299837112427
2018,7,26,0,0,0.831902027130127,9.633899688720703,247.5,7.066800117492676,N/A,12715,18.81559944152832,1.5663199424743652,0.536109983921051
2018,7,26,3,0,0.8276849985122681,9.036600112915039,252.5,6.8225998878479,N/A,14012,18.81559944152832,1.7058600187301636,0.5420899987220764
2018,7,26,6,0,0.8286489844322205,8.961799621582031,252.5,7.045300006866455,N/A,14954,18.81559944152832,1.7750600576400757,0.5198699831962585
2018,7,26,9,0,0.8267949819564819,9.116299629211426,252.5,7.2270002365112305,N/A,14880,7.2540998458862305,1.755139946937561,0.5079299807548523
2018,7,26,12,0,0.8223429918289185,9.194999694824219,257.5,7.417399883270264,N/A,15370,17.104999542236328,1.7776700258255005,0.48611998558044434
2018,7,26,15,0,0.8200049996376038,9.196700096130371,257.5,7.581600189208984,N/A,16106,17.104999542236328,1.8222500085830688,0.46101000905036926
2018,7,26,18,0,0.8200250267982483,9.174699783325195,257.5,7.582099914550781,N/A,15671,17.104999542236328,1.7991399765014648,0.45603999495506287
2018,7,26,21,0,0.8185129761695862,9.145999908447266,257.5,7.464099884033203,N/A,14782,17.104999542236328,1.7493699789047241,0.45882999897003174
2018,7,27,0,0,0.815900981426239,9.068499565124512,257.5,7.3582000732421875,N/A,13964,17.104999542236328,1.7085100412368774,0.46077001094818115
2018,7,27,3,0,0.8150190114974976,8.856399536132812,257.5,7.300600051879883,N/A,13475,17.104999542236328,1.702370047569275,0.45732998847961426
2018,7,27,6,0,0.8191189765930176,8.693699836730957,262.5,7.280300140380859,N/A,13343,7.979499816894531,1.7148799896240234,0.4450399875640869
2018,7,27,9,0,0.8243610262870789,8.699299812316895,262.5,7.386300086975098,N/A,13445,7.979499816894531,1.7242799997329712,0.427839994430542
2018,7,27,12,0,0.8304330110549927,8.786800384521484,267.5,7.586299896240234,N/A,14363,7.979499816894531,1.7764999866485596,0.4033200144767761
2018,7,27,15,0,0.8307539820671082,8.827899932861328,267.5,7.664100170135498,N/A,14447,7.979499816894531,1.7776600122451782,0.39577001333236694
2018,7,27,18,0,0.8221219778060913,8.865699768066406,262.5,7.625400066375732,N/A,12967,7.979499816894531,1.6769299507141113,0.40608999133110046
2018,7,27,21,0,0.8200610280036926,8.887399673461914,262.5,7.537300109863281,N/A,11936,7.979499816894531,1.6049599647521973,0.40974000096321106
2018,7,28,0,0,0.8273850083351135,8.861000061035156,262.5,7.7083001136779785,N/A,12389,7.979499816894531,1.6419999599456787,0.3814600110054016
2018,7,28,3,0,0.8332129716873169,8.804400444030762,267.5,7.820000171661377,N/A,12712,8.77750015258789,1.6737600564956665,0.3529999852180481
2018,7,28,6,0,0.831732988357544,8.755999565124512,272.5,7.831999778747559,N/A,11992,8.77750015258789,1.6325600147247314,0.3411499857902527
2018,7,28,9,0,0.8217030167579651,8.707900047302246,272.5,7.749499797821045,N/A,10398,7.979499816894531,1.5236200094223022,0.35054999589920044
2018,7,28,12,0,0.8133289813995361,8.682299613952637,267.5,7.6458001136779785,N/A,9052,7.979499816894531,1.4217300415039062,0.3675900101661682
2018,7,28,15,0,0.8125069737434387,8.637499809265137,267.5,7.539999961853027,N/A,8320,7.979499816894531,1.3656500577926636,0.38124001026153564
2018,7,28,18,0,0.8124960064888,8.590299606323242,267.5,7.388500213623047,N/A,7667,7.979499816894531,1.3135299682617188,0.39610999822616577
2018,7,28,21,0,0.8127390146255493,8.478899955749512,267.5,7.041299819946289,N/A,7079,7.979499816894531,1.2703499794006348,0.4124000072479248
2018,7,29,0,0,0.8155540227890015,8.526200294494629,267.5,7.211900234222412,N/A,6801,7.979499816894531,1.2424499988555908,0.40026000142097473
2018,7,29,3,0,0.8141120076179504,8.586799621582031,267.5,7.378600120544434,N/A,6691,7.979499816894531,1.2288199663162231,0.38269999623298645
2018,7,29,6,0,0.8106709718704224,8.655599594116211,272.5,7.537499904632568,N/A,6820,7.979499816894531,1.236799955368042,0.36197999119758606
2018,7,29,9,0,0.8078719973564148,8.670700073242188,272.5,7.651500225067139,N/A,6874,8.77750015258789,1.241919994354248,0.34501999616622925
2018,7,29,12,0,0.8041669726371765,8.63129997253418,272.5,7.679800033569336,N/A,6639,7.979499816894531,1.224310040473938,0.33621999621391296
2018,7,29,15,0,0.804947018623352,8.571900367736816,272.5,7.660399913787842,N/A,6276,7.979499816894531,1.1953999996185303,0.3332799971103668
2018,7,29,18,0,0.810325026512146,8.480400085449219,272.5,7.548399925231934,N/A,5908,7.979499816894531,1.1669299602508545,0.33546000719070435
2018,7,29,21,0,0.8138049840927124,7.968599796295166,277.5,6.298399925231934,N/A,5480,7.979499816894531,1.1604499816894531,0.40119001269340515
2018,7,30,0,0,0.8171070218086243,7.2866997718811035,277.5,5.474100112915039,N/A,5329,7.979499816894531,1.1980600357055664,0.4678100049495697
2018,7,30,3,0,0.8210960030555725,7.54610013961792,277.5,6.0406999588012695,N/A,4904,7.979499816894531,1.1288399696350098,0.4336499869823456
2018,7,30,6,0,0.8218969702720642,7.63100004196167,277.5,6.064899921417236,N/A,4516,7.979499816894531,1.077049970626831,0.4301699995994568
2018,7,30,9,0,0.8190739750862122,7.793600082397461,277.5,6.347899913787842,N/A,4227,7.979499816894531,1.030709981918335,0.41370999813079834
2018,7,30,12,0,0.8129550218582153,7.904900074005127,277.5,6.444300174713135,N/A,4036,7.979499816894531,0.9995200037956238,0.40716999769210815
2018,7,30,15,0,0.8145849704742432,8.076199531555176,277.5,6.8196001052856445,N/A,4145,7.979499816894531,1.0024100542068481,0.38280001282691956
2018,7,30,18,0,0.8197100162506104,8.020999908447266,277.5,6.778800010681152,N/A,4391,7.979499816894531,1.0366300344467163,0.3740200102329254
2018,7,30,21,0,0.8230339884757996,7.836400032043457,282.5,6.504199981689453,N/A,4519,7.979499816894531,1.0651899576187134,0.38203001022338867
2018,7,31,0,0,0.8297119736671448,7.960999965667725,282.5,6.724400043487549,N/A,4584,7.979499816894531,1.063730001449585,0.3733600080013275
2018,7,31,3,0,0.8429219722747803,8.169699668884277,282.5,7.086400032043457,N/A,4807,7.979499816894531,1.075350046157837,0.34832999110221863
2018,7,31,6,0,0.8576409816741943,8.255399703979492,287.5,7.2484002113342285,N/A,5063,8.77750015258789,1.0990300178527832,0.32969000935554504
2018,7,31,9,0,0.8637750148773193,8.177599906921387,287.5,7.122000217437744,N/A,5015,8.77750015258789,1.100469946861267,0.3285300135612488
2018,7,31,12,0,0.8610649704933167,8.087599754333496,282.5,6.896299839019775,N/A,4654,8.77750015258789,1.0663399696350098,0.34310001134872437
2018,7,31,15,0,0.8551380038261414,8.017000198364258,282.5,6.658100128173828,N/A,4373,9.655200004577637,1.0379300117492676,0.3670400083065033
2018,7,31,18,0,0.8530110120773315,8.067899703979492,282.5,6.607600212097168,N/A,4269,8.77750015258789,1.022070050239563,0.37821000814437866
2018,7,31,21,0,0.8420889973640442,7.8557000160217285,277.5,6.113800048828125,N/A,4337,8.77750015258789,1.0444200038909912,0.4135400056838989
2018,8,1,0,0,0.8433809876441956,8.003199577331543,277.5,6.450099945068359,N/A,4437,8.77750015258789,1.0463099479675293,0.396589994430542
2018,8,1,3,0,0.8469589948654175,8.168800354003906,282.5,6.880199909210205,N/A,4552,8.77750015258789,1.0484999418258667,0.37286001443862915
2018,8,1,6,0,0.8492169976234436,8.246100425720215,282.5,7.111599922180176,N/A,4535,8.77750015258789,1.041640043258667,0.35943999886512756
2018,8,1,9,0,0.850147008895874,8.276900291442871,282.5,7.220799922943115,N/A,4374,8.77750015258789,1.020859956741333,0.3573499917984009
2018,8,1,12,0,0.8535760045051575,8.347800254821777,282.5,7.330100059509277,N/A,4271,7.979499816894531,1.0036300420761108,0.3611299991607666
2018,8,1,15,0,0.8633000254631042,8.474200248718262,282.5,7.466700077056885,N/A,4367,7.979499816894531,1.0059399604797363,0.3650299906730652
2018,8,1,18,0,0.8764659762382507,8.679900169372559,282.5,7.657299995422363,N/A,4716,7.979499816894531,1.0307899713516235,0.3664900064468384
2018,8,1,21,0,0.885828971862793,8.815299987792969,282.5,7.693999767303467,N/A,5111,9.655200004577637,1.0627700090408325,0.36777999997138977
2018,8,2,0,0,0.9008470177650452,9.083700180053711,282.5,7.723199844360352,N/A,6113,8.77750015258789,1.139870047569275,0.3672899901866913
2018,8,2,3,0,0.9106209874153137,9.448699951171875,282.5,8.23390007019043,N/A,7069,8.77750015258789,1.1970200538635254,0.34804999828338623
2018,8,2,6,0,0.9171779751777649,9.699999809265137,282.5,8.493599891662598,N/A,7956,11.682900428771973,1.2495399713516235,0.3354499936103821
2018,8,2,9,0,0.9225969910621643,9.87030029296875,282.5,8.672900199890137,N/A,8637,11.682900428771973,1.288140058517456,0.32440000772476196
2018,8,2,12,0,0.9228190183639526,9.8548002243042,282.5,8.664600372314453,N/A,8459,11.682900428771973,1.2762900590896606,0.3248699903488159
2018,8,2,15,0,0.9296090006828308,9.90999984741211,282.5,8.721699714660645,N/A,8839,11.682900428771973,1.3012700080871582,0.3240000009536743
2018,8,2,18,0,0.9324219822883606,9.72070026397705,282.5,8.476499557495117,N/A,9021,11.682900428771973,1.3296799659729004,0.33348000049591064
2018,8,2,21,0,0.9291920065879822,9.334099769592285,282.5,8.001099586486816,N/A,8801,11.682900428771973,1.3444499969482422,0.349839985370636
2018,8,3,0,0,0.9256129860877991,9.119500160217285,282.5,7.807000160217285,N/A,8553,11.682900428771973,1.3438400030136108,0.35604000091552734
2018,8,3,3,0,0.9214959740638733,9.081100463867188,282.5,7.7758002281188965,N/A,8462,11.682900428771973,1.339750051498413,0.36296001076698303
2018,8,3,6,0,0.9145669937133789,9.08489990234375,277.5,7.77869987487793,N/A,8327,11.682900428771973,1.3283599615097046,0.3669700026512146
2018,8,3,9,0,0.9016950130462646,8.97760009765625,277.5,7.651599884033203,N/A,7532,10.620800018310547,1.2714899778366089,0.37522000074386597
2018,8,3,12,0,0.8946880102157593,8.817399978637695,277.5,7.460999965667725,N/A,7102,10.620800018310547,1.2478400468826294,0.37883999943733215
2018,8,3,15,0,0.8938770294189453,8.654600143432617,277.5,7.281499862670898,N/A,6868,10.620800018310547,1.2400799989700317,0.3853900134563446
2018,8,3,18,0,0.8997979760169983,8.705100059509277,277.5,7.3308000564575195,N/A,6968,10.620800018310547,1.2441999912261963,0.38690999150276184
2018,8,3,21,0,0.901856005191803,8.738200187683105,277.5,7.270199775695801,N/A,6759,10.620800018310547,1.2207200527191162,0.39925000071525574
2018,8,4,0,0,0.9000679850578308,8.713199615478516,277.5,7.228600025177002,N/A,6654,10.620800018310547,1.2136000394821167,0.3970099985599518
2018,8,4,3,0,0.8810319900512695,8.657500267028809,277.5,7.23859977722168,N/A,5942,10.620800018310547,1.1513700485229492,0.39664000272750854
2018,8,4,6,0,0.8634260296821594,8.81879997253418,272.5,7.333000183105469,N/A,5531,9.655200004577637,1.0976899862289429,0.40296000242233276
2018,8,4,9,0,0.8580470085144043,9.14330005645752,272.5,7.518799781799316,N/A,5450,9.655200004577637,1.0649499893188477,0.4078899919986725
2018,8,4,12,0,0.8578889966011047,9.361100196838379,272.5,7.624100208282471,N/A,5254,9.655200004577637,1.0300899744033813,0.41091999411582947
2018,8,4,15,0,0.861299991607666,9.472999572753906,272.5,7.6768999099731445,N/A,5007,14.136300086975098,0.998199999332428,0.412339985370636
2018,8,4,18,0,0.8587890267372131,9.174200057983398,272.5,7.523900032043457,N/A,4653,14.136300086975098,0.9815499782562256,0.4142700135707855
2018,8,4,21,0,0.8644790053367615,8.393699645996094,277.5,6.448699951171875,N/A,5334,9.655200004577637,1.1079399585723877,0.43290001153945923
2018,8,5,0,0,0.8842800259590149,7.567200183868408,277.5,5.6468000411987305,N/A,7901,9.655200004577637,1.4276299476623535,0.4703899919986725
2018,8,5,3,0,0.8978310227394104,8.079299926757812,277.5,6.360899925231934,N/A,9988,9.655200004577637,1.550279974937439,0.42166000604629517
2018,8,5,6,0,0.9184799790382385,8.891599655151367,272.5,7.487299919128418,N/A,12475,9.655200004577637,1.6472100019454956,0.3519600033760071
2018,8,5,9,0,0.9284240007400513,9.409199714660645,267.5,8.256999969482422,N/A,13573,9.655200004577637,1.6672699451446533,0.30880001187324524
2018,8,5,12,0,0.9331219792366028,9.675399780273438,267.5,8.699700355529785,N/A,13883,9.655200004577637,1.6610599756240845,0.28586000204086304
2018,8,5,15,0,0.9332180023193359,9.82919979095459,267.5,8.953399658203125,N/A,14254,9.655200004577637,1.6682000160217285,0.2734900116920471
2018,8,5,18,0,0.9295160174369812,9.949999809265137,267.5,9.116700172424316,N/A,14912,10.620800018310547,1.6936500072479248,0.267659991979599
2018,8,5,21,0,0.9230560064315796,10.016599655151367,267.5,8.791299819946289,N/A,16296,10.620800018310547,1.7599899768829346,0.2857699990272522
2018,8,6,0,0,0.9143679738044739,9.82229995727539,267.5,7.990300178527832,N/A,19041,10.620800018310547,1.915779948234558,0.334879994392395
2018,8,6,3,0,0.9075980186462402,10.221099853515625,267.5,8.958000183105469,N/A,20926,12.851200103759766,1.965190052986145,0.29065999388694763
2018,8,6,6,0,0.8995479941368103,10.266599655151367,267.5,9.266900062561035,N/A,21017,11.682900428771973,1.9679800271987915,0.26840001344680786
2018,8,6,9,0,0.8924999833106995,10.128299713134766,262.5,9.262800216674805,N/A,19861,11.682900428771973,1.9316099882125854,0.26137998700141907
2018,8,6,12,0,0.8880630135536194,9.923199653625488,257.5,9.093700408935547,N/A,17295,11.682900428771973,1.8265899419784546,0.2650099992752075
2018,8,6,15,0,0.8857079744338989,9.798500061035156,257.5,8.986599922180176,N/A,15325,11.682900428771973,1.733680009841919,0.26820001006126404
2018,8,6,18,0,0.8884109854698181,9.64229965209961,252.5,8.839200019836426,N/A,13495,10.620800018310547,1.6433000564575195,0.2738800048828125
2018,8,6,21,0,0.8874250054359436,9.424699783325195,247.5,8.274499893188477,N/A,12986,9.655200004577637,1.6331000328063965,0.29315999150276184
2018,8,7,0,0,0.8772090077400208,8.922800064086914,247.5,7.2418999671936035,N/A,12808,9.655200004577637,1.669450044631958,0.3466300070285797
2018,8,7,3,0,0.870756983757019,8.68589973449707,247.5,7.127699851989746,N/A,11989,9.655200004577637,1.6384700536727905,0.3595699965953827
2018,8,7,6,0,0.8683930039405823,8.69729995727539,247.5,7.322700023651123,N/A,11100,8.77750015258789,1.5759199857711792,0.3501800000667572
2018,8,7,9,0,0.867143988609314,8.64739990234375,242.5,7.399899959564209,N/A,10452,8.77750015258789,1.534350037574768,0.34810999035835266
2018,8,7,12,0,0.867389976978302,8.60830020904541,242.5,7.466100215911865,N/A,9637,8.77750015258789,1.477579951286316,0.34549999237060547
2018,8,7,15,0,0.8651049733161926,8.65999984741211,242.5,7.575699806213379,N/A,8941,8.77750015258789,1.4191999435424805,0.3412399888038635
2018,8,7,18,0,0.8654670119285583,8.6274995803833,242.5,7.44189977645874,N/A,8088,8.77750015258789,1.3523900508880615,0.34970998764038086
2018,8,7,21,0,0.8560720086097717,8.033499717712402,242.5,6.243299961090088,N/A,7804,8.77750015258789,1.3773399591445923,0.42184001207351685
2018,8,8,0,0,0.8342509865760803,7.0991997718811035,247.5,5.424300193786621,N/A,8827,7.979499816894531,1.5624099969863892,0.48052000999450684
2018,8,8,3,0,0.8233320116996765,7.115900039672852,252.5,5.745100021362305,N/A,9241,7.979499816894531,1.5988099575042725,0.4424799978733063
2018,8,8,6,0,0.821861982345581,7.357699871063232,257.5,6.166800022125244,N/A,8894,7.979499816894531,1.542490005493164,0.40615999698638916
2018,8,8,9,0,0.8186550140380859,7.530900001525879,252.5,6.4054999351501465,N/A,7866,7.979499816894531,1.4326200485229492,0.3938800096511841
2018,8,8,12,0,0.818638026714325,7.616099834442139,252.5,6.413099765777588,N/A,6997,7.979499816894531,1.3416999578475952,0.40250998735427856
2018,8,8,15,0,0.8186479806900024,7.732999801635742,252.5,6.532899856567383,N/A,6768,7.979499816894531,1.3082000017166138,0.4015200138092041
2018,8,8,18,0,0.8179280161857605,7.832099914550781,252.5,6.583000183105469,N/A,6241,7.979499816894531,1.247040033340454,0.40501001477241516
2018,8,8,21,0,0.8169980049133301,7.573800086975098,252.5,5.916200160980225,N/A,6019,7.979499816894531,1.2451200485229492,0.4489800035953522
2018,8,9,0,0,0.8099790215492249,7.3572001457214355,252.5,5.687699794769287,N/A,6437,12.851200103759766,1.3062800168991089,0.4706200063228607
2018,8,9,3,0,0.804036021232605,7.653600215911865,252.5,6.185100078582764,N/A,6416,12.851200103759766,1.2766799926757812,0.4434399902820587
2018,8,9,6,0,0.799763023853302,7.795899868011475,252.5,6.283199787139893,N/A,6275,12.851200103759766,1.2494200468063354,0.43869999051094055
2018,8,9,9,0,0.7959929704666138,7.9105000495910645,252.5,6.4085001945495605,N/A,5990,11.682900428771973,1.210569977760315,0.43529999256134033
2018,8,9,12,0,0.7935389876365662,8.022600173950195,247.5,6.5278000831604,N/A,5584,11.682900428771973,1.1596800088882446,0.43198999762535095
2018,8,9,15,0,0.7948340177536011,8.220600128173828,247.5,6.69189977645874,N/A,5323,11.682900428771973,1.1166900396347046,0.42684000730514526
2018,8,9,18,0,0.7982540130615234,8.415900230407715,242.5,6.8480000495910645,N/A,5167,11.682900428771973,1.0857399702072144,0.42179998755455017
2018,8,9,21,0,0.8004980087280273,8.4552001953125,242.5,6.4984002113342285,N/A,5202,11.682900428771973,1.0853899717330933,0.43880999088287354
2018,8,10,0,0,0.7949579954147339,8.32390022277832,242.5,6.049200057983398,N/A,5497,11.682900428771973,1.1236900091171265,0.46685001254081726
2018,8,10,3,0,0.7934079766273499,8.306400299072266,237.5,6.0655999183654785,N/A,5708,11.682900428771973,1.1456799507141113,0.4712199866771698
2018,8,10,6,0,0.7960839867591858,8.223999977111816,237.5,6.099299907684326,N/A,6024,11.682900428771973,1.1833699941635132,0.4726499915122986
2018,8,10,9,0,0.8014839887619019,8.355199813842773,237.5,6.429100036621094,N/A,6314,11.682900428771973,1.202139973640442,0.4526900053024292
2018,8,10,12,0,0.8081520199775696,8.600899696350098,237.5,6.770999908447266,N/A,6470,11.682900428771973,1.1985599994659424,0.43178999423980713
2018,8,10,15,0,0.8121479749679565,8.825200080871582,237.5,7.004700183868408,N/A,6591,11.682900428771973,1.193429946899414,0.41433998942375183
2018,8,10,18,0,0.8171370029449463,8.1358003616333,232.5,5.67710018157959,N/A,6934,11.682900428771973,1.276769995689392,0.49086999893188477
2018,8,10,21,0,0.8137509822845459,7.821400165557861,232.5,5.434700012207031,N/A,7164,11.682900428771973,1.32600998878479,0.509880006313324
2018,8,11,0,0,0.8151699900627136,7.485599994659424,227.5,5.373499870300293,N/A,7643,10.620800018310547,1.4043300151824951,0.5115900039672852
2018,8,11,3,0,0.8134170174598694,7.906099796295166,232.5,5.943600177764893,N/A,7429,10.620800018310547,1.346750020980835,0.46553999185562134
2018,8,11,6,0,0.8144659996032715,8.253600120544434,232.5,6.511499881744385,N/A,7329,10.620800018310547,1.30826997756958,0.43050000071525574
2018,8,11,9,0,0.8082200288772583,8.381400108337402,237.5,6.749599933624268,N/A,7479,10.620800018310547,1.3108099699020386,0.4204699993133545
2018,8,11,12,0,0.7922989726066589,8.250100135803223,237.5,6.377900123596191,N/A,7709,10.620800018310547,1.3413000106811523,0.444240003824234
2018,8,11,15,0,0.7702109813690186,7.737100124359131,237.5,5.7052001953125,N/A,8165,10.620800018310547,1.427549958229065,0.4919300079345703
2018,8,11,18,0,0.7606310248374939,7.599800109863281,237.5,5.7322998046875,N/A,8500,10.620800018310547,1.471750020980835,0.48833000659942627
2018,8,11,21,0,0.7527239918708801,8.16510009765625,242.5,6.5279998779296875,N/A,8277,9.655200004577637,1.3984899520874023,0.44290998578071594
2018,8,12,0,0,0.7481259703636169,8.562999725341797,247.5,7.113699913024902,N/A,8536,9.655200004577637,1.3854299783706665,0.41034001111984253
2018,8,12,3,0,0.7498999834060669,8.649900436401367,252.5,7.293900012969971,N/A,8880,9.655200004577637,1.406440019607544,0.39660999178886414
2018,8,12,6,0,0.7569680213928223,8.591400146484375,252.5,7.337800025939941,N/A,9124,8.77750015258789,1.4320100545883179,0.39072999358177185
2018,8,12,9,0,0.768526017665863,8.285900115966797,257.5,7.03980016708374,N/A,9913,8.77750015258789,1.523419976234436,0.4011499881744385
2018,8,12,12,0,0.7799320220947266,8.412799835205078,262.5,7.201900005340576,N/A,10333,8.77750015258789,1.5439599752426147,0.38885000348091125
2018,8,12,15,0,0.7910879850387573,8.477100372314453,267.5,7.3719000816345215,N/A,10574,8.77750015258789,1.5579999685287476,0.36741000413894653
2018,8,12,18,0,0.8079259991645813,8.693499565124512,272.5,7.589300155639648,N/A,10889,8.77750015258789,1.5579999685287476,0.36524999141693115
2018,8,12,21,0,0.8213239908218384,8.725000381469727,272.5,7.706099987030029,N/A,11106,8.77750015258789,1.572849988937378,0.34850001335144043
2018,8,13,0,0,0.825435996055603,8.506400108337402,277.5,7.027599811553955,N/A,10849,8.77750015258789,1.5747900009155273,0.3804300129413605
2018,8,13,3,0,0.8276990056037903,8.024299621582031,277.5,6.279300212860107,N/A,10537,8.77750015258789,1.5990500450134277,0.4302099943161011
2018,8,13,6,0,0.8329979777336121,7.825500011444092,277.5,6.200799942016602,N/A,10281,8.77750015258789,1.59975004196167,0.4413299858570099
2018,8,13,9,0,0.8391050100326538,8.21679973602295,277.5,6.801700115203857,N/A,9322,7.979499816894531,1.483240008354187,0.4152100086212158
2018,8,13,12,0,0.8412539958953857,8.515899658203125,277.5,7.190400123596191,N/A,8362,7.979499816894531,1.377150058746338,0.4007999897003174
2018,8,13,15,0,0.8476880192756653,8.548700332641602,277.5,7.361299991607666,N/A,8071,7.979499816894531,1.35139000415802,0.38631001114845276
2018,8,13,18,0,0.8559759855270386,8.487299919128418,277.5,7.396599769592285,N/A,8121,7.979499816894531,1.3613300323486328,0.381089985370636
2018,8,13,21,0,0.8568919897079468,8.25469970703125,277.5,6.584799766540527,N/A,7723,7.979499816894531,1.3430399894714355,0.43373000621795654
2018,8,14,0,0,0.8686529994010925,7.373300075531006,277.5,5.571100234985352,N/A,9028,7.979499816894531,1.5393099784851074,0.5041499733924866
2018,8,14,3,0,0.8765419721603394,7.6981000900268555,282.5,6.086599826812744,N/A,9470,7.979499816894531,1.54367995262146,0.45938000082969666
2018,8,14,6,0,0.8879650235176086,8.192000389099121,282.5,6.754899978637695,N/A,9612,7.979499816894531,1.507140040397644,0.41058000922203064
2018,8,14,9,0,0.8956680297851562,8.506099700927734,282.5,7.2571001052856445,N/A,9969,7.979499816894531,1.507099986076355,0.37727999687194824
2018,8,14,12,0,0.9011200070381165,8.73840045928955,282.5,7.598999977111816,N/A,10780,7.979499816894531,1.5465400218963623,0.3593200147151947
2018,8,14,15,0,0.9149309992790222,8.968799591064453,282.5,7.969200134277344,N/A,13845,8.77750015258789,1.7301100492477417,0.3383199870586395
2018,8,14,18,0,0.9140689969062805,9.194199562072754,282.5,8.11340045928955,N/A,14828,8.77750015258789,1.7602499723434448,0.35322999954223633
2018,8,14,21,0,0.9197199940681458,9.710000038146973,287.5,8.273599624633789,N/A,17432,15.550000190734863,1.8405100107192993,0.36480000615119934
2018,8,15,0,0,0.9252859950065613,9.535099983215332,287.5,7.684999942779541,N/A,20920,14.136300086975098,2.0312299728393555,0.38934001326560974
2018,8,15,3,0,0.9288769960403442,9.745400428771973,287.5,8.140000343322754,N/A,23074,14.136300086975098,2.109950065612793,0.356689989566803
2018,8,15,6,0,0.9308050274848938,9.932000160217285,287.5,8.636300086975098,N/A,23869,12.851200103759766,2.1263699531555176,0.32592999935150146
2018,8,15,9,0,0.9333760142326355,9.974599838256836,287.5,8.88479995727539,N/A,25005,12.851200103759766,2.1758999824523926,0.301470011472702
2018,8,15,12,0,0.9357200264930725,9.926400184631348,287.5,8.969799995422363,N/A,26037,12.851200103759766,2.2309799194335938,0.28505000472068787
2018,8,15,15,0,0.9352099895477295,9.882699966430664,287.5,8.946000099182129,N/A,25735,12.851200103759766,2.224560022354126,0.28196999430656433
2018,8,15,18,0,0.9292629957199097,9.765199661254883,287.5,8.801600456237793,N/A,23403,11.682900428771973,2.13634991645813,0.2874000072479248
2018,8,15,21,0,0.9290540218353271,9.74120044708252,287.5,8.791399955749512,N/A,22923,11.682900428771973,2.118839979171753,0.2843500077724457
2018,8,16,0,0,0.9250169992446899,9.662599563598633,287.5,8.706399917602539,N/A,21212,11.682900428771973,2.0487499237060547,0.2856700122356415
2018,8,16,3,0,0.9221839904785156,9.61340045928955,282.5,8.642999649047852,N/A,19560,11.682900428771973,1.973479986190796,0.28745999932289124
2018,8,16,6,0,0.9206640124320984,9.371500015258789,282.5,8.36139965057373,N/A,18440,11.682900428771973,1.944219946861267,0.2997100055217743
2018,8,16,9,0,0.9235380291938782,9.120699882507324,282.5,8.19729995727539,N/A,19118,11.682900428771973,2.0139100551605225,0.29528000950813293
2018,8,16,12,0,0.9291170239448547,9.010700225830078,282.5,8.201600074768066,N/A,21003,8.77750015258789,2.130239963531494,0.2795700132846832
2018,8,16,15,0,0.9294390082359314,8.899700164794922,282.5,8.12030029296875,N/A,20021,8.77750015258789,2.0957400798797607,0.27785998582839966
2018,8,16,18,0,0.9228159785270691,8.706299781799316,282.5,7.914100170135498,N/A,16741,8.77750015258789,1.9402400255203247,0.28571999073028564
2018,8,16,21,0,0.9181069731712341,8.67300033569336,282.5,7.818399906158447,N/A,14634,8.77750015258789,1.81659996509552,0.29497000575065613
2018,8,17,0,0,0.9198939800262451,8.146400451660156,282.5,6.857800006866455,N/A,14673,8.77750015258789,1.8795599937438965,0.34964001178741455
2018,8,17,3,0,0.9196370244026184,8.099300384521484,282.5,7.174499988555908,N/A,15602,7.979499816894531,1.9475500583648682,0.32350000739097595
2018,8,17,6,0,0.9156169891357422,8.182700157165527,282.5,7.330100059509277,N/A,14751,7.979499816894531,1.8846499919891357,0.3130599856376648
2018,8,17,9,0,0.915956974029541,8.233099937438965,282.5,7.446899890899658,N/A,15024,7.979499816894531,1.898419976234436,0.29892998933792114
2018,8,17,12,0,0.9206929802894592,8.321200370788574,282.5,7.59499979019165,N/A,16028,8.77750015258789,1.9520100355148315,0.2834799885749817
2018,8,17,15,0,0.9230089783668518,8.278200149536133,282.5,7.561399936676025,N/A,15812,8.77750015258789,1.9445300102233887,0.28310999274253845
2018,8,17,18,0,0.9159290194511414,8.207099914550781,282.5,7.457799911499023,N/A,13491,7.979499816894531,1.8031599521636963,0.29416999220848083
2018,8,17,21,0,0.9101660251617432,8.217499732971191,277.5,7.424300193786621,N/A,12444,7.979499816894531,1.7287499904632568,0.305620014667511
2018,8,18,0,0,0.9004669785499573,8.037199974060059,277.5,7.04610013961792,N/A,11169,7.979499816894531,1.6555299758911133,0.33359000086784363
2018,8,18,3,0,0.8924030065536499,7.836900234222412,277.5,6.924799919128418,N/A,10735,7.979499816894531,1.644279956817627,0.3446100056171417
2018,8,18,6,0,0.8933849930763245,7.859499931335449,277.5,7.044000148773193,N/A,11435,7.979499816894531,1.6968599557876587,0.3271099925041199
2018,8,18,9,0,0.8945630192756653,7.9008002281188965,277.5,7.128699779510498,N/A,11577,7.979499816894531,1.7037999629974365,0.31558001041412354
2018,8,18,12,0,0.8981069922447205,7.895100116729736,282.5,7.119200229644775,N/A,11103,7.979499816894531,1.6690499782562256,0.31512001156806946
2018,8,18,15,0,0.8979460000991821,7.903900146484375,277.5,7.104800224304199,N/A,10298,7.979499816894531,1.6058199405670166,0.31968000531196594
2018,8,18,18,0,0.8931670188903809,7.950699806213379,277.5,7.108399868011475,N/A,9392,7.979499816894531,1.5274900197982788,0.327890008687973
2018,8,18,21,0,0.8949459791183472,8.084199905395508,277.5,7.188499927520752,N/A,9978,7.979499816894531,1.5603300333023071,0.3257099986076355
2018,8,19,0,0,0.8886070251464844,7.986499786376953,277.5,6.858799934387207,N/A,10118,7.979499816894531,1.5801299810409546,0.34898000955581665
2018,8,19,3,0,0.8775410056114197,8.021200180053711,277.5,6.9481000900268555,N/A,9740,7.979499816894531,1.545300006866455,0.3540300130844116
2018,8,19,6,0,0.8678820133209229,7.991199970245361,272.5,6.967299938201904,N/A,9073,7.979499816894531,1.4927500486373901,0.36353999376296997
2018,8,19,9,0,0.8693000078201294,7.934500217437744,272.5,6.970900058746338,N/A,8996,7.979499816894531,1.4928900003433228,0.3597399890422821
2018,8,19,12,0,0.884443998336792,8.026100158691406,277.5,7.210400104522705,N/A,10445,7.979499816894531,1.6039999723434448,0.3226200044155121
2018,8,19,15,0,0.8838909864425659,8.020700454711914,277.5,7.261300086975098,N/A,10237,7.979499816894531,1.5901800394058228,0.3104099929332733
2018,8,19,18,0,0.8771290183067322,7.974800109863281,277.5,7.2006001472473145,N/A,9127,7.979499816894531,1.5052499771118164,0.3154900074005127
2018,8,19,21,0,0.8767650127410889,7.979100227355957,277.5,7.202300071716309,N/A,9066,7.979499816894531,1.4999099969863892,0.31268998980522156
2018,8,20,0,0,0.8749300241470337,7.801000118255615,277.5,6.616000175476074,N/A,9523,7.979499816894531,1.5545899868011475,0.3481999933719635
2018,8,20,3,0,0.866782009601593,7.853600025177002,282.5,6.7758002281188965,N/A,9528,7.979499816894531,1.5491600036621094,0.3463200032711029
2018,8,20,6,0,0.8514580130577087,7.902100086212158,277.5,6.904300212860107,N/A,8666,7.979499816894531,1.4709399938583374,0.35288000106811523
2018,8,20,9,0,0.851934015750885,8.01039981842041,282.5,7.054699897766113,N/A,8598,7.979499816894531,1.454390048980713,0.3476000130176544
2018,8,20,12,0,0.8730379939079285,8.209199905395508,282.5,7.380099773406982,N/A,10020,8.77750015258789,1.5525200366973877,0.3152399957180023
2018,8,20,15,0,0.8844259977340698,8.335399627685547,282.5,7.5619001388549805,N/A,10586,8.77750015258789,1.582900047302246,0.3027699887752533
2018,8,20,18,0,0.8868550062179565,8.420100212097168,282.5,7.610000133514404,N/A,10085,8.77750015258789,1.533769965171814,0.3100999891757965
2018,8,20,21,0,0.8905069828033447,8.712200164794922,282.5,7.786900043487549,N/A,10137,8.77750015258789,1.5040700435638428,0.3216800093650818
2018,8,21,0,0,0.8950589895248413,8.803000450134277,277.5,7.435999870300293,N/A,11111,8.77750015258789,1.5627299547195435,0.34213000535964966
2018,8,21,3,0,0.8892239928245544,8.66409969329834,277.5,7.052700042724609,N/A,11270,11.682900428771973,1.5846600532531738,0.3724600076675415
2018,8,21,6,0,0.8834750056266785,8.741299629211426,272.5,7.3404998779296875,N/A,11010,11.682900428771973,1.559440016746521,0.359360009431839
2018,8,21,9,0,0.879485011100769,8.878199577331543,272.5,7.585000038146973,N/A,10088,11.682900428771973,1.4813499450683594,0.3427799940109253
2018,8,21,12,0,0.872596025466919,8.95259952545166,272.5,7.73829984664917,N/A,8816,10.620800018310547,1.379480004310608,0.33101001381874084
2018,8,21,15,0,0.8767459988594055,9.105500221252441,267.5,7.942599773406982,N/A,8183,10.620800018310547,1.3166600465774536,0.3199099898338318
2018,8,21,18,0,0.8851510286331177,9.185700416564941,267.5,8.083100318908691,N/A,7828,10.620800018310547,1.2819900512695312,0.3102000057697296
2018,8,21,21,0,0.8937370181083679,9.243000030517578,267.5,8.19279956817627,N/A,7853,10.620800018310547,1.2803699970245361,0.30188998579978943
2018,8,22,0,0,0.8954939842224121,8.965800285339355,267.5,7.304699897766113,N/A,7890,10.620800018310547,1.3041399717330933,0.34092000126838684
2018,8,22,3,0,0.8908640146255493,8.618300437927246,267.5,6.833199977874756,N/A,8028,10.620800018310547,1.3436299562454224,0.37292999029159546
2018,8,22,6,0,0.8868449926376343,8.633000373840332,267.5,7.074100017547607,N/A,7979,10.620800018310547,1.3391499519348145,0.36011001467704773
2018,8,22,9,0,0.8841040134429932,8.61050033569336,267.5,7.1433000564575195,N/A,7778,10.620800018310547,1.3239500522613525,0.35655999183654785
2018,8,22,12,0,0.8813380002975464,8.368000030517578,267.5,6.9456000328063965,N/A,7569,10.620800018310547,1.3257100582122803,0.369269996881485
2018,8,22,15,0,0.8829280138015747,8.068699836730957,267.5,6.824900150299072,N/A,7689,10.620800018310547,1.364300012588501,0.3679800033569336
2018,8,22,18,0,0.8976889848709106,8.012999534606934,272.5,6.995299816131592,N/A,9549,7.979499816894531,1.5325599908828735,0.329010009765625
2018,8,22,21,0,0.910368025302887,8.149900436401367,277.5,7.191299915313721,N/A,12071,7.979499816894531,1.7116700410842896,0.30302000045776367
2018,8,23,0,0,0.9102439880371094,8.09000015258789,277.5,7.1315999031066895,N/A,12487,7.979499816894531,1.7488399744033813,0.3028700053691864
2018,8,23,3,0,0.9067149758338928,7.974400043487549,277.5,7.1768999099731445,N/A,12872,7.979499816894531,1.7908400297164917,0.29388999938964844
2018,8,23,6,0,0.9074900150299072,8.049599647521973,277.5,7.3491997718811035,N/A,14249,7.979499816894531,1.8774499893188477,0.27397000789642334
2018,8,23,9,0,0.9091600179672241,8.070799827575684,277.5,7.378699779510498,N/A,16283,8.77750015258789,2.0056800842285156,0.26666000485420227
2018,8,23,12,0,0.9114450216293335,8.063199996948242,277.5,7.4141998291015625,N/A,18333,8.77750015258789,2.130690097808838,0.2586199939250946
2018,8,23,15,0,0.8997849822044373,8.054300308227539,282.5,7.411200046539307,N/A,15666,8.77750015258789,1.970080018043518,0.2611300051212311
2018,8,23,18,0,0.8812599778175354,7.991799831390381,277.5,7.303100109100342,N/A,12030,7.979499816894531,1.7314800024032593,0.27592000365257263
2018,8,23,21,0,0.8732609748840332,7.941800117492676,277.5,7.22160005569458,N/A,10391,7.979499816894531,1.6134599447250366,0.2849000096321106
2018,8,24,0,0,0.8765209913253784,7.986100196838379,277.5,7.289899826049805,N/A,10298,7.979499816894531,1.6021599769592285,0.2782300114631653
2018,8,24,3,0,0.8713780045509338,7.845200061798096,272.5,7.153800010681152,N/A,9495,7.979499816894531,1.5530200004577637,0.284280002117157
2018,8,24,6,0,0.8851159811019897,7.839900016784668,277.5,7.190800189971924,N/A,11022,7.979499816894531,1.6761900186538696,0.2722499966621399
2018,8,24,9,0,0.9000009894371033,7.829699993133545,277.5,7.221399784088135,N/A,13774,7.979499816894531,1.877619981765747,0.2593800127506256
2018,8,24,12,0,0.9007179737091064,7.784800052642822,277.5,7.1859002113342285,N/A,13449,7.979499816894531,1.8616199493408203,0.25883999466896057
2018,8,24,15,0,0.8928290009498596,7.655700206756592,277.5,7.040599822998047,N/A,11061,7.979499816894531,1.702620029449463,0.2687700092792511
2018,8,24,18,0,0.8800910115242004,7.5254998207092285,277.5,6.883900165557861,N/A,8914,7.979499816894531,1.5412299633026123,0.2814300060272217
2018,8,24,21,0,0.870652973651886,7.385000228881836,272.5,6.546800136566162,N/A,7621,7.2540998458862305,1.4381500482559204,0.3066200017929077
2018,8,25,0,0,0.8670430183410645,7.319399833679199,272.5,6.5157999992370605,N/A,7126,7.2540998458862305,1.3962899446487427,0.31400999426841736
2018,8,25,3,0,0.8587759733200073,7.303999900817871,272.5,6.5030999183654785,N/A,6393,7.2540998458862305,1.3228399753570557,0.323199987411499
2018,8,25,6,0,0.8506010174751282,7.3821001052856445,272.5,6.554500102996826,N/A,5682,7.2540998458862305,1.2385200262069702,0.33618998527526855
2018,8,25,9,0,0.8497419953346252,7.475599765777588,272.5,6.596199989318848,N/A,5302,7.2540998458862305,1.1869399547576904,0.3488300144672394
2018,8,25,12,0,0.8523560166358948,7.569799900054932,272.5,6.665800094604492,N/A,5105,7.2540998458862305,1.1560900211334229,0.35359999537467957
2018,8,25,15,0,0.8480799794197083,7.552199840545654,272.5,6.615099906921387,N/A,4651,7.2540998458862305,1.1040699481964111,0.36208000779151917
2018,8,25,18,0,0.8477090001106262,7.636199951171875,272.5,6.637400150299072,N/A,4286,7.2540998458862305,1.052489995956421,0.3708699941635132
2018,8,25,21,0,0.8600360155105591,7.85260009765625,272.5,6.787700176239014,N/A,4406,7.979499816894531,1.0502500534057617,0.37154000997543335
2018,8,26,0,0,0.8844389915466309,7.711400032043457,277.5,6.649799823760986,N/A,5656,7.979499816894531,1.2022900581359863,0.3713900148868561
2018,8,26,3,0,0.9037179946899414,7.769800186157227,277.5,6.7947998046875,N/A,7620,9.655200004577637,1.3929799795150757,0.3446199893951416
2018,8,26,6,0,0.9191060066223145,8.15880012512207,282.5,7.321599960327148,N/A,10205,8.77750015258789,1.572890043258667,0.3050299882888794
2018,8,26,9,0,0.9258859753608704,8.34220027923584,282.5,7.587500095367432,N/A,12192,8.77750015258789,1.7001800537109375,0.2859399914741516
2018,8,26,12,0,0.9291520118713379,8.355500221252441,287.5,7.553100109100342,N/A,13262,8.77750015258789,1.771340012550354,0.2900800108909607
2018,8,26,15,0,0.9315019845962524,8.18120002746582,287.5,7.381100177764893,N/A,14369,8.77750015258789,1.8653500080108643,0.2946699857711792
2018,8,26,18,0,0.9300230145454407,8.277700424194336,287.5,7.442800045013428,N/A,13049,9.655200004577637,1.7649199962615967,0.2993899881839752
2018,8,26,21,0,0.930413007736206,8.451600074768066,287.5,7.605199813842773,N/A,12260,9.655200004577637,1.6910200119018555,0.2957000136375427
2018,8,27,0,0,0.9297119975090027,8.614999771118164,287.5,7.774099826812744,N/A,11588,9.655200004577637,1.6266100406646729,0.2915099859237671
2018,8,27,3,0,0.9283999800682068,8.630999565124512,282.5,7.8308000564575195,N/A,11949,9.655200004577637,1.6507400274276733,0.28714001178741455
2018,8,27,6,0,0.9359470009803772,8.719200134277344,282.5,7.9984002113342285,N/A,15550,9.655200004577637,1.8750499486923218,0.2679400146007538
2018,8,27,9,0,0.9416419863700867,8.935500144958496,282.5,8.27750015258789,N/A,19865,9.655200004577637,2.0919699668884277,0.24856999516487122
2018,8,27,12,0,0.9441739916801453,9.125200271606445,287.5,8.501899719238281,N/A,23022,9.655200004577637,2.225339889526367,0.23777000606060028
2018,8,27,15,0,0.9453970193862915,9.17609977722168,287.5,8.546600341796875,N/A,22444,9.655200004577637,2.1896300315856934,0.2380100041627884
2018,8,27,18,0,0.9429569840431213,9.159700393676758,287.5,8.49530029296875,N/A,19563,9.655200004577637,2.0450599193573,0.2463199943304062
2018,8,27,21,0,0.9432119727134705,9.168000221252441,287.5,8.48069953918457,N/A,17974,9.655200004577637,1.9585200548171997,0.2506699860095978
2018,8,28,0,0,0.9439299702644348,9.116299629211426,287.5,8.26550006866455,N/A,16976,9.655200004577637,1.9082200527191162,0.2627899944782257
2018,8,28,3,0,0.9431719779968262,9.134599685668945,287.5,8.393500328063965,N/A,15841,9.655200004577637,1.8411799669265747,0.25797000527381897
2018,8,28,6,0,0.9427160024642944,9.13860034942627,287.5,8.42300033569336,N/A,15135,9.655200004577637,1.7987500429153442,0.2579300105571747
2018,8,28,9,0,0.9416149854660034,9.046600341796875,287.5,8.358499526977539,N/A,14896,9.655200004577637,1.7950600385665894,0.2578999996185303
2018,8,28,12,0,0.9442459940910339,9.023900032043457,287.5,8.362199783325195,N/A,16649,9.655200004577637,1.90106999874115,0.2552799880504608
2018,8,28,15,0,0.9458659887313843,8.948399543762207,287.5,8.254599571228027,N/A,16404,9.655200004577637,1.8945499658584595,0.2647300064563751
2018,8,28,18,0,0.9436320066452026,8.805000305175781,287.5,8.06410026550293,N/A,14087,9.655200004577637,1.7702800035476685,0.27623000741004944
2018,8,28,21,0,0.9464150071144104,8.89900016784668,287.5,8.112500190734863,N/A,13924,9.655200004577637,1.7484699487686157,0.27904000878334045
2018,8,29,0,0,0.9511190056800842,8.86769962310791,287.5,7.90339994430542,N/A,14789,9.655200004577637,1.8050299882888794,0.28685998916625977
2018,8,29,3,0,0.9507700204849243,8.824799537658691,287.5,7.842199802398682,N/A,13645,8.77750015258789,1.7356300354003906,0.3015100061893463
2018,8,29,6,0,0.9539830088615417,8.900799751281738,287.5,7.922299861907959,N/A,13781,9.655200004577637,1.7334799766540527,0.30636999011039734
2018,8,29,9,0,0.9550729990005493,8.945699691772461,287.5,7.976600170135498,N/A,14176,11.682900428771973,1.752020001411438,0.30674999952316284
2018,8,29,12,0,0.9535009860992432,8.818900108337402,287.5,7.810400009155273,N/A,14135,11.682900428771973,1.7625999450683594,0.31657999753952026
2018,8,29,15,0,0.9525930285453796,8.658100128173828,287.5,7.596700191497803,N/A,14416,11.682900428771973,1.7985999584197998,0.3245300054550171
2018,8,29,18,0,0.950344979763031,8.546500205993652,287.5,7.411799907684326,N/A,13838,11.682900428771973,1.7741999626159668,0.3361699879169464
2018,8,29,21,0,0.9524989724159241,8.775300025939941,287.5,7.5278000831604,N/A,13583,10.620800018310547,1.7303999662399292,0.33834999799728394
2018,8,30,0,0,0.9522770047187805,9.142900466918945,287.5,7.866499900817871,N/A,13376,11.682900428771973,1.6756500005722046,0.3320299983024597
2018,8,30,3,0,0.9546589851379395,9.645999908447266,292.5,8.391900062561035,N/A,14705,11.682900428771973,1.7040599584579468,0.3064900040626526
2018,8,30,6,0,0.9574589729309082,9.947999954223633,292.5,8.848899841308594,N/A,15820,11.682900428771973,1.7397199869155884,0.2750599980354309
2018,8,30,9,0,0.958499014377594,9.998600006103516,292.5,9.075400352478027,N/A,15821,11.682900428771973,1.7385799884796143,0.2531900107860565
2018,8,30,12,0,0.9572100043296814,9.891799926757812,292.5,9.08650016784668,N/A,14823,10.620800018310547,1.6965500116348267,0.24332000315189362
2018,8,30,15,0,0.9535210132598877,9.755499839782715,292.5,9.005800247192383,N/A,13422,10.620800018310547,1.629349946975708,0.241239994764328
2018,8,30,18,0,0.9495109915733337,9.632200241088867,287.5,8.900300025939941,N/A,11951,10.620800018310547,1.5499500036239624,0.24368000030517578
2018,8,30,21,0,0.9458749890327454,9.54580020904541,287.5,8.82409954071045,N/A,10820,10.620800018310547,1.4832600355148315,0.24630999565124512
2018,8,31,0,0,0.9429000020027161,9.459099769592285,287.5,8.739899635314941,N/A,9948,10.620800018310547,1.4301899671554565,0.2500999867916107
2018,8,31,3,0,0.9408040046691895,9.32289981842041,282.5,8.496199607849121,N/A,9286,9.655200004577637,1.3931599855422974,0.2620199918746948
2018,8,31,6,0,0.9387080073356628,9.146900177001953,282.5,8.185400009155273,N/A,8757,9.655200004577637,1.3669099807739258,0.280460000038147
2018,8,31,9,0,0.932000994682312,9.034799575805664,282.5,8.043499946594238,N/A,8319,9.655200004577637,1.3412799835205078,0.289900004863739
2018,8,31,12,0,0.9250050187110901,8.869400024414062,282.5,7.838799953460693,N/A,8037,9.655200004577637,1.3315099477767944,0.30296000838279724
2018,8,31,15,0,0.9239150285720825,8.63860034942627,282.5,7.569300174713135,N/A,7932,9.655200004577637,1.341480016708374,0.31863000988960266
2018,8,31,18,0,0.9205390214920044,8.519499778747559,277.5,7.426700115203857,N/A,7301,9.655200004577637,1.2964500188827515,0.3267599940299988
2018,8,31,21,0,0.919543981552124,8.50979995727539,277.5,7.295899868011475,N/A,6621,9.655200004577637,1.2345199584960938,0.33531999588012695
2018,9,1,0,0,0.9229459762573242,8.55840015411377,277.5,7.304500102996826,N/A,6621,9.655200004577637,1.2312300205230713,0.32975998520851135
2018,9,1,3,0,0.9189159870147705,8.48960018157959,277.5,7.171299934387207,N/A,6223,9.655200004577637,1.1985399723052979,0.33915001153945923
2018,9,1,6,0,0.9136639833450317,8.380900382995605,277.5,6.920100212097168,N/A,5924,9.655200004577637,1.1767899990081787,0.35787999629974365
2018,9,1,9,0,0.908502995967865,8.114500045776367,272.5,6.385799884796143,N/A,5819,9.655200004577637,1.1845699548721313,0.40095001459121704
2018,9,1,12,0,0.9027220010757446,8.01930046081543,272.5,6.393499851226807,N/A,5597,9.655200004577637,1.1674400568008423,0.41479000449180603
2018,9,1,15,0,0.9042890071868896,8.205699920654297,272.5,6.518199920654297,N/A,5894,9.655200004577637,1.1803200244903564,0.4198499917984009
2018,9,1,18,0,0.9021139740943909,8.053999900817871,272.5,6.394899845123291,N/A,5970,9.655200004577637,1.198330044746399,0.43121999502182007
2018,9,1,21,0,0.9104800224304199,8.050800323486328,272.5,6.343999862670898,N/A,7174,12.851200103759766,1.3130799531936646,0.42904001474380493
2018,9,2,0,0,0.9143279790878296,8.08489990234375,277.5,6.441100120544434,N/A,8324,11.682900428771973,1.4122400283813477,0.4143899977207184
2018,9,2,3,0,0.9146419763565063,8.170100212097168,277.5,6.676599979400635,N/A,9318,11.682900428771973,1.4880599975585938,0.39160001277923584
2018,9,2,6,0,0.9192060232162476,8.298100471496582,282.5,6.9506001472473145,N/A,10836,11.682900428771973,1.594539999961853,0.3656499981880188
2018,9,2,9,0,0.9239950180053711,8.39050006866455,282.5,7.281599998474121,N/A,12680,11.682900428771973,1.7185200452804565,0.33660000562667847
2018,9,2,12,0,0.9244120121002197,8.423399925231934,287.5,7.439000129699707,N/A,13260,10.620800018310547,1.756600022315979,0.3191100060939789
2018,9,2,15,0,0.9215350151062012,8.517600059509277,287.5,7.510900020599365,N/A,12592,10.620800018310547,1.7009700536727905,0.319130003452301
2018,9,2,18,0,0.9190160036087036,8.657299995422363,287.5,7.574699878692627,N/A,11413,10.620800018310547,1.6035900115966797,0.32455000281333923
2018,9,2,21,0,0.920287013053894,8.617199897766113,282.5,7.123799800872803,N/A,10513,10.620800018310547,1.5414999723434448,0.3507300019264221
2018,9,3,0,0,0.9183149933815002,7.677000045776367,282.5,5.9857001304626465,N/A,11060,10.620800018310547,1.6811200380325317,0.42603999376296997
2018,9,3,3,0,0.9169589877128601,7.6209001541137695,282.5,6.160900115966797,N/A,11322,10.620800018310547,1.709380030632019,0.4112499952316284
2018,9,3,6,0,0.9178910255432129,7.680200099945068,282.5,6.166900157928467,N/A,11403,10.620800018310547,1.7068500518798828,0.4170199930667877
2018,9,3,9,0,0.9158539772033691,7.88040018081665,282.5,6.530799865722656,N/A,11429,10.620800018310547,1.6875300407409668,0.38881999254226685
2018,9,3,12,0,0.918267011642456,8.108699798583984,287.5,6.936600208282471,N/A,11795,9.655200004577637,1.6920499801635742,0.35262998938560486
2018,9,3,15,0,0.9195899963378906,8.1899995803833,287.5,7.159800052642822,N/A,12163,9.655200004577637,1.7112300395965576,0.33166998624801636
2018,9,3,18,0,0.9181240200996399,8.236499786376953,282.5,7.274099826812744,N/A,12401,9.655200004577637,1.7227400541305542,0.32615000009536743
2018,9,3,21,0,0.9140629768371582,8.356499671936035,282.5,7.276000022888184,N/A,12322,9.655200004577637,1.7023500204086304,0.33726000785827637
2018,9,4,0,0,0.9016919732093811,8.09589958190918,282.5,6.580599784851074,N/A,11840,9.655200004577637,1.6930400133132935,0.39473000168800354
2018,9,4,3,0,0.8907229900360107,8.09160041809082,277.5,6.676799774169922,N/A,11261,9.655200004577637,1.6507899761199951,0.39750000834465027
2018,9,4,6,0,0.8834319710731506,8.277899742126465,277.5,7.063499927520752,N/A,10453,8.77750015258789,1.5713900327682495,0.3778400123119354
2018,9,4,9,0,0.871944010257721,8.320799827575684,277.5,7.191699981689453,N/A,9688,8.77750015258789,1.5081700086593628,0.37003999948501587
2018,9,4,12,0,0.8668460249900818,8.327099800109863,277.5,7.267000198364258,N/A,9787,8.77750015258789,1.515660047531128,0.36052998900413513
2018,9,4,15,0,0.8561999797821045,8.30210018157959,272.5,7.194499969482422,N/A,9167,8.77750015258789,1.466920018196106,0.37466999888420105
2018,9,4,18,0,0.8465840220451355,8.396499633789062,272.5,7.180099964141846,N/A,8618,8.77750015258789,1.4103000164031982,0.3950999975204468
2018,9,4,21,0,0.8346549868583679,7.779799938201904,267.5,5.746500015258789,N/A,8171,8.77750015258789,1.4221400022506714,0.5069900155067444
2018,9,5,0,0,0.8316860198974609,7.04610013961792,267.5,5.361999988555908,N/A,9985,5.995100021362305,1.6582399606704712,0.5311599969863892
2018,9,5,3,0,0.8286610245704651,7.357100009918213,267.5,5.820799827575684,N/A,9480,5.995100021362305,1.5801500082015991,0.4957199990749359
2018,9,5,6,0,0.829226016998291,7.639200210571289,262.5,6.0802998542785645,N/A,8024,6.594600200653076,1.4240100383758545,0.4811500012874603
2018,9,5,9,0,0.8292819857597351,7.690999984741211,262.5,6.077700138092041,N/A,6853,14.136300086975098,1.3101099729537964,0.4845600128173828
2018,9,5,12,0,0.8328970074653625,7.770400047302246,262.5,6.2042999267578125,N/A,6242,14.136300086975098,1.2430100440979004,0.48100000619888306
2018,9,5,15,0,0.8335260152816772,7.951600074768066,257.5,6.283100128173828,N/A,5703,14.136300086975098,1.1708799600601196,0.4907599985599518
2018,9,5,18,0,0.8343150019645691,8.382399559020996,252.5,6.373899936676025,N/A,5334,14.136300086975098,1.095829963684082,0.506309986114502
2018,9,5,21,0,0.8298720121383667,7.529699802398682,252.5,5.111499786376953,N/A,6067,14.136300086975098,1.233970046043396,0.5990099906921387
2018,9,6,0,0,0.8226510286331177,6.712200164794922,262.5,5.077499866485596,N/A,9040,5.450099945068359,1.6133300065994263,0.5615599751472473
2018,9,6,3,0,0.8318799734115601,7.081999778747559,267.5,5.725399971008301,N/A,10621,5.995100021362305,1.709380030632019,0.4769099950790405
2018,9,6,6,0,0.837020993232727,7.498899936676025,267.5,6.149199962615967,N/A,9353,7.2540998458862305,1.5559600591659546,0.4521099925041199
2018,9,6,9,0,0.8363459706306458,7.4928998947143555,262.5,6.081900119781494,N/A,8465,7.2540998458862305,1.4796799421310425,0.4600600004196167
2018,9,6,12,0,0.8295009732246399,7.7270002365112305,262.5,6.299799919128418,N/A,7424,7.979499816894531,1.3614799976348877,0.45625001192092896
2018,9,6,15,0,0.821029007434845,7.986000061035156,257.5,6.376800060272217,N/A,6384,12.851200103759766,1.2376999855041504,0.4640899896621704
2018,9,6,18,0,0.8180320262908936,8.184000015258789,252.5,6.4232001304626465,N/A,5854,12.851200103759766,1.167490005493164,0.4695200026035309
2018,9,6,21,0,0.8184369802474976,8.304699897766113,252.5,6.267399787902832,N/A,5811,12.851200103759766,1.153149962425232,0.47648999094963074
2018,9,7,0,0,0.8181790113449097,8.51550006866455,247.5,6.4770002365112305,N/A,5779,12.851200103759766,1.1347500085830688,0.461760014295578
2018,9,7,3,0,0.8186399936676025,8.836400032043457,247.5,6.944499969482422,N/A,5532,12.851200103759766,1.089210033416748,0.4318099915981293
2018,9,7,6,0,0.8209480047225952,9.050200462341309,242.5,7.243000030517578,N/A,5156,11.682900428771973,1.038930058479309,0.41402000188827515
2018,9,7,9,0,0.8168709874153137,8.536700248718262,237.5,5.921500205993652,N/A,4895,11.682900428771973,1.0431400537490845,0.49053001403808594
2018,9,7,12,0,0.8243709802627563,7.978300094604492,237.5,5.467299938201904,N/A,4920,11.682900428771973,1.0841799974441528,0.5403199791908264
2018,9,7,15,0,0.8268409967422485,7.00629997253418,237.5,5.0432000160217285,N/A,6313,10.620800018310547,1.322510004043579,0.5549399852752686
2018,9,7,18,0,0.8295739889144897,6.7895002365112305,232.5,5.305200099945068,N/A,7750,7.2540998458862305,1.4965399503707886,0.5042399764060974
2018,9,7,21,0,0.8269280195236206,6.981299877166748,227.5,5.553599834442139,N/A,7179,7.2540998458862305,1.4189200401306152,0.490200012922287
2018,9,8,0,0,0.8293880224227905,6.877500057220459,227.5,5.296000003814697,N/A,6812,6.594600200653076,1.389799952507019,0.5290899872779846
2018,9,8,3,0,0.8383970260620117,6.67609977722168,227.5,5.119999885559082,N/A,7201,6.594600200653076,1.4509199857711792,0.5461999773979187
2018,9,8,6,0,0.8425400257110596,6.8927998542785645,227.5,5.291399955749512,N/A,6907,6.594600200653076,1.3966699838638306,0.538860023021698
2018,9,8,9,0,0.8446699976921082,7.305600166320801,232.5,5.631700038909912,N/A,6791,6.594600200653076,1.3437700271606445,0.5135899782180786
2018,9,8,12,0,0.8588820099830627,7.826200008392334,247.5,6.305699825286865,N/A,8525,8.77750015258789,1.458899974822998,0.4381600022315979
2018,9,8,15,0,0.8732360005378723,8.028900146484375,247.5,6.640100002288818,N/A,9674,8.77750015258789,1.5358999967575073,0.4075700044631958
2018,9,8,18,0,0.8737450242042542,8.059399604797363,247.5,6.472400188446045,N/A,10001,8.77750015258789,1.5551899671554565,0.4341999888420105
2018,9,8,21,0,0.8587290048599243,7.73859977722168,247.5,6.063700199127197,N/A,10773,8.77750015258789,1.6480799913406372,0.46233001351356506
2018,9,9,0,0,0.8589119911193848,7.848800182342529,247.5,6.349400043487549,N/A,10241,7.979499816894531,1.5952099561691284,0.44339999556541443
2018,9,9,3,0,0.8582839965820312,7.776700019836426,247.5,6.2245001792907715,N/A,9499,7.979499816894531,1.5433900356292725,0.4460600018501282
2018,9,9,6,0,0.8506680130958557,7.544600009918213,247.5,5.963399887084961,N/A,9387,7.979499816894531,1.5587199926376343,0.4578000009059906
2018,9,9,9,0,0.8414530158042908,7.31790018081665,242.5,5.802599906921387,N/A,10312,7.979499816894531,1.6609400510787964,0.46136999130249023
2018,9,9,12,0,0.8267279863357544,7.055099964141846,237.5,5.616399765014648,N/A,12619,7.979499816894531,1.8762199878692627,0.4575999975204468
2018,9,9,15,0,0.8199769854545593,6.850800037384033,227.5,5.579100131988525,N/A,17935,7.979499816894531,2.2799201011657715,0.4287700057029724
2018,9,9,18,0,0.8597909808158875,7.696400165557861,227.5,6.620500087738037,N/A,32951,8.77750015258789,2.918370008468628,0.33913999795913696
2018,9,9,21,0,0.8556920289993286,8.206899642944336,227.5,7.347700119018555,N/A,35329,8.77750015258789,2.9207100868225098,0.30006998777389526
2018,9,10,0,0,0.860480010509491,8.594400405883789,232.5,7.8454999923706055,N/A,27744,8.77750015258789,2.521620035171509,0.2860099971294403
2018,9,10,3,0,0.8684179782867432,8.812100410461426,237.5,8.064399719238281,N/A,23604,9.655200004577637,2.2912399768829346,0.28786998987197876
2018,9,10,6,0,0.8715590238571167,8.977999687194824,237.5,8.182600021362305,N/A,21602,9.655200004577637,2.1661500930786133,0.29719001054763794
2018,9,10,9,0,0.8774319887161255,9.129599571228027,242.5,8.188899993896484,N/A,21503,9.655200004577637,2.1374499797821045,0.3087199926376343
2018,9,10,12,0,0.8832830190658569,9.38010025024414,252.5,8.15839958190918,N/A,26151,10.620800018310547,2.3146300315856934,0.3199999928474426
2018,9,10,15,0,0.892687976360321,9.613499641418457,257.5,8.381500244140625,N/A,30925,10.620800018310547,2.4804699420928955,0.3085399866104126
2018,9,10,18,0,0.9003139734268188,9.654199600219727,257.5,8.485799789428711,N/A,31742,10.620800018310547,2.5092599391937256,0.2992599904537201
2018,9,10,21,0,0.9029179811477661,9.538000106811523,257.5,8.30739974975586,N/A,31016,10.620800018310547,2.4969100952148438,0.3087800145149231
2018,9,11,0,0,0.9051589965820312,9.547900199890137,257.5,8.448200225830078,N/A,31337,10.620800018310547,2.509690046310425,0.3006399869918823
2018,9,11,3,0,0.9056429862976074,9.519399642944336,257.5,8.504500389099121,N/A,30386,10.620800018310547,2.4772300720214844,0.29548001289367676
2018,9,11,6,0,0.9025520086288452,9.526800155639648,257.5,8.57960033416748,N/A,27579,10.620800018310547,2.360640048980713,0.2903200089931488
2018,9,11,9,0,0.8950219750404358,9.513799667358398,257.5,8.591699600219727,N/A,23931,10.620800018310547,2.201349973678589,0.29234999418258667
2018,9,11,12,0,0.886451005935669,9.447199821472168,257.5,8.496999740600586,N/A,20799,9.655200004577637,2.060149908065796,0.3022199869155884
2018,9,11,15,0,0.8781110048294067,9.372699737548828,257.5,8.404800415039062,N/A,19035,9.655200004577637,1.9797500371932983,0.3090600073337555
2018,9,11,18,0,0.8697479963302612,9.27560043334961,252.5,8.28030014038086,N/A,16836,9.655200004577637,1.8726199865341187,0.316210001707077
2018,9,11,21,0,0.8633610010147095,9.156800270080566,257.5,8.09939956665039,N/A,15895,9.655200004577637,1.833340048789978,0.3179199993610382
2018,9,12,0,0,0.85316002368927,9.040300369262695,257.5,8.122099876403809,N/A,14498,8.77750015258789,1.7649699449539185,0.3111400008201599
2018,9,12,3,0,0.8443809747695923,8.948599815368652,257.5,8.053899765014648,N/A,13101,8.77750015258789,1.6871800422668457,0.3144800066947937
2018,9,12,6,0,0.8385869860649109,8.935199737548828,252.5,7.9842000007629395,N/A,11839,8.77750015258789,1.6027699708938599,0.3294300138950348
2018,9,12,9,0,0.8339449763298035,8.953300476074219,252.5,7.934299945831299,N/A,10854,8.77750015258789,1.5306199789047241,0.3440699875354767
2018,9,12,12,0,0.8280730247497559,8.939499855041504,252.5,7.875999927520752,N/A,9999,7.979499816894531,1.4691100120544434,0.3554700016975403
2018,9,12,15,0,0.8254539966583252,8.91569995880127,257.5,7.807000160217285,N/A,9400,7.979499816894531,1.425279974937439,0.3667300045490265
2018,9,12,18,0,0.8235070109367371,8.825599670410156,252.5,7.670400142669678,N/A,8286,7.979499816894531,1.3443100452423096,0.3813000023365021
2018,9,12,21,0,0.8291429877281189,8.711400032043457,252.5,7.535600185394287,N/A,7854,7.979499816894531,1.318809986114502,0.38148999214172363
2018,9,13,0,0,0.838001012802124,8.608599662780762,252.5,7.479899883270264,N/A,8122,8.77750015258789,1.3524800539016724,0.37022000551223755
2018,9,13,3,0,0.8514159917831421,8.653400421142578,257.5,7.607999801635742,N/A,8989,8.77750015258789,1.4217699766159058,0.3529700040817261
2018,9,13,6,0,0.8527899980545044,8.720800399780273,262.5,7.728099822998047,N/A,9248,8.77750015258789,1.4367899894714355,0.3493100106716156
2018,9,13,9,0,0.8454729914665222,8.76360034942627,262.5,7.7241997718811035,N/A,8501,8.77750015258789,1.3719899654388428,0.36445000767707825
2018,9,13,12,0,0.8410940170288086,8.786800384521484,262.5,7.6875,N/A,7857,7.979499816894531,1.3151899576187134,0.3780199885368347
2018,9,13,15,0,0.8379489779472351,8.818499565124512,257.5,7.623199939727783,N/A,7187,7.979499816894531,1.2527400255203247,0.3971099853515625
2018,9,13,18,0,0.8310369849205017,8.85219955444336,257.5,7.513800144195557,N/A,6627,7.979499816894531,1.197759985923767,0.42539000511169434
2018,9,13,21,0,0.8328800201416016,8.827099800109863,252.5,7.197299957275391,N/A,6771,7.979499816894531,1.2085800170898438,0.46873998641967773
2018,9,14,0,0,0.8311349749565125,8.724200248718262,252.5,6.782100200653076,N/A,6932,7.2540998458862305,1.2283999919891357,0.5053300261497498
2018,9,14,3,0,0.8311629891395569,9.00059986114502,252.5,6.929999828338623,N/A,6674,20.697200775146484,1.1834100484848022,0.5091800093650818
2018,9,14,6,0,0.832194983959198,9.1451997756958,252.5,7.08620023727417,N/A,6495,11.682900428771973,1.1577500104904175,0.4951300024986267
2018,9,14,9,0,0.8328369855880737,9.234100341796875,252.5,7.223800182342529,N/A,6388,11.682900428771973,1.1423100233078003,0.48201000690460205
2018,9,14,12,0,0.8333330154418945,9.373299598693848,252.5,7.372499942779541,N/A,6439,11.682900428771973,1.1372699737548828,0.4773400127887726
2018,9,14,15,0,0.8339220285415649,9.494000434875488,252.5,7.354800224304199,N/A,6540,18.81559944152832,1.1375800371170044,0.48228999972343445
2018,9,14,18,0,0.8292649984359741,9.084699630737305,247.5,6.2692999839782715,N/A,6624,18.81559944152832,1.1695400476455688,0.5433899760246277
2018,9,14,21,0,0.8180189728736877,7.59660005569458,242.5,5.077899932861328,N/A,8175,18.81559944152832,1.4274400472640991,0.6456999778747559
2018,9,15,0,0,0.8112959861755371,7.839900016784668,242.5,5.371500015258789,N/A,8563,18.81559944152832,1.436329960823059,0.6245099902153015
2018,9,15,3,0,0.8272690176963806,8.702300071716309,242.5,5.8968000411987305,N/A,7972,18.81559944152832,1.3080600500106812,0.588949978351593
2018,9,15,6,0,0.8404219746589661,9.047300338745117,247.5,5.9197998046875,N/A,7881,14.136300086975098,1.271690011024475,0.5800700187683105
2018,9,15,9,0,0.8470879793167114,8.881699562072754,242.5,5.859799861907959,N/A,8280,12.851200103759766,1.3157299757003784,0.5844900012016296
2018,9,15,12,0,0.854108989238739,8.991299629211426,242.5,6.203999996185303,N/A,8356,12.851200103759766,1.313230037689209,0.5626000165939331
2018,9,15,15,0,0.857683002948761,9.119600296020508,242.5,6.223100185394287,N/A,8339,12.851200103759766,1.3012900352478027,0.5537800192832947
2018,9,15,18,0,0.8653010129928589,9.467599868774414,242.5,6.415500164031982,N/A,8150,12.851200103759766,1.260040044784546,0.5379300117492676
2018,9,15,21,0,0.8697450160980225,9.642399787902832,242.5,6.3968000411987305,N/A,8404,11.682900428771973,1.2669700384140015,0.5367000102996826
2018,9,16,0,0,0.8690950274467468,9.66189956665039,242.5,6.278900146484375,N/A,8584,18.81559944152832,1.2791800498962402,0.5501300096511841
2018,9,16,3,0,0.8416169881820679,8.24370002746582,237.5,5.258399963378906,N/A,9781,18.81559944152832,1.4879599809646606,0.64028000831604
2018,9,16,6,0,0.823606014251709,7.4664998054504395,227.5,5.230899810791016,N/A,11812,18.81559944152832,1.7342400550842285,0.6230000257492065
2018,9,16,9,0,0.8292250037193298,7.496200084686279,222.5,5.512599945068359,N/A,11601,18.81559944152832,1.7189699411392212,0.5866199731826782
2018,9,16,12,0,0.818805992603302,8.085000038146973,222.5,6.281300067901611,N/A,10345,5.995100021362305,1.5610300302505493,0.5273299813270569
2018,9,16,15,0,0.8090130090713501,8.249600410461426,222.5,6.486000061035156,N/A,10471,6.594600200653076,1.5568000078201294,0.49553999304771423
2018,9,16,18,0,0.8099380135536194,8.12440013885498,222.5,6.389100074768066,N/A,11080,17.104999542236328,1.6142100095748901,0.5032100081443787
2018,9,16,21,0,0.8217049837112427,8.155400276184082,227.5,6.308300018310547,N/A,11290,17.104999542236328,1.6230599880218506,0.5212799906730652
2018,9,17,0,0,0.8335760235786438,8.15149974822998,232.5,6.2017998695373535,N/A,11291,17.104999542236328,1.621359944343567,0.5371699929237366
2018,9,17,3,0,0.8305280208587646,7.977399826049805,237.5,6.229899883270264,N/A,11352,17.104999542236328,1.6460800170898438,0.5348700284957886
2018,9,17,6,0,0.8249610066413879,8.07289981842041,242.5,6.5177998542785645,N/A,10829,17.104999542236328,1.6016099452972412,0.5031899809837341
2018,9,17,9,0,0.8268420100212097,8.156000137329102,247.5,6.818699836730957,N/A,10747,7.2540998458862305,1.5938700437545776,0.45548000931739807
2018,9,17,12,0,0.8270320296287537,8.205499649047852,247.5,6.924499988555908,N/A,9691,7.2540998458862305,1.509559988975525,0.4415299892425537
2018,9,17,15,0,0.8217149972915649,8.372900009155273,247.5,6.918600082397461,N/A,8179,17.104999542236328,1.3667500019073486,0.46147000789642334
2018,9,17,18,0,0.8232979774475098,8.776800155639648,242.5,6.989799976348877,N/A,7191,17.104999542236328,1.242319941520691,0.4847800135612488
2018,9,17,21,0,0.8312159776687622,8.851200103759766,237.5,6.196100234985352,N/A,6842,15.550000190734863,1.1995099782943726,0.5354999899864197
2018,9,18,0,0,0.8227880001068115,8.12090015411377,237.5,5.270199775695801,N/A,7137,15.550000190734863,1.278480052947998,0.6154000163078308
2018,9,18,3,0,0.8185790181159973,8.000499725341797,242.5,5.304900169372559,N/A,7288,15.550000190734863,1.302489995956421,0.6175299882888794
2018,9,18,6,0,0.8257449865341187,8.338800430297852,242.5,5.809100151062012,N/A,6938,15.550000190734863,1.244320034980774,0.5808699727058411
2018,9,18,9,0,0.8316119909286499,8.653800010681152,242.5,6.0493998527526855,N/A,6373,15.550000190734863,1.1692899465560913,0.5601199865341187
2018,9,18,12,0,0.8342189788818359,8.960200309753418,247.5,6.324900150299072,N/A,6107,15.550000190734863,1.1226199865341187,0.5414699912071228
2018,9,18,15,0,0.8328980207443237,9.22029972076416,247.5,6.5553998947143555,N/A,6010,15.550000190734863,1.0957499742507935,0.5242800116539001
2018,9,18,18,0,0.8304280042648315,9.536100387573242,247.5,6.784800052642822,N/A,5628,15.550000190734863,1.0405199527740479,0.505079984664917
2018,9,18,21,0,0.8278059959411621,9.661700248718262,252.5,6.301599979400635,N/A,5772,14.136300086975098,1.0439599752426147,0.512470006942749
2018,9,19,0,0,0.8237360119819641,9.431599617004395,252.5,5.975299835205078,N/A,6236,14.136300086975098,1.0981099605560303,0.5319799780845642
2018,9,19,3,0,0.8254070281982422,10.193099975585938,252.5,6.892300128936768,N/A,6317,14.136300086975098,1.0617300271987915,0.4623500108718872
2018,9,19,6,0,0.8277890086174011,10.501199722290039,257.5,7.731100082397461,N/A,6588,12.851200103759766,1.0716899633407593,0.4086199998855591
2018,9,19,9,0,0.8380299806594849,10.4443998336792,257.5,8.36520004272461,N/A,7290,12.851200103759766,1.1356500387191772,0.37529000639915466
2018,9,19,12,0,0.8518440127372742,10.21150016784668,262.5,8.550299644470215,N/A,8025,12.851200103759766,1.210319995880127,0.363970011472702
2018,9,19,15,0,0.8583250045776367,9.80620002746582,262.5,7.963200092315674,N/A,8314,11.682900428771973,1.2616000175476074,0.38359999656677246
2018,9,19,18,0,0.8518970012664795,9.411700248718262,262.5,7.39109992980957,N/A,7534,11.682900428771973,1.2278900146484375,0.4185500144958496
2018,9,19,21,0,0.8559709787368774,9.253999710083008,262.5,7.360400199890137,N/A,7847,11.682900428771973,1.2668100595474243,0.4163999855518341
2018,9,20,0,0,0.8562530279159546,8.62279987335205,262.5,6.628900051116943,N/A,8103,11.682900428771973,1.3388999700546265,0.45058000087738037
2018,9,20,3,0,0.8541529774665833,8.258700370788574,262.5,6.435299873352051,N/A,8143,11.682900428771973,1.3746600151062012,0.46518000960350037
2018,9,20,6,0,0.8503689765930176,8.253499984741211,262.5,6.507900238037109,N/A,7837,10.620800018310547,1.3494499921798706,0.46875
2018,9,20,9,0,0.8477439880371094,8.453200340270996,262.5,6.643700122833252,N/A,7369,10.620800018310547,1.2912399768829346,0.47227001190185547
2018,9,20,12,0,0.849586009979248,8.68239974975586,262.5,6.8403000831604,N/A,7279,10.620800018310547,1.2649199962615967,0.4649899899959564
2018,9,20,15,0,0.8500750064849854,8.821399688720703,262.5,7.046599864959717,N/A,7268,10.620800018310547,1.2542200088500977,0.44683000445365906
2018,9,20,18,0,0.8474720120429993,8.771699905395508,267.5,6.905600070953369,N/A,6868,8.77750015258789,1.2242300510406494,0.4387899935245514
2018,9,20,21,0,0.8187239766120911,7.766200065612793,262.5,5.4105000495910645,N/A,6659,8.77750015258789,1.2843199968338013,0.5324199795722961
2018,9,21,0,0,0.719057023525238,6.422699928283691,247.5,4.644400119781494,N/A,7755,8.77750015258789,1.5349400043487549,0.5898500084877014
2018,9,21,3,0,0.8394169807434082,7.39169979095459,242.5,6.3404998779296875,N/A,12420,7.979499816894531,1.8217899799346924,0.4049699902534485
2018,9,21,6,0,0.8624029755592346,7.41480016708374,247.5,6.297299861907959,N/A,14626,7.979499816894531,1.974429965019226,0.4070799946784973
2018,9,21,9,0,0.8466150164604187,6.958499908447266,242.5,5.833899974822998,N/A,17853,7.2540998458862305,2.2550699710845947,0.4289399981498718
2018,9,21,12,0,0.8374180197715759,7.197500228881836,247.5,5.973999977111816,N/A,15555,7.979499816894531,2.0650100708007812,0.4353100061416626
2018,9,21,15,0,0.8441630005836487,7.2729997634887695,252.5,5.908599853515625,N/A,12934,7.979499816894531,1.8704299926757812,0.44745999574661255
2018,9,21,18,0,0.8346379995346069,6.969099998474121,247.5,5.604499816894531,N/A,11965,7.979499816894531,1.8402800559997559,0.4599300026893616
2018,9,21,21,0,0.8218050003051758,6.535200119018555,232.5,5.399899959564209,N/A,14674,7.2540998458862305,2.113219976425171,0.439300000667572
2018,9,22,0,0,0.8381149768829346,6.9390997886657715,227.5,5.87060022354126,N/A,17813,7.979499816894531,2.262010097503662,0.39364001154899597
2018,9,22,3,0,0.8364499807357788,7.29010009765625,232.5,6.168499946594238,N/A,19763,7.979499816894531,2.3206698894500732,0.38651999831199646
2018,9,22,6,0,0.8430619835853577,7.563600063323975,232.5,6.407299995422363,N/A,19896,7.979499816894531,2.280639886856079,0.38697999715805054
2018,9,22,9,0,0.8492349982261658,7.827700138092041,237.5,6.704599857330322,N/A,19859,7.979499816894531,2.235340118408203,0.37904998660087585
2018,9,22,12,0,0.8662490248680115,8.321700096130371,237.5,7.38129997253418,N/A,19211,8.77750015258789,2.1285300254821777,0.3426699936389923
2018,9,22,15,0,0.8701559901237488,8.550399780273438,237.5,7.632800102233887,N/A,17704,8.77750015258789,2.011820077896118,0.33733999729156494
2018,9,22,18,0,0.8839529752731323,8.35260009765625,237.5,7.429200172424316,N/A,17148,8.77750015258789,2.0065300464630127,0.33959999680519104
2018,9,22,21,0,0.8827710151672363,7.875899791717529,247.5,6.791100025177002,N/A,18473,8.77750015258789,2.151010036468506,0.36333999037742615
2018,9,23,0,0,0.8703719973564148,7.563600063323975,262.5,6.4532999992370605,N/A,15034,7.979499816894531,1.9781099557876587,0.39785000681877136
2018,9,23,3,0,0.8658999800682068,7.678599834442139,267.5,6.50629997253418,N/A,12181,7.979499816894531,1.759559988975525,0.4237399995326996
2018,9,23,6,0,0.874226987361908,7.9807000160217285,267.5,6.81850004196167,N/A,12151,7.979499816894531,1.7204500436782837,0.41172000765800476
2018,9,23,9,0,0.8794540166854858,8.060199737548828,267.5,6.957799911499023,N/A,12950,7.979499816894531,1.7679100036621094,0.3976899981498718
2018,9,23,12,0,0.8786839842796326,8.200400352478027,267.5,7.087100028991699,N/A,13226,7.979499816894531,1.7691800594329834,0.39364999532699585
2018,9,23,15,0,0.8778030276298523,8.380499839782715,272.5,7.213600158691406,N/A,13042,7.979499816894531,1.7341300249099731,0.39493998885154724
2018,9,23,18,0,0.8704500198364258,8.283100128173828,272.5,7.114500045776367,N/A,11344,7.979499816894531,1.6268500089645386,0.4031299948692322
2018,9,23,21,0,0.8681039810180664,8.222200393676758,272.5,6.926700115203857,N/A,9857,7.979499816894531,1.5200200080871582,0.42212000489234924
2018,9,24,0,0,0.8668839931488037,7.993800163269043,272.5,6.599400043487549,N/A,8844,7.2540998458862305,1.4611300230026245,0.43876001238822937
2018,9,24,3,0,0.8687800168991089,7.941999912261963,272.5,6.606299877166748,N/A,8325,7.2540998458862305,1.4199800491333008,0.4471699893474579
2018,9,24,6,0,0.8619089722633362,7.9278998374938965,272.5,6.582699775695801,N/A,7515,14.136300086975098,1.3486299514770508,0.4538800120353699
2018,9,24,9,0,0.8485090136528015,8.06719970703125,272.5,6.563000202178955,N/A,6662,14.136300086975098,1.2538700103759766,0.4730699956417084
2018,9,24,12,0,0.8376230001449585,8.208900451660156,267.5,6.509200096130371,N/A,5818,14.136300086975098,1.157539963722229,0.49053001403808594
2018,9,24,15,0,0.8423799872398376,8.507200241088867,262.5,6.570000171661377,N/A,5472,14.136300086975098,1.0979700088500977,0.4984099864959717
2018,9,24,18,0,0.854498028755188,8.36340045928955,262.5,6.520100116729736,N/A,5541,14.136300086975098,1.1170799732208252,0.49647000432014465
2018,9,24,21,0,0.8719249963760376,8.37600040435791,267.5,6.665800094604492,N/A,6480,14.136300086975098,1.2107000350952148,0.4738900065422058
2018,9,25,0,0,0.8915899991989136,8.222000122070312,277.5,6.256400108337402,N/A,9055,14.136300086975098,1.4506800174713135,0.46643999218940735
2018,9,25,3,0,0.9096689820289612,8.536999702453613,282.5,6.685699939727783,N/A,11897,12.851200103759766,1.634469985961914,0.4204599857330322
2018,9,25,6,0,0.9237149953842163,9.047900199890137,287.5,7.683300018310547,N/A,13232,12.851200103759766,1.6765700578689575,0.35016998648643494
2018,9,25,9,0,0.9305679798126221,9.194000244140625,287.5,8.097900390625,N/A,13934,10.620800018310547,1.7095099687576294,0.3182699978351593
2018,9,25,12,0,0.930620014667511,9.135000228881836,287.5,8.144700050354004,N/A,13827,10.620800018310547,1.711300015449524,0.3109099864959717
2018,9,25,15,0,0.9272760152816772,9.135000228881836,287.5,8.154000282287598,N/A,13102,11.682900428771973,1.6663700342178345,0.3122900128364563
2018,9,25,18,0,0.924301028251648,9.180000305175781,287.5,8.196599960327148,N/A,12526,11.682900428771973,1.625480055809021,0.31216999888420105
2018,9,25,21,0,0.9234529733657837,9.1983003616333,287.5,8.206999778747559,N/A,12291,10.620800018310547,1.6090699434280396,0.3127500116825104
2018,9,26,0,0,0.9222000241279602,8.537400245666504,287.5,6.8454999923706055,N/A,12255,10.620800018310547,1.6718300580978394,0.3803800046443939
2018,9,26,3,0,0.9164100289344788,8.098999977111816,287.5,6.422599792480469,N/A,11811,10.620800018310547,1.6884000301361084,0.40942999720573425
2018,9,26,6,0,0.9096099734306335,8.38070011138916,287.5,6.9882001876831055,N/A,10243,10.620800018310547,1.5448800325393677,0.38266998529434204
2018,9,26,9,0,0.9012609720230103,8.645299911499023,282.5,7.388599872589111,N/A,9177,9.655200004577637,1.4375900030136108,0.37389999628067017
2018,9,26,12,0,0.8948820233345032,8.615099906921387,282.5,7.452199935913086,N/A,8831,9.655200004577637,1.4132000207901,0.3808000087738037
2018,9,26,15,0,0.8962690234184265,8.507399559020996,282.5,7.400700092315674,N/A,9241,8.77750015258789,1.4557600021362305,0.3863300085067749
2018,9,26,18,0,0.9010170102119446,8.52239990234375,282.5,7.421599864959717,N/A,9665,7.979499816894531,1.4866600036621094,0.38429999351501465
2018,9,26,21,0,0.9028350114822388,8.628800392150879,282.5,7.429900169372559,N/A,9835,10.620800018310547,1.4886900186538696,0.3797000050544739
2018,9,27,0,0,0.9057149887084961,8.182600021362305,287.5,6.538899898529053,N/A,10887,10.620800018310547,1.6114100217819214,0.41339001059532166
2018,9,27,3,0,0.8994870185852051,8.144800186157227,287.5,6.692699909210205,N/A,11029,9.655200004577637,1.6278599500656128,0.3960700035095215
2018,9,27,6,0,0.889307975769043,8.433600425720215,282.5,7.274799823760986,N/A,10204,9.655200004577637,1.537500023841858,0.3651300072669983
2018,9,27,9,0,0.8918669819831848,8.52400016784668,282.5,7.55810022354126,N/A,10759,8.77750015258789,1.5718899965286255,0.34431999921798706
2018,9,27,12,0,0.9031649827957153,8.583900451660156,282.5,7.720699787139893,N/A,12413,8.77750015258789,1.6841000318527222,0.33177998661994934
2018,9,27,15,0,0.9086120128631592,8.668000221252441,282.5,7.795000076293945,N/A,13027,8.77750015258789,1.7153400182724,0.33664000034332275
2018,9,27,18,0,0.9067360162734985,8.714599609375,282.5,7.793499946594238,N/A,12638,8.77750015258789,1.6825900077819824,0.3463299870491028
2018,9,27,21,0,0.90037602186203,8.777799606323242,282.5,7.8094000816345215,N/A,12169,8.77750015258789,1.6432700157165527,0.34922999143600464
2018,9,28,0,0,0.893779993057251,8.697099685668945,282.5,7.624499797821045,N/A,12168,8.77750015258789,1.6526399850845337,0.3477799892425537
2018,9,28,3,0,0.8854680061340332,8.387499809265137,282.5,7.2170000076293945,N/A,11866,8.77750015258789,1.6650300025939941,0.3603299856185913
2018,9,28,6,0,0.8773720264434814,8.360899925231934,282.5,7.412600040435791,N/A,10691,8.77750015258789,1.584589958190918,0.34228000044822693
2018,9,28,9,0,0.883774995803833,8.360400199890137,282.5,7.542300224304199,N/A,10655,8.77750015258789,1.5844800472259521,0.319599986076355
2018,9,28,12,0,0.8892379999160767,8.374600410461426,282.5,7.624499797821045,N/A,10760,8.77750015258789,1.5924999713897705,0.3059900104999542
2018,9,28,15,0,0.873341977596283,8.284600257873535,282.5,7.353899955749512,N/A,9076,8.77750015258789,1.4687399864196777,0.3362700045108795
2018,9,28,18,0,0.8505269885063171,8.331199645996094,282.5,7.226799964904785,N/A,7604,7.979499816894531,1.3358500003814697,0.37735000252723694
2018,9,28,21,0,0.8303409814834595,8.499199867248535,277.5,7.070400238037109,N/A,6982,7.979499816894531,1.2611299753189087,0.41624999046325684
2018,9,29,0,0,0.8145549893379211,8.800600051879883,272.5,7.253399848937988,N/A,6591,7.979499816894531,1.198390007019043,0.4289900064468384
2018,9,29,3,0,0.8037620186805725,9.037699699401855,267.5,7.30079984664917,N/A,6178,7.979499816894531,1.140679955482483,0.4368700087070465
2018,9,29,6,0,0.8008739948272705,8.885100364685059,267.5,7.013599872589111,N/A,5893,7.979499816894531,1.122380018234253,0.45857998728752136
2018,9,29,9,0,0.8006439805030823,8.942000389099121,262.5,7.050000190734863,N/A,5477,12.851200103759766,1.078070044517517,0.46272000670433044
2018,9,29,12,0,0.8005689978599548,8.654999732971191,262.5,6.179500102996826,N/A,5356,12.851200103759766,1.084589958190918,0.5084199905395508
2018,9,29,15,0,0.7906309962272644,8.050600051879883,262.5,5.850299835205078,N/A,6104,7.979499816894531,1.2072700262069702,0.5232499837875366
2018,9,29,18,0,0.7464889883995056,7.622000217437744,257.5,5.870299816131592,N/A,6342,7.2540998458862305,1.2684299945831299,0.514710009098053
2018,9,29,21,0,0.7270569801330566,7.348800182342529,242.5,5.73859977722168,N/A,6312,6.594600200653076,1.2901099920272827,0.5092700123786926
2018,9,30,0,0,0.7519760131835938,7.23360013961792,227.5,5.900300025939941,N/A,7023,7.2540998458862305,1.3749300241470337,0.4769800007343292
2018,9,30,3,0,0.7836880087852478,7.493599891662598,217.5,6.118800163269043,N/A,7624,6.594600200653076,1.4075000286102295,0.4533500075340271
2018,9,30,6,0,0.8016989827156067,7.730800151824951,217.5,6.248799800872803,N/A,7626,6.594600200653076,1.3820199966430664,0.46744000911712646
2018,9,30,9,0,0.8201389908790588,7.758299827575684,217.5,6.042799949645996,N/A,8095,6.594600200653076,1.419350028038025,0.49816998839378357
2018,9,30,12,0,0.8420550227165222,7.509399890899658,217.5,5.853600025177002,N/A,9308,6.594600200653076,1.5510900020599365,0.5053899884223938
2018,9,30,15,0,0.8639299869537354,7.404699802398682,212.5,5.959799766540527,N/A,10393,7.2540998458862305,1.6573899984359741,0.4720900058746338
2018,9,30,18,0,0.8670709729194641,7.246500015258789,212.5,5.785099983215332,N/A,10238,7.2540998458862305,1.665220022201538,0.4718799889087677
2018,9,30,21,0,0.8828179836273193,6.843100070953369,207.5,5.545300006866455,N/A,12836,7.2540998458862305,1.9285000562667847,0.4473100006580353
2018,10,1,0,0,0.8942499756813049,6.821599960327148,207.5,5.673399925231934,N/A,16623,7.2540998458862305,2.2065699100494385,0.39910000562667847
2018,10,1,3,0,0.8963819742202759,6.918700218200684,202.5,5.86299991607666,N/A,19947,7.979499816894531,2.403549909591675,0.36998000741004944
2018,10,1,6,0,0.9065769910812378,7.195899963378906,202.5,6.263700008392334,N/A,23484,7.979499816894531,2.5578200817108154,0.3413600027561188
2018,10,1,9,0,0.8996589779853821,7.36899995803833,202.5,6.409999847412109,N/A,18090,7.979499816894531,2.2125799655914307,0.3651599884033203
2018,10,1,12,0,0.8865780234336853,7.603799819946289,202.5,6.559599876403809,N/A,13867,7.979499816894531,1.900089979171753,0.3947800099849701
2018,10,1,15,0,0.879518985748291,7.815800189971924,202.5,6.662600040435791,N/A,11577,7.979499816894531,1.7083499431610107,0.40602999925613403
2018,10,1,18,0,0.87254798412323,7.902400016784668,207.5,6.661200046539307,N/A,10362,7.979499816894531,1.6054600477218628,0.4083400070667267
2018,10,1,21,0,0.8584529757499695,7.766499996185303,207.5,6.372600078582764,N/A,9392,7.979499816894531,1.5408300161361694,0.42291000485420227
2018,10,2,0,0,0.8322669863700867,7.789999961853027,212.5,6.424900054931641,N/A,8770,7.979499816894531,1.4845099449157715,0.4228599965572357
2018,10,2,3,0,0.8091840147972107,8.130800247192383,222.5,6.767000198364258,N/A,8576,7.2540998458862305,1.429960012435913,0.41993001103401184
2018,10,2,6,0,0.8096100091934204,8.569700241088867,227.5,7.1656999588012695,N/A,8818,7.2540998458862305,1.4048099517822266,0.41569000482559204
2018,10,2,9,0,0.8192499876022339,9.004199981689453,237.5,7.299699783325195,N/A,9472,11.682900428771973,1.4133700132369995,0.41990000009536743
2018,10,2,12,0,0.8273599743843079,8.520099639892578,237.5,6.270599842071533,N/A,10764,11.682900428771973,1.5500600337982178,0.47655999660491943
2018,10,2,15,0,0.812047004699707,7.431000232696533,247.5,5.638500213623047,N/A,13178,11.682900428771973,1.850790023803711,0.5095700025558472
2018,10,2,18,0,0.8217779994010925,7.284900188446045,257.5,5.912799835205078,N/A,15203,6.594600200653076,2.0206100940704346,0.45302000641822815
2018,10,2,21,0,0.8383499979972839,7.005899906158447,267.5,5.857100009918213,N/A,17704,6.594600200653076,2.236150026321411,0.4177600145339966
2018,10,3,0,0,0.8452889919281006,7.471399784088135,267.5,6.475200176239014,N/A,15167,7.2540998458862305,2.0041298866271973,0.3769499957561493
2018,10,3,3,0,0.8448590040206909,7.907599925994873,267.5,6.946100234985352,N/A,12587,7.2540998458862305,1.7706700563430786,0.3673500120639801
2018,10,3,6,0,0.8289409875869751,8.162500381469727,267.5,7.173699855804443,N/A,11603,7.979499816894531,1.670549988746643,0.37397998571395874
2018,10,3,9,0,0.8100150227546692,8.623299598693848,267.5,7.463399887084961,N/A,12205,9.655200004577637,1.6582200527191162,0.4056200087070465
2018,10,3,12,0,0.8050029873847961,9.23449993133545,267.5,7.8059000968933105,N/A,13962,8.77750015258789,1.7019799947738647,0.428600013256073
2018,10,3,15,0,0.8014709949493408,9.653499603271484,267.5,7.634900093078613,N/A,13309,17.104999542236328,1.611799955368042,0.4605900049209595
2018,10,3,18,0,0.8312730193138123,10.850199699401855,267.5,8.409000396728516,N/A,14130,17.104999542236328,1.5416500568389893,0.4515799880027771
2018,10,3,21,0,0.8775079846382141,12.16759967803955,272.5,9.225099563598633,N/A,17844,17.104999542236328,1.6147300004959106,0.40022000670433044
2018,10,4,0,0,0.8929659724235535,12.508399963378906,272.5,10.045499801635742,N/A,17747,15.550000190734863,1.5842000246047974,0.35447999835014343
2018,10,4,3,0,0.9069349765777588,12.763199806213379,272.5,10.694199562072754,N/A,19239,15.550000190734863,1.6302599906921387,0.3098300099372864
2018,10,4,6,0,0.9140729904174805,12.854999542236328,277.5,11.020099639892578,N/A,20434,15.550000190734863,1.6740800142288208,0.2833000123500824
2018,10,4,9,0,0.9157919883728027,12.796799659729004,277.5,11.187600135803223,N/A,20141,14.136300086975098,1.6689200401306152,0.2641499936580658
2018,10,4,12,0,0.9151600003242493,12.632599830627441,272.5,11.273900032043457,N/A,19159,14.136300086975098,1.6433099508285522,0.24763000011444092
2018,10,4,15,0,0.9177290201187134,12.538100242614746,277.5,11.446000099182129,N/A,19247,14.136300086975098,1.6572099924087524,0.22791999578475952
2018,10,4,18,0,0.9197289943695068,12.451000213623047,277.5,11.51099967956543,N/A,19038,14.136300086975098,1.657189965248108,0.2168699949979782
2018,10,4,21,0,0.919588029384613,12.242400169372559,277.5,11.410300254821777,N/A,17904,12.851200103759766,1.626330018043518,0.21491999924182892
2018,10,5,0,0,0.9204630255699158,11.904500007629395,272.5,11.012700080871582,N/A,17197,12.851200103759766,1.6244299411773682,0.22125999629497528
2018,10,5,3,0,0.92118901014328,11.527400016784668,272.5,10.756600379943848,N/A,16623,12.851200103759766,1.6318800449371338,0.23045000433921814
2018,10,5,6,0,0.9209750294685364,11.200400352478027,272.5,10.477700233459473,N/A,16244,12.851200103759766,1.6437699794769287,0.241349995136261
2018,10,5,9,0,0.9185500144958496,10.806500434875488,272.5,9.308199882507324,N/A,16238,11.682900428771973,1.6781599521636963,0.27577999234199524
2018,10,5,12,0,0.9072620272636414,10.204700469970703,272.5,8.270500183105469,N/A,15902,11.682900428771973,1.714269995689392,0.3297699987888336
2018,10,5,15,0,0.8627110123634338,9.025699615478516,272.5,6.695000171661377,N/A,15236,11.682900428771973,1.7935500144958496,0.42566999793052673
2018,10,5,18,0,0.7902299761772156,8.007499694824219,262.5,5.882599830627441,N/A,15465,10.620800018310547,1.930649995803833,0.4805600047111511
2018,10,5,21,0,0.6651759743690491,7.131800174713135,247.5,5.351399898529053,N/A,16537,10.620800018310547,2.1285500526428223,0.514959990978241
2018,10,6,0,0,0.6681709885597229,7.692999839782715,232.5,6.045599937438965,N/A,18028,7.979499816894531,2.140089988708496,0.4621100127696991
2018,10,6,3,0,0.6937659978866577,8.685799598693848,232.5,6.901400089263916,N/A,19208,7.979499816894531,2.061500072479248,0.4371500015258789
2018,10,6,6,0,0.730068027973175,9.727800369262695,247.5,7.995999813079834,N/A,23562,14.136300086975098,2.1379499435424805,0.3968600034713745
2018,10,6,9,0,0.7821400165557861,10.398300170898438,252.5,9.18280029296875,N/A,29357,14.136300086975098,2.3020200729370117,0.33548998832702637
2018,10,6,12,0,0.819989025592804,10.799300193786621,262.5,9.63129997253418,N/A,30675,12.851200103759766,2.3008899688720703,0.328029990196228
2018,10,6,15,0,0.845287024974823,11.130399703979492,267.5,9.849300384521484,N/A,29813,12.851200103759766,2.227289915084839,0.3371799886226654
2018,10,6,18,0,0.8767179846763611,11.19890022277832,272.5,9.720499992370605,N/A,32210,12.851200103759766,2.3050899505615234,0.36375999450683594
2018,10,6,21,0,0.896468997001648,11.329299926757812,272.5,9.597399711608887,N/A,34541,12.851200103759766,2.3673300743103027,0.38012000918388367
2018,10,7,0,0,0.8997629880905151,11.386799812316895,272.5,9.349200248718262,N/A,32980,15.550000190734863,2.303040027618408,0.39263999462127686
2018,10,7,3,0,0.9065290093421936,11.431300163269043,272.5,9.089200019836426,N/A,34910,15.550000190734863,2.359489917755127,0.4087800085544586
2018,10,7,6,0,0.9147239923477173,11.844400405883789,272.5,9.557499885559082,N/A,38536,15.550000190734863,2.428459882736206,0.39535000920295715
2018,10,7,9,0,0.9152470231056213,12.383099555969238,272.5,10.139699935913086,N/A,37537,15.550000190734863,2.3380401134490967,0.37307000160217285
2018,10,7,12,0,0.909417986869812,12.483599662780762,267.5,10.225000381469727,N/A,31524,15.550000190734863,2.132930040359497,0.3633100092411041
2018,10,7,15,0,0.9083399772644043,12.387900352478027,267.5,9.192099571228027,N/A,31172,15.550000190734863,2.1250100135803223,0.3903700113296509
2018,10,7,18,0,0.8761559724807739,10.820599555969238,257.5,8.031299591064453,N/A,35564,18.81559944152832,2.4484500885009766,0.460099995136261
2018,10,7,21,0,0.8415650129318237,10.148300170898438,247.5,7.997499942779541,N/A,38181,18.81559944152832,2.6407599449157715,0.4458400011062622
2018,10,8,0,0,0.821727991104126,9.883000373840332,247.5,8.101300239562988,N/A,34825,15.550000190734863,2.5643200874328613,0.4239799976348877
2018,10,8,3,0,0.8313949704170227,10.187000274658203,252.5,8.460100173950195,N/A,35162,17.104999542236328,2.530210018157959,0.40588998794555664
2018,10,8,6,0,0.8485810160636902,10.291799545288086,257.5,8.628600120544434,N/A,32920,17.104999542236328,2.4345500469207764,0.39423999190330505
2018,10,8,9,0,0.8596889972686768,10.123499870300293,262.5,8.677399635314941,N/A,28957,15.550000190734863,2.310920000076294,0.3690600097179413
2018,10,8,12,0,0.8778089880943298,10.049599647521973,267.5,8.801300048828125,N/A,27325,15.550000190734863,2.259999990463257,0.3402400016784668
2018,10,8,15,0,0.8940989971160889,10.116800308227539,267.5,8.93529987335205,N/A,27218,15.550000190734863,2.2488999366760254,0.327349990606308
2018,10,8,18,0,0.9023119807243347,10.024399757385254,272.5,8.940299987792969,N/A,26122,9.655200004577637,2.218869924545288,0.31290000677108765
2018,10,8,21,0,0.9094880223274231,9.965800285339355,272.5,8.98270034790039,N/A,25691,14.136300086975098,2.21163010597229,0.2942799925804138
2018,10,9,0,0,0.915723979473114,10.152700424194336,277.5,9.202699661254883,N/A,27107,14.136300086975098,2.2470099925994873,0.28196001052856445
2018,10,9,3,0,0.9173480272293091,10.27810001373291,277.5,9.33080005645752,N/A,26872,14.136300086975098,2.2204599380493164,0.27862998843193054
2018,10,9,6,0,0.9179030060768127,10.112799644470215,277.5,8.817399978637695,N/A,25076,11.682900428771973,2.1640100479125977,0.2988399863243103
2018,10,9,9,0,0.9208570122718811,9.069199562072754,272.5,7.640699863433838,N/A,26870,12.851200103759766,2.380510091781616,0.364300012588501
2018,10,9,12,0,0.9333379864692688,9.346699714660645,272.5,8.385199546813965,N/A,36159,9.655200004577637,2.7301299571990967,0.3032500147819519
2018,10,9,15,0,0.9357960224151611,9.676600456237793,277.5,8.754199981689453,N/A,39078,9.655200004577637,2.7813100814819336,0.2904900014400482
2018,10,9,18,0,0.9454960227012634,10.123600006103516,277.5,9.184100151062012,N/A,43678,10.620800018310547,2.859600067138672,0.2815999984741211
2018,10,9,21,0,0.9493939876556396,10.271499633789062,277.5,9.3548002243042,N/A,41271,11.682900428771973,2.7554099559783936,0.27362000942230225
2018,10,10,0,0,0.949766993522644,10.296099662780762,272.5,9.390899658203125,N/A,36802,11.682900428771973,2.598750114440918,0.2694700062274933
2018,10,10,3,0,0.9477670192718506,10.164199829101562,272.5,9.157600402832031,N/A,32319,11.682900428771973,2.453619956970215,0.2778399884700775
2018,10,10,6,0,0.943801999092102,10.037799835205078,272.5,9.054100036621094,N/A,27376,11.682900428771973,2.275860071182251,0.2808299958705902
2018,10,10,9,0,0.9386919736862183,9.944000244140625,272.5,8.975700378417969,N/A,22705,11.682900428771973,2.084969997406006,0.2843100130558014
2018,10,10,12,0,0.9311050176620483,9.733200073242188,272.5,8.746100425720215,N/A,18398,11.682900428771973,1.9007400274276733,0.29580000042915344
2018,10,10,15,0,0.9256479740142822,9.574399948120117,272.5,8.511199951171875,N/A,15905,11.682900428771973,1.7831499576568604,0.3138599991798401
2018,10,10,18,0,0.9203969836235046,9.431099891662598,272.5,8.307100296020508,N/A,14071,11.682900428771973,1.6916300058364868,0.32965999841690063
2018,10,10,21,0,0.9167770147323608,9.430700302124023,272.5,8.222800254821777,N/A,12802,11.682900428771973,1.6128499507904053,0.3449000120162964
2018,10,11,0,0,0.9136769771575928,9.4443998336792,272.5,8.197099685668945,N/A,12066,10.620800018310547,1.5646400451660156,0.3535099923610687
2018,10,11,3,0,0.906607985496521,9.446999549865723,267.5,8.088500022888184,N/A,10831,10.620800018310547,1.481160044670105,0.37143000960350037
2018,10,11,6,0,0.8963580131530762,9.423500061035156,267.5,7.967199802398682,N/A,9208,10.620800018310547,1.3665800094604492,0.3929100036621094
2018,10,11,9,0,0.8906350135803223,9.612099647521973,267.5,8.021200180053711,N/A,8356,10.620800018310547,1.2855199575424194,0.4066700041294098
2018,10,11,12,0,0.8846160173416138,9.800600051879883,262.5,8.08489990234375,N/A,7571,10.620800018310547,1.2088799476623535,0.4187900125980377
2018,10,11,15,0,0.8821579813957214,10.096699714660645,262.5,8.303299903869629,N/A,7448,10.620800018310547,1.1781799793243408,0.4164400100708008
2018,10,11,18,0,0.8789610266685486,10.324899673461914,262.5,8.456999778747559,N/A,7209,11.682900428771973,1.1440399885177612,0.4183099865913391
2018,10,11,21,0,0.8797619938850403,10.607000350952148,262.5,8.752300262451172,N/A,7695,10.620800018310547,1.1641600131988525,0.40516000986099243
2018,10,12,0,0,0.8793730139732361,10.659700393676758,262.5,8.743800163269043,N/A,8166,10.620800018310547,1.1966300010681152,0.4001699984073639
2018,10,12,3,0,0.8780310153961182,10.650699615478516,262.5,8.686800003051758,N/A,8392,9.655200004577637,1.2141000032424927,0.4014599919319153
2018,10,12,6,0,0.8765550255775452,10.620800018310547,257.5,8.468099594116211,N/A,8505,9.655200004577637,1.2233099937438965,0.4161800146102905
2018,10,12,9,0,0.8741229772567749,10.883000373840332,257.5,8.841500282287598,N/A,8610,14.136300086975098,1.2134699821472168,0.41402000188827515
2018,10,12,12,0,0.8689619898796082,11.216500282287598,257.5,9.214900016784668,N/A,8869,14.136300086975098,1.2099699974060059,0.4086199998855591
2018,10,12,15,0,0.8613399863243103,11.508399963378906,257.5,9.580699920654297,N/A,9456,14.136300086975098,1.2304699420928955,0.39438000321388245
2018,10,12,18,0,0.853236973285675,11.680100440979004,257.5,9.850700378417969,N/A,10051,12.851200103759766,1.2573299407958984,0.3769899904727936
2018,10,12,21,0,0.8462790250778198,11.76830005645752,257.5,9.938300132751465,N/A,10844,12.851200103759766,1.2994699478149414,0.36107999086380005
2018,10,13,0,0,0.8512610197067261,10.028200149536133,257.5,7.754199981689453,N/A,12854,12.851200103759766,1.5466300249099731,0.45131999254226685
2018,10,13,3,0,0.871783971786499,9.072999954223633,272.5,7.859600067138672,N/A,23018,8.77750015258789,2.2128400802612305,0.3831399977207184
2018,10,13,6,0,0.87642902135849,9.314800262451172,277.5,8.292200088500977,N/A,27122,8.77750015258789,2.374269962310791,0.3458699882030487
2018,10,13,9,0,0.8668310046195984,9.506799697875977,277.5,8.441399574279785,N/A,24755,8.77750015258789,2.2410800457000732,0.35179001092910767
2018,10,13,12,0,0.8636810183525085,9.60569953918457,272.5,8.534799575805664,N/A,22651,9.655200004577637,2.1312999725341797,0.35131001472473145
2018,10,13,15,0,0.85971599817276,9.6318998336792,272.5,8.563699722290039,N/A,20047,10.620800018310547,2.0018200874328613,0.3512600064277649
2018,10,13,18,0,0.8516669869422913,9.682999610900879,272.5,8.543499946594238,N/A,16930,10.620800018310547,1.8319300413131714,0.361270010471344
2018,10,13,21,0,0.8463410139083862,9.819000244140625,267.5,8.567500114440918,N/A,14715,9.655200004577637,1.6912399530410767,0.37505999207496643
2018,10,14,0,0,0.8429579734802246,10.025400161743164,267.5,8.51259994506836,N/A,13549,9.655200004577637,1.6002299785614014,0.39045000076293945
2018,10,14,3,0,0.8381450176239014,10.108400344848633,262.5,7.877699851989746,N/A,13057,9.655200004577637,1.5577000379562378,0.4269599914550781
2018,10,14,6,0,0.8419470191001892,10.511500358581543,262.5,8.136300086975098,N/A,12608,18.81559944152832,1.4934799671173096,0.42537999153137207
2018,10,14,9,0,0.8438829779624939,10.752300262451172,262.5,8.20259952545166,N/A,12125,18.81559944152832,1.4426599740982056,0.4228000044822693
2018,10,14,12,0,0.8488680124282837,11.04580020904541,262.5,8.579000473022461,N/A,11879,18.81559944152832,1.4051899909973145,0.3991599977016449
2018,10,14,15,0,0.8572189807891846,11.365599632263184,267.5,9.317000389099121,N/A,11608,12.851200103759766,1.3675600290298462,0.36281999945640564
2018,10,14,18,0,0.8660839796066284,11.544099807739258,267.5,9.825699806213379,N/A,11487,12.851200103759766,1.3490999937057495,0.33476999402046204
2018,10,14,21,0,0.8736400008201599,11.665300369262695,267.5,10.139399528503418,N/A,11424,12.851200103759766,1.3378299474716187,0.31894999742507935
2018,10,15,0,0,0.8753899931907654,11.80370044708252,267.5,10.319999694824219,N/A,11424,12.851200103759766,1.3288899660110474,0.3120200037956238
2018,10,15,3,0,0.8735179901123047,11.784000396728516,267.5,9.523500442504883,N/A,11575,12.851200103759766,1.3370599746704102,0.32993999123573303
2018,10,15,6,0,0.8747040033340454,11.934100151062012,262.5,9.845499992370605,N/A,11552,11.682900428771973,1.3258700370788574,0.31874001026153564
2018,10,15,9,0,0.8730869889259338,11.780799865722656,262.5,9.215200424194336,N/A,11350,11.682900428771973,1.3230299949645996,0.333189994096756
2018,10,15,12,0,0.8717560172080994,11.78320026397705,262.5,9.295999526977539,N/A,10911,11.682900428771973,1.298050045967102,0.3235499858856201
2018,10,15,15,0,0.8692119717597961,11.694600105285645,262.5,9.19890022277832,N/A,10313,11.682900428771973,1.2681900262832642,0.32297998666763306
2018,10,15,18,0,0.8705400228500366,11.812800407409668,262.5,9.806500434875488,N/A,9699,11.682900428771973,1.2248200178146362,0.2994599938392639
2018,10,15,21,0,0.8713939785957336,11.925700187683105,262.5,10.249099731445312,N/A,9314,11.682900428771973,1.1950700283050537,0.28176000714302063
2018,10,16,0,0,0.8696569800376892,11.98289966583252,257.5,10.503199577331543,N/A,9110,11.682900428771973,1.1792000532150269,0.2744300067424774
2018,10,16,3,0,0.8656499981880188,11.84220027923584,257.5,9.933199882507324,N/A,8967,11.682900428771973,1.177049994468689,0.29587000608444214
2018,10,16,6,0,0.8630939722061157,11.718099594116211,257.5,9.397299766540527,N/A,8801,15.550000190734863,1.1720800399780273,0.3182699978351593
2018,10,16,9,0,0.8610010147094727,11.61139965057373,252.5,9.033300399780273,N/A,8592,15.550000190734863,1.1629300117492676,0.33897000551223755
2018,10,16,12,0,0.8652769923210144,11.803299903869629,252.5,9.494099617004395,N/A,8259,15.550000190734863,1.130079984664917,0.32795000076293945
2018,10,16,15,0,0.8669670224189758,11.824299812316895,252.5,9.255900382995605,N/A,8090,15.550000190734863,1.1172499656677246,0.3387199938297272
2018,10,16,18,0,0.8694900274276733,12.062000274658203,252.5,9.848600387573242,N/A,8051,15.550000190734863,1.1033600568771362,0.3340800106525421
2018,10,16,21,0,0.8707900047302246,12.473899841308594,252.5,10.115099906921387,N/A,8490,15.550000190734863,1.1126400232315063,0.3552600145339966
2018,10,17,0,0,0.8741009831428528,13.214400291442871,252.5,10.721199989318848,N/A,9547,20.697200775146484,1.1430100202560425,0.36320000886917114
2018,10,17,3,0,0.878449022769928,14.044099807739258,257.5,11.27649974822998,N/A,12101,18.81559944152832,1.241170048713684,0.3485899865627289
2018,10,17,6,0,0.8831080198287964,14.414400100708008,262.5,11.203100204467773,N/A,14354,18.81559944152832,1.329300045967102,0.34125998616218567
2018,10,17,9,0,0.8929629921913147,14.758099555969238,262.5,12.067500114440918,N/A,17576,17.104999542236328,1.4463200569152832,0.3008800148963928
2018,10,17,12,0,0.9066060185432434,15.003499984741211,267.5,12.80739974975586,N/A,21626,17.104999542236328,1.5855000019073486,0.263949990272522
2018,10,17,15,0,0.9158610105514526,14.822500228881836,272.5,13.109600067138672,N/A,24584,17.104999542236328,1.699120044708252,0.23672999441623688
2018,10,17,18,0,0.9267290234565735,14.610699653625488,272.5,13.371399879455566,N/A,29369,15.550000190734863,1.870300054550171,0.21071000397205353
2018,10,17,21,0,0.9308639764785767,14.291799545288086,272.5,13.326399803161621,N/A,31484,15.550000190734863,1.961359977722168,0.20072999596595764
2018,10,18,0,0,0.9302520155906677,13.932900428771973,272.5,13.094799995422363,N/A,31978,15.550000190734863,2.00711989402771,0.1992499977350235
2018,10,18,3,0,0.926796019077301,13.61340045928955,272.5,12.838600158691406,N/A,31953,14.136300086975098,2.0350399017333984,0.20044000446796417
2018,10,18,6,0,0.9225659966468811,13.339500427246094,272.5,12.602999687194824,N/A,31441,14.136300086975098,2.044179916381836,0.2018200010061264
2018,10,18,9,0,0.9182270169258118,13.103400230407715,272.5,12.381699562072754,N/A,30492,14.136300086975098,2.0354299545288086,0.20412999391555786
2018,10,18,12,0,0.9144219756126404,12.873900413513184,267.5,12.147199630737305,N/A,29177,14.136300086975098,2.0129899978637695,0.2073100060224533
2018,10,18,15,0,0.9114559888839722,12.598899841308594,267.5,11.580599784851074,N/A,28271,14.136300086975098,2.0069000720977783,0.22463999688625336
2018,10,18,18,0,0.908390998840332,12.33899974822998,267.5,11.206399917602539,N/A,27264,14.136300086975098,1.9959399700164795,0.23880000412464142
2018,10,18,21,0,0.9053940176963806,12.203800201416016,267.5,11.175200462341309,N/A,26343,12.851200103759766,1.9767800569534302,0.23635999858379364
2018,10,19,0,0,0.9035390019416809,12.115500450134277,267.5,11.23270034790039,N/A,26074,12.851200103759766,1.9769799709320068,0.23005999624729156
2018,10,19,3,0,0.9001169800758362,11.974800109863281,267.5,11.164600372314453,N/A,25256,12.851200103759766,1.960960030555725,0.22860999405384064
2018,10,19,6,0,0.8951659798622131,11.82349967956543,267.5,11.040800094604492,N/A,23860,12.851200103759766,1.9218000173568726,0.23103000223636627
2018,10,19,9,0,0.890986979007721,11.691399574279785,267.5,10.926799774169922,N/A,23004,12.851200103759766,1.9008500576019287,0.2329300045967102
2018,10,19,12,0,0.885545015335083,11.574299812316895,267.5,10.806300163269043,N/A,21732,12.851200103759766,1.8595000505447388,0.2371000051498413
2018,10,19,15,0,0.8776649832725525,11.45199966430664,267.5,10.664600372314453,N/A,19739,12.851200103759766,1.7838900089263916,0.2434999942779541
2018,10,19,18,0,0.8727710247039795,11.388299942016602,267.5,10.596400260925293,N/A,18626,12.851200103759766,1.7386399507522583,0.24542999267578125
2018,10,19,21,0,0.8651080131530762,11.30370044708252,262.5,10.472900390625,N/A,16481,11.682900428771973,1.6424100399017334,0.25314000248908997
2018,10,20,0,0,0.8585720062255859,11.251999855041504,262.5,10.388899803161621,N/A,14632,11.682900428771973,1.551419973373413,0.26047998666763306
2018,10,20,3,0,0.8532270193099976,11.199199676513672,257.5,10.281499862670898,N/A,12801,11.682900428771973,1.4546799659729004,0.2718299925327301
2018,10,20,6,0,0.8527340292930603,11.128100395202637,257.5,10.114100456237793,N/A,11479,11.682900428771973,1.3819299936294556,0.28661999106407166
2018,10,20,9,0,0.8595240116119385,10.99209976196289,257.5,9.877400398254395,N/A,11096,11.682900428771973,1.3679499626159668,0.29802000522613525
2018,10,20,12,0,0.876130998134613,10.800800323486328,257.5,9.776100158691406,N/A,12626,11.682900428771973,1.476770043373108,0.28499001264572144
2018,10,20,15,0,0.8903579711914062,10.519200325012207,262.5,9.625100135803223,N/A,14191,10.620800018310547,1.5941699743270874,0.27204999327659607
2018,10,20,18,0,0.8957980275154114,10.307000160217285,257.5,9.410400390625,N/A,13767,10.620800018310547,1.5896300077438354,0.2789500057697296
2018,10,20,21,0,0.8895599842071533,10.433500289916992,262.5,9.454999923706055,N/A,14838,10.620800018310547,1.6362099647521973,0.28641998767852783
2018,10,21,0,0,0.8831660151481628,10.774999618530273,267.5,9.390899658203125,N/A,19304,11.682900428771973,1.825850009918213,0.2937000095844269
2018,10,21,3,0,0.8861370086669922,10.948599815368652,272.5,9.661100387573242,N/A,23849,12.851200103759766,2.009999990463257,0.2788099944591522
2018,10,21,6,0,0.8853849768638611,10.99489974975586,277.5,9.98009967803955,N/A,24981,12.851200103759766,2.0548698902130127,0.25992000102996826
2018,10,21,9,0,0.8848829865455627,10.932100296020508,277.5,10.010299682617188,N/A,24681,11.682900428771973,2.0510799884796143,0.25532999634742737
2018,10,21,12,0,0.8877189755439758,10.757699966430664,277.5,9.846599578857422,N/A,24763,11.682900428771973,2.0747599601745605,0.259799987077713
2018,10,21,15,0,0.8911960124969482,10.563300132751465,282.5,9.64739990234375,N/A,24373,11.682900428771973,2.0815300941467285,0.2653299868106842
2018,10,21,18,0,0.8904880285263062,10.463199615478516,282.5,9.56029987335205,N/A,22742,11.682900428771973,2.023789882659912,0.26541998982429504
2018,10,21,21,0,0.8886899948120117,10.399299621582031,282.5,9.527600288391113,N/A,21089,11.682900428771973,1.958340048789978,0.2640399932861328
2018,10,22,0,0,0.8827440142631531,10.339200019836426,282.5,9.47029972076416,N/A,19108,11.682900428771973,1.8725299835205078,0.26945000886917114
2018,10,22,3,0,0.8775500059127808,10.36620044708252,277.5,9.431900024414062,N/A,17343,11.682900428771973,1.7827399969100952,0.2926500141620636
2018,10,22,6,0,0.8852769732475281,10.979299545288086,277.5,9.698699951171875,N/A,17875,10.620800018310547,1.748460054397583,0.3523699939250946
2018,10,22,9,0,0.9148949980735779,12.531900405883789,277.5,10.767200469970703,N/A,24981,17.104999542236328,1.9048700332641602,0.36212998628616333
2018,10,22,12,0,0.9281920194625854,13.188799858093262,277.5,11.468000411987305,N/A,30064,17.104999542236328,2.0201199054718018,0.3255000114440918
2018,10,22,15,0,0.9360920190811157,13.328200340270996,277.5,11.8371000289917,N/A,32345,15.550000190734863,2.0757598876953125,0.28784000873565674
2018,10,22,18,0,0.9387239813804626,13.196599960327148,277.5,11.936699867248535,N/A,32255,14.136300086975098,2.082240104675293,0.26058000326156616
2018,10,22,21,0,0.9435960054397583,13.0802001953125,277.5,12.041399955749512,N/A,33064,14.136300086975098,2.1188900470733643,0.23518000543117523
2018,10,23,0,0,0.9389950037002563,12.883199691772461,272.5,11.952699661254883,N/A,30053,14.136300086975098,2.040410041809082,0.22709999978542328
2018,10,23,3,0,0.9313780069351196,12.718999862670898,272.5,11.856100082397461,N/A,27414,14.136300086975098,1.9664700031280518,0.22559000551700592
2018,10,23,6,0,0.9213979840278625,12.560500144958496,267.5,11.668000221252441,N/A,24856,12.851200103759766,1.8898099660873413,0.23613999783992767
2018,10,23,9,0,0.9149919748306274,11.781399726867676,267.5,9.855400085449219,N/A,22775,12.851200103759766,1.8782700300216675,0.30430999398231506
2018,10,23,12,0,0.8958410024642944,10.195500373840332,262.5,8.058099746704102,N/A,23429,12.851200103759766,2.0686299800872803,0.39294999837875366
2018,10,23,15,0,0.8607379794120789,8.825300216674805,247.5,6.9471001625061035,N/A,26814,11.682900428771973,2.407520055770874,0.43055999279022217
2018,10,23,18,0,0.8401780128479004,8.41919994354248,237.5,6.824900150299072,N/A,30224,11.682900428771973,2.632930040359497,0.412880003452301
2018,10,23,21,0,0.8328930139541626,8.13539981842041,227.5,6.606100082397461,N/A,39359,11.682900428771973,3.0677900314331055,0.40623000264167786
2018,10,24,0,0,0.8441330194473267,8.790200233459473,222.5,7.495800018310547,N/A,46449,10.620800018310547,3.2018699645996094,0.3511599898338318
2018,10,24,3,0,0.844992995262146,9.542799949645996,227.5,8.47070026397705,N/A,39002,10.620800018310547,2.802180051803589,0.32069000601768494
2018,10,24,6,0,0.8446739912033081,9.84529972076416,232.5,8.727700233459473,N/A,33630,10.620800018310547,2.5520999431610107,0.3277199864387512
2018,10,24,9,0,0.8411800265312195,9.924400329589844,237.5,8.711700439453125,N/A,31263,9.655200004577637,2.4450900554656982,0.3383600115776062
2018,10,24,12,0,0.8416550159454346,10.108400344848633,242.5,8.836700439453125,N/A,31124,9.655200004577637,2.4104700088500977,0.3361400067806244
2018,10,24,15,0,0.8429819941520691,10.230500221252441,252.5,8.763500213623047,N/A,33775,9.655200004577637,2.4911699295043945,0.33191001415252686
2018,10,24,18,0,0.8461859822273254,10.080400466918945,252.5,8.485300064086914,N/A,34522,12.851200103759766,2.5364999771118164,0.34536999464035034
2018,10,24,21,0,0.8359079957008362,9.7253999710083,252.5,7.927999973297119,N/A,36353,12.851200103759766,2.6522600650787354,0.3727000057697296
2018,10,25,0,0,0.8097879886627197,8.8681001663208,247.5,7.0131001472473145,N/A,35955,11.682900428771973,2.7771599292755127,0.41903001070022583
2018,10,25,3,0,0.8100799918174744,8.363800048828125,232.5,6.742599964141846,N/A,39139,8.77750015258789,3.006809949874878,0.4088500142097473
2018,10,25,6,0,0.8478260040283203,8.674699783325195,227.5,7.3144001960754395,N/A,59119,10.620800018310547,3.6344399452209473,0.35530000925064087
2018,10,25,9,0,0.8507199883460999,9.196000099182129,227.5,7.892300128936768,N/A,83490,10.620800018310547,4.172639846801758,0.33616000413894653
2018,10,25,12,0,0.8582320213317871,9.754199981689453,232.5,8.49209976196289,N/A,83221,12.851200103759766,4.021399974822998,0.31951001286506653
2018,10,25,15,0,0.8659330010414124,10.009699821472168,237.5,8.647199630737305,N/A,77485,12.851200103759766,3.815890073776245,0.32444998621940613
2018,10,25,18,0,0.8741440176963806,10.46619987487793,242.5,9.126999855041504,N/A,75017,12.851200103759766,3.6536200046539307,0.3156700134277344
2018,10,25,21,0,0.878495991230011,11.015199661254883,247.5,9.586600303649902,N/A,77616,12.851200103759766,3.601639986038208,0.30900999903678894
2018,10,26,0,0,0.8874779939651489,11.742199897766113,257.5,10.49120044708252,N/A,89743,12.851200103759766,3.7286698818206787,0.28334999084472656
2018,10,26,3,0,0.8985559940338135,11.992799758911133,262.5,10.922699928283691,N/A,92859,14.136300086975098,3.7445600032806396,0.259660005569458
2018,10,26,6,0,0.887677013874054,11.326700210571289,257.5,9.720199584960938,N/A,87042,14.136300086975098,3.7436299324035645,0.2996399998664856
2018,10,26,9,0,0.825901985168457,10.105299949645996,247.5,8.566399574279785,N/A,88589,12.851200103759766,4.045869827270508,0.3397800028324127
2018,10,26,12,0,0.8061529994010925,10.26990032196045,247.5,9.12090015411377,N/A,79447,12.851200103759766,3.811340093612671,0.297109991312027
2018,10,26,15,0,0.8171960115432739,10.099200248718262,247.5,8.876700401306152,N/A,64205,12.851200103759766,3.460330009460449,0.3056800067424774
2018,10,26,18,0,0.8250529766082764,9.97130012512207,247.5,8.832300186157227,N/A,52656,12.851200103759766,3.159480094909668,0.3042599856853485
2018,10,26,21,0,0.827567994594574,10.0826997756958,252.5,9.020600318908691,N/A,48912,11.682900428771973,3.0285699367523193,0.2898400127887726
2018,10,27,0,0,0.8425350189208984,10.29069995880127,257.5,9.417200088500977,N/A,49222,11.682900428771973,3.006930112838745,0.26374998688697815
2018,10,27,3,0,0.8540520071983337,10.39680004119873,262.5,9.648900032043457,N/A,49865,11.682900428771973,3.0122299194335938,0.24557000398635864
2018,10,27,6,0,0.8539829850196838,10.37030029296875,262.5,9.650300025939941,N/A,46396,11.682900428771973,2.911329984664917,0.24285000562667847
2018,10,27,9,0,0.8508610129356384,10.307900428771973,267.5,9.603400230407715,N/A,42722,11.682900428771973,2.8055500984191895,0.24124999344348907
2018,10,27,12,0,0.8541150093078613,10.184399604797363,262.5,9.476200103759766,N/A,37360,10.620800018310547,2.6440999507904053,0.2463500052690506
2018,10,27,15,0,0.8548330068588257,10.094200134277344,262.5,9.339599609375,N/A,31676,10.620800018310547,2.4467198848724365,0.2600399851799011
2018,10,27,18,0,0.8524050116539001,9.942999839782715,262.5,8.603599548339844,N/A,27042,10.620800018310547,2.275979995727539,0.2997100055217743
2018,10,27,21,0,0.7995679974555969,8.851099967956543,262.5,6.478600025177002,N/A,24518,10.620800018310547,2.2960801124572754,0.43963998556137085
2018,10,28,0,0,0.7575240135192871,8.384499549865723,247.5,6.304100036621094,N/A,21734,10.620800018310547,2.2292299270629883,0.4515100121498108
2018,10,28,3,0,0.7554429769515991,7.88670015335083,227.5,6.307400226593018,N/A,23164,8.77750015258789,2.3917300701141357,0.42590001225471497
2018,10,28,6,0,0.8535580039024353,8.461600303649902,217.5,7.2657999992370605,N/A,34001,10.620800018310547,2.8027501106262207,0.34209999442100525
2018,10,28,9,0,0.862604022026062,8.345100402832031,222.5,7.063399791717529,N/A,32752,10.620800018310547,2.768310070037842,0.35879001021385193
2018,10,28,12,0,0.859512984752655,8.824399948120117,232.5,7.638700008392334,N/A,32618,10.620800018310547,2.6783199310302734,0.3337799906730652
2018,10,28,15,0,0.8676339983940125,9.416600227355957,232.5,8.382800102233887,N/A,41960,10.620800018310547,2.9305999279022217,0.29592999815940857
2018,10,28,18,0,0.887578010559082,10.2052001953125,242.5,9.337699890136719,N/A,57311,11.682900428771973,3.2653799057006836,0.2620199918746948
2018,10,28,21,0,0.911378026008606,10.82859992980957,247.5,9.967599868774414,N/A,70600,11.682900428771973,3.4904699325561523,0.2536199986934662
2018,10,29,0,0,0.9246630072593689,11.130800247192383,247.5,10.187600135803223,N/A,74087,12.851200103759766,3.5097100734710693,0.2603900134563446
2018,10,29,3,0,0.9301149845123291,11.384400367736816,252.5,10.301400184631348,N/A,78787,12.851200103759766,3.564460039138794,0.26789000630378723
2018,10,29,6,0,0.9334189891815186,11.540900230407715,252.5,10.476499557495117,N/A,80062,14.136300086975098,3.5618999004364014,0.2644500136375427
2018,10,29,9,0,0.932744026184082,11.644800186157227,257.5,10.64169979095459,N/A,79507,14.136300086975098,3.5302700996398926,0.2550300061702728
2018,10,29,12,0,0.9329479932785034,11.577400207519531,257.5,10.637999534606934,N/A,74628,12.851200103759766,3.4339799880981445,0.24724000692367554
2018,10,29,15,0,0.9295200109481812,11.312700271606445,257.5,10.413999557495117,N/A,62887,12.851200103759766,3.2000300884246826,0.24696999788284302
2018,10,29,18,0,0.9266300201416016,11.046799659729004,257.5,10.15820026397705,N/A,52665,12.851200103759766,2.9738199710845947,0.2497899979352951
2018,10,29,21,0,0.9233090281486511,10.936400413513184,262.5,10.108200073242188,N/A,49894,11.682900428771973,2.9156200885772705,0.24504999816417694
2018,10,30,0,0,0.9195330142974854,10.890299797058105,262.5,10.088700294494629,N/A,47732,11.682900428771973,2.860529899597168,0.24355000257492065
2018,10,30,3,0,0.9180170297622681,10.8818998336792,262.5,10.104299545288086,N/A,46898,11.682900428771973,2.8380300998687744,0.24021999537944794
2018,10,30,6,0,0.9171339869499207,10.804200172424316,262.5,10.013999938964844,N/A,42657,11.682900428771973,2.7187299728393555,0.24443000555038452
2018,10,30,9,0,0.9171689748764038,10.795999526977539,267.5,10.038399696350098,N/A,43021,11.682900428771973,2.732909917831421,0.23920999467372894
2018,10,30,12,0,0.91252601146698,10.647600173950195,267.5,9.873800277709961,N/A,37979,11.682900428771973,2.589979887008667,0.24521000683307648
2018,10,30,15,0,0.9136949777603149,10.573699951171875,267.5,9.832900047302246,N/A,37235,11.682900428771973,2.5775699615478516,0.24120000004768372
2018,10,30,18,0,0.9091629981994629,10.388699531555176,267.5,9.641500473022461,N/A,32855,11.682900428771973,2.448509931564331,0.24717000126838684
2018,10,30,21,0,0.9033139944076538,10.231900215148926,267.5,9.434300422668457,N/A,28801,10.620800018310547,2.3140900135040283,0.25562000274658203
2018,10,31,0,0,0.8888829946517944,9.701700210571289,267.5,8.114399909973145,N/A,25359,10.620800018310547,2.234610080718994,0.31769001483917236
2018,10,31,3,0,0.8118540048599243,7.82919979095459,257.5,5.998300075531006,N/A,25768,10.620800018310547,2.52878999710083,0.4459899961948395
2018,10,31,6,0,0.7996649742126465,7.447500228881836,227.5,6.266300201416016,N/A,35223,7.979499816894531,3.061840057373047,0.37661001086235046
2018,10,31,9,0,0.7940210103988647,8.188899993896484,222.5,7.396900177001953,N/A,32752,7.979499816894531,2.8113698959350586,0.3108600080013275
2018,10,31,12,0,0.7869259715080261,8.52810001373291,237.5,7.768099784851074,N/A,26606,9.655200004577637,2.474950075149536,0.3100999891757965
2018,10,31,15,0,0.8251190185546875,8.852299690246582,247.5,8.063799858093262,N/A,26546,9.655200004577637,2.421420097351074,0.3003099858760834
2018,10,31,18,0,0.8599820137023926,8.81149959564209,257.5,7.773399829864502,N/A,28648,9.655200004577637,2.516309976577759,0.32513999938964844
2018,10,31,21,0,0.8857790231704712,9.083600044250488,262.5,8.027600288391113,N/A,30374,9.655200004577637,2.5436298847198486,0.3209399878978729
2018,11,1,0,0,0.8988400101661682,9.3774995803833,262.5,8.39169979095459,N/A,29016,9.655200004577637,2.4406700134277344,0.3083299994468689
2018,11,1,3,0,0.9056820273399353,9.541099548339844,262.5,8.582599639892578,N/A,26615,9.655200004577637,2.313730001449585,0.3018999993801117
2018,11,1,6,0,0.9122070074081421,9.66819953918457,262.5,8.718000411987305,N/A,24770,11.682900428771973,2.2142701148986816,0.29677000641822815
2018,11,1,9,0,0.9165120124816895,9.786999702453613,262.5,8.821700096130371,N/A,24426,11.682900428771973,2.1825900077819824,0.29120999574661255
2018,11,1,12,0,0.9089069962501526,9.140199661254883,262.5,7.476099967956543,N/A,22669,11.682900428771973,2.1789400577545166,0.3596799969673157
2018,11,1,15,0,0.9046580195426941,8.635299682617188,257.5,7.010799884796143,N/A,21530,11.682900428771973,2.1904399394989014,0.38694998621940613
2018,11,1,18,0,0.8901299834251404,8.096400260925293,257.5,6.498000144958496,N/A,22518,11.682900428771973,2.322119951248169,0.4096600115299225
2018,11,1,21,0,0.8798670172691345,7.6371002197265625,252.5,6.430300235748291,N/A,26765,7.979499816894531,2.6273601055145264,0.37630000710487366
2018,11,2,0,0,0.884365975856781,7.855199813842773,252.5,6.84660005569458,N/A,32629,8.77750015258789,2.867419958114624,0.3319999873638153
2018,11,2,3,0,0.8741459846496582,8.149399757385254,252.5,7.169000148773193,N/A,42122,9.655200004577637,3.193850040435791,0.31668999791145325
2018,11,2,6,0,0.8684080243110657,8.052499771118164,252.5,7.063600063323975,N/A,51619,9.655200004577637,3.557950019836426,0.3208500146865845
2018,11,2,9,0,0.8763830065727234,8.800700187683105,257.5,7.871200084686279,N/A,51116,10.620800018310547,3.364490032196045,0.3004400134086609
2018,11,2,12,0,0.8858910202980042,8.786100387573242,262.5,7.6757001876831055,N/A,52981,10.620800018310547,3.4209001064300537,0.32065001130104065
2018,11,2,15,0,0.8903589844703674,8.836700439453125,262.5,7.801700115203857,N/A,49752,10.620800018310547,3.3069300651550293,0.30967000126838684
2018,11,2,18,0,0.8967469930648804,8.752300262451172,262.5,7.657899856567383,N/A,44921,10.620800018310547,3.158370018005371,0.3166100084781647
2018,11,2,21,0,0.9095489978790283,8.943599700927734,262.5,7.854300022125244,N/A,41509,11.682900428771973,2.99862003326416,0.31011998653411865
2018,11,3,0,0,0.9137160181999207,9.2298002243042,262.5,8.205699920654297,N/A,36066,11.682900428771973,2.746880054473877,0.2929700016975403
2018,11,3,3,0,0.91593998670578,9.58329963684082,262.5,8.675299644470215,N/A,33518,11.682900428771973,2.592600107192993,0.2730099856853485
2018,11,3,6,0,0.9095749855041504,9.992799758911133,267.5,9.13029956817627,N/A,34928,11.682900428771973,2.5805399417877197,0.2632800042629242
2018,11,3,9,0,0.9005550146102905,10.302000045776367,272.5,9.44909954071045,N/A,36724,10.620800018310547,2.595750093460083,0.25694000720977783
2018,11,3,12,0,0.8919829726219177,10.207200050354004,272.5,9.396900177001953,N/A,33154,10.620800018310547,2.4828999042510986,0.24792000651359558
2018,11,3,15,0,0.8867679834365845,10.017000198364258,272.5,9.131600379943848,N/A,30115,10.620800018310547,2.3971900939941406,0.2449900060892105
2018,11,3,18,0,0.8753759860992432,9.397899627685547,272.5,7.888500213623047,N/A,25894,10.620800018310547,2.30433988571167,0.3010599911212921
2018,11,3,21,0,0.8059920072555542,7.423299789428711,257.5,5.895199775695801,N/A,26175,10.620800018310547,2.632620096206665,0.4207499921321869
2018,11,4,0,0,0.7785879969596863,7.004199981689453,242.5,5.857900142669678,N/A,28646,10.620800018310547,2.854609966278076,0.3801000118255615
2018,11,4,3,0,0.7986670136451721,7.186100006103516,227.5,6.325500011444092,N/A,40601,7.979499816894531,3.36680006980896,0.31630000472068787
2018,11,4,6,0,0.8462799787521362,8.150699615478516,242.5,7.4116997718811035,N/A,66796,8.77750015258789,4.040229797363281,0.2673499882221222
2018,11,4,9,0,0.8684560060501099,8.93589973449707,262.5,8.141300201416016,N/A,74979,9.655200004577637,4.0515899658203125,0.2688399851322174
2018,11,4,12,0,0.8917509913444519,9.301400184631348,267.5,8.318300247192383,N/A,70899,10.620800018310547,3.8333799839019775,0.2926599979400635
2018,11,4,15,0,0.9044229984283447,9.338899612426758,272.5,8.267800331115723,N/A,68216,10.620800018310547,3.744270086288452,0.30709999799728394
2018,11,4,18,0,0.913441002368927,9.631799697875977,267.5,8.555700302124023,N/A,54732,11.682900428771973,3.29256010055542,0.29973000288009644
2018,11,4,21,0,0.9269199967384338,9.900500297546387,267.5,8.785499572753906,N/A,47828,11.682900428771973,3.0264999866485596,0.294869989156723
2018,11,5,0,0,0.934315025806427,10.023799896240234,267.5,8.980500221252441,N/A,41653,11.682900428771973,2.8056700229644775,0.28464001417160034
2018,11,5,3,0,0.9391570091247559,10.092499732971191,267.5,9.009499549865723,N/A,38050,12.851200103759766,2.6699399948120117,0.2865999937057495
2018,11,5,6,0,0.9368330240249634,9.988100051879883,267.5,8.866600036621094,N/A,33263,12.851200103759766,2.51104998588562,0.296750009059906
2018,11,5,9,0,0.9355810284614563,10.058500289916992,267.5,8.774999618530273,N/A,32002,11.682900428771973,2.4501700401306152,0.3095400035381317
2018,11,5,12,0,0.9345399737358093,9.683500289916992,267.5,7.905399799346924,N/A,35818,12.851200103759766,2.639899969100952,0.36515000462532043
2018,11,5,15,0,0.9338740110397339,9.905699729919434,272.5,8.392499923706055,N/A,40357,12.851200103759766,2.767889976501465,0.34797000885009766
2018,11,5,18,0,0.9388089776039124,10.590200424194336,272.5,9.154199600219727,N/A,46932,12.851200103759766,2.8699300289154053,0.3258099853992462
2018,11,5,21,0,0.9457550048828125,11.030699729919434,277.5,9.377900123596191,N/A,60388,14.136300086975098,3.171299934387207,0.3257499933242798
2018,11,6,0,0,0.9485840201377869,11.023099899291992,282.5,9.26449966430664,N/A,74719,14.136300086975098,3.5236101150512695,0.33421000838279724
2018,11,6,3,0,0.9487929940223694,11.035300254821777,282.5,9.428899765014648,N/A,79237,14.136300086975098,3.628499984741211,0.31988000869750977
2018,11,6,6,0,0.9481599926948547,10.684000015258789,282.5,8.970800399780273,N/A,84934,14.136300086975098,3.8259899616241455,0.3346700072288513
2018,11,6,9,0,0.946349024772644,10.434599876403809,282.5,8.916299819946289,N/A,80475,14.136300086975098,3.7824699878692627,0.3270699977874756
2018,11,6,12,0,0.9441030025482178,10.48009967803955,282.5,9.104999542236328,N/A,64376,12.851200103759766,3.379349946975708,0.30952998995780945
2018,11,6,15,0,0.9479010105133057,10.429100036621094,282.5,9.077699661254883,N/A,57287,12.851200103759766,3.1991000175476074,0.3034699857234955
2018,11,6,18,0,0.9441859722137451,10.415200233459473,282.5,9.255999565124512,N/A,43574,12.851200103759766,2.79692006111145,0.28762999176979065
2018,11,6,21,0,0.9468089938163757,10.487799644470215,282.5,9.383399963378906,N/A,38073,12.851200103759766,2.606450080871582,0.27386000752449036
2018,11,7,0,0,0.9440979957580566,10.192000389099121,277.5,8.84469985961914,N/A,31705,12.851200103759766,2.4176700115203857,0.29493001103401184
2018,11,7,3,0,0.9429129958152771,9.942299842834473,277.5,8.581899642944336,N/A,28065,12.851200103759766,2.3075900077819824,0.30684998631477356
2018,11,7,6,0,0.941340982913971,9.857500076293945,277.5,8.657699584960938,N/A,24342,11.682900428771973,2.1621899604797363,0.29951000213623047
2018,11,7,9,0,0.9399660229682922,9.834600448608398,277.5,8.720999717712402,N/A,21310,11.682900428771973,2.028049945831299,0.2903900146484375
2018,11,7,12,0,0.9385079741477966,9.810600280761719,277.5,8.756799697875977,N/A,18487,11.682900428771973,1.893530011177063,0.2830600142478943
2018,11,7,15,0,0.9379889965057373,9.76200008392334,277.5,8.745699882507324,N/A,16053,11.682900428771973,1.771239995956421,0.2780500054359436
2018,11,7,18,0,0.9393619894981384,9.694600105285645,277.5,8.712200164794922,N/A,13828,11.682900428771973,1.65215003490448,0.2740100026130676
2018,11,7,21,0,0.9447270035743713,9.686599731445312,277.5,8.780799865722656,N/A,12907,11.682900428771973,1.5993599891662598,0.26262998580932617
2018,11,8,0,0,0.9399679899215698,9.470399856567383,277.5,8.581399917602539,N/A,10221,10.620800018310547,1.4431500434875488,0.26677998900413513
2018,11,8,3,0,0.9349759817123413,9.355500221252441,277.5,8.462400436401367,N/A,8357,10.620800018310547,1.314710021018982,0.2704100012779236
2018,11,8,6,0,0.9286519885063171,9.23270034790039,277.5,8.343799591064453,N/A,6974,10.620800018310547,1.2106499671936035,0.2739599943161011
2018,11,8,9,0,0.9227370023727417,9.190199851989746,277.5,8.299699783325195,N/A,6129,10.620800018310547,1.1381299495697021,0.27691999077796936
2018,11,8,12,0,0.9125369787216187,9.068699836730957,277.5,8.168899536132812,N/A,5175,10.620800018310547,1.05377995967865,0.285290002822876
2018,11,8,15,0,0.9009550213813782,8.959400177001953,272.5,8.017999649047852,N/A,4227,10.620800018310547,0.9581999778747559,0.3000999987125397
2018,11,8,18,0,0.8935539722442627,8.894399642944336,272.5,7.885300159454346,N/A,3454,9.655200004577637,0.8683000206947327,0.3202899992465973
2018,11,8,21,0,0.8944259881973267,8.939900398254395,267.5,7.8471999168396,N/A,2969,9.655200004577637,0.8009300231933594,0.3387799859046936
2018,11,9,0,0,0.9025800228118896,9.07409954071045,267.5,7.920100212097168,N/A,2735,10.620800018310547,0.761139988899231,0.34731000661849976
2018,11,9,3,0,0.9198349714279175,9.409299850463867,267.5,8.242300033569336,N/A,2962,10.620800018310547,0.775600016117096,0.3378799855709076
2018,11,9,6,0,0.934436023235321,9.584099769592285,267.5,8.503299713134766,N/A,3389,9.655200004577637,0.8220700025558472,0.32148000597953796
2018,11,9,9,0,0.9448419809341431,9.54259967803955,267.5,8.533100128173828,N/A,3967,9.655200004577637,0.8926900029182434,0.31352999806404114
2018,11,9,12,0,0.9501199722290039,9.395099639892578,267.5,8.369400024414062,N/A,4466,9.655200004577637,0.9555000066757202,0.31929999589920044
2018,11,9,15,0,0.9545159935951233,9.28689956665039,267.5,8.224499702453613,N/A,5156,12.851200103759766,1.032289981842041,0.328359991312027
2018,11,9,18,0,0.9577569961547852,9.10319995880127,267.5,7.965799808502197,N/A,6290,12.851200103759766,1.152250051498413,0.3355900049209595
2018,11,9,21,0,0.9595659971237183,9.077199935913086,272.5,7.901500225067139,N/A,7902,12.851200103759766,1.291890025138855,0.3383199870586395
2018,11,10,0,0,0.9596239924430847,9.126199722290039,272.5,7.574900150299072,N/A,9225,11.682900428771973,1.3904399871826172,0.3481200039386749
2018,11,10,3,0,0.9509760141372681,8.317399978637695,267.5,7.0482001304626465,N/A,12047,11.682900428771973,1.6778199672698975,0.359389990568161
2018,11,10,6,0,0.955731987953186,8.327400207519531,272.5,7.337100028991699,N/A,12911,11.682900428771973,1.7424299716949463,0.32436999678611755
2018,11,10,9,0,0.9537879824638367,8.332599639892578,277.5,7.4629998207092285,N/A,12691,10.620800018310547,1.73048996925354,0.30684998631477356
2018,11,10,12,0,0.9464939832687378,8.49370002746582,282.5,7.597799777984619,N/A,12057,10.620800018310547,1.6674100160598755,0.30827999114990234
2018,11,10,15,0,0.942637026309967,8.76509952545166,282.5,7.859099864959717,N/A,13026,10.620800018310547,1.7034499645233154,0.296640008687973
2018,11,10,18,0,0.9440249800682068,8.885299682617188,287.5,8.04889965057373,N/A,13938,10.620800018310547,1.7513500452041626,0.2797499895095825
2018,11,10,21,0,0.9430990219116211,8.967700004577637,287.5,8.166500091552734,N/A,13947,10.620800018310547,1.7435699701309204,0.27257999777793884
2018,11,11,0,0,0.9417600035667419,8.995200157165527,292.5,8.211799621582031,N/A,13336,10.620800018310547,1.7022900581359863,0.2692599892616272
2018,11,11,3,0,0.938755989074707,9.025400161743164,292.5,8.233200073242188,N/A,12268,10.620800018310547,1.6293799877166748,0.2701700031757355
2018,11,11,6,0,0.9346179962158203,9.047699928283691,292.5,8.241700172424316,N/A,11072,10.620800018310547,1.5459699630737305,0.2724800109863281
2018,11,11,9,0,0.9275469779968262,9.039799690246582,292.5,8.208700180053711,N/A,9566,10.620800018310547,1.4381799697875977,0.27737998962402344
2018,11,11,12,0,0.9242669939994812,9.041099548339844,292.5,8.12969970703125,N/A,8705,10.620800018310547,1.37267005443573,0.2802000045776367
2018,11,11,15,0,0.9185450077056885,8.860899925231934,292.5,7.652699947357178,N/A,7585,9.655200004577637,1.295889973640442,0.3002600073814392
2018,11,11,18,0,0.9117680191993713,8.750900268554688,292.5,7.462900161743164,N/A,6607,9.655200004577637,1.2183200120925903,0.3111500144004822
2018,11,11,21,0,0.8978390097618103,8.58329963684082,292.5,7.05679988861084,N/A,5874,9.655200004577637,1.1604000329971313,0.34470999240875244
2018,11,12,0,0,0.8794360160827637,8.5068998336792,287.5,6.664100170135498,N/A,5125,9.655200004577637,1.087499976158142,0.3918899893760681
2018,11,12,3,0,0.8080909848213196,7.5177998542785645,287.5,5.124100208282471,N/A,4780,8.77750015258789,1.1165000200271606,0.5308300256729126
2018,11,12,6,0,0.7612320184707642,7.1427998542785645,282.5,4.704400062561035,N/A,4268,8.77750015258789,1.081339955329895,0.581059992313385
2018,11,12,9,0,0.724515974521637,6.937900066375732,282.5,4.5152997970581055,N/A,3646,8.77750015258789,1.013159990310669,0.6022899746894836
2018,11,12,12,0,0.6740130186080933,6.605500221252441,277.5,4.223700046539307,N/A,3209,8.77750015258789,0.9734799861907959,0.6349200010299683
2018,11,12,15,0,0.5708919763565063,6.115799903869629,267.5,3.9809000492095947,N/A,3278,8.77750015258789,1.0223000049591064,0.6820600032806396
2018,11,12,18,0,0.6094430088996887,6.714799880981445,247.5,4.2093000411987305,N/A,3039,15.550000190734863,0.9327099919319153,0.7064099907875061
2018,11,12,21,0,0.698494017124176,8.05109977722168,237.5,5.171000003814697,N/A,3050,20.697200775146484,0.845770001411438,0.6478800177574158
2018,11,13,0,0,0.746828019618988,8.257699966430664,232.5,5.212900161743164,N/A,3408,20.697200775146484,0.8797600269317627,0.6368299722671509
2018,11,13,3,0,0.7856429815292358,8.175299644470215,227.5,5.289400100708008,N/A,3781,14.136300086975098,0.9294899702072144,0.6233400106430054
2018,11,13,6,0,0.8362259864807129,7.982699871063232,222.5,5.43310022354126,N/A,4474,14.136300086975098,1.0260000228881836,0.5889899730682373
2018,11,13,9,0,0.8787279725074768,7.584700107574463,217.5,5.724599838256836,N/A,6431,14.136300086975098,1.274940013885498,0.5189800262451172
2018,11,13,12,0,0.9019050002098083,7.5578999519348145,217.5,6.1230998039245605,N/A,8643,7.2540998458862305,1.489400029182434,0.4575999975204468
2018,11,13,15,0,0.8929849863052368,7.4232001304626465,222.5,5.825099945068359,N/A,9937,6.594600200653076,1.6126400232315063,0.4746699929237366
2018,11,13,18,0,0.8738250136375427,6.972499847412109,217.5,5.526199817657471,N/A,13771,6.594600200653076,1.9686399698257446,0.4731200039386749
2018,11,13,21,0,0.8675910234451294,7.126399993896484,217.5,5.889100074768066,N/A,19900,7.2540998458862305,2.3506200313568115,0.41624000668525696
2018,11,14,0,0,0.8609970211982727,7.743899822235107,222.5,6.5528998374938965,N/A,28077,8.77750015258789,2.6770100593566895,0.366129994392395
2018,11,14,3,0,0.8501719832420349,7.863900184631348,227.5,6.639200210571289,N/A,34092,8.77750015258789,2.924609899520874,0.36197999119758606
2018,11,14,6,0,0.8456590175628662,7.984499931335449,227.5,6.80709981918335,N/A,34511,10.620800018310547,2.9170100688934326,0.35635998845100403
2018,11,14,9,0,0.8357329964637756,7.92609977722168,227.5,6.707799911499023,N/A,34171,10.620800018310547,2.9097700119018555,0.37029001116752625
2018,11,14,12,0,0.8279920220375061,7.813700199127197,222.5,6.692599773406982,N/A,41777,7.979499816894531,3.245460033416748,0.36254000663757324
2018,11,14,15,0,0.8381149768829346,8.254199981689453,237.5,7.202000141143799,N/A,37294,7.979499816894531,2.9718399047851562,0.35210999846458435
2018,11,14,18,0,0.8457059860229492,8.4975004196167,247.5,7.353899955749512,N/A,34431,8.77750015258789,2.8055100440979004,0.35927000641822815
2018,11,14,21,0,0.8574699759483337,8.922800064086914,252.5,7.788000106811523,N/A,32661,9.655200004577637,2.657249927520752,0.35060998797416687
2018,11,15,0,0,0.871986985206604,9.411700248718262,257.5,8.314599990844727,N/A,31741,9.655200004577637,2.540679931640625,0.3381800055503845
2018,11,15,3,0,0.881447970867157,9.582799911499023,257.5,8.495200157165527,N/A,29111,9.655200004577637,2.407979965209961,0.3345400094985962
2018,11,15,6,0,0.8898469805717468,9.798100471496582,257.5,8.660400390625,N/A,27692,10.620800018310547,2.315890073776245,0.33608001470565796
2018,11,15,9,0,0.8997949957847595,10.075400352478027,262.5,8.932299613952637,N/A,28946,10.620800018310547,2.328089952468872,0.32392001152038574
2018,11,15,12,0,0.9158220291137695,10.54800033569336,267.5,9.355199813842773,N/A,32702,11.682900428771973,2.4059300422668457,0.31435999274253845
2018,11,15,15,0,0.9336959719657898,11.251500129699707,272.5,9.932299613952637,N/A,45223,14.136300086975098,2.718169927597046,0.29469001293182373
2018,11,15,18,0,0.9342049956321716,11.245800018310547,272.5,9.380399703979492,N/A,50929,14.136300086975098,2.8779098987579346,0.3121100068092346
2018,11,15,21,0,0.9309149980545044,11.05049991607666,272.5,9.027199745178223,N/A,53412,14.136300086975098,2.973220109939575,0.32642999291419983
2018,11,16,0,0,0.9206849932670593,10.527899742126465,272.5,8.406299591064453,N/A,45702,12.851200103759766,2.8277699947357178,0.3523400127887726
2018,11,16,3,0,0.9218569993972778,10.249199867248535,272.5,8.643699645996094,N/A,38970,12.851200103759766,2.6596601009368896,0.3363800048828125
2018,11,16,6,0,0.9266560077667236,9.984999656677246,272.5,8.658499717712402,N/A,41833,12.851200103759766,2.8082900047302246,0.3153800070285797
2018,11,16,9,0,0.9332460165023804,9.982199668884277,277.5,8.784899711608887,N/A,39884,12.851200103759766,2.7469398975372314,0.30044999718666077
2018,11,16,12,0,0.9383230209350586,10.042699813842773,277.5,9.043700218200684,N/A,35802,11.682900428771973,2.6005699634552,0.2745800018310547
2018,11,16,15,0,0.9380840063095093,10.036499977111816,272.5,9.160900115966797,N/A,30800,11.682900428771973,2.417759895324707,0.2585200071334839
2018,11,16,18,0,0.9367960095405579,9.933699607849121,272.5,9.139599800109863,N/A,26092,11.682900428771973,2.242419958114624,0.2514199912548065
2018,11,16,21,0,0.934266984462738,9.841400146484375,272.5,9.07699966430664,N/A,22427,11.682900428771973,2.092180013656616,0.25113001465797424
2018,11,17,0,0,0.9307100176811218,9.733699798583984,272.5,8.960399627685547,N/A,19244,10.620800018310547,1.9517099857330322,0.2552500069141388
2018,11,17,3,0,0.9223219752311707,9.451700210571289,267.5,8.206999778747559,N/A,16304,10.620800018310547,1.826159954071045,0.2881599962711334
2018,11,17,6,0,0.9126840233802795,9.231900215148926,267.5,7.717700004577637,N/A,13455,10.620800018310547,1.6798399686813354,0.32027000188827515
2018,11,17,9,0,0.9063820242881775,9.179400444030762,267.5,7.210000038146973,N/A,12822,10.620800018310547,1.6403199434280396,0.368149995803833
2018,11,17,12,0,0.9090920090675354,9.53279972076416,267.5,7.27239990234375,N/A,12681,10.620800018310547,1.5893199443817139,0.3989799916744232
2018,11,17,15,0,0.9216679930686951,10.308099746704102,267.5,7.605800151824951,N/A,15941,15.550000190734863,1.6923400163650513,0.40884000062942505
2018,11,17,18,0,0.9392330050468445,11.045999526977539,267.5,8.471199989318848,N/A,19697,15.550000190734863,1.8042500019073486,0.3640899956226349
2018,11,17,21,0,0.9468550086021423,11.30840015411377,267.5,8.794899940490723,N/A,21612,14.136300086975098,1.863420009613037,0.33893999457359314
2018,11,18,0,0,0.9563660025596619,11.577300071716309,267.5,9.697199821472168,N/A,21988,14.136300086975098,1.858620047569275,0.28773999214172363
2018,11,18,3,0,0.9556540250778198,11.401800155639648,262.5,9.405799865722656,N/A,21465,14.136300086975098,1.8540400266647339,0.28769001364707947
2018,11,18,6,0,0.954882025718689,11.332900047302246,262.5,9.62279987335205,N/A,19716,12.851200103759766,1.7859300374984741,0.2738899886608124
2018,11,18,9,0,0.9539070129394531,11.32919979095459,262.5,9.884900093078613,N/A,17948,12.851200103759766,1.7062000036239624,0.25902000069618225
2018,11,18,12,0,0.9519320130348206,11.327099800109863,262.5,10.122300148010254,N/A,16109,12.851200103759766,1.6180599927902222,0.24624000489711761
2018,11,18,15,0,0.9488340020179749,11.288000106811523,262.5,10.257599830627441,N/A,14541,12.851200103759766,1.5419100522994995,0.23588000237941742
2018,11,18,18,0,0.9429150223731995,11.199000358581543,262.5,10.315299987792969,N/A,13314,12.851200103759766,1.4838000535964966,0.22940999269485474
2018,11,18,21,0,0.9354439973831177,11.0733003616333,262.5,10.186800003051758,N/A,12237,12.851200103759766,1.4332900047302246,0.2302200049161911
2018,11,19,0,0,0.9242389798164368,10.898500442504883,262.5,9.967300415039062,N/A,11158,11.682900428771973,1.3827300071716309,0.2367900013923645
2018,11,19,3,0,0.9084759950637817,10.462200164794922,262.5,8.508199691772461,N/A,10205,11.682900428771973,1.3533300161361694,0.28499001264572144
2018,11,19,6,0,0.893559992313385,10.098699569702148,262.5,7.826099872589111,N/A,9322,11.682900428771973,1.3199199438095093,0.3159799873828888
2018,11,19,9,0,0.8732460141181946,9.512900352478027,257.5,7.247600078582764,N/A,8668,11.682900428771973,1.316100001335144,0.3569999933242798
2018,11,19,12,0,0.8512639999389648,8.986300468444824,252.5,6.978000164031982,N/A,8162,11.682900428771973,1.3194799423217773,0.3779500126838684
2018,11,19,15,0,0.8371570110321045,8.55150032043457,247.5,6.72160005569458,N/A,7826,10.620800018310547,1.3294199705123901,0.39364001154899597
2018,11,19,18,0,0.8359079957008362,8.404800415039062,242.5,6.816199779510498,N/A,7347,10.620800018310547,1.3019599914550781,0.391510009765625
2018,11,19,21,0,0.8376359939575195,8.286199569702148,242.5,6.8678998947143555,N/A,6870,10.620800018310547,1.269670009613037,0.39261001348495483
2018,11,20,0,0,0.8388320207595825,8.138500213623047,237.5,6.789000034332275,N/A,6432,10.620800018310547,1.2410999536514282,0.3977600038051605
2018,11,20,3,0,0.8458160161972046,7.958499908447266,237.5,6.593699932098389,N/A,6063,9.655200004577637,1.2198200225830078,0.4065999984741211
2018,11,20,6,0,0.8565829992294312,7.748899936676025,237.5,6.470399856567383,N/A,5895,9.655200004577637,1.2211500406265259,0.40759000182151794
2018,11,20,9,0,0.8632169961929321,7.689799785614014,232.5,6.424099922180176,N/A,5797,9.655200004577637,1.2168699502944946,0.40525999665260315
2018,11,20,12,0,0.8600209951400757,7.661099910736084,232.5,6.2469000816345215,N/A,6431,7.979499816894531,1.2828799486160278,0.421779990196228
2018,11,20,15,0,0.8473079800605774,7.849999904632568,237.5,6.480899810791016,N/A,7391,7.979499816894531,1.35371994972229,0.4348900020122528
2018,11,20,18,0,0.833528995513916,8.226300239562988,237.5,6.826200008392334,N/A,8006,12.851200103759766,1.3694900274276733,0.4439300000667572
2018,11,20,21,0,0.822052001953125,8.71090030670166,242.5,7.140699863433838,N/A,9383,7.2540998458862305,1.4321800470352173,0.4493899941444397
2018,11,21,0,0,0.8249030113220215,9.031200408935547,247.5,7.355999946594238,N/A,10624,17.104999542236328,1.4918299913406372,0.4449999928474426
2018,11,21,3,0,0.8332890272140503,8.989999771118164,247.5,7.344900131225586,N/A,11482,11.682900428771973,1.55731999874115,0.42761000990867615
2018,11,21,6,0,0.8402150273323059,9.096500396728516,252.5,7.493899822235107,N/A,14943,15.550000190734863,1.7655600309371948,0.41227999329566956
2018,11,21,9,0,0.8381040096282959,8.765399932861328,247.5,7.399400234222412,N/A,21082,15.550000190734863,2.1511199474334717,0.38277000188827515
2018,11,21,12,0,0.8478459715843201,8.59160041809082,232.5,7.330999851226807,N/A,32504,9.655200004577637,2.714329957962036,0.34672001004219055
2018,11,21,15,0,0.8528910279273987,8.940299987792969,227.5,7.687099933624268,N/A,43243,9.655200004577637,3.061840057373047,0.32526999711990356
2018,11,21,18,0,0.8416619896888733,8.713899612426758,222.5,7.38129997253418,N/A,46735,9.655200004577637,3.226720094680786,0.3416999876499176
2018,11,21,21,0,0.7867980003356934,9.512299537658691,232.5,8.472700119018555,N/A,41592,9.655200004577637,2.894629955291748,0.3031899929046631
2018,11,22,0,0,0.7740219831466675,9.937199592590332,242.5,9.004799842834473,N/A,38450,9.655200004577637,2.7119500637054443,0.28547999262809753
2018,11,22,3,0,0.7811369895935059,10.031399726867676,252.5,9.158499717712402,N/A,39941,12.851200103759766,2.7478299140930176,0.2779400050640106
2018,11,22,6,0,0.7774009704589844,10.11240005493164,257.5,9.270600318908691,N/A,37291,12.851200103759766,2.642280101776123,0.2697100043296814
2018,11,22,9,0,0.7740079760551453,10.1899995803833,257.5,9.33240032196045,N/A,32951,12.851200103759766,2.4728798866271973,0.26263999938964844
2018,11,22,12,0,0.751816987991333,9.500699996948242,252.5,7.8541998863220215,N/A,27268,12.851200103759766,2.3379499912261963,0.3276900053024292
2018,11,22,15,0,0.7086619734764099,8.131600379943848,247.5,6.2895002365112305,N/A,26629,11.682900428771973,2.5145599842071533,0.4203200042247772
2018,11,22,18,0,0.7338669896125793,7.614299774169922,222.5,6.275000095367432,N/A,29759,8.77750015258789,2.777240037918091,0.37439998984336853
2018,11,22,21,0,0.8091250061988831,8.257399559020996,217.5,7.402100086212158,N/A,33481,8.77750015258789,2.8338799476623535,0.2861599922180176
2018,11,23,0,0,0.7785840034484863,8.37030029296875,222.5,7.471799850463867,N/A,28240,8.77750015258789,2.5818800926208496,0.2892099916934967
2018,11,23,3,0,0.7715849876403809,8.390299797058105,227.5,7.372300148010254,N/A,26904,8.77750015258789,2.514940023422241,0.3001900017261505
2018,11,23,6,0,0.7835180163383484,8.369999885559082,232.5,7.299600124359131,N/A,29104,8.77750015258789,2.6160800457000732,0.3111000061035156
2018,11,23,9,0,0.816976010799408,8.686599731445312,247.5,7.682700157165527,N/A,36821,9.655200004577637,2.878079891204834,0.3040800094604492
2018,11,23,12,0,0.8523640036582947,9.418299674987793,252.5,8.566699981689453,N/A,44794,10.620800018310547,3.0297200679779053,0.27213001251220703
2018,11,23,15,0,0.8770930171012878,9.791099548339844,257.5,8.922800064086914,N/A,49190,11.682900428771973,3.1017000675201416,0.26061999797821045
2018,11,23,18,0,0.8851590156555176,9.736700057983398,262.5,8.842000007629395,N/A,47162,11.682900428771973,3.047329902648926,0.2621600031852722
2018,11,23,21,0,0.884663999080658,9.62969970703125,267.5,8.67199993133545,N/A,42541,11.682900428771973,2.914829969406128,0.26458001136779785
2018,11,24,0,0,0.8711810111999512,9.14900016784668,267.5,8.015999794006348,N/A,36366,10.620800018310547,2.775019884109497,0.29403001070022583
2018,11,24,3,0,0.860725998878479,9.043999671936035,272.5,8.057999610900879,N/A,31658,10.620800018310547,2.6103498935699463,0.2846600115299225
2018,11,24,6,0,0.8568379878997803,8.99470043182373,272.5,8.134699821472168,N/A,27776,10.620800018310547,2.4567699432373047,0.27303001284599304
2018,11,24,9,0,0.8484110236167908,8.978899955749512,272.5,8.22189998626709,N/A,24597,10.620800018310547,2.3173699378967285,0.2621400058269501
2018,11,24,12,0,0.8260110020637512,9.024800300598145,267.5,8.339400291442871,N/A,22374,9.655200004577637,2.205209970474243,0.253930002450943
2018,11,24,15,0,0.7978259921073914,9.136099815368652,262.5,8.493900299072266,N/A,21625,9.655200004577637,2.153059959411621,0.2478400021791458
2018,11,24,18,0,0.7927719950675964,9.317999839782715,262.5,8.716500282287598,N/A,23270,9.655200004577637,2.208280086517334,0.23928000032901764
2018,11,24,21,0,0.8068190217018127,9.427599906921387,262.5,8.810799598693848,N/A,24045,9.655200004577637,2.2289299964904785,0.23882000148296356
2018,11,25,0,0,0.8195390105247498,9.361700057983398,262.5,8.49530029296875,N/A,23430,9.655200004577637,2.206660032272339,0.2600899934768677
2018,11,25,3,0,0.8259419798851013,9.092499732971191,257.5,7.893599987030029,N/A,20770,9.655200004577637,2.1081600189208984,0.30197998881340027
2018,11,25,6,0,0.8275660276412964,8.718099594116211,252.5,7.430600166320801,N/A,18074,9.655200004577637,2.010580062866211,0.3357900083065033
2018,11,25,9,0,0.8434060215950012,8.326700210571289,242.5,7.061299800872803,N/A,17495,9.655200004577637,2.0297698974609375,0.3502100110054016
2018,11,25,12,0,0.8718519806861877,8.47070026397705,237.5,7.3516998291015625,N/A,19268,9.655200004577637,2.113490104675293,0.3252499997615814
2018,11,25,15,0,0.886817991733551,8.769800186157227,237.5,7.867099761962891,N/A,20575,9.655200004577637,2.1444599628448486,0.2974500060081482
2018,11,25,18,0,0.8855360150337219,8.801600456237793,237.5,7.814899921417236,N/A,21090,9.655200004577637,2.1677799224853516,0.29930999875068665
2018,11,25,21,0,0.8750259876251221,8.393099784851074,232.5,7.054800033569336,N/A,22926,9.655200004577637,2.3178300857543945,0.3456200063228607
2018,11,26,0,0,0.8734980225563049,8.380399703979492,227.5,7.123300075531006,N/A,29069,9.655200004577637,2.6119000911712646,0.34821999073028564
2018,11,26,3,0,0.8499450087547302,8.568599700927734,227.5,7.246399879455566,N/A,34679,9.655200004577637,2.8134500980377197,0.36079999804496765
2018,11,26,6,0,0.8409339785575867,8.359100341796875,222.5,6.948599815368652,N/A,37153,9.655200004577637,2.9510600566864014,0.37408000230789185
2018,11,26,9,0,0.8519499897956848,8.139200210571289,217.5,6.773499965667725,N/A,50385,9.655200004577637,3.485949993133545,0.37863001227378845
2018,11,26,12,0,0.8801680207252502,8.866999626159668,217.5,7.707399845123291,N/A,88376,9.655200004577637,4.404510021209717,0.32322001457214355
2018,11,26,15,0,0.8674299716949463,9.4266996383667,217.5,8.333399772644043,N/A,112295,10.620800018310547,4.787839889526367,0.3072899878025055
2018,11,26,18,0,0.8282979726791382,9.9576997756958,227.5,8.743200302124023,N/A,103043,10.620800018310547,4.430669784545898,0.316210001707077
2018,11,26,21,0,0.8014209866523743,9.638899803161621,227.5,8.200499534606934,N/A,141800,10.620800018310547,5.2837700843811035,0.3500699996948242
2018,11,27,0,0,0.8163160085678101,10.488800048828125,232.5,9.440500259399414,N/A,147385,10.620800018310547,5.139229774475098,0.29366999864578247
2018,11,27,3,0,0.8280749917030334,11.14330005645752,237.5,10.128899574279785,N/A,124228,10.620800018310547,4.548999786376953,0.2837800085544586
2018,11,27,6,0,0.8403810262680054,11.656100273132324,242.5,10.505399703979492,N/A,113430,14.136300086975098,4.229410171508789,0.2955799996852875
2018,11,27,9,0,0.8416910171508789,11.80679988861084,247.5,10.203499794006348,N/A,122453,14.136300086975098,4.35476016998291,0.3334999978542328
2018,11,27,12,0,0.8361949920654297,11.837200164794922,247.5,10.091899871826172,N/A,132257,14.136300086975098,4.518020153045654,0.3463900089263916
2018,11,27,15,0,0.8447700142860413,12.0600004196167,247.5,10.267999649047852,N/A,145663,14.136300086975098,4.691349983215332,0.35192999243736267
2018,11,27,18,0,0.8557130098342896,12.42300033569336,252.5,10.699600219726562,N/A,144789,14.136300086975098,4.598529815673828,0.33965998888015747
2018,11,27,21,0,0.8629170060157776,12.40999984741211,252.5,10.501799583435059,N/A,139216,18.81559944152832,4.507190227508545,0.3478899896144867
2018,11,28,0,0,0.8735870122909546,12.617300033569336,257.5,10.878600120544434,N/A,131123,17.104999542236328,4.331170082092285,0.3321099877357483
2018,11,28,3,0,0.8825950026512146,12.67549991607666,257.5,10.869999885559082,N/A,127511,17.104999542236328,4.255320072174072,0.3301900029182434
2018,11,28,6,0,0.8958439826965332,12.978699684143066,257.5,11.4399995803833,N/A,124559,17.104999542236328,4.148280143737793,0.30717000365257263
2018,11,28,9,0,0.9055500030517578,13.06190013885498,262.5,11.713299751281738,N/A,119361,17.104999542236328,4.044839859008789,0.2910900115966797
2018,11,28,12,0,0.9111779928207397,13.006199836730957,262.5,11.738800048828125,N/A,112521,15.550000190734863,3.934799909591675,0.2836199998855591
2018,11,28,15,0,0.9191910028457642,12.961899757385254,262.5,11.723699569702148,N/A,105607,15.550000190734863,3.8174800872802734,0.27970001101493835
2018,11,28,18,0,0.9265300035476685,12.908699989318848,262.5,11.734700202941895,N/A,103613,15.550000190734863,3.787909984588623,0.27101999521255493
2018,11,28,21,0,0.9311779737472534,12.801199913024902,262.5,11.679499626159668,N/A,98863,15.550000190734863,3.716439962387085,0.26440998911857605
2018,11,29,0,0,0.9319109916687012,12.648599624633789,262.5,11.557700157165527,N/A,89677,15.550000190734863,3.563610076904297,0.26111000776290894
2018,11,29,3,0,0.9314860105514526,12.499799728393555,262.5,11.44279956817627,N/A,80667,15.550000190734863,3.403280019760132,0.2574700117111206
2018,11,29,6,0,0.9312000274658203,12.312999725341797,267.5,11.297499656677246,N/A,71757,14.136300086975098,3.239409923553467,0.25409001111984253
2018,11,29,9,0,0.9302250146865845,12.10770034790039,267.5,11.13129997253418,N/A,63612,14.136300086975098,3.0820000171661377,0.2513299882411957
2018,11,29,12,0,0.9267449975013733,11.843600273132324,267.5,10.883299827575684,N/A,53744,14.136300086975098,2.8719699382781982,0.2528800070285797
2018,11,29,15,0,0.9278039932250977,11.746100425720215,267.5,10.825300216674805,N/A,50605,14.136300086975098,2.8017001152038574,0.24751000106334686
2018,11,29,18,0,0.9251980185508728,11.517800331115723,267.5,10.615500450134277,N/A,44152,14.136300086975098,2.649780035018921,0.2484699934720993
2018,11,29,21,0,0.9214529991149902,11.2677001953125,267.5,10.371100425720215,N/A,37213,12.851200103759766,2.46658992767334,0.25126001238822937
2018,11,30,0,0,0.9173269867897034,10.987899780273438,267.5,10.109299659729004,N/A,30909,12.851200103759766,2.284320116043091,0.25297001004219055
2018,11,30,3,0,0.9175999760627747,10.846599578857422,272.5,10.010499954223633,N/A,28619,12.851200103759766,2.217449903488159,0.24740000069141388
2018,11,30,6,0,0.9131590127944946,10.609299659729004,272.5,9.767200469970703,N/A,23642,11.682900428771973,2.0436899662017822,0.2526400089263916
2018,11,30,9,0,0.9144129753112793,10.487600326538086,272.5,9.633399963378906,N/A,21298,11.682900428771973,1.9545600414276123,0.2534700036048889
2018,11,30,12,0,0.9108440279960632,10.271900177001953,272.5,9.335200309753418,N/A,18056,11.682900428771973,1.822350025177002,0.26607000827789307
2018,11,30,15,0,0.9049479961395264,10.15939998626709,272.5,9.214400291442871,N/A,16190,10.620800018310547,1.7379000186920166,0.2696399986743927
2018,11,30,18,0,0.889045000076294,9.9443998336792,267.5,8.392000198364258,N/A,14983,10.620800018310547,1.6925300359725952,0.2921299934387207
2018,11,30,21,0,0.8724660277366638,9.470499992370605,267.5,7.4918999671936035,N/A,15785,10.620800018310547,1.7826000452041626,0.34268999099731445
2018,12,1,0,0,0.8660380244255066,9.094300270080566,267.5,7.219900131225586,N/A,17485,11.682900428771973,1.9201799631118774,0.35728999972343445
2018,12,1,3,0,0.861286997795105,9.082500457763672,267.5,7.676599979400635,N/A,17841,11.682900428771973,1.945989966392517,0.32653000950813293
2018,12,1,6,0,0.8327850103378296,8.88029956817627,262.5,7.53879976272583,N/A,16699,11.682900428771973,1.9086300134658813,0.32802000641822815
2018,12,1,9,0,0.8428859710693359,9.208999633789062,257.5,8.276000022888184,N/A,19852,11.682900428771973,2.0432300567626953,0.2876400053501129
2018,12,1,12,0,0.868893027305603,9.602499961853027,257.5,8.69629955291748,N/A,24124,10.620800018310547,2.1964900493621826,0.28395000100135803
2018,12,1,15,0,0.8917549848556519,10.090100288391113,262.5,9.12600040435791,N/A,27647,10.620800018310547,2.2792999744415283,0.2851699888706207
2018,12,1,18,0,0.9057999849319458,10.461899757385254,262.5,9.458100318908691,N/A,28963,11.682900428771973,2.2788500785827637,0.2821800112724304
2018,12,1,21,0,0.9219679832458496,10.639900207519531,267.5,9.638299942016602,N/A,31535,11.682900428771973,2.352220058441162,0.2761099934577942
2018,12,2,0,0,0.937574028968811,10.616499900817871,272.5,9.771300315856934,N/A,40208,11.682900428771973,2.665440082550049,0.252810001373291
2018,12,2,3,0,0.9444900155067444,10.351699829101562,277.5,9.601499557495117,N/A,44450,11.682900428771973,2.851210117340088,0.24310000240802765
2018,12,2,6,0,0.9434980154037476,9.907999992370605,282.5,9.10949993133545,N/A,35099,10.620800018310547,2.6019198894500732,0.25687000155448914
2018,12,2,9,0,0.9485620260238647,9.836299896240234,282.5,9.024900436401367,N/A,30743,10.620800018310547,2.4465200901031494,0.25655001401901245
2018,12,2,12,0,0.945264995098114,9.616399765014648,282.5,8.829999923706055,N/A,23875,11.682900428771973,2.1872200965881348,0.2583000063896179
2018,12,2,15,0,0.9402859807014465,9.547499656677246,282.5,8.743900299072266,N/A,19320,11.682900428771973,1.9760600328445435,0.26197999715805054
2018,12,2,18,0,0.9317200183868408,9.497300148010254,282.5,8.524100303649902,N/A,15970,11.682900428771973,1.8007700443267822,0.27434998750686646
2018,12,2,21,0,0.9172030091285706,9.362500190734863,282.5,8.141599655151367,N/A,13219,10.620800018310547,1.6496100425720215,0.29771000146865845
2018,12,3,0,0,0.9079449772834778,9.327500343322754,277.5,7.993299961090088,N/A,11627,10.620800018310547,1.5497499704360962,0.30518001317977905
2018,12,3,3,0,0.9030359983444214,9.245800018310547,277.5,7.59250020980835,N/A,11144,10.620800018310547,1.5246399641036987,0.3181400001049042
2018,12,3,6,0,0.9003400206565857,9.348600387573242,277.5,8.018199920654297,N/A,10761,9.655200004577637,1.488569974899292,0.30952000617980957
2018,12,3,9,0,0.9023569822311401,9.63860034942627,277.5,8.62030029296875,N/A,11026,11.682900428771973,1.4789400100708008,0.3052400052547455
2018,12,3,12,0,0.9048590064048767,10.063599586486816,277.5,8.76259994506836,N/A,12136,11.682900428771973,1.5084500312805176,0.32148998975753784
2018,12,3,15,0,0.8984100222587585,10.218400001525879,277.5,8.380999565124512,N/A,13643,11.682900428771973,1.579800009727478,0.3435499966144562
2018,12,3,18,0,0.8972629904747009,10.622900009155273,277.5,8.708900451660156,N/A,14879,11.682900428771973,1.6100200414657593,0.33125999569892883
2018,12,3,21,0,0.8937370181083679,10.598299980163574,282.5,8.134300231933594,N/A,16554,14.136300086975098,1.6967300176620483,0.34777000546455383
2018,12,4,0,0,0.8752670288085938,10.143500328063965,282.5,7.276100158691406,N/A,17110,14.136300086975098,1.7660900354385376,0.38523000478744507
2018,12,4,3,0,0.8674060106277466,10.156599998474121,277.5,7.303299903869629,N/A,16485,14.136300086975098,1.7340699434280396,0.3751800060272217
2018,12,4,6,0,0.8550620079040527,10.09939956665039,277.5,7.294300079345703,N/A,15601,12.851200103759766,1.6945799589157104,0.36886000633239746
2018,12,4,9,0,0.8204349875450134,9.509200096130371,272.5,6.561800003051758,N/A,15306,12.851200103759766,1.7354600429534912,0.4136100113391876
2018,12,4,12,0,0.8087450265884399,9.511799812316895,262.5,6.701399803161621,N/A,14624,12.851200103759766,1.700029969215393,0.3976899981498718
2018,12,4,15,0,0.7971670031547546,9.399499893188477,257.5,6.617099761962891,N/A,14463,11.682900428771973,1.7031300067901611,0.4032900035381317
2018,12,4,18,0,0.8058549761772156,9.867799758911133,252.5,7.3979997634887695,N/A,14845,11.682900428771973,1.6830600500106812,0.35447001457214355
2018,12,4,21,0,0.7966349720954895,9.63029956817627,247.5,7.065899848937988,N/A,14825,10.620800018310547,1.7052299976348877,0.37299999594688416
2018,12,5,0,0,0.796110987663269,10.003499984741211,242.5,7.768400192260742,N/A,13677,10.620800018310547,1.6053800582885742,0.33237001299858093
2018,12,5,3,0,0.7826210260391235,10.094099998474121,242.5,7.809199810028076,N/A,12720,10.620800018310547,1.539330005645752,0.3306100070476532
2018,12,5,6,0,0.7706590294837952,10.4443998336792,242.5,8.501199722290039,N/A,13024,10.620800018310547,1.529170036315918,0.2955799996852875
2018,12,5,9,0,0.7595729827880859,10.674400329589844,237.5,8.893899917602539,N/A,14593,12.851200103759766,1.5995500087738037,0.27792999148368835
2018,12,5,12,0,0.7544270157814026,10.825799942016602,232.5,9.170499801635742,N/A,15766,12.851200103759766,1.6520099639892578,0.2788499891757965
2018,12,5,15,0,0.7445769906044006,11.040599822998047,232.5,9.333399772644043,N/A,16611,11.682900428771973,1.6826900243759155,0.32120999693870544
2018,12,5,18,0,0.741241991519928,11.705499649047852,237.5,9.436599731445312,N/A,18528,11.682900428771973,1.730530023574829,0.40931999683380127
2018,12,5,21,0,0.7566549777984619,13.078200340270996,247.5,9.795900344848633,N/A,24776,22.76689910888672,1.8884999752044678,0.4676400125026703
2018,12,6,0,0,0.7965899705886841,14.821999549865723,257.5,11.22659969329834,N/A,34573,22.76689910888672,2.086509943008423,0.4460499882698059
2018,12,6,3,0,0.8337439894676208,15.959199905395508,262.5,12.470399856567383,N/A,45826,22.76689910888672,2.2973101139068604,0.39785000681877136
2018,12,6,6,0,0.8628979921340942,16.657699584960938,267.5,13.497900009155273,N/A,57665,20.697200775146484,2.5039899349212646,0.34922000765800476
2018,12,6,9,0,0.8832060098648071,16.844499588012695,272.5,14.125399589538574,N/A,67084,20.697200775146484,2.6685800552368164,0.3125799894332886
2018,12,6,12,0,0.8956760168075562,16.683000564575195,272.5,14.225500106811523,N/A,70888,18.81559944152832,2.7427000999450684,0.2901799976825714
2018,12,6,15,0,0.9060289859771729,16.411100387573242,272.5,14.15470027923584,N/A,73262,18.81559944152832,2.799329996109009,0.27219998836517334
2018,12,6,18,0,0.912106990814209,16.092899322509766,272.5,13.833700180053711,N/A,72690,18.81559944152832,2.808039903640747,0.2633199989795685
2018,12,6,21,0,0.9196850061416626,15.859100341796875,277.5,13.83810043334961,N/A,70520,18.81559944152832,2.7809998989105225,0.25148001313209534
2018,12,7,0,0,0.9206110239028931,15.451299667358398,277.5,13.508399963378906,N/A,62206,17.104999542236328,2.644659996032715,0.2481199949979782
2018,12,7,3,0,0.921999990940094,15.073699951171875,277.5,13.086199760437012,N/A,55787,17.104999542236328,2.5349600315093994,0.24732999503612518
2018,12,7,6,0,0.9207919836044312,14.76159954071045,277.5,12.662300109863281,N/A,48828,17.104999542236328,2.3973898887634277,0.2503400146961212
2018,12,7,9,0,0.9194560050964355,14.276000022888184,277.5,11.91569995880127,N/A,44321,17.104999542236328,2.325510025024414,0.26927000284194946
2018,12,7,12,0,0.9005079865455627,13.436699867248535,277.5,10.778900146484375,N/A,38733,15.550000190734863,2.2481300830841064,0.31341999769210815
2018,12,7,15,0,0.8692640066146851,12.27239990234375,272.5,9.084600448608398,N/A,34187,15.550000190734863,2.2205801010131836,0.38027000427246094
2018,12,7,18,0,0.8163380026817322,11.098799705505371,267.5,8.196900367736816,N/A,31588,15.550000190734863,2.262200117111206,0.426470011472702
2018,12,7,21,0,0.7629250288009644,10.175000190734863,257.5,7.928800106048584,N/A,30110,15.550000190734863,2.3311500549316406,0.4308600127696991
2018,12,8,0,0,0.7449120283126831,9.709799766540527,242.5,8.03439998626709,N/A,30205,15.550000190734863,2.4133400917053223,0.39684998989105225
2018,12,8,3,0,0.7512900233268738,9.256699562072754,232.5,7.6697001457214355,N/A,27245,15.550000190734863,2.3636999130249023,0.38662999868392944
2018,12,8,6,0,0.7908899784088135,8.76449966430664,222.5,7.270299911499023,N/A,27566,8.77750015258789,2.462369918823242,0.3752000033855438
2018,12,8,9,0,0.8415359854698181,8.78600025177002,217.5,7.562399864196777,N/A,33716,9.655200004577637,2.731339931488037,0.33379998803138733
2018,12,8,12,0,0.8427879810333252,8.88129997253418,217.5,7.724999904632568,N/A,35675,9.655200004577637,2.7948598861694336,0.3196699917316437
2018,12,8,15,0,0.8086220026016235,8.621700286865234,217.5,7.3069000244140625,N/A,35818,9.655200004577637,2.840909957885742,0.34953001141548157
2018,12,8,18,0,0.7923629879951477,8.743000030517578,222.5,7.501299858093262,N/A,34237,9.655200004577637,2.755229949951172,0.3414100110530853
2018,12,8,21,0,0.7764120101928711,9.224800109863281,232.5,8.01360034942627,N/A,31517,9.655200004577637,2.560770034790039,0.32701000571250916
2018,12,9,0,0,0.782820999622345,9.661600112915039,242.5,8.539400100708008,N/A,31919,12.851200103759766,2.508579969406128,0.30623000860214233
2018,12,9,3,0,0.7874749898910522,9.700799942016602,242.5,8.58650016784668,N/A,30844,12.851200103759766,2.462980031967163,0.2943600118160248
2018,12,9,6,0,0.7680590152740479,9.120499610900879,242.5,7.325699806213379,N/A,29193,11.682900428771973,2.478300094604492,0.34937000274658203
2018,12,9,9,0,0.7195450067520142,8.18280029296875,237.5,6.304500102996826,N/A,25296,11.682900428771973,2.4471800327301025,0.415120005607605
2018,12,9,12,0,0.817454993724823,8.176199913024902,217.5,6.7357001304626465,N/A,34935,9.655200004577637,2.8909800052642822,0.3676599860191345
2018,12,9,15,0,0.8667359948158264,8.880399703979492,217.5,7.499899864196777,N/A,64069,11.682900428771973,3.734110116958618,0.3407999873161316
2018,12,9,18,0,0.870639979839325,9.377699851989746,217.5,8.079500198364258,N/A,96865,11.682900428771973,4.445700168609619,0.3294900059700012
2018,12,9,21,0,0.8383920192718506,9.986300468444824,227.5,8.539400100708008,N/A,88697,11.682900428771973,4.094180107116699,0.340829998254776
2018,12,10,0,0,0.8265420198440552,10.363699913024902,232.5,8.675200462341309,N/A,80212,11.682900428771973,3.803339958190918,0.357450008392334
2018,12,10,3,0,0.8293399810791016,10.804699897766113,237.5,9.074199676513672,N/A,75450,11.682900428771973,3.596709966659546,0.3503200113773346
2018,12,10,6,0,0.8446779847145081,11.437700271606445,247.5,10.148300170898438,N/A,73701,11.682900428771973,3.4417200088500977,0.3021700084209442
2018,12,10,9,0,0.8495129942893982,11.488200187683105,252.5,10.413800239562988,N/A,70866,11.682900428771973,3.3683300018310547,0.27928000688552856
2018,12,10,12,0,0.8565049767494202,11.454700469970703,252.5,10.412500381469727,N/A,68577,15.550000190734863,3.317650079727173,0.2741299867630005
2018,12,10,15,0,0.8577899932861328,11.426600456237793,257.5,10.48169994354248,N/A,67734,14.136300086975098,3.3023500442504883,0.26155000925064087
2018,12,10,18,0,0.8573709726333618,11.256999969482422,262.5,10.390700340270996,N/A,61612,14.136300086975098,3.179840087890625,0.2539899945259094
2018,12,10,21,0,0.859449028968811,11.139399528503418,267.5,10.331899642944336,N/A,59218,14.136300086975098,3.1393399238586426,0.2469100058078766
2018,12,11,0,0,0.8460180163383484,10.674400329589844,262.5,9.569999694824219,N/A,47721,11.682900428771973,2.8917698860168457,0.26708000898361206
2018,12,11,3,0,0.7919120192527771,9.021599769592285,257.5,7.063000202178955,N/A,44255,12.851200103759766,3.0523900985717773,0.397460013628006
2018,12,11,6,0,0.7489359974861145,8.06309986114502,242.5,6.55109977722168,N/A,42606,9.655200004577637,3.203850030899048,0.39765000343322754
2018,12,11,9,0,0.8284559845924377,8.291000366210938,222.5,7.212500095367432,N/A,67996,9.655200004577637,4.019720077514648,0.3122600018978119
2018,12,11,12,0,0.859604001045227,8.900300025939941,217.5,7.889800071716309,N/A,103831,10.620800018310547,4.769070148468018,0.2893800139427185
2018,12,11,15,0,0.867775022983551,9.08489990234375,217.5,8.252300262451172,N/A,86885,10.620800018310547,4.321249961853027,0.2615399956703186
2018,12,11,18,0,0.8678150177001953,8.917900085449219,222.5,8.164600372314453,N/A,78506,9.655200004577637,4.157790184020996,0.25418999791145325
2018,12,11,21,0,0.840025007724762,8.795000076293945,232.5,7.986000061035156,N/A,67079,9.655200004577637,3.871659994125366,0.2655799984931946
2018,12,12,0,0,0.8203129768371582,9.073599815368652,247.5,8.255800247192383,N/A,66088,9.655200004577637,3.7704200744628906,0.26561999320983887
2018,12,12,3,0,0.8283330202102661,9.261300086975098,257.5,8.276700019836426,N/A,71579,10.620800018310547,3.8647100925445557,0.2886100113391876
2018,12,12,6,0,0.848056972026825,9.610400199890137,267.5,8.480600357055664,N/A,79029,11.682900428771973,3.9611799716949463,0.30351999402046204
2018,12,12,9,0,0.8782140016555786,9.901599884033203,272.5,8.696499824523926,N/A,88760,11.682900428771973,4.1183600425720215,0.3095099925994873
2018,12,12,12,0,0.9024350047111511,10.660400390625,272.5,9.465900421142578,N/A,98027,12.851200103759766,4.137539863586426,0.29517999291419983
2018,12,12,15,0,0.9265419840812683,11.828300476074219,272.5,10.795000076293945,N/A,119017,12.851200103759766,4.281320095062256,0.2639099955558777
2018,12,12,18,0,0.9359560012817383,12.336799621582031,272.5,11.203100204467773,N/A,130710,14.136300086975098,4.3715500831604,0.2664699852466583
2018,12,12,21,0,0.9124259948730469,11.438599586486816,272.5,9.237199783325195,N/A,162348,14.136300086975098,5.070489883422852,0.375
2018,12,13,0,0,0.8869569897651672,11.38129997253418,267.5,9.51140022277832,N/A,179340,15.550000190734863,5.359560012817383,0.3664399981498718
2018,12,13,3,0,0.8577489852905273,10.888299942016602,262.5,9.266900062561035,N/A,213495,15.550000190734863,6.0166401863098145,0.3570399880409241
2018,12,13,6,0,0.8388190269470215,10.902700424194336,252.5,9.553299903869629,N/A,223148,11.682900428771973,6.15811014175415,0.32499998807907104
2018,12,13,9,0,0.833187997341156,11.606499671936035,257.5,10.429300308227539,N/A,187007,14.136300086975098,5.4317498207092285,0.2951900064945221
2018,12,13,12,0,0.8354550004005432,11.964799880981445,262.5,10.90880012512207,N/A,155588,15.550000190734863,4.8657097816467285,0.27667000889778137
2018,12,13,15,0,0.8473399877548218,12.263899803161621,267.5,11.317399978637695,N/A,159141,14.136300086975098,4.846789836883545,0.2568899989128113
2018,12,13,18,0,0.8458439707756042,11.965100288391113,267.5,10.67389965057373,N/A,157397,14.136300086975098,4.883510112762451,0.28703001141548157
2018,12,13,21,0,0.8208209872245789,11.583499908447266,267.5,9.849900245666504,N/A,183518,15.550000190734863,5.366479873657227,0.3392699956893921
2018,12,14,0,0,0.7981230020523071,11.56879997253418,267.5,9.742400169372559,N/A,207702,15.550000190734863,5.715270042419434,0.3569599986076355
2018,12,14,3,0,0.770904004573822,11.636699676513672,262.5,9.874799728393555,N/A,212698,15.550000190734863,5.772830009460449,0.3548699915409088
2018,12,14,6,0,0.7518640160560608,11.321900367736816,257.5,9.73740005493164,N/A,202702,15.550000190734863,5.732349872589111,0.3433299958705902
2018,12,14,9,0,0.7539560198783875,11.009400367736816,252.5,9.430399894714355,N/A,187694,15.550000190734863,5.605090141296387,0.3390200138092041
2018,12,14,12,0,0.7590309977531433,10.78439998626709,242.5,9.348899841308594,N/A,172059,15.550000190734863,5.4369797706604,0.32613998651504517
2018,12,14,15,0,0.7912889719009399,10.964500427246094,237.5,9.577699661254883,N/A,163376,14.136300086975098,5.243000030517578,0.3077000081539154
2018,12,14,18,0,0.8139209747314453,10.515800476074219,232.5,8.962900161743164,N/A,188337,14.136300086975098,5.761529922485352,0.3323099911212921
2018,12,14,21,0,0.8360919952392578,10.90719985961914,227.5,9.550800323486328,N/A,203485,12.851200103759766,5.8661298751831055,0.3023200035095215
2018,12,15,0,0,0.817654013633728,11.468899726867676,232.5,10.341899871826172,N/A,184579,12.851200103759766,5.42579984664917,0.26229000091552734
2018,12,15,3,0,0.7767990231513977,10.871100425720215,252.5,9.836199760437012,N/A,182724,12.851200103759766,5.58489990234375,0.26886001229286194
2018,12,15,6,0,0.7595829963684082,10.789400100708008,252.5,9.840800285339355,N/A,129797,12.851200103759766,4.735620021820068,0.2585099935531616
2018,12,15,9,0,0.7596650123596191,10.866299629211426,252.5,10.025500297546387,N/A,89462,11.682900428771973,3.9190399646759033,0.24503999948501587
2018,12,15,12,0,0.7633259892463684,10.750499725341797,252.5,9.941499710083008,N/A,66451,11.682900428771973,3.402740001678467,0.23973999917507172
2018,12,15,15,0,0.7655220031738281,10.62279987335205,252.5,9.582300186157227,N/A,55640,11.682900428771973,3.1359400749206543,0.24796999990940094
2018,12,15,18,0,0.7404590249061584,9.362600326538086,247.5,7.468599796295166,N/A,47347,11.682900428771973,3.096090078353882,0.36485999822616577
2018,12,15,21,0,0.7491220235824585,9.038100242614746,232.5,7.540299892425537,N/A,40670,10.620800018310547,2.9416699409484863,0.34046998620033264
2018,12,16,0,0,0.8145080208778381,8.827199935913086,222.5,7.131800174713135,N/A,46971,10.620800018310547,3.202929973602295,0.36118000745773315
2018,12,16,3,0,0.8744829893112183,9.785699844360352,227.5,7.889100074768066,N/A,87060,12.851200103759766,4.085249900817871,0.3646300137042999
2018,12,16,6,0,0.9127680063247681,11.170299530029297,227.5,9.442000389099121,N/A,130365,14.136300086975098,4.619619846343994,0.3148899972438812
2018,12,16,9,0,0.9140470027923584,11.458499908447266,227.5,9.895299911499023,N/A,183744,14.136300086975098,5.39985990524292,0.3070499897003174
2018,12,16,12,0,0.9175689816474915,11.709400177001953,227.5,10.424799919128418,N/A,195292,14.136300086975098,5.501619815826416,0.27764999866485596
2018,12,16,15,0,0.9029800295829773,11.668299674987793,227.5,10.344400405883789,N/A,170612,14.136300086975098,5.162650108337402,0.29534000158309937
2018,12,16,18,0,0.8810449838638306,13.160099983215332,237.5,11.465800285339355,N/A,177348,12.851200103759766,4.9419097900390625,0.341729998588562
2018,12,16,21,0,0.8970149755477905,14.82450008392334,247.5,12.80150032043457,N/A,238082,12.851200103759766,5.368199825286865,0.333079993724823
2018,12,17,0,0,0.9085779786109924,15.285900115966797,252.5,13.186100006103516,N/A,279905,20.697200775146484,5.713650226593018,0.31859999895095825
2018,12,17,3,0,0.9149879813194275,15.534700393676758,257.5,13.39739990234375,N/A,308415,18.81559944152832,5.936270236968994,0.30820000171661377
2018,12,17,6,0,0.9137700200080872,15.196599960327148,257.5,12.796699523925781,N/A,286510,18.81559944152832,5.782979965209961,0.3208000063896179
2018,12,17,9,0,0.9104459881782532,14.689599990844727,257.5,12.197600364685059,N/A,273773,18.81559944152832,5.750460147857666,0.335999995470047
2018,12,17,12,0,0.9067950248718262,14.262800216674805,257.5,11.927499771118164,N/A,235972,18.81559944152832,5.420889854431152,0.3375200033187866
2018,12,17,15,0,0.910660982131958,14.259400367736816,262.5,12.139900207519531,N/A,224388,18.81559944152832,5.279210090637207,0.31916001439094543
2018,12,17,18,0,0.8906390070915222,12.900899887084961,257.5,9.768400192260742,N/A,193268,17.104999542236328,5.1667399406433105,0.391620010137558
2018,12,17,21,0,0.8289690017700195,11.129400253295898,247.5,9.093600273132324,N/A,226339,17.104999542236328,6.110809803009033,0.397599995136261
2018,12,18,0,0,0.8238909840583801,11.05370044708252,232.5,9.59179973602295,N/A,257948,10.620800018310547,6.566180229187012,0.3313699960708618
2018,12,18,3,0,0.8476629853248596,11.464400291442871,227.5,10.284899711608887,N/A,300498,12.851200103759766,6.929749965667725,0.2842699885368347
2018,12,18,6,0,0.8446580171585083,11.968299865722656,232.5,10.935500144958496,N/A,233080,12.851200103759766,5.943860054016113,0.2559100091457367
2018,12,18,9,0,0.8430299758911133,11.930999755859375,237.5,10.892399787902832,N/A,178290,12.851200103759766,5.2058000564575195,0.2492700070142746
2018,12,18,12,0,0.8421199917793274,11.226300239562988,237.5,9.853300094604492,N/A,149474,12.851200103759766,4.938819885253906,0.2885099947452545
2018,12,18,15,0,0.8411160111427307,11.073599815368652,242.5,9.7608003616333,N/A,145679,12.851200103759766,4.918789863586426,0.29666998982429504
2018,12,18,18,0,0.8458330035209656,11.470199584960938,242.5,10.224200248718262,N/A,140585,12.851200103759766,4.732679843902588,0.28224998712539673
2018,12,18,21,0,0.8507859706878662,11.236900329589844,247.5,9.818300247192383,N/A,141948,14.136300086975098,4.809279918670654,0.30024001002311707
2018,12,19,0,0,0.853905975818634,11.075699806213379,247.5,9.764699935913086,N/A,134804,14.136300086975098,4.732880115509033,0.2972300052642822
2018,12,19,3,0,0.8593819737434387,11.17300033569336,247.5,9.991600036621094,N/A,123917,12.851200103759766,4.5254998207092285,0.2924399971961975
2018,12,19,6,0,0.8714500069618225,11.452899932861328,247.5,10.220800399780273,N/A,119201,12.851200103759766,4.38306999206543,0.3048099875450134
2018,12,19,9,0,0.8892340064048767,11.710000038146973,252.5,10.337400436401367,N/A,126429,12.851200103759766,4.458529949188232,0.32319000363349915
2018,12,19,12,0,0.9071400165557861,12.199000358581543,252.5,10.581600189208984,N/A,152024,12.851200103759766,4.767429828643799,0.3350600004196167
2018,12,19,15,0,0.9234259724617004,12.954999923706055,257.5,11.222800254821777,N/A,188676,14.136300086975098,5.118370056152344,0.326339989900589
2018,12,19,18,0,0.9359080195426941,13.658900260925293,262.5,12.036100387573242,N/A,205949,18.81559944152832,5.181119918823242,0.3010700047016144
2018,12,19,21,0,0.9420289993286133,13.839200019836426,262.5,12.415499687194824,N/A,189003,17.104999542236328,4.921989917755127,0.2822999954223633
2018,12,20,0,0,0.9391689896583557,13.54740047454834,262.5,12.258299827575684,N/A,146569,17.104999542236328,4.385660171508789,0.27726998925209045
2018,12,20,3,0,0.937798023223877,13.386199951171875,267.5,12.187999725341797,N/A,130420,17.104999542236328,4.161930084228516,0.2669700086116791
2018,12,20,6,0,0.9310529828071594,12.844200134277344,267.5,10.982000350952148,N/A,104819,17.104999542236328,3.8178300857543945,0.2904700040817261
2018,12,20,9,0,0.8592389822006226,10.78219985961914,252.5,8.751399993896484,N/A,103735,15.550000190734863,4.208869934082031,0.3745799958705902
2018,12,20,12,0,0.7946140170097351,9.890199661254883,237.5,8.34179973602295,N/A,124305,9.655200004577637,4.865029811859131,0.36076998710632324
2018,12,20,15,0,0.8375890254974365,9.830400466918945,222.5,8.614500045776367,N/A,191984,10.620800018310547,6.088280200958252,0.31123000383377075
2018,12,20,18,0,0.8938829898834229,11.041500091552734,222.5,9.978599548339844,N/A,318662,12.851200103759766,7.3037800788879395,0.26528000831604004
2018,12,20,21,0,0.8904340267181396,11.235199928283691,237.5,10.233099937438965,N/A,331285,12.851200103759766,7.367390155792236,0.2564300000667572
2018,12,21,0,0,0.8627390265464783,11.24429988861084,262.5,10.341400146484375,N/A,325686,12.851200103759766,7.311779975891113,0.2481900006532669
2018,12,21,3,0,0.8749129772186279,11.787799835205078,277.5,10.88640022277832,N/A,327788,12.851200103759766,7.115220069885254,0.23695999383926392
2018,12,21,6,0,0.8562380075454712,11.153800010681152,282.5,10.281000137329102,N/A,205629,12.851200103759766,5.838510036468506,0.2393999993801117
2018,12,21,9,0,0.8355330228805542,10.639699935913086,277.5,9.698399543762207,N/A,127923,11.682900428771973,4.7432098388671875,0.2520500123500824
2018,12,21,12,0,0.8212440013885498,10.43589973449707,277.5,9.53030014038086,N/A,87088,11.682900428771973,3.964750051498413,0.2501800060272217
2018,12,21,15,0,0.8083720207214355,10.418999671936035,272.5,9.627699851989746,N/A,61998,11.682900428771973,3.3543601036071777,0.2371699959039688
2018,12,21,18,0,0.8046979904174805,10.440899848937988,272.5,9.757699966430664,N/A,49117,10.620800018310547,2.9849600791931152,0.22630999982357025
2018,12,21,21,0,0.8019649982452393,10.406700134277344,272.5,9.754300117492676,N/A,40274,10.620800018310547,2.7088000774383545,0.22434000670909882
2018,12,22,0,0,0.7979819774627686,10.289199829101562,272.5,9.506199836730957,N/A,33980,11.682900428771973,2.5054099559783936,0.22951999306678772
2018,12,22,3,0,0.7777339816093445,9.326499938964844,267.5,7.6020002365112305,N/A,28405,11.682900428771973,2.415679931640625,0.32850998640060425
2018,12,22,6,0,0.727944016456604,7.93779993057251,252.5,6.357500076293945,N/A,26667,11.682900428771973,2.5614399909973145,0.39160001277923584
2018,12,22,9,0,0.77360999584198,7.712100028991699,227.5,6.545599937438965,N/A,32428,9.655200004577637,2.8897900581359863,0.33803001046180725
2018,12,22,12,0,0.7749350070953369,7.8246002197265625,222.5,6.684899806976318,N/A,29936,8.77750015258789,2.7572100162506104,0.3391000032424927
2018,12,22,15,0,0.7570890188217163,7.790599822998047,222.5,6.4309000968933105,N/A,32232,8.77750015258789,2.8593499660491943,0.41258999705314636
2018,12,22,18,0,0.776298999786377,8.696000099182129,222.5,7.203800201416016,N/A,52286,8.77750015258789,3.4196999073028564,0.4256199896335602
2018,12,22,21,0,0.7761260271072388,9.462900161743164,232.5,7.615600109100342,N/A,73577,9.655200004577637,3.8504199981689453,0.4286699891090393
2018,12,23,0,0,0.8121780157089233,9.741100311279297,232.5,7.980100154876709,N/A,126625,11.682900428771973,4.957170009613037,0.3910199999809265
2018,12,23,3,0,0.8042219877243042,10.190400123596191,232.5,8.554900169372559,N/A,160738,11.682900428771973,5.434360027313232,0.35892000794410706
2018,12,23,6,0,0.8054839968681335,10.843500137329102,237.5,9.440799713134766,N/A,140457,11.682900428771973,4.898819923400879,0.3190299868583679
2018,12,23,9,0,0.8328369855880737,11.079400062561035,242.5,9.729999542236328,N/A,135701,14.136300086975098,4.749179840087891,0.3086499869823456
2018,12,23,12,0,0.8804870247840881,11.907899856567383,252.5,10.634599685668945,N/A,152645,14.136300086975098,4.821249961853027,0.28459998965263367
2018,12,23,15,0,0.9063770174980164,12.458000183105469,252.5,11.296899795532227,N/A,163236,14.136300086975098,4.851280212402344,0.26357001066207886
2018,12,23,18,0,0.9138960242271423,12.456199645996094,257.5,11.462699890136719,N/A,148872,14.136300086975098,4.633339881896973,0.24584999680519104
2018,12,23,21,0,0.9106730222702026,12.2253999710083,262.5,11.299300193786621,N/A,132519,14.136300086975098,4.421979904174805,0.2384600043296814
2018,12,24,0,0,0.9081829786300659,12.073599815368652,262.5,11.246999740600586,N/A,116735,14.136300086975098,4.184120178222656,0.23002000153064728
2018,12,24,3,0,0.9043130278587341,11.836799621582031,267.5,11.07979965209961,N/A,102215,14.136300086975098,3.96589994430542,0.22362999618053436
2018,12,24,6,0,0.9010009765625,11.445300102233887,267.5,10.711000442504883,N/A,81295,12.851200103759766,3.615489959716797,0.22710999846458435
2018,12,24,9,0,0.9011179804801941,11.172200202941895,267.5,10.431599617004395,N/A,66762,12.851200103759766,3.330120086669922,0.2356099933385849
2018,12,24,12,0,0.903095006942749,11.024200439453125,267.5,10.23900032043457,N/A,56339,11.682900428771973,3.087670087814331,0.2512199878692627
2018,12,24,15,0,0.9083189964294434,11.02910041809082,267.5,10.175600051879883,N/A,50770,11.682900428771973,2.9305100440979004,0.2663699984550476
2018,12,24,18,0,0.914717972278595,11.137900352478027,267.5,10.202899932861328,N/A,48067,11.682900428771973,2.8322501182556152,0.2784300148487091
2018,12,24,21,0,0.9211490154266357,11.250699996948242,267.5,10.262700080871582,N/A,46316,11.682900428771973,2.7590301036834717,0.2809399962425232
2018,12,25,0,0,0.9257069826126099,11.303500175476074,267.5,10.293899536132812,N/A,44364,15.550000190734863,2.688469886779785,0.2782000005245209
2018,12,25,3,0,0.9276649951934814,11.226300239562988,267.5,10.220800399780273,N/A,40911,15.550000190734863,2.5905299186706543,0.2755500078201294
2018,12,25,6,0,0.9269909858703613,10.981599807739258,267.5,10.001999855041504,N/A,35288,14.136300086975098,2.438390016555786,0.2732299864292145
2018,12,25,9,0,0.9265419840812683,10.737600326538086,267.5,9.765999794006348,N/A,30412,14.136300086975098,2.294869899749756,0.27309998869895935
2018,12,25,12,0,0.9257490038871765,10.387100219726562,267.5,9.364999771118164,N/A,27189,12.851200103759766,2.2131099700927734,0.28593000769615173
2018,12,25,15,0,0.9224179983139038,10.097299575805664,267.5,9.024499893188477,N/A,24439,12.851200103759766,2.134160041809082,0.29767999053001404
2018,12,25,18,0,0.9179530143737793,9.984999656677246,267.5,8.873299598693848,N/A,22734,12.851200103759766,2.072350025177002,0.3030799925327301
2018,12,25,21,0,0.9131550192832947,9.960399627685547,267.5,8.822799682617188,N/A,22193,12.851200103759766,2.050869941711426,0.3059200048446655
2018,12,26,0,0,0.9078660011291504,9.980299949645996,267.5,8.819299697875977,N/A,21740,11.682900428771973,2.0280001163482666,0.3079800009727478
2018,12,26,3,0,0.9038310050964355,10.018899917602539,267.5,8.85260009765625,N/A,21167,11.682900428771973,1.9975099563598633,0.30636000633239746
2018,12,26,6,0,0.9001700282096863,9.999899864196777,267.5,8.840200424194336,N/A,20087,11.682900428771973,1.9489799737930298,0.3041299879550934
2018,12,26,9,0,0.8941149711608887,9.856200218200684,267.5,8.690400123596191,N/A,17925,11.682900428771973,1.8574299812316895,0.3075700104236603
2018,12,26,12,0,0.8813509941101074,9.534500122070312,267.5,8.348099708557129,N/A,14625,10.620800018310547,1.7113699913024902,0.3178499937057495
2018,12,26,15,0,0.8862619996070862,9.401200294494629,262.5,8.218799591064453,N/A,13541,10.620800018310547,1.661520004272461,0.3160499930381775
2018,12,26,18,0,0.9250609874725342,10.087699890136719,262.5,9.082799911499023,N/A,21904,11.682900428771973,2.0299999713897705,0.27077001333236694
2018,12,26,21,0,0.93858802318573,10.339099884033203,262.5,9.473799705505371,N/A,30304,11.682900428771973,2.3531301021575928,0.25290998816490173
2018,12,27,0,0,0.9368039965629578,10.321999549865723,262.5,9.429900169372559,N/A,33239,11.682900428771973,2.4646201133728027,0.26003000140190125
2018,12,27,3,0,0.931879997253418,10.448699951171875,267.5,9.536700248718262,N/A,35795,11.682900428771973,2.537440061569214,0.26144999265670776
2018,12,27,6,0,0.9288790225982666,10.649299621582031,272.5,9.74370002746582,N/A,41344,11.682900428771973,2.6956899166107178,0.259880006313324
2018,12,27,9,0,0.9271969795227051,10.880999565124512,272.5,9.963299751281738,N/A,46801,12.851200103759766,2.8297300338745117,0.25979000329971313
2018,12,27,12,0,0.9238970279693604,11.027000427246094,277.5,10.096500396728516,N/A,49357,12.851200103759766,2.881700038909912,0.2599799931049347
2018,12,27,15,0,0.9218990206718445,11.090399742126465,277.5,10.149999618530273,N/A,49392,11.682900428771973,2.8723299503326416,0.26089999079704285
2018,12,27,18,0,0.9213320016860962,11.162699699401855,277.5,10.215800285339355,N/A,49179,11.682900428771973,2.8547399044036865,0.2616899907588959
2018,12,27,21,0,0.9227420091629028,11.220000267028809,277.5,10.251399993896484,N/A,48063,11.682900428771973,2.8141000270843506,0.2671799957752228
2018,12,28,0,0,0.9269049763679504,11.342499732971191,277.5,10.317700386047363,N/A,47003,11.682900428771973,2.7632501125335693,0.27504000067710876
2018,12,28,3,0,0.9322900176048279,11.484199523925781,277.5,10.42140007019043,N/A,46534,11.682900428771973,2.726180076599121,0.2762399911880493
2018,12,28,6,0,0.9370560050010681,11.518199920654297,272.5,10.478799819946289,N/A,45793,14.136300086975098,2.6984899044036865,0.27042001485824585
2018,12,28,9,0,0.9401389956474304,11.414199829101562,272.5,10.419400215148926,N/A,43655,14.136300086975098,2.6501400470733643,0.2661699950695038
2018,12,28,12,0,0.9402559995651245,11.220000267028809,272.5,10.229499816894531,N/A,39283,14.136300086975098,2.5425798892974854,0.2730399966239929
2018,12,28,15,0,0.9381639957427979,11.050800323486328,272.5,9.998600006103516,N/A,34179,14.136300086975098,2.3974199295043945,0.29460999369621277
2018,12,28,18,0,0.9352309703826904,11.085599899291992,272.5,9.856599807739258,N/A,30300,12.851200103759766,2.256890058517456,0.331930011510849
2018,12,28,21,0,0.9327790141105652,11.359100341796875,272.5,9.829099655151367,N/A,28352,12.851200103759766,2.155050039291382,0.37237998843193054
2018,12,29,0,0,0.9324120283126831,11.48449993133545,272.5,9.777000427246094,N/A,28487,12.851200103759766,2.1472699642181396,0.38666999340057373
2018,12,29,3,0,0.9371650218963623,11.713700294494629,272.5,9.9552001953125,N/A,33565,12.851200103759766,2.302880048751831,0.3850100040435791
2018,12,29,6,0,0.9391130208969116,11.792400360107422,272.5,10.035799980163574,N/A,37509,18.81559944152832,2.423330068588257,0.3835499882698059
2018,12,29,9,0,0.9387189745903015,11.50570011138916,272.5,9.851300239562988,N/A,38164,18.81559944152832,2.4785099029541016,0.38093000650405884
2018,12,29,12,0,0.9399359822273254,11.371000289916992,272.5,9.809700012207031,N/A,41421,18.81559944152832,2.5977699756622314,0.3717600107192993
2018,12,29,15,0,0.9389809966087341,11.140199661254883,272.5,9.686200141906738,N/A,43268,17.104999542236328,2.6862800121307373,0.36298999190330505
2018,12,29,18,0,0.9388300180435181,11.008000373840332,272.5,9.66759967803955,N/A,45010,17.104999542236328,2.758660078048706,0.3464199900627136
2018,12,29,21,0,0.9409909844398499,11.157099723815918,277.5,9.99209976196289,N/A,55323,11.682900428771973,3.033220052719116,0.3110699951648712
2018,12,30,0,0,0.942130982875824,11.295000076293945,277.5,10.220499992370605,N/A,66383,11.682900428771973,3.294450044631958,0.28964999318122864
2018,12,30,3,0,0.9416099786758423,11.3326997756958,277.5,10.253299713134766,N/A,67343,11.682900428771973,3.3076798915863037,0.28391000628471375
2018,12,30,6,0,0.9386420249938965,11.283599853515625,272.5,10.226499557495117,N/A,62414,11.682900428771973,3.1918299198150635,0.27978000044822693
2018,12,30,9,0,0.9345710277557373,11.039199829101562,272.5,9.989299774169922,N/A,55034,11.682900428771973,3.0373899936676025,0.28422999382019043
2018,12,30,12,0,0.9285600185394287,10.63700008392334,272.5,9.621199607849121,N/A,49648,10.620800018310547,2.952199935913086,0.2894600033760071
2018,12,30,15,0,0.9238420128822327,10.295599937438965,277.5,9.378399848937988,N/A,48338,10.620800018310547,2.975749969482422,0.2816399931907654
2018,12,30,18,0,0.9203590154647827,10.08549976348877,277.5,9.22249984741211,N/A,44915,10.620800018310547,2.9069600105285645,0.2754400074481964
2018,12,30,21,0,0.9175390005111694,9.924099922180176,277.5,9.076499938964844,N/A,39931,9.655200004577637,2.7683401107788086,0.2743400037288666
2018,12,31,0,0,0.9158920049667358,9.802900314331055,277.5,8.963500022888184,N/A,35188,9.655200004577637,2.6182899475097656,0.2740499973297119
2018,12,31,3,0,0.9139699935913086,9.677300453186035,277.5,8.84939956665039,N/A,31602,9.655200004577637,2.5011301040649414,0.27386999130249023
2018,12,31,6,0,0.9115620255470276,9.621800422668457,277.5,8.786800384521484,N/A,28924,9.655200004577637,2.400860071182251,0.27524998784065247
2018,12,31,9,0,0.9116939902305603,9.68850040435791,282.5,8.835100173950195,N/A,28092,11.682900428771973,2.3553099632263184,0.2759599983692169
2018,12,31,12,0,0.913739025592804,9.821599960327148,282.5,8.94890022277832,N/A,27643,12.851200103759766,2.316200017929077,0.27425000071525574
2018,12,31,15,0,0.9145659804344177,9.929499626159668,282.5,9.059200286865234,N/A,26952,12.851200103759766,2.2719900608062744,0.2689799964427948
2018,12,31,18,0,0.9121220111846924,9.944999694824219,282.5,9.09469985961914,N/A,25250,12.851200103759766,2.1980700492858887,0.2631300091743469
2018,12,31,21,0,0.906440019607544,9.846400260925293,282.5,9.026300430297852,N/A,22560,11.682900428771973,2.0926098823547363,0.2601099908351898
