Source,Location ID,Jurisdiction,Latitude,Longitude,Time Zone,Local Time Zone,Distance to Shore,Directionality Coefficient,Energy Period,Maximum Energy Direction,Mean Absolute Period,Mean Wave Direction,Mean Zero-Crossing Period,Wave Power,Peak Period,Significant Wave Height,Spectral Width,Water Depth,Version
DOE-WPTO US Wave dataset,102698,b'Federal',48.1635,-124.906,0,-8,10749.468,-,s,deg,s,deg,s,W/m,s,m,-,69,v1.0.0
Year,Month,Day,Hour,Minute,Directionality Coefficient,Energy Period,Maximum Energy Direction,Mean Absolute Period,Mean Zero-Crossing Period,Wave Power,Peak Period,Significant Wave Height,Spectral Width
1994,1,1,0,0,0.9222229719161987,10.075799942016602,235,8.596400260925293,7.4293999671936035,90938,12.114999771118164,4.11978006362915,0.3050900101661682
1994,1,1,3,0,0.8846150040626526,10.151700019836426,225,8.897500038146973,7.94290018081665,130270,12.114999771118164,4.914899826049805,0.29144999384880066
1994,1,1,6,0,0.8779370188713074,10.821200370788574,225,9.91469955444336,9.292799949645996,128767,12.114999771118164,4.710060119628906,0.25001999735832214
1994,1,1,9,0,0.8744350075721741,11.460000038146973,235,10.700599670410156,10.196700096130371,124032,12.114999771118164,4.463479995727539,0.2261199951171875
1994,1,1,12,0,0.8820769786834717,11.734299659729004,235,11.055100440979004,10.606499671936035,118131,12.114999771118164,4.29325008392334,0.21209999918937683
1994,1,1,15,0,0.8859289884567261,11.76360034942627,235,11.121500015258789,10.702899932861328,106963,12.114999771118164,4.080420017242432,0.20750999450683594
1994,1,1,18,0,0.8866900205612183,11.763999938964844,235,11.109399795532227,10.691499710083008,96082,12.114999771118164,3.8680899143218994,0.21207000315189362
1994,1,1,21,0,0.88468998670578,11.773900032043457,245,11.075599670410156,10.639300346374512,87598,12.114999771118164,3.6917500495910645,0.22189000248908997
1994,1,2,0,0,0.88639897108078,11.850299835205078,245,11.088399887084961,10.623900413513184,83062,13.326800346374512,3.5810799598693848,0.2346400022506714
1994,1,2,3,0,0.8875889778137207,12.063699722290039,245,11.198100090026855,10.683300018310547,82611,13.326800346374512,3.5329298973083496,0.2510499954223633
1994,1,2,6,0,0.8913040161132812,12.434700012207031,255,11.41759967803955,10.815400123596191,86713,13.326800346374512,3.5540900230407715,0.268779993057251
1994,1,2,9,0,0.8982560038566589,12.763400077819824,255,11.227100372314453,9.819700241088867,95310,16.125999450683594,3.6656200885772705,0.291920006275177
1994,1,2,12,0,0.8879680037498474,12.134400367736816,255,9.541500091552734,7.73859977722168,109504,16.125999450683594,4.030340194702148,0.375789999961853
1994,1,2,15,0,0.8643869757652283,11.394399642944336,255,8.747900009155273,7.17080020904541,125711,16.125999450683594,4.475880146026611,0.4204300045967102
1994,1,2,18,0,0.8454130291938782,10.957799911499023,245,8.984600067138672,7.821499824523926,161886,16.125999450683594,5.218989849090576,0.3972199857234955
1994,1,2,21,0,0.8683199882507324,11.953100204467773,255,10.116299629211426,9.001099586486816,155240,16.125999450683594,4.8550801277160645,0.3559899926185608
1994,1,3,0,0,0.8878470063209534,12.433099746704102,255,10.676899909973145,9.592300415039062,144760,16.125999450683594,4.576990127563477,0.3346099853515625
1994,1,3,3,0,0.9013389945030212,12.708900451660156,265,11.128499984741211,10.1875,132284,16.125999450683594,4.317299842834473,0.31428998708724976
1994,1,3,6,0,0.9107279777526855,12.861100196838379,265,11.406999588012695,10.515600204467773,119991,16.125999450683594,4.081570148468018,0.29673999547958374
1994,1,3,9,0,0.916907012462616,12.88129997253418,265,11.535900115966797,10.699700355529785,108525,16.125999450683594,3.8772599697113037,0.2845099866390228
1994,1,3,12,0,0.9188169836997986,12.791299819946289,265,11.51830005645752,10.725899696350098,97516,16.125999450683594,3.690340042114258,0.27834001183509827
1994,1,3,15,0,0.9146299958229065,12.61050033569336,265,11.395700454711914,10.641900062561035,87040,14.659700393676758,3.5168299674987793,0.27577999234199524
1994,1,3,18,0,0.9082880020141602,12.387900352478027,265,11.218899726867676,10.492500305175781,76598,14.659700393676758,3.335700035095215,0.2755500078201294
1994,1,3,21,0,0.905584990978241,12.15410041809082,265,10.862199783325195,9.843899726867676,66021,14.659700393676758,3.132200002670288,0.2820799946784973
1994,1,4,0,0,0.8962900042533875,11.714099884033203,265,10.152000427246094,8.946800231933594,59832,14.659700393676758,3.044290065765381,0.30983999371528625
1994,1,4,3,0,0.8803899884223938,10.958800315856934,265,8.630800247192383,7.021299839019775,57588,14.659700393676758,3.09483003616333,0.37081000208854675
1994,1,4,6,0,0.8028330206871033,9.288599967956543,235,7.652599811553955,6.648099899291992,84099,14.659700393676758,4.141499996185303,0.3901199996471405
1994,1,4,9,0,0.7878310084342957,9.630399703979492,235,8.293399810791016,7.385799884796143,90944,9.101699829101562,4.238120079040527,0.3374199867248535
1994,1,4,12,0,0.8005549907684326,9.56029987335205,235,8.228500366210938,7.293000221252441,91813,10.01200008392334,4.278560161590576,0.330130010843277
1994,1,4,15,0,0.8254789710044861,10.211799621582031,235,9.251999855041504,8.63230037689209,92684,10.01200008392334,4.145080089569092,0.2776300013065338
1994,1,4,18,0,0.8227049708366394,10.34160041809082,235,9.33080005645752,8.616499900817871,76256,11.013500213623047,3.730720043182373,0.27507999539375305
1994,1,4,21,0,0.8113139867782593,10.250900268554688,235,9.243599891662598,8.563899993896484,62201,10.01200008392334,3.3866899013519287,0.28029000759124756
1994,1,5,0,0,0.8051139712333679,10.17300033569336,235,9.103099822998047,8.339300155639648,52424,10.01200008392334,3.121959924697876,0.2861199975013733
1994,1,5,3,0,0.8070970177650452,10.03499984741211,245,8.950799942016602,8.19890022277832,46138,10.01200008392334,2.9512999057769775,0.291949987411499
1994,1,5,6,0,0.8127779960632324,9.943499565124512,245,8.976099967956543,8.363499641418457,42118,10.01200008392334,2.8373000621795654,0.2844099998474121
1994,1,5,9,0,0.8230890035629272,9.869799613952637,245,9.00409984588623,8.479999542236328,38740,10.01200008392334,2.736599922180176,0.2726300060749054
1994,1,5,12,0,0.8376979827880859,9.776700019836426,245,8.987299919128418,8.505499839782715,35978,10.01200008392334,2.655900001525879,0.2611599862575531
1994,1,5,15,0,0.8517249822616577,9.511500358581543,245,8.478899955749512,7.616099834442139,34332,10.01200008392334,2.6374800205230713,0.2727699875831604
1994,1,5,18,0,0.8649060130119324,8.887200355529785,255,7.685100078582764,6.796999931335449,35575,11.013500213623047,2.7879199981689453,0.31108999252319336
1994,1,5,21,0,0.8898860216140747,8.991000175476074,255,7.848999977111816,6.997700214385986,36973,11.013500213623047,2.824700117111206,0.30254998803138733
1994,1,6,0,0,0.9075999855995178,8.928999900817871,265,7.674499988555908,6.755799770355225,40850,11.013500213623047,2.977530002593994,0.3167499899864197
1994,1,6,3,0,0.9112690091133118,8.788200378417969,265,7.593500137329102,6.7270002365112305,50882,11.013500213623047,3.356529951095581,0.3149600028991699
1994,1,6,6,0,0.9186620116233826,8.990599632263184,275,7.7941999435424805,6.8958001136779785,51337,11.013500213623047,3.3292601108551025,0.30709999799728394
1994,1,6,9,0,0.9293439984321594,9.264200210571289,275,8.188799858093262,7.380199909210205,44468,11.013500213623047,3.0482699871063232,0.2922700047492981
1994,1,6,12,0,0.9365929961204529,9.4576997756958,275,8.415900230407715,7.629899978637695,36136,10.01200008392334,2.7154700756073,0.2899700105190277
1994,1,6,15,0,0.9395930171012878,9.529899597167969,275,8.460800170898438,7.669899940490723,30111,10.01200008392334,2.4658000469207764,0.2988100051879883
1994,1,6,18,0,0.9410949945449829,9.648699760437012,275,8.621199607849121,7.961299896240234,25747,10.01200008392334,2.2608399391174316,0.3057999908924103
1994,1,6,21,0,0.9414929747581482,9.798399925231934,275,8.719900131225586,8.064299583435059,22402,10.01200008392334,2.085860013961792,0.31575000286102295
1994,1,7,0,0,0.9416980147361755,9.952799797058105,275,8.812399864196777,8.137700080871582,19890,14.659700393676758,1.943600058555603,0.3229900002479553
1994,1,7,3,0,0.9418249726295471,10.073200225830078,275,8.883299827575684,8.186300277709961,17825,14.659700393676758,1.8239099979400635,0.32607999444007874
1994,1,7,6,0,0.9415029883384705,10.114899635314941,275,8.608599662780762,7.373000144958496,16190,14.659700393676758,1.7309399843215942,0.331030011177063
1994,1,7,9,0,0.9252449870109558,9.434100151062012,275,7.2017998695373535,5.851200103759766,15794,14.659700393676758,1.7690800428390503,0.40985000133514404
1994,1,7,12,0,0.9017990231513977,8.905599594116211,275,6.618000030517578,5.425899982452393,15839,14.659700393676758,1.8246899843215942,0.45396000146865845
1994,1,7,15,0,0.8932979702949524,8.847100257873535,275,6.667600154876709,5.532400131225586,15072,14.659700393676758,1.7863600254058838,0.45340999960899353
1994,1,7,18,0,0.8696100115776062,8.44909954071045,275,6.298299789428711,5.23799991607666,14941,13.326800346374512,1.8245099782943726,0.47367000579833984
1994,1,7,21,0,0.7966700196266174,7.535200119018555,265,5.687699794769287,4.83050012588501,17684,13.326800346374512,2.1185600757598877,0.4997600018978119
1994,1,8,0,0,0.7224990129470825,7.3292999267578125,245,5.882900238037109,5.107500076293945,22934,13.326800346374512,2.4669299125671387,0.4447900056838989
1994,1,8,3,0,0.7205389738082886,7.524799823760986,235,6.225599765777588,5.422399997711182,26967,7.5218000411987305,2.6538500785827637,0.38760998845100403
1994,1,8,6,0,0.7545130252838135,7.988699913024902,235,6.805799961090088,5.975299835205078,29639,8.274100303649902,2.7018799781799316,0.33970001339912415
1994,1,8,9,0,0.7695159912109375,8.36359977722168,235,7.287799835205078,6.502600193023682,28496,8.274100303649902,2.585599899291992,0.3136500120162964
1994,1,8,12,0,0.7815210223197937,8.611300468444824,235,7.479100227355957,6.6350998878479,28960,8.274100303649902,2.562880039215088,0.3096100091934204
1994,1,8,15,0,0.8089569807052612,8.8996000289917,235,7.873199939727783,7.103600025177002,35329,10.01200008392334,2.7803800106048584,0.29010000824928284
1994,1,8,18,0,0.8236950039863586,9.370400428771973,235,8.546099662780762,7.955999851226807,39889,11.013500213623047,2.871419906616211,0.2587200105190277
1994,1,8,21,0,0.8412879705429077,9.74779987335205,235,8.950400352478027,8.35159969329834,41776,11.013500213623047,2.8705999851226807,0.24605000019073486
1994,1,9,0,0,0.8636900186538696,10.062299728393555,235,9.259300231933594,8.64050006866455,43383,11.013500213623047,2.868489980697632,0.24143999814987183
1994,1,9,3,0,0.8844820261001587,10.2677001953125,235,9.190899848937988,8.22249984741211,46360,12.114999771118164,2.9233500957489014,0.25929000973701477
1994,1,9,6,0,0.9022759795188904,10.653200149536133,235,9.563899993896484,8.633399963378906,50565,12.114999771118164,2.981260061264038,0.2633900046348572
1994,1,9,9,0,0.9117730259895325,11.162500381469727,245,10.236499786376953,9.586600303649902,54941,12.114999771118164,3.0183498859405518,0.2536500096321106
1994,1,9,12,0,0.9207140207290649,11.493399620056152,245,10.604299545288086,10.03380012512207,58860,14.659700393676758,3.065690040588379,0.24767999351024628
1994,1,9,15,0,0.9242669939994812,11.493300437927246,245,10.55519962310791,9.929900169372559,58634,13.326800346374512,3.0571200847625732,0.24859000742435455
1994,1,9,18,0,0.9233229756355286,11.236200332641602,255,10.199700355529785,9.43019962310791,53228,13.326800346374512,2.9521899223327637,0.25606000423431396
1994,1,9,21,0,0.92398601770401,10.895600318908691,255,9.877799987792969,9.184499740600586,45795,13.326800346374512,2.791440010070801,0.2625100016593933
1994,1,10,0,0,0.9213280081748962,10.621199607849121,255,9.652700424194336,9.02400016784668,38679,12.114999771118164,2.6081199645996094,0.26460000872612
1994,1,10,3,0,0.9173920154571533,10.43179988861084,255,9.513199806213379,8.93239974975586,33139,12.114999771118164,2.4432599544525146,0.26438000798225403
1994,1,10,6,0,0.9137780070304871,10.321800231933594,255,9.432700157165527,8.866999626159668,30408,12.114999771118164,2.3573899269104004,0.2635599970817566
1994,1,10,9,0,0.9099879860877991,10.221500396728516,265,9.282999992370605,8.580400466918945,29281,11.013500213623047,2.3277699947357178,0.26600998640060425
1994,1,10,12,0,0.9071019887924194,9.930399894714355,265,8.63700008392334,7.526100158691406,28043,11.013500213623047,2.3151400089263916,0.2922399938106537
1994,1,10,15,0,0.859250009059906,8.584799766540527,255,6.798999786376953,5.70959997177124,28788,11.013500213623047,2.5377299785614014,0.39598000049591064
1994,1,10,18,0,0.8077899813652039,7.857399940490723,245,6.537199974060059,5.714700222015381,34538,8.274100303649902,2.933650016784668,0.38005998730659485
1994,1,10,21,0,0.7870619893074036,7.883399963378906,235,6.697400093078613,5.912499904632568,38949,8.274100303649902,3.118849992752075,0.35510000586509705
1994,1,11,0,0,0.7982519865036011,8.720499992370605,245,7.757599830627441,7.156599998474121,34634,8.274100303649902,2.781369924545288,0.31657999753952026
1994,1,11,3,0,0.8195310235023499,9.140000343322754,255,8.25220012664795,7.731100082397461,32820,9.101699829101562,2.636320114135742,0.30028000473976135
1994,1,11,6,0,0.8366850018501282,9.381500244140625,255,8.537799835205078,8.053899765014648,32367,10.01200008392334,2.5795199871063232,0.28826001286506653
1994,1,11,9,0,0.8541420102119446,9.566200256347656,255,8.734999656677246,8.257599830627441,32541,10.01200008392334,2.55679988861084,0.2809399962425232
1994,1,11,12,0,0.8695809841156006,9.711000442504883,265,8.87559986114502,8.392800331115723,32529,10.01200008392334,2.532910108566284,0.27709001302719116
1994,1,11,15,0,0.885608971118927,9.889900207519531,265,9.036399841308594,8.538299560546875,32468,12.114999771118164,2.501800060272217,0.2750200033187866
1994,1,11,18,0,0.9000359773635864,10.145500183105469,265,9.262800216674805,8.741000175476074,33611,12.114999771118164,2.5051701068878174,0.2742699980735779
1994,1,11,21,0,0.9112550020217896,10.36929988861084,265,9.42389965057373,8.824000358581543,34752,13.326800346374512,2.5127100944519043,0.2768400013446808
1994,1,12,0,0,0.9131569862365723,10.218600273132324,265,8.652199745178223,7.393099784851074,34757,13.326800346374512,2.5303099155426025,0.32565000653266907
1994,1,12,3,0,0.8820430040359497,9.123100280761719,255,7.122799873352051,5.953700065612793,35756,12.114999771118164,2.7288599014282227,0.42271000146865845
1994,1,12,6,0,0.8426780104637146,8.458000183105469,245,6.785399913787842,5.854300022125244,41454,12.114999771118164,3.075089931488037,0.44457998871803284
1994,1,12,9,0,0.8360210061073303,8.850700378417969,245,7.206900119781494,6.27810001373291,40944,12.114999771118164,2.9856200218200684,0.44154998660087585
1994,1,12,12,0,0.8700860142707825,9.6943998336792,255,8.228899955749512,7.4446001052856445,38999,12.114999771118164,2.7726500034332275,0.40564000606536865
1994,1,12,15,0,0.8951460123062134,10.430800437927246,265,8.977100372314453,8.239500045776367,43241,12.114999771118164,2.8005499839782715,0.3901999890804291
1994,1,12,18,0,0.9118639826774597,10.768799781799316,265,9.344900131225586,8.621199607849121,45270,12.114999771118164,2.812380075454712,0.3756699860095978
1994,1,12,21,0,0.9218260049819946,11.00160026550293,265,9.611499786376953,8.881799697875977,46394,12.114999771118164,2.8080899715423584,0.3586899936199188
1994,1,13,0,0,0.9270989894866943,11.347299575805664,265,9.892200469970703,9.12279987335205,48265,17.73889923095703,2.807810068130493,0.35429999232292175
1994,1,13,3,0,0.9285119771957397,11.407899856567383,265,9.926400184631348,9.139900207519531,46019,17.73889923095703,2.7309799194335938,0.353630006313324
1994,1,13,6,0,0.929436981678009,11.377099990844727,265,9.86340045928955,9.013400077819824,42956,11.013500213623047,2.6400198936462402,0.35172998905181885
1994,1,13,9,0,0.930046021938324,11.409199714660645,265,9.736499786376953,8.669699668884277,41084,16.125999450683594,2.573460102081299,0.3547300100326538
1994,1,13,12,0,0.9308149814605713,11.403200149536133,265,9.663100242614746,8.544599533081055,38572,16.125999450683594,2.4916601181030273,0.35738998651504517
1994,1,13,15,0,0.9323089718818665,11.333900451660156,265,9.520500183105469,8.296199798583984,36101,16.125999450683594,2.4175500869750977,0.3590199947357178
1994,1,13,18,0,0.9346939921379089,11.29699993133545,265,9.527400016784668,8.34630012512207,34208,16.125999450683594,2.357640027999878,0.35596999526023865
1994,1,13,21,0,0.9375759959220886,11.321499824523926,265,9.697699546813965,8.669899940490723,32919,14.659700393676758,2.3110499382019043,0.3467400074005127
1994,1,14,0,0,0.93961101770401,11.3681001663208,265,9.846799850463867,8.913200378417969,32433,14.659700393676758,2.2893099784851074,0.3377000093460083
1994,1,14,3,0,0.9407619833946228,11.442399978637695,265,9.961700439453125,9.064000129699707,32294,14.659700393676758,2.2759499549865723,0.3326900005340576
1994,1,14,6,0,0.9416499733924866,11.520099639892578,265,10.043499946594238,9.156700134277344,31957,14.659700393676758,2.2554099559783936,0.332040011882782
1994,1,14,9,0,0.9426000118255615,11.563899993896484,265,10.092100143432617,9.215999603271484,31250,14.659700393676758,2.2257800102233887,0.332040011882782
1994,1,14,12,0,0.9437680244445801,11.62720012664795,265,10.156399726867676,9.285499572753906,30755,12.114999771118164,2.2009100914001465,0.3311600089073181
1994,1,14,15,0,0.9449080228805542,11.70829963684082,265,10.229900360107422,9.353799819946289,30307,17.73889923095703,2.1751201152801514,0.3296299874782562
1994,1,14,18,0,0.9457929730415344,11.750399589538574,265,10.270600318908691,9.38860034942627,29375,17.73889923095703,2.135730028152466,0.3271600008010864
1994,1,14,21,0,0.9467149972915649,11.775500297546387,265,10.312299728393555,9.432900428771973,28378,16.125999450683594,2.0950000286102295,0.3218500018119812
1994,1,15,0,0,0.9479770064353943,11.802800178527832,265,10.371500015258789,9.49209976196289,27557,16.125999450683594,2.060120105743408,0.31360000371932983
1994,1,15,3,0,0.9490339756011963,11.784099578857422,265,10.400400161743164,9.523099899291992,26445,14.659700393676758,2.0191800594329834,0.30441001057624817
1994,1,15,6,0,0.9498839974403381,11.694600105285645,265,10.361100196838379,9.481100082397461,25179,14.659700393676758,1.979200005531311,0.29677000641822815
1994,1,15,9,0,0.9506570100784302,11.44950008392334,265,9.826800346374512,8.355299949645996,25111,14.659700393676758,2.001120090484619,0.2990899980068207
1994,1,15,12,0,0.9522640109062195,10.876999855041504,265,8.775400161743164,7.119800090789795,28240,13.326800346374512,2.1832098960876465,0.33399999141693115
1994,1,15,15,0,0.9520840048789978,10.421899795532227,265,8.661499977111816,7.4105000495910645,36089,13.326800346374512,2.531909942626953,0.3404200077056885
1994,1,15,18,0,0.9498929977416992,10.707799911499023,265,9.029899597167969,7.762700080871582,44072,13.326800346374512,2.7562201023101807,0.3225499987602234
1994,1,15,21,0,0.9466249942779541,10.798399925231934,275,8.946700096130371,7.586599826812744,59288,13.326800346374512,3.174259901046753,0.33256998658180237
1994,1,16,0,0,0.9477490186691284,10.73390007019043,275,9.191900253295898,8.044500350952148,68121,13.326800346374512,3.421060085296631,0.30972999334335327
1994,1,16,3,0,0.9477890133857727,10.718700408935547,275,9.571999549865723,8.74839973449707,64566,13.326800346374512,3.345410108566284,0.2753100097179413
1994,1,16,6,0,0.946599006652832,10.643699645996094,275,9.713800430297852,9.078100204467773,55682,12.114999771118164,3.12814998626709,0.25407999753952026
1994,1,16,9,0,0.9449660181999207,10.512100219726562,275,9.675700187683105,9.096799850463867,46971,12.114999771118164,2.900019884109497,0.2433599978685379
1994,1,16,12,0,0.9427090287208557,10.331600189208984,275,9.542099952697754,8.986200332641602,39466,12.114999771118164,2.6899099349975586,0.2389499992132187
1994,1,16,15,0,0.9402409791946411,10.105600357055664,275,9.309900283813477,8.699700355529785,32866,11.013500213623047,2.4903500080108643,0.23923000693321228
1994,1,16,18,0,0.937716007232666,9.887200355529785,275,9.084699630737305,8.461899757385254,27222,11.013500213623047,2.29790997505188,0.24246999621391296
1994,1,16,21,0,0.935034990310669,9.697600364685059,275,8.947699546813965,8.437000274658203,22181,10.01200008392334,2.0995500087738037,0.24542999267578125
1994,1,17,0,0,0.9314010143280029,9.50629997253418,275,8.773799896240234,8.303799629211426,17797,10.01200008392334,1.9036099910736084,0.2506900131702423
1994,1,17,3,0,0.9266409873962402,9.324799537658691,275,8.571900367736816,8.111800193786621,14071,11.013500213623047,1.7118099927902222,0.26335999369621277
1994,1,17,6,0,0.9212830066680908,9.206199645996094,275,8.387900352478027,7.914299964904785,11254,11.013500213623047,1.5421099662780762,0.28905999660491943
1994,1,17,9,0,0.9165589809417725,9.120699882507324,275,8.20989990234375,7.706900119781494,9365,11.013500213623047,1.4134199619293213,0.3174999952316284
1994,1,17,12,0,0.9200310111045837,9.181500434875488,275,8.044300079345703,7.444300174713135,9309,11.013500213623047,1.3996599912643433,0.3634200096130371
1994,1,17,15,0,0.9330629706382751,9.674099922180176,275,8.249300003051758,7.493000030517578,11609,11.013500213623047,1.5108400583267212,0.3928599953651428
1994,1,17,18,0,0.945406973361969,10.227899551391602,275,8.74530029296875,7.902900218963623,15498,13.326800346374512,1.6868400573730469,0.3725399971008301
1994,1,17,21,0,0.9534369707107544,10.728500366210938,265,9.306699752807617,8.445099830627441,20421,13.326800346374512,1.8814300298690796,0.3427099883556366
1994,1,18,0,0,0.9603639841079712,11.235799789428711,265,9.835100173950195,8.970399856567383,25739,13.326800346374512,2.0549800395965576,0.3277699947357178
1994,1,18,3,0,0.9646250009536743,11.510700225830078,265,10.149100303649902,9.3056001663208,29085,13.326800346374512,2.1537299156188965,0.3178099989891052
1994,1,18,6,0,0.9667260050773621,11.585800170898438,265,10.293000221252441,9.483499526977539,30311,13.326800346374512,2.189810037612915,0.3061800003051758
1994,1,18,9,0,0.9667069911956787,11.711199760437012,265,10.451000213623047,9.652299880981445,31862,16.125999450683594,2.2288599014282227,0.2965100109577179
1994,1,18,12,0,0.9656199812889099,11.773200035095215,265,10.525400161743164,9.734800338745117,33279,16.125999450683594,2.269239902496338,0.29221999645233154
1994,1,18,15,0,0.9641950130462646,11.602499961853027,265,10.409899711608887,9.659000396728516,33055,16.125999450683594,2.2816998958587646,0.2883700132369995
1994,1,18,18,0,0.9622759819030762,11.350199699401855,265,10.248700141906738,9.55049991607666,32137,14.659700393676758,2.2806999683380127,0.2795099914073944
1994,1,18,21,0,0.9598829746246338,11.172499656677246,265,10.151800155639648,9.496899604797363,31654,14.659700393676758,2.2860400676727295,0.26916998624801636
1994,1,19,0,0,0.9579570293426514,10.99429988861084,265,10.020999908447266,9.399900436401367,30579,14.659700393676758,2.269850015640259,0.2650800049304962
1994,1,19,3,0,0.956184983253479,10.725099563598633,265,9.775899887084961,9.18019962310791,27758,13.326800346374512,2.1965999603271484,0.2665500044822693
1994,1,19,6,0,0.9535340070724487,10.397199630737305,265,9.466500282287598,8.88759994506836,23982,13.326800346374512,2.0819499492645264,0.26881998777389526
1994,1,19,9,0,0.9496250152587891,10.1072998046875,255,9.188599586486816,8.61520004272461,20692,13.326800346374512,1.9684900045394897,0.27048999071121216
1994,1,19,12,0,0.9433680176734924,9.918800354003906,255,9.007699966430664,8.435400009155273,18320,13.326800346374512,1.8744800090789795,0.27233999967575073
1994,1,19,15,0,0.9341059923171997,9.790200233459473,265,8.893500328063965,8.33240032196045,16617,12.114999771118164,1.800510048866272,0.27483001351356506
1994,1,19,18,0,0.9230080246925354,9.689900398254395,265,8.813400268554688,8.270899772644043,15383,12.114999771118164,1.7447999715805054,0.27768999338150024
1994,1,19,21,0,0.9111210107803345,9.682999610900879,265,8.808600425720215,8.276599884033203,14778,11.013500213623047,1.7124600410461426,0.2837800085544586
1994,1,20,0,0,0.9011240005493164,9.734999656677246,265,8.854100227355957,8.325599670410156,14441,11.013500213623047,1.6887199878692627,0.2895900011062622
1994,1,20,3,0,0.8946800231933594,9.851799964904785,265,8.894000053405762,8.265000343322754,14093,11.013500213623047,1.656849980354309,0.3023200035095215
1994,1,20,6,0,0.8752440214157104,9.250499725341797,275,6.957600116729736,5.490099906921387,13961,11.013500213623047,1.7009799480438232,0.40808001160621643
1994,1,20,9,0,0.8732590079307556,9.514699935913086,275,7.1768999099731445,5.666999816894531,13201,11.013500213623047,1.6262400150299072,0.4210599958896637
1994,1,20,12,0,0.8697929978370667,9.703300476074219,275,6.975100040435791,5.423999786376953,12969,10.01200008392334,1.588230013847351,0.46031999588012695
1994,1,20,15,0,0.8794289827346802,10.214900016784668,275,7.080999851226807,5.365900039672852,13045,16.125999450683594,1.5422899723052979,0.47123000025749207
1994,1,20,18,0,0.8606200218200684,10.181099891662598,275,6.749000072479248,4.979599952697754,13753,16.125999450683594,1.5818400382995605,0.49107998609542847
1994,1,20,21,0,0.8090599775314331,10.092100143432617,265,7.607800006866455,6.3358001708984375,16495,16.125999450683594,1.7402299642562866,0.4866099953651428
1994,1,21,0,0,0.790287971496582,10.416399955749512,265,7.937600135803223,6.6869001388549805,18609,16.125999450683594,1.8117200136184692,0.4756700098514557
1994,1,21,3,0,0.7996299862861633,10.701700210571289,265,8.017800331115723,6.606200218200684,21023,16.125999450683594,1.8918399810791016,0.46931999921798706
1994,1,21,6,0,0.8022040128707886,10.575799942016602,265,7.795000076293945,6.3043999671936035,25187,16.125999450683594,2.0830700397491455,0.4712199866771698
1994,1,21,9,0,0.8021569848060608,10.510199546813965,255,8.308099746704102,7.063499927520752,30877,14.659700393676758,2.323539972305298,0.4330199956893921
1994,1,21,12,0,0.8103039860725403,10.565799713134766,255,8.724200248718262,7.539400100708008,38678,14.659700393676758,2.6031200885772705,0.38541001081466675
1994,1,21,15,0,0.8190680146217346,10.357799530029297,245,8.724499702453613,7.601399898529053,48597,14.659700393676758,2.9587700366973877,0.35784000158309937
1994,1,21,18,0,0.8167470097541809,10.223899841308594,235,8.595600128173828,7.420499801635742,57241,14.659700393676758,3.2367100715637207,0.34485000371932983
1994,1,21,21,0,0.8154270052909851,10.10949993133545,235,8.5246000289917,7.3471999168396,59886,14.659700393676758,3.3342299461364746,0.33476001024246216
1994,1,22,0,0,0.8098819851875305,9.888299942016602,225,8.303600311279297,7.145500183105469,60193,11.013500213623047,3.3864200115203857,0.33618998527526855
1994,1,22,3,0,0.8112990260124207,9.717300415039062,225,8.177200317382812,7.047599792480469,58647,11.013500213623047,3.3793299198150635,0.3331499993801117
1994,1,22,6,0,0.803305983543396,9.657600402832031,225,8.156399726867676,7.03380012512207,54157,11.013500213623047,3.2613000869750977,0.32717999815940857
1994,1,22,9,0,0.7925999760627747,9.625499725341797,225,8.226699829101562,7.173399925231934,47414,11.013500213623047,3.0607900619506836,0.3174700140953064
1994,1,22,12,0,0.7843310236930847,9.493200302124023,225,8.107000350952148,7.043900012969971,41009,11.013500213623047,2.871929883956909,0.3154999911785126
1994,1,22,15,0,0.7875019907951355,9.6003999710083,225,8.394700050354004,7.441199779510498,36626,11.013500213623047,2.700700044631958,0.2948099970817566
1994,1,22,18,0,0.8101019859313965,9.79640007019043,225,8.517900466918945,7.3958001136779785,37231,11.013500213623047,2.6914100646972656,0.28450000286102295
1994,1,22,21,0,0.8362699747085571,9.88230037689209,225,8.567500114440918,7.394499778747559,40476,12.114999771118164,2.791569948196411,0.2809099853038788
1994,1,23,0,0,0.8476409912109375,9.57979965209961,225,8.293399810791016,7.182199954986572,38521,11.013500213623047,2.776930093765259,0.28494998812675476
1994,1,23,3,0,0.8532509803771973,8.931500434875488,225,7.568600177764893,6.519400119781494,35774,11.013500213623047,2.7882699966430664,0.3122900128364563
1994,1,23,6,0,0.8574090003967285,8.641599655151367,225,7.404399871826172,6.466100215911865,34994,10.01200008392334,2.814470052719116,0.3101699948310852
1994,1,23,9,0,0.8502640128135681,8.83240032196045,225,7.85260009765625,7.106900215148926,29593,10.01200008392334,2.561739921569824,0.28134000301361084
1994,1,23,12,0,0.8380140066146851,8.934900283813477,225,8.085000038146973,7.457099914550781,24932,10.01200008392334,2.3385798931121826,0.26725998520851135
1994,1,23,15,0,0.822409987449646,8.994500160217285,225,8.190799713134766,7.607100009918213,22027,10.01200008392334,2.1899800300598145,0.26381999254226685
1994,1,23,18,0,0.8052809834480286,9.063599586486816,225,8.221799850463867,7.576399803161621,20497,9.101699829101562,2.102099895477295,0.26701000332832336
1994,1,23,21,0,0.7900530099868774,9.060600280761719,235,8.009400367736816,7.104800224304199,19859,9.101699829101562,2.067080020904541,0.28110000491142273
1994,1,24,0,0,0.7838039994239807,8.920999526977539,235,7.681700229644775,6.680799961090088,20003,9.101699829101562,2.0894899368286133,0.3046000003814697
1994,1,24,3,0,0.7807620167732239,8.713700294494629,235,7.348999977111816,6.306000232696533,20230,9.101699829101562,2.1266000270843506,0.3255000114440918
1994,1,24,6,0,0.7812070250511169,8.619500160217285,235,7.301700115203857,6.308599948883057,20134,9.101699829101562,2.133579969406128,0.3301999866962433
1994,1,24,9,0,0.7861049771308899,8.620699882507324,235,7.222099781036377,6.166299819946289,21417,9.101699829101562,2.200629949569702,0.33640000224113464
1994,1,24,12,0,0.8009340167045593,9.378100395202637,235,7.980899810791016,6.920400142669678,27306,9.101699829101562,2.3632900714874268,0.3423500061035156
1994,1,24,15,0,0.8333079814910889,10.969799995422363,245,9.421799659729004,8.325200080871582,45468,14.659700393676758,2.764090061187744,0.3356800079345703
1994,1,24,18,0,0.8796409964561462,12.19540023803711,255,10.735300064086914,9.604900360107422,74946,14.659700393676758,3.3266899585723877,0.29093000292778015
1994,1,24,21,0,0.8980110287666321,12.72599983215332,265,11.54010009765625,10.6983003616333,95514,14.659700393676758,3.6626899242401123,0.2606300115585327
1994,1,25,0,0,0.9021300077438354,12.799200057983398,265,11.748200416564941,11.02810001373291,97664,14.659700393676758,3.691849946975708,0.24794000387191772
1994,1,25,3,0,0.8983759880065918,12.647199630737305,265,11.666899681091309,11.018600463867188,88140,14.659700393676758,3.532939910888672,0.24375000596046448
1994,1,25,6,0,0.8929110169410706,12.414999961853027,275,11.467300415039062,10.852299690246582,76491,14.659700393676758,3.3284599781036377,0.2431900054216385
1994,1,25,9,0,0.8896250128746033,12.121800422668457,275,11.197400093078613,10.60890007019043,66086,14.659700393676758,3.139739990234375,0.24469000101089478
1994,1,25,12,0,0.8840799927711487,11.791999816894531,275,10.907600402832031,10.35219955444336,57699,13.326800346374512,2.985229969024658,0.24435999989509583
1994,1,25,15,0,0.8775830268859863,11.477700233459473,275,10.65429973602295,10.141500473022461,51251,13.326800346374512,2.8631999492645264,0.24062000215053558
1994,1,25,18,0,0.8639659881591797,11.159000396728516,275,10.402099609375,9.936800003051758,45800,13.326800346374512,2.757390022277832,0.23623999953269958
1994,1,25,21,0,0.8475930094718933,10.900500297546387,265,10.192899703979492,9.763500213623047,41234,12.114999771118164,2.657210111618042,0.23305000364780426
1994,1,26,0,0,0.8298619985580444,10.637100219726562,265,9.96780014038086,9.566499710083008,35936,12.114999771118164,2.5209200382232666,0.23128999769687653
1994,1,26,3,0,0.8097479939460754,10.352299690246582,265,9.722000122070312,9.347000122070312,30486,11.013500213623047,2.3638699054718018,0.22925999760627747
1994,1,26,6,0,0.7971199750900269,10.090800285339355,265,9.478799819946289,9.12030029296875,25369,11.013500213623047,2.1928200721740723,0.23249000310897827
1994,1,26,9,0,0.7976589798927307,9.900500297546387,265,9.258099555969238,8.899100303649902,20891,10.01200008392334,2.0146100521087646,0.25106000900268555
1994,1,26,12,0,0.8080400228500366,9.875699996948242,265,9.100600242614746,8.713199615478516,17507,10.01200008392334,1.8481899499893188,0.2992599904537201
1994,1,26,15,0,0.8275370001792908,10.229299545288086,265,9.117400169372559,8.64430046081543,15881,9.101699829101562,1.7245999574661255,0.37720999121665955
1994,1,26,18,0,0.8579879999160767,11.075900077819824,275,9.445500373840332,8.805000305175781,16414,21.46489906311035,1.6714500188827515,0.4318599998950958
1994,1,26,21,0,0.8996310234069824,12.427900314331055,275,10.281399726867676,9.3725004196167,20626,19.513200759887695,1.7474000453948975,0.4276300072669983
1994,1,27,0,0,0.9311180114746094,13.399100303649902,275,10.99209976196289,9.68239974975586,30548,19.513200759887695,2.0288000106811523,0.39169999957084656
1994,1,27,3,0,0.9465600252151489,13.612700462341309,275,11.27299976348877,9.873800277709961,45191,17.73889923095703,2.43681001663208,0.36487001180648804
1994,1,27,6,0,0.9558119773864746,13.90779972076416,275,11.854599952697754,10.49940013885498,61158,17.73889923095703,2.793600082397461,0.32686999440193176
1994,1,27,9,0,0.9603509902954102,14.001299858093262,275,12.273799896240234,11.08329963684082,73480,17.73889923095703,3.0454399585723877,0.29635998606681824
1994,1,27,12,0,0.9627159833908081,13.896599769592285,275,12.4128999710083,11.392600059509277,79563,17.73889923095703,3.178839921951294,0.2768700122833252
1994,1,27,15,0,0.9643840193748474,13.736100196838379,275,12.412500381469727,11.499899864196777,79944,16.125999450683594,3.204699993133545,0.26302000880241394
1994,1,27,18,0,0.9652360081672668,13.506999969482422,275,12.293499946594238,11.452199935913086,74619,16.125999450683594,3.1244499683380127,0.2537899911403656
1994,1,27,21,0,0.9653189778327942,13.194899559020996,275,12.0625,11.277400016784668,65274,16.125999450683594,2.9614899158477783,0.24821999669075012
1994,1,28,0,0,0.9649900197982788,12.861700057983398,275,11.780500411987305,11.035200119018555,55065,16.125999450683594,2.761359930038452,0.24619999527931213
1994,1,28,3,0,0.9642000198364258,12.505200386047363,275,11.448100090026855,10.727800369262695,45092,14.659700393676758,2.5417399406433105,0.24827000498771667
1994,1,28,6,0,0.9632250070571899,12.142600059509277,275,11.119799613952637,10.428099632263184,37039,14.659700393676758,2.3455700874328613,0.24853000044822693
1994,1,28,9,0,0.9632149934768677,11.884200096130371,275,10.850799560546875,10.1274995803833,33549,14.659700393676758,2.261590003967285,0.24821999669075012
1994,1,28,12,0,0.9643170237541199,11.661700248718262,285,10.587200164794922,9.799799919128418,33048,14.659700393676758,2.2711400985717773,0.2513200044631958
1994,1,28,15,0,0.9654369950294495,11.544099807739258,275,10.548199653625488,9.795999526977539,32515,13.326800346374512,2.2694900035858154,0.24311000108718872
1994,1,28,18,0,0.9669950008392334,11.49779987335205,275,10.598899841308594,9.894000053405762,32240,13.326800346374512,2.2681899070739746,0.23170000314712524
1994,1,28,21,0,0.968451976776123,11.529999732971191,275,10.699600219726562,10.06980037689209,32227,13.326800346374512,2.266540050506592,0.22713999450206757
1994,1,29,0,0,0.9696159958839417,11.694600105285645,275,10.842900276184082,10.227999687194824,32328,12.114999771118164,2.252609968185425,0.23736000061035156
1994,1,29,3,0,0.9712409973144531,12.129599571228027,275,11.20479965209961,10.583000183105469,35047,12.114999771118164,2.292720079421997,0.24866999685764313
1994,1,29,6,0,0.9723269939422607,12.57509994506836,275,11.620499610900879,10.973999977111816,39961,16.125999450683594,2.3918399810791016,0.24451999366283417
1994,1,29,9,0,0.9725109934806824,12.695300102233887,275,11.777799606323242,11.146499633789062,41890,14.659700393676758,2.4334099292755127,0.23652000725269318
1994,1,29,12,0,0.9723929762840271,12.674400329589844,275,11.779899597167969,11.168700218200684,40877,14.659700393676758,2.4075300693511963,0.2363400012254715
1994,1,29,15,0,0.9719529747962952,12.617300033569336,275,11.711999893188477,11.112299919128418,37438,14.659700393676758,2.3129100799560547,0.2434999942779541
1994,1,29,18,0,0.9711400270462036,12.559800148010254,275,11.61340045928955,11.012800216674805,32966,13.326800346374512,2.179069995880127,0.25516998767852783
1994,1,29,21,0,0.970346987247467,12.652799606323242,275,11.633000373840332,11.01140022277832,30398,13.326800346374512,2.0851500034332275,0.26761001348495483
1994,1,30,0,0,0.9693139791488647,12.733599662780762,275,11.65369987487793,11.01039981842041,28151,13.326800346374512,1.999709963798523,0.27549999952316284
1994,1,30,3,0,0.9679229855537415,12.841099739074707,275,11.705699920654297,11.032099723815918,26316,12.114999771118164,1.9228999614715576,0.27913999557495117
1994,1,30,6,0,0.9665830135345459,13.023099899291992,275,11.8149995803833,11.071999549865723,25191,16.125999450683594,1.8638399839401245,0.28022000193595886
1994,1,30,9,0,0.9645259976387024,12.986499786376953,275,10.917400360107422,8.450900077819824,23599,16.125999450683594,1.80417001247406,0.2883000075817108
1994,1,30,12,0,0.9466789960861206,12.33810043334961,275,9.010899543762207,6.631499767303467,22644,16.125999450683594,1.8118200302124023,0.36618998646736145
1994,1,30,15,0,0.9350289702415466,12.28030014038086,275,8.700799942016602,6.376100063323975,22078,16.125999450683594,1.7900899648666382,0.38343000411987305
1994,1,30,18,0,0.929062008857727,12.64009952545166,275,9.021100044250488,6.501200199127197,22087,16.125999450683594,1.7597399950027466,0.3637300133705139
1994,1,30,21,0,0.9280800223350525,13.467599868774414,275,10.734100341796875,8.039600372314453,22657,16.125999450683594,1.7205499410629272,0.29295000433921814
1994,1,31,0,0,0.925134003162384,13.909600257873535,265,12.32349967956543,10.46500015258789,23022,14.659700393676758,1.7036199569702148,0.2395399957895279
1994,1,31,3,0,0.9164299964904785,13.864500045776367,265,12.662199974060059,11.249600410461426,22686,14.659700393676758,1.6946899890899658,0.21865999698638916
1994,1,31,6,0,0.904587984085083,13.595000267028809,265,12.469499588012695,11.25979995727539,22111,14.659700393676758,1.6924799680709839,0.2165299952030182
1994,1,31,9,0,0.8970720171928406,13.226099967956543,255,11.9483003616333,10.539199829101562,21329,14.659700393676758,1.6896100044250488,0.22596000134944916
1994,1,31,12,0,0.8934550285339355,12.890800476074219,255,11.520400047302246,10.008899688720703,20411,14.659700393676758,1.6792700290679932,0.23514999449253082
1994,1,31,15,0,0.8980699777603149,12.791500091552734,255,11.648599624633789,10.418899536132812,20144,14.659700393676758,1.6787899732589722,0.22864000499248505
1994,1,31,18,0,0.90447998046875,12.82450008392334,255,11.800299644470215,10.76550006866455,21081,14.659700393676758,1.7189799547195435,0.23510000109672546
1994,1,31,21,0,0.9085519909858704,13.031800270080566,255,11.96150016784668,11.04800033569336,22964,13.326800346374512,1.7852799892425537,0.26743000745773315
1994,2,1,0,0,0.9110249876976013,13.515999794006348,255,12.220000267028809,11.31470012664795,25913,13.326800346374512,1.8671499490737915,0.3091300129890442
1994,2,1,3,0,0.9118620157241821,14.072699546813965,255,12.528599739074707,11.573100090026855,29090,21.46489906311035,1.9391100406646729,0.3305400013923645
1994,2,1,6,0,0.9126489758491516,14.644200325012207,265,12.887499809265137,11.787799835205078,32454,19.513200759887695,2.0022900104522705,0.33125999569892883
1994,2,1,9,0,0.9214379787445068,14.989700317382812,265,13.150400161743164,11.967399597167969,34528,19.513200759887695,2.033720016479492,0.3210900127887726
1994,2,1,12,0,0.9283130168914795,15.171099662780762,265,13.331199645996094,12.10260009765625,36212,19.513200759887695,2.0615200996398926,0.30601000785827637
1994,2,1,15,0,0.9327470064163208,15.159600257873535,265,13.104499816894531,11.34689998626709,37685,17.73889923095703,2.0961101055145264,0.2966200113296509
1994,2,1,18,0,0.9361699819564819,15.083900451660156,265,13.177300453186035,11.534600257873535,37752,17.73889923095703,2.0975799560546875,0.2821100056171417
1994,2,1,21,0,0.93955397605896,14.975199699401855,265,13.243399620056152,11.719599723815918,37205,17.73889923095703,2.0859200954437256,0.2678000032901764
1994,2,2,0,0,0.9426440000534058,14.816399574279785,265,13.276000022888184,11.914899826049805,36081,16.125999450683594,2.0627899169921875,0.2545900046825409
1994,2,2,3,0,0.9449779987335205,14.629199981689453,265,13.319299697875977,12.249199867248535,34999,16.125999450683594,2.043529987335205,0.24101999402046204
1994,2,2,6,0,0.9456040263175964,14.402199745178223,265,13.231499671936035,12.32919979095459,33681,16.125999450683594,2.0209999084472656,0.23208999633789062
1994,2,2,9,0,0.9446110129356384,14.136099815368652,265,13.058600425720215,12.229000091552734,31760,16.125999450683594,1.9831000566482544,0.2264299988746643
1994,2,2,12,0,0.9429540038108826,13.871999740600586,265,12.878199577331543,12.1181001663208,29902,16.125999450683594,1.9453799724578857,0.2215700000524521
1994,2,2,15,0,0.9411640167236328,13.614299774169922,265,12.691699981689453,11.989299774169922,28083,14.659700393676758,1.9063800573349,0.217289999127388
1994,2,2,18,0,0.9393789768218994,13.352999687194824,265,12.492199897766113,11.83650016784668,26071,14.659700393676758,1.8585000038146973,0.2134999930858612
1994,2,2,21,0,0.9372069835662842,13.111100196838379,265,12.2746000289917,11.634099960327148,24015,14.659700393676758,1.804419994354248,0.21446000039577484
1994,2,3,0,0,0.9330250024795532,12.835399627685547,265,11.926799774169922,11.221500396728516,21796,14.659700393676758,1.7427599430084229,0.2269199937582016
1994,2,3,3,0,0.9257329702377319,12.745400428771973,265,11.628199577331543,10.802200317382812,20576,13.326800346374512,1.7050800323486328,0.2621699869632721
1994,2,3,6,0,0.9174320101737976,12.839900016784668,265,11.530900001525879,10.622300148010254,20155,13.326800346374512,1.6858700513839722,0.2945699989795685
1994,2,3,9,0,0.9106780290603638,12.930999755859375,265,11.56410026550293,10.627300262451172,19867,13.326800346374512,1.6683399677276611,0.30206000804901123
1994,2,3,12,0,0.9120349884033203,13.672200202941895,265,12.102399826049805,11.053600311279297,22677,19.513200759887695,1.7272499799728394,0.3109399974346161
1994,2,3,15,0,0.9118459820747375,13.894200325012207,265,12.246600151062012,11.159799575805664,22676,19.513200759887695,1.7115199565887451,0.31360000371932983
1994,2,3,18,0,0.9133099913597107,13.902700424194336,265,12.304499626159668,11.218099594116211,22747,17.73889923095703,1.7087199687957764,0.300709992647171
1994,2,3,21,0,0.9196950197219849,14.247599601745605,275,12.663200378417969,11.533699989318848,25871,17.73889923095703,1.7921299934387207,0.2835499942302704
1994,2,4,0,0,0.9237390160560608,14.173999786376953,275,12.600199699401855,11.465399742126465,26412,17.73889923095703,1.813099980354309,0.27869999408721924
1994,2,4,3,0,0.9228100180625916,13.826000213623047,275,12.293299674987793,11.176799774169922,25590,16.125999450683594,1.806570053100586,0.2748900055885315
1994,2,4,6,0,0.9205629825592041,13.562600135803223,275,12.094900131225586,10.993300437927246,24970,16.125999450683594,1.8014800548553467,0.2670300006866455
1994,2,4,9,0,0.9181659817695618,13.391300201416016,275,12.006400108337402,10.925299644470215,24202,16.125999450683594,1.7853599786758423,0.25808000564575195
1994,2,4,12,0,0.9163089990615845,13.19789981842041,275,11.905500411987305,10.865400314331055,22893,16.125999450683594,1.7512199878692627,0.2507599890232086
1994,2,4,15,0,0.915910005569458,12.96310043334961,275,11.763899803161621,10.780699729919434,21281,14.659700393676758,1.70701003074646,0.2446800023317337
1994,2,4,18,0,0.9179310202598572,12.769499778747559,275,11.65880012512207,10.738800048828125,20015,14.659700393676758,1.6710400581359863,0.23826000094413757
1994,2,4,21,0,0.9212470054626465,12.661100387573242,275,11.624199867248535,10.771699905395508,19248,14.659700393676758,1.6478699445724487,0.2331099957227707
1994,2,5,0,0,0.9244210124015808,12.659799575805664,275,11.661600112915039,10.859199523925781,18987,14.659700393676758,1.637869954109192,0.2323800027370453
1994,2,5,3,0,0.927344024181366,12.789199829101562,275,11.800100326538086,11.032099723815918,19472,14.659700393676758,1.6496100425720215,0.2344300001859665
1994,2,5,6,0,0.9318150281906128,13.016599655151367,275,12.059399604797363,11.324600219726562,21192,13.326800346374512,1.7025200128555298,0.22885000705718994
1994,2,5,9,0,0.9365000128746033,13.179800033569336,275,12.296799659729004,11.60990047454834,23504,14.659700393676758,1.7785999774932861,0.21622000634670258
1994,2,5,12,0,0.9403740167617798,13.167799949645996,275,12.376500129699707,11.740099906921387,25427,14.659700393676758,1.850119948387146,0.20201000571250916
1994,2,5,15,0,0.9424819946289062,13.097399711608887,275,12.366299629211426,11.76930046081543,26079,14.659700393676758,1.879889965057373,0.19418999552726746
1994,2,5,18,0,0.9418349862098694,12.97760009765625,275,12.274900436401367,11.715299606323242,24859,13.326800346374512,1.8467700481414795,0.19415000081062317
1994,2,5,21,0,0.9414420127868652,12.89840030670166,275,12.228899955749512,11.712400436401367,23984,13.326800346374512,1.8215299844741821,0.19277000427246094
1994,2,6,0,0,0.9416459798812866,12.865300178527832,275,12.222299575805664,11.733099937438965,23514,13.326800346374512,1.806589961051941,0.1900400072336197
1994,2,6,3,0,0.9406309723854065,12.793299674987793,275,12.139800071716309,11.638799667358398,22643,13.326800346374512,1.7788000106811523,0.19064000248908997
1994,2,6,6,0,0.9375640153884888,12.660599708557129,275,11.931699752807617,11.344799995422363,21539,13.326800346374512,1.745650053024292,0.19715000689029694
1994,2,6,9,0,0.9340749979019165,12.538000106811523,275,11.749699592590332,11.095800399780273,20449,14.659700393676758,1.7108999490737915,0.20264999568462372
1994,2,6,12,0,0.9321370124816895,12.455599784851074,275,11.66409969329834,10.991000175476074,19670,14.659700393676758,1.6851999759674072,0.20250000059604645
1994,2,6,15,0,0.9304670095443726,12.3681001663208,275,11.590700149536133,10.904500007629395,19021,12.114999771118164,1.665079951286316,0.20034000277519226
1994,2,6,18,0,0.9277060031890869,12.237600326538086,275,11.416199684143066,10.6274995803833,18164,13.326800346374512,1.638260006904602,0.20215000212192535
1994,2,6,21,0,0.9238290190696716,12.069899559020996,275,11.168100357055664,10.255200386047363,17151,13.326800346374512,1.6058800220489502,0.208079993724823
1994,2,7,0,0,0.9164220094680786,11.828399658203125,275,10.853799819946289,9.910799980163574,16386,13.326800346374512,1.5898200273513794,0.22030000388622284
1994,2,7,3,0,0.8730250000953674,11.30109977722168,265,10.277799606323242,9.419400215148926,17052,13.326800346374512,1.6688100099563599,0.24363000690937042
1994,2,7,6,0,0.8119940161705017,10.762900352478027,255,9.811800003051758,9.121399879455566,19093,13.326800346374512,1.8220900297164917,0.25947999954223633
1994,2,7,9,0,0.7793970108032227,10.553199768066406,255,9.644399642944336,9.044599533081055,19964,12.114999771118164,1.8877899646759033,0.27070000767707825
1994,2,7,12,0,0.7575079798698425,10,255,7.633699893951416,5.6209001541137695,19715,12.114999771118164,1.931380033493042,0.32879000902175903
1994,2,7,15,0,0.7256960272789001,9.389200210571289,255,6.7769999504089355,5.304900169372559,20321,12.114999771118164,2.0192298889160156,0.43097999691963196
1994,2,7,18,0,0.7252770066261292,9.438799858093262,265,6.597599983215332,5.153500080108643,20958,12.114999771118164,2.0362300872802734,0.4672499895095825
1994,2,7,21,0,0.7365350127220154,9.398799896240234,265,6.396200180053711,5.015900135040283,21727,16.125999450683594,2.0701398849487305,0.49722999334335327
1994,2,8,0,0,0.7604519724845886,9.437000274658203,275,6.310800075531006,4.930699825286865,22022,14.659700393676758,2.0733799934387207,0.5070499777793884
1994,2,8,3,0,0.8204619884490967,10.166500091552734,275,6.917900085449219,5.282299995422363,21453,14.659700393676758,1.9616600275039673,0.46094998717308044
1994,2,8,6,0,0.8796859979629517,11.40149974822998,275,8.627599716186523,6.61959981918335,21283,14.659700393676758,1.8345600366592407,0.36500000953674316
1994,2,8,9,0,0.9092829823493958,12.22249984741211,275,10.37030029296875,8.656499862670898,21582,14.659700393676758,1.7774800062179565,0.294050008058548
1994,2,8,12,0,0.9230780005455017,12.646400451660156,275,11.33329963684082,10.191100120544434,21354,14.659700393676758,1.7341200113296509,0.2562899887561798
1994,2,8,15,0,0.9322829842567444,12.849699974060059,275,11.784600257873535,10.92300033569336,20678,14.659700393676758,1.6914600133895874,0.23280000686645508
1994,2,8,18,0,0.9390040040016174,12.899999618530273,275,11.797300338745117,10.527000427246094,20045,14.659700393676758,1.6624499559402466,0.21985000371932983
1994,2,8,21,0,0.9238269925117493,11.317299842834473,275,7.98829984664917,5.896200180053711,20259,14.659700393676758,1.792099952697754,0.37222999334335327
1994,2,9,0,0,0.8385220170021057,8.888400077819824,265,6.2083001136779785,5.045300006866455,24141,13.326800346374512,2.2388699054718018,0.512690007686615
1994,2,9,3,0,0.7623590230941772,8.000699996948242,255,5.953499794006348,5.029300212860107,28272,13.326800346374512,2.583970069885254,0.5150899887084961
1994,2,9,6,0,0.7454299926757812,7.544400215148926,235,6.115200042724609,5.342700004577637,40792,7.5218000411987305,3.241460084915161,0.4463900029659271
1994,2,9,9,0,0.7773060202598572,8.148099899291992,225,6.914599895477295,6.1392998695373535,59985,8.274100303649902,3.7939600944519043,0.3746100068092346
1994,2,9,12,0,0.7550250291824341,9.112600326538086,245,8.069100379943848,7.492599964141846,50809,8.274100303649902,3.278369903564453,0.3434700071811676
1994,2,9,15,0,0.8257610201835632,8.532400131225586,265,7.338600158691406,6.579500198364258,62926,8.274100303649902,3.7871899604797363,0.36149999499320984
1994,2,9,18,0,0.8623769879341125,9.264300346374512,275,8.2391996383667,7.621500015258789,63292,9.101699829101562,3.628570079803467,0.32302001118659973
1994,2,9,21,0,0.8883370161056519,9.783900260925293,275,8.735799789428711,8.080499649047852,61463,10.01200008392334,3.4609498977661133,0.3090299963951111
1994,2,10,0,0,0.9109969735145569,10.239299774169922,275,9.165900230407715,8.482999801635742,64030,11.013500213623047,3.434770107269287,0.29954999685287476
1994,2,10,3,0,0.9315059781074524,11.138899803161621,285,10.079999923706055,9.437600135803223,80424,14.659700393676758,3.651949882507324,0.28165000677108765
1994,2,10,6,0,0.9444019794464111,11.897600173950195,285,10.875100135803223,10.228899955749512,99041,14.659700393676758,3.8885600566864014,0.2606000006198883
1994,2,10,9,0,0.9492899775505066,12.256999969482422,285,11.277700424194336,10.648500442504883,103935,14.659700393676758,3.9099199771881104,0.2484699934720993
1994,2,10,12,0,0.9502289891242981,12.219599723815918,285,11.291500091552734,10.689900398254395,94014,14.659700393676758,3.7245800495147705,0.2405800074338913
1994,2,10,15,0,0.9495919942855835,11.934800148010254,285,11.064399719238281,10.497599601745605,77893,13.326800346374512,3.440700054168701,0.23510999977588654
1994,2,10,18,0,0.9485480189323425,11.570699691772461,285,10.75220012664795,10.218099594116211,62544,13.326800346374512,3.1454100608825684,0.23171000182628632
1994,2,10,21,0,0.9482020139694214,11.27280044555664,285,10.489500045776367,9.977100372314453,51438,13.326800346374512,2.901750087738037,0.22976000607013702
1994,2,11,0,0,0.9477030038833618,10.989700317382812,285,10.223999977111816,9.725600242614746,42282,12.114999771118164,2.675179958343506,0.23124000430107117
1994,2,11,3,0,0.9471579790115356,10.729999542236328,285,9.958200454711914,9.437299728393555,35394,12.114999771118164,2.486030101776123,0.2342199981212616
1994,2,11,6,0,0.9457250237464905,10.243200302124023,285,9.004300117492676,7.869800090789795,29589,12.114999771118164,2.33528995513916,0.26895999908447266
1994,2,11,9,0,0.9441090226173401,9.74489974975586,285,8.397199630737305,7.318900108337402,26211,11.013500213623047,2.2621700763702393,0.29820001125335693
1994,2,11,12,0,0.9459400177001953,9.846199989318848,285,8.672100067138672,7.73330020904541,26085,11.013500213623047,2.2458300590515137,0.28251999616622925
1994,2,11,15,0,0.9512240290641785,10.179499626159668,275,9.220499992370605,8.490900039672852,29953,12.114999771118164,2.361720085144043,0.25815001130104065
1994,2,11,18,0,0.9544010162353516,10.423500061035156,285,9.5871000289917,8.984199523925781,35281,12.114999771118164,2.5279300212860107,0.2419700026512146
1994,2,11,21,0,0.9549170136451721,10.400099754333496,285,9.420000076293945,8.527400016784668,37690,12.114999771118164,2.6158699989318848,0.244719997048378
1994,2,12,0,0,0.9526569843292236,10.065299987792969,285,8.883700370788574,7.863999843597412,36432,12.114999771118164,2.619999885559082,0.270220011472702
1994,2,12,3,0,0.9424110054969788,9.541799545288086,285,8.02810001373291,6.842299938201904,35064,11.013500213623047,2.648099899291992,0.3121100068092346
1994,2,12,6,0,0.9157410264015198,9.012100219726562,285,7.44789981842041,6.3643999099731445,36247,11.013500213623047,2.7798800468444824,0.3463200032711029
1994,2,12,9,0,0.8518840074539185,8.299599647521973,275,6.831399917602539,5.903500080108643,41728,11.013500213623047,3.125659942626953,0.37678998708724976
1994,2,12,12,0,0.8018869757652283,8.266400337219238,265,6.983500003814697,6.149199962615967,48168,11.013500213623047,3.3742799758911133,0.3628000020980835
1994,2,12,15,0,0.7818319797515869,8.600700378417969,265,7.323800086975098,6.478000164031982,63287,11.013500213623047,3.785029888153076,0.3577499985694885
1994,2,12,18,0,0.7578830122947693,8.795999526977539,245,7.545100212097168,6.708099842071533,103321,10.01200008392334,4.774360179901123,0.3499799966812134
1994,2,12,21,0,0.770753026008606,9.552599906921387,245,8.233400344848633,7.326499938964844,152035,11.013500213623047,5.515620231628418,0.33812999725341797
1994,2,13,0,0,0.7752799987792969,9.941200256347656,235,8.606599807739258,7.68720006942749,217182,11.013500213623047,6.431980133056641,0.3295300006866455
1994,2,13,3,0,0.7990319728851318,10.878700256347656,245,9.729000091552734,8.980899810791016,279260,13.326800346374512,6.9085798263549805,0.2936199903488159
1994,2,13,6,0,0.819724977016449,11.629300117492676,245,10.61299991607666,9.969200134277344,274726,13.326800346374512,6.578929901123047,0.2671000063419342
1994,2,13,9,0,0.8149700164794922,11.971799850463867,255,11.02400016784668,10.437100410461426,213530,13.326800346374512,5.701189994812012,0.25753000378608704
1994,2,13,12,0,0.8196079730987549,12.147899627685547,255,11.240799903869629,10.685799598693848,181428,13.326800346374512,5.209080219268799,0.2514199912548065
1994,2,13,15,0,0.8290770053863525,12.083600044250488,265,11.142800331115723,10.552900314331055,158272,13.326800346374512,4.878890037536621,0.25404998660087585
1994,2,13,18,0,0.8391619920730591,11.731599807739258,265,10.547800064086914,9.711400032043457,140695,13.326800346374512,4.676519870758057,0.27709001302719116
1994,2,13,21,0,0.8441200256347656,10.963500022888184,265,9.557999610900879,8.578300476074219,141340,13.326800346374512,4.876840114593506,0.3125
1994,2,14,0,0,0.8514869809150696,10.870499610900879,265,9.633299827575684,8.821900367736816,145675,13.326800346374512,4.982830047607422,0.301690012216568
1994,2,14,3,0,0.8558930158615112,11.065299987792969,265,9.924500465393066,9.190899848937988,146070,13.326800346374512,4.939149856567383,0.2883099913597107
1994,2,14,6,0,0.8675400018692017,11.4753999710083,265,10.3233003616333,9.547599792480469,146766,13.326800346374512,4.840760231018066,0.27928999066352844
1994,2,14,9,0,0.8827030062675476,11.787099838256836,265,10.478599548339844,9.535900115966797,156608,14.659700393676758,4.9136199951171875,0.28543001413345337
1994,2,14,12,0,0.8921560049057007,11.847599983215332,265,10.39780044555664,9.343299865722656,165161,14.659700393676758,5.024710178375244,0.29600998759269714
1994,2,14,15,0,0.89239901304245,11.734600067138672,265,10.247099876403809,9.171899795532227,161509,14.659700393676758,4.995190143585205,0.3011299967765808
1994,2,14,18,0,0.8745669722557068,11.116299629211426,265,9.344599723815918,8.06779956817627,152311,14.659700393676758,5.0019001960754395,0.33320000767707825
1994,2,14,21,0,0.844215989112854,10.60789966583252,265,9.01729965209961,7.910999774932861,138708,14.659700393676758,4.916170120239258,0.33428001403808594
1994,2,15,0,0,0.808463990688324,10.149499893188477,255,8.711099624633789,7.720200061798096,124232,13.326800346374512,4.785280227661133,0.32965999841690063
1994,2,15,3,0,0.7752829790115356,9.545000076293945,245,8.202899932861328,7.258800029754639,127972,13.326800346374512,5.048600196838379,0.32725998759269714
1994,2,15,6,0,0.7771520018577576,9.45419979095459,235,8.237600326538086,7.355199813842773,139654,12.114999771118164,5.315989971160889,0.30851998925209045
1994,2,15,9,0,0.7904930114746094,9.873499870300293,235,8.85219955444336,8.147500038146973,144240,12.114999771118164,5.272709846496582,0.28077998757362366
1994,2,15,12,0,0.8116909861564636,10.085399627685547,245,9.061100006103516,8.338700294494629,153103,12.114999771118164,5.361730098724365,0.27566999197006226
1994,2,15,15,0,0.8248980045318604,10.473099708557129,245,9.660900115966797,9.13029956817627,142404,12.114999771118164,5.06220006942749,0.24621999263763428
1994,2,15,18,0,0.8120520114898682,10.648900032043457,245,9.987799644470215,9.56980037689209,105875,12.114999771118164,4.3278398513793945,0.224590003490448
1994,2,15,21,0,0.8121970295906067,10.589400291442871,255,9.981100082397461,9.6048002243042,83143,12.114999771118164,3.852989912033081,0.219650000333786
1994,2,16,0,0,0.8227099776268005,10.490500450134277,255,9.880800247192383,9.515800476074219,69746,12.114999771118164,3.551179885864258,0.22563999891281128
1994,2,16,3,0,0.8340100049972534,10.43340015411377,255,9.7923002243042,9.417799949645996,60009,12.114999771118164,3.3050100803375244,0.2362000048160553
1994,2,16,6,0,0.8361219763755798,10.378700256347656,255,9.681599617004395,9.235199928283691,52435,11.013500213623047,3.0985798835754395,0.24672000110149384
1994,2,16,9,0,0.8281720280647278,10.097100257873535,255,8.791299819946289,7.561100006103516,46004,11.013500213623047,2.943969964981079,0.2867099940776825
1994,2,16,12,0,0.7792559862136841,8.952300071716309,245,7.362400054931641,6.296999931335449,48050,11.013500213623047,3.2123498916625977,0.3692399859428406
1994,2,16,15,0,0.7844730019569397,8.934399604797363,215,7.936500072479248,7.221700191497803,83901,9.101699829101562,4.279819965362549,0.3006899952888489
1994,2,16,18,0,0.7904719710350037,9.239299774169922,215,8.172699928283691,7.379000186920166,91430,10.01200008392334,4.377319812774658,0.29600000381469727
1994,2,16,21,0,0.7888690233230591,9.337599754333496,205,8.179800033569336,7.315800189971924,91695,11.013500213623047,4.349699974060059,0.3029699921607971
1994,2,17,0,0,0.7676720023155212,9.529899597167969,215,8.327699661254883,7.410999774932861,80842,11.013500213623047,4.032249927520752,0.30180999636650085
1994,2,17,3,0,0.7383880019187927,10.016400337219238,225,9.064499855041504,8.380900382995605,64330,11.013500213623047,3.4963300228118896,0.27191999554634094
1994,2,17,6,0,0.7297890186309814,10.319899559020996,225,9.464900016784668,8.842300415039062,54033,11.013500213623047,3.149440050125122,0.2547900080680847
1994,2,17,9,0,0.726502001285553,10.468199729919434,225,9.708200454711914,9.206999778747559,48231,11.013500213623047,2.951280117034912,0.2438099980354309
1994,2,17,12,0,0.7224360108375549,10.425800323486328,225,9.691399574279785,9.229000091552734,43041,11.013500213623047,2.7953999042510986,0.24236999452114105
1994,2,17,15,0,0.7179930210113525,10.35509967803955,235,9.623700141906738,9.169099807739258,38948,11.013500213623047,2.6700599193573,0.24334999918937683
1994,2,17,18,0,0.714015007019043,10.287400245666504,235,9.536499977111816,9.027299880981445,35668,11.013500213623047,2.5657999515533447,0.24462999403476715
1994,2,17,21,0,0.7087810039520264,9.764800071716309,235,8.532299995422363,7.536200046539307,33285,11.013500213623047,2.5504701137542725,0.29203000664711
1994,2,18,0,0,0.704060971736908,9.48449993133545,235,8.169599533081055,7.1519999504089355,30079,11.013500213623047,2.4646899700164795,0.30834999680519104
1994,2,18,3,0,0.7007880210876465,9.106599807739258,235,7.739299774169922,6.756999969482422,28291,11.013500213623047,2.4453799724578857,0.33232998847961426
1994,2,18,6,0,0.7021420001983643,8.888199806213379,245,7.594799995422363,6.70989990234375,26477,11.013500213623047,2.39982008934021,0.3411700129508972
1994,2,18,9,0,0.699059009552002,8.907400131225586,245,7.7667999267578125,7.0208001136779785,22105,11.013500213623047,2.1927900314331055,0.3310900032520294
1994,2,18,12,0,0.7090349793434143,8.969099998474121,255,7.882299900054932,7.189199924468994,19732,10.01200008392334,2.0652201175689697,0.33021000027656555
1994,2,18,15,0,0.7579650282859802,9.174500465393066,265,8.074899673461914,7.297599792480469,24057,10.01200008392334,2.2544798851013184,0.322409987449646
1994,2,18,18,0,0.790835976600647,9.417200088500977,265,8.508299827575684,7.928500175476074,28804,10.01200008392334,2.434109926223755,0.298550009727478
1994,2,18,21,0,0.7901960015296936,9.48490047454834,265,8.638099670410156,8.130200386047363,27545,10.01200008392334,2.3710999488830566,0.29142001271247864
1994,2,19,0,0,0.7889090180397034,9.577199935913086,275,8.692099571228027,8.188699722290039,24971,10.01200008392334,2.2420499324798584,0.3018699884414673
1994,2,19,3,0,0.7929059863090515,9.776399612426758,275,8.772899627685547,8.230999946594238,22823,10.01200008392334,2.1125199794769287,0.32249999046325684
1994,2,19,6,0,0.7968329787254333,9.963600158691406,275,8.832900047302246,8.232799530029297,20584,16.125999450683594,1.9794000387191772,0.33820998668670654
1994,2,19,9,0,0.803301990032196,10.044599533081055,275,8.83530044555664,8.184200286865234,18456,16.125999450683594,1.862879991531372,0.3446199893951416
1994,2,19,12,0,0.8184549808502197,10.069100379943848,275,8.82509994506836,8.140700340270996,16845,16.125999450683594,1.7756400108337402,0.3458999991416931
1994,2,19,15,0,0.8392810225486755,10.115300178527832,275,8.847100257873535,8.146900177001953,15720,14.659700393676758,1.7090100049972534,0.3474999964237213
1994,2,19,18,0,0.8582969903945923,10.174699783325195,275,8.878499984741211,8.172599792480469,14875,14.659700393676758,1.6547600030899048,0.3504999876022339
1994,2,19,21,0,0.8718400001525879,10.224599838256836,275,8.874500274658203,8.109700202941895,14182,14.659700393676758,1.6090600490570068,0.35304999351501465
1994,2,20,0,0,0.8784840106964111,10.121600151062012,275,8.320500373840332,7.01039981842041,13820,14.659700393676758,1.5941699743270874,0.3689900040626526
1994,2,20,3,0,0.8862630128860474,10.162699699401855,275,8.252599716186523,6.932600021362305,14955,14.659700393676758,1.6520299911499023,0.3703500032424927
1994,2,20,6,0,0.9022830128669739,10.439000129699707,275,8.735099792480469,7.450699806213379,19053,14.659700393676758,1.839840054512024,0.33195000886917114
1994,2,20,9,0,0.9146699905395508,10.591400146484375,275,9.132100105285645,7.881199836730957,23850,12.114999771118164,2.047600030899048,0.29409000277519226
1994,2,20,12,0,0.9161540269851685,10.44909954071045,275,8.970000267028809,7.6321001052856445,25705,12.114999771118164,2.1459200382232666,0.28845998644828796
1994,2,20,15,0,0.8857229948043823,9.487700462341309,275,7.500100135803223,6.13539981842041,25633,11.013500213623047,2.2599599361419678,0.362280011177063
1994,2,20,18,0,0.8234490156173706,8.47700023651123,265,6.6975998878479,5.652100086212158,25826,11.013500213623047,2.4172000885009766,0.40667998790740967
1994,2,20,21,0,0.7652009725570679,7.809000015258789,255,6.36329984664917,5.5177998542785645,29365,11.013500213623047,2.7055699825286865,0.40428999066352844
1994,2,21,0,0,0.7551109790802002,7.947700023651123,245,6.651899814605713,5.831099987030029,29851,7.5218000411987305,2.7088100910186768,0.3736700117588043
1994,2,21,3,0,0.7556849718093872,8.172699928283691,255,6.997200012207031,6.231900215148926,26694,7.5218000411987305,2.5251500606536865,0.352400004863739
1994,2,21,6,0,0.7635049819946289,8.295299530029297,255,7.1595001220703125,6.404099941253662,25664,7.5218000411987305,2.458050012588501,0.3398300111293793
1994,2,21,9,0,0.7933149933815002,8.822099685668945,255,7.853000164031982,7.226200103759766,27565,10.01200008392334,2.463589906692505,0.3078700006008148
1994,2,21,12,0,0.8508239984512329,9.730899810791016,265,8.826000213623047,8.285799980163574,36443,12.114999771118164,2.6730799674987793,0.28185999393463135
1994,2,21,15,0,0.8899850249290466,10.518199920654297,275,9.665800094604492,9.137200355529785,50356,12.114999771118164,2.9980199337005615,0.2557399868965149
1994,2,21,18,0,0.9127740263938904,11.17140007019043,275,10.331500053405762,9.801799774169922,65879,12.114999771118164,3.3024799823760986,0.24440999329090118
1994,2,21,21,0,0.9209589958190918,11.441100120544434,275,10.647500038146973,10.140299797058105,75428,12.114999771118164,3.481640100479126,0.23308999836444855
1994,2,22,0,0,0.9157599806785583,11.109600067138672,275,10.356800079345703,9.883899688720703,65576,12.114999771118164,3.309580087661743,0.23253999650478363
1994,2,22,3,0,0.9144489765167236,10.734999656677246,275,9.995100021362305,9.533300399780273,56409,12.114999771118164,3.1387898921966553,0.23601999878883362
1994,2,22,6,0,0.9197800159454346,10.523300170898438,275,9.77810001373291,9.306400299072266,51134,11.013500213623047,3.0271499156951904,0.23855000734329224
1994,2,22,9,0,0.9238449931144714,10.257800102233887,285,9.51159954071045,9.036999702453613,45139,11.013500213623047,2.891550064086914,0.2424899935722351
1994,2,22,12,0,0.9271500110626221,9.89739990234375,285,9.146900177001953,8.675800323486328,36301,11.013500213623047,2.65228009223938,0.25137999653816223
1994,2,22,15,0,0.9236590266227722,9.586199760437012,285,8.80090045928955,8.311699867248535,27259,10.01200008392334,2.3422300815582275,0.26646000146865845
1994,2,22,18,0,0.8687599897384644,8.11970043182373,275,6.314499855041504,5.247799873352051,23295,10.01200008392334,2.3617300987243652,0.41005998849868774
1994,2,22,21,0,0.8428080081939697,7.682300090789795,265,6.322299957275391,5.5366997718811035,23688,9.101699829101562,2.4558300971984863,0.4089199900627136
1994,2,23,0,0,0.8625969886779785,7.817200183868408,265,6.602499961853027,5.898099899291992,24142,8.274100303649902,2.4593799114227295,0.3948900103569031
1994,2,23,3,0,0.8711090087890625,7.953199863433838,275,6.709499835968018,5.977200031280518,23227,8.274100303649902,2.390320062637329,0.397350013256073
1994,2,23,6,0,0.8827329874038696,7.975200176239014,275,6.664000034332275,5.902599811553955,25454,8.274100303649902,2.497109889984131,0.40806999802589417
1994,2,23,9,0,0.901436984539032,8.097399711608887,275,6.8730998039245605,6.156499862670898,35018,8.274100303649902,2.9081599712371826,0.3946099877357483
1994,2,23,12,0,0.9041000008583069,8.651300430297852,285,7.400199890136719,6.622200012207031,40706,9.101699829101562,3.0225400924682617,0.3677699863910675
1994,2,23,15,0,0.9143419861793518,9.019499778747559,285,7.631100177764893,6.7322001457214355,45591,10.01200008392334,3.1174299716949463,0.3615899980068207
1994,2,23,18,0,0.9244449734687805,9.558799743652344,285,8.263699531555176,7.444499969482422,44975,11.013500213623047,2.993069887161255,0.3434700071811676
1994,2,23,21,0,0.9297059774398804,9.87339973449707,285,8.585599899291992,7.744800090789795,39686,16.125999450683594,2.758120059967041,0.3334299921989441
1994,2,24,0,0,0.9305400252342224,9.831399917602539,285,8.52810001373291,7.636600017547607,33246,10.01200008392334,2.5300700664520264,0.32951998710632324
1994,2,24,3,0,0.9310150146484375,9.813400268554688,285,8.575300216674805,7.788599967956543,28457,14.659700393676758,2.3416900634765625,0.3264999985694885
1994,2,24,6,0,0.9324060082435608,9.992500305175781,285,8.77400016784668,8.04170036315918,25700,14.659700393676758,2.19950008392334,0.3239099979400635
1994,2,24,9,0,0.9318739771842957,10.086299896240234,285,8.867799758911133,8.145000457763672,22805,14.659700393676758,2.059119939804077,0.32291001081466675
1994,2,24,12,0,0.9273149967193604,9.949600219726562,285,8.75730037689209,8.069999694824219,18935,14.659700393676758,1.8920700550079346,0.3245700001716614
1994,2,24,15,0,0.9193260073661804,9.792900085449219,285,8.588199615478516,7.894599914550781,16128,13.326800346374512,1.7627700567245483,0.3295600116252899
1994,2,24,18,0,0.9021049737930298,9.803500175476074,285,8.545999526977539,7.823800086975098,14932,13.326800346374512,1.6933200359344482,0.3365899920463562
1994,2,24,21,0,0.8739539980888367,9.778300285339355,275,8.489999771118164,7.747200012207031,14083,13.326800346374512,1.645419955253601,0.3432199954986572
1994,2,25,0,0,0.8298249840736389,9.486200332641602,275,7.895400047302246,6.611000061035156,13080,13.326800346374512,1.6142100095748901,0.35390999913215637
1994,2,25,3,0,0.7589380145072937,8.352700233459473,265,6.21750020980835,5.09250020980835,12254,13.326800346374512,1.673069953918457,0.45451998710632324
1994,2,25,6,0,0.7262369990348816,8.022700309753418,255,5.888500213623047,4.838200092315674,10533,7.5218000411987305,1.585710048675537,0.4811600148677826
1994,2,25,9,0,0.6185709834098816,6.722700119018555,245,4.764100074768066,4.009799957275391,10343,7.5218000411987305,1.7263599634170532,0.5807999968528748
1994,2,25,12,0,0.6613950133323669,6.6774001121521,215,5.002600193023682,4.267300128936768,12598,7.5218000411987305,1.92044997215271,0.5403299927711487
1994,2,25,15,0,0.8218629956245422,7.762599945068359,215,6.384799957275391,5.538700103759766,18662,8.274100303649902,2.173069953918457,0.4064500033855438
1994,2,25,18,0,0.8633289933204651,8.524800300598145,215,7.520400047302246,6.856400012969971,26565,8.274100303649902,2.471400022506714,0.3343000113964081
1994,2,25,21,0,0.8508700132369995,8.736700057983398,225,7.786900043487549,7.191500186920166,30191,9.101699829101562,2.5975699424743652,0.32359999418258667
1994,2,26,0,0,0.8419139981269836,9.118399620056152,225,8.140899658203125,7.5903000831604,29772,9.101699829101562,2.511039972305298,0.3246299922466278
1994,2,26,3,0,0.8528640270233154,9.520099639892578,235,8.515800476074219,7.959799766540527,29483,9.101699829101562,2.433729887008667,0.31746000051498413
1994,2,26,6,0,0.8639379739761353,9.77929973602295,245,8.76360034942627,8.199000358581543,28763,9.101699829101562,2.3643600940704346,0.310699999332428
1994,2,26,9,0,0.8744919896125793,9.909299850463867,245,8.795499801635742,8.092599868774414,27850,13.326800346374512,2.306220054626465,0.3118300139904022
1994,2,26,12,0,0.8769410252571106,9.74120044708252,245,8.230899810791016,7.101799964904785,26696,13.326800346374512,2.2765400409698486,0.3362100124359131
1994,2,26,15,0,0.8732950091362,9.42549991607666,245,7.718599796295166,6.524600028991699,25261,13.326800346374512,2.253890037536621,0.36191999912261963
1994,2,26,18,0,0.8582320213317871,8.87660026550293,245,7.077899932861328,5.955900192260742,23869,12.114999771118164,2.264080047607422,0.39555999636650085
1994,2,26,21,0,0.8475180268287659,8.422699928283691,235,6.743100166320801,5.748700141906738,24515,14.659700393676758,2.364809989929199,0.40922001004219055
1994,2,27,0,0,0.8614299893379211,8.724800109863281,245,7.186399936676025,6.1996002197265625,29309,12.114999771118164,2.5408999919891357,0.37689998745918274
1994,2,27,3,0,0.8737260103225708,9.159899711608887,245,7.679699897766113,6.656899929046631,33118,12.114999771118164,2.630229949951172,0.3475799858570099
1994,2,27,6,0,0.8802729845046997,9.57040023803711,245,8.268699645996094,7.344799995422363,32856,11.013500213623047,2.558259963989258,0.32175999879837036
1994,2,27,9,0,0.8821759819984436,9.890399932861328,245,8.738699913024902,7.993899822235107,32108,11.013500213623047,2.483750104904175,0.3128400146961212
1994,2,27,12,0,0.8821430206298828,10.076600074768066,245,8.974800109863281,8.319999694824219,31572,11.013500213623047,2.4381299018859863,0.31494998931884766
1994,2,27,15,0,0.8850209712982178,10.227999687194824,255,9.073699951171875,8.398900032043457,31140,11.013500213623047,2.401479959487915,0.3279399871826172
1994,2,27,18,0,0.8853909969329834,10.278300285339355,255,8.704400062561035,7.576499938964844,31243,11.013500213623047,2.3956899642944336,0.36044999957084656
1994,2,27,21,0,0.875819981098175,9.85669994354248,255,7.767899990081787,6.447700023651123,31975,11.013500213623047,2.473140001296997,0.41363999247550964
1994,2,28,0,0,0.8299850225448608,8.657999992370605,245,6.767499923706055,5.7565999031066895,39407,11.013500213623047,2.9489800930023193,0.4616900086402893
1994,2,28,3,0,0.8090130090713501,8.614500045776367,235,7.00570011138916,6.074100017547607,48550,9.101699829101562,3.2945899963378906,0.42702001333236694
1994,2,28,6,0,0.8072829842567444,8.757599830627441,235,7.184999942779541,6.258600234985352,50165,9.101699829101562,3.3194000720977783,0.41534000635147095
1994,2,28,9,0,0.8096920251846313,8.786800384521484,235,7.280200004577637,6.368599891662598,51788,9.101699829101562,3.3680601119995117,0.40206998586654663
1994,2,28,12,0,0.8096709847450256,8.80459976196289,245,7.4309000968933105,6.567399978637695,58580,9.101699829101562,3.5832700729370117,0.37768998742103577
1994,2,28,15,0,0.8026469945907593,8.70479965209961,235,7.4730000495910645,6.676199913024902,73371,9.101699829101562,4.043799877166748,0.3542099893093109
1994,2,28,18,0,0.815684974193573,9.331299781799316,245,8.28320026397705,7.615699768066406,79339,10.01200008392334,4.0457000732421875,0.314410001039505
1994,2,28,21,0,0.828764021396637,9.90880012512207,245,8.921600341796875,8.309800148010254,78255,10.01200008392334,3.8761000633239746,0.2945599853992462
1994,3,1,0,0,0.845287024974823,10.28279972076416,255,9.30780029296875,8.702400207519531,74731,12.114999771118164,3.701900005340576,0.2842999994754791
1994,3,1,3,0,0.8412290215492249,10.09630012512207,255,8.740300178527832,7.72130012512207,71626,12.114999771118164,3.653939962387085,0.3128199875354767
1994,3,1,6,0,0.8077380061149597,9.354399681091309,245,7.982800006866455,7.057799816131592,79120,12.114999771118164,4.014989852905273,0.3411099910736084
1994,3,1,9,0,0.7933580279350281,8.918000221252441,225,7.579699993133545,6.6682000160217285,90325,9.101699829101562,4.417960166931152,0.3434300124645233
1994,3,1,12,0,0.8252769708633423,9.106800079345703,225,7.887400150299072,7.01200008392334,103119,11.013500213623047,4.674019813537598,0.31718000769615173
1994,3,1,15,0,0.8390039801597595,9.467000007629395,225,8.31470012664795,7.475500106811523,109980,11.013500213623047,4.720449924468994,0.2993899881839752
1994,3,1,18,0,0.837336003780365,9.846099853515625,235,8.741800308227539,7.946199893951416,98819,12.114999771118164,4.369649887084961,0.28812000155448914
1994,3,1,21,0,0.8465330004692078,10.05459976196289,235,8.940699577331543,8.124600410461426,87455,12.114999771118164,4.0573201179504395,0.28407999873161316
1994,3,2,0,0,0.8519160151481628,10.095800399780273,235,8.894599914550781,7.965700149536133,76523,12.114999771118164,3.783479928970337,0.28718000650405884
1994,3,2,3,0,0.8514519929885864,9.807499885559082,235,8.352100372314453,7.247900009155273,68609,12.114999771118164,3.6379001140594482,0.31387999653816223
1994,3,2,6,0,0.8427519798278809,9.282500267028809,235,7.770599842071533,6.699100017547607,67386,12.114999771118164,3.7215700149536133,0.3379000127315521
1994,3,2,9,0,0.8484709858894348,8.952400207519531,225,7.647900104522705,6.720200061798096,75587,12.114999771118164,4.036970138549805,0.3267500102519989
1994,3,2,12,0,0.8604519963264465,9.192399978637695,225,8.048299789428711,7.210999965667725,82167,11.013500213623047,4.154099941253662,0.299919992685318
1994,3,2,15,0,0.873013973236084,9.34630012512207,225,8.21399974822998,7.394599914550781,101185,11.013500213623047,4.5636701583862305,0.295989990234375
1994,3,2,18,0,0.8763710260391235,10.047300338745117,225,9.087300300598145,8.407999992370605,98957,11.013500213623047,4.3256402015686035,0.26458001136779785
1994,3,2,21,0,0.8693249821662903,10.275300025939941,235,9.295499801635742,8.562899589538574,86929,12.114999771118164,3.9985098838806152,0.25905999541282654
1994,3,3,0,0,0.8683969974517822,10.39739990234375,235,9.505399703979492,8.847100257873535,76178,12.114999771118164,3.7192599773406982,0.24809999763965607
1994,3,3,3,0,0.8678230047225952,10.576800346374512,235,9.803099632263184,9.290200233459473,71740,12.114999771118164,3.5735599994659424,0.23788000643253326
1994,3,3,6,0,0.8772019743919373,10.958399772644043,245,10.202899932861328,9.713000297546387,78360,12.114999771118164,3.6518099308013916,0.2334900051355362
1994,3,3,9,0,0.8889129757881165,11.392000198364258,255,10.627599716186523,10.141799926757812,88272,12.114999771118164,3.780329942703247,0.2318200021982193
1994,3,3,12,0,0.9037410020828247,11.538000106811523,255,10.786499977111816,10.308500289916992,89717,12.114999771118164,3.7794599533081055,0.22745999693870544
1994,3,3,15,0,0.9096999764442444,11.409600257873535,255,10.683600425720215,10.22189998626709,81201,12.114999771118164,3.621309995651245,0.2243800014257431
1994,3,3,18,0,0.9082819819450378,11.126999855041504,255,10.414999961853027,9.957799911499023,67028,12.114999771118164,3.3439600467681885,0.22522999346256256
1994,3,3,21,0,0.9019700288772583,10.771300315856934,255,9.893799781799316,9.073599815368652,54203,12.114999771118164,3.069119930267334,0.23521000146865845
1994,3,4,0,0,0.8701649904251099,9.20479965209961,245,7.640399932861328,6.546599864959717,50819,12.114999771118164,3.2463300228118896,0.34404999017715454
1994,3,4,3,0,0.8541250228881836,9.129199981689453,245,7.785099983215332,6.834799766540527,42802,11.013500213623047,3.000649929046631,0.3275499939918518
1994,3,4,6,0,0.8377879858016968,8.471599578857422,235,7.01140022277832,6.042399883270264,40690,11.013500213623047,3.0529799461364746,0.3580400049686432
1994,3,4,9,0,0.8457649946212769,8.290800094604492,235,7.127600193023682,6.341599941253662,42189,11.013500213623047,3.157180070877075,0.3322199881076813
1994,3,4,12,0,0.8481360077857971,8.520899772644043,235,7.491499900817871,6.799099922180176,35211,10.01200008392334,2.8436100482940674,0.3115299940109253
1994,3,4,15,0,0.8566750288009644,8.45930004119873,245,7.374300003051758,6.639800071716309,34206,10.01200008392334,2.8122799396514893,0.32124000787734985
1994,3,4,18,0,0.8938189744949341,9.775500297546387,255,8.662599563598633,7.9182000160217285,59280,12.114999771118164,3.394629955291748,0.30125001072883606
1994,3,4,21,0,0.9270139932632446,10.774299621582031,265,9.811300277709961,9.166500091552734,82963,12.114999771118164,3.787980079650879,0.26197999715805054
1994,3,5,0,0,0.9335079789161682,11.020000457763672,265,10.108699798583984,9.490099906921387,82100,12.114999771118164,3.716860055923462,0.25029999017715454
1994,3,5,3,0,0.9332910180091858,11.033300399780273,265,10.091300010681152,9.390899658203125,78171,12.114999771118164,3.6237900257110596,0.2470400035381317
1994,3,5,6,0,0.9310230016708374,10.970499992370605,265,10.068599700927734,9.383099555969238,73277,12.114999771118164,3.522939920425415,0.2403700053691864
1994,3,5,9,0,0.9265270233154297,10.879899978637695,265,10.062700271606445,9.437000274658203,64927,12.114999771118164,3.337549924850464,0.23064999282360077
1994,3,5,12,0,0.9199990034103394,10.805500030517578,265,10.094200134277344,9.598899841308594,56823,12.114999771118164,3.1394500732421875,0.22208000719547272
1994,3,5,15,0,0.9125739932060242,10.75529956817627,265,10.0693998336792,9.598999977111816,50984,12.114999771118164,2.9837000370025635,0.22045999765396118
1994,3,5,18,0,0.9120320081710815,10.689000129699707,275,9.96090030670166,9.464599609375,47433,12.114999771118164,2.8876099586486816,0.2269899994134903
1994,3,5,21,0,0.9163249731063843,10.583999633789062,275,9.82699966430664,9.319100379943848,44841,12.114999771118164,2.8238399028778076,0.2326200008392334
1994,3,6,0,0,0.9192169904708862,10.578900337219238,275,9.840900421142578,9.343099594116211,41168,12.114999771118164,2.707469940185547,0.22957000136375427
1994,3,6,3,0,0.920494019985199,10.60890007019043,275,9.886500358581543,9.399499893188477,37549,11.013500213623047,2.581939935684204,0.2276100069284439
1994,3,6,6,0,0.9204660058021545,10.652600288391113,275,9.930299758911133,9.441699981689453,34212,11.013500213623047,2.4581499099731445,0.2275799959897995
1994,3,6,9,0,0.9199640154838562,10.633899688720703,275,9.911299705505371,9.40880012512207,30798,11.013500213623047,2.3348500728607178,0.2262199968099594
1994,3,6,12,0,0.9196140170097351,10.485300064086914,275,9.73900032043457,9.225700378417969,27814,11.013500213623047,2.2380900382995605,0.23030999302864075
1994,3,6,15,0,0.9194340109825134,10.300999641418457,275,9.540300369262695,9.016300201416016,24759,12.114999771118164,2.1353800296783447,0.23375000059604645
1994,3,6,18,0,0.9192320108413696,10.182000160217285,285,9.434800148010254,8.914999961853027,21789,11.013500213623047,2.019049882888794,0.23226000368595123
1994,3,6,21,0,0.9175540208816528,10.093799591064453,285,9.37090015411377,8.863100051879883,19056,11.013500213623047,1.8999600410461426,0.22961999475955963
1994,3,7,0,0,0.9146280288696289,10.029899597167969,285,9.3326997756958,8.839500427246094,16836,11.013500213623047,1.794100046157837,0.2270900011062622
1994,3,7,3,0,0.9102489948272705,9.956999778747559,275,9.254899978637695,8.73390007019043,14846,11.013500213623047,1.6926900148391724,0.22859999537467957
1994,3,7,6,0,0.9047809839248657,9.861900329589844,275,9.163299560546875,8.66100025177002,12980,11.013500213623047,1.5920000076293945,0.23273999989032745
1994,3,7,9,0,0.9002869725227356,9.758899688720703,275,9.042799949645996,8.523200035095215,11477,10.01200008392334,1.5066399574279785,0.23916999995708466
1994,3,7,12,0,0.8977289795875549,9.685400009155273,275,8.918100357055664,8.353899955749512,10211,10.01200008392334,1.4272700548171997,0.2523699998855591
1994,3,7,15,0,0.8978009819984436,9.700200080871582,275,8.843099594116211,8.250399589538574,9130,10.01200008392334,1.3466700315475464,0.27625998854637146
1994,3,7,18,0,0.9019849896430969,9.917099952697754,275,8.904199600219727,8.26360034942627,8544,10.01200008392334,1.2818000316619873,0.3062799870967865
1994,3,7,21,0,0.91354900598526,10.465999603271484,275,9.25409984588623,8.509200096130371,9098,10.01200008392334,1.2755600214004517,0.3214299976825714
1994,3,8,0,0,0.9278090000152588,11.126899719238281,275,9.862700462341309,9.026599884033203,11019,14.659700393676758,1.3500100374221802,0.30239999294281006
1994,3,8,3,0,0.940434992313385,11.513699531555176,265,10.32450008392334,9.409799575805664,13043,13.326800346374512,1.438420057296753,0.2738899886608124
1994,3,8,6,0,0.9464529752731323,11.6318998336792,265,10.555800437927246,9.673299789428711,13814,13.326800346374512,1.4718799591064453,0.2533000111579895
1994,3,8,9,0,0.949068009853363,11.57759952545166,265,10.567000389099121,9.657899856567383,13675,13.326800346374512,1.4698400497436523,0.23903000354766846
1994,3,8,12,0,0.9497849941253662,11.462400436401367,265,10.562000274658203,9.730199813842773,13366,13.326800346374512,1.4640100002288818,0.22608999907970428
1994,3,8,15,0,0.9491360187530518,11.305700302124023,265,10.513500213623047,9.803799629211426,12885,12.114999771118164,1.4517799615859985,0.21893000602722168
1994,3,8,18,0,0.9481760263442993,11.136899948120117,265,10.424500465393066,9.854499816894531,12279,12.114999771118164,1.4323099851608276,0.219200000166893
1994,3,8,21,0,0.9486579895019531,11.075200080871582,265,10.384400367736816,9.904999732971191,12153,12.114999771118164,1.4304800033569336,0.2260199934244156
1994,3,9,0,0,0.9512789845466614,11.2298002243042,265,10.497400283813477,10.036600112915039,13116,12.114999771118164,1.472249984741211,0.2363699972629547
1994,3,9,3,0,0.9557639956474304,11.565600395202637,265,10.781800270080566,10.303299903869629,15756,12.114999771118164,1.582419991493225,0.23996999859809875
1994,3,9,6,0,0.9594489932060242,11.828700065612793,265,11.013500213623047,10.469200134277344,20317,14.659700393676758,1.770110011100769,0.23288999497890472
1994,3,9,9,0,0.9602389931678772,11.879400253295898,265,11.079500198364258,10.486900329589844,25298,14.659700393676758,1.9693700075149536,0.22213000059127808
1994,3,9,12,0,0.9582880139350891,11.798700332641602,265,11.099300384521484,10.585700035095215,28910,13.326800346374512,2.1155900955200195,0.20950999855995178
1994,3,9,15,0,0.9572020173072815,11.597900390625,255,10.968899726867676,10.533100128173828,31529,13.326800346374512,2.234839916229248,0.2034199982881546
1994,3,9,18,0,0.9571670293807983,11.334600448608398,255,10.722900390625,10.315699577331543,33037,12.114999771118164,2.3220601081848145,0.2040800005197525
1994,3,9,21,0,0.9562870264053345,11.094300270080566,255,10.467100143432617,10.053999900817871,32151,12.114999771118164,2.3225998878479004,0.20862999558448792
1994,3,10,0,0,0.9543120265007019,10.942000389099121,255,10.280599594116211,9.84469985961914,30019,12.114999771118164,2.2639899253845215,0.2157900035381317
1994,3,10,3,0,0.9522129893302917,10.923399925231934,255,10.214300155639648,9.746999740600586,28665,12.114999771118164,2.2139499187469482,0.22398999333381653
1994,3,10,6,0,0.9506189823150635,10.973299980163574,255,10.193900108337402,9.657699584960938,28510,12.114999771118164,2.2003300189971924,0.23127999901771545
1994,3,10,9,0,0.9488109946250916,11.059800148010254,255,10.189000129699707,9.560099601745605,29305,12.114999771118164,2.219059944152832,0.24098999798297882
1994,3,10,12,0,0.9435539841651917,11.346500396728516,255,10.377900123596191,9.696599960327148,31810,12.114999771118164,2.2759499549865723,0.2579199969768524
1994,3,10,15,0,0.9406239986419678,11.942899703979492,265,10.84630012512207,10.111300468444824,38568,12.114999771118164,2.4268798828125,0.2715199887752533
1994,3,10,18,0,0.9400150179862976,12.329899787902832,265,11.150400161743164,10.365300178527832,47404,16.125999450683594,2.63454008102417,0.27226999402046204
1994,3,10,21,0,0.9375190138816833,12.027799606323242,265,10.365300178527832,9.028800010681152,54937,14.659700393676758,2.870039939880371,0.30118998885154724
1994,3,11,0,0,0.9390439987182617,11.78689956665039,275,10.073699951171875,8.768699645996094,57938,14.659700393676758,2.979840040206909,0.30981001257896423
1994,3,11,3,0,0.9414359927177429,11.52910041809082,275,9.71399974822998,8.314000129699707,55555,14.659700393676758,2.9547600746154785,0.3167800009250641
1994,3,11,6,0,0.9416319727897644,11.291999816894531,275,9.412799835205078,7.993899822235107,50607,13.326800346374512,2.8538498878479004,0.3247799873352051
1994,3,11,9,0,0.9423480033874512,11.377099990844727,275,9.663700103759766,8.388899803161621,46380,13.326800346374512,2.7213900089263916,0.3127000033855438
1994,3,11,12,0,0.9438620209693909,11.607999801635742,275,10.140000343322754,9.020899772644043,43154,13.326800346374512,2.597019910812378,0.2867799997329712
1994,3,11,15,0,0.9441900253295898,11.683500289916992,275,10.469900131225586,9.525199890136719,39384,13.326800346374512,2.4755799770355225,0.26197001338005066
1994,3,11,18,0,0.943198025226593,11.597399711608887,275,10.56820011138916,9.792099952697754,35121,13.326800346374512,2.35194993019104,0.2476699948310852
1994,3,11,21,0,0.9417790174484253,11.506500244140625,275,10.55370044708252,9.874500274658203,31159,13.326800346374512,2.2284998893737793,0.24619999527931213
1994,3,12,0,0,0.9396020174026489,11.406299591064453,275,10.463899612426758,9.82800006866455,27085,12.114999771118164,2.0909600257873535,0.2535499930381775
1994,3,12,3,0,0.9358680248260498,11.257800102233887,275,10.312999725341797,9.700699806213379,22805,12.114999771118164,1.935920000076294,0.2615799903869629
1994,3,12,6,0,0.9339550137519836,10.972399711608887,265,9.953200340270996,9.329099655151367,19571,12.114999771118164,1.822059988975525,0.28205999732017517
1994,3,12,9,0,0.933197021484375,10.379899978637695,265,9.232999801635742,8.596400260925293,18759,12.114999771118164,1.8433799743652344,0.32196998596191406
1994,3,12,12,0,0.9328460097312927,10.159199714660645,265,8.957500457763672,8.29259967803955,19003,11.013500213623047,1.8787699937820435,0.33660998940467834
1994,3,12,15,0,0.9377269744873047,10.303500175476074,265,9.120800018310547,8.420900344848633,21627,11.013500213623047,1.9874000549316406,0.322519987821579
1994,3,12,18,0,0.9429799914360046,10.509099960327148,265,9.384699821472168,8.690099716186523,25161,11.013500213623047,2.11926007270813,0.30553001165390015
1994,3,12,21,0,0.947085976600647,10.902400016784668,265,9.777400016784668,9.070899963378906,30219,11.013500213623047,2.270090103149414,0.295740008354187
1994,3,13,0,0,0.950626015663147,11.43120002746582,265,10.305299758911133,9.573599815368652,38923,14.659700393676758,2.499840021133423,0.2808699905872345
1994,3,13,3,0,0.9524629712104797,11.743000030517578,265,10.676300048828125,9.95479965209961,46993,14.659700393676758,2.7003300189971924,0.2634100019931793
1994,3,13,6,0,0.9539669752120972,11.983400344848633,265,11.002799987792969,10.32409954071045,54055,14.659700393676758,2.859879970550537,0.24674999713897705
1994,3,13,9,0,0.9558860063552856,12.156700134277344,265,11.26830005645752,10.640999794006348,60697,14.659700393676758,3.0035400390625,0.23037999868392944
1994,3,13,12,0,0.9564679861068726,12.130800247192383,265,11.333399772644043,10.761799812316895,63140,13.326800346374512,3.068190097808838,0.21675999462604523
1994,3,13,15,0,0.9542880058288574,11.938300132751465,265,11.212599754333496,10.691399574279785,60443,13.326800346374512,3.0339701175689697,0.2081799954175949
1994,3,13,18,0,0.9495959877967834,11.663200378417969,265,10.97920036315918,10.4931001663208,54384,13.326800346374512,2.922569990158081,0.20523999631404877
1994,3,13,21,0,0.9429709911346436,11.351200103759766,265,10.678400039672852,10.209600448608398,46834,12.114999771118164,2.760730028152466,0.20779000222682953
1994,3,14,0,0,0.9357749819755554,11.058899879455566,265,10.38129997253418,9.918000221252441,40138,12.114999771118164,2.5994300842285156,0.2126999944448471
1994,3,14,3,0,0.9288730025291443,10.81779956817627,255,10.13129997253418,9.668299674987793,35058,12.114999771118164,2.464139938354492,0.21769000589847565
1994,3,14,6,0,0.9221649765968323,10.63949966430664,265,9.94540023803711,9.48169994354248,31615,12.114999771118164,2.3651199340820312,0.22179000079631805
1994,3,14,9,0,0.9169939756393433,10.466899871826172,265,9.752400398254395,9.264200210571289,29209,11.013500213623047,2.2972300052642822,0.22606000304222107
1994,3,14,12,0,0.9136859774589539,10.197699546813965,265,9.400699615478516,8.833499908447266,26956,11.013500213623047,2.2424800395965576,0.23803000152111053
1994,3,14,15,0,0.9112589955329895,9.986100196838379,265,9.189900398254395,8.636799812316895,24418,11.013500213623047,2.162869930267334,0.24282999336719513
1994,3,14,18,0,0.9093300104141235,9.878399848937988,265,9.11520004272461,8.598099708557129,21927,11.013500213623047,2.0644500255584717,0.24289000034332275
1994,3,14,21,0,0.9080960154533386,9.830599784851074,265,9.087499618530273,8.598199844360352,20015,11.013500213623047,1.9786399602890015,0.24466000497341156
1994,3,15,0,0,0.9078239798545837,9.829400062561035,265,9.087499618530273,8.611900329589844,18674,11.013500213623047,1.910949945449829,0.24855999648571014
1994,3,15,3,0,0.9080010056495667,9.865699768066406,265,9.103400230407715,8.615300178527832,17727,10.01200008392334,1.8566399812698364,0.25429999828338623
1994,3,15,6,0,0.9078800082206726,9.920000076293945,265,9.11240005493164,8.571499824523926,16913,10.01200008392334,1.8068000078201294,0.2637900114059448
1994,3,15,9,0,0.9073200225830078,10.05780029296875,265,9.172499656677246,8.615500450134277,16386,10.01200008392334,1.7644000053405762,0.2890399992465973
1994,3,15,12,0,0.8841099739074707,9.399700164794922,265,6.981900215148926,5.605500221252441,19081,10.01200008392334,1.9655699729919434,0.45587998628616333
1994,3,15,15,0,0.8453649878501892,9.759400367736816,265,6.926000118255615,5.645599842071533,32205,19.513200759887695,2.480340003967285,0.5337200164794922
1994,3,15,18,0,0.8683940172195435,11.25529956817627,275,8.065600395202637,6.450099945068359,55645,17.73889923095703,2.9912400245666504,0.4740599989891052
1994,3,15,21,0,0.9029539823532104,12.547100067138672,275,9.907600402832031,8.173500061035156,75973,17.73889923095703,3.2824199199676514,0.37279000878334045
1994,3,16,0,0,0.9209799766540527,12.965399742126465,285,11.077799797058105,9.704700469970703,82450,16.125999450683594,3.3568201065063477,0.30809998512268066
1994,3,16,3,0,0.9284470081329346,12.967700004577637,285,11.473999977111816,10.396900177001953,79229,16.125999450683594,3.2912700176239014,0.278329998254776
1994,3,16,6,0,0.9335770010948181,12.877599716186523,285,11.518500328063965,10.473999977111816,71986,16.125999450683594,3.151010036468506,0.2653599977493286
1994,3,16,9,0,0.9387000203132629,12.71720027923584,285,11.4552001953125,10.4306001663208,64518,14.659700393676758,3.0062599182128906,0.2551499903202057
1994,3,16,12,0,0.9391599893569946,12.561400413513184,285,11.441699981689453,10.589500427246094,59671,14.659700393676758,2.913710117340088,0.2455500066280365
1994,3,16,15,0,0.9324589967727661,12.329000473022461,285,11.292099952697754,10.548500061035156,55517,14.659700393676758,2.8436501026153564,0.24289999902248383
1994,3,16,18,0,0.9234650135040283,11.740500450134277,285,10.042099952697754,8.405599594116211,50189,14.659700393676758,2.7811999320983887,0.2768999934196472
1994,3,16,21,0,0.8492770195007324,9.479299545288086,275,7.370699882507324,6.172100067138672,52693,13.326800346374512,3.214750051498413,0.4143800139427185
1994,3,17,0,0,0.8042629957199097,8.64739990234375,245,7.434299945831299,6.660600185394287,72762,8.274100303649902,4.033860206604004,0.3484799861907959
1994,3,17,3,0,0.820343017578125,9.35200023651123,255,8.39210033416748,7.773099899291992,74110,9.101699829101562,3.906049966812134,0.29207998514175415
1994,3,17,6,0,0.825419008731842,9.26830005645752,265,8.314499855041504,7.680699825286865,71223,9.101699829101562,3.8512299060821533,0.28964000940322876
1994,3,17,9,0,0.8404849767684937,9.585200309753418,265,8.726799964904785,8.161999702453613,68670,10.01200008392334,3.7107999324798584,0.26952001452445984
1994,3,17,12,0,0.8616269826889038,9.936300277709961,275,9.08180046081543,8.505900382995605,66855,11.013500213623047,3.5818800926208496,0.2599399983882904
1994,3,17,15,0,0.8766930103302002,10.179499626159668,275,9.367600440979004,8.82409954071045,61844,12.114999771118164,3.3951098918914795,0.24919000267982483
1994,3,17,18,0,0.8386340141296387,9.203700065612793,275,7.582600116729736,6.4274001121521,56881,11.013500213623047,3.4367001056671143,0.33987000584602356
1994,3,17,21,0,0.7541339993476868,8.434100151062012,255,7.303699970245361,6.5320000648498535,63688,11.013500213623047,3.8390700817108154,0.3271999955177307
1994,3,18,0,0,0.8031749725341797,8.875399589538574,235,8.086899757385254,7.546000003814697,85375,9.101699829101562,4.342619895935059,0.26502999663352966
1994,3,18,3,0,0.8119869828224182,9.372900009155273,245,8.645099639892578,8.157400131225586,90375,10.01200008392334,4.329010009765625,0.2476699948310852
1994,3,18,6,0,0.8054109811782837,9.656399726867676,255,8.912199974060059,8.425800323486328,79744,10.01200008392334,3.989729881286621,0.24931000173091888
1994,3,18,9,0,0.8267289996147156,10.207300186157227,265,9.507699966430664,9.0802001953125,80100,11.013500213623047,3.8626999855041504,0.23991000652313232
1994,3,18,12,0,0.8659129738807678,10.786399841308594,275,10.046500205993652,9.595800399780273,88187,12.114999771118164,3.9108200073242188,0.2384600043296814
1994,3,18,15,0,0.8971819877624512,11.21660041809082,275,10.382800102233887,9.854900360107422,94987,12.114999771118164,3.9551899433135986,0.24355000257492065
1994,3,18,18,0,0.9176350235939026,11.565799713134766,275,10.644399642944336,10.050999641418457,102104,13.326800346374512,4.019169807434082,0.24958999454975128
1994,3,18,21,0,0.9316840171813965,11.880800247192383,275,10.894800186157227,10.2298002243042,107532,13.326800346374512,4.054629802703857,0.25102999806404114
1994,3,19,0,0,0.9409379959106445,12.083100318908691,275,10.944600105285645,10.054200172424316,110862,13.326800346374512,4.071839809417725,0.25659000873565674
1994,3,19,3,0,0.9463639855384827,12.32759952545166,275,11.28600025177002,10.569199562072754,112977,13.326800346374512,4.061089992523193,0.2497600018978119
1994,3,19,6,0,0.9495919942855835,12.497699737548828,275,11.513699531555176,10.85669994354248,112326,14.659700393676758,4.016129970550537,0.24311000108718872
1994,3,19,9,0,0.952593982219696,12.655799865722656,275,11.709400177001953,11.07759952545166,113925,14.659700393676758,4.013599872589111,0.2368299961090088
1994,3,19,12,0,0.9541149735450745,12.734199523925781,275,11.840999603271484,11.241700172424316,116760,14.659700393676758,4.047699928283691,0.2289399951696396
1994,3,19,15,0,0.9533069729804993,12.588299751281738,275,11.73799991607666,11.17039966583252,108421,14.659700393676758,3.9283900260925293,0.22520999610424042
1994,3,19,18,0,0.9533990025520325,12.29699993133545,285,11.474499702453613,10.93019962310791,93069,13.326800346374512,3.693429946899414,0.2249699980020523
1994,3,19,21,0,0.9531679749488831,11.96310043334961,285,11.155699729919434,10.623700141906738,77992,13.326800346374512,3.440380096435547,0.22662000358104706
1994,3,20,0,0,0.9527209997177124,11.654199600219727,285,10.83489990234375,10.280400276184082,65240,13.326800346374512,3.1989500522613525,0.22989000380039215
1994,3,20,3,0,0.9513530135154724,11.370400428771973,285,10.48490047454834,9.791299819946289,54674,13.326800346374512,2.974090099334717,0.23476000130176544
1994,3,20,6,0,0.9439939856529236,10.867300033569336,285,9.42650032043457,8.032699584960938,45113,13.326800346374512,2.7734999656677246,0.2682099938392639
1994,3,20,9,0,0.864080011844635,8.756999969482422,275,6.850900173187256,5.740099906921387,42416,12.114999771118164,3.0327799320220947,0.4061099886894226
1994,3,20,12,0,0.7477629780769348,7.816199779510498,255,6.475599765777588,5.637400150299072,48912,12.114999771118164,3.5003600120544434,0.37665998935699463
1994,3,20,15,0,0.7346879839897156,8.028800010681152,235,6.884500026702881,6.083000183105469,55403,8.274100303649902,3.68887996673584,0.3283500075340271
1994,3,20,18,0,0.7345860004425049,8.362500190734863,225,7.367300033569336,6.620800018310547,61109,9.101699829101562,3.795949935913086,0.29433000087738037
1994,3,20,21,0,0.7438639998435974,8.554300308227539,225,7.6427998542785645,6.9456000328063965,66913,9.101699829101562,3.9270100593566895,0.2761400043964386
1994,3,21,0,0,0.7393720149993896,8.887100219726562,225,8.109800338745117,7.534999847412109,65014,9.101699829101562,3.7913401126861572,0.2538900077342987
1994,3,21,3,0,0.7530329823493958,8.937800407409668,225,8.13290023803711,7.52869987487793,67424,9.101699829101562,3.847369909286499,0.25523000955581665
1994,3,21,6,0,0.7815189957618713,8.954000473022461,225,8.118200302124023,7.4741997718811035,75713,10.01200008392334,4.072309970855713,0.2565000057220459
1994,3,21,9,0,0.8424460291862488,9.32289981842041,225,8.444999694824219,7.7795000076293945,106725,10.01200008392334,4.714980125427246,0.25947999954223633
1994,3,21,12,0,0.9163280129432678,11.290599822998047,245,10.304499626159668,9.66919994354248,344294,12.114999771118164,7.494719982147217,0.26287001371383667
1994,3,21,15,0,0.9330350160598755,12.726499557495117,255,11.667699813842773,10.966300010681152,384207,14.659700393676758,7.34512996673584,0.2502399981021881
1994,3,21,18,0,0.9274029731750488,12.2677001953125,265,11.15779972076416,10.407299995422363,273717,14.659700393676758,6.336219787597656,0.25863000750541687
1994,3,21,21,0,0.9267939925193787,11.973999977111816,265,10.990400314331055,10.34469985961914,190880,13.326800346374512,5.375929832458496,0.25088000297546387
1994,3,22,0,0,0.9341639876365662,12.160699844360352,265,11.222900390625,10.628399848937988,157243,13.326800346374512,4.836639881134033,0.2474599927663803
1994,3,22,3,0,0.9409549832344055,12.781999588012695,265,11.809499740600586,11.19219970703125,164947,14.659700393676758,4.804679870605469,0.24484999477863312
1994,3,22,6,0,0.9469419717788696,13.199700355529785,275,12.248499870300293,11.631999969482422,174033,14.659700393676758,4.8384599685668945,0.23544000089168549
1994,3,22,9,0,0.9493730068206787,13.198699951171875,275,12.26830005645752,11.66670036315918,159358,14.659700393676758,4.629720211029053,0.2329999953508377
1994,3,22,12,0,0.9493820071220398,13.02239990234375,275,12.100299835205078,11.506699562072754,136981,14.659700393676758,4.327079772949219,0.23405000567436218
1994,3,22,15,0,0.948432981967926,12.774900436401367,275,11.87969970703125,11.30109977722168,116025,14.659700393676758,4.0283098220825195,0.23249000310897827
1994,3,22,18,0,0.9469959735870361,12.508199691772461,275,11.652700424194336,11.097000122070312,98145,14.659700393676758,3.7529799938201904,0.2292799949645996
1994,3,22,21,0,0.9446820020675659,12.249500274658203,275,11.430800437927246,10.89799976348877,83020,13.326800346374512,3.4971299171447754,0.22662000358104706
1994,3,23,0,0,0.9416790008544922,12.004500389099121,275,11.215499877929688,10.70199966430664,70302,13.326800346374512,3.2597599029541016,0.22495000064373016
1994,3,23,3,0,0.9387009739875793,11.770899772644043,275,11.010199546813965,10.513999938964844,59894,13.326800346374512,3.04692006111145,0.22290000319480896
1994,3,23,6,0,0.9372069835662842,11.538700103759766,285,10.81190013885498,10.334600448608398,51474,13.326800346374512,2.8614799976348877,0.21940000355243683
1994,3,23,9,0,0.9353880286216736,11.299300193786621,285,10.604100227355957,10.145500183105469,44151,13.326800346374512,2.6870501041412354,0.2164900004863739
1994,3,23,12,0,0.9315540194511414,11.012200355529785,285,10.341699600219727,9.901000022888184,36820,12.114999771118164,2.495959997177124,0.2158699929714203
1994,3,23,15,0,0.9258909821510315,10.695899963378906,285,10.045000076293945,9.61299991607666,30115,12.114999771118164,2.301229953765869,0.21605999767780304
1994,3,23,18,0,0.9192129969596863,10.374699592590332,285,9.64169979095459,8.954500198364258,24539,12.114999771118164,2.1189799308776855,0.21868999302387238
1994,3,23,21,0,0.8848680257797241,9.38230037689209,275,7.5269999504089355,6.0808000564575195,20370,11.013500213623047,2.0412299633026123,0.31657999753952026
1994,3,24,0,0,0.877705991268158,9.26710033416748,285,7.475500106811523,6.043900012969971,16209,11.013500213623047,1.8372600078582764,0.3153400123119354
1994,3,24,3,0,0.873071014881134,9.118599891662598,285,7.079599857330322,5.626699924468994,13338,11.013500213623047,1.6817799806594849,0.357369989156723
1994,3,24,6,0,0.8623129725456238,9.469799995422363,285,6.964600086212158,5.419300079345703,12604,11.013500213623047,1.5951800346374512,0.4239799976348877
1994,3,24,9,0,0.7967190146446228,10.495800018310547,275,7.74560022354126,5.964300155639648,16555,10.01200008392334,1.7175699472427368,0.4231500029563904
1994,3,24,12,0,0.7639390230178833,11.021499633789062,265,8.192700386047363,6.306000232696533,22980,17.73889923095703,1.9597300291061401,0.40849998593330383
1994,3,24,15,0,0.7679340243339539,11.594599723815918,265,8.801899909973145,6.775899887084961,30770,16.125999450683594,2.195349931716919,0.376010000705719
1994,3,24,18,0,0.7989320158958435,12.076700210571289,275,9.553299903869629,7.449999809265137,36791,16.125999450683594,2.3414499759674072,0.335750013589859
1994,3,24,21,0,0.8316029906272888,12.468299865722656,275,10.77929973602295,9.138400077819824,41574,14.659700393676758,2.444430112838745,0.28101998567581177
1994,3,25,0,0,0.8420400023460388,12.575400352478027,285,11.459799766540527,10.526000022888184,44834,14.659700393676758,2.5278499126434326,0.249439999461174
1994,3,25,3,0,0.8419389724731445,12.37600040435791,285,11.397199630737305,10.611300468444824,42385,14.659700393676758,2.483599901199341,0.24201999604701996
1994,3,25,6,0,0.8503040075302124,12.106200218200684,285,11.206000328063965,10.592000007629395,36803,14.659700393676758,2.347019910812378,0.24280999600887299
1994,3,25,9,0,0.8647140264511108,11.700799942016602,285,10.583100318908691,9.83650016784668,33164,14.659700393676758,2.27374005317688,0.2744399905204773
1994,3,25,12,0,0.8734560012817383,11.223400115966797,285,9.945799827575684,9.149700164794922,30136,13.326800346374512,2.224519968032837,0.31301000714302063
1994,3,25,15,0,0.8757259845733643,11.042200088500977,285,9.654399871826172,8.86620044708252,26947,13.326800346374512,2.1326398849487305,0.35425999760627747
1994,3,25,18,0,0.878354012966156,11.06149959564209,285,9.523699760437012,8.687100410461426,24260,13.326800346374512,2.0283100605010986,0.3876200020313263
1994,3,25,21,0,0.8909950256347656,11.641799926757812,285,9.739700317382812,8.764599800109863,23885,13.326800346374512,1.958549976348877,0.42381998896598816
1994,3,26,0,0,0.9098860025405884,12.761099815368652,285,10.326000213623047,9.17240047454834,26149,21.46489906311035,1.949180006980896,0.4454599916934967
1994,3,26,3,0,0.9197580218315125,12.801799774169922,285,9.769399642944336,7.927700042724609,25507,21.46489906311035,1.9193400144577026,0.4562700092792511
1994,3,26,6,0,0.9385039806365967,13.2475004196167,285,9.95419979095459,8.020299911499023,31058,19.513200759887695,2.0672500133514404,0.44093000888824463
1994,3,26,9,0,0.9492350220680237,14.063599586486816,285,10.793399810791016,8.720199584960938,38556,19.513200759887695,2.222490072250366,0.4036000072956085
1994,3,26,12,0,0.9496309757232666,14.301799774169922,285,11.285400390625,9.223999977111816,37260,19.513200759887695,2.1633799076080322,0.38016000390052795
1994,3,26,15,0,0.950829029083252,14.323200225830078,275,11.631999969482422,9.674699783325195,35321,19.513200759887695,2.0997700691223145,0.35717999935150146
1994,3,26,18,0,0.9537879824638367,14.40820026397705,275,11.83899974822998,9.8100004196167,36848,17.73889923095703,2.1306800842285156,0.33660998940467834
1994,3,26,21,0,0.9553130269050598,14.351400375366211,275,11.852700233459473,9.829700469970703,39160,17.73889923095703,2.1950900554656982,0.324180006980896
1994,3,27,0,0,0.95905601978302,14.359399795532227,285,12.289899826049805,10.579400062561035,43112,17.73889923095703,2.297149896621704,0.2964499890804291
1994,3,27,3,0,0.9615510106086731,14.250900268554688,285,12.57509994506836,11.215800285339355,45184,17.73889923095703,2.3586699962615967,0.273360013961792
1994,3,27,6,0,0.9614769816398621,14.026900291442871,285,12.60159969329834,11.483699798583984,44624,16.125999450683594,2.363420009613037,0.25773000717163086
1994,3,27,9,0,0.9606810212135315,13.853899955749512,285,12.618200302124023,11.628299713134766,43602,16.125999450683594,2.3516299724578857,0.24167999625205994
1994,3,27,12,0,0.9588189721107483,13.714400291442871,285,12.592100143432617,11.656900405883789,41583,16.125999450683594,2.309580087661743,0.23072999715805054
1994,3,27,15,0,0.9556369781494141,13.535900115966797,275,12.490500450134277,11.577500343322754,38004,16.125999450683594,2.225290060043335,0.22442999482154846
1994,3,27,18,0,0.952921986579895,13.30679988861084,275,12.245699882507324,11.27750015258789,34414,14.659700393676758,2.1390600204467773,0.2246900051832199
1994,3,27,21,0,0.9498550295829773,13.075699806213379,275,11.899200439453125,10.677599906921387,31860,14.659700393676758,2.079430103302002,0.2279299944639206
1994,3,28,0,0,0.9489629864692688,12.957099914550781,275,11.999199867248535,11.08590030670166,29580,14.659700393676758,2.0158300399780273,0.21692000329494476
1994,3,28,3,0,0.9481340050697327,12.800200462341309,275,11.99590015411377,11.3233003616333,27398,14.659700393676758,1.9554599523544312,0.20927000045776367
1994,3,28,6,0,0.9465630054473877,12.610799789428711,275,11.861800193786621,11.306300163269043,25010,14.659700393676758,1.8860199451446533,0.20760999619960785
1994,3,28,9,0,0.9442149996757507,12.407899856567383,275,11.674699783325195,11.137700080871582,22240,13.326800346374512,1.7970099449157715,0.2080399990081787
1994,3,28,12,0,0.9414359927177429,12.208499908447266,275,11.496700286865234,10.978599548339844,19666,13.326800346374512,1.7076900005340576,0.20758000016212463
1994,3,28,15,0,0.9383260011672974,12.028900146484375,275,11.339699745178223,10.815199851989746,17577,13.326800346374512,1.630270004272461,0.20539000630378723
1994,3,28,18,0,0.9343370199203491,11.864299774169922,275,11.18220043182373,10.59570026397705,15749,13.326800346374512,1.557479977607727,0.20306000113487244
1994,3,28,21,0,0.9283850193023682,11.634599685668945,275,10.814299583435059,10.058099746704102,14252,13.326800346374512,1.4997299909591675,0.2132200002670288
1994,3,29,0,0,0.9168469905853271,11.03600025177002,275,9.28689956665039,7.513800144195557,13369,12.114999771118164,1.4963799715042114,0.2661699950695038
1994,3,29,3,0,0.8735309839248657,9.705300331115723,265,7.519599914550781,6.061299800872803,13668,12.114999771118164,1.6245299577713013,0.3666499853134155
1994,3,29,6,0,0.8260419964790344,9.045000076293945,265,6.992800235748291,5.735099792480469,13668,12.114999771118164,1.6923099756240845,0.3941900134086609
1994,3,29,9,0,0.7939789891242981,8.825200080871582,265,6.965199947357178,5.820799827575684,13094,12.114999771118164,1.682610034942627,0.3934899866580963
1994,3,29,12,0,0.7759339809417725,8.641799926757812,255,6.892099857330322,5.832099914550781,12546,12.114999771118164,1.668619990348816,0.39952999353408813
1994,3,29,15,0,0.7670999765396118,8.582099914550781,255,7.01800012588501,6.073400020599365,12161,12.114999771118164,1.6519299745559692,0.39893001317977905
1994,3,29,18,0,0.7670570015907288,8.681300163269043,255,7.289899826049805,6.483799934387207,12073,11.013500213623047,1.6378599405288696,0.396230012178421
1994,3,29,21,0,0.7799109816551208,9.053400039672852,245,7.712600231170654,6.959099769592285,13778,8.274100303649902,1.7109400033950806,0.39660000801086426
1994,3,30,0,0,0.7916439771652222,9.434300422668457,245,8.113100051879883,7.311200141906738,16423,9.101699829101562,1.8266199827194214,0.3806400001049042
1994,3,30,3,0,0.8010339736938477,9.929400444030762,245,8.612299919128418,7.867499828338623,18811,9.101699829101562,1.89614999294281,0.3705799877643585
1994,3,30,6,0,0.8105660080909729,10.59119987487793,245,9.190400123596191,8.42710018157959,22787,17.73889923095703,2.005880117416382,0.3635900020599365
1994,3,30,9,0,0.8205839991569519,11.005999565124512,255,9.588700294494629,8.810500144958496,26162,16.125999450683594,2.098210096359253,0.35043999552726746
1994,3,30,12,0,0.8261979818344116,11.186800003051758,255,9.791999816894531,9.011199951171875,27637,16.125999450683594,2.133690118789673,0.3382200002670288
1994,3,30,15,0,0.8309140205383301,11.414299964904785,255,10.008399963378906,9.200599670410156,28876,16.125999450683594,2.1521799564361572,0.3284200131893158
1994,3,30,18,0,0.8421249985694885,11.63659954071045,265,10.197799682617188,9.349699974060059,29245,14.659700393676758,2.1385200023651123,0.3219299912452698
1994,3,30,21,0,0.85309898853302,11.783499717712402,265,10.306599617004395,9.405500411987305,28691,14.659700393676758,2.100990056991577,0.3185800015926361
1994,3,31,0,0,0.8683350086212158,11.831700325012207,265,9.809900283813477,8.12909984588623,30101,14.659700393676758,2.1432600021362305,0.32795000076293945
1994,3,31,3,0,0.8861979842185974,11.97130012512207,265,9.817399978637695,8.071100234985352,34508,14.659700393676758,2.2763900756835938,0.32738998532295227
1994,3,31,6,0,0.899154007434845,12.085800170898438,265,9.975600242614746,8.247900009155273,39528,14.659700393676758,2.422679901123047,0.31977999210357666
1994,3,31,9,0,0.9071170091629028,12.098400115966797,275,10.236300468444824,8.731200218200684,42070,14.659700393676758,2.4998199939727783,0.30799999833106995
1994,3,31,12,0,0.9114930033683777,11.973799705505371,275,10.29699993133545,8.970499992370605,41871,14.659700393676758,2.5108299255371094,0.29947999119758606
1994,3,31,15,0,0.9136890172958374,11.810600280761719,275,10.228099822998047,8.927900314331055,39918,14.659700393676758,2.4728899002075195,0.2923800051212311
1994,3,31,18,0,0.9131050109863281,11.626199722290039,275,10.120100021362305,8.880599975585938,36524,13.326800346374512,2.389130115509033,0.2885099947452545
1994,3,31,21,0,0.90938800573349,11.413399696350098,275,9.915399551391602,8.660400390625,32233,13.326800346374512,2.271320104598999,0.2919999957084656
1994,4,1,0,0,0.9024839997291565,11.274200439453125,275,9.753000259399414,8.555700302124023,27843,13.326800346374512,2.1306099891662598,0.3113499879837036
1994,4,1,3,0,0.896507978439331,11.515000343322754,265,9.841400146484375,8.726300239562988,25093,13.326800346374512,2.006380081176758,0.3585900068283081
1994,4,1,6,0,0.9086629748344421,12.649999618530273,265,10.453200340270996,9.189299583435059,27281,21.46489906311035,1.990839958190918,0.4061500132083893
1994,4,1,9,0,0.9292809963226318,14.175299644470215,265,11.602899551391602,10.097000122070312,35153,19.513200759887695,2.1189699172973633,0.38791000843048096
1994,4,1,12,0,0.9443470239639282,14.837300300598145,265,12.467300415039062,10.954999923706055,44133,19.513200759887695,2.306260108947754,0.3459300100803375
1994,4,1,15,0,0.9536139965057373,14.80620002746582,265,12.846199989318848,11.53030014038086,52712,17.73889923095703,2.5128700733184814,0.3107300102710724
1994,4,1,18,0,0.9579629898071289,14.487199783325195,265,12.883600234985352,11.80270004272461,60111,17.73889923095703,2.708169937133789,0.2863900065422058
1994,4,1,21,0,0.9589380025863647,14.053999900817871,265,12.742300033569336,11.865300178527832,66366,16.125999450683594,2.8884100914001465,0.26589998602867126
1994,4,2,0,0,0.9594560265541077,13.62600040435791,255,12.487799644470215,11.736499786376953,67647,16.125999450683594,2.964900016784668,0.2533999979496002
1994,4,2,3,0,0.9590229988098145,13.235199928283691,255,12.182700157165527,11.493000030517578,63649,16.125999450683594,2.923409938812256,0.24762000143527985
1994,4,2,6,0,0.9576249718666077,12.945500373840332,255,11.931500434875488,11.264900207519531,58598,14.659700393676758,2.840909957885742,0.2447900027036667
1994,4,2,9,0,0.9564359784126282,12.663100242614746,255,11.675399780273438,11.021900177001953,52858,14.659700393676758,2.733720064163208,0.24341000616550446
1994,4,2,12,0,0.9555379748344421,12.35890007019043,255,11.402600288391113,10.764399528503418,47232,14.659700393676758,2.622580051422119,0.24157999455928802
1994,4,2,15,0,0.954105019569397,12.093999862670898,255,11.163000106811523,10.536499977111816,42673,14.659700393676758,2.5263500213623047,0.2399500012397766
1994,4,2,18,0,0.952180027961731,11.879799842834473,255,10.962499618530273,10.341300010681152,38643,13.326800346374512,2.43107008934021,0.23951999843120575
1994,4,2,21,0,0.950302004814148,11.70580005645752,255,10.789799690246582,10.154000282287598,35071,13.326800346374512,2.3376998901367188,0.2395000010728836
1994,4,3,0,0,0.9478070139884949,11.040399551391602,255,9.301600456237793,7.767099857330322,33268,13.326800346374512,2.3517699241638184,0.2944999933242798
1994,4,3,3,0,0.9366099834442139,9.649999618530273,255,7.723100185394287,6.486000061035156,35664,13.326800346374512,2.6278700828552246,0.37602999806404114
1994,4,3,6,0,0.9271669983863831,9.19629955291748,265,7.522500038146973,6.4720001220703125,36310,12.114999771118164,2.732409954071045,0.3760400116443634
1994,4,3,9,0,0.9218819737434387,8.885000228881836,265,7.32390022277832,6.34250020980835,35537,12.114999771118164,2.762739896774292,0.37397998571395874
1994,4,3,12,0,0.9194340109825134,8.720600128173828,265,7.208899974822998,6.2382001876831055,33442,12.114999771118164,2.713239908218384,0.36937999725341797
1994,4,3,15,0,0.9208930134773254,8.778400421142578,265,7.338399887084961,6.384300231933594,29473,12.114999771118164,2.54082989692688,0.3568199872970581
1994,4,3,18,0,0.9224479794502258,8.678199768066406,265,7.233500003814697,6.271399974822998,26201,12.114999771118164,2.413059949874878,0.356689989566803
1994,4,3,21,0,0.9189969897270203,8.20680046081543,265,6.860199928283691,5.9878997802734375,26454,11.013500213623047,2.506150007247925,0.362199991941452
1994,4,4,0,0,0.9143850207328796,7.912399768829346,275,6.778299808502197,6.023900032043457,29899,11.013500213623047,2.7287099361419678,0.34119999408721924
1994,4,4,3,0,0.9130579829216003,7.940000057220459,275,6.888800144195557,6.154099941253662,30419,8.274100303649902,2.7534101009368896,0.32159000635147095
1994,4,4,6,0,0.9143270254135132,8.082300186157227,275,7.084499835968018,6.374800205230713,26896,9.101699829101562,2.565730094909668,0.3101400136947632
1994,4,4,9,0,0.9181439876556396,8.314000129699707,275,7.3933000564575195,6.748700141906738,22537,10.01200008392334,2.3124399185180664,0.2992599904537201
1994,4,4,12,0,0.9188500046730042,8.410699844360352,275,7.371799945831299,6.620200157165527,18737,10.01200008392334,2.09155011177063,0.31244000792503357
1994,4,4,15,0,0.9183440208435059,8.416000366210938,275,7.252600193023682,6.441699981689453,16911,10.01200008392334,1.9814499616622925,0.3336000144481659
1994,4,4,18,0,0.9178299903869629,8.53339958190918,275,7.261000156402588,6.392499923706055,15708,10.01200008392334,1.8907400369644165,0.3469800055027008
1994,4,4,21,0,0.9170389771461487,8.604000091552734,275,7.118000030517578,6.116300106048584,14879,10.01200008392334,1.8274999856948853,0.3647899925708771
1994,4,5,0,0,0.9162780046463013,8.676899909973145,275,7.08459997177124,6.048500061035156,14578,10.01200008392334,1.7976499795913696,0.3747200071811676
1994,4,5,3,0,0.9178370237350464,9.058199882507324,275,7.609899997711182,6.666500091552734,14304,12.114999771118164,1.7386800050735474,0.3549799919128418
1994,4,5,6,0,0.9200779795646667,9.469900131225586,275,8.051400184631348,7.104899883270264,13972,12.114999771118164,1.6772799491882324,0.34727001190185547
1994,4,5,9,0,0.9211729764938354,9.84529972076416,275,8.42959976196289,7.482699871063232,13576,12.114999771118164,1.6190099716186523,0.35093000531196594
1994,4,5,12,0,0.9239339828491211,10.37600040435791,275,8.828300476074219,7.856500148773193,13829,11.013500213623047,1.5859299898147583,0.3746100068092346
1994,4,5,15,0,0.927918016910553,11.006099700927734,275,9.265199661254883,8.231599807739258,14598,19.513200759887695,1.5737799406051636,0.39118000864982605
1994,4,5,18,0,0.9349439740180969,11.864100456237793,275,9.901599884033203,8.723999977111816,16675,17.73889923095703,1.6061400175094604,0.3859499990940094
1994,4,5,21,0,0.9329530000686646,11.917799949645996,275,8.75469970703125,6.597599983215332,19342,17.73889923095703,1.7170000076293945,0.4120100140571594
1994,4,6,0,0,0.9163950085639954,11.175000190734863,265,7.849800109863281,6.077899932861328,24247,17.73889923095703,1.9831299781799316,0.4625000059604645
1994,4,6,3,0,0.8777199983596802,10.045599937438965,255,7.255199909210205,5.8694000244140625,33086,16.125999450683594,2.4607300758361816,0.4925999939441681
1994,4,6,6,0,0.8509079813957214,9.791199684143066,255,7.4415998458862305,6.158100128173828,43055,16.125999450683594,2.8596599102020264,0.46191999316215515
1994,4,6,9,0,0.8585289716720581,10.460399627685547,255,8.378499984741211,7.150300025939941,44516,16.125999450683594,2.801259994506836,0.4156700074672699
1994,4,6,12,0,0.88018399477005,11.093500137329102,255,9.120699882507324,7.888599872589111,43312,14.659700393676758,2.6689400672912598,0.3811199963092804
1994,4,6,15,0,0.8965499997138977,11.291899681091309,255,9.598199844360352,8.64169979095459,43041,14.659700393676758,2.6345300674438477,0.3581799864768982
1994,4,6,18,0,0.8982980251312256,10.864899635314941,255,9.394200325012207,8.624500274658203,46838,14.659700393676758,2.8167500495910645,0.3536199927330017
1994,4,6,21,0,0.8969320058822632,10.412799835205078,255,8.838600158691406,7.906199932098389,48483,14.659700393676758,2.938920021057129,0.36607998609542847
1994,4,7,0,0,0.8911179900169373,10.381699562072754,255,8.919899940490723,8.099599838256836,45814,14.659700393676758,2.8643300533294678,0.3583900034427643
1994,4,7,3,0,0.8868740200996399,10.371999740600586,255,8.96399974822998,8.156800270080566,43003,14.659700393676758,2.7791900634765625,0.35071998834609985
1994,4,7,6,0,0.8935019969940186,10.311699867248535,255,9.03849983215332,8.339699745178223,42615,14.659700393676758,2.7809300422668457,0.3395400047302246
1994,4,7,9,0,0.9032689929008484,10.325200080871582,255,9.088399887084961,8.406800270080566,40672,13.326800346374512,2.7168099880218506,0.3344399929046631
1994,4,7,12,0,0.9093589782714844,10.37030029296875,255,9.136199951171875,8.444000244140625,38267,13.326800346374512,2.6294100284576416,0.3319000005722046
1994,4,7,15,0,0.9123759865760803,10.390899658203125,265,9.108400344848633,8.339500427246094,36089,13.326800346374512,2.550640106201172,0.3332099914550781
1994,4,7,18,0,0.9139829874038696,10.39229965209961,265,9.056400299072266,8.248200416564941,33577,13.326800346374512,2.45947003364563,0.3382999897003174
1994,4,7,21,0,0.9101589918136597,10.308799743652344,255,8.697799682617188,7.561699867248535,30924,13.326800346374512,2.3693699836730957,0.35286998748779297
1994,4,8,0,0,0.8985919952392578,9.849200248718262,255,7.785399913787842,6.450900077819824,28912,13.326800346374512,2.3462300300598145,0.39733999967575073
1994,4,8,3,0,0.8636040091514587,9.035099983215332,255,6.980199813842773,5.828800201416016,28647,12.114999771118164,2.450079917907715,0.442440003156662
1994,4,8,6,0,0.843513011932373,8.88599967956543,245,6.984000205993652,5.893499851226807,27174,12.114999771118164,2.4124600887298584,0.4381699860095978
1994,4,8,9,0,0.8222140073776245,8.742600440979004,235,6.909200191497803,5.831099987030029,26577,12.114999771118164,2.411829948425293,0.4341599941253662
1994,4,8,12,0,0.8051379919052124,8.458700180053711,235,6.673399925231934,5.64169979095459,26421,12.114999771118164,2.4526500701904297,0.4398899972438812
1994,4,8,15,0,0.8183259963989258,8.606300354003906,225,7.102099895477295,6.169600009918213,27692,8.274100303649902,2.4943699836730957,0.4055100083351135
1994,4,8,18,0,0.8136690258979797,8.927800178527832,225,7.556300163269043,6.697400093078613,26550,8.274100303649902,2.3943800926208496,0.3858799934387207
1994,4,8,21,0,0.8040869832038879,8.839300155639648,235,7.208899974822998,6.169099807739258,26159,11.013500213623047,2.3873000144958496,0.4038800001144409
1994,4,9,0,0,0.8001220226287842,8.719900131225586,225,7.091000080108643,6.078199863433838,27285,11.013500213623047,2.4563400745391846,0.409170001745224
1994,4,9,3,0,0.8019289970397949,8.656800270080566,225,7.050300121307373,6.056099891662598,28851,10.01200008392334,2.5365800857543945,0.40735000371932983
1994,4,9,6,0,0.8005009889602661,8.573800086975098,225,6.965000152587891,5.991600036621094,30177,10.01200008392334,2.607340097427368,0.4115000069141388
1994,4,9,9,0,0.8027589917182922,8.779899597167969,225,7.226099967956543,6.246699810028076,31513,10.01200008392334,2.630660057067871,0.3967599868774414
1994,4,9,12,0,0.8138279914855957,9.214099884033203,235,7.801300048828125,6.872799873352051,31595,10.01200008392334,2.565000057220459,0.3690199851989746
1994,4,9,15,0,0.8391870260238647,9.621700286865234,235,8.248299598693848,7.297100067138672,32199,10.01200008392334,2.525170087814331,0.34828001260757446
1994,4,9,18,0,0.8651779890060425,9.918600082397461,245,8.550999641418457,7.542399883270264,34497,10.01200008392334,2.567650079727173,0.3315500020980835
1994,4,9,21,0,0.8804870247840881,10.056500434875488,245,8.745100021362305,7.7621002197265625,35143,10.01200008392334,2.5714499950408936,0.3204199969768524
1994,4,10,0,0,0.8888440132141113,10.12909984588623,245,9.00879955291748,8.265399932861328,33758,10.01200008392334,2.5111100673675537,0.30823999643325806
1994,4,10,3,0,0.8960080146789551,10.116399765014648,255,9.134300231933594,8.568599700927734,33432,10.01200008392334,2.501729965209961,0.29886001348495483
1994,4,10,6,0,0.9023249745368958,10.10830020904541,255,9.122200012207031,8.574700355529785,32132,10.01200008392334,2.4521100521087646,0.3004299998283386
1994,4,10,9,0,0.9031429886817932,10.149800300598145,255,9.096400260925293,8.511500358581543,29407,14.659700393676758,2.337100028991699,0.30748000741004944
1994,4,10,12,0,0.9013429880142212,10.250499725341797,255,9.131400108337402,8.498000144958496,26468,14.659700393676758,2.2018001079559326,0.3107700049877167
1994,4,10,15,0,0.9009130001068115,10.336400032043457,265,9.192299842834473,8.527700424194336,24060,14.659700393676758,2.0879199504852295,0.30862998962402344
1994,4,10,18,0,0.9011359810829163,10.355600357055664,265,9.192000389099121,8.476400375366211,21977,13.326800346374512,1.9930499792099,0.30649998784065247
1994,4,10,21,0,0.898822009563446,10.222800254821777,265,8.773200035095215,7.596399784088135,19903,13.326800346374512,1.9100500345230103,0.31613001227378845
1994,4,11,0,0,0.8904590010643005,9.670499801635742,255,7.717100143432617,6.35860013961792,17706,13.326800346374512,1.8555500507354736,0.3676599860191345
1994,4,11,3,0,0.8865870237350464,9.22070026397705,255,7.317200183868408,6.1290998458862305,15672,13.326800346374512,1.7923799753189087,0.3950299918651581
1994,4,11,6,0,0.8844389915466309,8.93340015411377,255,7.300000190734863,6.256199836730957,16507,13.326800346374512,1.8779799938201904,0.38370999693870544
1994,4,11,9,0,0.8885430097579956,9.043499946594238,265,7.537799835205078,6.481599807739258,19639,12.114999771118164,2.040760040283203,0.35343998670578003
1994,4,11,12,0,0.8922190070152283,9.114899635314941,265,7.6234002113342285,6.537199974060059,22546,11.013500213623047,2.1798200607299805,0.3410100042819977
1994,4,11,15,0,0.8948919773101807,9.270000457763672,265,7.9191999435424805,6.934599876403809,24814,10.01200008392334,2.266429901123047,0.3290199935436249
1994,4,11,18,0,0.9024329781532288,9.725600242614746,265,8.334500312805176,7.278900146484375,29628,12.114999771118164,2.405240058898926,0.32207000255584717
1994,4,11,21,0,0.9070249795913696,9.930700302124023,265,8.268600463867188,7.028800010681152,39426,12.114999771118164,2.732189893722534,0.33616000413894653
1994,4,12,0,0,0.9133750200271606,10.269000053405762,265,8.723899841308594,7.521900177001953,46598,12.114999771118164,2.912839889526367,0.3155199885368347
1994,4,12,3,0,0.9069200158119202,9.909000396728516,265,8.203200340270996,6.975500106811523,50630,12.114999771118164,3.096220016479492,0.33963000774383545
1994,4,12,6,0,0.9112600088119507,10.222200393676758,265,8.914899826049805,7.968299865722656,47778,12.114999771118164,2.9605600833892822,0.3021099865436554
1994,4,12,9,0,0.9139220118522644,10.445099830627441,265,9.355999946594238,8.594799995422363,41535,12.114999771118164,2.7294700145721436,0.2769100069999695
1994,4,12,12,0,0.9154360294342041,10.33180046081543,265,9.043700218200684,7.966400146484375,37139,12.114999771118164,2.5977699756622314,0.2827700078487396
1994,4,12,15,0,0.9140570163726807,9.78600025177002,265,8.26039981842041,7.134699821472168,36674,12.114999771118164,2.6604700088500977,0.3230000138282776
1994,4,12,18,0,0.9191840291023254,9.887700080871582,275,8.43280029296875,7.377200126647949,38727,12.114999771118164,2.7173900604248047,0.3219200074672699
1994,4,12,21,0,0.9238619804382324,10.327799797058105,275,8.795100212097168,7.617400169372559,42584,12.114999771118164,2.774019956588745,0.3135499954223633
1994,4,13,0,0,0.9232109785079956,10.646499633789062,275,9.162599563598633,7.964300155639648,45029,13.326800346374512,2.800570011138916,0.29624998569488525
1994,4,13,3,0,0.9196230173110962,10.797499656677246,275,9.549699783325195,8.51259994506836,43202,13.326800346374512,2.724669933319092,0.2712100148200989
1994,4,13,6,0,0.9139299988746643,10.604399681091309,275,9.321999549865723,8.165599822998047,38804,12.114999771118164,2.6139700412750244,0.2684299945831299
1994,4,13,9,0,0.9003450274467468,9.767600059509277,275,8.11460018157959,6.85129976272583,35044,12.114999771118164,2.6042699813842773,0.321399986743927
1994,4,13,12,0,0.8733469843864441,8.92490005493164,275,7.253799915313721,6.155900001525879,32401,12.114999771118164,2.637470006942749,0.36157000064849854
1994,4,13,15,0,0.8781070113182068,9.06779956817627,275,7.830399990081787,6.97160005569458,30030,11.013500213623047,2.526859998703003,0.3178099989891052
1994,4,13,18,0,0.8871880173683167,8.979499816894531,275,7.723999977111816,6.80109977722168,28007,11.013500213623047,2.4585399627685547,0.3119100034236908
1994,4,13,21,0,0.8920350074768066,8.546099662780762,275,7.207699775695801,6.272299766540527,26175,11.013500213623047,2.4445700645446777,0.33348000049591064
1994,4,14,0,0,0.894752025604248,7.872900009155273,275,6.621600151062012,5.810699939727783,28429,11.013500213623047,2.6673998832702637,0.3542799949645996
1994,4,14,3,0,0.8948730230331421,8.00979995727539,285,6.806700229644775,5.985000133514404,28344,10.01200008392334,2.6411900520324707,0.33866000175476074
1994,4,14,6,0,0.897275984287262,8.516200065612793,285,7.368000030517578,6.580100059509277,26656,10.01200008392334,2.473059892654419,0.3239299952983856
1994,4,14,9,0,0.9040709733963013,9.276000022888184,285,8.141200065612793,7.359799861907959,27025,10.01200008392334,2.3679699897766113,0.30816999077796936
1994,4,14,12,0,0.9143660068511963,10.032999992370605,285,8.943599700927734,8.206299781799316,30215,11.013500213623047,2.3888099193573,0.2914600074291229
1994,4,14,15,0,0.9234730005264282,10.602999687194824,285,9.56309986114502,8.873100280761719,34003,11.013500213623047,2.4499800205230713,0.2781200110912323
1994,4,14,18,0,0.9283959865570068,10.8641996383667,285,9.787500381469727,8.984299659729004,35468,12.114999771118164,2.4638400077819824,0.2711400091648102
1994,4,14,21,0,0.905655026435852,9.895099639892578,285,7.746099948883057,6.293700218200684,34795,12.114999771118164,2.562530040740967,0.3665899932384491
1994,4,15,0,0,0.8619480133056641,9.049799919128418,275,7.116300106048584,5.957099914550781,35694,13.326800346374512,2.7299699783325195,0.40268000960350037
1994,4,15,3,0,0.8576310276985168,9.178799629211426,275,7.359600067138672,6.215199947357178,34323,13.326800346374512,2.6588199138641357,0.3851900100708008
1994,4,15,6,0,0.8731880187988281,9.538399696350098,275,7.89900016784668,6.795400142669678,31505,13.326800346374512,2.496659994125366,0.35409000515937805
1994,4,15,9,0,0.8887320160865784,9.851099967956543,285,8.48550033569336,7.5503997802734375,29035,12.114999771118164,2.3578898906707764,0.3223100006580353
1994,4,15,12,0,0.9021779894828796,10.043299674987793,285,8.902099609375,8.1427001953125,28568,12.114999771118164,2.3177599906921387,0.296970009803772
1994,4,15,15,0,0.9151800274848938,10.261300086975098,285,9.272299766540527,8.61929988861084,30589,12.114999771118164,2.3720099925994873,0.2746500074863434
1994,4,15,18,0,0.9293720126152039,10.675299644470215,285,9.765800476074219,9.16189956665039,36380,12.114999771118164,2.5268499851226807,0.2582800090312958
1994,4,15,21,0,0.9446790218353271,11.44789981842041,285,10.537699699401855,9.932000160217285,49900,13.326800346374512,2.8322501182556152,0.2498299926519394
1994,4,16,0,0,0.9531649947166443,11.98330020904541,285,11.10099983215332,10.508600234985352,61808,13.326800346374512,3.0623600482940674,0.23869000375270844
1994,4,16,3,0,0.9551169872283936,12.024800300598145,285,11.201700210571289,10.64330005645752,61446,13.326800346374512,3.0455799102783203,0.22774000465869904
1994,4,16,6,0,0.9537140130996704,11.824899673461914,285,11.053199768066406,10.527899742126465,54659,13.326800346374512,2.9030001163482666,0.22121000289916992
1994,4,16,9,0,0.9503620266914368,11.584199905395508,285,10.844400405883789,10.340399742126465,47242,13.326800346374512,2.73511004447937,0.21852000057697296
1994,4,16,12,0,0.9449350237846375,11.3725004196167,285,10.643799781799316,10.149800300598145,40887,13.326800346374512,2.5755200386047363,0.21961000561714172
1994,4,16,15,0,0.9394569993019104,11.183799743652344,275,10.464300155639648,9.978799819946289,35984,12.114999771118164,2.4433200359344482,0.22120000422000885
1994,4,16,18,0,0.9370549917221069,11.044899940490723,275,10.332599639892578,9.8503999710083,32498,12.114999771118164,2.3415300846099854,0.22197000682353973
1994,4,16,21,0,0.9345679879188538,10.895299911499023,275,10.178099632263184,9.690999984741211,28718,12.114999771118164,2.2209300994873047,0.22516000270843506
1994,4,17,0,0,0.9315590262413025,10.659500122070312,275,9.643699645996094,8.540200233459473,25119,12.114999771118164,2.104870080947876,0.23826999962329865
1994,4,17,3,0,0.9286440014839172,10.483499526977539,275,9.420100212097168,8.397000312805176,22056,12.114999771118164,1.9921300411224365,0.2502399981021881
1994,4,17,6,0,0.9257689714431763,10.433899879455566,275,9.543800354003906,8.80519962310791,19309,12.114999771118164,1.8708100318908691,0.24514999985694885
1994,4,17,9,0,0.9216920137405396,10.347299575805664,275,9.53320026397705,8.926400184631348,17177,11.013500213623047,1.7745100259780884,0.24390000104904175
1994,4,17,12,0,0.9156500101089478,10.249099731445312,275,9.468400001525879,8.929400444030762,15564,11.013500213623047,1.6995899677276611,0.24563999474048615
1994,4,17,15,0,0.9081500172615051,10.174200057983398,275,9.39840030670166,8.888400077819824,14464,11.013500213623047,1.6458300352096558,0.2496899962425232
1994,4,17,18,0,0.9023280143737793,10.144399642944336,265,9.35219955444336,8.84630012512207,13769,11.013500213623047,1.608180046081543,0.2554199993610382
1994,4,17,21,0,0.8988490104675293,10.166500091552734,265,9.340700149536133,8.822500228881836,13326,11.013500213623047,1.5789899826049805,0.2622799873352051
1994,4,18,0,0,0.8973580002784729,10.239500045776367,265,9.369999885559082,8.828900337219238,13071,11.013500213623047,1.5556399822235107,0.2686299979686737
1994,4,18,3,0,0.897828996181488,10.341699600219727,265,9.428600311279297,8.860099792480469,12930,11.013500213623047,1.53643000125885,0.27281999588012695
1994,4,18,6,0,0.898593008518219,10.430800437927246,265,9.486599922180176,8.894000053405762,12802,11.013500213623047,1.5197399854660034,0.2739900052547455
1994,4,18,9,0,0.8965619802474976,10.46969985961914,265,9.522000312805176,8.919300079345703,12793,11.013500213623047,1.515429973602295,0.27145999670028687
1994,4,18,12,0,0.886443018913269,10.399200439453125,265,9.488200187683105,8.901100158691406,13261,12.114999771118164,1.5501600503921509,0.26537999510765076
1994,4,18,15,0,0.8594759702682495,10.12440013885498,255,9.2431001663208,8.671899795532227,14337,11.013500213623047,1.6397199630737305,0.2646700143814087
1994,4,18,18,0,0.838720977306366,9.697500228881836,255,8.804300308227539,8.192399978637695,15808,11.013500213623047,1.7685799598693848,0.2711000144481659
1994,4,18,21,0,0.8294749855995178,9.25100040435791,245,8.336299896240234,7.691699981689453,17047,11.013500213623047,1.8900799751281738,0.2803399860858917
1994,4,19,0,0,0.8239629864692688,9.118599891662598,245,8.278200149536133,7.715400218963623,16963,10.01200008392334,1.903149962425232,0.2777799963951111
1994,4,19,3,0,0.8355799913406372,9.317099571228027,235,8.482399940490723,7.949399948120117,16718,10.01200008392334,1.864169955253601,0.2786700129508972
1994,4,19,6,0,0.8675609827041626,9.679800033569336,235,8.614800453186035,7.713900089263916,18300,10.01200008392334,1.9031399488449097,0.28130999207496643
1994,4,19,9,0,0.8954340219497681,9.56470012664795,235,8.065899848937988,6.850200176239014,21215,12.114999771118164,2.0580101013183594,0.31084999442100525
1994,4,19,12,0,0.9089059829711914,9.456000328063965,225,8.016599655151367,6.863800048828125,23231,11.013500213623047,2.16936993598938,0.30877000093460083
1994,4,19,15,0,0.9157299995422363,9.116000175476074,225,7.678500175476074,6.557400226593018,23427,11.013500213623047,2.2270898818969727,0.31672999262809753
1994,4,19,18,0,0.9167870283126831,8.750200271606445,225,7.353499889373779,6.3125,22597,11.013500213623047,2.2411000728607178,0.32603999972343445
1994,4,19,21,0,0.9151710271835327,8.484199523925781,225,7.143099784851074,6.17080020904541,20724,11.013500213623047,2.1854300498962402,0.33195000886917114
1994,4,20,0,0,0.9093109965324402,8.60669994354248,225,7.499300003051758,6.702499866485596,18107,10.01200008392334,2.029010057449341,0.31200000643730164
1994,4,20,3,0,0.8962519764900208,8.770700454711914,225,7.808499813079834,7.152100086212158,15969,10.01200008392334,1.8865100145339966,0.29850998520851135
1994,4,20,6,0,0.8832489848136902,8.848600387573242,225,7.952899932861328,7.367099761962891,14474,10.01200008392334,1.7872200012207031,0.2940100133419037
1994,4,20,9,0,0.8748909831047058,8.839400291442871,235,7.981900215148926,7.444399833679199,13167,9.101699829101562,1.705399990081787,0.29407998919487
1994,4,20,12,0,0.8690009713172913,8.813300132751465,235,7.968900203704834,7.458499908447266,12099,9.101699829101562,1.6368399858474731,0.29712000489234924
1994,4,20,15,0,0.8607969880104065,8.825799942016602,235,7.96999979019165,7.467100143432617,11376,9.101699829101562,1.5845799446105957,0.3017599880695343
1994,4,20,18,0,0.8482040166854858,8.904199600219727,235,8.016599655151367,7.504199981689453,11043,9.101699829101562,1.5514299869537354,0.3062399923801422
1994,4,20,21,0,0.8337470293045044,9.019000053405762,235,8.096799850463867,7.567299842834473,10976,8.274100303649902,1.5336799621582031,0.30820000171661377
1994,4,21,0,0,0.8282290101051331,9.115500450134277,245,8.155400276184082,7.580699920654297,10968,8.274100303649902,1.5228300094604492,0.3075900077819824
1994,4,21,3,0,0.825760006904602,9.053199768066406,245,7.8024001121521,6.835899829864502,10926,12.114999771118164,1.52469003200531,0.3193199932575226
1994,4,21,6,0,0.8252440094947815,9.147100448608398,245,8.050000190734863,7.286799907684326,10634,12.114999771118164,1.4959800243377686,0.3103500008583069
1994,4,21,9,0,0.8267830014228821,9.175200462341309,245,8.146300315856934,7.453700065612793,10182,12.114999771118164,1.462090015411377,0.30461999773979187
1994,4,21,12,0,0.8315439820289612,8.916099548339844,245,7.4899001121521,6.348899841308594,9886,11.013500213623047,1.4637900590896606,0.32717999815940857
1994,4,21,15,0,0.8283339738845825,7.423399925231934,245,5.75439977645874,4.842299938201904,11944,11.013500213623047,1.775230050086975,0.4342299997806549
1994,4,21,18,0,0.8490380048751831,7.506499767303467,235,6.159900188446045,5.33650016784668,14829,7.5218000411987305,1.9721200466156006,0.39298000931739807
1994,4,21,21,0,0.8593860268592834,7.990699768066406,235,6.667900085449219,5.83519983291626,15627,9.101699829101562,1.9553600549697876,0.37836000323295593
1994,4,22,0,0,0.8700940012931824,8.561300277709961,245,7.1930999755859375,6.333199977874756,16219,9.101699829101562,1.9128299951553345,0.3725599944591522
1994,4,22,3,0,0.8863139748573303,9.206600189208984,245,7.853000164031982,7.032299995422363,17735,13.326800346374512,1.9163600206375122,0.356469988822937
1994,4,22,6,0,0.9008359909057617,9.701399803161621,245,8.381799697875977,7.552299976348877,19920,13.326800346374512,1.970710039138794,0.3338800072669983
1994,4,22,9,0,0.9090440273284912,9.996700286865234,245,8.752900123596191,7.945899963378906,21485,13.326800346374512,2.0126099586486816,0.3141300082206726
1994,4,22,12,0,0.9114850163459778,10.159500122070312,245,8.978500366210938,8.200200080871582,21979,12.114999771118164,2.017319917678833,0.3009699881076813
1994,4,22,15,0,0.9140589833259583,10.236200332641602,255,9.099699974060059,8.30720043182373,22068,12.114999771118164,2.0136899948120117,0.28933998942375183
1994,4,22,18,0,0.9153850078582764,10.190199851989746,255,9.103699684143066,8.299799919128418,21922,12.114999771118164,2.0151400566101074,0.2789199948310852
1994,4,22,21,0,0.9132140278816223,9.951800346374512,255,8.769499778747559,7.767399787902832,21104,12.114999771118164,2.0081300735473633,0.2806699872016907
1994,4,23,0,0,0.9078930020332336,9.518699645996094,255,8.179699897766113,7.080399990081787,19997,11.013500213623047,2.008090019226074,0.30149999260902405
1994,4,23,3,0,0.901839017868042,9.140399932861328,255,7.838500022888184,6.823299884796143,19563,11.013500213623047,2.0360701084136963,0.3136799931526184
1994,4,23,6,0,0.9017210006713867,8.972700119018555,245,7.793499946594238,6.874499797821045,19459,10.01200008392334,2.055910110473633,0.30959999561309814
1994,4,23,9,0,0.9009069800376892,8.987099647521973,245,7.961599826812744,7.1890997886657715,19898,10.01200008392334,2.0796499252319336,0.30094000697135925
1994,4,23,12,0,0.8914679884910583,9.143899917602539,245,8.199299812316895,7.558499813079834,19976,10.01200008392334,2.062809944152832,0.30309000611305237
1994,4,23,15,0,0.8801339864730835,9.388799667358398,245,8.427499771118164,7.815499782562256,19766,10.01200008392334,2.0184900760650635,0.308569997549057
1994,4,23,18,0,0.8746430277824402,9.737899780273438,245,8.746100425720215,8.138199806213379,20718,10.01200008392334,2.0192999839782715,0.3090200126171112
1994,4,23,21,0,0.8791840076446533,10.145899772644043,255,9.109700202941895,8.471699714660645,23221,10.01200008392334,2.0826098918914795,0.30605000257492065
1994,4,24,0,0,0.8900610208511353,10.077400207519531,255,8.422200202941895,7.088900089263916,27361,10.01200008392334,2.2628400325775146,0.3306899964809418
1994,4,24,3,0,0.8968279957771301,10.375800132751465,255,9.150199890136719,8.18179988861084,30763,12.114999771118164,2.362230062484741,0.29499000310897827
1994,4,24,6,0,0.8965680003166199,10.48289966583252,255,9.57610034942627,8.983599662780762,31165,11.013500213623047,2.3666000366210938,0.2704800069332123
1994,4,24,9,0,0.8933820128440857,10.37660026550293,265,9.536499977111816,9.03950023651123,29133,11.013500213623047,2.3032100200653076,0.2681800127029419
1994,4,24,12,0,0.8927170038223267,10.2524995803833,265,9.409099578857422,8.92240047454834,26621,10.01200008392334,2.217550039291382,0.2721000015735626
1994,4,24,15,0,0.8908200263977051,10.157500267028809,265,9.286399841308594,8.787799835205078,24248,10.01200008392334,2.1273999214172363,0.2783699929714203
1994,4,24,18,0,0.8871690034866333,10.031999588012695,265,9.122099876403809,8.600500106811523,21946,10.01200008392334,2.038219928741455,0.28633999824523926
1994,4,24,21,0,0.8836680054664612,9.86240005493164,265,8.80679988861084,8.043999671936035,20422,11.013500213623047,1.9856899976730347,0.2966899871826172
1994,4,25,0,0,0.8810300230979919,9.672699928283691,265,8.389100074768066,7.375500202178955,19593,11.013500213623047,1.9663100242614746,0.31275999546051025
1994,4,25,3,0,0.8704370260238647,9.240699768066406,265,7.682300090789795,6.556300163269043,18541,10.01200008392334,1.9606800079345703,0.34957998991012573
1994,4,25,6,0,0.8493660092353821,8.739899635314941,255,7.570799827575684,6.844699859619141,17906,9.101699829101562,1.9918700456619263,0.34891998767852783
1994,4,25,9,0,0.8429080247879028,8.705400466918945,245,7.875500202178955,7.367400169372559,19140,9.101699829101562,2.0752499103546143,0.3009999990463257
1994,4,25,12,0,0.8523030281066895,9.00220012664795,225,8.356100082397461,7.951399803161621,21854,10.01200008392334,2.183919906616211,0.25652000308036804
1994,4,25,15,0,0.8529769778251648,9.170700073242188,225,8.583700180053711,8.218600273132324,21084,9.101699829101562,2.1244399547576904,0.24279999732971191
1994,4,25,18,0,0.8455470204353333,9.44729995727539,225,8.788999557495117,8.413299560546875,21131,9.101699829101562,2.085789918899536,0.26524999737739563
1994,4,25,21,0,0.866117000579834,10.901100158691406,235,9.838399887084961,9.216500282287598,34379,9.101699829101562,2.4250199794769287,0.30788999795913696
1994,4,26,0,0,0.901557981967926,11.57229995727539,245,9.43120002746582,7.740699768066406,62624,14.659700393676758,3.1325900554656982,0.3356899917125702
1994,4,26,3,0,0.9174649715423584,11.48900032043457,255,9.639399528503418,8.251999855041504,75225,14.659700393676758,3.4444398880004883,0.3243499994277954
1994,4,26,6,0,0.9172469973564148,11.024499893188477,255,9.602100372314453,8.621800422668457,68004,13.326800346374512,3.3643898963928223,0.3093000054359436
1994,4,26,9,0,0.9133380055427551,10.56779956817627,265,9.495200157165527,8.842399597167969,56973,13.326800346374512,3.17044997215271,0.2897000014781952
1994,4,26,12,0,0.9121990203857422,10.244400024414062,265,9.28279972076416,8.7052001953125,44996,12.114999771118164,2.8768699169158936,0.28161001205444336
1994,4,26,15,0,0.9141960144042969,9.881999969482422,265,8.968199729919434,8.42080020904541,36266,12.114999771118164,2.643470048904419,0.282039999961853
1994,4,26,18,0,0.9181150197982788,9.650699615478516,265,8.781000137329102,8.257200241088867,30942,12.114999771118164,2.480370044708252,0.28060001134872437
1994,4,26,21,0,0.9197239875793457,9.544899940490723,265,8.669699668884277,8.126399993896484,26806,11.013500213623047,2.325429916381836,0.28398001194000244
1994,4,27,0,0,0.9203429818153381,9.254300117492676,265,8.036800384521484,7.087200164794922,24080,11.013500213623047,2.2416300773620605,0.31321001052856445
1994,4,27,3,0,0.9212480187416077,9.006600379943848,265,7.841100215911865,7.014999866485596,22997,11.013500213623047,2.2248098850250244,0.32444998621940613
1994,4,27,6,0,0.9223330020904541,9.042799949645996,275,8.065299987792969,7.429800033569336,22256,10.01200008392334,2.186500072479248,0.30970001220703125
1994,4,27,9,0,0.922590970993042,9.087499618530273,275,8.150099754333496,7.5528998374938965,20934,10.01200008392334,2.115230083465576,0.30483001470565796
1994,4,27,12,0,0.9201319813728333,9.114899635314941,275,8.17240047454834,7.5954999923706055,19249,10.01200008392334,2.0238900184631348,0.307669997215271
1994,4,27,15,0,0.9153640270233154,9.169699668884277,275,8.197099685668945,7.607900142669678,17467,10.01200008392334,1.9201600551605225,0.31240999698638916
1994,4,27,18,0,0.9094809889793396,9.220100402832031,265,8.207099914550781,7.601099967956543,15724,10.01200008392334,1.814810037612915,0.3197000026702881
1994,4,27,21,0,0.9044100046157837,9.086199760437012,265,7.723100185394287,6.712200164794922,14178,10.01200008392334,1.7351399660110474,0.3448599874973297
1994,4,28,0,0,0.8951230049133301,8.091300010681152,265,6.272799968719482,5.247000217437744,13810,10.01200008392334,1.8190900087356567,0.4356600046157837
1994,4,28,3,0,0.8857070207595825,7.864200115203857,265,6.209499835968018,5.28980016708374,13196,10.01200008392334,1.805899977684021,0.44176000356674194
1994,4,28,6,0,0.8847659826278687,7.974400043487549,265,6.519599914550781,5.700300216674805,12264,10.01200008392334,1.7288099527359009,0.42497000098228455
1994,4,28,9,0,0.887257993221283,8.151700019836426,265,6.821599960327148,6.0792999267578125,11753,11.013500213623047,1.6726100444793701,0.40918999910354614
1994,4,28,12,0,0.8889380097389221,8.429699897766113,265,7.051000118255615,6.280200004577637,11306,11.013500213623047,1.608389973640442,0.40470001101493835
1994,4,28,15,0,0.8950650095939636,8.805100440979004,265,7.3180999755859375,6.463799953460693,11578,11.013500213623047,1.5863699913024902,0.39653998613357544
1994,4,28,18,0,0.904492974281311,9.331000328063965,265,7.786200046539307,6.8196001052856445,12640,11.013500213623047,1.6040799617767334,0.37046998739242554
1994,4,28,21,0,0.9133790135383606,9.812299728393555,265,8.280200004577637,7.154600143432617,13933,11.013500213623047,1.6382999420166016,0.3355399966239929
1994,4,29,0,0,0.9192699790000916,10.031299591064453,265,8.484600067138672,7.1793999671936035,14699,11.013500213623047,1.6636500358581543,0.3129900097846985
1994,4,29,3,0,0.9219380021095276,10.245599746704102,265,9.035099983215332,8.020000457763672,14621,11.013500213623047,1.6417800188064575,0.2863999903202057
1994,4,29,6,0,0.9223089814186096,10.340800285339355,265,9.316200256347656,8.508899688720703,14150,11.013500213623047,1.6079000234603882,0.27316001057624817
1994,4,29,9,0,0.9216330051422119,10.371700286865234,265,9.435400009155273,8.755599975585938,13506,12.114999771118164,1.568750023841858,0.2692900002002716
1994,4,29,12,0,0.919854998588562,10.380399703979492,265,9.474900245666504,8.868499755859375,12798,11.013500213623047,1.5262900590896606,0.2715199887752533
1994,4,29,15,0,0.9179810285568237,10.381799697875977,265,9.418899536132812,8.729299545288086,12058,11.013500213623047,1.4806100130081177,0.27862000465393066
1994,4,29,18,0,0.9109159708023071,9.65530014038086,255,7.493100166320801,5.944399833679199,11589,11.013500213623047,1.5060700178146362,0.3652699887752533
1994,4,29,21,0,0.8693900108337402,7.448400020599365,255,5.628200054168701,4.757299900054932,15386,11.013500213623047,1.9977699518203735,0.49000999331474304
1994,4,30,0,0,0.8591240048408508,7.973100185394287,255,6.4604997634887695,5.59660005569458,17998,13.326800346374512,2.0909299850463867,0.41776999831199646
1994,4,30,3,0,0.8791249990463257,8.703700065612793,255,7.340700149536133,6.498300075531006,18167,13.326800346374512,2.0047099590301514,0.3680900037288666
1994,4,30,6,0,0.8941429853439331,8.947999954223633,255,7.656099796295166,6.8403000831604,18980,13.326800346374512,2.0185298919677734,0.35012000799179077
1994,4,30,9,0,0.901282012462616,9.008999824523926,255,7.7133002281188965,6.860000133514404,21479,12.114999771118164,2.1403000354766846,0.3419800102710724
1994,4,30,12,0,0.9071670174598694,9.16510009765625,265,7.91379976272583,7.076300144195557,24110,12.114999771118164,2.2470200061798096,0.3285999894142151
1994,4,30,15,0,0.9137870073318481,9.32289981842041,265,8.093199729919434,7.195400238037109,26007,12.114999771118164,2.3142900466918945,0.3113600015640259
1994,4,30,18,0,0.9136719703674316,9.456999778747559,265,8.433799743652344,7.707300186157227,25812,12.114999771118164,2.291300058364868,0.28784000873565674
1994,4,30,21,0,0.9115840196609497,9.462400436401367,265,8.521599769592285,7.84250020980835,23382,11.013500213623047,2.18245005607605,0.27772000432014465
1994,5,1,0,0,0.9103670120239258,9.392900466918945,265,8.428600311279297,7.679299831390381,20499,11.013500213623047,2.053070068359375,0.27755001187324524
1994,5,1,3,0,0.9109219908714294,9.360400199890137,265,8.484399795532227,7.878600120544434,18098,11.013500213623047,1.934149980545044,0.2741599977016449
1994,5,1,6,0,0.9128640294075012,9.316499710083008,265,8.500499725341797,7.985300064086914,16272,11.013500213623047,1.8403600454330444,0.2709200084209442
1994,5,1,9,0,0.9147610068321228,9.2568998336792,265,8.465299606323242,7.976900100708008,14646,11.013500213623047,1.7535200119018555,0.2698400020599365
1994,5,1,12,0,0.9145920276641846,9.169099807739258,265,8.37909984588623,7.901000022888184,12829,11.013500213623047,1.6505399942398071,0.2736999988555908
1994,5,1,15,0,0.9117299914360046,9.07040023803711,265,8.267000198364258,7.789899826049805,11112,10.01200008392334,1.5454800128936768,0.2811099886894226
1994,5,1,18,0,0.9102680087089539,9.065299987792969,265,8.26140022277832,7.782800197601318,10579,10.01200008392334,1.5083999633789062,0.2826400101184845
1994,5,1,21,0,0.9180359840393066,9.103699684143066,265,8.081999778747559,7.231599807739258,12013,10.01200008392334,1.6023199558258057,0.28742000460624695
1994,5,2,0,0,0.9170140027999878,8.338299751281738,265,6.718200206756592,5.649600028991699,16651,10.01200008392334,1.972540020942688,0.3688099980354309
1994,5,2,3,0,0.8979160189628601,8.00629997253418,255,6.451000213623047,5.479499816894531,24789,11.013500213623047,2.4606900215148926,0.3808099925518036
1994,5,2,6,0,0.9165930151939392,8.925399780273438,255,7.722599983215332,6.812699794769287,32600,11.013500213623047,2.664720058441162,0.30351001024246216
1994,5,2,9,0,0.9287750124931335,9.356599807739258,255,8.499600410461426,7.888500213623047,29288,11.013500213623047,2.4648098945617676,0.259550005197525
1994,5,2,12,0,0.9284210205078125,9.343700408935547,255,8.565799713134766,8.043999671936035,24822,11.013500213623047,2.2728700637817383,0.25360000133514404
1994,5,2,15,0,0.9261289834976196,9.302800178527832,255,8.53950023651123,8.044099807739258,22318,10.01200008392334,2.160979986190796,0.25571000576019287
1994,5,2,18,0,0.9255239963531494,9.333399772644043,255,8.581500053405762,8.101099967956543,20800,10.01200008392334,2.0820600986480713,0.25624001026153564
1994,5,2,21,0,0.9257969856262207,9.408300399780273,255,8.664400100708008,8.195300102233887,20178,10.01200008392334,2.0405399799346924,0.25613999366760254
1994,5,3,0,0,0.9254069924354553,9.525400161743164,255,8.775400161743164,8.303199768066406,20435,10.01200008392334,2.037410020828247,0.2562499940395355
1994,5,3,3,0,0.9239599704742432,9.664999961853027,255,8.909299850463867,8.438599586486816,21223,10.01200008392334,2.0571401119232178,0.25527000427246094
1994,5,3,6,0,0.9251800179481506,9.777700424194336,265,9.016500473022461,8.541199684143066,21899,11.013500213623047,2.0743000507354736,0.2533400058746338
1994,5,3,9,0,0.9277989864349365,9.834400177001953,265,9.07289981842041,8.594499588012695,21957,11.013500213623047,2.06961989402771,0.25126001238822937
1994,5,3,12,0,0.9290220141410828,9.84060001373291,265,9.086600303649902,8.609700202941895,21478,11.013500213623047,2.0466198921203613,0.2490600049495697
1994,5,3,15,0,0.9286159873008728,9.823599815368652,265,9.074700355529785,8.599300384521484,20600,11.013500213623047,2.006930112838745,0.24845999479293823
1994,5,3,18,0,0.9272310137748718,9.814499855041504,265,9.04889965057373,8.56719970703125,19253,11.013500213623047,1.9407700300216675,0.2527399957180023
1994,5,3,21,0,0.924938976764679,9.801600456237793,265,9.001500129699707,8.505800247192383,17383,11.013500213623047,1.8443000316619873,0.2603999972343445
1994,5,4,0,0,0.9207350015640259,9.750300407409668,275,8.898799896240234,8.376899719238281,15190,11.013500213623047,1.7281399965286255,0.27035999298095703
1994,5,4,3,0,0.9097219705581665,9.507599830627441,265,8.514599800109863,7.908899784088135,13424,11.013500213623047,1.645859956741333,0.29554998874664307
1994,5,4,6,0,0.8834760189056396,9.181400299072266,265,8.095000267028809,7.41349983215332,12517,10.01200008392334,1.6196999549865723,0.31891000270843506
1994,5,4,9,0,0.800154983997345,8.221599578857422,255,6.3429999351501465,5.236299991607666,12857,13.326800346374512,1.7415399551391602,0.4114699959754944
1994,5,4,12,0,0.7811809778213501,8.445199966430664,245,7.105500221252441,6.135900020599365,14187,8.274100303649902,1.811310052871704,0.35234999656677246
1994,5,4,15,0,0.7790189981460571,8.531399726867676,235,7.390999794006348,6.5625,15224,8.274100303649902,1.8686399459838867,0.3329299986362457
1994,5,4,18,0,0.7667840123176575,8.771400451660156,235,7.648399829864502,6.857500076293945,16362,8.274100303649902,1.906540036201477,0.3364599943161011
1994,5,4,21,0,0.7654899954795837,8.955300331115723,235,7.835100173950195,7.082600116729736,16731,8.274100303649902,1.9043999910354614,0.34191998839378357
1994,5,5,0,0,0.7770429849624634,8.869799613952637,235,7.861700057983398,7.237299919128418,15801,8.274100303649902,1.8619699478149414,0.3330700099468231
1994,5,5,3,0,0.7862949967384338,8.86520004272461,235,7.907800197601318,7.350599765777588,14915,8.274100303649902,1.8087199926376343,0.32943999767303467
1994,5,5,6,0,0.7858539819717407,9.103300094604492,245,8.051799774169922,7.4903998374938965,14932,8.274100303649902,1.777359962463379,0.3486500084400177
1994,5,5,9,0,0.7928320169448853,9.233499526977539,245,8.107199668884277,7.533699989318848,14329,16.125999450683594,1.7237299680709839,0.36134999990463257
1994,5,5,12,0,0.7972859740257263,9.145899772644043,245,8.03439998626709,7.468599796295166,12731,16.125999450683594,1.6336699724197388,0.35954999923706055
1994,5,5,15,0,0.8023920059204102,9.240900039672852,245,8.093099594116211,7.498000144958496,11824,14.659700393676758,1.5631699562072754,0.3560500144958496
1994,5,5,18,0,0.820044994354248,9.625800132751465,255,8.36340045928955,7.697199821472168,11968,14.659700393676758,1.5319299697875977,0.355459988117218
1994,5,5,21,0,0.8346070051193237,9.889800071716309,255,8.567700386047363,7.855800151824951,11772,14.659700393676758,1.4937000274658203,0.35175999999046326
1994,5,6,0,0,0.8437650203704834,9.244500160217285,255,7.087900161743164,5.753600120544434,11165,14.659700393676758,1.5075099468231201,0.4092999994754791
1994,5,6,3,0,0.8530449867248535,7.945300102233887,265,5.954699993133545,4.968800067901611,11866,13.326800346374512,1.6894099712371826,0.4760099947452545
1994,5,6,6,0,0.8717060089111328,8.053099632263184,265,6.419300079345703,5.530799865722656,11849,13.326800346374512,1.6812399625778198,0.4323500096797943
1994,5,6,9,0,0.8906180262565613,8.346099853515625,265,6.861199855804443,6.0005998611450195,11286,13.326800346374512,1.6119600534439087,0.39792001247406006
1994,5,6,12,0,0.9046990275382996,8.498299598693848,265,7.132699966430664,6.310100078582764,10758,13.326800346374512,1.5611399412155151,0.37435999512672424
1994,5,6,15,0,0.9127669930458069,8.541000366210938,265,7.229800224304199,6.4096999168396,9819,13.326800346374512,1.4897500276565552,0.3614000082015991
1994,5,6,18,0,0.9169700145721436,8.524499893188477,265,7.204500198364258,6.359600067138672,8677,12.114999771118164,1.403149962425232,0.35903000831604004
1994,5,6,21,0,0.9202359914779663,8.353400230407715,275,6.728000164031982,5.66540002822876,8404,12.114999771118164,1.3951300382614136,0.3825100064277649
1994,5,7,0,0,0.9265469908714294,7.628699779510498,275,5.861400127410889,4.924200057983398,11064,12.114999771118164,1.6771899461746216,0.4454300105571747
1994,5,7,3,0,0.9307699799537659,7.7519001960754395,275,6.240300178527832,5.3541998863220215,16565,12.114999771118164,2.0397400856018066,0.4068700075149536
1994,5,7,6,0,0.9394810199737549,8.317299842834473,275,7.1072001457214355,6.2932000160217285,21002,12.114999771118164,2.2194600105285645,0.34143000841140747
1994,5,7,9,0,0.9452850222587585,8.61769962310791,275,7.463799953460693,6.6346001625061035,21863,12.114999771118164,2.223900079727173,0.31902000308036804
1994,5,7,12,0,0.9489480257034302,8.782500267028809,275,7.705599784851074,6.927599906921387,20984,11.013500213623047,2.157439947128296,0.30831998586654663
1994,5,7,15,0,0.9512810111045837,8.855500221252441,275,7.808000087738037,7.068399906158447,19949,11.013500213623047,2.094180107116699,0.30849000811576843
1994,5,7,18,0,0.9527459740638733,8.91189956665039,275,7.827700138092041,7.052700042724609,19629,11.013500213623047,2.06919002532959,0.3158800005912781
1994,5,7,21,0,0.9520660042762756,8.676400184631348,275,7.291100025177002,6.340400218963623,20342,11.013500213623047,2.1327099800109863,0.3590799868106842
1994,5,8,0,0,0.9528939723968506,8.885600090026855,275,7.450399875640869,6.492099761962891,21394,11.013500213623047,2.153630018234253,0.36840999126434326
1994,5,8,3,0,0.9538589715957642,9.41819953918457,275,8.040399551391602,7.169400215148926,22925,10.01200008392334,2.151819944381714,0.3582000136375427
1994,5,8,6,0,0.9534170031547546,9.924699783325195,275,8.583900451660156,7.750999927520752,24798,14.659700393676758,2.1681199073791504,0.3410100042819977
1994,5,8,9,0,0.951134979724884,10.273799896240234,275,8.961799621582031,8.138199806213379,25614,14.659700393676758,2.157589912414551,0.3253200054168701
1994,5,8,12,0,0.9483349919319153,10.522500038146973,275,9.212200164794922,8.358599662780762,25198,14.659700393676758,2.108680009841919,0.3130300045013428
1994,5,8,15,0,0.9462469816207886,10.683699607849121,275,9.324000358581543,8.305700302124023,24109,13.326800346374512,2.0438199043273926,0.30140000581741333
1994,5,8,18,0,0.9415789842605591,10.547900199890137,275,8.743200302124023,7.254899978637695,22491,13.326800346374512,1.986930012702942,0.31498000025749207
1994,5,8,21,0,0.9274200201034546,9.994400024414062,275,7.72790002822876,6.174200057983398,21032,13.326800346374512,1.9781700372695923,0.36076998710632324
1994,5,9,0,0,0.927016019821167,10.137499809265137,275,8.135700225830078,6.661799907684326,18919,13.326800346374512,1.8641999959945679,0.33660000562667847
1994,5,9,3,0,0.9299939870834351,10.339200019836426,275,8.7322998046875,7.451300144195557,16511,13.326800346374512,1.7263000011444092,0.3024899959564209
1994,5,9,6,0,0.9308609962463379,10.403599739074707,275,9.052499771118164,7.957399845123291,14063,12.114999771118164,1.5909500122070312,0.28328999876976013
1994,5,9,9,0,0.9285640120506287,10.601200103759766,275,9.28689956665039,8.270999908447266,12501,12.114999771118164,1.484820008277893,0.2932699918746948
1994,5,9,12,0,0.9348440170288086,11.68019962310791,275,10.14330005645752,9.00510025024414,15489,12.114999771118164,1.5563700199127197,0.31092000007629395
1994,5,9,15,0,0.9566590189933777,12.8927001953125,265,11.471199989318848,10.218600273132324,27945,16.125999450683594,1.9657000303268433,0.2641499936580658
1994,5,9,18,0,0.9659299850463867,13.118200302124023,265,12.014699935913086,10.960700035095215,44980,14.659700393676758,2.4667000770568848,0.22739000618457794
1994,5,9,21,0,0.9683340191841125,12.824000358581543,265,11.648099899291992,10.199199676513672,55083,14.659700393676758,2.7673299312591553,0.21981999278068542
1994,5,10,0,0,0.9681509733200073,12.415399551391602,265,11.135600090026855,9.635299682617188,55676,14.659700393676758,2.8369100093841553,0.22779999673366547
1994,5,10,3,0,0.9667850136756897,12.11460018157959,265,11.07289981842041,10.041199684143066,50390,13.326800346374512,2.7417900562286377,0.22446000576019287
1994,5,10,6,0,0.9651489853858948,11.778900146484375,265,10.889599800109863,10.132800102233887,43557,13.326800346374512,2.5963799953460693,0.22086000442504883
1994,5,10,9,0,0.963437020778656,11.449399948120117,265,10.668499946594238,10.059499740600586,37276,13.326800346374512,2.4476699829101562,0.21604999899864197
1994,5,10,12,0,0.9606350064277649,11.086899757385254,265,10.376700401306152,9.854100227355957,31307,12.114999771118164,2.2918601036071777,0.21348999440670013
1994,5,10,15,0,0.9569439888000488,10.745699882507324,265,10.080699920654297,9.607099533081055,26297,12.114999771118164,2.1448800563812256,0.2122199982404709
1994,5,10,18,0,0.9517340064048767,10.428999900817871,265,9.783599853515625,9.335700035095215,21762,12.114999771118164,1.9900200366973877,0.21446000039577484
1994,5,10,21,0,0.94439697265625,10.122099876403809,265,9.483799934387207,9.051799774169922,17759,11.013500213623047,1.8330600261688232,0.21965999901294708
1994,5,11,0,0,0.93613201379776,9.875,265,9.239700317382812,8.819299697875977,14816,11.013500213623047,1.7013700008392334,0.22599999606609344
1994,5,11,3,0,0.9267359972000122,9.659099578857422,265,9.0108003616333,8.597299575805664,12413,11.013500213623047,1.5788400173187256,0.23747999966144562
1994,5,11,6,0,0.9163669943809509,9.387999534606934,265,8.70829963684082,8.301199913024902,10389,10.01200008392334,1.468649983406067,0.25652000308036804
1994,5,11,9,0,0.9090229868888855,9.080300331115723,265,8.34689998626709,7.934100151062012,9195,10.01200008392334,1.4075700044631958,0.2803899943828583
1994,5,11,12,0,0.9077680110931396,8.926400184631348,265,8.065099716186523,7.520299911499023,8865,10.01200008392334,1.3938000202178955,0.30289000272750854
1994,5,11,15,0,0.9165599942207336,8.813400268554688,255,7.6468000411987305,6.802299976348877,10336,10.01200008392334,1.5125900506973267,0.3298499882221222
1994,5,11,18,0,0.930404007434845,9.076800346374512,255,7.994500160217285,7.197700023651123,13437,10.01200008392334,1.696329951286316,0.31165000796318054
1994,5,11,21,0,0.9376469850540161,9.250300407409668,255,8.078200340270996,7.105000019073486,16257,10.01200008392334,1.8458399772644043,0.303629994392395
1994,5,12,0,0,0.9384030103683472,9.468299865722656,255,8.330900192260742,7.383900165557861,18057,10.01200008392334,1.9185600280761719,0.2982900142669678
1994,5,12,3,0,0.9361860156059265,9.584699630737305,255,8.291000366210938,7.206500053405762,19106,10.01200008392334,1.9564499855041504,0.3075999915599823
1994,5,12,6,0,0.9329119920730591,9.759499549865723,255,8.520400047302246,7.586699962615967,20128,10.01200008392334,1.984179973602295,0.3096500039100647
1994,5,12,9,0,0.9292550086975098,9.835700035095215,255,8.478099822998047,7.436200141906738,22177,11.013500213623047,2.0701498985290527,0.31591999530792236
1994,5,12,12,0,0.9274430274963379,10.0423002243042,255,8.745699882507324,7.773799896240234,25204,11.013500213623047,2.1791698932647705,0.30783000588417053
1994,5,12,15,0,0.9287649989128113,10.470199584960938,255,9.340499877929688,8.539600372314453,29320,11.013500213623047,2.292880058288574,0.28738000988960266
1994,5,12,18,0,0.935034990310669,10.984399795532227,265,9.973600387573242,9.276800155639648,35892,13.326800346374512,2.463629961013794,0.26673999428749084
1994,5,12,21,0,0.9430890083312988,11.384400367736816,265,10.458200454711914,9.81779956817627,43481,13.326800346374512,2.6519899368286133,0.2492700070142746
1994,5,13,0,0,0.9464830160140991,11.555899620056152,265,10.705900192260742,10.126199722290039,47784,13.326800346374512,2.7546401023864746,0.2364400029182434
1994,5,13,3,0,0.9450380206108093,11.514399528503418,265,10.70680046081543,10.156100273132324,46549,13.326800346374512,2.725719928741455,0.2306700050830841
1994,5,13,6,0,0.9393839836120605,11.324000358581543,265,10.511199951171875,9.946200370788574,40751,12.114999771118164,2.57778000831604,0.23286999762058258
1994,5,13,9,0,0.9289640188217163,10.710800170898438,265,9.28219985961914,7.9832000732421875,34999,12.114999771118164,2.466219902038574,0.27967000007629395
1994,5,13,12,0,0.9235280156135559,10.21500015258789,265,8.946900367736816,7.962699890136719,35938,12.114999771118164,2.573270082473755,0.29190999269485474
1994,5,13,15,0,0.9209049940109253,10.226400375366211,265,9.219300270080566,8.51550006866455,34896,12.114999771118164,2.5403800010681152,0.27173998951911926
1994,5,13,18,0,0.9165869951248169,10.232500076293945,265,9.308799743652344,8.676300048828125,31728,11.013500213623047,2.424799919128418,0.26374000310897827
1994,5,13,21,0,0.9127179980278015,10.233400344848633,265,9.362099647521973,8.774800300598145,29424,11.013500213623047,2.337369918823242,0.25929000973701477
1994,5,14,0,0,0.9097129702568054,10.206199645996094,265,9.37440013885498,8.826700210571289,27603,11.013500213623047,2.2694199085235596,0.25699999928474426
1994,5,14,3,0,0.906341016292572,10.150799751281738,265,9.336799621582031,8.809399604797363,25528,11.013500213623047,2.1907999515533447,0.2579900026321411
1994,5,14,6,0,0.9034919738769531,10.088600158691406,255,9.277799606323242,8.762700080871582,23514,11.013500213623047,2.110909938812256,0.2617799937725067
1994,5,14,9,0,0.9007269740104675,10.030200004577637,265,9.215900421142578,8.710800170898438,22037,10.01200008392334,2.050839900970459,0.2670400142669678
1994,5,14,12,0,0.8985109925270081,10.013899803161621,265,9.177499771118164,8.673600196838379,21230,10.01200008392334,2.0139899253845215,0.27494001388549805
1994,5,14,15,0,0.8961769938468933,10.056300163269043,265,9.174599647521973,8.659099578857422,20786,10.01200008392334,1.9858499765396118,0.28508999943733215
1994,5,14,18,0,0.8935509920120239,10.136899948120117,265,9.20680046081543,8.671799659729004,20449,10.01200008392334,1.9578499794006348,0.2923099994659424
1994,5,14,21,0,0.8922960162162781,10.285599708557129,265,9.305500030517578,8.741999626159668,20511,10.01200008392334,1.9407199621200562,0.2952899932861328
1994,5,15,0,0,0.8923599720001221,10.434300422668457,265,9.430100440979004,8.843000411987305,20736,14.659700393676758,1.9323899745941162,0.29203999042510986
1994,5,15,3,0,0.8933789730072021,10.54740047454834,265,9.564299583435059,8.968700408935547,21107,13.326800346374512,1.9363800287246704,0.2812199890613556
1994,5,15,6,0,0.8935319781303406,10.5826997756958,265,9.642200469970703,9.053899765014648,20907,13.326800346374512,1.92399001121521,0.2698900103569031
1994,5,15,9,0,0.8918460011482239,10.526599884033203,265,9.618000030517578,9.042499542236328,19526,13.326800346374512,1.866610050201416,0.26447999477386475
1994,5,15,12,0,0.887365996837616,10.4173002243042,265,9.519399642944336,8.95259952545166,17308,12.114999771118164,1.769610047340393,0.2651500105857849
1994,5,15,15,0,0.8809469938278198,10.31659984588623,265,9.406399726867676,8.838700294494629,15155,12.114999771118164,1.666059970855713,0.27004000544548035
1994,5,15,18,0,0.8695060014724731,10.128299713134766,265,9.162799835205078,8.585100173950195,13469,12.114999771118164,1.5871200561523438,0.28442999720573425
1994,5,15,21,0,0.8429489731788635,9.653300285339355,255,8.637100219726562,8.080599784851074,12856,12.114999771118164,1.593369960784912,0.30959999561309814
1994,5,16,0,0,0.8288450241088867,9.3725004196167,255,8.342399597167969,7.778900146484375,12156,12.114999771118164,1.5760200023651123,0.3199799954891205
1994,5,16,3,0,0.825065016746521,9.318499565124512,255,8.282699584960938,7.705599784851074,11424,11.013500213623047,1.5334899425506592,0.31968000531196594
1994,5,16,6,0,0.8219959735870361,9.302000045776367,255,8.283100128173828,7.690700054168701,11590,11.013500213623047,1.5474200248718262,0.31310001015663147
1994,5,16,9,0,0.8084830045700073,9.225299835205078,245,8.239899635314941,7.65880012512207,12942,11.013500213623047,1.6442500352859497,0.30737000703811646
1994,5,16,12,0,0.8109769821166992,9.269200325012207,245,8.298800468444824,7.715000152587891,14180,11.013500213623047,1.7174999713897705,0.29962000250816345
1994,5,16,15,0,0.8277130126953125,9.357600212097168,255,8.411999702453613,7.825300216674805,14853,11.013500213623047,1.7497600317001343,0.2893100082874298
1994,5,16,18,0,0.8440960049629211,9.412500381469727,255,8.51360034942627,7.942399978637695,14949,10.01200008392334,1.7514599561691284,0.27865999937057495
1994,5,16,21,0,0.8536520004272461,9.384200096130371,255,8.506400108337402,7.941299915313721,14564,10.01200008392334,1.7329399585723877,0.2751699984073639
1994,5,17,0,0,0.8599039912223816,9.08489990234375,255,7.8302998542785645,6.820899963378906,13881,10.01200008392334,1.7220200300216675,0.3033300042152405
1994,5,17,3,0,0.8655650019645691,8.503700256347656,265,7.181099891662598,6.276599884033203,13931,10.01200008392334,1.7879999876022339,0.3425300121307373
1994,5,17,6,0,0.8724470138549805,8.271699905395508,265,7.018599987030029,6.188499927520752,13618,10.01200008392334,1.7958799600601196,0.3483400046825409
1994,5,17,9,0,0.8756099939346313,8.253800392150879,265,7.122200012207031,6.384799957275391,12839,10.01200008392334,1.7474199533462524,0.33994999527931213
1994,5,17,12,0,0.8765019774436951,8.213700294494629,265,7.111400127410889,6.39109992980957,11814,10.01200008392334,1.6813900470733643,0.33952999114990234
1994,5,17,15,0,0.8792920112609863,8.103899955749512,265,7.076900005340576,6.442299842834473,11196,10.01200008392334,1.6493099927902222,0.34213000535964966
1994,5,17,18,0,0.8808749914169312,8.118900299072266,265,7.081200122833252,6.426400184631348,10542,10.01200008392334,1.5985100269317627,0.34641000628471375
1994,5,17,21,0,0.8837860226631165,7.827600002288818,265,6.368800163269043,5.442299842834473,10680,9.101699829101562,1.637619972229004,0.39858999848365784
1994,5,18,0,0,0.8866289854049683,7.659800052642822,265,6.187399864196777,5.318699836730957,11802,9.101699829101562,1.7392100095748901,0.4222300052642822
1994,5,18,3,0,0.8944540023803711,8.102999687194824,275,6.747399806976318,5.930699825286865,12787,9.101699829101562,1.755120038986206,0.40128999948501587
1994,5,18,6,0,0.9063330292701721,8.6673002243042,275,7.402900218963623,6.6529998779296875,14154,9.101699829101562,1.778439998626709,0.38027000427246094
1994,5,18,9,0,0.9161540269851685,9.02910041809082,275,7.846199989318848,7.14769983291626,15742,9.101699829101562,1.8336600065231323,0.3608100116252899
1994,5,18,12,0,0.924705982208252,9.270600318908691,275,8.200599670410156,7.573299884796143,17998,9.101699829101562,1.9330600500106812,0.3372800052165985
1994,5,18,15,0,0.9311280250549316,9.496999740600586,275,8.476400375366211,7.889800071716309,19861,9.101699829101562,2.001849889755249,0.32339000701904297
1994,5,18,18,0,0.9346879720687866,9.68809986114502,275,8.654199600219727,8.067000389099121,20271,14.659700393676758,1.996500015258789,0.31887000799179077
1994,5,18,21,0,0.935791015625,9.804200172424316,275,8.755000114440918,8.14579963684082,19792,14.659700393676758,1.9573700428009033,0.3145799934864044
1994,5,19,0,0,0.9347310066223145,9.570500373840332,275,8.020899772644043,6.822999954223633,19157,14.659700393676758,1.9493299722671509,0.3390600085258484
1994,5,19,3,0,0.9302759766578674,9.184700012207031,275,7.395699977874756,6.172500133514404,18532,13.326800346374512,1.9594600200653076,0.3727799952030182
1994,5,19,6,0,0.9259420037269592,9.249799728393555,275,7.630199909210205,6.5391998291015625,17124,13.326800346374512,1.8767999410629272,0.3654100000858307
1994,5,19,9,0,0.9226549863815308,9.405200004577637,275,7.940700054168701,6.970200061798096,15153,13.326800346374512,1.750040054321289,0.3533099889755249
1994,5,19,12,0,0.9191120266914368,9.498100280761719,275,8.105199813842773,7.1819000244140625,13319,13.326800346374512,1.6322799921035767,0.34544000029563904
1994,5,19,15,0,0.9158139824867249,9.527000427246094,275,8.192399978637695,7.311999797821045,11834,13.326800346374512,1.5364799499511719,0.33906999230384827
1994,5,19,18,0,0.9120510220527649,9.456700325012207,275,8.162599563598633,7.323400020599365,10497,13.326800346374512,1.4536800384521484,0.3370400071144104
1994,5,19,21,0,0.907384991645813,8.947500228881836,275,7.093900203704834,5.832799911499023,9428,12.114999771118164,1.4195799827575684,0.37828999757766724
1994,5,20,0,0,0.9008510112762451,8.16450023651123,275,6.159599781036377,5.065700054168701,9165,12.114999771118164,1.4696999788284302,0.4400300085544586
1994,5,20,3,0,0.8981069922447205,8.36709976196289,275,6.680699825286865,5.718500137329102,9064,12.114999771118164,1.4434599876403809,0.41631001234054565
1994,5,20,6,0,0.900518000125885,8.54889965057373,275,6.931099891662598,5.952000141143799,9563,12.114999771118164,1.4664299488067627,0.40261998772621155
1994,5,20,9,0,0.901298999786377,8.622699737548828,275,6.986199855804443,5.953700065612793,10604,12.114999771118164,1.5378899574279785,0.3971700072288513
1994,5,20,12,0,0.9055669903755188,8.723799705505371,275,7.19890022277832,6.200200080871582,12230,12.114999771118164,1.643030047416687,0.3800399899482727
1994,5,20,15,0,0.9100149869918823,8.884499549865723,275,7.427999973297119,6.434000015258789,13618,11.013500213623047,1.7179700136184692,0.36076998710632324
1994,5,20,18,0,0.9143519997596741,9.082500457763672,275,7.6768999099731445,6.6743998527526855,14280,11.013500213623047,1.7392499446868896,0.34071001410484314
1994,5,20,21,0,0.9151319861412048,9.143600463867188,275,7.678299903869629,6.58050012588501,14358,11.013500213623047,1.7390199899673462,0.33072999119758606
1994,5,21,0,0,0.9075030088424683,8.959799766540527,275,7.317399978637695,6.122200012207031,14034,11.013500213623047,1.7396299839019775,0.34196001291275024
1994,5,21,3,0,0.9027460217475891,9.01259994506836,275,7.531099796295166,6.422599792480469,13136,11.013500213623047,1.6798100471496582,0.32826000452041626
1994,5,21,6,0,0.8982300162315369,9.114700317382812,275,7.821100234985352,6.8520002365112305,12038,11.013500213623047,1.5996299982070923,0.3156900107860565
1994,5,21,9,0,0.8952320218086243,9.18280029296875,265,8.016500473022461,7.188899993896484,11065,10.01200008392334,1.5278700590133667,0.3128100037574768
1994,5,21,12,0,0.8937879800796509,9.182700157165527,265,8.075900077819824,7.335400104522705,10374,10.01200008392334,1.4795000553131104,0.3173399865627289
1994,5,21,15,0,0.8932240009307861,9.129599571228027,265,8.05739974975586,7.373199939727783,9946,10.01200008392334,1.4533400535583496,0.3238399922847748
1994,5,21,18,0,0.8925529718399048,9.069199562072754,265,8.012299537658691,7.367400169372559,9632,10.01200008392334,1.4350999593734741,0.3311299979686737
1994,5,21,21,0,0.8904280066490173,9.040200233459473,265,7.967100143432617,7.33650016784668,9283,10.01200008392334,1.4103100299835205,0.33880001306533813
1994,5,22,0,0,0.88850998878479,9.053199768066406,265,7.947000026702881,7.30709981918335,8850,10.01200008392334,1.3747700452804565,0.3428199887275696
1994,5,22,3,0,0.8884750008583069,9.085100173950195,265,7.955599784851074,7.2895002365112305,8453,10.01200008392334,1.3404500484466553,0.33994999527931213
1994,5,22,6,0,0.8906520009040833,9.152000427246094,265,8.014399528503418,7.313300132751465,8260,10.01200008392334,1.3198399543762207,0.3320600092411041
1994,5,22,9,0,0.8928930163383484,9.283699989318848,265,8.103300094604492,7.331399917602539,8338,11.013500213623047,1.3158299922943115,0.3310900032520294
1994,5,22,12,0,0.8949139714241028,9.416399955749512,265,8.025899887084961,7.0767998695373535,8684,11.013500213623047,1.3312300443649292,0.3555299937725067
1994,5,22,15,0,0.8987110257148743,9.788599967956543,265,8.088399887084961,7.021100044250488,9853,10.01200008392334,1.3833800554275513,0.3968000113964081
1994,5,22,18,0,0.9105700254440308,10.571100234985352,275,8.64050006866455,7.4293999671936035,12517,10.01200008392334,1.486840009689331,0.3982299864292145
1994,5,22,21,0,0.9289249777793884,11.167799949645996,275,8.599800109863281,6.771299839019775,18124,17.73889923095703,1.725219964981079,0.3862000107765198
1994,5,23,0,0,0.9401599764823914,11.376500129699707,275,8.650899887084961,6.719399929046631,25967,16.125999450683594,2.0360798835754395,0.37279999256134033
1994,5,23,3,0,0.9464330077171326,11.981599807739258,275,9.976099967956543,8.236800193786621,32340,16.125999450683594,2.2065799236297607,0.3090499937534332
1994,5,23,6,0,0.9498410224914551,12.223400115966797,285,10.755800247192383,9.365799903869629,35043,14.659700393676758,2.272289991378784,0.2676199972629547
1994,5,23,9,0,0.9481719732284546,12.14109992980957,285,10.97130012512207,9.901200294494629,33258,14.659700393676758,2.2244300842285156,0.24803000688552856
1994,5,23,12,0,0.9437159895896912,11.945199966430664,275,10.894200325012207,9.983799934387207,29140,14.659700393676758,2.103790044784546,0.24165000021457672
1994,5,23,15,0,0.9376369714736938,11.75529956817627,275,10.73490047454834,9.877300262451172,24316,14.659700393676758,1.9414600133895874,0.24323000013828278
1994,5,23,18,0,0.9291380047798157,11.43529987335205,275,10.066800117492676,8.5649995803833,19702,13.326800346374512,1.7770400047302246,0.25828999280929565
1994,5,23,21,0,0.9224169850349426,11.095499992370605,275,9.586700439453125,8.091099739074707,17245,13.326800346374512,1.6929600238800049,0.27597999572753906
1994,5,24,0,0,0.9236299991607666,10.7052001953125,275,8.843999862670898,7.161399841308594,17951,13.326800346374512,1.7634199857711792,0.2992500066757202
1994,5,24,3,0,0.9258890151977539,10.435799598693848,275,8.508000373840332,6.871399879455566,19470,13.326800346374512,1.8646899461746216,0.3116999864578247
1994,5,24,6,0,0.9261770248413086,10.522600173950195,275,8.983499526977539,7.577099800109863,19699,12.114999771118164,1.871150016784668,0.2877900004386902
1994,5,24,9,0,0.9256439805030823,10.575300216674805,275,9.383299827575684,8.275500297546387,19697,12.114999771118164,1.8698300123214722,0.26469001173973083
1994,5,24,12,0,0.9259549975395203,10.56410026550293,265,9.613699913024902,8.771400451660156,20231,11.013500213623047,1.8995800018310547,0.24703000485897064
1994,5,24,15,0,0.9275169968605042,10.51830005645752,265,9.71780014038086,9.098299980163574,20759,11.013500213623047,1.9314299821853638,0.23903000354766846
1994,5,24,18,0,0.9261459708213806,10.473400115966797,265,9.644499778747559,8.996000289916992,20592,11.013500213623047,1.9284199476242065,0.24716000258922577
1994,5,24,21,0,0.9229130148887634,10.377099990844727,265,9.064000129699707,7.767099857330322,20066,11.013500213623047,1.9103100299835205,0.28036999702453613
1994,5,25,0,0,0.9200950264930725,10.418100357055664,265,8.847000122070312,7.476099967956543,19971,10.01200008392334,1.896589994430542,0.3110400140285492
1994,5,25,3,0,0.9201440215110779,10.660400390625,265,8.946200370788574,7.505899906158447,21257,10.01200008392334,1.925819993019104,0.3228900134563446
1994,5,25,6,0,0.9239749908447266,11.145700454711914,265,9.716300010681152,8.565699577331543,24306,14.659700393676758,2.004040002822876,0.3011600077152252
1994,5,25,9,0,0.9273819923400879,11.4306001663208,265,10.224599838256836,9.330900192260742,28100,14.659700393676758,2.1220099925994873,0.27862000465393066
1994,5,25,12,0,0.9292160272598267,11.50790023803711,275,10.381199836730957,9.496000289916992,30617,13.326800346374512,2.2061400413513184,0.26350998878479004
1994,5,25,15,0,0.9287239909172058,10.626999855041504,275,8.569100379943848,7.026700019836426,32326,13.326800346374512,2.366039991378784,0.33827000856399536
1994,5,25,18,0,0.9240710139274597,9.845800399780273,275,7.874599933624268,6.597599983215332,34418,13.326800346374512,2.5505199432373047,0.37474000453948975
1994,5,25,21,0,0.9221029877662659,9.62969970703125,275,7.671500205993652,6.4380998611450195,32732,13.326800346374512,2.5197501182556152,0.3818899989128113
1994,5,26,0,0,0.9177780151367188,9.171099662780762,275,7.1890997886657715,6.025599956512451,31361,13.326800346374512,2.535020112991333,0.40553000569343567
1994,5,26,3,0,0.9123700261116028,8.958200454711914,275,7.021500110626221,5.898200035095215,29415,13.326800346374512,2.4894800186157227,0.4106999933719635
1994,5,26,6,0,0.9078649878501892,8.939299583435059,275,7.065499782562256,5.953499794006348,26978,13.326800346374512,2.3895299434661865,0.40404999256134033
1994,5,26,9,0,0.9048519730567932,8.937999725341797,275,7.039899826049805,5.912499904632568,24462,12.114999771118164,2.2763900756835938,0.40376999974250793
1994,5,26,12,0,0.9018740057945251,8.886799812316895,275,6.973499774932861,5.844900131225586,22700,12.114999771118164,2.200850009918213,0.40584999322891235
1994,5,26,15,0,0.900672972202301,9.13290023803711,275,7.295899868011475,6.154300212860107,20798,12.114999771118164,2.0769500732421875,0.3860599994659424
1994,5,26,18,0,0.9017170071601868,9.095499992370605,265,7.156000137329102,5.958600044250488,19457,12.114999771118164,2.013580083847046,0.3914699852466583
1994,5,26,21,0,0.901544988155365,8.70580005645752,265,6.710599899291992,5.562300205230713,19062,12.114999771118164,2.041879892349243,0.41593000292778015
1994,5,27,0,0,0.8962399959564209,7.988999843597412,275,6.244500160217285,5.311699867248535,21135,12.114999771118164,2.2576699256896973,0.43792998790740967
1994,5,27,3,0,0.8957160115242004,8.12909984588623,275,6.476900100708008,5.509300231933594,21598,12.114999771118164,2.2667300701141357,0.4105199873447418
1994,5,27,6,0,0.8985109925270081,8.250100135803223,275,6.687699794769287,5.725500106811523,22141,11.013500213623047,2.2806499004364014,0.39072999358177185
1994,5,27,9,0,0.9032790064811707,8.688300132751465,275,7.2947001457214355,6.380499839782715,21205,11.013500213623047,2.172529935836792,0.355459988117218
1994,5,27,12,0,0.9072800278663635,9.066699981689453,275,7.757299900054932,6.841100215911865,19928,11.013500213623047,2.0587499141693115,0.3298099935054779
1994,5,27,15,0,0.9108049869537354,9.361900329589844,275,8.242400169372559,7.460000038146973,19565,11.013500213623047,2.006079912185669,0.30331000685691833
1994,5,27,18,0,0.914454996585846,9.544400215148926,275,8.578100204467773,7.902400016784668,20154,11.013500213623047,2.0164101123809814,0.28161999583244324
1994,5,27,21,0,0.9156510233879089,9.593500137329102,275,8.633299827575684,7.866000175476074,20555,11.013500213623047,2.0319700241088867,0.27233999967575073
1994,5,28,0,0,0.913008987903595,9.554200172424316,275,8.513799667358398,7.605599880218506,19851,11.013500213623047,2.001960039138794,0.2745699882507324
1994,5,28,3,0,0.906807005405426,9.507100105285645,275,8.444100379943848,7.518700122833252,18318,10.01200008392334,1.9287899732589722,0.27842000126838684
1994,5,28,6,0,0.8983610272407532,9.408499717712402,265,8.299099922180176,7.356900215148926,16325,10.01200008392334,1.8312599658966064,0.287990003824234
1994,5,28,9,0,0.8854269981384277,8.582599639892578,265,6.963500022888184,5.841800212860107,14616,10.01200008392334,1.818850040435791,0.3633500039577484
1994,5,28,12,0,0.8633909821510315,7.557600021362305,255,6.188399791717529,5.347700119018555,16220,10.01200008392334,2.056689977645874,0.3919200003147125
1994,5,28,15,0,0.8399649858474731,7.253600120544434,245,6.028600215911865,5.252399921417236,19186,8.274100303649902,2.2936201095581055,0.3751800060272217
1994,5,28,18,0,0.7951850295066833,6.932000160217285,235,5.804299831390381,5.087699890136719,26441,8.274100303649902,2.763849973678589,0.36645999550819397
1994,5,28,21,0,0.8267279863357544,7.7941999435424805,235,6.8582000732421875,6.186500072479248,33781,9.101699829101562,2.939310073852539,0.30344998836517334
1994,5,29,0,0,0.8373600244522095,8.421699523925781,245,7.658299922943115,7.127699851989746,33717,9.101699829101562,2.8151299953460693,0.270220011472702
1994,5,29,3,0,0.8368610143661499,8.52079963684082,245,7.624300003051758,6.939499855041504,30701,10.01200008392334,2.6652300357818604,0.28207001090049744
1994,5,29,6,0,0.8323460221290588,8.150899887084961,245,7.020100116729736,6.214000225067139,31776,10.01200008392334,2.7722299098968506,0.32374998927116394
1994,5,29,9,0,0.8416569828987122,8.202099800109863,245,7.131700038909912,6.374499797821045,35474,10.01200008392334,2.918109893798828,0.31905001401901245
1994,5,29,12,0,0.8563740253448486,8.610199928283691,255,7.6442999839782715,6.975500106811523,40145,10.01200008392334,3.0212199687957764,0.2991900146007538
1994,5,29,15,0,0.8728349804878235,9.099499702453613,255,8.128399848937988,7.4355998039245605,45508,11.013500213623047,3.1142899990081787,0.2869899868965149
1994,5,29,18,0,0.886817991733551,9.5556001663208,255,8.550399780273438,7.828999996185303,51639,11.013500213623047,3.2193400859832764,0.2820200026035309
1994,5,29,21,0,0.9003239870071411,9.878199577331543,265,8.767000198364258,7.938499927520752,56135,12.114999771118164,3.285399913787842,0.2843799889087677
1994,5,30,0,0,0.9100369811058044,10.134300231933594,265,9.038800239562988,8.220600128173828,57147,12.114999771118164,3.2629499435424805,0.2768799960613251
1994,5,30,3,0,0.9161610007286072,10.348199844360352,265,9.434599876403809,8.820599555969238,53862,12.114999771118164,3.1314399242401123,0.2573300004005432
1994,5,30,6,0,0.9198799729347229,10.363300323486328,265,9.532699584960938,8.991600036621094,47925,12.114999771118164,2.9542601108551025,0.24687999486923218
1994,5,30,9,0,0.9218019843101501,10.259200096130371,265,9.477100372314453,8.970100402832031,41282,12.114999771118164,2.7616798877716064,0.2415499985218048
1994,5,30,12,0,0.9228169918060303,10.104999542236328,265,9.353799819946289,8.869099617004395,35216,11.013500213623047,2.57669997215271,0.23943999409675598
1994,5,30,15,0,0.9238330125808716,9.941900253295898,265,9.212200164794922,8.743000030517578,30155,11.013500213623047,2.409980058670044,0.23857000470161438
1994,5,30,18,0,0.9250159859657288,9.782699584960938,265,9.071499824523926,8.614800453186035,25972,11.013500213623047,2.2601799964904785,0.23794999718666077
1994,5,30,21,0,0.9254630208015442,9.633399963378906,265,8.937399864196777,8.490799903869629,22395,11.013500213623047,2.1196699142456055,0.23763999342918396
1994,5,31,0,0,0.9238070249557495,9.493800163269043,265,8.809900283813477,8.371199607849121,19215,11.013500213623047,1.9816399812698364,0.23781999945640564
1994,5,31,3,0,0.9198790192604065,9.358099937438965,265,8.68280029296875,8.250100135803223,16344,11.013500213623047,1.844040036201477,0.23875999450683594
1994,5,31,6,0,0.9138799905776978,9.214599609375,265,8.53689956665039,8.095999717712402,13783,10.01200008392334,1.7093299627304077,0.24139000475406647
1994,5,31,9,0,0.9051960110664368,8.943300247192383,265,7.897600173950195,6.767000198364258,11633,10.01200008392334,1.597890019416809,0.2528899908065796
1994,5,31,12,0,0.8937270045280457,8.750900268554688,265,7.88100004196167,7.170400142669678,10081,10.01200008392334,1.505560040473938,0.2643299996852875
1994,5,31,15,0,0.8852649927139282,8.609199523925781,265,7.831600189208984,7.291600227355957,8701,10.01200008392334,1.4117000102996826,0.2671799957752228
1994,5,31,18,0,0.8808450102806091,7.809299945831299,255,6.422599792480469,5.441400051116943,8200,10.01200008392334,1.4430700540542603,0.3425700068473816
1994,5,31,21,0,0.8883870244026184,7.538000106811523,255,6.309599876403809,5.458000183105469,8724,8.274100303649902,1.5176399946212769,0.34411999583244324
1994,6,1,0,0,0.9115530252456665,8.02299976348877,245,6.670400142669678,5.733399868011475,11811,10.01200008392334,1.7013399600982666,0.35218000411987305
1994,6,1,3,0,0.9494619965553284,9.720199584960938,255,8.41100025177002,7.390399932861328,27394,12.114999771118164,2.3148000240325928,0.3056800067424774
1994,6,1,6,0,0.9598309993743896,10.62339973449707,255,9.59469985961914,8.730500221252441,47492,12.114999771118164,2.893510103225708,0.2554500102996826
1994,6,1,9,0,0.9596440196037292,10.779600143432617,255,9.805999755859375,8.949000358581543,51679,12.114999771118164,2.9929299354553223,0.24282999336719513
1994,6,1,12,0,0.9591090083122253,10.826800346374512,255,9.888099670410156,9.088000297546387,50524,12.114999771118164,2.951359987258911,0.2395700067281723
1994,6,1,15,0,0.95933997631073,10.835800170898438,255,10.00469970703125,9.367600440979004,48625,12.114999771118164,2.89559006690979,0.2311200052499771
1994,6,1,18,0,0.9575579762458801,10.664199829101562,255,9.924699783325195,9.395899772644043,43776,12.114999771118164,2.7782599925994873,0.22312000393867493
1994,6,1,21,0,0.9526039958000183,10.324600219726562,255,9.640800476074219,9.166799545288086,36174,12.114999771118164,2.5806798934936523,0.22014999389648438
1994,6,2,0,0,0.9451000094413757,9.93179988861084,255,9.286800384521484,8.848799705505371,28613,11.013500213623047,2.3542098999023438,0.2200399935245514
1994,6,2,3,0,0.9367120265960693,9.570099830627441,255,8.952799797058105,8.540300369262695,22702,11.013500213623047,2.1474499702453613,0.22145000100135803
1994,6,2,6,0,0.928134024143219,9.24899959564209,255,8.648799896240234,8.255599975585938,18292,10.01200008392334,1.96875,0.22550000250339508
1994,6,2,9,0,0.9209089875221252,8.987299919128418,255,8.396599769592285,8.0177001953125,15185,10.01200008392334,1.8247499465942383,0.23130999505519867
1994,6,2,12,0,0.9153379797935486,8.770700454711914,255,8.180999755859375,7.811399936676025,12795,9.101699829101562,1.6984000205993652,0.23869000375270844
1994,6,2,15,0,0.9113739728927612,8.598899841308594,255,8.007499694824219,7.643499851226807,11005,9.101699829101562,1.5924299955368042,0.2453799992799759
1994,6,2,18,0,0.9097869992256165,8.48550033569336,255,7.8907999992370605,7.528500080108643,9766,9.101699829101562,1.5108699798583984,0.24987000226974487
1994,6,2,21,0,0.9108359813690186,8.430299758911133,255,7.819499969482422,7.436999797821045,9040,8.274100303649902,1.4585800170898438,0.25286000967025757
1994,6,3,0,0,0.9095780253410339,7.80709981918335,255,6.460999965667725,5.469900131225586,9264,8.274100303649902,1.5364500284194946,0.3307400047779083
1994,6,3,3,0,0.9122070074081421,7.911399841308594,255,6.757599830627441,5.911200046539307,9608,8.274100303649902,1.5531400442123413,0.3186599910259247
1994,6,3,6,0,0.9185870289802551,8.2391996383667,255,7.21560001373291,6.418600082397461,9536,9.101699829101562,1.514299988746643,0.2926900088787079
1994,6,3,9,0,0.9224110245704651,8.462900161743164,255,7.552999973297119,6.829699993133545,9320,9.101699829101562,1.475659966468811,0.2752000093460083
1994,6,3,12,0,0.9222840070724487,8.587400436401367,255,7.766200065612793,7.134500026702881,8956,9.101699829101562,1.4347800016403198,0.26677000522613525
1994,6,3,15,0,0.9199939966201782,8.657500267028809,255,7.897500038146973,7.343699932098389,8489,9.101699829101562,1.3903900384902954,0.26278001070022583
1994,6,3,18,0,0.9170699715614319,8.691100120544434,255,7.970099925994873,7.474299907684326,8028,9.101699829101562,1.3491300344467163,0.26045000553131104
1994,6,3,21,0,0.9139509797096252,8.690400123596191,255,7.929599761962891,7.350399971008301,7673,9.101699829101562,1.3189799785614014,0.2609100043773651
1994,6,4,0,0,0.9113969802856445,8.48289966583252,265,7.281099796295166,6.204800128936768,7510,9.101699829101562,1.321660041809082,0.28791001439094543
1994,6,4,3,0,0.9103869795799255,8.650799751281738,265,7.796800136566162,7.080100059509277,7322,9.101699829101562,1.2916500568389893,0.26521000266075134
1994,6,4,6,0,0.9077489972114563,8.627799987792969,265,7.879499912261963,7.3358001708984375,7149,9.101699829101562,1.27839994430542,0.2617799937725067
1994,6,4,9,0,0.9030159711837769,8.297300338745117,265,7.408400058746338,6.718299865722656,7205,9.101699829101562,1.3111599683761597,0.28189998865127563
1994,6,4,12,0,0.8875929713249207,7.548600196838379,255,6.282100200653076,5.3403000831604,7831,9.101699829101562,1.4383599758148193,0.33355000615119934
1994,6,4,15,0,0.8554019927978516,7.129199981689453,245,5.969799995422363,5.181300163269043,8997,8.274100303649902,1.5901399850845337,0.34634000062942505
1994,6,4,18,0,0.8393959999084473,6.865499973297119,235,5.773799896240234,5.044300079345703,10011,8.274100303649902,1.71219003200531,0.34841999411582947
1994,6,4,21,0,0.8270469903945923,7.047399997711182,235,6.104800224304199,5.4481000900268555,9438,8.274100303649902,1.6403599977493286,0.32433998584747314
1994,6,5,0,0,0.8146330118179321,7.253900051116943,235,6.405900001525879,5.805500030517578,8311,8.274100303649902,1.5161199569702148,0.30799001455307007
1994,6,5,3,0,0.8061599731445312,7.3094000816345215,235,6.472400188446045,5.867800235748291,7415,7.5218000411987305,1.4264600276947021,0.30428001284599304
1994,6,5,6,0,0.8051630258560181,7.328800201416016,245,6.567399978637695,6.0569000244140625,6595,7.5218000411987305,1.3434900045394897,0.30028998851776123
1994,6,5,9,0,0.8071020245552063,7.3018999099731445,245,6.570499897003174,6.098100185394287,5842,7.5218000411987305,1.2668100595474243,0.3005000054836273
1994,6,5,12,0,0.810267984867096,7.269599914550781,245,6.537399768829346,6.070400238037109,5125,7.5218000411987305,1.1888999938964844,0.30605998635292053
1994,6,5,15,0,0.8158929944038391,7.151599884033203,245,6.35099983215332,5.81820011138916,4529,7.5218000411987305,1.1267199516296387,0.32280001044273376
1994,6,5,18,0,0.8349140286445618,6.979499816894531,235,6.083399772644043,5.457799911499023,4499,7.5218000411987305,1.137220025062561,0.33904001116752625
1994,6,5,21,0,0.8767610192298889,7.102499961853027,235,6.1442999839782715,5.443999767303467,5510,7.5218000411987305,1.2481900453567505,0.33296999335289
1994,6,6,0,0,0.9129340052604675,7.479899883270264,235,6.47790002822876,5.698299884796143,8143,9.101699829101562,1.4782400131225586,0.3103800117969513
1994,6,6,3,0,0.9215419888496399,7.559599876403809,225,6.539299964904785,5.738500118255615,10067,9.101699829101562,1.6348400115966797,0.3049899935722351
1994,6,6,6,0,0.9184439778327942,7.6296000480651855,225,6.625,5.835000038146973,10779,9.101699829101562,1.6828099489212036,0.3020400106906891
1994,6,6,9,0,0.9009310007095337,7.910799980163574,225,6.973899841308594,6.233699798583984,10760,8.274100303649902,1.6473900079727173,0.2923099994659424
1994,6,6,12,0,0.8877350091934204,8.228599548339844,235,7.317800045013428,6.599100112915039,10889,8.274100303649902,1.6202000379562378,0.2860899865627289
1994,6,6,15,0,0.8822799921035767,8.434800148010254,235,7.420400142669678,6.573299884796143,11255,10.01200008392334,1.623170018196106,0.2892099916934967
1994,6,6,18,0,0.8841670155525208,8.48009967803955,245,7.306700229644775,6.357999801635742,11579,10.01200008392334,1.6391600370407104,0.30557000637054443
1994,6,6,21,0,0.8924390077590942,8.661800384521484,245,7.519499778747559,6.614299774169922,12008,10.01200008392334,1.6482700109481812,0.30445998907089233
1994,6,7,0,0,0.9031310081481934,8.906200408935547,245,7.853099822998047,7.009200096130371,12979,10.01200008392334,1.6875100135803223,0.28981998562812805
1994,6,7,3,0,0.9069259762763977,8.845800399780273,245,7.69350004196167,6.711699962615967,13597,10.01200008392334,1.7354099750518799,0.2887899875640869
1994,6,7,6,0,0.9036279916763306,8.740500450134277,245,7.770899772644043,6.964300155639648,12791,10.01200008392334,1.6974999904632568,0.2759700119495392
1994,6,7,9,0,0.8951449990272522,8.569899559020996,245,7.785600185394287,7.205599784851074,11350,9.101699829101562,1.6189199686050415,0.26673999428749084
1994,6,7,12,0,0.8850780129432678,8.352100372314453,245,7.646900177001953,7.171899795532227,9964,9.101699829101562,1.5394799709320068,0.2671799957752228
1994,6,7,15,0,0.8773390054702759,8.146499633789062,245,7.455100059509277,7.017600059509277,8731,9.101699829101562,1.4604899883270264,0.2762399911880493
1994,6,7,18,0,0.8735899925231934,7.985499858856201,245,7.277599811553955,6.847799777984619,7718,8.274100303649902,1.386929988861084,0.28992000222206116
1994,6,7,21,0,0.8717079758644104,7.7245001792907715,245,6.710899829864502,5.925899982452393,6907,8.274100303649902,1.3342399597167969,0.3226200044155121
1994,6,8,0,0,0.8688369989395142,7.616700172424316,245,6.5883002281188965,5.863800048828125,6176,8.274100303649902,1.2692999839782715,0.3424699902534485
1994,6,8,3,0,0.8653690218925476,7.605100154876709,245,6.623000144958496,5.9710001945495605,5498,8.274100303649902,1.1972399950027466,0.3499400019645691
1994,6,8,6,0,0.862280011177063,7.5854997634887695,255,6.649499893188477,6.078499794006348,4889,7.5218000411987305,1.1294300556182861,0.35631999373435974
1994,6,8,9,0,0.8590440154075623,7.545499801635742,255,6.612100124359131,6.07480001449585,4338,7.5218000411987305,1.0657299757003784,0.36550000309944153
1994,6,8,12,0,0.855987012386322,7.533999919891357,255,6.565899848937988,6.037399768829346,3877,7.5218000411987305,1.0068299770355225,0.38005998730659485
1994,6,8,15,0,0.8541920185089111,7.599699974060059,255,6.546500205993652,6.0015997886657715,3549,7.5218000411987305,0.9566599726676941,0.4018799960613251
1994,6,8,18,0,0.8540800213813782,7.783699989318848,255,6.584199905395508,5.994699954986572,3384,6.837800025939941,0.9190800189971924,0.427949994802475
1994,6,8,21,0,0.8550860285758972,8.135000228881836,255,6.721099853515625,6.051400184631348,3421,6.837800025939941,0.8982700109481812,0.4500899910926819
1994,6,9,0,0,0.8569509983062744,8.692899703979492,255,7.017300128936768,6.223599910736084,3742,14.659700393676758,0.9016799926757812,0.455949991941452
1994,6,9,3,0,0.8593140244483948,9.321100234985352,255,7.436500072479248,6.494100093841553,4354,14.659700393676758,0.9328100085258484,0.43974998593330383
1994,6,9,6,0,0.8650220036506653,9.802499771118164,265,7.850399971008301,6.784900188446045,5163,14.659700393676758,0.9870200157165527,0.41106000542640686
1994,6,9,9,0,0.8736240267753601,10.13860034942627,265,8.251799583435059,7.107600212097168,6136,13.326800346374512,1.056939959526062,0.3777500092983246
1994,6,9,12,0,0.8802670240402222,10.358799934387207,265,8.623100280761719,7.46619987487793,7211,13.326800346374512,1.134369969367981,0.34661000967025757
1994,6,9,15,0,0.8845710158348083,10.462499618530273,265,8.901700019836426,7.787799835205078,8207,13.326800346374512,1.2062499523162842,0.32214999198913574
1994,6,9,18,0,0.8876839876174927,10.45259952545166,275,9.058899879455566,8.02929973602295,9052,12.114999771118164,1.2705399990081787,0.30500999093055725
1994,6,9,21,0,0.8915449976921082,10.313400268554688,275,9.009200096130371,8.002799987792969,9737,12.114999771118164,1.3307100534439087,0.2976599931716919
1994,6,10,0,0,0.8919609785079956,10.166199684143066,275,8.899499893188477,7.916200160980225,10192,12.114999771118164,1.3744900226593018,0.2975499927997589
1994,6,10,3,0,0.8885120153427124,10.107999801635742,275,8.878100395202637,7.946700096130371,10386,12.114999771118164,1.3930799961090088,0.29791998863220215
1994,6,10,6,0,0.8833940029144287,10.07450008392334,265,8.89840030670166,8.054499626159668,10450,12.114999771118164,1.4007899761199951,0.29864001274108887
1994,6,10,9,0,0.8807299733161926,9.980799674987793,265,8.837800025939941,8.057000160217285,10487,12.114999771118164,1.411579966545105,0.30257999897003174
1994,6,10,12,0,0.8776929974555969,9.86769962310791,265,8.734999656677246,7.993299961090088,10483,11.013500213623047,1.4210599660873413,0.30866000056266785
1994,6,10,15,0,0.874413013458252,9.769000053405762,265,8.637800216674805,7.9131999015808105,10274,11.013500213623047,1.4153200387954712,0.3135800063610077
1994,6,10,18,0,0.8706120252609253,9.692099571228027,265,8.557600021362305,7.835700035095215,9869,11.013500213623047,1.3936500549316406,0.3172999918460846
1994,6,10,21,0,0.8662189841270447,9.361599922180176,265,7.639699935913086,6.3003997802734375,9440,11.013500213623047,1.3883700370788574,0.34942999482154846
1994,6,11,0,0,0.8601059913635254,9.19729995727539,265,7.373799800872803,6.09250020980835,8928,11.013500213623047,1.3617099523544312,0.37116000056266785
1994,6,11,3,0,0.8526960015296936,9.419699668884277,265,7.759699821472168,6.578700065612793,8210,11.013500213623047,1.2875499725341797,0.36136001348495483
1994,6,11,6,0,0.8552460074424744,9.647100448608398,255,8.108099937438965,7.023900032043457,7789,14.659700393676758,1.23649001121521,0.3522700071334839
1994,6,11,9,0,0.8643789887428284,9.797100067138672,255,8.406800270080566,7.4293999671936035,8130,14.659700393676758,1.2533400058746338,0.33623000979423523
1994,6,11,12,0,0.8780779838562012,9.757800102233887,255,8.582799911499023,7.765500068664551,9406,10.01200008392334,1.3546799421310425,0.31564998626708984
1994,6,11,15,0,0.8902909755706787,9.57229995727539,255,8.5625,7.8979997634887695,11097,10.01200008392334,1.4910999536514282,0.30278998613357544
1994,6,11,18,0,0.8981680274009705,9.44379997253418,255,8.512399673461914,7.920400142669678,12182,10.01200008392334,1.576509952545166,0.2958599925041199
1994,6,11,21,0,0.901619017124176,9.364700317382812,255,8.457200050354004,7.886899948120117,12523,10.01200008392334,1.6070899963378906,0.2940100133419037
1994,6,12,0,0,0.9017090201377869,9.288299560546875,255,8.363200187683105,7.782899856567383,12327,9.101699829101562,1.601889967918396,0.29802000522613525
1994,6,12,3,0,0.8992210030555725,9.25730037689209,255,8.291799545288086,7.682799816131592,11725,9.101699829101562,1.5646899938583374,0.3042899966239929
1994,6,12,6,0,0.8952699899673462,9.244600296020508,255,8.240799903869629,7.599100112915039,11067,9.101699829101562,1.5206700563430786,0.3099699914455414
1994,6,12,9,0,0.8917070031166077,8.91510009765625,255,7.573800086975098,6.598400115966797,10715,9.101699829101562,1.5250699520111084,0.34209999442100525
1994,6,12,12,0,0.8883209824562073,8.640399932861328,255,7.326499938964844,6.491099834442139,10540,9.101699829101562,1.5377600193023682,0.36208000779151917
1994,6,12,15,0,0.8828380107879639,8.73840045928955,255,7.427499771118164,6.5954999923706055,9736,9.101699829101562,1.4683799743652344,0.36083999276161194
1994,6,12,18,0,0.8781070113182068,8.908100128173828,255,7.58650016784668,6.711900234222412,8920,9.101699829101562,1.3903100490570068,0.3557699918746948
1994,6,12,21,0,0.867546021938324,8.463800430297852,255,6.4182000160217285,5.10890007019043,8443,9.101699829101562,1.3888599872589111,0.40674999356269836
1994,6,13,0,0,0.862617015838623,6.328000068664551,225,5.2042999267578125,4.577700138092041,16551,6.837800025939941,2.2854199409484863,0.4289900064468384
1994,6,13,3,0,0.8973039984703064,7.347300052642822,215,6.39739990234375,5.708199977874756,35530,8.274100303649902,3.1159000396728516,0.31279999017715454
1994,6,13,6,0,0.8978970050811768,8.132699966430664,215,7.302299976348877,6.677800178527832,47403,9.101699829101562,3.4081499576568604,0.2741900086402893
1994,6,13,9,0,0.8957870006561279,8.203700065612793,225,7.316800117492676,6.645199775695801,57680,9.101699829101562,3.738919973373413,0.2786000072956085
1994,6,13,12,0,0.8985180258750916,8.916500091552734,235,8.083700180053711,7.487599849700928,78102,10.01200008392334,4.143499851226807,0.26405999064445496
1994,6,13,15,0,0.9044650197029114,9.980500221252441,245,9.014599800109863,8.347700119018555,104455,11.013500213623047,4.461060047149658,0.27090999484062195
1994,6,13,18,0,0.9157919883728027,11.09939956665039,255,9.970499992370605,9.17710018157959,147682,12.114999771118164,4.954060077667236,0.27366000413894653
1994,6,13,21,0,0.9241930246353149,11.46150016784668,255,10.234600067138672,9.33650016784668,173220,13.326800346374512,5.253489971160889,0.2752400040626526
1994,6,14,0,0,0.9186859726905823,11.12909984588623,255,9.81659984588623,8.864399909973145,182376,13.326800346374512,5.485260009765625,0.28949999809265137
1994,6,14,3,0,0.9313520193099976,11.454299926757812,255,10.405200004577637,9.688699722290039,175340,13.326800346374512,5.292990207672119,0.2600899934768677
1994,6,14,6,0,0.9335989952087402,11.212200164794922,255,10.100600242614746,9.31470012664795,162767,13.326800346374512,5.165830135345459,0.2675899863243103
1994,6,14,9,0,0.9313790202140808,11.008600234985352,265,9.958200454711914,9.215299606323242,150123,13.326800346374512,5.021679878234863,0.26252999901771545
1994,6,14,12,0,0.9305279850959778,10.646400451660156,265,9.633000373840332,8.91189956665039,137565,12.114999771118164,4.911940097808838,0.26183998584747314
1994,6,14,15,0,0.928276002407074,10.354499816894531,265,9.406900405883789,8.72130012512207,120075,12.114999771118164,4.675570011138916,0.2555899918079376
1994,6,14,18,0,0.9226070046424866,9.96030044555664,265,9.021499633789062,8.336600303649902,99706,11.013500213623047,4.367509841918945,0.2591800093650818
1994,6,14,21,0,0.9222180247306824,9.769200325012207,265,8.941800117492676,8.347100257873535,71111,11.013500213623047,3.7398600578308105,0.24808000028133392
1994,6,15,0,0,0.918927013874054,9.390600204467773,265,8.487500190734863,7.788899898529053,49568,11.013500213623047,3.198669910430908,0.2589600086212158
1994,6,15,3,0,0.9180840253829956,9.144100189208984,265,8.270500183105469,7.601099967956543,35742,10.01200008392334,2.7613799571990967,0.2611300051212311
1994,6,15,6,0,0.9196310043334961,9.038700103759766,265,8.215299606323242,7.59060001373291,27757,10.01200008392334,2.4514999389648438,0.2590999901294708
1994,6,15,9,0,0.9220449924468994,9.005000114440918,265,8.26039981842041,7.747700214385986,23110,10.01200008392334,2.2423300743103027,0.25624001026153564
1994,6,15,12,0,0.9237890243530273,8.981499671936035,265,8.270600318908691,7.8206000328063965,20271,10.01200008392334,2.103179931640625,0.25665000081062317
1994,6,15,15,0,0.9245150089263916,8.971500396728516,265,8.263199806213379,7.823599815368652,18397,10.01200008392334,2.0048201084136963,0.25745999813079834
1994,6,15,18,0,0.9247729778289795,8.977999687194824,265,8.271200180053711,7.830399990081787,17037,10.01200008392334,1.9287300109863281,0.25652000308036804
1994,6,15,21,0,0.9246190190315247,8.977800369262695,265,8.274299621582031,7.832600116729736,15769,10.01200008392334,1.8559099435806274,0.25529998540878296
1994,6,16,0,0,0.9236699938774109,8.958499908447266,265,8.257200241088867,7.815999984741211,14494,10.01200008392334,1.7816699743270874,0.2550700008869171
1994,6,16,3,0,0.9224209785461426,8.922900199890137,265,8.220800399780273,7.779900074005127,13291,10.01200008392334,1.7101000547409058,0.25619998574256897
1994,6,16,6,0,0.9214069843292236,8.878499984741211,265,8.174400329589844,7.734000205993652,12270,10.01200008392334,1.6476999521255493,0.25808998942375183
1994,6,16,9,0,0.9203680157661438,8.825900077819824,265,8.122200012207031,7.683899879455566,11448,10.01200008392334,1.5968400239944458,0.26006001234054565
1994,6,16,12,0,0.9186149835586548,8.762399673461914,265,8.058300018310547,7.622099876403809,10685,9.101699829101562,1.5489399433135986,0.26263999938964844
1994,6,16,15,0,0.916034996509552,8.687299728393555,265,7.972700119018555,7.531700134277344,9902,9.101699829101562,1.4980900287628174,0.26704999804496765
1994,6,16,18,0,0.9133880138397217,8.614100456237793,265,7.886600017547607,7.437699794769287,9118,9.101699829101562,1.4440900087356567,0.2715100049972534
1994,6,16,21,0,0.9107069969177246,8.545900344848633,265,7.788599967956543,7.301599979400635,8316,9.101699829101562,1.3848299980163574,0.2765200138092041
1994,6,17,0,0,0.9078580141067505,8.167699813842773,265,6.902900218963623,5.907599925994873,7643,9.101699829101562,1.3594399690628052,0.319240003824234
1994,6,17,3,0,0.9045400023460388,7.927199840545654,265,6.75029993057251,5.931099891662598,7187,8.274100303649902,1.3386800289154053,0.3358300030231476
1994,6,17,6,0,0.9025120139122009,7.918300151824951,265,6.8206000328063965,6.084799766540527,6628,8.274100303649902,1.2859899997711182,0.33410000801086426
1994,6,17,9,0,0.9002829790115356,8.019800186157227,265,6.934999942779541,6.20550012588501,5975,10.01200008392334,1.2122100591659546,0.33090001344680786
1994,6,17,12,0,0.8979139924049377,8.12279987335205,265,7.038300037384033,6.307700157165527,5459,10.01200008392334,1.1502000093460083,0.32923001050949097
1994,6,17,15,0,0.8959169983863831,8.222999572753906,265,7.136600017547607,6.4019999504089355,5063,10.01200008392334,1.0998599529266357,0.3275499939918518
1994,6,17,18,0,0.8945950269699097,8.312700271606445,265,7.230800151824951,6.494900226593018,4741,10.01200008392334,1.0577199459075928,0.325300008058548
1994,6,17,21,0,0.8943189978599548,8.2524995803833,265,6.920100212097168,5.8831000328063965,4472,10.01200008392334,1.0313299894332886,0.3346399962902069
1994,6,18,0,0,0.8936709761619568,7.707099914550781,265,5.9542999267578125,4.881100177764893,4390,10.01200008392334,1.0589599609375,0.3975200057029724
1994,6,18,3,0,0.8919829726219177,7.9816999435424805,265,6.473599910736084,5.468500137329102,4127,10.01200008392334,1.0079200267791748,0.3718700110912323
1994,6,18,6,0,0.8916469812393188,8.204700469970703,265,6.864099979400635,5.921999931335449,3900,10.01200008392334,0.9657300114631653,0.35280001163482666
1994,6,18,9,0,0.8906159996986389,8.335599899291992,265,7.09060001373291,6.2006001472473145,3730,9.101699829101562,0.9366099834442139,0.3443399965763092
1994,6,18,12,0,0.8883559703826904,8.37559986114502,265,7.120299816131592,6.228700160980225,3602,9.101699829101562,0.917930006980896,0.34900999069213867
1994,6,18,15,0,0.8861669898033142,8.124099731445312,265,6.7017998695373535,5.7957000732421875,3601,9.101699829101562,0.9320799708366394,0.3856399953365326
1994,6,18,18,0,0.8849629759788513,7.6097002029418945,265,5.933300018310547,4.97130012512207,3786,9.101699829101562,0.9889299869537354,0.43981000781059265
1994,6,18,21,0,0.8807860016822815,7.3572001457214355,255,5.54640007019043,4.616000175476074,3871,9.101699829101562,1.0168499946594238,0.48072001338005066
1994,6,19,0,0,0.8772029876708984,7.520100116729736,255,5.605299949645996,4.6392998695373535,3778,9.101699829101562,0.9917299747467041,0.49285000562667847
1994,6,19,3,0,0.8749499917030334,8.070799827575684,255,6.184000015258789,5.178299903869629,3609,9.101699829101562,0.9324700236320496,0.47631001472473145
1994,6,19,6,0,0.8745449781417847,8.513099670410156,255,6.587600231170654,5.519599914550781,3565,9.101699829101562,0.9000599980354309,0.47058001160621643
1994,6,19,9,0,0.8741710186004639,8.872400283813477,255,6.929999828338623,5.82450008392334,3625,9.101699829101562,0.8873900175094604,0.46893998980522156
1994,6,19,12,0,0.87220698595047,9.110899925231934,255,7.189000129699707,6.093100070953369,3722,9.101699829101562,0.8860499858856201,0.4683299958705902
1994,6,19,15,0,0.86878901720047,9.26609992980957,255,7.357999801635742,6.289599895477295,3816,9.101699829101562,0.8879799842834473,0.4683400094509125
1994,6,19,18,0,0.8647300004959106,9.45580005645752,245,7.4980998039245605,6.426400184631348,3931,9.101699829101562,0.8895599842071533,0.47032999992370605
1994,6,19,21,0,0.862483024597168,9.038399696350098,245,6.2606000900268555,4.88640022277832,4178,9.101699829101562,0.9362800121307373,0.5256500244140625
1994,6,20,0,0,0.8459360003471375,7.33489990234375,255,4.859099864959717,4.013599872589111,5310,19.513200759887695,1.1763099431991577,0.6563900113105774
1994,6,20,3,0,0.8278980255126953,6.824999809265137,255,4.871600151062012,4.169000148773193,7025,19.513200759887695,1.4080699682235718,0.65242999792099
1994,6,20,6,0,0.8304070234298706,7.321700096130371,255,5.352200031280518,4.592100143432617,7287,19.513200759887695,1.3813400268554688,0.6195499897003174
1994,6,20,9,0,0.8382430076599121,7.823299884796143,255,5.748499870300293,4.929500102996826,6635,19.513200759887695,1.270859956741333,0.6006699800491333
1994,6,20,12,0,0.8409590125083923,8.016799926757812,255,5.977799892425537,5.145299911499023,5830,17.73889923095703,1.1758999824523926,0.577709972858429
1994,6,20,15,0,0.8379319906234741,8.19379997253418,255,6.186100006103516,5.334199905395508,5537,17.73889923095703,1.1325099468231201,0.5569400191307068
1994,6,20,18,0,0.8330119848251343,8.372200012207031,255,6.44379997253418,5.584799766540527,5778,17.73889923095703,1.1440399885177612,0.5318099856376648
1994,6,20,21,0,0.8245459794998169,7.950900077819824,255,5.739099979400635,4.754700183868408,6467,17.73889923095703,1.2436800003051758,0.5595899820327759
1994,6,21,0,0,0.818136990070343,7.092199802398682,255,5.235199928283691,4.471099853515625,8156,17.73889923095703,1.4866199493408203,0.5858799815177917
1994,6,21,3,0,0.8165839910507202,7.184000015258789,255,5.471700191497803,4.704599857330322,8926,17.73889923095703,1.547379970550537,0.5522500276565552
1994,6,21,6,0,0.8213689923286438,7.555099964141846,255,5.9141998291015625,5.1579999923706055,8443,6.837800025939941,1.4648200273513794,0.5228000283241272
1994,6,21,9,0,0.8238459825515747,7.835100173950195,255,6.3018999099731445,5.566400051116943,8118,7.5218000411987305,1.4103699922561646,0.4905500113964081
1994,6,21,12,0,0.8205879926681519,8.008299827575684,265,6.583499908447266,5.871699810028076,8101,7.5218000411987305,1.394819974899292,0.4641599953174591
1994,6,21,15,0,0.8111339807510376,8.1427001953125,265,6.711299896240234,6.002500057220459,7780,7.5218000411987305,1.354200005531311,0.4615600109100342
1994,6,21,18,0,0.7987729907035828,8.264599800109863,265,6.735499858856201,5.997499942779541,7215,16.125999450683594,1.2912299633026123,0.47293001413345337
1994,6,21,21,0,0.7962620258331299,8.206100463867188,255,6.402400016784668,5.462399959564209,6777,16.125999450683594,1.254289984703064,0.4923099875450134
1994,6,22,0,0,0.794875979423523,8.08329963684082,255,6.169099807739258,5.211400032043457,6519,16.125999450683594,1.2389500141143799,0.5068399906158447
1994,6,22,3,0,0.7893869876861572,8.380000114440918,255,6.557499885559082,5.668099880218506,6050,16.125999450683594,1.1692299842834473,0.49421998858451843
1994,6,22,6,0,0.786316990852356,8.660300254821777,255,6.755300045013428,5.863399982452393,5643,16.125999450683594,1.107069969177246,0.49755001068115234
1994,6,22,9,0,0.7944740056991577,9.056699752807617,245,6.917500019073486,5.953199863433838,5381,14.659700393676758,1.0521399974822998,0.5081400275230408
1994,6,22,12,0,0.8062689900398254,9.497200012207031,245,7.097400188446045,6.034999847412109,5339,14.659700393676758,1.0188599824905396,0.5129799842834473
1994,6,22,15,0,0.8153259754180908,9.804200172424316,235,7.226500034332275,6.089200019836426,5372,14.659700393676758,1.0029000043869019,0.5120099782943726
1994,6,22,18,0,0.8219500184059143,9.828399658203125,235,7.187399864196777,6.008500099182129,5441,14.659700393676758,1.0073399543762207,0.5127300024032593
1994,6,22,21,0,0.8222560286521912,9.437199592590332,235,6.636499881744385,5.353700160980225,5610,14.659700393676758,1.0458799600601196,0.5299999713897705
1994,6,23,0,0,0.82389897108078,9.264200210571289,235,6.385799884796143,5.148499965667725,5640,14.659700393676758,1.058150053024292,0.5458199977874756
1994,6,23,3,0,0.83126300573349,9.74530029296875,235,6.875800132751465,5.6321001052856445,5422,17.73889923095703,1.007789969444275,0.5256100296974182
1994,6,23,6,0,0.8409889936447144,10.156399726867676,235,7.1468000411987305,5.8246002197265625,5174,17.73889923095703,0.9612900018692017,0.5117599964141846
1994,6,23,9,0,0.8477990031242371,10.414600372314453,235,7.307499885559082,5.918099880218506,4915,17.73889923095703,0.9236900210380554,0.5013399720191956
1994,6,23,12,0,0.8492699861526489,10.438899993896484,235,7.291999816894531,5.84630012512207,4709,17.73889923095703,0.9032599925994873,0.4971599876880646
1994,6,23,15,0,0.8450199961662292,9.466699600219727,235,5.993299961090088,4.645400047302246,4779,17.73889923095703,0.9592599868774414,0.5593500137329102
1994,6,23,18,0,0.8423759937286377,7.3942999839782715,225,4.813399791717529,4.000800132751465,5842,17.73889923095703,1.214709997177124,0.6671299934387207
1994,6,23,21,0,0.8282070159912109,6.926400184631348,225,4.828199863433838,4.11959981918335,6865,16.125999450683594,1.368880033493042,0.6504899859428406
1994,6,24,0,0,0.8282690048217773,6.8454999923706055,215,4.894999980926514,4.204599857330322,7387,16.125999450683594,1.4314099550247192,0.6322799921035767
1994,6,24,3,0,0.8278710246086121,7.239200115203857,215,5.186299800872803,4.434899806976318,6989,16.125999450683594,1.3503700494766235,0.6111900210380554
1994,6,24,6,0,0.8325030207633972,7.393199920654297,225,5.3343000411987305,4.559999942779541,6797,16.125999450683594,1.3175100088119507,0.5980700254440308
1994,6,24,9,0,0.8300750255584717,7.523099899291992,225,5.4430999755859375,4.64139986038208,6479,16.125999450683594,1.2753900289535522,0.5870299935340881
1994,6,24,12,0,0.820930004119873,7.727399826049805,235,5.633600234985352,4.801799774169922,6065,16.125999450683594,1.2174099683761597,0.5695000290870667
1994,6,24,15,0,0.8184890151023865,8.081100463867188,235,6.014999866485596,5.161499977111816,5694,14.659700393676758,1.1526600122451782,0.5397400259971619
1994,6,24,18,0,0.8158820271492004,8.416000366210938,235,6.329999923706055,5.417799949645996,5517,14.659700393676758,1.110859990119934,0.5142199993133545
1994,6,24,21,0,0.8137660026550293,8.779399871826172,235,6.64870023727417,5.6631999015808105,5551,14.659700393676758,1.089609980583191,0.49268001317977905
1994,6,25,0,0,0.815608024597168,9.160200119018555,245,6.997900009155273,5.931399822235107,5742,14.659700393676758,1.0836299657821655,0.4703499972820282
1994,6,25,3,0,0.816070020198822,9.505999565124512,245,7.368599891662598,6.2266998291015625,6001,14.659700393676758,1.086940050125122,0.444379985332489
1994,6,25,6,0,0.8156229853630066,9.766900062561035,245,7.722300052642822,6.532100200653076,6237,14.659700393676758,1.0935300588607788,0.41745999455451965
1994,6,25,9,0,0.8160409927368164,9.951600074768066,245,8.030599594116211,6.822000026702881,6402,10.01200008392334,1.0982099771499634,0.39392000436782837
1994,6,25,12,0,0.8186429738998413,10.11050033569336,255,8.300000190734863,7.090700149536133,6511,10.01200008392334,1.0988800525665283,0.37674999237060547
1994,6,25,15,0,0.8230829834938049,10.266799926757812,245,8.54069995880127,7.342100143432617,6631,10.01200008392334,1.099869966506958,0.3656100034713745
1994,6,25,18,0,0.8275589942932129,10.388299942016602,245,8.724200248718262,7.539299964904785,6740,16.125999450683594,1.1016700267791748,0.35857000946998596
1994,6,25,21,0,0.8312529921531677,10.439299583435059,245,8.711199760437012,7.382299900054932,6800,16.125999450683594,1.103279948234558,0.3566100001335144
1994,6,26,0,0,0.8339880108833313,9.337599754333496,245,6.536900043487549,5.0507001876831055,7021,16.125999450683594,1.1883399486541748,0.45820000767707825
1994,6,26,3,0,0.8309990167617798,9.331399917602539,245,6.725800037384033,5.303500175476074,6879,14.659700393676758,1.1768399477005005,0.4556199908256531
1994,6,26,6,0,0.8318269848823547,9.581199645996094,245,7.215700149536133,5.814199924468994,6529,14.659700393676758,1.1308399438858032,0.43209999799728394
1994,6,26,9,0,0.8318489789962769,9.042400360107422,245,6.485099792480469,5.127399921417236,6350,14.659700393676758,1.1506199836730957,0.4647800028324127
1994,6,26,12,0,0.8317840099334717,7.701499938964844,255,5.617599964141846,4.684899806976318,7413,14.659700393676758,1.3571799993515015,0.5275099873542786
1994,6,26,15,0,0.8312990069389343,7.736499786376953,255,5.8703999519348145,4.998000144958496,7732,14.659700393676758,1.3837699890136719,0.5079500079154968
1994,6,26,18,0,0.8323590159416199,8.108099937438965,245,6.115099906921387,5.188799858093262,7173,14.659700393676758,1.2967400550842285,0.5042999982833862
1994,6,26,21,0,0.8419870138168335,8.606100082397461,245,6.353899955749512,5.28380012512207,6543,14.659700393676758,1.1962900161743164,0.49873000383377075
1994,6,27,0,0,0.8475720286369324,8.981300354003906,245,6.467899799346924,5.240499973297119,6042,14.659700393676758,1.1216100454330444,0.4917899966239929
1994,6,27,3,0,0.8479859828948975,9.312899589538574,245,6.8927998542785645,5.653800010681152,5581,13.326800346374512,1.0570399761199951,0.46875
1994,6,27,6,0,0.8456990122795105,9.258199691772461,245,7.016300201416016,5.83519983291626,5271,13.326800346374512,1.0320600271224976,0.4559899866580963
1994,6,27,9,0,0.8420739769935608,9.049099922180176,245,7.018700122833252,5.938300132751465,5184,13.326800346374512,1.0383800268173218,0.4465300142765045
1994,6,27,12,0,0.8369370102882385,8.980600357055664,245,7.073400020599365,6.040200233459473,5193,13.326800346374512,1.0450899600982666,0.43487000465393066
1994,6,27,15,0,0.8299049735069275,9.057000160217285,245,7.148200035095215,6.057600021362305,5249,13.326800346374512,1.046470046043396,0.42346999049186707
1994,6,27,18,0,0.8200989961624146,8.986499786376953,245,6.976500034332275,5.795400142669678,5395,13.326800346374512,1.065790057182312,0.42528000473976135
1994,6,27,21,0,0.8078820109367371,8.11970043182373,255,5.915500164031982,4.818699836730957,5840,16.125999450683594,1.172070026397705,0.48085999488830566
1994,6,28,0,0,0.8093569874763489,6.5320000648498535,265,5.026199817657471,4.344200134277344,8105,5.1371002197265625,1.5590300559997559,0.5164899826049805
1994,6,28,3,0,0.816169023513794,6.537300109863281,265,5.273099899291992,4.609600067138672,8951,6.216100215911865,1.6455999612808228,0.4570100009441376
1994,6,28,6,0,0.8331819772720337,6.769999980926514,275,5.6468000411987305,4.9934000968933105,8552,6.216100215911865,1.5836999416351318,0.4094200134277344
1994,6,28,9,0,0.8447710275650024,7.06850004196167,275,6.052000045776367,5.437900066375732,7305,7.5218000411987305,1.4324899911880493,0.3792400062084198
1994,6,28,12,0,0.8457329869270325,7.13070011138916,275,6.098899841308594,5.479100227355957,6148,8.274100303649902,1.3076900243759155,0.38141000270843506
1994,6,28,15,0,0.8418359756469727,7.133600234985352,275,6.070400238037109,5.44920015335083,5366,8.274100303649902,1.2203099727630615,0.3909800052642822
1994,6,28,18,0,0.8323400020599365,7.100900173187256,275,5.866000175476074,5.131999969482422,4663,8.274100303649902,1.139009952545166,0.41064000129699707
1994,6,28,21,0,0.8314880132675171,6.285399913787842,275,4.876500129699707,4.184899806976318,4649,8.274100303649902,1.2121399641036987,0.4819999933242798
1994,6,29,0,0,0.8407189846038818,5.86929988861084,275,4.790500164031982,4.221799850463867,5867,5.1371002197265625,1.4144999980926514,0.45131000876426697
1994,6,29,3,0,0.8341540098190308,6.083799839019775,275,4.998000144958496,4.39900016784668,5373,5.650899887084961,1.3287500143051147,0.4343799948692322
1994,6,29,6,0,0.8327159881591797,6.187900066375732,275,5.10699987411499,4.514699935913086,4691,5.650899887084961,1.229889988899231,0.43327000737190247
1994,6,29,9,0,0.8381059765815735,6.2718000411987305,275,5.146299839019775,4.532400131225586,4300,5.650899887084961,1.1691399812698364,0.43564000725746155
1994,6,29,12,0,0.8578959703445435,6.458499908447266,275,5.263400077819824,4.6006999015808105,4582,8.274100303649902,1.1896799802780151,0.4271099865436554
1994,6,29,15,0,0.8815749883651733,6.997600078582764,275,5.856299877166748,5.161200046539307,5470,8.274100303649902,1.248479962348938,0.381630003452301
1994,6,29,18,0,0.8962110280990601,7.326700210571289,275,6.166999816894531,5.379300117492676,6406,8.274100303649902,1.320970058441162,0.35277000069618225
1994,6,29,21,0,0.9013170003890991,7.160900115966797,275,5.884799957275391,5.049799919128418,7187,8.274100303649902,1.4166500568389893,0.36757999658584595
1994,6,30,0,0,0.9007599949836731,7.032100200653076,275,5.7382001876831055,4.920199871063232,7662,9.101699829101562,1.4764200448989868,0.37762001156806946
1994,6,30,3,0,0.9015200138092041,7.246099948883057,275,5.986400127410889,5.161300182342529,7728,9.101699829101562,1.4591200351715088,0.3644599914550781
1994,6,30,6,0,0.9068989753723145,7.565199851989746,285,6.35830020904541,5.5278000831604,7934,9.101699829101562,1.4448299407958984,0.3443799912929535
1994,6,30,9,0,0.9153929948806763,7.941999912261963,285,6.833399772644043,6.02400016784668,8201,9.101699829101562,1.4317799806594849,0.31718000769615173
1994,6,30,12,0,0.9230239987373352,8.274499893188477,285,7.293900012969971,6.548600196838379,8291,9.101699829101562,1.408959984779358,0.29030001163482666
1994,6,30,15,0,0.9284279942512512,8.494600296020508,285,7.623300075531006,6.941100120544434,8156,9.101699829101562,1.3784500360488892,0.2697699964046478
1994,6,30,18,0,0.930903971195221,8.606100082397461,285,7.807700157165527,7.185500144958496,7779,10.01200008392334,1.3371700048446655,0.25894999504089355
1994,6,30,21,0,0.930866003036499,8.628199577331543,285,7.814700126647949,7.144700050354004,7462,10.01200008392334,1.3079500198364258,0.2577599883079529
1994,7,1,0,0,0.9309170246124268,8.399800300598145,285,7.35860013961792,6.424499988555908,8403,10.01200008392334,1.40871000289917,0.27459999918937683
1994,7,1,3,0,0.9301109910011292,8.286399841308594,285,7.264400005340576,6.394599914550781,10078,9.101699829101562,1.5543700456619263,0.27963998913764954
1994,7,1,6,0,0.9252989888191223,8.265800476074219,285,7.158699989318848,6.243800163269043,11355,9.101699829101562,1.651129961013794,0.28981998562812805
1994,7,1,9,0,0.9102910161018372,8.030599594116211,285,6.72599983215332,5.763800144195557,12709,10.01200008392334,1.7717499732971191,0.32311001420021057
1994,7,1,12,0,0.902413010597229,7.88730001449585,275,6.592100143432617,5.6793999671936035,13764,10.01200008392334,1.8607699871063232,0.33406999707221985
1994,7,1,15,0,0.8872650265693665,7.609399795532227,275,6.328800201416016,5.485499858856201,14850,10.01200008392334,1.9695600271224976,0.35060998797416687
1994,7,1,18,0,0.8951990008354187,7.982699871063232,275,6.920000076293945,6.178899765014648,14254,10.01200008392334,1.8821099996566772,0.31398001313209534
1994,7,1,21,0,0.9019359946250916,8.010700225830078,275,6.8769001960754395,6.058899879455566,13604,10.01200008392334,1.8351900577545166,0.31547999382019043
1994,7,2,0,0,0.9105939865112305,7.617400169372559,275,6.4028000831604,5.585000038146973,13986,10.01200008392334,1.9111100435256958,0.34154999256134033
1994,7,2,3,0,0.9153169989585876,7.703999996185303,275,6.609000205993652,5.847700119018555,13634,10.01200008392334,1.8766900300979614,0.3246900141239166
1994,7,2,6,0,0.9184039831161499,7.863999843597412,275,6.872600078582764,6.188199996948242,12549,10.01200008392334,1.7810800075531006,0.3109300136566162
1994,7,2,9,0,0.921314001083374,7.981800079345703,275,7.0731000900268555,6.467599868774414,11655,10.01200008392334,1.7028700113296509,0.30171999335289
1994,7,2,12,0,0.9234570264816284,8.008899688720703,275,7.09089994430542,6.46120023727417,11159,10.01200008392334,1.6629600524902344,0.30133000016212463
1994,7,2,15,0,0.9251859784126282,7.987500190734863,275,7.041299819946289,6.382900238037109,11236,10.01200008392334,1.6704399585723877,0.30550000071525574
1994,7,2,18,0,0.9267020225524902,7.963799953460693,275,6.908999919891357,6.139400005340576,11483,9.101699829101562,1.6906299591064453,0.3140200078487396
1994,7,2,21,0,0.9269869923591614,7.840700149536133,275,6.622600078582764,5.75,11776,9.101699829101562,1.7253600358963013,0.33298999071121216
1994,7,3,0,0,0.9249190092086792,7.548900127410889,275,6.2281999588012695,5.362599849700928,12235,9.101699829101562,1.7935999631881714,0.3605400025844574
1994,7,3,3,0,0.923874020576477,7.867000102996826,275,6.750100135803223,5.975500106811523,11576,10.01200008392334,1.7076300382614136,0.3297100067138672
1994,7,3,6,0,0.9245830178260803,8.050000190734863,275,7.001800060272217,6.260700225830078,10589,10.01200008392334,1.6137700080871582,0.3166700005531311
1994,7,3,9,0,0.9249160289764404,8.129400253295898,275,7.138199806213379,6.447199821472168,9644,10.01200008392334,1.532439947128296,0.3101100027561188
1994,7,3,12,0,0.9248200058937073,8.16919994354248,275,7.191199779510498,6.497499942779541,8714,10.01200008392334,1.4532999992370605,0.3066200017929077
1994,7,3,15,0,0.9241099953651428,8.10990047454834,275,7.025000095367432,6.220799922943115,7922,10.01200008392334,1.3909599781036377,0.3157599866390228
1994,7,3,18,0,0.9226379990577698,8.070799827575684,275,6.973100185394287,6.197199821472168,7370,10.01200008392334,1.3443800210952759,0.32534998655319214
1994,7,3,21,0,0.9199609756469727,8.04699993133545,275,6.7652997970581055,5.826499938964844,6967,10.01200008392334,1.3082499504089355,0.341729998588562
1994,7,4,0,0,0.9148989915847778,7.59089994430542,275,5.939700126647949,4.946499824523926,7037,10.01200008392334,1.3537499904632568,0.4049600064754486
1994,7,4,3,0,0.9083009958267212,7.763199806213379,275,6.126399993896484,5.130099773406982,6939,10.01200008392334,1.3267300128936768,0.40432000160217285
1994,7,4,6,0,0.904649019241333,8.06350040435791,275,6.472099781036377,5.462500095367432,6760,10.01200008392334,1.282230019569397,0.3913800120353699
1994,7,4,9,0,0.9029520153999329,8.360899925231934,275,6.887899875640869,5.921599864959717,6611,10.01200008392334,1.2430599927902222,0.3738200068473816
1994,7,4,12,0,0.9011459946632385,8.472999572753906,275,7.0152997970581055,6.042799949645996,6536,10.01200008392334,1.2266099452972412,0.36983001232147217
1994,7,4,15,0,0.900475025177002,8.115799903869629,275,6.585400104522705,5.632599830627441,6828,10.01200008392334,1.282189965248108,0.3964200019836426
1994,7,4,18,0,0.9038559794425964,7.361499786376953,275,5.967100143432617,5.142600059509277,8659,10.01200008392334,1.5233399868011475,0.4161500036716461
1994,7,4,21,0,0.9078450202941895,7.283699989318848,275,6.121500015258789,5.375100135803223,11824,7.5218000411987305,1.7960000038146973,0.3782300055027008
1994,7,5,0,0,0.9081299901008606,7.231800079345703,275,6.165800094604492,5.450399875640869,16571,8.274100303649902,2.139389991760254,0.3540300130844116
1994,7,5,3,0,0.9157819747924805,7.815899848937988,275,6.92140007019043,6.26669979095459,19567,8.274100303649902,2.2345099449157715,0.3040600121021271
1994,7,5,6,0,0.9235889911651611,8.240500450134277,275,7.492300033569336,6.954899787902832,20465,9.101699829101562,2.2222299575805664,0.2741200029850006
1994,7,5,9,0,0.9281430244445801,8.503399848937988,285,7.856400012969971,7.429699897766113,20755,9.101699829101562,2.2005200386047363,0.2554300129413605
1994,7,5,12,0,0.9277849793434143,8.518099784851074,285,7.882299900054932,7.475200176239014,17721,9.101699829101562,2.0309200286865234,0.2559800148010254
1994,7,5,15,0,0.9233149886131287,8.48900032043457,285,7.830100059509277,7.414400100708008,14985,9.101699829101562,1.8697500228881836,0.2635299861431122
1994,7,5,18,0,0.9196029901504517,8.517600059509277,285,7.840799808502197,7.412799835205078,13830,9.101699829101562,1.791990041732788,0.26708000898361206
1994,7,5,21,0,0.9170629978179932,8.48289966583252,285,7.599800109863281,6.858099937438965,13824,9.101699829101562,1.7948999404907227,0.27742999792099
1994,7,6,0,0,0.912293016910553,8.210000038146973,285,7.0746002197265625,6.178400039672852,13894,9.101699829101562,1.8296899795532227,0.31001999974250793
1994,7,6,3,0,0.9090750217437744,8.125499725341797,285,7.221799850463867,6.572700023651123,14204,8.274100303649902,1.8608200550079346,0.30055001378059387
1994,7,6,6,0,0.9137439727783203,8.239999771118164,285,7.521299839019775,7.042500019073486,15628,8.274100303649902,1.9400800466537476,0.2741299867630005
1994,7,6,9,0,0.9153370261192322,8.274999618530273,285,7.620200157165527,7.199900150299072,15511,8.274100303649902,1.9297000169754028,0.26339998841285706
1994,7,6,12,0,0.9121749997138977,8.184599876403809,285,7.531899929046631,7.121699810028076,13651,8.274100303649902,1.8208400011062622,0.26701000332832336
1994,7,6,15,0,0.906544029712677,8.062800407409668,285,7.38700008392334,6.968100070953369,11745,8.274100303649902,1.7017199993133545,0.2764599919319153
1994,7,6,18,0,0.9004309773445129,7.972899913787842,275,7.2600998878479,6.820700168609619,10168,8.274100303649902,1.5916500091552734,0.28762999176979065
1994,7,6,21,0,0.8917700052261353,7.9232001304626465,275,7.122000217437744,6.592899799346924,8717,7.5218000411987305,1.4770300388336182,0.3020099997520447
1994,7,7,0,0,0.8848950266838074,7.417600154876709,275,6.134399890899658,5.264599800109863,8122,9.101699829101562,1.47461998462677,0.3628999888896942
1994,7,7,3,0,0.8823170065879822,7.095099925994873,275,5.908599853515625,5.143700122833252,8624,7.5218000411987305,1.5559600591659546,0.3723500072956085
1994,7,7,6,0,0.8869240283966064,7.243599891662598,285,6.23390007019043,5.553999900817871,9065,7.5218000411987305,1.579609990119934,0.34345999360084534
1994,7,7,9,0,0.8942369818687439,7.4045000076293945,285,6.472799777984619,5.828999996185303,9205,8.274100303649902,1.5746599435806274,0.32517001032829285
1994,7,7,12,0,0.89963698387146,7.5395002365112305,285,6.626399993896484,6.0046000480651855,8940,8.274100303649902,1.5370999574661255,0.3200699985027313
1994,7,7,15,0,0.9045040011405945,7.644700050354004,285,6.63730001449585,5.934100151062012,8630,9.101699829101562,1.4988900423049927,0.32521000504493713
1994,7,7,18,0,0.9103220105171204,7.561699867248535,285,6.359000205993652,5.51669979095459,8810,9.101699829101562,1.5234800577163696,0.3426699936389923
1994,7,7,21,0,0.9131450057029724,7.1118998527526855,285,5.809500217437744,5.004899978637695,9710,9.101699829101562,1.6515400409698486,0.3798399865627289
1994,7,8,0,0,0.9140849709510803,7.09630012512207,285,5.835599899291992,5.045300006866455,10430,9.101699829101562,1.7137999534606934,0.3766799867153168
1994,7,8,3,0,0.9165189862251282,7.354000091552734,285,6.108500003814697,5.307400226593018,11008,9.101699829101562,1.7269500494003296,0.36640000343322754
1994,7,8,6,0,0.9218310117721558,7.750199794769287,285,6.593200206756592,5.806000232696533,11819,10.01200008392334,1.7404299974441528,0.34248000383377075
1994,7,8,9,0,0.9240779876708984,7.837100028991699,285,6.697700023651123,5.8993000984191895,12400,10.01200008392334,1.7730900049209595,0.33722999691963196
1994,7,8,12,0,0.9230960011482239,7.77269983291626,285,6.735000133514404,6.003399848937988,12882,10.01200008392334,1.8168799877166748,0.33098000288009644
1994,7,8,15,0,0.9214869737625122,7.898900032043457,285,7.041299819946289,6.46999979019165,12410,9.101699829101562,1.7694100141525269,0.3149299919605255
1994,7,8,18,0,0.9201110005378723,7.922999858856201,275,7.006499767303467,6.35290002822876,10962,9.101699829101562,1.6600300073623657,0.32030001282691956
1994,7,8,21,0,0.9177299737930298,7.277599811553955,275,5.981500148773193,5.149199962615967,10683,9.101699829101562,1.712049961090088,0.38635000586509705
1994,7,9,0,0,0.9120370149612427,6.918499946594238,275,5.800099849700928,5.096499919891357,12888,8.274100303649902,1.9316200017929077,0.38721001148223877
1994,7,9,3,0,0.9081460237503052,7.249000072479248,275,6.214700222015381,5.520699977874756,14679,8.274100303649902,2.01242995262146,0.362529993057251
1994,7,9,6,0,0.9070119857788086,7.650899887084961,275,6.738100051879883,6.128699779510498,15653,8.274100303649902,2.0195300579071045,0.3419699966907501
1994,7,9,9,0,0.9050289988517761,7.900700092315674,275,7.0346999168396,6.486299991607666,15002,8.274100303649902,1.9423999786376953,0.3378300070762634
1994,7,9,12,0,0.902076005935669,7.963399887084961,275,7.081900119781494,6.546999931335449,13042,8.274100303649902,1.8016799688339233,0.34626999497413635
1994,7,9,15,0,0.8979489803314209,7.9517998695373535,275,7.044099807739258,6.520100116729736,10809,8.274100303649902,1.6394799947738647,0.3585200011730194
1994,7,9,18,0,0.8924469947814941,7.958600044250488,275,6.989699840545654,6.43120002746582,9231,8.274100303649902,1.5120199918746948,0.3716000020503998
1994,7,9,21,0,0.8841339945793152,7.689300060272217,275,6.309800148010254,5.439899921417236,8599,8.274100303649902,1.4828399419784546,0.4155600070953369
1994,7,10,0,0,0.8763610124588013,7.2322998046875,275,5.795499801635742,4.990300178527832,9568,8.274100303649902,1.612779974937439,0.45287999510765076
1994,7,10,3,0,0.870947003364563,7.460599899291992,275,6.210299968719482,5.48859977722168,10749,7.5218000411987305,1.6814899444580078,0.4264400005340576
1994,7,10,6,0,0.8772590160369873,7.788599967956543,275,6.771699905395508,6.179999828338623,12881,7.5218000411987305,1.8032599687576294,0.3802500069141388
1994,7,10,9,0,0.8808190226554871,8.036600112915039,275,7.137599945068359,6.621799945831299,14170,8.274100303649902,1.8628599643707275,0.3511500060558319
1994,7,10,12,0,0.8740440011024475,8.03339958190918,275,7.123700141906738,6.615699768066406,12331,8.274100303649902,1.736739993095398,0.3566100001335144
1994,7,10,15,0,0.8627899885177612,7.959400177001953,275,6.979700088500977,6.444799900054932,9993,7.5218000411987305,1.5679899454116821,0.37571001052856445
1994,7,10,18,0,0.8519060015678406,7.901599884033203,265,6.833099842071533,6.250199794769287,8133,7.5218000411987305,1.4170299768447876,0.39357998967170715
1994,7,10,21,0,0.8473020195960999,7.656400203704834,265,6.220699787139893,5.356800079345703,6948,7.5218000411987305,1.3290499448776245,0.4295099973678589
1994,7,11,0,0,0.8447340130805969,6.964799880981445,265,5.430600166320801,4.643799781799316,7182,14.659700393676758,1.4187599420547485,0.4829699993133545
1994,7,11,3,0,0.8519409894943237,7.213200092315674,265,5.962399959564209,5.2667999267578125,8371,14.659700393676758,1.5062400102615356,0.4341000020503998
1994,7,11,6,0,0.8551070094108582,7.55109977722168,265,6.4471001625061035,5.816299915313721,9525,7.5218000411987305,1.5705499649047852,0.3973900079727173
1994,7,11,9,0,0.8557209968566895,7.747399806976318,275,6.720799922943115,6.13129997253418,10304,7.5218000411987305,1.6132400035858154,0.3764199912548065
1994,7,11,12,0,0.8550450205802917,7.824999809265137,265,6.7957000732421875,6.21120023727417,9888,7.5218000411987305,1.571679949760437,0.37400001287460327
1994,7,11,15,0,0.8510289788246155,7.853000164031982,265,6.741499900817871,6.121799945831299,8479,14.659700393676758,1.4501800537109375,0.3872300088405609
1994,7,11,18,0,0.8487399816513062,7.762599945068359,265,6.401199817657471,5.58459997177124,7327,14.659700393676758,1.3544100522994995,0.41067999601364136
1994,7,11,21,0,0.8571450114250183,7.363999843597412,265,5.888500213623047,5.057199954986572,7283,14.659700393676758,1.3891099691390991,0.4369400143623352
1994,7,12,0,0,0.8614680171012878,7.05109977722168,265,5.639800071716309,4.86269998550415,7747,6.837800025939941,1.4682600498199463,0.4415600001811981
1994,7,12,3,0,0.8635349869728088,7.178599834442139,265,5.953000068664551,5.2393999099731445,8078,6.837800025939941,1.4878699779510498,0.4094400107860565
1994,7,12,6,0,0.8728049993515015,7.394599914550781,275,6.371799945831299,5.754499912261963,8736,6.837800025939941,1.5270299911499023,0.369159996509552
1994,7,12,9,0,0.8828700184822083,7.582099914550781,275,6.696800231933594,6.1504998207092285,9620,7.5218000411987305,1.5851500034332275,0.33647000789642334
1994,7,12,12,0,0.8830239772796631,7.679500102996826,275,6.813700199127197,6.28249979019165,9303,7.5218000411987305,1.5489200353622437,0.33006998896598816
1994,7,12,15,0,0.8774710297584534,7.668399810791016,275,6.74459981918335,6.187300205230713,8137,7.5218000411987305,1.4482100009918213,0.34307000041007996
1994,7,12,18,0,0.8703029751777649,7.679900169372559,265,6.640500068664551,6.001800060272217,6943,7.5218000411987305,1.3345500230789185,0.36076998710632324
1994,7,12,21,0,0.8668929934501648,7.428299903869629,265,5.986000061035156,5.110899925231934,6056,6.837800025939941,1.2661999464035034,0.409280002117157
1994,7,13,0,0,0.8703510165214539,6.8850998878479,265,5.403500080108643,4.61269998550415,6317,6.837800025939941,1.3454999923706055,0.4508099853992462
1994,7,13,3,0,0.8801969885826111,7.043099880218506,265,5.75570011138916,5.014200210571289,6887,6.837800025939941,1.3900200128555298,0.4173400104045868
1994,7,13,6,0,0.8911470174789429,7.300600051879883,265,6.21150016784668,5.551499843597412,7562,6.837800025939941,1.4318699836730957,0.3796499967575073
1994,7,13,9,0,0.8973289728164673,7.507400035858154,265,6.566400051116943,5.980999946594238,8395,7.5218000411987305,1.4894299507141113,0.34929001331329346
1994,7,13,12,0,0.8968200087547302,7.6230998039245605,265,6.722099781036377,6.159800052642822,8628,8.274100303649902,1.4987900257110596,0.34029000997543335
1994,7,13,15,0,0.8946769833564758,7.603300094604492,265,6.651000022888184,6.058499813079834,8093,8.274100303649902,1.4527000188827515,0.3519499897956848
1994,7,13,18,0,0.8951449990272522,7.428699970245361,265,6.30049991607666,5.567599773406982,7502,8.274100303649902,1.4149999618530273,0.37676000595092773
1994,7,13,21,0,0.8960559964179993,6.931700229644775,265,5.672999858856201,4.920400142669678,7598,7.5218000411987305,1.4766299724578857,0.4135800004005432
1994,7,14,0,0,0.8909080028533936,6.572299957275391,265,5.463200092315674,4.811100006103516,8616,6.837800025939941,1.6184899806976318,0.4104599952697754
1994,7,14,3,0,0.8878800272941589,6.658100128173828,275,5.641600131988525,5.004799842834473,9450,6.837800025939941,1.6857399940490723,0.3833500146865845
1994,7,14,6,0,0.8909609913825989,6.983500003814697,275,6.09660005569458,5.522500038146973,9820,6.837800025939941,1.6769599914550781,0.352539986371994
1994,7,14,9,0,0.8894559741020203,7.189799785614014,275,6.319499969482422,5.778900146484375,9281,6.837800025939941,1.6041899919509888,0.3534500002861023
1994,7,14,12,0,0.8851540088653564,7.290900230407715,265,6.320700168609619,5.730500221252441,8603,6.837800025939941,1.5304499864578247,0.3744400143623352
1994,7,14,15,0,0.8823840022087097,7.347799777984619,265,6.250899791717529,5.604100227355957,7966,7.5218000411987305,1.46356999874115,0.40024998784065247
1994,7,14,18,0,0.8776310086250305,7.243800163269043,265,5.91379976272583,5.147500038146973,7509,6.837800025939941,1.4290000200271606,0.4353199899196625
1994,7,14,21,0,0.873989999294281,6.873000144958496,265,5.469299793243408,4.72160005569458,7868,6.837800025939941,1.5030200481414795,0.4663099944591522
1994,7,15,0,0,0.867152988910675,6.6468000411987305,265,5.397799968719482,4.725800037384033,8939,6.216100215911865,1.6323800086975098,0.45649001002311707
1994,7,15,3,0,0.8589540123939514,7.002699851989746,265,5.829800128936768,5.168399810791016,8272,6.837800025939941,1.5278700590133667,0.4295699894428253
1994,7,15,6,0,0.8511769771575928,7.224400043487549,265,6.055300235748291,5.423500061035156,6962,6.216100215911865,1.377060055732727,0.4291200041770935
1994,7,15,9,0,0.8454369902610779,7.357900142669678,265,6.129000186920166,5.478899955749512,5963,6.216100215911865,1.2605899572372437,0.43615999817848206
1994,7,15,12,0,0.8426939845085144,7.470699787139893,265,6.1803998947143555,5.506800174713135,5342,6.216100215911865,1.1821399927139282,0.44328999519348145
1994,7,15,15,0,0.8460559844970703,7.55079984664917,265,6.280300140380859,5.614799976348877,5293,6.837800025939941,1.169909954071045,0.4400399923324585
1994,7,15,18,0,0.8618540167808533,7.563700199127197,265,6.474899768829346,5.881999969482422,6220,7.5218000411987305,1.2703299522399902,0.41047000885009766
1994,7,15,21,0,0.8688650131225586,7.424799919128418,265,6.186699867248535,5.395599842071533,7052,7.5218000411987305,1.368530035018921,0.40895000100135803
1994,7,16,0,0,0.8664029836654663,6.605599880218506,265,5.360000133514404,4.67080020904541,8511,7.5218000411987305,1.599910020828247,0.4508500099182129
1994,7,16,3,0,0.869687020778656,6.792200088500977,275,5.694300174713135,5.031599998474121,9392,6.837800025939941,1.6591999530792236,0.41280999779701233
1994,7,16,6,0,0.8775799870491028,7.032400131225586,275,6.0746002197265625,5.469099998474121,9811,7.5218000411987305,1.6675200462341309,0.37810999155044556
1994,7,16,9,0,0.8870519995689392,7.271599769592285,275,6.450500011444092,5.935400009155273,9940,7.5218000411987305,1.6510900259017944,0.3481200039386749
1994,7,16,12,0,0.889913022518158,7.2881999015808105,275,6.444499969482422,5.908999919891357,9060,7.5218000411987305,1.5738500356674194,0.35225000977516174
1994,7,16,15,0,0.8903369903564453,7.243899822235107,275,6.39739990234375,5.8958001136779785,7983,7.5218000411987305,1.4801299571990967,0.365449994802475
1994,7,16,18,0,0.8864669799804688,7.060100078582764,275,5.993500232696533,5.31689977645874,6832,6.837800025939941,1.3855600357055664,0.39910000562667847
1994,7,16,21,0,0.8838769793510437,6.315299987792969,275,5.159800052642822,4.517099857330322,7041,6.837800025939941,1.4900799989700317,0.4504599869251251
1994,7,17,0,0,0.8857839703559875,6.295000076293945,275,5.319799900054932,4.729599952697754,8881,6.837800025939941,1.680299997329712,0.40786999464035034
1994,7,17,3,0,0.8820649981498718,6.431600093841553,275,5.485499858856201,4.890999794006348,9676,6.837800025939941,1.7355200052261353,0.3921999931335449
1994,7,17,6,0,0.872626006603241,6.648200035095215,275,5.695799827575684,5.118500232696533,8752,6.837800025939941,1.619439959526062,0.4008300006389618
1994,7,17,9,0,0.8593180179595947,6.811100006103516,275,5.76800012588501,5.206600189208984,6997,6.837800025939941,1.4233900308609009,0.44071999192237854
1994,7,17,12,0,0.8479310274124146,6.945899963378906,265,5.596700191497803,4.95389986038208,5383,6.216100215911865,1.2275300025939941,0.5050899982452393
1994,7,17,15,0,0.8559269905090332,7.277400016784668,265,5.684899806976318,4.972599983215332,4704,14.659700393676758,1.1157100200653076,0.5232999920845032
1994,7,17,18,0,0.8769140243530273,7.7494001388549805,255,5.985099792480469,5.121300220489502,4598,14.659700393676758,1.0683300495147705,0.492220014333725
1994,7,17,21,0,0.8938390016555786,7.920599937438965,255,6.045499801635742,5.006400108337402,4855,9.101699829101562,1.0892000198364258,0.45945000648498535
1994,7,18,0,0,0.9042419791221619,8.02180004119873,255,6.268199920654297,5.227799892425537,5060,8.274100303649902,1.1068999767303467,0.4352700114250183
1994,7,18,3,0,0.9105730056762695,8.292099952697754,255,6.7845001220703125,5.839000225067139,5003,8.274100303649902,1.0818500518798828,0.4101099967956543
1994,7,18,6,0,0.9132199883460999,8.399900436401367,255,7.010700225830078,6.157700061798096,4893,8.274100303649902,1.0618900060653687,0.40577998757362366
1994,7,18,9,0,0.9130300283432007,8.367500305175781,255,7.0329999923706055,6.265600204467773,4760,8.274100303649902,1.0486400127410889,0.41106998920440674
1994,7,18,12,0,0.9091249704360962,8.297100067138672,255,7.013400077819824,6.299900054931641,4785,7.5218000411987305,1.0562299489974976,0.40880000591278076
1994,7,18,15,0,0.8974390029907227,8.333000183105469,265,7.242400169372559,6.592899799346924,5969,8.274100303649902,1.1817100048065186,0.3671799898147583
1994,7,18,18,0,0.9078310132026672,8.542499542236328,265,7.646100044250488,7.0767998695373535,8397,8.274100303649902,1.3880800008773804,0.3188900053501129
1994,7,18,21,0,0.9147999882698059,8.853099822998047,265,8.025699615478516,7.501299858093262,10840,9.101699829101562,1.5474599599838257,0.2960300147533417
1994,7,19,0,0,0.9223120212554932,9.168700218200684,275,8.304400444030762,7.7093000411987305,13025,9.101699829101562,1.6622099876403809,0.28839999437332153
1994,7,19,3,0,0.9258390069007874,9.149800300598145,275,7.741000175476074,6.59089994430542,15166,10.01200008392334,1.7913099527359009,0.3201799988746643
1994,7,19,6,0,0.9273809790611267,9.184499740600586,275,7.651000022888184,6.492400169372559,17167,10.01200008392334,1.8974900245666504,0.33730998635292053
1994,7,19,9,0,0.9306899905204773,9.437600135803223,275,8.019100189208984,6.984899997711182,19017,11.013500213623047,1.9635200500488281,0.33149001002311707
1994,7,19,12,0,0.9355340003967285,9.81190013885498,275,8.532299995422363,7.634900093078613,20789,11.013500213623047,2.0054900646209717,0.3159799873828888
1994,7,19,15,0,0.938880980014801,10.155400276184082,275,8.959799766540527,8.123499870300293,22130,11.013500213623047,2.027169942855835,0.30000999569892883
1994,7,19,18,0,0.9403579831123352,10.383399963378906,275,9.258099555969238,8.465499877929688,22678,11.013500213623047,2.025779962539673,0.2867400050163269
1994,7,19,21,0,0.9404799938201904,10.450200080871582,275,9.345800399780273,8.543600082397461,22454,12.114999771118164,2.008699893951416,0.28101998567581177
1994,7,20,0,0,0.9391589760780334,10.191300392150879,275,8.621100425720215,7.2870001792907715,21879,12.114999771118164,2.0098299980163574,0.3063400089740753
1994,7,20,3,0,0.9362159967422485,9.834799766540527,275,8.107799530029297,6.807300090789795,21309,12.114999771118164,2.0223801136016846,0.33520999550819397
1994,7,20,6,0,0.9330629706382751,9.775799751281738,275,8.207500457763672,7.075799942016602,20420,12.114999771118164,1.9874900579452515,0.33427000045776367
1994,7,20,9,0,0.9289969801902771,9.877300262451172,275,8.472700119018555,7.480100154876709,19347,11.013500213623047,1.9247299432754517,0.3236500024795532
1994,7,20,12,0,0.9237390160560608,9.991800308227539,275,8.693900108337402,7.784299850463867,18377,11.013500213623047,1.8646800518035889,0.31463000178337097
1994,7,20,15,0,0.9188960194587708,10.053600311279297,275,8.836999893188477,8.006500244140625,17668,11.013500213623047,1.8226200342178345,0.3092600107192993
1994,7,20,18,0,0.9155750274658203,10.100899696350098,275,8.937999725341797,8.164899826049805,17155,11.013500213623047,1.7913600206375122,0.3052000105381012
1994,7,20,21,0,0.9130100011825562,10.204999923706055,275,9.067999839782715,8.314800262451172,16770,11.013500213623047,1.7604299783706665,0.3002299964427948
1994,7,21,0,0,0.910103976726532,10.298700332641602,275,8.987500190734863,7.881999969482422,16580,12.114999771118164,1.7403299808502197,0.29914000630378723
1994,7,21,3,0,0.9065420031547546,10.46660041809082,275,9.291899681091309,8.40429973602295,16503,12.114999771118164,1.7201000452041626,0.29128000140190125
1994,7,21,6,0,0.9020519852638245,10.565799713134766,275,9.479499816894531,8.729700088500977,16390,12.114999771118164,1.7052500247955322,0.2855899930000305
1994,7,21,9,0,0.8980209827423096,10.58329963684082,275,9.533300399780273,8.83590030670166,16066,12.114999771118164,1.6873300075531006,0.2835099995136261
1994,7,21,12,0,0.8953160047531128,10.497599601745605,275,9.467700004577637,8.794099807739258,15639,12.114999771118164,1.6736400127410889,0.2840900123119354
1994,7,21,15,0,0.8913509845733643,10.314000129699707,275,9.316100120544434,8.684800148010254,15368,12.114999771118164,1.6773500442504883,0.2866300046443939
1994,7,21,18,0,0.8863340020179749,10.092000007629395,275,9.153300285339355,8.583399772644043,15550,11.013500213623047,1.7103699445724487,0.2865999937057495
1994,7,21,21,0,0.878902018070221,9.890600204467773,275,8.961999893188477,8.378600120544434,15782,11.013500213623047,1.7443100214004517,0.28874000906944275
1994,7,22,0,0,0.8671450018882751,9.763899803161621,275,8.665399551391602,7.798099994659424,15339,11.013500213623047,1.7315499782562256,0.2987299859523773
1994,7,22,3,0,0.8547459840774536,9.750300407409668,275,8.649999618530273,7.883900165557861,14629,11.013500213623047,1.6910500526428223,0.3064500093460083
1994,7,22,6,0,0.8450809717178345,9.697799682617188,275,8.56820011138916,7.831099987030029,13986,11.013500213623047,1.6576199531555176,0.3153199851512909
1994,7,22,9,0,0.8404099941253662,9.548199653625488,265,8.384499549865723,7.651599884033203,13498,11.013500213623047,1.6424399614334106,0.32646000385284424
1994,7,22,12,0,0.8373609781265259,9.3858003616333,265,8.198100090026855,7.46560001373291,12978,11.013500213623047,1.6262199878692627,0.33625999093055725
1994,7,22,15,0,0.8352149724960327,9.27750015258789,265,8.087300300598145,7.359499931335449,12424,11.013500213623047,1.6019400358200073,0.34158000349998474
1994,7,22,18,0,0.8309400081634521,9.24269962310791,265,8.046500205993652,7.319300174713135,11689,11.013500213623047,1.55718994140625,0.344870001077652
1994,7,22,21,0,0.8244959712028503,9.22599983215332,265,7.936100006103516,7.079599857330322,10870,10.01200008392334,1.5026899576187134,0.3502599895000458
1994,7,23,0,0,0.8167979717254639,8.974900245666504,265,7.284599781036377,6.122600078582764,10231,10.01200008392334,1.4784400463104248,0.3799799978733063
1994,7,23,3,0,0.8083620071411133,8.857099533081055,265,7.156499862670898,6.060100078582764,9738,10.01200008392334,1.4515600204467773,0.3931899964809418
1994,7,23,6,0,0.8025450110435486,8.772100448608398,265,7.134099960327148,6.133900165557861,9464,10.01200008392334,1.4378999471664429,0.4012399911880493
1994,7,23,9,0,0.7988449931144714,8.768600463867188,265,7.196499824523926,6.260799884796143,9341,10.01200008392334,1.428879976272583,0.4047200083732605
1994,7,23,12,0,0.7963100075721741,8.799500465393066,265,7.258299827575684,6.34689998626709,9401,10.01200008392334,1.4312599897384644,0.4066599905490875
1994,7,23,15,0,0.7969459891319275,8.84160041809082,265,7.391600131988525,6.5395002365112305,9622,9.101699829101562,1.4454400539398193,0.3999600112438202
1994,7,23,18,0,0.7967910170555115,8.901700019836426,265,7.522900104522705,6.707399845123291,9646,9.101699829101562,1.4423500299453735,0.39136001467704773
1994,7,23,21,0,0.7919489741325378,9.037099838256836,265,7.607500076293945,6.745100021362305,9422,14.659700393676758,1.4120700359344482,0.3916899859905243
1994,7,24,0,0,0.7856990098953247,9.321399688720703,265,7.83519983291626,6.957300186157227,9447,14.659700393676758,1.3876899480819702,0.3916099965572357
1994,7,24,3,0,0.7818310260772705,9.630800247192383,265,8.157600402832031,7.277500152587891,10037,17.73889923095703,1.4043500423431396,0.38054999709129333
1994,7,24,6,0,0.780800998210907,9.811699867248535,265,8.435500144958496,7.595600128173828,10839,17.73889923095703,1.4457800388336182,0.36291998624801636
1994,7,24,9,0,0.780689001083374,9.875,265,8.58899974822998,7.794899940490723,11064,11.013500213623047,1.456760048866272,0.34839001297950745
1994,7,24,12,0,0.7803890109062195,9.927499771118164,265,8.688799858093262,7.909800052642822,10675,11.013500213623047,1.4270600080490112,0.33691999316215515
1994,7,24,15,0,0.780144989490509,10.02299976348877,265,8.76710033416748,7.913000106811523,10260,10.01200008392334,1.3911700248718262,0.3288100063800812
1994,7,24,18,0,0.7803670167922974,10.134699821472168,255,8.787300109863281,7.763899803161621,10085,10.01200008392334,1.3698999881744385,0.32607999444007874
1994,7,24,21,0,0.781965970993042,9.912300109863281,255,7.922399997711182,6.427499771118164,10118,10.01200008392334,1.386389970779419,0.3614000082015991
1994,7,25,0,0,0.7808359861373901,9.472999572753906,255,7.081299781799316,5.599800109863281,10219,10.01200008392334,1.425510048866272,0.40832000970840454
1994,7,25,3,0,0.7717440128326416,9.321900367736816,255,6.952099800109863,5.551000118255615,10071,10.01200008392334,1.4269200563430786,0.41955000162124634
1994,7,25,6,0,0.7622129917144775,9.0625,245,6.80079984664917,5.510200023651123,9982,10.01200008392334,1.443120002746582,0.42844000458717346
1994,7,25,9,0,0.7552279829978943,8.825300216674805,245,6.798799991607666,5.6554999351501465,10147,10.01200008392334,1.4773000478744507,0.4277999997138977
1994,7,25,12,0,0.7485849857330322,8.791600227355957,245,6.855100154876709,5.736299991607666,10288,14.659700393676758,1.4911400079727173,0.42013001441955566
1994,7,25,15,0,0.7482460141181946,8.80840015411377,235,6.886199951171875,5.769100189208984,10378,14.659700393676758,1.495710015296936,0.41753000020980835
1994,7,25,18,0,0.7569810152053833,8.798399925231934,235,6.836400032043457,5.706900119781494,10300,14.659700393676758,1.4902100563049316,0.42094001173973083
1994,7,25,21,0,0.7696869969367981,8.661600112915039,235,6.699900150299072,5.607699871063232,10235,14.659700393676758,1.4977200031280518,0.43066999316215515
1994,7,26,0,0,0.779030978679657,8.661700248718262,235,6.76230001449585,5.690299987792969,9990,13.326800346374512,1.4802099466323853,0.42629000544548035
1994,7,26,3,0,0.7803769707679749,8.898799896240234,235,7.108500003814697,6.074100017547607,9210,13.326800346374512,1.4010499715805054,0.40832000970840454
1994,7,26,6,0,0.7802640199661255,9.125900268554688,235,7.403500080108643,6.375199794769287,8295,13.326800346374512,1.3121600151062012,0.39149001240730286
1994,7,26,9,0,0.7830520272254944,9.31820011138916,235,7.638999938964844,6.6041998863220215,7555,13.326800346374512,1.238420009613037,0.3780600130558014
1994,7,26,12,0,0.7883319854736328,9.500200271606445,235,7.862199783325195,6.818299770355225,7053,13.326800346374512,1.1842000484466553,0.3646300137042999
1994,7,26,15,0,0.7929790019989014,9.673100471496582,235,8.089900016784668,7.03849983215332,6734,13.326800346374512,1.1460700035095215,0.3493900001049042
1994,7,26,18,0,0.7961300015449524,9.855899810791016,235,8.330699920654297,7.272500038146973,6546,13.326800346374512,1.1187100410461426,0.3346700072288513
1994,7,26,21,0,0.7984539866447449,9.970999717712402,235,8.287099838256836,6.934299945831299,6417,12.114999771118164,1.1004600524902344,0.32857999205589294
1994,7,27,0,0,0.7971410155296326,9.169699668884277,245,6.60290002822876,5.167200088500977,6480,12.114999771118164,1.1548000574111938,0.41874000430107117
1994,7,27,3,0,0.7866799831390381,8.336700439453125,245,5.704599857330322,4.501999855041504,6652,12.114999771118164,1.2310600280761719,0.48482999205589294
1994,7,27,6,0,0.7868890166282654,8.414600372314453,245,6.017199993133545,4.855400085449219,6485,12.114999771118164,1.2101099491119385,0.4702799916267395
1994,7,27,9,0,0.7950500249862671,8.707300186157227,245,6.496799945831299,5.325399875640869,6119,12.114999771118164,1.1549400091171265,0.4396199882030487
1994,7,27,12,0,0.801347017288208,8.856399536132812,245,6.758699893951416,5.592700004577637,5815,12.114999771118164,1.1161999702453613,0.42291998863220215
1994,7,27,15,0,0.8035690188407898,8.899700164794922,245,6.864999771118164,5.724800109863281,5681,12.114999771118164,1.1002299785614014,0.41971999406814575
1994,7,27,18,0,0.8048149943351746,8.948699951171875,245,6.913400173187256,5.756700038909912,5644,12.114999771118164,1.0929100513458252,0.41940000653266907
1994,7,27,21,0,0.804764986038208,8.213299751281738,245,5.805500030517578,4.666200160980225,5814,12.114999771118164,1.1606099605560303,0.4835300147533417
1994,7,28,0,0,0.8033750057220459,7.2571001052856445,255,5.230800151824951,4.368000030517578,6539,12.114999771118164,1.3168799877166748,0.5282400250434875
1994,7,28,3,0,0.7936429977416992,7.673900127410889,255,5.729700088500977,4.81689977645874,6086,14.659700393676758,1.2334500551223755,0.4902400076389313
1994,7,28,6,0,0.7926200032234192,8.28950023651123,245,6.213600158691406,5.174900054931641,5296,14.659700393676758,1.1024199724197388,0.4621700048446655
1994,7,28,9,0,0.7999290227890015,8.90369987487793,245,6.732999801635742,5.526599884033203,4824,14.659700393676758,1.0113500356674194,0.42921000719070435
1994,7,28,12,0,0.8036990165710449,9.356900215148926,245,7.2677001953125,5.967100143432617,4697,14.659700393676758,0.9711899757385254,0.39770999550819397
1994,7,28,15,0,0.8064529895782471,9.554800033569336,245,7.722499847412109,6.474599838256836,4896,14.659700393676758,0.9816200137138367,0.37011000514030457
1994,7,28,18,0,0.8242279887199402,9.486300468444824,255,8.036399841308594,7.002399921417236,5625,13.326800346374512,1.0605900287628174,0.3408600091934204
1994,7,28,21,0,0.8460680246353149,9.30090045928955,255,8.122599601745605,7.22790002822876,6757,9.101699829101562,1.1808300018310547,0.3133600056171417
1994,7,29,0,0,0.8625620007514954,9.031399726867676,255,7.716000080108643,6.553699970245361,7731,9.101699829101562,1.2874900102615356,0.3083299994468689
1994,7,29,3,0,0.8708379864692688,8.987299919128418,255,7.964700222015381,7.1809000968933105,8176,9.101699829101562,1.3291699886322021,0.29802998900413513
1994,7,29,6,0,0.8740609884262085,8.831500053405762,255,7.846700191497803,7.160600185394287,8340,9.101699829101562,1.3554600477218628,0.304639995098114
1994,7,29,9,0,0.8739399909973145,8.68809986114502,255,7.721399784088135,7.079899787902832,8346,8.274100303649902,1.3681199550628662,0.31036999821662903
1994,7,29,12,0,0.869147002696991,8.633299827575684,255,7.663099765777588,7.035200119018555,8054,8.274100303649902,1.348270058631897,0.31442001461982727
1994,7,29,15,0,0.8637089729309082,8.500699996948242,255,7.383699893951416,6.598899841308594,7770,8.274100303649902,1.3346099853515625,0.32899999618530273
1994,7,29,18,0,0.859932005405426,8.256500244140625,255,6.975200176239014,6.104599952697754,7712,8.274100303649902,1.3498300313949585,0.3532699942588806
1994,7,29,21,0,0.8553770184516907,8.427800178527832,255,7.2256999015808105,6.429100036621094,7360,8.274100303649902,1.3039900064468384,0.3440200090408325
1994,7,30,0,0,0.8536980152130127,8.579400062561035,255,7.3942999839782715,6.554699897766113,7254,8.274100303649902,1.2825900316238403,0.33360999822616577
1994,7,30,3,0,0.8550750017166138,8.564499855041504,255,7.172800064086914,6.105299949645996,7883,8.274100303649902,1.338919997215271,0.33792001008987427
1994,7,30,6,0,0.876255989074707,8.921600341796875,265,7.898200035095215,7.082900047302246,10588,9.101699829101562,1.5212899446487427,0.2914699912071228
1994,7,30,9,0,0.8977410197257996,9.168499946594238,265,8.404600143432617,7.837699890136719,14344,9.101699829101562,1.7474499940872192,0.2561799883842468
1994,7,30,12,0,0.9070429801940918,9.293999671936035,265,8.599699974060059,8.13129997253418,16163,10.01200008392334,1.84089994430542,0.24759000539779663
1994,7,30,15,0,0.9093729853630066,9.361300468444824,265,8.660499572753906,8.204500198364258,16410,10.01200008392334,1.8463000059127808,0.24953000247478485
1994,7,30,18,0,0.9084439873695374,9.354399681091309,265,8.640600204467773,8.178500175476074,15921,10.01200008392334,1.8190300464630127,0.2520500123500824
1994,7,30,21,0,0.9051049947738647,9.276100158691406,275,8.536499977111816,8.021300315856934,15039,10.01200008392334,1.7767900228500366,0.25407999753952026
1994,7,31,0,0,0.9017289876937866,8.93850040435791,275,7.738800048828125,6.680500030517578,13978,9.101699829101562,1.7473100423812866,0.2879599928855896
1994,7,31,3,0,0.8964959979057312,8.568099975585938,275,7.133800029754639,6.035799980163574,12887,9.101699829101562,1.7144399881362915,0.32732999324798584
1994,7,31,6,0,0.8914899826049805,8.70359992980957,275,7.509200096130371,6.611499786376953,11360,9.101699829101562,1.5948599576950073,0.3156999945640564
1994,7,31,9,0,0.8889089822769165,8.776800155639648,275,7.6880998611450195,6.911300182342529,10107,8.274100303649902,1.4963699579238892,0.31220000982284546
1994,7,31,12,0,0.8889189958572388,8.800000190734863,275,7.777400016784668,7.075900077819824,9250,8.274100303649902,1.4294999837875366,0.30856001377105713
1994,7,31,15,0,0.8906999826431274,8.798299789428711,275,7.831099987030029,7.188000202178955,8733,12.114999771118164,1.3899500370025635,0.3038100004196167
1994,7,31,18,0,0.8918390274047852,8.801799774169922,275,7.866799831390381,7.258299827575684,8351,12.114999771118164,1.3595000505447388,0.3007200062274933
1994,7,31,21,0,0.8904479742050171,8.660099983215332,275,7.396399974822998,6.35260009765625,7927,12.114999771118164,1.336210012435913,0.3162899911403656
1994,8,1,0,0,0.8858029842376709,8.495599746704102,275,7.071499824523926,6.0005998611450195,7392,11.013500213623047,1.3027900457382202,0.33932000398635864
1994,8,1,3,0,0.8787199854850769,8.639399528503418,275,7.45359992980957,6.576200008392334,6596,11.013500213623047,1.2195899486541748,0.3251599967479706
1994,8,1,6,0,0.8703050017356873,8.667799949645996,275,7.604300022125244,6.887700080871582,5802,11.013500213623047,1.1418800354003906,0.32284000515937805
1994,8,1,9,0,0.8610879778862,8.643500328063965,265,7.591000080108643,6.934500217437744,5089,11.013500213623047,1.0707299709320068,0.3297500014305115
1994,8,1,12,0,0.8595179915428162,8.470199584960938,265,7.408299922943115,6.7895002365112305,4729,11.013500213623047,1.043429970741272,0.3436200022697449
1994,8,1,15,0,0.87009197473526,8.09119987487793,265,7.138700008392334,6.603300094604492,5278,11.013500213623047,1.131790041923523,0.3454799950122833
1994,8,1,18,0,0.8752850294113159,7.75540018081665,255,6.808300018310547,6.264500141143799,5830,6.837800025939941,1.217710018157959,0.35412999987602234
1994,8,1,21,0,0.8711990118026733,7.546500205993652,255,6.422599792480469,5.70989990234375,5703,6.837800025939941,1.2213900089263916,0.37626999616622925
1994,8,2,0,0,0.860709011554718,7.369999885559082,255,6.032199859619141,5.21150016784668,5322,6.837800025939941,1.1932899951934814,0.40672001242637634
1994,8,2,3,0,0.8533470034599304,7.530300140380859,255,6.281599998474121,5.553299903869629,4961,10.01200008392334,1.1377899646759033,0.4036799967288971
1994,8,2,6,0,0.8506060242652893,7.662899971008301,255,6.436200141906738,5.727499961853027,4820,10.01200008392334,1.1109299659729004,0.39844000339508057
1994,8,2,9,0,0.8499190211296082,7.805600166320801,255,6.591100215911865,5.8831000328063965,4818,10.01200008392334,1.1001499891281128,0.38995999097824097
1994,8,2,12,0,0.8511250019073486,7.955699920654297,255,6.746099948883057,6.029099941253662,4865,10.01200008392334,1.0947400331497192,0.38098999857902527
1994,8,2,15,0,0.8524760007858276,8.105400085449219,255,6.89709997177124,6.165599822998047,4915,10.01200008392334,1.08965003490448,0.37275999784469604
1994,8,2,18,0,0.8529409766197205,8.243900299072266,255,7.038300037384033,6.293300151824951,4928,10.01200008392334,1.0813699960708618,0.36597999930381775
1994,8,2,21,0,0.8523939847946167,8.292400360107422,255,6.943399906158447,6.007999897003174,4887,10.01200008392334,1.0734200477600098,0.36719000339508057
1994,8,3,0,0,0.8508279919624329,7.88670015335083,255,6.100900173187256,5.033899784088135,4926,10.01200008392334,1.1058599948883057,0.4176599979400635
1994,8,3,3,0,0.8468480110168457,7.832900047302246,255,6.009300231933594,4.952400207519531,4867,9.101699829101562,1.1026400327682495,0.42809998989105225
1994,8,3,6,0,0.8430290222167969,7.933499813079834,255,6.192699909210205,5.1691999435424805,4724,9.101699829101562,1.078570008277893,0.423799991607666
1994,8,3,9,0,0.8391330242156982,8.086400032043457,255,6.4369001388549805,5.453999996185303,4513,9.101699829101562,1.04298996925354,0.41644999384880066
1994,8,3,12,0,0.8364400267601013,8.259499549865723,255,6.690100193023682,5.723599910736084,4317,9.101699829101562,1.008180022239685,0.4059999883174896
1994,8,3,15,0,0.8358889818191528,8.271499633789062,255,6.869699954986572,6.014200210571289,4387,9.101699829101562,1.0153900384902954,0.398360013961792
1994,8,3,18,0,0.8310930132865906,8.2923002243042,255,6.952899932861328,6.171599864959717,4398,9.101699829101562,1.0143300294876099,0.3990800082683563
1994,8,3,21,0,0.8253160119056702,8.381999969482422,255,6.95550012588501,6.130199909210205,4370,9.101699829101562,1.0036699771881104,0.4060800075531006
1994,8,4,0,0,0.8224290013313293,8.207799911499023,255,6.394000053405762,5.343299865722656,4601,9.101699829101562,1.039739966392517,0.4375999867916107
1994,8,4,3,0,0.8173329830169678,8.572400093078613,255,6.807499885559082,5.790999889373779,4837,9.101699829101562,1.0403000116348267,0.42517000436782837
1994,8,4,6,0,0.8141329884529114,8.975899696350098,265,7.238100051879883,6.185699939727783,5147,12.114999771118164,1.0466200113296509,0.40474000573158264
1994,8,4,9,0,0.8204920291900635,9.215100288391113,265,7.552000045776367,6.51200008392334,5539,11.013500213623047,1.07082998752594,0.3880999982357025
1994,8,4,12,0,0.8263559937477112,9.284099578857422,265,7.698400020599365,6.704500198364258,5900,11.013500213623047,1.1013400554656982,0.3774999976158142
1994,8,4,15,0,0.8310490250587463,9.329299926757812,265,7.794899940490723,6.812399864196777,6076,11.013500213623047,1.1155400276184082,0.36548998951911926
1994,8,4,18,0,0.835316002368927,9.42490005493164,265,7.934599876403809,6.931399822235107,6182,11.013500213623047,1.1195399761199951,0.3503299951553345
1994,8,4,21,0,0.8401449918746948,9.529500007629395,265,7.953400135040283,6.758800029754639,6330,11.013500213623047,1.1258100271224976,0.34005001187324524
1994,8,5,0,0,0.8421030044555664,9.434800148010254,265,7.474599838256836,6.023200035095215,6453,10.01200008392334,1.1417800188064575,0.3581700026988983
1994,8,5,3,0,0.839169979095459,9.241800308227539,265,7.115699768066406,5.694799900054932,6400,10.01200008392334,1.1491800546646118,0.3851499855518341
1994,8,5,6,0,0.8236280083656311,8.090900421142578,255,6.047900199890137,4.980999946594238,7085,10.01200008392334,1.2993899583816528,0.46292999386787415
1994,8,5,9,0,0.8365820050239563,7.81850004196167,255,6.344200134277344,5.511000156402588,8635,10.01200008392334,1.4669100046157837,0.4287000000476837
1994,8,5,12,0,0.8336660265922546,8.101200103759766,255,6.761099815368652,5.998300075531006,8554,12.114999771118164,1.4328399896621704,0.40459001064300537
1994,8,5,15,0,0.8303359746932983,8.218400001525879,255,6.902699947357178,6.167099952697754,8171,12.114999771118164,1.3888599872589111,0.3981199860572815
1994,8,5,18,0,0.8321239948272705,8.102499961853027,255,6.805200099945068,6.091700077056885,7947,12.114999771118164,1.3801499605178833,0.3996500074863434
1994,8,5,21,0,0.8375570178031921,8.044699668884277,255,6.767499923706055,6.053400039672852,7672,12.114999771118164,1.3619099855422974,0.39566999673843384
1994,8,6,0,0,0.8454059958457947,8.026900291442871,255,6.706999778747559,5.907800197601318,7595,11.013500213623047,1.3577100038528442,0.39010000228881836
1994,8,6,3,0,0.8523449897766113,8.17959976196289,265,6.981800079345703,6.297500133514404,7737,11.013500213623047,1.357409954071045,0.3745200037956238
1994,8,6,6,0,0.8615689873695374,8.341899871826172,265,7.15749979019165,6.474999904632568,7881,11.013500213623047,1.3559800386428833,0.36601001024246216
1994,8,6,9,0,0.8668829798698425,8.505599975585938,265,7.3069000244140625,6.605800151824951,7870,11.013500213623047,1.3409600257873535,0.36237001419067383
1994,8,6,12,0,0.8690410256385803,8.62279987335205,265,7.410900115966797,6.693699836730957,7672,11.013500213623047,1.31427001953125,0.36079999804496765
1994,8,6,15,0,0.8694199919700623,8.67710018157959,265,7.462699890136719,6.7357001304626465,7277,11.013500213623047,1.2758699655532837,0.3587599992752075
1994,8,6,18,0,0.8687270283699036,8.68529987335205,265,7.477200031280518,6.744200229644775,6745,11.013500213623047,1.2280499935150146,0.35569000244140625
1994,8,6,21,0,0.867501974105835,8.672800064086914,265,7.462699890136719,6.706299781799316,6179,10.01200008392334,1.1768300533294678,0.35242000222206116
1994,8,7,0,0,0.8667089939117432,8.259499549865723,265,6.514599800109863,5.367400169372559,5773,10.01200008392334,1.1677700281143188,0.38940998911857605
1994,8,7,3,0,0.8645229935646057,7.749100208282471,265,5.870999813079834,4.819300174713135,5626,10.01200008392334,1.1923999786376953,0.43055999279022217
1994,8,7,6,0,0.8650680184364319,7.625800132751465,265,5.92579984664917,4.9807000160217285,5522,10.01200008392334,1.1916199922561646,0.4293699860572815
1994,8,7,9,0,0.8711109757423401,7.726900100708008,265,6.258600234985352,5.415200233459473,5430,10.01200008392334,1.1739399433135986,0.4076400101184845
1994,8,7,12,0,0.8759430050849915,7.8354997634887695,265,6.485599994659424,5.683700084686279,5325,10.01200008392334,1.1546299457550049,0.3908799886703491
1994,8,7,15,0,0.8778619766235352,7.90369987487793,265,6.628900051116943,5.863100051879883,5203,10.01200008392334,1.1364799737930298,0.38218000531196594
1994,8,7,18,0,0.8791940212249756,7.886300086975098,265,6.674799919128418,5.9558000564575195,5108,9.101699829101562,1.1277600526809692,0.38058000802993774
1994,8,7,21,0,0.8818820118904114,7.830699920654297,265,6.6691999435424805,5.987500190734863,5025,9.101699829101562,1.1231499910354614,0.38148000836372375
1994,8,8,0,0,0.8841959834098816,7.801400184631348,265,6.671899795532227,6.014999866485596,4893,9.101699829101562,1.1107100248336792,0.3825500011444092
1994,8,8,3,0,0.8856340050697327,7.805600166320801,265,6.682300090789795,6.031400203704834,4713,9.101699829101562,1.089900016784668,0.38339999318122864
1994,8,8,6,0,0.8879669904708862,7.801700115203857,265,6.6809000968933105,6.026899814605713,4574,9.101699829101562,1.0742599964141846,0.38135001063346863
1994,8,8,9,0,0.8931620121002197,7.7957000732421875,265,6.733399868011475,6.095099925994873,4670,9.101699829101562,1.0871000289916992,0.3679499924182892
1994,8,8,12,0,0.9000409841537476,7.786799907684326,265,6.863500118255615,6.287899971008301,5129,8.274100303649902,1.142259955406189,0.3410300016403198
1994,8,8,15,0,0.903768002986908,7.766499996185303,265,6.960599899291992,6.456200122833252,5553,8.274100303649902,1.1920000314712524,0.3188599944114685
1994,8,8,18,0,0.9034119844436646,7.736400127410889,265,6.978000164031982,6.512899875640869,5546,8.274100303649902,1.1942499876022339,0.3109799921512604
1994,8,8,21,0,0.90031898021698,7.701900005340576,265,6.926599979400635,6.44320011138916,5260,8.274100303649902,1.1654800176620483,0.314520001411438
1994,8,9,0,0,0.8927410244941711,7.547800064086914,265,6.519499778747559,5.7820000648498535,5000,8.274100303649902,1.1476500034332275,0.3406899869441986
1994,8,9,3,0,0.8864780068397522,7.620699882507324,265,6.640600204467773,5.99970006942749,4977,8.274100303649902,1.1380200386047363,0.34586000442504883
1994,8,9,6,0,0.8860909938812256,7.800000190734863,265,6.886499881744385,6.301199913024902,5459,8.274100303649902,1.1774400472640991,0.33489999175071716
1994,8,9,9,0,0.8923230171203613,8.016900062561035,275,7.1915998458862305,6.663400173187256,6403,8.274100303649902,1.2575900554656982,0.31457000970840454
1994,8,9,12,0,0.8952190279960632,8.215700149536133,275,7.445199966430664,6.96619987487793,7182,8.274100303649902,1.3146300315856934,0.3009699881076813
1994,8,9,15,0,0.8921219706535339,8.366499900817871,275,7.503300189971924,6.8709001541137695,7574,8.274100303649902,1.3361300230026245,0.29899999499320984
1994,8,9,18,0,0.8825029730796814,8.418299674987793,275,7.361999988555908,6.5503997802734375,7784,8.274100303649902,1.3486900329589844,0.31018000841140747
1994,8,9,21,0,0.874118983745575,8.538999557495117,275,7.466400146484375,6.649700164794922,7706,9.101699829101562,1.330880045890808,0.307779997587204
1994,8,10,0,0,0.8691620230674744,8.644499778747559,275,7.612599849700928,6.847799777984619,7383,10.01200008392334,1.293660044670105,0.30237001180648804
1994,8,10,3,0,0.8655189871788025,8.700200080871582,275,7.730599880218506,7.051499843597412,6897,10.01200008392334,1.2458300590515137,0.2985599935054779
1994,8,10,6,0,0.8635630011558533,8.698599815368652,265,7.759699821472168,7.1356000900268555,6337,10.01200008392334,1.1940200328826904,0.2994999885559082
1994,8,10,9,0,0.8647570013999939,8.675000190734863,265,7.744800090789795,7.1528000831604,5808,10.01200008392334,1.1444499492645264,0.3030399978160858
1994,8,10,12,0,0.8646360039710999,8.660099983215332,265,7.721399784088135,7.142099857330322,5371,10.01200008392334,1.1010500192642212,0.30785998702049255
1994,8,10,15,0,0.8629840016365051,8.660400390625,265,7.698800086975098,7.103799819946289,5058,10.01200008392334,1.0679899454116821,0.3125300109386444
1994,8,10,18,0,0.8610770106315613,8.670299530029297,255,7.688799858093262,7.090199947357178,4858,10.01200008392334,1.0455299615859985,0.3170500099658966
1994,8,10,21,0,0.8606460094451904,8.67590045928955,255,7.664299964904785,7.033999919891357,4751,10.01200008392334,1.0332499742507935,0.3206700086593628
1994,8,11,0,0,0.8594030141830444,8.671500205993652,255,7.5802001953125,6.783400058746338,4697,10.01200008392334,1.0277299880981445,0.3213599920272827
1994,8,11,3,0,0.8558250069618225,8.308300018310547,255,6.73859977722168,5.623899936676025,4735,10.01200008392334,1.0552500486373901,0.3625999987125397
1994,8,11,6,0,0.8516150116920471,8.196599960327148,255,6.698299884796143,5.702099800109863,4722,9.101699829101562,1.0612000226974487,0.3727099895477295
1994,8,11,9,0,0.8470230102539062,8.170999526977539,255,6.738100051879883,5.80709981918335,4636,9.101699829101562,1.0530500411987305,0.37477999925613403
1994,8,11,12,0,0.8421609997749329,8.248600006103516,255,6.856900215148926,5.946100234985352,4465,9.101699829101562,1.0279699563980103,0.3712500035762787
1994,8,11,15,0,0.8355950117111206,8.366299629211426,255,6.997499942779541,6.090400218963623,4251,9.101699829101562,0.994920015335083,0.3672400116920471
1994,8,11,18,0,0.8278120160102844,8.43690013885498,255,7.0019001960754395,6.012499809265137,4034,9.101699829101562,0.9642099738121033,0.36847999691963196
1994,8,11,21,0,0.8217790126800537,7.966700077056885,245,6.015100002288818,4.863900184631348,3915,9.101699829101562,0.9782099723815918,0.4226199984550476
1994,8,12,0,0,0.8165730237960815,6.924200057983398,255,4.982699871063232,4.1092000007629395,4144,9.101699829101562,1.0834499597549438,0.506659984588623
1994,8,12,3,0,0.8029900193214417,7.034800052642822,255,5.241000175476074,4.393599987030029,3993,9.101699829101562,1.0541399717330933,0.49171000719070435
1994,8,12,6,0,0.7958430051803589,7.428599834442139,245,5.67110013961792,4.78879976272583,3679,9.101699829101562,0.9821900129318237,0.4674299955368042
1994,8,12,9,0,0.798829972743988,7.759300231933594,245,5.966000080108643,5.023799896240234,3452,9.101699829101562,0.9286900162696838,0.452129989862442
1994,8,12,12,0,0.8025000095367432,7.987199783325195,245,6.110400199890137,5.109099864959717,3313,9.101699829101562,0.8944900035858154,0.4485499858856201
1994,8,12,15,0,0.8039690256118774,8.046199798583984,245,6.131100177764893,5.136300086975098,3258,9.101699829101562,0.8822000026702881,0.4558599889278412
1994,8,12,18,0,0.8004469871520996,8.186300277709961,245,6.21589994430542,5.192399978637695,3168,13.326800346374512,0.8608400225639343,0.4567500054836273
1994,8,12,21,0,0.7947459816932678,8.108099937438965,245,5.729100227355957,4.551199913024902,3048,13.326800346374512,0.8477399945259094,0.47815999388694763
1994,8,13,0,0,0.7843509912490845,6.891300201416016,245,4.659299850463867,3.8268001079559326,3417,12.114999771118164,0.9785400032997131,0.5746399760246277
1994,8,13,3,0,0.7654039859771729,7.578700065612793,245,5.328800201416016,4.37060022354126,3358,12.114999771118164,0.9212700128555298,0.5239499807357788
1994,8,13,6,0,0.7635909914970398,8.47760009765625,245,6.089200019836426,4.90369987487793,3232,12.114999771118164,0.8504700064659119,0.4676100015640259
1994,8,13,9,0,0.767005980014801,9.185799598693848,245,6.820499897003174,5.424699783325195,3207,12.114999771118164,0.811739981174469,0.4158700108528137
1994,8,13,12,0,0.7688860297203064,9.53849983215332,255,7.326900005340576,5.867400169372559,3291,12.114999771118164,0.8066200017929077,0.38429999351501465
1994,8,13,15,0,0.7734079957008362,9.637999534606934,255,7.576900005340576,6.152599811553955,3470,12.114999771118164,0.8246700167655945,0.37005001306533813
1994,8,13,18,0,0.7773839831352234,9.760700225830078,255,7.849400043487549,6.46150016784668,3708,12.114999771118164,0.8474500179290771,0.35791999101638794
1994,8,13,21,0,0.7819560170173645,9.836999893188477,255,7.729400157928467,6.082499980926514,4032,12.114999771118164,0.8802700042724609,0.35607999563217163
1994,8,14,0,0,0.7878569960594177,9.24209976196289,265,6.557700157165527,5.0528998374938965,4538,11.013500213623047,0.9640799760818481,0.4299300014972687
1994,8,14,3,0,0.7876409888267517,9.752900123596191,255,7.4095001220703125,5.824399948120117,4812,11.013500213623047,0.9648600220680237,0.3901199996471405
1994,8,14,6,0,0.7892289757728577,10.190400123596191,255,8.366800308227539,6.938799858093262,4977,11.013500213623047,0.9591299891471863,0.35128000378608704
1994,8,14,9,0,0.7903730273246765,10.392900466918945,255,8.897199630737305,7.68209981918335,5107,11.013500213623047,0.9617999792098999,0.3299899995326996
1994,8,14,12,0,0.7898420095443726,10.543700218200684,255,9.22249984741211,8.180000305175781,5203,11.013500213623047,0.9628499746322632,0.31981000304222107
1994,8,14,15,0,0.788224995136261,10.708399772644043,255,9.451600074768066,8.524299621582031,5301,11.013500213623047,0.9623299837112427,0.31790000200271606
1994,8,14,18,0,0.7853180170059204,10.890199661254883,255,9.633999824523926,8.776399612426758,5393,16.125999450683594,0.9599499702453613,0.32038000226020813
1994,8,14,21,0,0.7846699953079224,11.034500122070312,245,9.693099975585938,8.727299690246582,5455,16.125999450683594,0.956820011138916,0.32398998737335205
1994,8,15,0,0,0.7867339849472046,9.595499992370605,245,6.441999912261963,4.878799915313721,5702,16.125999450683594,1.0511200428009033,0.46581000089645386
1994,8,15,3,0,0.7814469933509827,9.81879997253418,245,6.870299816131592,5.2546000480651855,5593,16.125999450683594,1.0280699729919434,0.4447000026702881
1994,8,15,6,0,0.7805449962615967,10.216400146484375,245,7.6168999671936035,5.991600036621094,5406,16.125999450683594,0.9890699982643127,0.4100399911403656
1994,8,15,9,0,0.7853279709815979,10.521900177001953,245,8.094099998474121,6.438399791717529,5291,14.659700393676758,0.9621000289916992,0.38580000400543213
1994,8,15,12,0,0.7907130122184753,10.81980037689209,245,8.559100151062012,6.907299995422363,5276,14.659700393676758,0.9449999928474426,0.3645800054073334
1994,8,15,15,0,0.7961609959602356,10.961000442504883,235,8.758000373840332,7.153800010681152,5362,14.659700393676758,0.9445199966430664,0.35826998949050903
1994,8,15,18,0,0.8010709881782532,11.005499839782715,235,8.780599594116211,7.19950008392334,5457,14.659700393676758,0.949679970741272,0.35943999886512756
1994,8,15,21,0,0.8043599724769592,10.836099624633789,235,8.243000030517578,6.3933000564575195,5462,14.659700393676758,0.9576699733734131,0.3728199899196625
1994,8,16,0,0,0.8060879707336426,10.561200141906738,235,7.902900218963623,6.186600208282471,5300,14.659700393676758,0.9567400217056274,0.3940199911594391
1994,8,16,3,0,0.8058390021324158,10.397100448608398,235,8.011199951171875,6.523499965667725,5024,14.659700393676758,0.9405400156974792,0.39601999521255493
1994,8,16,6,0,0.8053799867630005,10.079700469970703,235,7.822800159454346,6.496099948883057,4937,14.659700393676758,0.9492300152778625,0.40674999356269836
1994,8,16,9,0,0.8085920214653015,9.608799934387207,245,7.514900207519531,6.357999801635742,5104,14.659700393676758,0.9923499822616577,0.4214499890804291
1994,8,16,12,0,0.8160899877548218,9.140199661254883,245,7.1869001388549805,6.154200077056885,5375,13.326800346374512,1.048449993133545,0.4346100091934204
1994,8,16,15,0,0.8210210204124451,8.940699577331543,245,7.010799884796143,6.002799987792969,5429,13.326800346374512,1.0672999620437622,0.441430002450943
1994,8,16,18,0,0.823360025882721,8.808699607849121,245,6.704999923706055,5.568399906158447,5326,13.326800346374512,1.0657099485397339,0.4523000121116638
1994,8,16,21,0,0.8256189823150635,8.704000473022461,245,6.605199813842773,5.514999866485596,5246,13.326800346374512,1.0645999908447266,0.4606199860572815
1994,8,17,0,0,0.8294069766998291,8.63700008392334,245,6.687600135803223,5.683199882507324,5199,13.326800346374512,1.0655900239944458,0.4561299979686737
1994,8,17,3,0,0.8337349891662598,8.532999992370605,245,6.72130012512207,5.779600143432617,5149,13.326800346374512,1.0692600011825562,0.4499000012874603
1994,8,17,6,0,0.8372769951820374,8.464400291442871,245,6.75600004196167,5.8572001457214355,5101,13.326800346374512,1.070520043373108,0.44304001331329346
1994,8,17,9,0,0.8422679901123047,8.410300254821777,245,6.808599948883057,5.9532999992370605,5191,13.326800346374512,1.0853500366210938,0.4340299963951111
1994,8,17,12,0,0.8490449786186218,8.354100227355957,245,6.878399848937988,6.077099800109863,5451,13.326800346374512,1.118340015411377,0.42212000489234924
1994,8,17,15,0,0.8541219830513,8.320699691772461,245,6.9390997886657715,6.182600021362305,5650,13.326800346374512,1.1427500247955322,0.4131399989128113
1994,8,17,18,0,0.8565629720687866,8.322500228881836,255,6.966599941253662,6.230199813842773,5585,6.837800025939941,1.1364599466323853,0.4128899872303009
1994,8,17,21,0,0.8566619753837585,8.345999717712402,255,6.94920015335083,6.20419979095459,5247,6.837800025939941,1.0990699529647827,0.4209499955177307
1994,8,18,0,0,0.8529189825057983,8.100799560546875,255,6.216400146484375,5.127500057220459,4798,6.837800025939941,1.0666600465774536,0.4567500054836273
1994,8,18,3,0,0.8458759784698486,7.597499847412109,255,5.526800155639648,4.557199954986572,4521,12.114999771118164,1.0691100358963013,0.5149400234222412
1994,8,18,6,0,0.8411570191383362,7.6417999267578125,255,5.628499984741211,4.712200164794922,4236,12.114999771118164,1.0299700498580933,0.5208600163459778
1994,8,18,9,0,0.8394500017166138,7.866600036621094,255,5.844200134277344,4.93779993057251,3986,12.114999771118164,0.9817699790000916,0.5188400149345398
1994,8,18,12,0,0.8398339748382568,8.156599998474121,245,6.020400047302246,5.071899890899658,3784,14.659700393676758,0.9359300136566162,0.5188199877738953
1994,8,18,15,0,0.8392919898033142,8.488300323486328,245,6.19789981842041,5.1869001388549805,3632,14.659700393676758,0.8953999876976013,0.5178200006484985
1994,8,18,18,0,0.8364819884300232,8.669699668884277,245,6.306600093841553,5.273399829864502,3577,14.659700393676758,0.8772000074386597,0.5184699892997742
1994,8,18,21,0,0.8307170271873474,8.349699974060059,245,5.926499843597412,4.8460001945495605,3701,14.659700393676758,0.9112899899482727,0.5344700217247009
1994,8,19,0,0,0.8263260126113892,8.105199813842773,255,5.867499828338623,4.906700134277344,3820,14.659700393676758,0.9415599703788757,0.5421500205993652
1994,8,19,3,0,0.8235560059547424,8.243200302124023,255,6.102399826049805,5.175099849700928,3728,14.659700393676758,0.9221699833869934,0.5299299955368042
1994,8,19,6,0,0.8220710158348083,8.405699729919434,255,6.254899978637695,5.298500061035156,3668,14.659700393676758,0.905210018157959,0.5197499990463257
1994,8,19,9,0,0.8203340172767639,8.403499603271484,255,6.150000095367432,5.080999851226807,3795,14.659700393676758,0.9219200015068054,0.5149999856948853
1994,8,19,12,0,0.81284499168396,7.843900203704834,255,5.572500228881836,4.570899963378906,4289,14.659700393676758,1.018779993057251,0.5430200099945068
1994,8,19,15,0,0.7983660101890564,7.445300102233887,255,5.443600177764893,4.5640997886657715,5036,13.326800346374512,1.138350009918213,0.5439000129699707
1994,8,19,18,0,0.7835839986801147,7.326499938964844,255,5.492800235748291,4.664400100708008,5687,13.326800346374512,1.2230499982833862,0.5298799872398376
1994,8,19,21,0,0.7827249765396118,7.519199848175049,255,5.729700088500977,4.878900051116943,5851,13.326800346374512,1.2247400283813477,0.5095999836921692
1994,8,20,0,0,0.7865970134735107,7.658400058746338,255,5.855500221252441,4.967299938201904,5992,13.326800346374512,1.22816002368927,0.4980599880218506
1994,8,20,3,0,0.7985339760780334,7.8403000831604,255,6.202000141143799,5.357100009918213,6564,13.326800346374512,1.2715400457382202,0.47152000665664673
1994,8,20,6,0,0.8079559803009033,8.00979995727539,265,6.542200088500977,5.773399829864502,7305,7.5218000411987305,1.3276599645614624,0.44920000433921814
1994,8,20,9,0,0.809453010559082,8.181599617004395,255,6.741700172424316,6.015200138092041,7573,7.5218000411987305,1.3350399732589722,0.4486599862575531
1994,8,20,12,0,0.8118109703063965,8.404600143432617,255,6.845099925994873,6.093599796295166,7294,7.5218000411987305,1.2876399755477905,0.4634599983692169
1994,8,20,15,0,0.815887987613678,8.669500350952148,255,6.912300109863281,6.093800067901611,6884,13.326800346374512,1.2258599996566772,0.48021000623703003
1994,8,20,18,0,0.8202639818191528,8.922699928283691,255,6.968400001525879,6.068600177764893,6573,16.125999450683594,1.1761300563812256,0.49039000272750854
1994,8,20,21,0,0.8243920207023621,9.106900215148926,245,6.924300193786621,5.871399879455566,6396,16.125999450683594,1.145359992980957,0.49503999948501587
1994,8,21,0,0,0.8250619769096375,9.189800262451172,245,6.765100002288818,5.5802001953125,6358,12.114999771118164,1.1350300312042236,0.5004500150680542
1994,8,21,3,0,0.8242790102958679,9.521400451660156,255,7.146500110626221,5.981800079345703,6381,12.114999771118164,1.1147799491882324,0.4820300042629242
1994,8,21,6,0,0.8252080082893372,9.823100090026855,255,7.441299915313721,6.234600067138672,6553,12.114999771118164,1.1101800203323364,0.4631800055503845
1994,8,21,9,0,0.8263450264930725,10.08080005645752,255,7.669000148773193,6.399600028991699,6814,12.114999771118164,1.1157699823379517,0.4474399983882904
1994,8,21,12,0,0.8275110125541687,10.30620002746582,255,7.860199928283691,6.521299839019775,7101,12.114999771118164,1.125059962272644,0.43452000617980957
1994,8,21,15,0,0.8289560079574585,10.549799919128418,255,8.105799674987793,6.6981000900268555,7355,12.114999771118164,1.1306300163269043,0.4197799861431122
1994,8,21,18,0,0.8300250172615051,10.759900093078613,255,8.364500045776367,6.914000034332275,7512,12.114999771118164,1.1310399770736694,0.4056200087070465
1994,8,21,21,0,0.8311529755592346,10.862600326538086,255,8.549300193786621,7.098299980163574,7515,12.114999771118164,1.1262400150299072,0.39504000544548035
1994,8,22,0,0,0.8320310115814209,10.822199821472168,255,8.486200332641602,6.9369001388549805,7412,12.114999771118164,1.1217000484466553,0.3914499878883362
1994,8,22,3,0,0.8331009745597839,10.742300033569336,255,8.455499649047852,6.954899787902832,7325,14.659700393676758,1.120479941368103,0.39419999718666077
1994,8,22,6,0,0.8375830054283142,10.66919994354248,245,8.509200096130371,7.159299850463867,7373,14.659700393676758,1.1294300556182861,0.3997800052165985
1994,8,22,9,0,0.8442339897155762,10.54640007019043,245,8.46660041809082,7.235899925231934,7597,14.659700393676758,1.1546399593353271,0.4097500145435333
1994,8,22,12,0,0.8510850071907043,10.295499801635742,245,8.2923002243042,7.188799858093262,7969,14.659700393676758,1.1987500190734863,0.42214998602867126
1994,8,22,15,0,0.8580859899520874,9.800800323486328,245,7.840000152587891,6.852799892425537,8464,14.659700393676758,1.2690399885177612,0.44328001141548157
1994,8,22,18,0,0.8585780262947083,9.678799629211426,245,7.515500068664551,6.3592000007629395,8424,14.659700393676758,1.273360013961792,0.4549500048160553
1994,8,22,21,0,0.861506998538971,9.416199684143066,245,7.276199817657471,6.21750020980835,8714,14.659700393676758,1.3147499561309814,0.47409000992774963
1994,8,23,0,0,0.8612040281295776,8.945500373840332,245,6.930099964141846,5.9517998695373535,9631,14.659700393676758,1.4245599508285522,0.4913100004196167
1994,8,23,3,0,0.8475769758224487,8.799300193786621,255,6.797100067138672,5.795499801635742,10124,14.659700393676758,1.4767199754714966,0.4929499924182892
1994,8,23,6,0,0.8355739712715149,8.663399696350098,255,6.794000148773193,5.819699764251709,10876,14.659700393676758,1.5482900142669678,0.47745999693870544
1994,8,23,9,0,0.8305490016937256,8.599300384521484,265,6.894400119781494,5.9415998458862305,11685,9.101699829101562,1.6160199642181396,0.44859999418258667
1994,8,23,12,0,0.8309140205383301,8.667200088500977,265,7.0594000816345215,6.1149001121521,12103,9.101699829101562,1.6400699615478516,0.4250200092792511
1994,8,23,15,0,0.8282110095024109,8.876799583435059,265,7.3196001052856445,6.382299900054932,12299,9.101699829101562,1.6323399543762207,0.41075998544692993
1994,8,23,18,0,0.8235030174255371,9.038599967956543,265,7.348800182342529,6.292200088500977,12834,9.101699829101562,1.6503000259399414,0.4127799868583679
1994,8,23,21,0,0.8199290037155151,8.997400283813477,265,7.131700038909912,5.983799934387207,14003,9.101699829101562,1.727220058441162,0.42506998777389526
1994,8,24,0,0,0.8270450234413147,8.383299827575684,275,6.444699764251709,5.394899845123291,16074,10.01200008392334,1.9219800233840942,0.46152999997138977
1994,8,24,3,0,0.8342700004577637,8.141799926757812,275,6.410799980163574,5.454599857330322,17746,10.01200008392334,2.0546700954437256,0.4495300054550171
1994,8,24,6,0,0.838824987411499,8.448800086975098,275,6.929999828338623,6.0346999168396,17336,10.01200008392334,1.9933700561523438,0.41110000014305115
1994,8,24,9,0,0.8374019861221313,8.706899642944336,275,7.1803998947143555,6.250500202178955,15763,10.01200008392334,1.8693900108337402,0.3984299898147583
1994,8,24,12,0,0.8319230079650879,8.977800369262695,275,7.474999904632568,6.563199996948242,14354,10.01200008392334,1.7533600330352783,0.3900600075721741
1994,8,24,15,0,0.822547972202301,9.258600234985352,275,7.726500034332275,6.779200077056885,13070,10.01200008392334,1.6441199779510498,0.38572001457214355
1994,8,24,18,0,0.8141319751739502,9.458999633789062,275,7.893099784851074,6.9019999504089355,12063,10.01200008392334,1.560420036315918,0.38449999690055847
1994,8,24,21,0,0.8111029863357544,9.365699768066406,275,7.554800033569336,6.344799995422363,11313,10.01200008392334,1.5188100337982178,0.39987999200820923
1994,8,25,0,0,0.8153719902038574,8.573200225830078,275,6.418700218200684,5.254000186920166,11122,10.01200008392334,1.5782500505447388,0.4646899998188019
1994,8,25,3,0,0.817795991897583,8.114399909973145,275,6.098199844360352,5.071000099182129,10980,10.01200008392334,1.615779995918274,0.4867999851703644
1994,8,25,6,0,0.8158379793167114,8.214400291442871,275,6.393099784851074,5.439499855041504,10287,10.01200008392334,1.5544500350952148,0.4725799858570099
1994,8,25,9,0,0.8097440004348755,8.492300033569336,275,6.727399826049805,5.796800136566162,9259,9.101699829101562,1.4475699663162231,0.4620000123977661
1994,8,25,12,0,0.8014540076255798,8.764599800109863,265,6.936600208282471,5.971499919891357,8328,9.101699829101562,1.3476099967956543,0.46208998560905457
1994,8,25,15,0,0.7987599968910217,9.018199920654297,265,7.085599899291992,6.074100017547607,7623,9.101699829101562,1.267240047454834,0.46737000346183777
1994,8,25,18,0,0.7970939874649048,9.24940013885498,265,7.197500228881836,6.138299942016602,7080,9.101699829101562,1.2025200128555298,0.4743399918079376
1994,8,25,21,0,0.7963410019874573,9.36460018157959,265,7.0808000564575195,5.871600151062012,6598,9.101699829101562,1.1513500213623047,0.48561999201774597
1994,8,26,0,0,0.8003010153770447,8.372699737548828,255,5.672599792480469,4.559599876403809,6480,17.73889923095703,1.2091200351715088,0.5729100108146667
1994,8,26,3,0,0.7992119789123535,8.154000282287598,265,5.648200035095215,4.63730001449585,6293,17.73889923095703,1.2078800201416016,0.5850399732589722
1994,8,26,6,0,0.8027369976043701,8.451800346374512,255,6.111700057983398,5.1203999519348145,6027,17.73889923095703,1.159440040588379,0.5606799721717834
1994,8,26,9,0,0.8107990026473999,8.555700302124023,265,6.462800025939941,5.516200065612793,6338,17.73889923095703,1.1835999488830566,0.533519983291626
1994,8,26,12,0,0.822380006313324,8.540599822998047,265,6.826300144195557,5.993299961090088,7574,7.5218000411987305,1.3009099960327148,0.49369001388549805
1994,8,26,15,0,0.8266940116882324,8.612799644470215,265,7.019599914550781,6.254199981689453,8297,7.5218000411987305,1.356909990310669,0.4807499945163727
1994,8,26,18,0,0.8236389756202698,8.757499694824219,265,7.079999923706055,6.302000045776367,8114,7.5218000411987305,1.3274500370025635,0.4892899990081787
1994,8,26,21,0,0.8187789916992188,8.899700164794922,265,7.082799911499023,6.224999904632568,7665,7.5218000411987305,1.2764999866485596,0.49639999866485596
1994,8,27,0,0,0.8163970112800598,8.877400398254395,265,6.816100120544434,5.76200008392334,7323,16.125999450683594,1.2480299472808838,0.5043699741363525
1994,8,27,3,0,0.8153160214424133,9.048399925231934,255,7.078800201416016,6.0756001472473145,7049,16.125999450683594,1.2118099927902222,0.4892599880695343
1994,8,27,6,0,0.8166790008544922,9.2253999710083,255,7.316800117492676,6.339300155639648,6827,16.125999450683594,1.180209994316101,0.47516000270843506
1994,8,27,9,0,0.8220549821853638,9.41919994354248,255,7.515500068664551,6.542099952697754,6678,16.125999450683594,1.1537200212478638,0.4669100046157837
1994,8,27,12,0,0.829958975315094,9.645999908447266,255,7.6682000160217285,6.659299850463867,6582,16.125999450683594,1.1295499801635742,0.4648300111293793
1994,8,27,15,0,0.8399360179901123,9.96619987487793,255,7.85260009765625,6.77370023727417,6549,17.73889923095703,1.1050100326538086,0.46369001269340515
1994,8,27,18,0,0.8502979874610901,10.308699607849121,255,8.073200225830078,6.916900157928467,6478,17.73889923095703,1.0773199796676636,0.458189994096756
1994,8,27,21,0,0.8600389957427979,10.624199867248535,245,8.314200401306152,7.0929999351501465,6404,17.73889923095703,1.052590012550354,0.44916999340057373
1994,8,28,0,0,0.8690040111541748,10.852899551391602,245,8.528200149536133,7.267300128936768,6321,17.73889923095703,1.0332800149917603,0.439520001411438
1994,8,28,3,0,0.8740389943122864,10.986100196838379,245,8.683099746704102,7.409800052642822,6192,17.73889923095703,1.0160499811172485,0.43244999647140503
1994,8,28,6,0,0.8772079944610596,11.061800003051758,245,8.764900207519531,7.484099864959717,6052,16.125999450683594,1.000789999961853,0.4299899935722351
1994,8,28,9,0,0.8805829882621765,11.081299781799316,245,8.68280029296875,7.340799808502197,5945,16.125999450683594,0.9906700253486633,0.4355599880218506
1994,8,28,12,0,0.8849949836730957,11.108200073242188,245,8.51360034942627,7.041800022125244,5927,16.125999450683594,0.9870200157165527,0.4438599944114685
1994,8,28,15,0,0.8900200128555298,11.134900093078613,245,8.120400428771973,6.330399990081787,6029,16.125999450683594,0.9931399822235107,0.4524799883365631
1994,8,28,18,0,0.8938140273094177,10.774999618530273,245,7.202300071716309,5.447800159454346,6318,16.125999450683594,1.03288996219635,0.4949299991130829
1994,8,28,21,0,0.8963770270347595,10.461000442504883,245,6.67519998550415,5.035999774932861,6663,16.125999450683594,1.0763299465179443,0.5267500281333923
1994,8,29,0,0,0.8965939879417419,9.784500122070312,245,6.081699848175049,4.693299770355225,7143,16.125999450683594,1.1542199850082397,0.5763199925422668
1994,8,29,3,0,0.8978689908981323,10.236300468444824,245,6.758900165557861,5.334499835968018,7208,16.125999450683594,1.1315900087356567,0.545710027217865
1994,8,29,6,0,0.9002820253372192,10.491999626159668,235,7.061999797821045,5.605100154876709,7151,16.125999450683594,1.1117600202560425,0.5306400060653687
1994,8,29,9,0,0.9037910103797913,10.597299575805664,235,7.211999893188477,5.761000156402588,7107,16.125999450683594,1.1019500494003296,0.5245199799537659
1994,8,29,12,0,0.9054229855537415,10.76449966430664,235,7.373799800872803,5.895400047302246,7075,17.73889923095703,1.08951997756958,0.5152900218963623
1994,8,29,15,0,0.9062550067901611,11.055000305175781,235,7.620299816131592,6.061299800872803,7065,17.73889923095703,1.072409987449646,0.4986799955368042
1994,8,29,18,0,0.9071130156517029,11.36359977722168,235,7.9096999168396,6.253799915313721,7072,17.73889923095703,1.0564700365066528,0.47881001234054565
1994,8,29,21,0,0.907958984375,11.488200187683105,235,7.831200122833252,5.959099769592285,7088,17.73889923095703,1.0510200262069702,0.46682998538017273
1994,8,30,0,0,0.9069569706916809,11.153499603271484,235,7.171899795532227,5.3470001220703125,7179,17.73889923095703,1.0737299919128418,0.4909699857234955
1994,8,30,3,0,0.9081799983978271,11.467900276184082,235,7.649600028991699,5.744100093841553,7167,17.73889923095703,1.0567200183868408,0.465829998254776
1994,8,30,6,0,0.9100769758224487,11.756699562072754,235,8.009200096130371,5.982900142669678,7142,17.73889923095703,1.0405399799346924,0.44262000918388367
1994,8,30,9,0,0.9109410047531128,12.00529956817627,235,8.422800064086914,6.366600036621094,7135,17.73889923095703,1.0281200408935547,0.4231800138950348
1994,8,30,12,0,0.9079639911651611,12.10200023651123,235,8.621500015258789,6.545599937438965,7203,16.125999450683594,1.028540015220642,0.4112600088119507
1994,8,30,15,0,0.8973529934883118,11.869000434875488,235,8.462200164794922,6.486800193786621,7474,16.125999450683594,1.0594700574874878,0.4178900122642517
1994,8,30,18,0,0.880620002746582,11.430299758911133,245,8.300999641418457,6.521900177001953,8073,16.125999450683594,1.126539945602417,0.42629000544548035
1994,8,30,21,0,0.8647350072860718,11.23390007019043,245,8.456100463867188,6.704500198364258,8868,16.125999450683594,1.1965199708938599,0.4071899950504303
1994,8,31,0,0,0.8473470211029053,9.535799980163574,255,6.29040002822876,4.8368000984191895,10314,16.125999450683594,1.4132399559020996,0.5070000290870667
1994,8,31,3,0,0.8393970131874084,8.720999717712402,255,6.055600166320801,4.885499954223633,11898,16.125999450683594,1.5981099605560303,0.5291799902915955
1994,8,31,6,0,0.8392289876937866,8.966300010681152,255,6.61870002746582,5.478099822998047,12145,16.125999450683594,1.5935800075531006,0.49351000785827637
1994,8,31,9,0,0.8409050107002258,9.183699607849121,255,6.886899948120117,5.712500095367432,11720,16.125999450683594,1.5455100536346436,0.4770199954509735
1994,8,31,12,0,0.8450919985771179,8.944499969482422,255,6.792600154876709,5.703999996185303,11827,16.125999450683594,1.5762399435043335,0.48131999373435974
1994,8,31,15,0,0.8503119945526123,8.817099571228027,255,6.953800201416016,6.0121002197265625,12038,16.125999450683594,1.6059000492095947,0.4674299955368042
1994,8,31,18,0,0.8477460145950317,8.888099670410156,255,6.933300018310547,5.900599956512451,11054,16.125999450683594,1.5315300226211548,0.4651600122451782
1994,8,31,21,0,0.846792995929718,8.185999870300293,255,6.065899848937988,5.052000045776367,10980,16.125999450683594,1.595270037651062,0.5096200108528137
1994,9,1,0,0,0.8465049862861633,7.3867998123168945,265,5.7758002281188965,4.983099937438965,13861,16.125999450683594,1.904960036277771,0.49625998735427856
1994,9,1,3,0,0.8491600155830383,7.580999851226807,265,6.184500217437744,5.403900146484375,15798,7.5218000411987305,2.0147199630737305,0.4434800148010254
1994,9,1,6,0,0.8495380282402039,7.826000213623047,265,6.500999927520752,5.760000228881836,15237,7.5218000411987305,1.9455300569534302,0.4291900098323822
1994,9,1,9,0,0.847836971282959,8.068900108337402,265,6.73390007019043,6.023799896240234,13701,7.5218000411987305,1.811579942703247,0.43303999304771423
1994,9,1,12,0,0.8397200107574463,8.242400169372559,265,6.730000019073486,5.959400177001953,11803,6.837800025939941,1.6562600135803223,0.4567599892616272
1994,9,1,15,0,0.834572970867157,8.316399574279785,255,6.529900074005127,5.653200149536133,10103,14.659700393676758,1.5188699960708618,0.4875499904155731
1994,9,1,18,0,0.8325129747390747,8.416799545288086,255,6.368599891662598,5.397600173950195,8723,14.659700393676758,1.3975199460983276,0.508109986782074
1994,9,1,21,0,0.8303170204162598,8.645000457763672,245,6.30679988861084,5.21619987487793,7497,14.659700393676758,1.2734899520874023,0.5152300000190735
1994,9,2,0,0,0.8366199731826782,8.936699867248535,245,6.348999977111816,5.140900135040283,6683,14.659700393676758,1.1788899898529053,0.5108100175857544
1994,9,2,3,0,0.8438069820404053,9.577799797058105,245,7.036499977111816,5.750500202178955,6212,14.659700393676758,1.0937800407409668,0.47503000497817993
1994,9,2,6,0,0.8517739772796631,10.045900344848633,245,7.5295000076293945,6.157899856567383,6005,14.659700393676758,1.0472300052642822,0.4501500129699707
1994,9,2,9,0,0.8586069941520691,10.400400161743164,245,7.946700096130371,6.532299995422363,5885,14.659700393676758,1.0167800188064575,0.43163999915122986
1994,9,2,12,0,0.8618519902229309,10.59589958190918,235,8.248499870300293,6.854499816894531,5786,16.125999450683594,0.9980499744415283,0.41912001371383667
1994,9,2,15,0,0.8494250178337097,10.282400131225586,245,8.194000244140625,6.970300197601318,5997,16.125999450683594,1.035580039024353,0.41837000846862793
1994,9,2,18,0,0.8231430053710938,8.958999633789062,255,6.713399887084961,5.381800174713135,7114,16.125999450683594,1.223580002784729,0.45559999346733093
1994,9,2,21,0,0.8144630193710327,7.768199920654297,255,5.910900115966797,4.969200134277344,8554,8.274100303649902,1.4562699794769287,0.4891200065612793
1994,9,3,0,0,0.8077409863471985,6.924499988555908,245,5.496399879455566,4.749000072479248,10284,7.5218000411987305,1.7072399854660034,0.47672000527381897
1994,9,3,3,0,0.8731989860534668,6.927999973297119,225,5.822800159454346,5.1184000968933105,18054,7.5218000411987305,2.281830072402954,0.3836100101470947
1994,9,3,6,0,0.89342200756073,7.6143999099731445,215,6.714099884033203,6.101600170135498,19077,8.274100303649902,2.2337799072265625,0.331959992647171
1994,9,3,9,0,0.8659949898719788,7.780600070953369,225,6.993000030517578,6.55079984664917,15492,7.5218000411987305,1.985610008239746,0.3380900025367737
1994,9,3,12,0,0.8430569767951965,7.936299800872803,235,7.146900177001953,6.752999782562256,14496,7.5218000411987305,1.8975800275802612,0.34494999051094055
1994,9,3,15,0,0.8475850224494934,8.197099685668945,235,7.345799922943115,6.92579984664917,14214,7.5218000411987305,1.8446099758148193,0.34703999757766724
1994,9,3,18,0,0.8553469777107239,8.467599868774414,245,7.591300010681152,7.142899990081787,15016,7.5218000411987305,1.8627699613571167,0.3372499942779541
1994,9,3,21,0,0.8597930073738098,8.61970043182373,255,7.71120023727417,7.167900085449219,16365,9.101699829101562,1.927340030670166,0.32569000124931335
1994,9,4,0,0,0.8689370155334473,8.668700218200684,255,7.766200065612793,7.202000141143799,17774,9.101699829101562,2.004270076751709,0.3169899880886078
1994,9,4,3,0,0.877232015132904,8.586600303649902,265,7.700900077819824,7.150899887084961,19360,9.101699829101562,2.104300022125244,0.313400000333786
1994,9,4,6,0,0.8936750292778015,8.637399673461914,265,7.813199996948242,7.325399875640869,21882,9.101699829101562,2.2310900688171387,0.30208998918533325
1994,9,4,9,0,0.9010210037231445,8.81089973449707,265,7.9730000495910645,7.485400199890137,21896,10.01200008392334,2.2054200172424316,0.3013699948787689
1994,9,4,12,0,0.9026229977607727,8.986700057983398,265,8.095600128173828,7.577300071716309,20422,10.01200008392334,2.103950023651123,0.3070699870586395
1994,9,4,15,0,0.9017329812049866,9.117600440979004,265,8.170499801635742,7.613100051879883,18238,10.01200008392334,1.970810055732727,0.3132700026035309
1994,9,4,18,0,0.8989329934120178,9.192099571228027,265,8.212200164794922,7.631100177764893,16044,10.01200008392334,1.8399800062179565,0.31869998574256897
1994,9,4,21,0,0.8959980010986328,9.234600067138672,265,8.234399795532227,7.647600173950195,14119,10.01200008392334,1.721459984779358,0.32576000690460205
1994,9,5,0,0,0.8937039971351624,9.248299598693848,265,8.21679973602295,7.608500003814697,12454,10.01200008392334,1.6150000095367432,0.33469998836517334
1994,9,5,3,0,0.8907189965248108,9.196900367736816,265,8.081700325012207,7.352099895477295,10929,10.01200008392334,1.517259955406189,0.3449699878692627
1994,9,5,6,0,0.8863239884376526,9.139599800109863,265,7.999800205230713,7.270599842071533,9524,10.01200008392334,1.4208099842071533,0.35482001304626465
1994,9,5,9,0,0.8814190030097961,9.147000312805176,265,8.01200008392334,7.37529993057251,8412,9.101699829101562,1.3330299854278564,0.3655500113964081
1994,9,5,12,0,0.8766390085220337,9.21660041809082,265,8.014300346374512,7.387599945068359,7584,9.101699829101562,1.2574599981307983,0.3781999945640564
1994,9,5,15,0,0.8715419769287109,9.309800148010254,265,8.055100440979004,7.410699844360352,7210,9.101699829101562,1.217419981956482,0.38266998529434204
1994,9,5,18,0,0.8731930255889893,9.357399940490723,265,8.241999626159668,7.644400119781494,8502,9.101699829101562,1.320970058441162,0.3572100102901459
1994,9,5,21,0,0.8928189873695374,9.46969985961914,275,8.507100105285645,7.9704999923706055,11320,9.101699829101562,1.5174399614334106,0.3250400125980377
1994,9,6,0,0,0.9094430208206177,9.430299758911133,275,8.055500030517578,6.894499778747559,14020,10.01200008392334,1.6925100088119507,0.3292500078678131
1994,9,6,3,0,0.9145609736442566,9.124500274658203,275,7.428899765014648,6.205599784851074,15892,10.01200008392334,1.832319974899292,0.36566999554634094
1994,9,6,6,0,0.9156919717788696,9.364100456237793,275,7.891200065612793,6.80210018157959,16245,10.01200008392334,1.8267199993133545,0.3486799895763397
1994,9,6,9,0,0.9177150130271912,9.729700088500977,275,8.463500022888184,7.5320000648498535,16636,10.01200008392334,1.8083200454711914,0.32771000266075134
1994,9,6,12,0,0.924107015132904,10.215800285339355,275,9.110400199890137,8.321200370788574,19203,12.114999771118164,1.8858599662780762,0.2991600036621094
1994,9,6,15,0,0.9311879873275757,10.516500473022461,275,9.576499938964844,8.927900314331055,22321,12.114999771118164,1.9988499879837036,0.26921001076698303
1994,9,6,18,0,0.9344859719276428,10.601900100708008,275,9.763199806213379,9.198800086975098,23805,12.114999771118164,2.0559399127960205,0.25238001346588135
1994,9,6,21,0,0.9326689839363098,10.588500022888184,275,9.770000457763672,9.222900390625,23071,12.114999771118164,2.02659010887146,0.2504799962043762
1994,9,7,0,0,0.9268530011177063,10.511799812316895,275,9.577699661254883,8.810199737548828,21094,12.114999771118164,1.946679949760437,0.26019999384880066
1994,9,7,3,0,0.9203320145606995,10.261099815368652,275,9.24020004272461,8.446599960327148,19984,11.013500213623047,1.9222899675369263,0.2787199914455414
1994,9,7,6,0,0.913782000541687,9.818400382995605,275,8.680700302124023,7.85099983215332,19739,11.013500213623047,1.959589958190918,0.30557000637054443
1994,9,7,9,0,0.9049550294876099,9.655099868774414,275,8.445500373840332,7.543300151824951,18936,11.013500213623047,1.937559962272644,0.31567999720573425
1994,9,7,12,0,0.8950859904289246,9.564499855041504,275,8.179200172424316,7.079999923706055,17926,11.013500213623047,1.8943400382995605,0.3263700008392334
1994,9,7,15,0,0.8825809955596924,9.302800178527832,265,7.60860013961792,6.335899829864502,16925,11.013500213623047,1.8682199716567993,0.35447001457214355
1994,9,7,18,0,0.8435549736022949,8.216099739074707,265,6.353799819946289,5.294400215148926,17368,11.013500213623047,2.0233800411224365,0.4322800040245056
1994,9,7,21,0,0.7981500029563904,7.446800231933594,245,6.021599769592285,5.206200122833252,20462,10.01200008392334,2.324739933013916,0.4272400140762329
1994,9,8,0,0,0.7989069819450378,7.351200103759766,235,6.160099983215332,5.412600040435791,23958,7.5218000411987305,2.543529987335205,0.3860200047492981
1994,9,8,3,0,0.7842289805412292,7.662499904632568,235,6.491499900817871,5.7118000984191895,20463,8.274100303649902,2.2999799251556396,0.36796998977661133
1994,9,8,6,0,0.7749639749526978,7.833099842071533,235,6.626100063323975,5.816699981689453,17120,8.274100303649902,2.0769801139831543,0.3701399862766266
1994,9,8,9,0,0.7770500183105469,8.185500144958496,235,7.110499858856201,6.423900127410889,14916,7.5218000411987305,1.8908799886703491,0.3595399856567383
1994,9,8,12,0,0.776669979095459,8.465999603271484,245,7.414000034332275,6.794400215148926,13571,7.5218000411987305,1.7677299976348877,0.36281999945640564
1994,9,8,15,0,0.7837889790534973,8.663000106811523,245,7.596199989318848,7.027699947357178,12478,9.101699829101562,1.6710599660873413,0.37081000208854675
1994,9,8,18,0,0.7887539863586426,8.708000183105469,245,7.5914998054504395,6.990600109100342,11245,9.101699829101562,1.580049991607666,0.3777199983596802
1994,9,8,21,0,0.7927849888801575,8.687800407409668,245,7.36460018157959,6.5467000007629395,10361,8.274100303649902,1.5158799886703491,0.3934899866580963
1994,9,9,0,0,0.7973200082778931,8.518899917602539,255,6.919000148773193,5.947000026702881,9859,8.274100303649902,1.4914000034332275,0.42166998982429504
1994,9,9,3,0,0.8015769720077515,8.286299705505371,255,6.6890997886657715,5.758500099182129,9367,8.274100303649902,1.4757399559020996,0.4297100007534027
1994,9,9,6,0,0.8015639781951904,8.174599647521973,255,6.5482001304626465,5.593999862670898,9677,8.274100303649902,1.5106799602508545,0.43088001012802124
1994,9,9,9,0,0.802498996257782,8.374300003051758,255,6.7972002029418945,5.872399806976318,10531,14.659700393676758,1.5539000034332275,0.4206100106239319
1994,9,9,12,0,0.7997050285339355,8.437000274658203,255,6.864500045776367,5.914299964904785,10810,14.659700393676758,1.5688999891281128,0.41183000802993774
1994,9,9,15,0,0.7909700274467468,8.104499816894531,245,6.4039998054504395,5.418300151824951,10834,9.101699829101562,1.605929970741272,0.4307900071144104
1994,9,9,18,0,0.7878680229187012,7.939199924468994,245,6.291600227355957,5.364200115203857,11262,13.326800346374512,1.6549999713897705,0.43685999512672424
1994,9,9,21,0,0.790565013885498,8.22719955444336,245,6.734099864959717,5.891200065612793,10733,13.326800346374512,1.5838099718093872,0.4169600009918213
1994,9,10,0,0,0.7968940138816833,8.39680004119873,245,6.993800163269043,6.209499835968018,9495,13.326800346374512,1.4735599756240845,0.40369001030921936
1994,9,10,3,0,0.8055940270423889,8.428899765014648,245,7.141900062561035,6.423900127410889,8434,8.274100303649902,1.3879899978637695,0.38938000798225403
1994,9,10,6,0,0.8053550124168396,8.46619987487793,245,7.256700038909912,6.565100193023682,8049,12.114999771118164,1.3542799949645996,0.37514999508857727
1994,9,10,9,0,0.795278012752533,8.543800354003906,245,7.396399974822998,6.758600234985352,8088,12.114999771118164,1.3510299921035767,0.3648799955844879
1994,9,10,12,0,0.7876060009002686,8.57610034942627,245,7.462100028991699,6.868199825286865,7960,12.114999771118164,1.3372100591659546,0.3618899881839752
1994,9,10,15,0,0.7882850170135498,8.55270004272461,245,7.442800045013428,6.872600078582764,7515,12.114999771118164,1.3007999658584595,0.36507999897003174
1994,9,10,18,0,0.7937160134315491,8.514399528503418,245,7.395400047302246,6.831299781799316,6970,12.114999771118164,1.2556400299072266,0.36890000104904175
1994,9,10,21,0,0.8011130094528198,8.525899887084961,245,7.387899875640869,6.812300205230713,6569,11.013500213623047,1.2180800437927246,0.3697800040245056
1994,9,11,0,0,0.809777021408081,8.587599754333496,245,7.412600040435791,6.793900012969971,6291,11.013500213623047,1.1873300075531006,0.36847999691963196
1994,9,11,3,0,0.8211349844932556,8.664999961853027,255,7.4415998458862305,6.763000011444092,6067,11.013500213623047,1.1599899530410767,0.36750999093055725
1994,9,11,6,0,0.8314939737319946,8.691699981689453,255,7.4095001220703125,6.657899856567383,5784,11.013500213623047,1.1306999921798706,0.3685699999332428
1994,9,11,9,0,0.8385310173034668,8.620499610900879,255,7.275199890136719,6.489099979400635,5419,11.013500213623047,1.099429965019226,0.3758400082588196
1994,9,11,12,0,0.8441889882087708,8.547100067138672,255,7.210299968719482,6.449100017547607,5005,11.013500213623047,1.0618599653244019,0.37966999411582947
1994,9,11,15,0,0.8494570255279541,8.501500129699707,255,7.184999942779541,6.451900005340576,4645,11.013500213623047,1.0261900424957275,0.3816699981689453
1994,9,11,18,0,0.8543649911880493,8.507699966430664,255,7.202899932861328,6.480899810791016,4446,10.01200008392334,1.004080057144165,0.38120999932289124
1994,9,11,21,0,0.857820987701416,8.534500122070312,255,7.191500186920166,6.37470006942749,4526,10.01200008392334,1.0128799676895142,0.3763999938964844
1994,9,12,0,0,0.8622220158576965,7.912199974060059,265,6.042200088500977,4.968699932098389,5063,10.01200008392334,1.1172300577163696,0.4286800026893616
1994,9,12,3,0,0.8673760294914246,7.294000148773193,265,5.499800205230713,4.575099945068359,5891,10.01200008392334,1.260349988937378,0.46316999197006226
1994,9,12,6,0,0.8736209869384766,7.4145002365112305,265,5.973199844360352,5.184000015258789,6281,10.01200008392334,1.2914199829101562,0.4341900050640106
1994,9,12,9,0,0.8799359798431396,7.676000118255615,265,6.3069000244140625,5.559599876403809,6168,8.274100303649902,1.25586998462677,0.4341999888420105
1994,9,12,12,0,0.8847339749336243,8.100799560546875,265,6.532400131225586,5.745699882507324,6073,8.274100303649902,1.2077300548553467,0.48047998547554016
1994,9,12,15,0,0.8908140063285828,8.727700233459473,265,6.769499778747559,5.87470006942749,6294,19.513200759887695,1.1751199960708618,0.5243499875068665
1994,9,12,18,0,0.9012539982795715,9.862000465393066,265,7.2494001388549805,6.115300178527832,7191,19.513200759887695,1.1672799587249756,0.5420100092887878
1994,9,12,21,0,0.9069730043411255,10.733499526977539,265,7.742700099945068,6.356400012969971,7895,17.73889923095703,1.1617200374603271,0.5136399865150452
1994,9,13,0,0,0.9229490160942078,11.74530029296875,265,7.855800151824951,5.916500091552734,10715,17.73889923095703,1.27892005443573,0.4810500144958496
1994,9,13,3,0,0.9276289939880371,11.843000411987305,265,7.86959981918335,5.879899978637695,11782,17.73889923095703,1.3315000534057617,0.46772998571395874
1994,9,13,6,0,0.9376630187034607,12.626099586486816,265,9.251799583435059,7.086599826812744,14504,16.125999450683594,1.4220199584960938,0.38510000705718994
1994,9,13,9,0,0.9435660243034363,13.26360034942627,265,10.446399688720703,8.207500457763672,17377,16.125999450683594,1.513550043106079,0.3248800039291382
1994,9,13,12,0,0.9395939707756042,13.005900382995605,265,10.709699630737305,8.751099586486816,16922,14.659700393676758,1.5119800567626953,0.30324000120162964
1994,9,13,15,0,0.9356610178947449,12.668499946594238,265,10.823699951171875,9.210599899291992,17691,14.659700393676758,1.5712599754333496,0.28345000743865967
1994,9,13,18,0,0.9336860179901123,12.319499969482422,265,10.096599578857422,7.904099941253662,18837,14.659700393676758,1.6486799716949463,0.2889400124549866
1994,9,13,21,0,0.926859974861145,11.391900062561035,265,8.675299644470215,6.696100234985352,18200,14.659700393676758,1.6949700117111206,0.35003000497817993
1994,9,14,0,0,0.9189469814300537,10.531900405883789,265,7.948400020599365,6.292099952697754,16862,13.326800346374512,1.7098599672317505,0.38499000668525696
1994,9,14,3,0,0.910664975643158,9.861700057983398,265,7.743500232696533,6.389900207519531,17386,13.326800346374512,1.8108700513839722,0.3853299915790558
1994,9,14,6,0,0.9132149815559387,9.62909984588623,275,8.107099533081055,7.059100151062012,21281,13.326800346374512,2.044300079345703,0.3439599871635437
1994,9,14,9,0,0.9187269806861877,9.776300430297852,275,8.558099746704102,7.710400104522705,24247,12.114999771118164,2.1702699661254883,0.30880001187324524
1994,9,14,12,0,0.9206140041351318,10.034899711608887,275,8.989899635314941,8.275199890136719,27062,12.114999771118164,2.261820077896118,0.2821199893951416
1994,9,14,15,0,0.9213269948959351,10.252900123596191,275,9.311300277709961,8.668800354003906,29351,12.114999771118164,2.327850103378296,0.26412999629974365
1994,9,14,18,0,0.9212049841880798,10.359299659729004,275,9.440299987792969,8.774200439453125,29922,12.114999771118164,2.336639881134033,0.2565400004386902
1994,9,14,21,0,0.9099860191345215,10.032899856567383,275,8.731900215148926,7.649199962615967,29537,11.013500213623047,2.3617899417877197,0.28828001022338867
1994,9,15,0,0,0.887257993221283,9.657600402832031,275,8.361499786376953,7.38640022277832,28820,11.013500213623047,2.3844799995422363,0.30667999386787415
1994,9,15,3,0,0.883296012878418,9.621199607849121,275,8.53339958190918,7.803500175476074,26043,11.013500213623047,2.2748100757598877,0.2959100008010864
1994,9,15,6,0,0.8846750259399414,9.565199851989746,275,8.542799949645996,7.849999904632568,22661,11.013500213623047,2.131920099258423,0.2890799939632416
1994,9,15,9,0,0.8829110264778137,9.44909954071045,275,8.382699966430664,7.583899974822998,19696,11.013500213623047,2.0032498836517334,0.29027000069618225
1994,9,15,12,0,0.8773409724235535,9.214400291442871,265,8.071800231933594,7.220200061798096,17555,11.013500213623047,1.9186899662017822,0.3039799928665161
1994,9,15,15,0,0.8681010007858276,8.864899635314941,265,7.5482001304626465,6.5782999992370605,15807,11.013500213623047,1.8597700595855713,0.3296400010585785
1994,9,15,18,0,0.8619289994239807,8.675600051879883,265,7.336100101470947,6.381700038909912,14334,10.01200008392334,1.792140007019043,0.3421899974346161
1994,9,15,21,0,0.8643450140953064,8.818099975585938,265,7.559100151062012,6.649499893188477,15099,10.01200008392334,1.8232899904251099,0.3306800127029419
1994,9,16,0,0,0.8850659728050232,9.428500175476074,275,8.3927001953125,7.6504998207092285,20127,10.01200008392334,2.0273900032043457,0.2912600040435791
1994,9,16,3,0,0.9078890085220337,9.901300430297852,275,9.035300254821777,8.430100440979004,25632,11.013500213623047,2.2249999046325684,0.2592099905014038
1994,9,16,6,0,0.9177169799804688,10.087400436401367,275,9.30720043182373,8.775199890136719,27499,11.013500213623047,2.2807300090789795,0.24453000724315643
1994,9,16,9,0,0.921314001083374,10.193099975585938,275,9.428899765014648,8.918000221252441,27322,11.013500213623047,2.259000062942505,0.24265000224113464
1994,9,16,12,0,0.9235230088233948,10.370499610900879,275,9.574799537658691,9.050700187683105,27724,11.013500213623047,2.2495999336242676,0.24726000428199768
1994,9,16,15,0,0.9261680245399475,10.598400115966797,275,9.761699676513672,9.206500053405762,29022,11.013500213623047,2.2688798904418945,0.2502500116825104
1994,9,16,18,0,0.9289370179176331,10.798999786376953,275,9.936300277709961,9.349300384521484,30102,12.114999771118164,2.282829999923706,0.24987000226974487
1994,9,16,21,0,0.9317910075187683,10.9798002243042,275,10.105500221252441,9.509599685668945,31006,12.114999771118164,2.292449951171875,0.24794000387191772
1994,9,17,0,0,0.9338570237159729,11.12090015411377,275,10.234399795532227,9.608599662780762,31497,12.114999771118164,2.2918601036071777,0.2455199956893921
1994,9,17,3,0,0.9346439838409424,11.236100196838379,275,10.379400253295898,9.796299934387207,31213,12.114999771118164,2.2666800022125244,0.24163000285625458
1994,9,17,6,0,0.934158980846405,11.315500259399414,275,10.459799766540527,9.877099990844727,30540,12.114999771118164,2.23157000541687,0.2395399957895279
1994,9,17,9,0,0.932843029499054,11.349699974060059,275,10.497900009155273,9.913800239562988,29593,13.326800346374512,2.1921401023864746,0.2373100072145462
1994,9,17,12,0,0.9311140179634094,11.302900314331055,275,10.4350004196167,9.82759952545166,28401,13.326800346374512,2.152820110321045,0.2377600073814392
1994,9,17,15,0,0.9293699860572815,11.21660041809082,275,10.33590030670166,9.706500053405762,27093,13.326800346374512,2.1128299236297607,0.23878000676631927
1994,9,17,18,0,0.9277369976043701,11.035799980163574,275,10.00529956817627,9.153900146484375,25939,13.326800346374512,2.0873401165008545,0.2497899979352951
1994,9,17,21,0,0.9269099831581116,10.735699653625488,275,9.228300094604492,7.7845001220703125,24996,12.114999771118164,2.0812900066375732,0.2751300036907196
1994,9,18,0,0,0.9261929988861084,10.31980037689209,275,8.499099731445312,6.990300178527832,24677,12.114999771118164,2.1138699054718018,0.30994999408721924
1994,9,18,3,0,0.9261289834976196,10.239100456237793,275,8.555999755859375,7.17110013961792,24222,12.114999771118164,2.1058599948883057,0.3061099946498871
1994,9,18,6,0,0.9255499839782715,10.304200172424316,275,8.945799827575684,7.815400123596191,23117,12.114999771118164,2.0539400577545166,0.2843100130558014
1994,9,18,9,0,0.9227110147476196,10.3326997756958,275,9.214799880981445,8.280400276184082,21444,12.114999771118164,1.978950023651123,0.2648800015449524
1994,9,18,12,0,0.9176110029220581,10.282299995422363,275,9.347599983215332,8.597000122070312,19567,12.114999771118164,1.8989200592041016,0.25178998708724976
1994,9,18,15,0,0.9108549952507019,10.16670036315918,275,9.337499618530273,8.728699684143066,17807,12.114999771118164,1.8254300355911255,0.24767999351024628
1994,9,18,18,0,0.9028090238571167,10.013799667358398,275,9.223999977111816,8.691800117492676,16121,11.013500213623047,1.7533700466156006,0.2506999969482422
1994,9,18,21,0,0.8938230276107788,9.830699920654297,275,9.01609992980957,8.45680046081543,14420,11.013500213623047,1.6767200231552124,0.2586899995803833
1994,9,19,0,0,0.8842549920082092,9.338899612426758,275,7.887400150299072,6.6458001136779785,12836,11.013500213623047,1.6268999576568604,0.3061999976634979
1994,9,19,3,0,0.8738129734992981,8.815999984741211,275,7.081399917602539,5.846199989318848,11420,11.013500213623047,1.5823800563812256,0.3553600013256073
1994,9,19,6,0,0.8701120018959045,8.465100288391113,265,6.804599761962891,5.758900165557861,10477,11.013500213623047,1.5476499795913696,0.3855699896812439
1994,9,19,9,0,0.8732969760894775,8.564800262451172,265,7.054100036621094,6.138899803161621,10057,11.013500213623047,1.5045000314712524,0.3838599920272827
1994,9,19,12,0,0.8837940096855164,8.985199928283691,275,7.446300029754639,6.479599952697754,10667,13.326800346374512,1.5063999891281128,0.3704099953174591
1994,9,19,15,0,0.9040910005569458,9.371500015258789,275,7.898399829864502,6.915500164031982,12555,11.013500213623047,1.5970100164413452,0.3434099853038788
1994,9,19,18,0,0.9191439747810364,9.553199768066406,275,8.241700172424316,7.293300151824951,14223,11.013500213623047,1.6859699487686157,0.3138900101184845
1994,9,19,21,0,0.9268370270729065,9.297200202941895,275,7.61899995803833,6.323800086975098,15244,10.01200008392334,1.774090051651001,0.330269992351532
1994,9,20,0,0,0.9241359829902649,8.140399932861328,275,6.454899787902832,5.462900161743164,17841,10.01200008392334,2.063539981842041,0.40272000432014465
1994,9,20,3,0,0.9195370078086853,7.801599979400635,275,6.4166998863220215,5.5696001052856445,20704,10.01200008392334,2.2815699577331543,0.3878900110721588
1994,9,20,6,0,0.9193009734153748,7.905099868774414,275,6.60860013961792,5.779099941253662,21040,10.01200008392334,2.287029981613159,0.3724299967288971
1994,9,20,9,0,0.9253820180892944,8.328300476074219,275,7.07390022277832,6.265100002288818,18189,11.013500213623047,2.065880060195923,0.36184999346733093
1994,9,20,12,0,0.9283450245857239,8.662599563598633,275,7.320400238037109,6.458399772644043,15483,10.01200008392334,1.8627099990844727,0.3682200014591217
1994,9,20,15,0,0.9292659759521484,8.909799575805664,275,7.546000003814697,6.69890022277832,14109,10.01200008392334,1.7493200302124023,0.3728800117969513
1994,9,20,18,0,0.9298890233039856,9.049799919128418,275,7.696199893951416,6.870200157165527,13637,10.01200008392334,1.7044199705123901,0.37439998984336853
1994,9,20,21,0,0.9311879873275757,9.165200233459473,275,7.816699981689453,6.982500076293945,13591,10.01200008392334,1.6892999410629272,0.37209999561309814
1994,9,21,0,0,0.9330120086669922,9.15060043334961,275,7.6442999839782715,6.641300201416016,13891,10.01200008392334,1.7084300518035889,0.38225001096725464
1994,9,21,3,0,0.9346039891242981,9.013699531555176,275,7.406000137329102,6.3709001541137695,14383,10.01200008392334,1.7519299983978271,0.3984600007534027
1994,9,21,6,0,0.9359909892082214,9.0068998336792,275,7.552299976348877,6.6605000495910645,14507,10.01200008392334,1.7607799768447876,0.39215001463890076
1994,9,21,9,0,0.9374459981918335,9.060799598693848,275,7.729899883270264,6.937900066375732,14323,10.01200008392334,1.7446199655532837,0.3801400065422058
1994,9,21,12,0,0.9385319948196411,9.186200141906738,275,7.884500026702881,7.113399982452393,13967,10.01200008392334,1.709130048751831,0.37470000982284546
1994,9,21,15,0,0.9341080188751221,8.991499900817871,275,6.7667999267578125,5.171800136566162,13275,10.01200008392334,1.683709979057312,0.40215998888015747
1994,9,21,18,0,0.923770010471344,9.171099662780762,275,7.208000183105469,5.9730000495910645,12302,10.01200008392334,1.598389983177185,0.41846999526023865
1994,9,21,21,0,0.9260910153388977,9.536399841308594,275,7.712500095367432,6.5742998123168945,11246,10.01200008392334,1.4936699867248535,0.40681999921798706
1994,9,22,0,0,0.9350249767303467,10.16759967803955,275,8.36929988861084,7.264500141143799,11364,10.01200008392334,1.4464600086212158,0.3972499966621399
1994,9,22,3,0,0.9457430243492126,11.178199768066406,275,9.269200325012207,8.041799545288086,14149,14.659700393676758,1.5265699625015259,0.38159000873565674
1994,9,22,6,0,0.9545649886131287,11.996800422668457,275,10.055399894714355,8.711199760437012,19625,17.73889923095703,1.7229900360107422,0.35159000754356384
1994,9,22,9,0,0.9600350260734558,12.331199645996094,275,10.525699615478516,9.151300430297852,25245,16.125999450683594,1.920259952545166,0.31937000155448914
1994,9,22,12,0,0.9627169966697693,12.419899940490723,275,10.854100227355957,9.584099769592285,29068,16.125999450683594,2.050149917602539,0.29030001163482666
1994,9,22,15,0,0.9636650085449219,12.355899810791016,275,10.978899955749512,9.85789966583252,31028,14.659700393676758,2.123650074005127,0.27213001251220703
1994,9,22,18,0,0.9627220034599304,12.131199836730957,275,10.85260009765625,9.848400115966797,31008,14.659700393676758,2.14601993560791,0.26589998602867126
1994,9,22,21,0,0.9606660008430481,11.929499626159668,275,10.708499908447266,9.77560043334961,30790,14.659700393676758,2.1603100299835205,0.26304998993873596
1994,9,23,0,0,0.957843005657196,11.795599937438965,275,10.635299682617188,9.713899612426758,30600,13.326800346374512,2.1697099208831787,0.2562200129032135
1994,9,23,3,0,0.9551699757575989,11.686599731445312,275,10.560700416564941,9.579099655151367,30526,13.326800346374512,2.181299924850464,0.2478100061416626
1994,9,23,6,0,0.9534090161323547,11.47599983215332,275,10.359000205993652,9.393600463867188,29948,13.326800346374512,2.186429977416992,0.2481600046157837
1994,9,23,9,0,0.9523109793663025,11.179200172424316,275,10.074700355529785,9.173299789428711,28465,12.114999771118164,2.1674699783325195,0.25494998693466187
1994,9,23,12,0,0.9507330060005188,10.900699615478516,275,9.797900199890137,8.962300300598145,26775,12.114999771118164,2.135540008544922,0.265859991312027
1994,9,23,15,0,0.9466860294342041,10.724900245666504,275,9.599900245666504,8.791399955749512,25257,12.114999771118164,2.0945699214935303,0.2764100134372711
1994,9,23,18,0,0.9404590129852295,10.656100273132324,275,9.526000022888184,8.715999603271484,24023,12.114999771118164,2.0507099628448486,0.27799999713897705
1994,9,23,21,0,0.932915985584259,10.639300346374512,275,9.56350040435791,8.77280044555664,22290,12.114999771118164,1.9790400266647339,0.2703700065612793
1994,9,24,0,0,0.9252089858055115,10.584400177001953,275,9.484600067138672,8.523099899291992,20698,12.114999771118164,1.9153200387954712,0.2636600136756897
1994,9,24,3,0,0.9188740253448486,10.460599899291992,275,9.397100448608398,8.503600120544434,19401,11.013500213623047,1.8695000410079956,0.2632400095462799
1994,9,24,6,0,0.9148690104484558,10.202500343322754,275,9.110400199890137,8.261099815368652,18456,11.013500213623047,1.8510700464248657,0.27588000893592834
1994,9,24,9,0,0.9134140014648438,10.021200180053711,275,8.953900337219238,8.169699668884277,17552,11.013500213623047,1.8251899480819702,0.2823899984359741
1994,9,24,12,0,0.9131309986114502,9.941900253295898,275,8.910300254821777,8.174200057983398,16431,11.013500213623047,1.7750400304794312,0.283160001039505
1994,9,24,15,0,0.9127159714698792,9.878299713134766,275,8.878899574279785,8.17039966583252,15169,10.01200008392334,1.7130199670791626,0.2818099856376648
1994,9,24,18,0,0.913087010383606,9.838800430297852,265,8.871800422668457,8.186100006103516,14068,10.01200008392334,1.6545000076293945,0.2797999978065491
1994,9,24,21,0,0.9130309820175171,9.844599723815918,265,8.886799812316895,8.20300006866455,13161,10.01200008392334,1.599869966506958,0.2812199890613556
1994,9,25,0,0,0.9106760025024414,9.561200141906738,265,7.970300197601318,6.643799781799316,12619,10.01200008392334,1.589359998703003,0.32343998551368713
1994,9,25,3,0,0.9068819880485535,9.240599632263184,265,7.422900199890137,6.136199951171875,12363,10.01200008392334,1.5993900299072266,0.365119993686676
1994,9,25,6,0,0.904030978679657,9.097999572753906,265,7.364799976348877,6.226099967956543,11985,9.101699829101562,1.5862900018692017,0.3793199956417084
1994,9,25,9,0,0.9015229940414429,8.917499542236328,265,7.217299938201904,6.137700080871582,11418,9.101699829101562,1.5649900436401367,0.3880400061607361
1994,9,25,12,0,0.8993330001831055,8.757599830627441,265,7.1168999671936035,6.0868000984191895,11011,9.101699829101562,1.5533699989318848,0.3905799984931946
1994,9,25,15,0,0.8995959758758545,8.900799751281738,265,7.1519999504089355,6.0680999755859375,11334,9.101699829101562,1.5634499788284302,0.40946999192237854
1994,9,25,18,0,0.909546971321106,9.914799690246582,265,7.653200149536133,6.3769001960754395,14677,9.101699829101562,1.672070026397705,0.4646899998188019
1994,9,25,21,0,0.9376040101051331,11.687899589538574,275,8.299799919128418,6.463900089263916,26132,17.73889923095703,2.0185298919677734,0.4711099863052368
1994,9,26,0,0,0.9509040117263794,12.132599830627441,275,8.629300117492676,6.788000106811523,51273,17.73889923095703,2.7490499019622803,0.4562700092792511
1994,9,26,3,0,0.9555850028991699,12.413399696350098,275,9.744600296020508,8.069600105285645,81051,16.125999450683594,3.410979986190796,0.38888999819755554
1994,9,26,6,0,0.9584389925003052,12.494199752807617,285,10.407099723815918,8.974599838256836,95369,16.125999450683594,3.6872100830078125,0.33941999077796936
1994,9,26,9,0,0.9610810279846191,12.452099800109863,285,10.76710033416748,9.601699829101562,89864,16.125999450683594,3.588089942932129,0.3065600097179413
1994,9,26,12,0,0.9614359736442566,12.296500205993652,285,10.836799621582031,9.816900253295898,75235,14.659700393676758,3.3096699714660645,0.2868500053882599
1994,9,26,15,0,0.9607329964637756,12.064599990844727,285,10.776100158691406,9.85890007019043,61758,14.659700393676758,3.0355401039123535,0.2715800106525421
1994,9,26,18,0,0.9598919749259949,11.852700233459473,285,10.7052001953125,9.874199867248535,51893,14.659700393676758,2.815229892730713,0.2580299973487854
1994,9,26,21,0,0.9577360153198242,11.566800117492676,285,10.5024995803833,9.707200050354004,43392,13.326800346374512,2.6162099838256836,0.2511799931526184
1994,9,27,0,0,0.954925000667572,11.078399658203125,285,9.6496000289917,8.286399841308594,36991,13.326800346374512,2.4800500869750977,0.26666998863220215
1994,9,27,3,0,0.9520260095596313,10.631400108337402,285,9.191900253295898,7.94920015335083,33158,13.326800346374512,2.4075698852539062,0.28167998790740967
1994,9,27,6,0,0.9482139945030212,10.283900260925293,285,9.036700248718262,8.059300422668457,28867,12.114999771118164,2.295639991760254,0.28181999921798706
1994,9,27,9,0,0.9437100291252136,10.080400466918945,285,9.001299858093262,8.194700241088867,24865,12.114999771118164,2.1613099575042725,0.2717300057411194
1994,9,27,12,0,0.939536988735199,10.042699813842773,285,9.061400413513184,8.32859992980957,21654,12.114999771118164,2.0250298976898193,0.2608700096607208
1994,9,27,15,0,0.9337350130081177,10.007399559020996,285,9.088899612426758,8.391200065612793,18232,12.114999771118164,1.8649100065231323,0.2536099851131439
1994,9,27,18,0,0.9272810220718384,9.89739990234375,275,9.00730037689209,8.32390022277832,15040,11.013500213623047,1.7071199417114258,0.25277000665664673
1994,9,27,21,0,0.9218310117721558,9.740500450134277,275,8.796099662780762,8.051600456237793,12743,11.013500213623047,1.5866400003433228,0.26194998621940613
1994,9,28,0,0,0.9191930294036865,9.519399642944336,275,8.051300048828125,6.729100227355957,12270,11.013500213623047,1.5755000114440918,0.291020005941391
1994,9,28,3,0,0.9239240288734436,9.074700355529785,285,7.446400165557861,6.202600002288818,14729,11.013500213623047,1.7718000411987305,0.32530999183654785
1994,9,28,6,0,0.9302200078964233,8.981300354003906,285,7.751299858093262,6.802700042724609,16486,11.013500213623047,1.8897099494934082,0.30292001366615295
1994,9,28,9,0,0.9309300184249878,8.97700023651123,285,7.97730016708374,7.204100131988525,15997,10.01200008392334,1.8656200170516968,0.2821199893951416
1994,9,28,12,0,0.9289979934692383,8.987899780273438,275,8.09850025177002,7.4405999183654785,14515,10.01200008392334,1.777609944343567,0.27268001437187195
1994,9,28,15,0,0.9253230094909668,8.963899612426758,275,8.1141996383667,7.507699966430664,13000,10.01200008392334,1.6855000257492065,0.2711400091648102
1994,9,28,18,0,0.9191370010375977,8.967100143432617,275,8.144399642944336,7.562300205230713,12077,10.01200008392334,1.6248899698257446,0.26864001154899597
1994,9,28,21,0,0.9111649990081787,9.003700256347656,275,8.227499961853027,7.67519998550415,11854,10.01200008392334,1.6072800159454346,0.26111000776290894
1994,9,29,0,0,0.905085027217865,8.933500289916992,275,8.104000091552734,7.413899898529053,11112,10.01200008392334,1.5637099742889404,0.2621000111103058
1994,9,29,3,0,0.8996289968490601,8.849900245666504,275,8.099599838256836,7.574699878692627,9796,9.101699829101562,1.4758399724960327,0.26600000262260437
1994,9,29,6,0,0.8931909799575806,8.736599922180176,275,7.977700233459473,7.4847002029418945,8473,9.101699829101562,1.3815900087356567,0.2768700122833252
1994,9,29,9,0,0.8847000002861023,8.626299858093262,275,7.827600002288818,7.325799942016602,7353,9.101699829101562,1.295050024986267,0.2907400131225586
1994,9,29,12,0,0.8743680119514465,8.558300018310547,275,7.709400177001953,7.182300090789795,6463,9.101699829101562,1.2184300422668457,0.3033300042152405
1994,9,29,15,0,0.8634520173072815,8.504199981689453,265,7.5802998542785645,7.010900020599365,5715,9.101699829101562,1.148460030555725,0.3174000084400177
1994,9,29,18,0,0.8429399728775024,8.411600112915039,265,7.42110013961792,6.829500198364258,5190,9.101699829101562,1.099869966506958,0.3325299918651581
1994,9,29,21,0,0.8231679797172546,8.328700065612793,265,7.272200107574463,6.635499954223633,4788,9.101699829101562,1.0611499547958374,0.34523001313209534
1994,9,30,0,0,0.8045099973678589,7.8379998207092285,255,6.210899829864502,5.199999809265137,4511,9.101699829101562,1.062459945678711,0.4034300148487091
1994,9,30,3,0,0.7714130282402039,7.086699962615967,255,5.278200149536133,4.385900020599365,4493,9.101699829101562,1.1169899702072144,0.4753499925136566
1994,9,30,6,0,0.7465540170669556,6.468500137329102,245,4.894199848175049,4.167799949645996,4876,10.01200008392334,1.2209199666976929,0.504859983921051
1994,9,30,9,0,0.7503949999809265,6.495100021362305,235,4.985899925231934,4.279099941253662,4764,10.01200008392334,1.203629970550537,0.4999600052833557
1994,9,30,12,0,0.757686972618103,6.5370001792907715,235,5.007900238037109,4.293799877166748,4501,9.101699829101562,1.165310025215149,0.5030500292778015
1994,9,30,15,0,0.7667350172996521,6.651500225067139,235,5.112500190734863,4.394700050354004,4173,9.101699829101562,1.110859990119934,0.502269983291626
1994,9,30,18,0,0.7764599919319153,6.669099807739258,235,5.084099769592285,4.359300136566162,3852,9.101699829101562,1.0647599697113037,0.5112299919128418
1994,9,30,21,0,0.7907530069351196,6.539100170135498,235,4.9832000732421875,4.285900115966797,3721,4.670000076293945,1.0568599700927734,0.521369993686676
1994,10,1,0,0,0.8039169907569885,6.423699855804443,235,4.989500045776367,4.322700023651123,3906,5.1371002197265625,1.0941699743270874,0.5103099942207336
1994,10,1,3,0,0.8118839859962463,6.551799774169922,245,5.232600212097168,4.540800094604492,4665,7.5218000411987305,1.1876300573349,0.46281999349594116
1994,10,1,6,0,0.828137993812561,6.571199893951416,255,5.305699825286865,4.58519983291626,6307,7.5218000411987305,1.3841700553894043,0.4255799949169159
1994,10,1,9,0,0.8654059767723083,6.880099773406982,255,5.76639986038208,5.06820011138916,8264,7.5218000411987305,1.549589991569519,0.37946000695228577
1994,10,1,12,0,0.8927850127220154,7.427499771118164,265,6.518599987030029,5.931000232696533,9218,8.274100303649902,1.5733699798583984,0.3331199884414673
1994,10,1,15,0,0.9058240056037903,7.599100112915039,255,6.668799877166748,6.04580020904541,8947,8.274100303649902,1.530769944190979,0.3304600119590759
1994,10,1,18,0,0.9086400270462036,7.429100036621094,255,6.397299766540527,5.719900131225586,8617,8.274100303649902,1.518530011177063,0.3537200093269348
1994,10,1,21,0,0.9072520136833191,7.411499977111816,255,6.448599815368652,5.830399990081787,8612,8.274100303649902,1.51937997341156,0.3522999882698059
1994,10,2,0,0,0.902658998966217,7.4355998039245605,265,6.352099895477295,5.629899978637695,8451,8.274100303649902,1.501479983329773,0.3626900017261505
1994,10,2,3,0,0.9000980257987976,7.422500133514404,265,6.273799896240234,5.530300140380859,8583,8.274100303649902,1.513010025024414,0.3743300139904022
1994,10,2,6,0,0.9023820161819458,7.426799774169922,265,6.410299777984619,5.767499923706055,9383,7.5218000411987305,1.5817699432373047,0.3626300096511841
1994,10,2,9,0,0.9074270129203796,7.627399921417236,265,6.745999813079834,6.2093000411987305,9893,7.5218000411987305,1.6022700071334839,0.340039998292923
1994,10,2,12,0,0.9025120139122009,7.8003997802734375,265,6.884699821472168,6.337699890136719,8805,7.5218000411987305,1.491729974746704,0.3426800072193146
1994,10,2,15,0,0.8948730230331421,7.947000026702881,265,6.924799919128418,6.323699951171875,7598,7.5218000411987305,1.3687100410461426,0.35637998580932617
1994,10,2,18,0,0.8897150158882141,8.147899627685547,265,7.009500026702881,6.336100101470947,6881,8.274100303649902,1.2824100255966187,0.36528998613357544
1994,10,2,21,0,0.8859109878540039,8.348400115966797,265,7.132299900054932,6.406899929046631,6535,11.013500213623047,1.2319200038909912,0.3667899966239929
1994,10,3,0,0,0.8841149806976318,8.520299911499023,265,7.290299892425537,6.541800022125244,6239,11.013500213623047,1.1900399923324585,0.36146000027656555
1994,10,3,3,0,0.8847770094871521,8.615099906921387,265,7.395400047302246,6.647299766540527,5832,11.013500213623047,1.1438100337982178,0.35743001103401184
1994,10,3,6,0,0.8869600296020508,8.648200035095215,265,7.401800155639648,6.5954999923706055,5333,10.01200008392334,1.091860055923462,0.35635998845100403
1994,10,3,9,0,0.8904920220375061,8.7052001953125,265,7.443900108337402,6.613800048828125,4842,10.01200008392334,1.0367799997329712,0.35673001408576965
1994,10,3,12,0,0.8936330080032349,8.822500228881836,265,7.463399887084961,6.509399890899658,4461,9.101699829101562,0.9871199727058411,0.360509991645813
1994,10,3,15,0,0.8321959972381592,7.426199913024902,265,5.025700092315674,4.041399955749512,4618,9.101699829101562,1.0965800285339355,0.5237900018692017
1994,10,3,18,0,0.8430889844894409,8.028400421142578,265,5.639400005340576,4.5177001953125,4526,14.659700393676758,1.0388000011444092,0.48899000883102417
1994,10,3,21,0,0.8797990083694458,9.11709976196289,265,6.907899856567383,5.61359977722168,4702,14.659700393676758,0.9854199886322021,0.4241900146007538
1994,10,4,0,0,0.9109370112419128,10.114399909973145,265,8.199299812316895,6.859300136566162,5286,13.326800346374512,0.9847300052642822,0.3636400103569031
1994,10,4,3,0,0.9281589984893799,10.706899642944336,265,8.843099594116211,7.142199993133545,6165,13.326800346374512,1.0293400287628174,0.31825000047683716
1994,10,4,6,0,0.9335070252418518,10.575499534606934,265,8.253399848937988,6.388500213623047,7171,13.326800346374512,1.116510033607483,0.33632999658584595
1994,10,4,9,0,0.942628026008606,11.04520034790039,265,9.617400169372559,8.37030029296875,8035,13.326800346374512,1.1560399532318115,0.2825399935245514
1994,10,4,12,0,0.9468929767608643,11.10099983215332,265,9.88539981842041,8.830400466918945,8947,12.114999771118164,1.2186199426651,0.26322999596595764
1994,10,4,15,0,0.9495019912719727,11.13010025024414,265,10.070599555969238,9.11520004272461,9787,12.114999771118164,1.2748899459838867,0.24603000283241272
1994,10,4,18,0,0.9513639807701111,11.153599739074707,265,10.241600036621094,9.407899856567383,10514,12.114999771118164,1.3217999935150146,0.23193000257015228
1994,10,4,21,0,0.9526919722557068,11.1875,265,10.382200241088867,9.688899993896484,11292,12.114999771118164,1.3686399459838867,0.2240699976682663
1994,10,5,0,0,0.9530389904975891,11.295599937438965,265,10.564800262451172,9.977899551391602,12478,12.114999771118164,1.430840015411377,0.2186799943447113
1994,10,5,3,0,0.953540027141571,11.32979965209961,265,10.097599983215332,8.416299819946289,14428,12.114999771118164,1.5342299938201904,0.2257000058889389
1994,10,5,6,0,0.9565380215644836,11.395099639892578,275,10.211799621582031,8.9375,17041,12.114999771118164,1.6596399545669556,0.23757000267505646
1994,10,5,9,0,0.9589179754257202,11.546699523925781,275,10.541500091552734,9.458999633789062,19628,13.326800346374512,1.7673200368881226,0.22394999861717224
1994,10,5,12,0,0.9593260288238525,11.565299987792969,275,10.654500007629395,9.662699699401855,21331,13.326800346374512,1.8413699865341187,0.21513999998569489
1994,10,5,15,0,0.9560819864273071,11.277000427246094,275,10.172900199890137,9.068099975585938,21138,12.114999771118164,1.8602099418640137,0.2362699955701828
1994,10,5,18,0,0.9506620168685913,9.717900276184082,265,8.368800163269043,7.3942999839782715,23031,12.114999771118164,2.1171000003814697,0.3188999891281128
1994,10,5,21,0,0.949774980545044,9.458200454711914,275,8.482799530029297,7.742400169372559,32826,12.114999771118164,2.585249900817871,0.27660998702049255
1994,10,6,0,0,0.9462829828262329,9.4443998336792,275,8.437399864196777,7.632299900054932,33654,12.114999771118164,2.6220500469207764,0.27202001214027405
1994,10,6,3,0,0.9431470036506653,9.42650032043457,275,8.575900077819824,7.966700077056885,30562,11.013500213623047,2.5045599937438965,0.26047998666763306
1994,10,6,6,0,0.9411060214042664,9.348899841308594,285,8.558899879455566,8.018899917602539,26720,11.013500213623047,2.3553099632263184,0.2555600106716156
1994,10,6,9,0,0.938614010810852,9.205599784851074,285,8.434100151062012,7.920599937438965,22369,11.013500213623047,2.1755199432373047,0.2572700083255768
1994,10,6,12,0,0.9338690042495728,9.09220027923584,285,8.312399864196777,7.80210018157959,18070,11.013500213623047,1.9692000150680542,0.26308000087738037
1994,10,6,15,0,0.9289050102233887,9.004300117492676,285,8.202799797058105,7.687699794769287,14996,11.013500213623047,1.803189992904663,0.2710700035095215
1994,10,6,18,0,0.9258040189743042,8.908699989318848,275,8.079500198364258,7.549499988555908,13206,11.013500213623047,1.7018300294876099,0.2787899971008301
1994,10,6,21,0,0.9235209822654724,8.834799766540527,275,7.9720001220703125,7.391900062561035,12169,11.013500213623047,1.641160011291504,0.28275999426841736
1994,10,7,0,0,0.920153021812439,8.720800399780273,275,7.687900066375732,6.881199836730957,11342,10.01200008392334,1.5953500270843506,0.29405999183654785
1994,10,7,3,0,0.9176380038261414,8.48289966583252,275,7.439300060272217,6.723499774932861,10859,10.01200008392334,1.5840100049972534,0.31123000383377075
1994,10,7,6,0,0.9157819747924805,8.434700012207031,275,7.409299850463867,6.719099998474121,10315,10.01200008392334,1.5487500429153442,0.3125
1994,10,7,9,0,0.9132239818572998,8.552599906921387,275,7.495500087738037,6.784200191497803,9398,10.01200008392334,1.4660500288009644,0.3146499991416931
1994,10,7,12,0,0.9118760228157043,8.75879955291748,275,7.625,6.860099792480469,8884,10.01200008392334,1.4043099880218506,0.32078999280929565
1994,10,7,15,0,0.9126189947128296,9.256400108337402,275,8.034799575805664,7.174900054931641,9488,10.01200008392334,1.4034600257873535,0.31610000133514404
1994,10,7,18,0,0.926164984703064,9.935099601745605,285,8.771599769592285,7.876200199127197,12093,12.114999771118164,1.5201400518417358,0.28801000118255615
1994,10,7,21,0,0.9391930103302002,10.44629955291748,285,9.451700210571289,8.661399841308594,16095,12.114999771118164,1.7036499977111816,0.26151999831199646
1994,10,8,0,0,0.9485290050506592,10.839699745178223,285,9.92020034790039,9.164299964904785,20795,12.114999771118164,1.8937300443649292,0.24998000264167786
1994,10,8,3,0,0.955062985420227,11.20199966430664,285,10.336600303649902,9.675000190734863,25391,12.114999771118164,2.049910068511963,0.2442599982023239
1994,10,8,6,0,0.9589220285415649,11.430299758911133,285,10.615599632263184,10.053899765014648,28156,12.114999771118164,2.1310501098632812,0.23792999982833862
1994,10,8,9,0,0.9608619809150696,11.49120044708252,285,10.718600273132324,10.198599815368652,28461,12.114999771118164,2.134929895401001,0.22981999814510345
1994,10,8,12,0,0.9615669846534729,11.490900039672852,285,10.74370002746582,10.239500045776367,27310,13.326800346374512,2.0909299850463867,0.2238599956035614
1994,10,8,15,0,0.9602349996566772,11.416500091552734,285,10.679300308227539,10.180000305175781,24527,13.326800346374512,1.9895299673080444,0.22176000475883484
1994,10,8,18,0,0.9558200240135193,11.230899810791016,285,10.499899864196777,10.00570011138916,20556,13.326800346374512,1.840630054473877,0.22234000265598297
1994,10,8,21,0,0.9491549730300903,10.946900367736816,285,10.208999633789062,9.722299575805664,17036,13.326800346374512,1.7031699419021606,0.22854000329971313
1994,10,9,0,0,0.9462800025939941,10.690500259399414,285,9.954999923706055,9.475199699401855,16282,12.114999771118164,1.690440058708191,0.23352999985218048
1994,10,9,3,0,0.9484450221061707,10.552200317382812,285,9.892399787902832,9.458000183105469,18502,12.114999771118164,1.8197799921035767,0.22281000018119812
1994,10,9,6,0,0.9444940090179443,10.342000007629395,275,9.743499755859375,9.349800109863281,19453,12.114999771118164,1.8927899599075317,0.2154799997806549
1994,10,9,9,0,0.9418860077857971,10.21500015258789,275,9.607199668884277,9.210599899291992,18972,11.013500213623047,1.884060025215149,0.219200000166893
1994,10,9,12,0,0.9362540245056152,10.218400001525879,275,9.574199676513672,9.153300285339355,19049,11.013500213623047,1.8868199586868286,0.22527000308036804
1994,10,9,15,0,0.9293410181999207,10.240599632263184,275,9.57409954071045,9.136899948120117,19938,11.013500213623047,1.927590012550354,0.22920000553131104
1994,10,9,18,0,0.9212560057640076,10.209199905395508,275,9.51830005645752,9.069299697875977,20571,11.013500213623047,1.961210012435913,0.2355400025844574
1994,10,9,21,0,0.9136829972267151,10.184200286865234,275,9.452099800109863,8.983099937438965,21251,11.013500213623047,1.99468994140625,0.24382999539375305
1994,10,10,0,0,0.9085090160369873,10.163200378417969,285,9.366100311279297,8.864999771118164,22381,11.013500213623047,2.0467100143432617,0.25464001297950745
1994,10,10,3,0,0.9036769866943359,9.996399879455566,285,8.882699966430664,8.004599571228027,23124,11.013500213623047,2.09591007232666,0.2819899916648865
1994,10,10,6,0,0.899124026298523,9.48960018157959,285,8.166500091552734,7.202199935913086,24498,12.114999771118164,2.2198801040649414,0.3181599974632263
1994,10,10,9,0,0.8951410055160522,9.463700294494629,285,8.26669979095459,7.421199798583984,24461,12.114999771118164,2.2241098880767822,0.31088998913764954
1994,10,10,12,0,0.8882290124893188,9.55210018157959,285,8.415599822998047,7.630099773406982,22812,11.013500213623047,2.1376399993896484,0.3048099875450134
1994,10,10,15,0,0.883808970451355,9.587499618530273,275,8.506500244140625,7.78439998626709,21142,11.013500213623047,2.0546700954437256,0.30087000131607056
1994,10,10,18,0,0.8821920156478882,9.577199935913086,275,8.544300079345703,7.865099906921387,19934,11.013500213623047,1.9976199865341187,0.297109991312027
1994,10,10,21,0,0.8820070028305054,9.579500198364258,275,8.598600387573242,7.9604997634887695,19419,11.013500213623047,1.972730040550232,0.29155001044273376
1994,10,11,0,0,0.8806769847869873,9.624500274658203,275,8.684300422668457,8.07919979095459,19056,11.013500213623047,1.949720025062561,0.28630998730659485
1994,10,11,3,0,0.8765460252761841,9.678799629211426,275,8.750200271606445,8.160499572753906,18561,11.013500213623047,1.917829990386963,0.2850799858570099
1994,10,11,6,0,0.8700119853019714,9.671500205993652,275,8.725600242614746,8.133000373840332,18033,11.013500213623047,1.8905500173568726,0.28891998529434204
1994,10,11,9,0,0.8614770174026489,9.616700172424316,275,8.641799926757812,8.03320026397705,17389,11.013500213623047,1.8619999885559082,0.2947700023651123
1994,10,11,12,0,0.8508110046386719,9.58240032196045,275,8.584600448608398,7.960299968719482,16382,11.013500213623047,1.810789942741394,0.298909991979599
1994,10,11,15,0,0.8389719724655151,9.571200370788574,275,8.550600051879883,7.9079999923706055,14969,10.01200008392334,1.7318899631500244,0.30208998918533325
1994,10,11,18,0,0.8271859884262085,9.578700065612793,275,8.539600372314453,7.875400066375732,13441,10.01200008392334,1.6403800249099731,0.30366000533103943
1994,10,11,21,0,0.8149620294570923,9.612299919128418,275,8.563699722290039,7.8805999755859375,12014,10.01200008392334,1.5476200580596924,0.30375999212265015
1994,10,12,0,0,0.8039060235023499,9.656599998474121,265,8.596400260925293,7.901000022888184,10663,10.01200008392334,1.4534900188446045,0.3056100010871887
1994,10,12,3,0,0.7951200008392334,9.718299865722656,265,8.617899894714355,7.90500020980835,9330,10.01200008392334,1.3528300523757935,0.31248998641967773
1994,10,12,6,0,0.7858200073242188,9.823399543762207,255,8.637200355529785,7.887899875640869,8051,14.659700393676758,1.2459299564361572,0.32416999340057373
1994,10,12,9,0,0.7925919890403748,9.9891996383667,255,8.708900451660156,7.9116997718811035,7177,14.659700393676758,1.1620899438858032,0.3324899971485138
1994,10,12,12,0,0.8316599726676941,10.179699897766113,255,9.022000312805176,8.268600463867188,8433,14.659700393676758,1.2473700046539307,0.30803000926971436
1994,10,12,15,0,0.8911430239677429,10.116800308227539,255,9.241000175476074,8.652299880981445,13561,11.013500213623047,1.59538996219635,0.2658900022506714
1994,10,12,18,0,0.9169039726257324,9.88129997253418,255,9.05679988861084,8.494999885559082,18346,11.013500213623047,1.885509967803955,0.2573300004005432
1994,10,12,21,0,0.9190660119056702,9.761799812316895,255,8.949399948120117,8.404199600219727,19456,11.013500213623047,1.9568599462509155,0.2568199932575226
1994,10,13,0,0,0.914002001285553,9.689000129699707,255,8.900300025939941,8.378499984741211,18615,10.01200008392334,1.9234600067138672,0.25534000992774963
1994,10,13,3,0,0.9108610153198242,9.594599723815918,255,8.839900016784668,8.351699829101562,17835,10.01200008392334,1.8947499990463257,0.25369998812675476
1994,10,13,6,0,0.9095039963722229,9.485699653625488,255,8.742400169372559,8.275300025939941,16857,10.01200008392334,1.854740023612976,0.2562899887561798
1994,10,13,9,0,0.9065790176391602,9.425000190734863,255,8.660799980163574,8.190899848937988,15666,10.01200008392334,1.7941800355911255,0.26276999711990356
1994,10,13,12,0,0.9018250107765198,9.45259952545166,255,8.64900016784668,8.15999984741211,14716,10.01200008392334,1.7348599433898926,0.2699599862098694
1994,10,13,15,0,0.902167022228241,9.600700378417969,265,8.731599807739258,8.156000137329102,14694,10.01200008392334,1.7163300514221191,0.2732900083065033
1994,10,13,18,0,0.9019870162010193,9.620499610900879,265,8.264200210571289,7.058199882507324,15966,10.01200008392334,1.7831900119781494,0.2932699918746948
1994,10,13,21,0,0.8950639963150024,9.442500114440918,265,7.7789998054504395,6.456099987030029,17479,10.01200008392334,1.882159948348999,0.320360004901886
1994,10,14,0,0,0.858178973197937,8.463600158691406,265,6.551499843597412,5.409599781036377,18369,11.013500213623047,2.045559883117676,0.39792999625205994
1994,10,14,3,0,0.8138110041618347,7.623000144958496,245,6.332499980926514,5.538899898529053,25993,11.013500213623047,2.5894100666046143,0.3791700005531311
1994,10,14,6,0,0.8224490284919739,8.338399887084961,255,7.138599872589111,6.3053998947143555,29622,11.013500213623047,2.6370298862457275,0.33107998967170715
1994,10,14,9,0,0.8428909778594971,8.20829963684082,265,7.114699840545654,6.369200229644775,31660,11.013500213623047,2.752540111541748,0.32615000009536743
1994,10,14,12,0,0.8596789836883545,8.416500091552734,265,7.4207000732421875,6.730500221252441,32768,11.013500213623047,2.7653698921203613,0.30625998973846436
1994,10,14,15,0,0.8761600255966187,8.616399765014648,275,7.629000186920166,6.914000034332275,32991,10.01200008392334,2.740530014038086,0.2950200140476227
1994,10,14,18,0,0.8942199945449829,8.953200340270996,275,8.096799850463867,7.475399971008301,33313,10.01200008392334,2.698499917984009,0.26954999566078186
1994,10,14,21,0,0.9070180058479309,9.21720027923584,275,8.413700103759766,7.802000045776367,33197,10.01200008392334,2.651439905166626,0.2533299922943115
1994,10,15,0,0,0.9151399731636047,8.991000175476074,275,7.768400192260742,6.780200004577637,35633,10.01200008392334,2.778980016708374,0.2939999997615814
1994,10,15,3,0,0.9194809794425964,9.047499656677246,275,7.932300090789795,7.078000068664551,39705,11.013500213623047,2.9210100173950195,0.291269987821579
1994,10,15,6,0,0.9276160001754761,9.449700355529785,275,8.48270034790039,7.728799819946289,41360,11.013500213623047,2.9084200859069824,0.26809000968933105
1994,10,15,9,0,0.9349769949913025,9.85200023651123,275,9.060400009155273,8.513699531555176,41047,11.013500213623047,2.8277199268341064,0.24815000593662262
1994,10,15,12,0,0.9371320009231567,10.03600025177002,275,9.288700103759766,8.792499542236328,38876,11.013500213623047,2.7211599349975586,0.24175000190734863
1994,10,15,15,0,0.9383689761161804,10.087200164794922,285,9.3302001953125,8.83430004119873,35816,11.013500213623047,2.6025099754333496,0.24326999485492706
1994,10,15,18,0,0.9389860033988953,10.100799560546875,285,9.329700469970703,8.825699806213379,32258,11.013500213623047,2.4668800830841064,0.24521000683307648
1994,10,15,21,0,0.9381120204925537,10.067000389099121,285,9.299799919128418,8.798500061035156,28499,11.013500213623047,2.3237600326538086,0.24508999288082123
1994,10,16,0,0,0.9365450143814087,9.997900009155273,285,9.248800277709961,8.758899688720703,25158,11.013500213623047,2.193739891052246,0.24352000653743744
1994,10,16,3,0,0.9344840049743652,9.918600082397461,285,9.195099830627441,8.72130012512207,22435,11.013500213623047,2.0832300186157227,0.2409600019454956
1994,10,16,6,0,0.9310500025749207,9.797200202941895,285,9.098799705505371,8.643699645996094,19757,11.013500213623047,1.9709800481796265,0.2396100014448166
1994,10,16,9,0,0.9257779717445374,9.634499549865723,285,8.955900192260742,8.517999649047852,17079,10.01200008392334,1.8522000312805176,0.2399899959564209
1994,10,16,12,0,0.9188969731330872,9.475199699401855,285,8.803099632263184,8.374500274658203,14656,10.01200008392334,1.7334699630737305,0.24265000224113464
1994,10,16,15,0,0.9111539721488953,9.317099571228027,275,8.635100364685059,8.207200050354004,12380,10.01200008392334,1.6088600158691406,0.24883000552654266
1994,10,16,18,0,0.9036779999732971,9.165200233459473,275,8.452099800109863,8.014699935913086,10240,10.01200008392334,1.4764699935913086,0.25960999727249146
1994,10,16,21,0,0.8951759934425354,9.050700187683105,275,8.27649974822998,7.815800189971924,8419,9.101699829101562,1.347000002861023,0.27702999114990234
1994,10,17,0,0,0.8911179900169373,9.118499755859375,275,8.224599838256836,7.705399990081787,7507,9.101699829101562,1.2640000581741333,0.3045800030231476
1994,10,17,3,0,0.9040560126304626,9.591899871826172,275,8.532699584960938,7.940100193023682,8549,9.101699829101562,1.305899977684021,0.3294000029563904
1994,10,17,6,0,0.9316660165786743,10.437800407409668,275,9.304200172424316,8.651800155639648,13495,11.013500213623047,1.5581300258636475,0.31775999069213867
1994,10,17,9,0,0.9518659710884094,11.14739990234375,275,10.071399688720703,9.418399810791016,23424,13.326800346374512,1.972749948501587,0.29065001010894775
1994,10,17,12,0,0.960811972618103,11.50979995727539,275,10.46720027923584,9.809700012207031,36578,13.326800346374512,2.416249990463257,0.27584001421928406
1994,10,17,15,0,0.9624670147895813,11.77810001373291,275,10.48449993133545,9.422699928283691,48216,16.125999450683594,2.730370044708252,0.28126999735832214
1994,10,17,18,0,0.9552350044250488,11.171799659729004,275,9.126899719238281,7.64769983291626,68515,14.659700393676758,3.3406999111175537,0.3477100133895874
1994,10,17,21,0,0.9528949856758118,11.471599578857422,275,9.750499725341797,8.4753999710083,84021,14.659700393676758,3.6457901000976562,0.3192099928855896
1994,10,18,0,0,0.9524329900741577,11.677399635314941,275,10.094599723815918,8.883899688720703,87218,14.659700393676758,3.678100109100342,0.30191001296043396
1994,10,18,3,0,0.9518510103225708,11.767900466918945,275,10.320300102233887,9.199399948120117,85150,14.659700393676758,3.619420051574707,0.2879199981689453
1994,10,18,6,0,0.9506289958953857,11.905699729919434,275,10.727899551391602,9.896599769592285,81373,13.326800346374512,3.5165600776672363,0.2650800049304962
1994,10,18,9,0,0.9498580098152161,11.95460033416748,285,10.942000389099121,10.230500221252441,75202,13.326800346374512,3.374929904937744,0.24583999812602997
1994,10,18,12,0,0.9485840201377869,11.90820026397705,285,11.01360034942627,10.385100364685059,68101,13.326800346374512,3.2218399047851562,0.23221999406814575
1994,10,18,15,0,0.9466260075569153,11.796299934387207,285,10.979900360107422,10.410200119018555,60764,13.326800346374512,3.063260078430176,0.2238599956035614
1994,10,18,18,0,0.9442520141601562,11.598799705505371,285,10.836400032043457,10.31029987335205,52560,13.326800346374512,2.8811800479888916,0.21929000318050385
1994,10,18,21,0,0.9415929913520813,11.347900390625,285,10.629500389099121,10.13759994506836,44750,12.114999771118164,2.6973800659179688,0.21591000258922577
1994,10,19,0,0,0.9383490085601807,11.082500457763672,285,10.397899627685547,9.93120002746582,37836,12.114999771118164,2.5195798873901367,0.21358999609947205
1994,10,19,3,0,0.9336389899253845,10.764200210571289,285,10.103099822998047,9.656299591064453,30840,12.114999771118164,2.319010019302368,0.2137099951505661
1994,10,19,6,0,0.9278780221939087,10.43019962310791,285,9.785699844360352,9.354000091552734,24675,12.114999771118164,2.1177000999450684,0.21527999639511108
1994,10,19,9,0,0.9212610125541687,10.130399703979492,285,9.49530029296875,9.073399543762207,19834,11.013500213623047,1.934939980506897,0.21786999702453613
1994,10,19,12,0,0.9124709963798523,9.851900100708008,285,9.221199989318848,8.806599617004395,15933,11.013500213623047,1.7655400037765503,0.22179000079631805
1994,10,19,15,0,0.9056310057640076,9.613900184631348,275,8.985400199890137,8.57390022277832,13040,11.013500213623047,1.622249960899353,0.2259799987077713
1994,10,19,18,0,0.8992909789085388,9.441499710083008,275,8.798800468444824,8.34060001373291,11251,11.013500213623047,1.5240399837493896,0.22928999364376068
1994,10,19,21,0,0.886605978012085,8.839099884033203,275,7.466300010681152,6.261300086975098,10050,10.01200008392334,1.4934500455856323,0.2892400026321411
1994,10,20,0,0,0.8690469861030579,8.149999618530273,275,6.6753997802734375,5.622399806976318,9278,10.01200008392334,1.4995800256729126,0.33921000361442566
1994,10,20,3,0,0.8526179790496826,7.953100204467773,265,6.753799915313721,5.923299789428711,8815,10.01200008392334,1.4819799661636353,0.33463001251220703
1994,10,20,6,0,0.8466619849205017,7.809800148010254,265,6.72730016708374,5.9868998527526855,8711,10.01200008392334,1.4878499507904053,0.33386000990867615
1994,10,20,9,0,0.8304780125617981,7.376500129699707,265,6.076700210571289,5.234799861907959,9618,9.101699829101562,1.6105799674987793,0.37233999371528625
1994,10,20,12,0,0.8107590079307556,6.998899936676025,255,5.840799808502197,5.125899791717529,13016,9.101699829101562,1.9257700443267822,0.38203001022338867
1994,10,20,15,0,0.8235359787940979,7.621699810028076,265,6.540800094604492,5.832300186157227,16232,9.101699829101562,2.0539400577545166,0.3506999909877777
1994,10,20,18,0,0.8184109926223755,7.776299953460693,265,6.405399799346924,5.545000076293945,24111,9.101699829101562,2.4693100452423096,0.37702998518943787
1994,10,20,21,0,0.8374969959259033,7.918399810791016,255,6.825900077819824,6.097700119018555,45896,9.101699829101562,3.3806700706481934,0.3375999927520752
1994,10,21,0,0,0.8696920275688171,8.798299789428711,265,7.8815999031066895,7.263199806213379,67219,10.01200008392334,3.8637399673461914,0.28953999280929565
1994,10,21,3,0,0.8813269734382629,9.601499557495117,275,8.765700340270996,8.234800338745117,67613,11.013500213623047,3.6800599098205566,0.266510009765625
1994,10,21,6,0,0.8938000202178955,10.100500106811523,275,9.309599876403809,8.823699951171875,66620,11.013500213623047,3.5413401126861572,0.2537600100040436
1994,10,21,9,0,0.9065759778022766,10.568300247192383,275,9.792799949645996,9.307000160217285,73471,12.114999771118164,3.615410089492798,0.24274000525474548
1994,10,21,12,0,0.917186975479126,10.911600112915039,275,10.11139965057373,9.603500366210938,78899,12.114999771118164,3.669990062713623,0.24059000611305237
1994,10,21,15,0,0.925944983959198,11.19320011138916,275,10.368300437927246,9.842900276184082,83931,12.114999771118164,3.72337007522583,0.24040000140666962
1994,10,21,18,0,0.9331300258636475,11.461199760437012,285,10.624699592590332,10.089300155639648,87642,13.326800346374512,3.747999906539917,0.23894000053405762
1994,10,21,21,0,0.9393140077590942,11.684300422668457,285,10.834699630737305,10.289400100708008,88626,13.326800346374512,3.7231900691986084,0.238319993019104
1994,10,22,0,0,0.9429910182952881,11.812700271606445,285,10.958600044250488,10.40719985961914,86589,13.326800346374512,3.6545400619506836,0.23690000176429749
1994,10,22,3,0,0.9447429776191711,11.828100204467773,285,10.979599952697754,10.428899765014648,81316,13.326800346374512,3.538640022277832,0.2354699969291687
1994,10,22,6,0,0.9455479979515076,11.794300079345703,285,10.949199676513672,10.399100303649902,74447,13.326800346374512,3.392210006713867,0.23528000712394714
1994,10,22,9,0,0.9458010196685791,11.747900009155273,285,10.90310001373291,10.352800369262695,67378,13.326800346374512,3.2354300022125244,0.23586000502109528
1994,10,22,12,0,0.9453309774398804,11.6673002243042,285,10.825599670410156,10.277799606323242,60128,13.326800346374512,3.07000994682312,0.23660999536514282
1994,10,22,15,0,0.9441329836845398,11.553400039672852,285,10.716300010681152,10.165499687194824,53081,13.326800346374512,2.9026501178741455,0.23693999648094177
1994,10,22,18,0,0.9423189759254456,11.414299964904785,285,10.463199615478516,9.587900161743164,46613,13.326800346374512,2.740540027618408,0.2394299954175949
1994,10,22,21,0,0.9268040060997009,10.739700317382812,285,8.970800399780273,7.4558000564575195,41324,13.326800346374512,2.6676599979400635,0.30232998728752136
1994,10,23,0,0,0.8482940196990967,8.993599891662598,275,7.108500003814697,5.967800140380859,42530,13.326800346374512,2.991950035095215,0.39879998564720154
1994,10,23,3,0,0.8230029940605164,8.817999839782715,265,7.4274001121521,6.5100998878479,47627,12.114999771118164,3.2230300903320312,0.35385000705718994
1994,10,23,6,0,0.8493840098381042,9.135299682617188,265,7.960599899291992,7.1645002365112305,47234,12.114999771118164,3.1541900634765625,0.31790998578071594
1994,10,23,9,0,0.8645960092544556,9.425999641418457,275,8.4822998046875,7.877399921417236,40630,12.114999771118164,2.8787100315093994,0.2868500053882599
1994,10,23,12,0,0.8809049725532532,9.484700202941895,275,8.611000061035156,8.082200050354004,33802,12.114999771118164,2.6178500652313232,0.27823999524116516
1994,10,23,15,0,0.8937979936599731,9.497300148010254,275,8.641900062561035,8.12399959564209,29161,11.013500213623047,2.4305999279022217,0.2739599943161011
1994,10,23,18,0,0.8981980085372925,9.483599662780762,275,8.60990047454834,8.080699920654297,24133,11.013500213623047,2.212630033493042,0.2760399878025055
1994,10,23,21,0,0.9002140164375305,9.505999565124512,285,8.593400001525879,8.036700248718262,19802,11.013500213623047,2.0005600452423096,0.2798900008201599
1994,10,24,0,0,0.9004369974136353,9.535400390625,285,8.601900100708008,8.022500038146973,16612,11.013500213623047,1.8291300535202026,0.28073999285697937
1994,10,24,3,0,0.8969209790229797,9.503100395202637,285,8.569199562072754,7.98330020904541,13912,11.013500213623047,1.6779799461364746,0.2817400097846985
1994,10,24,6,0,0.8885890245437622,9.42039966583252,285,8.482500076293945,7.895999908447266,11380,10.01200008392334,1.52593994140625,0.2862600088119507
1994,10,24,9,0,0.8742560148239136,9.2878999710083,275,8.312299728393555,7.705100059509277,8931,10.01200008392334,1.3628100156784058,0.29774999618530273
1994,10,24,12,0,0.8614109754562378,8.995200157165527,275,7.917099952697754,7.2006001472473145,7093,10.01200008392334,1.2362500429153442,0.3195599913597107
1994,10,24,15,0,0.8545389771461487,7.911099910736084,265,6.181099891662598,5.042300224304199,7149,12.114999771118164,1.3312499523162842,0.39458000659942627
1994,10,24,18,0,0.8805990219116211,7.961599826812744,255,6.548699855804443,5.5960001945495605,9734,10.01200008392334,1.5501699447631836,0.37053000926971436
1994,10,24,21,0,0.9018669724464417,8.309000015258789,255,6.957600116729736,5.9766998291015625,14253,10.01200008392334,1.835729956626892,0.339709997177124
1994,10,25,0,0,0.9090650081634521,8.516900062561035,255,7.280099868774414,6.341700077056885,17596,10.01200008392334,2.0146100521087646,0.31944000720977783
1994,10,25,3,0,0.9080920219421387,8.437999725341797,245,7.230899810791016,6.305699825286865,17875,10.01200008392334,2.043060064315796,0.31876999139785767
1994,10,25,6,0,0.90345299243927,8.20479965209961,245,7.004700183868408,6.100500106811523,16785,10.01200008392334,2.0120298862457275,0.32826998829841614
1994,10,25,9,0,0.9009870290756226,8.083700180053711,235,6.928199768066406,6.065899848937988,16330,9.101699829101562,2.0020198822021484,0.33087998628616333
1994,10,25,12,0,0.9034259915351868,8.002400398254395,235,6.795000076293945,5.914400100708008,17407,9.101699829101562,2.077899932861328,0.3396199941635132
1994,10,25,15,0,0.8979309797286987,7.9934000968933105,225,6.7606000900268555,5.877399921417236,20834,9.101699829101562,2.273469924926758,0.3425999879837036
1994,10,25,18,0,0.8902729749679565,7.9842000007629395,225,6.652699947357178,5.738100051879883,29658,10.01200008392334,2.7096400260925293,0.35357001423835754
1994,10,25,21,0,0.8961960077285767,8.706399917602539,225,7.379799842834473,6.434199810028076,56558,10.01200008392334,3.555109977722168,0.3311299979686737
1994,10,26,0,0,0.8984130024909973,9.475199699401855,225,8.061800003051758,7.019599914550781,104874,12.114999771118164,4.593800067901611,0.3207699954509735
1994,10,26,3,0,0.8917859792709351,10.048700332641602,225,8.873100280761719,8.022600173950195,125233,12.114999771118164,4.852039813995361,0.2896200120449066
1994,10,26,6,0,0.8719220161437988,10.086899757385254,225,9.040599822998047,8.276599884033203,97307,12.114999771118164,4.276259899139404,0.2729499936103821
1994,10,26,9,0,0.8479329943656921,9.878100395202637,225,8.918600082397461,8.246199607849121,79446,11.013500213623047,3.9192800521850586,0.2704100012779236
1994,10,26,12,0,0.8196579813957214,9.963000297546387,225,9.2431001663208,8.786499977111816,65512,11.013500213623047,3.5510001182556152,0.24481000006198883
1994,10,26,15,0,0.7997120022773743,9.948100090026855,235,9.321000099182129,8.930999755859375,57597,11.013500213623047,3.3378500938415527,0.2328300029039383
1994,10,26,18,0,0.772695004940033,8.938899993896484,235,7.496699810028076,6.412799835205078,55361,10.01200008392334,3.467479944229126,0.32436999678611755
1994,10,26,21,0,0.8312379717826843,8.93649959564209,235,8.04580020904541,7.408699989318848,74690,10.01200008392334,4.044909954071045,0.2759700119495392
1994,10,27,0,0,0.842956006526947,9.72760009765625,235,8.995100021362305,8.500800132751465,83244,10.01200008392334,4.063230037689209,0.24365000426769257
1994,10,27,3,0,0.8545519709587097,10.25100040435791,245,9.54319953918457,9.063199996948242,91018,11.013500213623047,4.113110065460205,0.23312999308109283
1994,10,27,6,0,0.8564209938049316,10.600899696350098,255,9.879799842834473,9.414899826049805,94986,11.013500213623047,4.1127400398254395,0.2373799979686737
1994,10,27,9,0,0.8686699867248535,11.093799591064453,265,10.028800010681152,9.252400398254395,115464,12.114999771118164,4.39054012298584,0.2691600024700165
1994,10,27,12,0,0.8836129903793335,11.552399635314941,265,10.458499908447266,9.698699951171875,132933,13.326800346374512,4.587289810180664,0.26715001463890076
1994,10,27,15,0,0.8912320137023926,11.827099800109863,265,10.823599815368652,10.15470027923584,133644,13.326800346374512,4.53410005569458,0.2555600106716156
1994,10,27,18,0,0.897907018661499,11.968600273132324,265,11.014200210571289,10.400699615478516,127823,13.326800346374512,4.402780055999756,0.2507399916648865
1994,10,27,21,0,0.9037929773330688,12.039199829101562,265,11.05370044708252,10.417699813842773,122316,13.326800346374512,4.29088020324707,0.2538299858570099
1994,10,28,0,0,0.9063339829444885,12.138400077819824,275,11.13379955291748,10.475799560546875,121878,13.326800346374512,4.261579990386963,0.2543500065803528
1994,10,28,3,0,0.9051089882850647,12.22659969329834,275,11.279399871826172,10.683500289916992,121605,13.326800346374512,4.239580154418945,0.24952000379562378
1994,10,28,6,0,0.9041569828987122,12.272600173950195,275,11.358699798583984,10.796500205993652,118855,13.326800346374512,4.183619976043701,0.24732999503612518
1994,10,28,9,0,0.9019989967346191,12.283300399780273,275,11.376700401306152,10.829000473022461,113792,13.326800346374512,4.0924601554870605,0.2481900006532669
1994,10,28,12,0,0.9031869769096375,12.258099555969238,275,11.338199615478516,10.785300254821777,106723,13.326800346374512,3.967869997024536,0.25036001205444336
1994,10,28,15,0,0.9047539830207825,12.088700294494629,275,11.110300064086914,10.497599601745605,98132,13.326800346374512,3.8356399536132812,0.25659000873565674
1994,10,28,18,0,0.9057570099830627,11.821900367736816,275,10.784600257873535,10.123499870300293,88949,13.326800346374512,3.699970006942749,0.2646099925041199
1994,10,28,21,0,0.9077249765396118,11.629300117492676,275,10.621399879455566,9.986499786376953,78933,13.326800346374512,3.5210299491882324,0.2635500133037567
1994,10,29,0,0,0.9106550216674805,11.501700401306152,275,10.53849983215332,9.930700302124023,70594,13.326800346374512,3.353600025177002,0.2590999901294708
1994,10,29,3,0,0.9149289727210999,11.421199798583984,275,10.496500015258789,9.915800094604492,65577,13.326800346374512,3.246999979019165,0.2545199990272522
1994,10,29,6,0,0.9191120266914368,11.359800338745117,275,10.475700378417969,9.91819953918457,61928,13.326800346374512,3.1669700145721436,0.248989999294281
1994,10,29,9,0,0.9212110042572021,11.260000228881836,275,10.41759967803955,9.88640022277832,56836,13.326800346374512,3.051909923553467,0.2440900057554245
1994,10,29,12,0,0.9210410118103027,11.117300033569336,275,10.305100440979004,9.793100357055664,50236,13.326800346374512,2.893280029296875,0.24116000533103943
1994,10,29,15,0,0.9191100001335144,10.961999893188477,275,10.158300399780273,9.633700370788574,43281,13.326800346374512,2.7101500034332275,0.2404100000858307
1994,10,29,18,0,0.9108629822731018,10.45199966430664,275,8.94219970703125,7.525300025939941,37259,12.114999771118164,2.583120107650757,0.2820900082588196
1994,10,29,21,0,0.8817129731178284,9.319999694824219,265,7.449100017547607,6.182799816131592,34865,12.114999771118164,2.6635000705718994,0.3619000017642975
1994,10,30,0,0,0.8088709712028503,8.153400421142578,255,6.473299980163574,5.492499828338623,37251,12.114999771118164,2.971329927444458,0.40681999921798706
1994,10,30,3,0,0.813057005405426,8.431699752807617,255,7.297800064086914,6.544300079345703,50475,9.101699829101562,3.4183199405670166,0.3311299979686737
1994,10,30,6,0,0.8516349792480469,9.717900276184082,265,8.845399856567383,8.300100326538086,59544,12.114999771118164,3.4247701168060303,0.27066999673843384
1994,10,30,9,0,0.8811429738998413,10.195300102233887,275,9.389599800109863,8.876799583435059,61937,12.114999771118164,3.3949899673461914,0.2508699893951416
1994,10,30,12,0,0.8969650268554688,10.349499702453613,275,9.565199851989746,9.069100379943848,58106,12.114999771118164,3.2585198879241943,0.24598999321460724
1994,10,30,15,0,0.9077320098876953,10.400199890136719,275,9.616800308227539,9.124899864196777,54042,12.114999771118164,3.132780075073242,0.24566000699996948
1994,10,30,18,0,0.9167630076408386,10.439000129699707,275,9.648200035095215,9.151100158691406,50413,12.114999771118164,3.018510103225708,0.24608999490737915
1994,10,30,21,0,0.924206018447876,10.525899887084961,275,9.731599807739258,9.228799819946289,47581,12.114999771118164,2.917340040206909,0.24512000381946564
1994,10,31,0,0,0.9305660128593445,10.641200065612793,275,9.851200103759766,9.347100257873535,46017,12.114999771118164,2.849630117416382,0.24264000356197357
1994,10,31,3,0,0.9349610209465027,10.720399856567383,275,9.906700134277344,9.332300186157227,44743,12.114999771118164,2.796880006790161,0.2406499981880188
1994,10,31,6,0,0.9185370206832886,10.057100296020508,275,8.296600341796875,6.8703999519348145,42693,12.114999771118164,2.825469970703125,0.31426000595092773
1994,10,31,9,0,0.8128319978713989,8.339500427246094,255,6.725500106811523,5.757900238037109,45227,12.114999771118164,3.2332799434661865,0.3951700031757355
1994,10,31,12,0,0.7833589911460876,8.443499565124512,235,7.184999942779541,6.3171000480651855,47423,9.101699829101562,3.3109800815582275,0.3372800052165985
1994,10,31,15,0,0.8457990288734436,8.761899948120117,235,7.7947998046875,7.104700088500977,66982,10.01200008392334,3.8685500621795654,0.2894099950790405
1994,10,31,18,0,0.8468440175056458,9.462699890136719,235,8.6451997756958,8.07610034942627,82230,10.01200008392334,4.101329803466797,0.2567499876022339
1994,10,31,21,0,0.8524100184440613,9.867799758911133,255,9.109600067138672,8.583499908447266,112315,11.013500213623047,4.675179958343506,0.24067999422550201
1994,11,1,0,0,0.8682109713554382,10.215999603271484,265,9.46310043334961,8.944600105285645,118930,11.013500213623047,4.706669807434082,0.23526999354362488
1994,11,1,3,0,0.8812350034713745,10.274700164794922,265,9.50879955291748,8.972999572753906,104188,11.013500213623047,4.389150142669678,0.23528000712394714
1994,11,1,6,0,0.8847320079803467,10.077500343322754,265,9.277600288391113,8.701199531555176,83296,11.013500213623047,3.9725399017333984,0.2417600005865097
1994,11,1,9,0,0.8871859908103943,9.91100025177002,265,9.104100227355957,8.513899803161621,72108,11.013500213623047,3.7355000972747803,0.2449599951505661
1994,11,1,12,0,0.8860899806022644,9.679300308227539,265,8.808699607849121,8.154600143432617,66011,11.013500213623047,3.6253199577331543,0.2557600140571594
1994,11,1,15,0,0.8865860104560852,9.366100311279297,275,8.41469955444336,7.697199821472168,60240,11.013500213623047,3.5309700965881348,0.2724800109863281
1994,11,1,18,0,0.8862019777297974,9.446000099182129,275,8.655900001525879,8.10669994354248,50721,10.01200008392334,3.2295498847961426,0.2585900127887726
1994,11,1,21,0,0.884486973285675,9.488699913024902,275,8.751500129699707,8.236700057983398,41469,10.01200008392334,2.915519952774048,0.2530600130558014
1994,11,2,0,0,0.8839830160140991,9.143400192260742,275,8.12030029296875,7.293799877166748,35827,10.01200008392334,2.76528000831604,0.2844200134277344
1994,11,2,3,0,0.8885849714279175,8.901100158691406,275,7.84060001373291,7.027699947357178,33365,10.01200008392334,2.708209991455078,0.2992599904537201
1994,11,2,6,0,0.8986170291900635,9.079700469970703,275,8.060400009155273,7.276199817657471,32025,10.01200008392334,2.623070001602173,0.29315999150276184
1994,11,2,9,0,0.9136279821395874,9.441499710083008,275,8.550000190734863,7.884200096130371,34030,10.01200008392334,2.6440000534057617,0.27535998821258545
1994,11,2,12,0,0.9265570044517517,9.816200256347656,275,9.053400039672852,8.545999526977539,37927,10.01200008392334,2.728149890899658,0.25784000754356384
1994,11,2,15,0,0.9340459704399109,10.088299751281738,275,9.37559986114502,8.92300033569336,40952,11.013500213623047,2.788170099258423,0.24683000147342682
1994,11,2,18,0,0.9364780187606812,10.178099632263184,275,9.487799644470215,9.051400184631348,40143,11.013500213623047,2.746109962463379,0.24142999947071075
1994,11,2,21,0,0.9362239837646484,10.049400329589844,275,9.355500221252441,8.925100326538086,34308,11.013500213623047,2.559230089187622,0.24660000205039978
1994,11,3,0,0,0.9363440275192261,9.850500106811523,285,9.124300003051758,8.690199851989746,27291,10.01200008392334,2.310120105743408,0.26118001341819763
1994,11,3,3,0,0.9327930212020874,9.688300132751465,285,8.887900352478027,8.430999755859375,21208,10.01200008392334,2.054500102996826,0.28384000062942505
1994,11,3,6,0,0.9243149757385254,9.590299606323242,285,8.69789981842041,8.207799911499023,16947,10.01200008392334,1.8443700075149536,0.3069399893283844
1994,11,3,9,0,0.9160919785499573,9.566499710083008,275,8.578499794006348,8.04990005493164,14247,9.101699829101562,1.690000057220459,0.3268600106239319
1994,11,3,12,0,0.9085969924926758,9.60200023651123,275,8.512800216674805,7.940899848937988,12522,9.101699829101562,1.5775400400161743,0.34446001052856445
1994,11,3,15,0,0.9035220146179199,9.661399841308594,275,8.46780014038086,7.8470001220703125,11314,9.101699829101562,1.4909499883651733,0.35997000336647034
1994,11,3,18,0,0.8971670269966125,9.2746000289917,275,6.977700233459473,5.382699966430664,10416,16.125999450683594,1.45878005027771,0.4122700095176697
1994,11,3,21,0,0.844989001750946,7.652200222015381,265,5.493899822235107,4.577099800109863,11722,16.125999450683594,1.7091699838638306,0.5505499839782715
1994,11,4,0,0,0.7688419818878174,6.98360013961792,255,5.2866997718811035,4.56279993057251,16194,16.125999450683594,2.112529993057251,0.5561400055885315
1994,11,4,3,0,0.7910019755363464,7.105899810791016,235,5.918799877166748,5.235099792480469,35726,7.5218000411987305,3.1478400230407715,0.42179998755455017
1994,11,4,6,0,0.8042070269584656,8.005599975585938,225,6.966300010681152,6.253499984741211,63541,8.274100303649902,3.9601900577545166,0.33087998628616333
1994,11,4,9,0,0.8254489898681641,8.804300308227539,225,7.794899940490723,7.069900035858154,109554,10.01200008392334,4.93189001083374,0.29528000950813293
1994,11,4,12,0,0.7757750153541565,10.112700462341309,245,9.389300346374512,8.940899848937988,101017,10.01200008392334,4.366089820861816,0.2466599941253662
1994,11,4,15,0,0.7648929953575134,10.087499618530273,255,9.114399909973145,8.451299667358398,99405,10.01200008392334,4.323880195617676,0.27845001220703125
1994,11,4,18,0,0.7858690023422241,10.56309986114502,265,9.677900314331055,9.113300323486328,92151,10.01200008392334,4.049980163574219,0.2664099931716919
1994,11,4,21,0,0.8232730031013489,11.14169979095459,275,10.279500007629395,9.792699813842773,89453,12.114999771118164,3.8616600036621094,0.2666099965572357
1994,11,5,0,0,0.8584759831428528,11.749199867248535,275,10.800200462341309,10.271699905395508,97483,14.659700393676758,3.897439956665039,0.270440012216568
1994,11,5,3,0,0.8770719766616821,12.18589973449707,285,11.209699630737305,10.650500297546387,107691,14.659700393676758,4.003320217132568,0.2645699977874756
1994,11,5,6,0,0.8844770193099976,12.414799690246582,285,11.433600425720215,10.86340045928955,110687,14.659700393676758,4.011579990386963,0.2603600025177002
1994,11,5,9,0,0.8931459784507751,12.559399604797363,285,11.562399864196777,10.97819995880127,109237,14.659700393676758,3.956350088119507,0.25947999954223633
1994,11,5,12,0,0.9089239835739136,12.78279972076416,285,11.747699737548828,11.113800048828125,114412,14.659700393676758,4.00639009475708,0.2599399983882904
1994,11,5,15,0,0.9264159798622131,13.095499992370605,285,11.87909984588623,10.843500137329102,129148,14.659700393676758,4.193429946899414,0.2597300112247467
1994,11,5,18,0,0.9152550101280212,12.552399635314941,285,10.310999870300293,8.493599891662598,139897,16.125999450683594,4.4585700035095215,0.3249100148677826
1994,11,5,21,0,0.8919020295143127,12.105600357055664,275,9.854499816894531,8.249600410461426,152610,16.125999450683594,4.755569934844971,0.3527100086212158
1994,11,6,0,0,0.8779489994049072,12.05109977722168,275,9.922200202941895,8.40310001373291,163480,16.125999450683594,4.9405999183654785,0.34988000988960266
1994,11,6,3,0,0.8474590182304382,11.516300201416016,265,9.13029956817627,7.537099838256836,169731,16.125999450683594,5.1655402183532715,0.3803499937057495
1994,11,6,6,0,0.824400007724762,11.368000030517578,265,9.37030029296875,8.03909969329834,180142,16.125999450683594,5.37306022644043,0.36406999826431274
1994,11,6,9,0,0.8365769982337952,12.034700393676758,265,10.480600357055664,9.473199844360352,162327,16.125999450683594,4.938010215759277,0.31832998991012573
1994,11,6,12,0,0.8717989921569824,12.54170036315918,275,11.247900009155273,10.454299926757812,140967,16.125999450683594,4.4898200035095215,0.2865400016307831
1994,11,6,15,0,0.8954839706420898,12.69260025024414,275,11.520700454711914,10.799699783325195,123705,16.125999450683594,4.174789905548096,0.26989999413490295
1994,11,6,18,0,0.9087870121002197,12.649700164794922,275,11.558099746704102,10.883500099182129,108387,14.659700393676758,3.9152300357818604,0.26037999987602234
1994,11,6,21,0,0.9137269854545593,12.497900009155273,275,11.467000007629395,10.828399658203125,95389,14.659700393676758,3.6997199058532715,0.25453001260757446
1994,11,7,0,0,0.9150040149688721,12.32699966430664,275,11.342000007629395,10.731399536132812,84464,14.659700393676758,3.5108799934387207,0.25064000487327576
1994,11,7,3,0,0.915814995765686,12.165200233459473,285,11.214599609375,10.62339973449707,75214,14.659700393676758,3.3403000831604004,0.24775999784469604
1994,11,7,6,0,0.9154059886932373,11.971099853515625,285,11.055000305175781,10.481300354003906,67079,14.659700393676758,3.1865499019622803,0.24492000043392181
1994,11,7,9,0,0.9136250019073486,11.696700096130371,285,10.804200172424316,10.238800048828125,58858,13.326800346374512,3.029139995574951,0.2441300004720688
1994,11,7,12,0,0.910735011100769,11.278599739074707,285,10.279199600219727,9.547100067138672,50801,13.326800346374512,2.8779499530792236,0.2544400095939636
1994,11,7,15,0,0.9062979817390442,10.737000465393066,275,9.611599922180176,8.757800102233887,44799,13.326800346374512,2.784209966659546,0.2728300094604492
1994,11,7,18,0,0.9039490222930908,10.414199829101562,275,9.285300254821777,8.392000198364258,39420,13.326800346374512,2.662990093231201,0.2747099995613098
1994,11,7,21,0,0.9045810103416443,10.208800315856934,275,9.150699615478516,8.309499740600586,34467,12.114999771118164,2.5240399837493896,0.2694999873638153
1994,11,8,0,0,0.9083629846572876,10.08240032196045,275,9.168600082397461,8.493800163269043,30781,12.114999771118164,2.4073400497436523,0.2593800127506256
1994,11,8,3,0,0.9137700200080872,9.97819995880127,285,9.124099731445312,8.4798002243042,29168,12.114999771118164,2.3613600730895996,0.2519499957561493
1994,11,8,6,0,0.918757975101471,9.871199607849121,285,8.935799598693848,8.138400077819824,29009,11.013500213623047,2.371500015258789,0.25363001227378845
1994,11,8,9,0,0.9182680249214172,9.692999839782715,285,8.480899810791016,7.408400058746338,30035,11.013500213623047,2.436490058898926,0.2749600112438202
1994,11,8,12,0,0.9176570177078247,9.672699928283691,285,8.383700370788574,7.29040002822876,31280,11.013500213623047,2.4868199825286865,0.28536999225616455
1994,11,8,15,0,0.9147210121154785,9.67199993133545,285,8.19159984588623,6.9679999351501465,31809,11.013500213623047,2.5035500526428223,0.3015500009059906
1994,11,8,18,0,0.8611140251159668,8.885299682617188,275,7.111100196838379,5.973999977111816,34470,12.114999771118164,2.7234599590301514,0.375110000371933
1994,11,8,21,0,0.7136300206184387,7.889500141143799,255,6.397200107574463,5.510499954223633,45311,12.114999771118164,3.3436601161956787,0.3995400071144104
1994,11,9,0,0,0.7492679953575134,8.266900062561035,225,6.984000205993652,6.093400001525879,68041,10.01200008392334,4.016550064086914,0.3387500047683716
1994,11,9,3,0,0.8311650156974792,9.460200309753418,215,8.354399681091309,7.545499801635742,119479,11.013500213623047,4.925290107727051,0.28905001282691956
1994,11,9,6,0,0.8096709847450256,10.385600090026855,225,9.64109992980957,9.126199722290039,106418,11.013500213623047,4.406700134277344,0.23127000033855438
1994,11,9,9,0,0.773252010345459,10.668700218200684,225,9.986499786376953,9.531399726867676,92444,11.013500213623047,4.0401201248168945,0.22261999547481537
1994,11,9,12,0,0.7710570096969604,11.192700386047363,245,10.515399932861328,10.087699890136719,102278,11.013500213623047,4.121190071105957,0.2230300009250641
1994,11,9,15,0,0.8146569728851318,11.719900131225586,265,11.071100234985352,10.661600112915039,122767,13.326800346374512,4.383379936218262,0.21276000142097473
1994,11,9,18,0,0.8317700028419495,11.72189998626709,265,11.076700210571289,10.678500175476074,111386,13.326800346374512,4.175230026245117,0.21416999399662018
1994,11,9,21,0,0.8508800268173218,11.753299713134766,275,11.048600196838379,10.626199722290039,98469,13.326800346374512,3.918790102005005,0.22657999396324158
1994,11,10,0,0,0.868943989276886,11.950499534606934,265,11.16569995880127,10.704299926757812,96876,13.326800346374512,3.84525990486145,0.23853999376296997
1994,11,10,3,0,0.8749560117721558,12.12720012664795,265,11.29740047454834,10.8056001663208,96923,14.659700393676758,3.808840036392212,0.24142999947071075
1994,11,10,6,0,0.8611249923706055,11.995100021362305,265,11.202500343322754,10.72700023651123,87955,13.326800346374512,3.652909994125366,0.2361299991607666
1994,11,10,9,0,0.846331000328064,11.700200080871582,275,10.964300155639648,10.522700309753418,74793,13.326800346374512,3.422290086746216,0.23061999678611755
1994,11,10,12,0,0.8419389724731445,11.406000137329102,275,10.718999862670898,10.30720043182373,62081,13.326800346374512,3.169290065765381,0.22572000324726105
1994,11,10,15,0,0.8394960165023804,11.12600040435791,275,10.486100196838379,10.103400230407715,51562,12.114999771118164,2.9357500076293945,0.2209399938583374
1994,11,10,18,0,0.8361740112304688,10.861000061035156,275,10.262100219726562,9.906200408935547,43393,12.114999771118164,2.7368900775909424,0.21740999817848206
1994,11,10,21,0,0.8313130140304565,10.592100143432617,285,10.020099639892578,9.68340015411377,36657,12.114999771118164,2.5577399730682373,0.21678000688552856
1994,11,11,0,0,0.8312659859657288,10.287699699401855,285,9.720800399780273,9.388899803161621,30597,12.114999771118164,2.3813600540161133,0.220210000872612
1994,11,11,3,0,0.838204026222229,9.995200157165527,285,9.417200088500977,9.075699806213379,25229,11.013500213623047,2.2023000717163086,0.22505000233650208
1994,11,11,6,0,0.8486400246620178,9.761899948120117,285,9.175100326538086,8.8233003616333,20780,11.013500213623047,2.028599977493286,0.22836999595165253
1994,11,11,9,0,0.8591939806938171,9.594300270080566,285,8.993599891662598,8.631699562072754,17310,11.013500213623047,1.8715900182724,0.2337000072002411
1994,11,11,12,0,0.8637059926986694,9.459699630737305,285,8.816699981689453,8.420900344848633,14352,11.013500213623047,1.7188600301742554,0.24751000106334686
1994,11,11,15,0,0.8262029886245728,8.048100471496582,275,6.145100116729736,5.005000114440918,12462,10.01200008392334,1.7439600229263306,0.4054099917411804
1994,11,11,18,0,0.7413570284843445,6.375,235,5.275599956512451,4.6596999168396,17776,6.216100215911865,2.363339900970459,0.42660999298095703
1994,11,11,21,0,0.7490599751472473,7.666900157928467,255,6.739500045776367,6.1479997634887695,26943,10.01200008392334,2.642930030822754,0.3369399905204773
1994,11,12,0,0,0.8453609943389893,8.750800132751465,275,7.724999904632568,7.065700054168701,38055,10.01200008392334,2.911900043487549,0.31874001026153564
1994,11,12,3,0,0.9088150262832642,9.511799812316895,285,8.291099548339844,7.484000205993652,49388,10.01200008392334,3.1477999687194824,0.32363998889923096
1994,11,12,6,0,0.9348779916763306,10.360699653625488,285,9.123200416564941,8.255999565124512,59575,12.114999771118164,3.2813000679016113,0.30048999190330505
1994,11,12,9,0,0.9440929889678955,10.682499885559082,285,9.294099807739258,8.220999717712402,66385,13.326800346374512,3.3963398933410645,0.29815998673439026
1994,11,12,12,0,0.9474449753761292,10.96399974822998,285,9.599300384521484,8.558799743652344,73055,13.326800346374512,3.505620002746582,0.2931300103664398
1994,11,12,15,0,0.949953019618988,11.469799995422363,285,10.273599624633789,9.380200386047363,80153,13.326800346374512,3.574889898300171,0.2721500098705292
1994,11,12,18,0,0.9523879885673523,11.860799789428711,285,10.79699993133545,10.050999641418457,85622,13.326800346374512,3.6214098930358887,0.2574000060558319
1994,11,12,21,0,0.9551849961280823,12.090499877929688,285,11.094099998474121,10.42549991607666,90897,13.326800346374512,3.688230037689209,0.24953000247478485
1994,11,13,0,0,0.9572269916534424,12.191499710083008,285,11.228500366210938,10.58650016784668,91005,13.326800346374512,3.671329975128174,0.24449999630451202
1994,11,13,3,0,0.958001971244812,12.168800354003906,285,11.222399711608887,10.591899871826172,83415,13.326800346374512,3.5185000896453857,0.24226999282836914
1994,11,13,6,0,0.9577299952507019,12.041899681091309,285,11.08329963684082,10.425000190734863,75803,13.326800346374512,3.3759100437164307,0.24354000389575958
1994,11,13,9,0,0.9556559920310974,11.797200202941895,285,10.80620002746582,10.126799583435059,70953,13.326800346374512,3.3078699111938477,0.2502799928188324
1994,11,13,12,0,0.9535279870033264,11.649900436401367,285,10.672599792480469,10.010000228881836,66075,13.326800346374512,3.2179501056671143,0.2509799897670746
1994,11,13,15,0,0.952023983001709,11.562999725341797,285,10.613300323486328,9.975299835205078,60938,13.326800346374512,3.1058599948883057,0.2490299940109253
1994,11,13,18,0,0.9510250091552734,11.458700180053711,285,10.536600112915039,9.922699928283691,54478,13.326800346374512,2.954629898071289,0.24788999557495117
1994,11,13,21,0,0.9496920108795166,11.281900405883789,285,10.248800277709961,9.345100402832031,47419,12.114999771118164,2.7840499877929688,0.25117000937461853
1994,11,14,0,0,0.9447720050811768,10.869400024414062,285,9.350700378417969,7.940199851989746,41146,12.114999771118164,2.649250030517578,0.2816700041294098
1994,11,14,3,0,0.9275230169296265,9.862600326538086,285,7.826000213623047,6.416399955749512,36676,12.114999771118164,2.6390700340270996,0.35842999815940857
1994,11,14,6,0,0.904541015625,9.083100318908691,275,7.326499938964844,6.1996002197265625,36204,12.114999771118164,2.7534000873565674,0.3775700032711029
1994,11,14,9,0,0.8681510090827942,8.633500099182129,275,7.077199935913086,6.0970001220703125,41264,12.114999771118164,3.0318500995635986,0.37657999992370605
1994,11,14,12,0,0.8395320177078247,8.562899589538574,275,7.206099987030029,6.327700138092041,47854,11.013500213623047,3.2883400917053223,0.3556399941444397
1994,11,14,15,0,0.8620730042457581,9.101699829101562,275,8.035599708557129,7.325699806213379,50002,11.013500213623047,3.2569899559020996,0.30548998713493347
1994,11,14,18,0,0.8748310208320618,9.456899642944336,275,8.582200050354004,8.046899795532227,43649,11.013500213623047,2.980829954147339,0.2777000069618225
1994,11,14,21,0,0.8786429762840271,9.587900161743164,275,8.737899780273438,8.228799819946289,36765,11.013500213623047,2.713749885559082,0.27316999435424805
1994,11,15,0,0,0.8785169720649719,9.626899719238281,275,8.707500457763672,8.112899780273438,32448,11.013500213623047,2.5420000553131104,0.27775999903678894
1994,11,15,3,0,0.8586350083351135,9.41469955444336,275,8.312299728393555,7.551700115203857,30552,11.013500213623047,2.4951798915863037,0.2999800145626068
1994,11,15,6,0,0.827476978302002,9.402600288391113,275,8.427800178527832,7.848100185394287,30240,11.013500213623047,2.484260082244873,0.29666998982429504
1994,11,15,9,0,0.8292250037193298,9.530699729919434,285,8.50160026550293,7.8171000480651855,30442,11.013500213623047,2.4717800617218018,0.2955000102519989
1994,11,15,12,0,0.8255950212478638,9.643899917602539,285,8.647500038146973,8.047800064086914,31846,11.013500213623047,2.509190082550049,0.29467999935150146
1994,11,15,15,0,0.8199440240859985,9.755200386047363,285,8.820199966430664,8.281800270080566,32664,12.114999771118164,2.5245299339294434,0.28731998801231384
1994,11,15,18,0,0.8207340240478516,9.660499572753906,285,8.780500411987305,8.288999557495117,34590,12.114999771118164,2.614449977874756,0.2839199900627136
1994,11,15,21,0,0.8182370066642761,9.631699562072754,275,8.806500434875488,8.336400032043457,38393,12.114999771118164,2.7627499103546143,0.27425000071525574
1994,11,16,0,0,0.7468079924583435,10.060099601745605,265,9.349499702453613,8.90939998626709,47805,12.114999771118164,3.010119915008545,0.24163000285625458
1994,11,16,3,0,0.7169749736785889,10.31309986114502,255,9.557299613952637,8.965700149536133,55344,11.013500213623047,3.1924500465393066,0.22931000590324402
1994,11,16,6,0,0.7285199761390686,9.97189998626709,265,8.954099655151367,8.13029956817627,63268,11.013500213623047,3.4765799045562744,0.2607699930667877
1994,11,16,9,0,0.770376980304718,9.584400177001953,265,8.391300201416016,7.406099796295166,64372,11.013500213623047,3.58843994140625,0.2824000120162964
1994,11,16,12,0,0.89164799451828,9.817999839782715,285,8.694600105285645,7.825399875640869,144860,11.013500213623047,5.301889896392822,0.28064998984336853
1994,11,16,15,0,0.927075982093811,10.50469970703125,285,9.267399787902832,8.346500396728516,167788,12.114999771118164,5.459670066833496,0.28696000576019287
1994,11,16,18,0,0.9427859783172607,10.627300262451172,285,9.26990032196045,8.264100074768066,157032,12.114999771118164,5.23691987991333,0.2976300120353699
1994,11,16,21,0,0.9514380097389221,10.829999923706055,285,9.587699890136719,8.673199653625488,131228,13.326800346374512,4.735889911651611,0.2827099859714508
1994,11,17,0,0,0.9549620151519775,10.816100120544434,285,9.5871000289917,8.62339973449707,101682,12.114999771118164,4.17471981048584,0.2745800018310547
1994,11,17,3,0,0.9503660202026367,10.271699905395508,285,8.780900001525879,7.64900016784668,85322,12.114999771118164,3.9388599395751953,0.3090600073337555
1994,11,17,6,0,0.9459149837493896,10.19789981842041,285,8.765399932861328,7.675300121307373,71757,12.114999771118164,3.631380081176758,0.30724000930786133
1994,11,17,9,0,0.9449030160903931,10.392499923706055,285,9.078499794006348,8.077899932861328,63034,12.114999771118164,3.3685500621795654,0.2967199981212616
1994,11,17,12,0,0.9467830061912537,10.662699699401855,285,9.526900291442871,8.66510009765625,60619,12.114999771118164,3.256619930267334,0.2771100103855133
1994,11,17,15,0,0.9517970085144043,10.927000045776367,285,9.925600051879883,9.125900268554688,63218,12.114999771118164,3.2798900604248047,0.2551099956035614
1994,11,17,18,0,0.958204984664917,11.226099967956543,285,10.3818998336792,9.733799934387207,70646,12.114999771118164,3.412450075149536,0.23351000249385834
1994,11,17,21,0,0.9611610174179077,11.319499969482422,285,10.597900390625,10.10509967803955,69778,12.114999771118164,3.3763999938964844,0.22010000050067902
1994,11,18,0,0,0.9614120125770569,11.199000358581543,285,10.528499603271484,10.078100204467773,60681,12.114999771118164,3.172110080718994,0.2144699990749359
1994,11,18,3,0,0.9609299898147583,10.994400024414062,285,10.358499526977539,9.93280029296875,51036,12.114999771118164,2.945159912109375,0.21115000545978546
1994,11,18,6,0,0.9600329995155334,10.733599662780762,285,10.118599891662598,9.708499908447266,41930,12.114999771118164,2.712049961090088,0.21032999455928802
1994,11,18,9,0,0.958503007888794,10.456000328063965,285,9.848799705505371,9.44480037689209,33977,11.013500213623047,2.4833500385284424,0.21182000637054443
1994,11,18,12,0,0.9570509791374207,10.211199760437012,285,9.60789966583252,9.206700325012207,28119,11.013500213623047,2.2940399646759033,0.21383999288082123
1994,11,18,15,0,0.9558899998664856,9.998000144958496,285,9.395999908447266,8.996000289916992,23631,11.013500213623047,2.1315500736236572,0.21610000729560852
1994,11,18,18,0,0.9547749757766724,9.817299842834473,285,9.214500427246094,8.81410026550293,20074,11.013500213623047,1.9874000549316406,0.21838000416755676
1994,11,18,21,0,0.9539949893951416,9.662099838256836,285,9.054699897766113,8.651200294494629,17260,11.013500213623047,1.861199975013733,0.2213599979877472
1994,11,19,0,0,0.9530619978904724,9.495200157165527,285,8.88129997253418,8.476300239562988,14753,11.013500213623047,1.739150047302246,0.22553999722003937
1994,11,19,3,0,0.9501720070838928,9.198399543762207,285,8.24470043182373,7.1707000732421875,12245,10.01200008392334,1.6143499612808228,0.23860999941825867
1994,11,19,6,0,0.8671280145645142,7.341000080108643,275,5.706600189208984,4.789299964904785,11518,10.01200008392334,1.7632900476455688,0.4081299901008606
1994,11,19,9,0,0.7572370171546936,6.4882001876831055,255,5.385499954223633,4.727499961853027,15046,10.01200008392334,2.1585400104522705,0.3840999901294708
1994,11,19,12,0,0.7623540163040161,6.726799964904785,235,5.872300148010254,5.271200180053711,26102,6.837800025939941,2.799420118331909,0.31345000863075256
1994,11,19,15,0,0.758791983127594,7.255099773406982,245,6.537199974060059,6.014999866485596,29032,7.5218000411987305,2.8383100032806396,0.2789900004863739
1994,11,19,18,0,0.7728379964828491,7.207499980926514,245,6.387599945068359,5.787799835205078,32620,7.5218000411987305,3.0164999961853027,0.29635998606681824
1994,11,19,21,0,0.8194270133972168,8.013099670410156,265,7.295300006866455,6.795400142669678,41329,9.101699829101562,3.207659959793091,0.26649001240730286
1994,11,20,0,0,0.8557360172271729,8.354000091552734,275,7.533999919891357,6.939199924468994,50651,9.101699829101562,3.4658899307250977,0.2717300057411194
1994,11,20,3,0,0.892516016960144,8.841699600219727,275,8.044099807739258,7.473899841308594,62731,10.01200008392334,3.7327799797058105,0.2601099908351898
1994,11,20,6,0,0.9092010259628296,9.21679973602295,275,8.280599594116211,7.576399803161621,62458,10.01200008392334,3.6273000240325928,0.26879000663757324
1994,11,20,9,0,0.9213060140609741,9.292400360107422,285,8.225099563598633,7.406599998474121,64080,11.013500213623047,3.6500399112701416,0.2811500132083893
1994,11,20,12,0,0.9300079941749573,9.377799987792969,285,8.306699752807617,7.479100227355957,66436,11.013500213623047,3.6962599754333496,0.2787899971008301
1994,11,20,15,0,0.9354320168495178,9.4931001663208,285,8.455900192260742,7.657400131225586,65652,11.013500213623047,3.6489999294281006,0.272350013256073
1994,11,20,18,0,0.9422760009765625,9.898799896240234,285,9.073399543762207,8.439000129699707,57506,11.013500213623047,3.337559938430786,0.2399899959564209
1994,11,20,21,0,0.9453589916229248,10.070500373840332,285,9.36299991607666,8.839400291442871,49467,11.013500213623047,3.0667200088500977,0.22421999275684357
1994,11,21,0,0,0.9451010227203369,10.097900390625,285,9.446700096130371,8.992600440979004,41880,11.013500213623047,2.8185300827026367,0.21943999826908112
1994,11,21,3,0,0.9431849718093872,10.060400009155273,285,9.387200355529785,8.910099983215332,35559,11.013500213623047,2.602720022201538,0.22491000592708588
1994,11,21,6,0,0.9416890144348145,10.026599884033203,295,9.310600280761719,8.826899528503418,30384,11.013500213623047,2.4091999530792236,0.23693999648094177
1994,11,21,9,0,0.9392380118370056,9.97439956665039,295,9.21619987487793,8.725899696350098,25808,11.013500213623047,2.2258999347686768,0.249439999461174
1994,11,21,12,0,0.938755989074707,9.91510009765625,285,9.127300262451172,8.63479995727539,22256,11.013500213623047,2.072999954223633,0.2587200105190277
1994,11,21,15,0,0.9404879808425903,9.876099586486816,285,9.054900169372559,8.551799774169922,19812,11.013500213623047,1.9586900472640991,0.26636001467704773
1994,11,21,18,0,0.9429749846458435,9.849100112915039,285,8.991800308227539,8.441699981689453,18169,10.01200008392334,1.8774299621582031,0.2699599862098694
1994,11,21,21,0,0.9336640238761902,9.309000015258789,285,7.576099872589111,6.230000019073486,17451,10.01200008392334,1.8947800397872925,0.3299500048160553
1994,11,22,0,0,0.8972200155258179,8.43850040435791,285,6.5605998039245605,5.431300163269043,17706,10.01200008392334,2.011810064315796,0.3946099877357483
1994,11,22,3,0,0.879040002822876,8.107099533081055,275,6.410299777984619,5.405600070953369,17746,11.013500213623047,2.061490058898926,0.39695000648498535
1994,11,22,6,0,0.8663139939308167,7.8856000900268555,275,6.320099830627441,5.384200096130371,17840,10.01200008392334,2.102519989013672,0.3909899890422821
1994,11,22,9,0,0.8221390247344971,7.529900074005127,275,6.143899917602539,5.312099933624268,20834,10.01200008392334,2.335200071334839,0.38550999760627747
1994,11,22,12,0,0.807341992855072,7.845099925994873,275,6.53380012512207,5.6793999671936035,27222,10.01200008392334,2.6133298873901367,0.35909000039100647
1994,11,22,15,0,0.7978900074958801,8.373299598693848,275,6.922699928283691,5.975800037384033,41226,11.013500213623047,3.0919699668884277,0.36395999789237976
1994,11,22,18,0,0.7823169827461243,8.756699562072754,265,7.213200092315674,6.215799808502197,62930,12.114999771118164,3.7144200801849365,0.36774998903274536
1994,11,22,21,0,0.7906069755554199,9.28600025177002,265,7.859300136566162,6.867700099945068,76318,12.114999771118164,3.959439992904663,0.33719000220298767
1994,11,23,0,0,0.8022289872169495,9.427399635314941,255,7.911799907684326,6.823400020599365,93811,12.114999771118164,4.3493499755859375,0.3353799879550934
1994,11,23,3,0,0.7981939911842346,9.329700469970703,245,7.962900161743164,6.999199867248535,110716,12.114999771118164,4.760670185089111,0.3260200023651123
1994,11,23,6,0,0.8363289833068848,9.832200050354004,235,8.866100311279297,8.20989990234375,164121,12.114999771118164,5.642600059509277,0.2721799910068512
1994,11,23,9,0,0.8111969828605652,10.539400100708008,245,9.808500289916992,9.322799682617188,122148,12.114999771118164,4.675950050354004,0.23116999864578247
1994,11,23,12,0,0.7817469835281372,10.513799667358398,255,9.838500022888184,9.4173002243042,91918,11.013500213623047,4.066490173339844,0.2310200035572052
1994,11,23,15,0,0.773235023021698,10.699299812316895,265,9.981200218200684,9.564200401306152,83105,11.013500213623047,3.823040008544922,0.24548999965190887
1994,11,23,18,0,0.80696702003479,11.140000343322754,275,10.303999900817871,9.837699890136719,86618,10.01200008392334,3.8015599250793457,0.2635500133037567
1994,11,23,21,0,0.8500710129737854,11.67650032043457,275,10.75730037689209,10.246600151062012,98871,13.326800346374512,3.94215989112854,0.26857998967170715
1994,11,24,0,0,0.8772119879722595,12.066100120544434,285,11.110600471496582,10.574299812316895,109480,14.659700393676758,4.062950134277344,0.26631999015808105
1994,11,24,3,0,0.8932390213012695,12.230400085449219,285,11.266599655151367,10.715200424194336,109229,14.659700393676758,4.0218000411987305,0.2620199918746948
1994,11,24,6,0,0.9012249708175659,12.170999526977539,285,11.20110034942627,10.6181001663208,98215,14.659700393676758,3.8222498893737793,0.25918999314308167
1994,11,24,9,0,0.8991960287094116,11.831899642944336,285,10.635600090026855,9.63949966430664,82358,14.659700393676758,3.556920051574707,0.26864999532699585
1994,11,24,12,0,0.8841739892959595,11.166899681091309,285,9.684399604797363,8.492899894714355,65589,13.326800346374512,3.281709909439087,0.29822999238967896
1994,11,24,15,0,0.851984977722168,10.346500396728516,275,8.67140007019043,7.4197001457214355,51127,13.326800346374512,3.0297000408172607,0.3306500017642975
1994,11,24,18,0,0.8229939937591553,9.703100204467773,275,8.083000183105469,6.902299880981445,40247,13.326800346374512,2.7956299781799316,0.33994001150131226
1994,11,24,21,0,0.8109179735183716,9.349699974060059,265,7.8404998779296875,6.7052001953125,34988,12.114999771118164,2.67113995552063,0.33087998628616333
1994,11,25,0,0,0.8190709948539734,9.338299751281738,265,7.698200225830078,6.460700035095215,38058,12.114999771118164,2.7888500690460205,0.3316600024700165
1994,11,25,3,0,0.8174819946289062,9.296899795532227,255,7.837600231170654,6.724899768829346,49595,12.114999771118164,3.1961100101470947,0.31918999552726746
1994,11,25,6,0,0.7868170142173767,8.889699935913086,245,7.4045000076293945,6.339300155639648,55712,11.013500213623047,3.478569984436035,0.333869993686676
1994,11,25,9,0,0.8125159740447998,8.980199813842773,245,7.707699775695801,6.7947001457214355,63104,11.013500213623047,3.6867499351501465,0.3162199854850769
1994,11,25,12,0,0.835444986820221,9.799699783325195,265,9.024700164794922,8.537500381469727,71460,11.013500213623047,3.7404699325561523,0.2560499906539917
1994,11,25,15,0,0.8573560118675232,10.452500343322754,275,9.675299644470215,9.219400405883789,71242,11.013500213623047,3.588210105895996,0.25727999210357666
1994,11,25,18,0,0.8889120221138,11.300600051879883,275,10.34939956665039,9.81410026550293,80472,13.326800346374512,3.627269983291626,0.2762799859046936
1994,11,25,21,0,0.9169229865074158,12.195699691772461,275,11.116100311279297,10.489100456237793,99808,14.659700393676758,3.8491199016571045,0.2746799886226654
1994,11,26,0,0,0.9308210015296936,12.700799942016602,275,11.634499549865723,10.977100372314453,112541,16.125999450683594,3.9827699661254883,0.25835999846458435
1994,11,26,3,0,0.9377999901771545,12.806300163269043,285,11.815099716186523,11.182000160217285,111994,14.659700393676758,3.9509499073028564,0.24426999688148499
1994,11,26,6,0,0.9396139979362488,12.648599624633789,285,11.72249984741211,11.130399703979492,101171,14.659700393676758,3.7841498851776123,0.23830999433994293
1994,11,26,9,0,0.94023597240448,12.45300006866455,285,11.5600004196167,10.994500160217285,90119,14.659700393676758,3.6068499088287354,0.23746000230312347
1994,11,26,12,0,0.941107988357544,12.26449966430664,285,11.396300315856934,10.848400115966797,82076,13.326800346374512,3.475529909133911,0.2367600053548813
1994,11,26,15,0,0.9417999982833862,12.009400367736816,285,11.174099922180176,10.642499923706055,75643,13.326800346374512,3.3808400630950928,0.23452000319957733
1994,11,26,18,0,0.9424639940261841,11.629300117492676,285,10.836000442504883,10.331600189208984,70408,13.326800346374512,3.329200029373169,0.23218999803066254
1994,11,26,21,0,0.9412569999694824,11.220000267028809,285,10.454299926757812,9.965100288391113,61224,13.326800346374512,3.17684006690979,0.23190000653266907
1994,11,27,0,0,0.9357330203056335,10.807499885559082,285,9.984399795532227,9.406800270080566,49325,12.114999771118164,2.9201200008392334,0.2390100061893463
1994,11,27,3,0,0.9105780124664307,9.896400451660156,285,8.415900230407715,7.188000202178955,40170,12.114999771118164,2.772739887237549,0.300029993057251
1994,11,27,6,0,0.8011490106582642,8.089500427246094,275,6.418399810791016,5.433199882507324,37574,12.114999771118164,3.0018301010131836,0.40101000666618347
1994,11,27,9,0,0.7561830282211304,8.21720027923584,245,7.206099987030029,6.5030999183654785,37334,9.101699829101562,2.9928500652313232,0.31233999133110046
1994,11,27,12,0,0.7619490027427673,7.789700031280518,255,6.684100151062012,5.900300025939941,40511,8.274100303649902,3.213819980621338,0.3260299861431122
1994,11,27,15,0,0.8260740041732788,8.599300384521484,275,7.794400215148926,7.2104997634887695,63404,9.101699829101562,3.814539909362793,0.2668600082397461
1994,11,27,18,0,0.8712760210037231,9.341699600219727,275,8.483099937438965,7.87529993057251,69447,11.013500213623047,3.795720100402832,0.26427000761032104
1994,11,27,21,0,0.897367000579834,9.769599914550781,285,8.689200401306152,7.878600120544434,74659,11.013500213623047,3.8190300464630127,0.2824000120162964
1994,11,28,0,0,0.9178040027618408,10.225000381469727,285,8.93280029296875,8.003199577331543,90179,12.114999771118164,4.071040153503418,0.30744999647140503
1994,11,28,3,0,0.9347500205039978,11.245699882507324,285,9.867600440979004,8.922900199890137,112538,13.326800346374512,4.289840221405029,0.30935999751091003
1994,11,28,6,0,0.9440739750862122,11.971500396728516,285,10.632699966430664,9.712800025939941,121220,13.326800346374512,4.285220146179199,0.2926900088787079
1994,11,28,9,0,0.9458240270614624,12.124199867248535,285,10.83329963684082,9.94159984588623,109966,14.659700393676758,4.048759937286377,0.28384000062942505
1994,11,28,12,0,0.9441419839859009,12.010899543762207,285,10.866299629211426,10.124199867248535,90949,14.659700393676758,3.7033400535583496,0.2721500098705292
1994,11,28,15,0,0.9416599869728088,11.786600112915039,285,10.766300201416016,10.113699913024902,74777,14.659700393676758,3.397320032119751,0.25995001196861267
1994,11,28,18,0,0.9384099841117859,11.509099960327148,285,10.570699691772461,9.971199989318848,62757,13.326800346374512,3.1591899394989014,0.2516799867153168
1994,11,28,21,0,0.9364399909973145,11.225799560546875,285,10.34570026397705,9.777299880981445,53586,13.326800346374512,2.9665699005126953,0.2455500066280365
1994,11,29,0,0,0.9364749789237976,11.071100234985352,285,10.208900451660156,9.601699829101562,47838,13.326800346374512,2.8289899826049805,0.2397499978542328
1994,11,29,3,0,0.9184769988059998,10.060199737548828,285,8.100199699401855,6.5995001792907715,42524,12.114999771118164,2.8122398853302,0.32837000489234924
1994,11,29,6,0,0.8518350124359131,8.68239974975586,275,6.948500156402588,5.886000156402588,44186,12.114999771118164,3.1191399097442627,0.3886699974536896
1994,11,29,9,0,0.7712470293045044,8.109600067138672,245,6.895299911499023,6.073999881744385,56731,8.274100303649902,3.7032999992370605,0.34373000264167786
1994,11,29,12,0,0.7788569927215576,8.578800201416016,235,7.720600128173828,7.1194000244140625,64468,9.101699829101562,3.8453400135040283,0.2795099914073944
1994,11,29,15,0,0.7605339884757996,8.958499908447266,245,8.271499633789062,7.825200080871582,52421,9.101699829101562,3.3870201110839844,0.25113001465797424
1994,11,29,18,0,0.7619159817695618,9.108599662780762,255,8.448599815368652,8.02239990234375,43156,9.101699829101562,3.0437099933624268,0.24478000402450562
1994,11,29,21,0,0.7714549899101257,9.12090015411377,255,8.418999671936035,7.918499946594238,38843,11.013500213623047,2.885509967803955,0.24526000022888184
1994,11,30,0,0,0.7802770137786865,8.741999626159668,255,7.713500022888184,6.869100093841553,36976,10.01200008392334,2.881150007247925,0.2790899872779846
1994,11,30,3,0,0.787971019744873,8.088899612426758,255,7.003200054168701,6.198200225830078,41518,10.01200008392334,3.188390016555786,0.3072099983692169
1994,11,30,6,0,0.8136799931526184,8.169300079345703,245,7.193399906158447,6.448500156402588,52565,9.101699829101562,3.5732100009918213,0.2887200117111206
1994,11,30,9,0,0.8564929962158203,8.802300453186035,245,7.9517998695373535,7.295599937438965,98932,10.01200008392334,4.702439785003662,0.2595300078392029
1994,11,30,12,0,0.8632349967956543,9.652400016784668,245,8.894200325012207,8.364399909973145,134306,11.013500213623047,5.182799816131592,0.24167999625205994
1994,11,30,15,0,0.8615829944610596,10.514100074768066,255,9.769700050354004,9.263699531555176,138524,11.013500213623047,4.986770153045654,0.23180000483989716
1994,11,30,18,0,0.8682309985160828,11.172800064086914,255,10.282400131225586,9.664799690246582,152974,12.114999771118164,5.03371000289917,0.24511000514030457
1994,11,30,21,0,0.8752869963645935,11.072600364685059,265,9.567099571228027,8.448599815368652,198840,13.326800346374512,5.742670059204102,0.30882999300956726
1994,12,1,0,0,0.8970659971237183,11.104499816894531,265,9.968099594116211,9.229399681091309,212035,13.326800346374512,5.931540012359619,0.282150000333786
1994,12,1,3,0,0.900206983089447,11.092300415039062,265,10.104900360107422,9.459500312805176,172952,13.326800346374512,5.366970062255859,0.2621699869632721
1994,12,1,6,0,0.9015370011329651,11.169899940490723,265,10.297200202941895,9.713700294494629,143966,13.326800346374512,4.881050109863281,0.24387000501155853
1994,12,1,9,0,0.9021109938621521,11.019599914550781,265,10.050200462341309,9.342000007629395,122702,12.114999771118164,4.542399883270264,0.2513299882411957
1994,12,1,12,0,0.9002540111541748,10.61359977722168,265,9.437999725341797,8.545700073242188,110692,12.114999771118164,4.4090399742126465,0.27730000019073486
1994,12,1,15,0,0.8969990015029907,10.296500205993652,265,9.07800006866455,8.183500289916992,106985,12.114999771118164,4.413939952850342,0.29019999504089355
1994,12,1,18,0,0.9013450145721436,10.309200286865234,265,9.233599662780762,8.47719955444336,109428,12.114999771118164,4.466609954833984,0.2777099907398224
1994,12,1,21,0,0.9055389761924744,10.495499610900879,265,9.458999633789062,8.721799850463867,106809,12.114999771118164,4.366069793701172,0.268310010433197
1994,12,2,0,0,0.9063550233840942,10.596400260925293,265,9.464500427246094,8.62440013885498,106376,12.114999771118164,4.327549934387207,0.27465999126434326
1994,12,2,3,0,0.906233012676239,10.592499732971191,275,9.413299560546875,8.571700096130371,111798,12.114999771118164,4.434080123901367,0.28446000814437866
1994,12,2,6,0,0.9120950102806091,10.73390007019043,275,9.525799751281738,8.6673002243042,120240,12.114999771118164,4.559989929199219,0.2867400050163269
1994,12,2,9,0,0.9190250039100647,10.937399864196777,275,9.725199699401855,8.888799667358398,129379,13.326800346374512,4.675489902496338,0.28766000270843506
1994,12,2,12,0,0.9264519810676575,11.364800453186035,275,10.201000213623047,9.40939998626709,125668,13.326800346374512,4.501669883728027,0.27724000811576843
1994,12,2,15,0,0.931751012802124,11.492899894714355,285,10.38949966430664,9.620200157165527,118037,13.326800346374512,4.333779811859131,0.26600000262260437
1994,12,2,18,0,0.9339510202407837,11.470600128173828,285,10.559800148010254,9.965700149536133,99486,13.326800346374512,3.9885098934173584,0.24717000126838684
1994,12,2,21,0,0.9323530197143555,11.312000274658203,285,10.493200302124023,9.965399742126465,79310,13.326800346374512,3.595550060272217,0.23755000531673431
1994,12,3,0,0,0.9301679730415344,11.110400199890137,285,10.345000267028809,9.854599952697754,64373,12.114999771118164,3.2786600589752197,0.23263999819755554
1994,12,3,3,0,0.9278380274772644,10.881500244140625,285,10.150099754333496,9.682499885559082,52853,12.114999771118164,3.0121500492095947,0.2302899956703186
1994,12,3,6,0,0.9240570068359375,10.614800453186035,285,9.899499893188477,9.442399978637695,42614,12.114999771118164,2.7488999366760254,0.23120999336242676
1994,12,3,9,0,0.9200090169906616,10.368800163269043,285,9.6496000289917,9.190799713134766,34190,11.013500213623047,2.4994800090789795,0.2356099933385849
1994,12,3,12,0,0.9193019866943359,10.21679973602295,285,9.487099647521973,9,29034,11.013500213623047,2.3253800868988037,0.23824000358581543
1994,12,3,15,0,0.9189410209655762,10.062600135803223,285,9.284099578857422,8.632100105285645,25232,11.013500213623047,2.1898300647735596,0.23986999690532684
1994,12,3,18,0,0.9159970283508301,9.748600006103516,285,8.413000106811523,6.869200229644775,21804,11.013500213623047,2.0746500492095947,0.25920000672340393
1994,12,3,21,0,0.9120230078697205,9.65999984741211,285,8.663700103759766,7.689799785614014,18700,11.013500213623047,1.9332400560379028,0.26771000027656555
1994,12,4,0,0,0.9061490297317505,9.536800384521484,285,8.6697998046875,8.069600105285645,15560,10.01200008392334,1.7770500183105469,0.2891699969768524
1994,12,4,3,0,0.8994330167770386,9.351300239562988,285,8.225700378417969,7.334099769592285,12816,10.01200008392334,1.6289000511169434,0.3277699947357178
1994,12,4,6,0,0.8940690159797668,9.264900207519531,285,7.776700019836426,6.6178998947143555,10957,10.01200008392334,1.5094399452209473,0.37097999453544617
1994,12,4,9,0,0.8969680070877075,9.526800155639648,285,8.010000228881836,7.0183000564575195,10037,9.101699829101562,1.4166899919509888,0.3940899968147278
1994,12,4,12,0,0.898277997970581,9.71720027923584,285,8.077400207519531,7.111100196838379,9379,16.125999450683594,1.3495500087738037,0.4104500114917755
1994,12,4,15,0,0.8986989855766296,9.833399772644043,275,8.067500114440918,7.0416998863220215,8585,16.125999450683594,1.278880000114441,0.41822999715805054
1994,12,4,18,0,0.901852011680603,10.041799545288086,275,8.073100090026855,6.911499977111816,8070,16.125999450683594,1.220639944076538,0.4205099940299988
1994,12,4,21,0,0.9062340259552002,10.397199630737305,275,8.32859992980957,7.126100063323975,7745,14.659700393676758,1.1683399677276611,0.4110099971294403
1994,12,5,0,0,0.905780017375946,10.598400115966797,275,8.455900192260742,7.216599941253662,7093,14.659700393676758,1.1037100553512573,0.4045799970626831
1994,12,5,3,0,0.9024940133094788,10.653499603271484,275,8.458499908447266,7.1579999923706055,6230,14.659700393676758,1.0305299758911133,0.40000998973846436
1994,12,5,6,0,0.893651008605957,10.678799629211426,275,8.315400123596191,6.947700023651123,5770,14.659700393676758,0.990149974822998,0.4112299978733063
1994,12,5,9,0,0.8846349716186523,11.044300079345703,275,8.053000450134277,6.315000057220459,6277,14.659700393676758,1.011780023574829,0.4327299892902374
1994,12,5,12,0,0.8706870079040527,10.534799575805664,275,6.547399997711182,4.858099937438965,10700,14.659700393676758,1.3478599786758423,0.511900007724762
1994,12,5,15,0,0.8637660145759583,11.244600296020508,275,8.131600379943848,6.373600006103516,25488,14.659700393676758,2.011430025100708,0.42855000495910645
1994,12,5,18,0,0.8538230061531067,10.841300010681152,275,8.003199577331543,6.338099956512451,42642,14.659700393676758,2.6618800163269043,0.4118399918079376
1994,12,5,21,0,0.8075069785118103,9.860099792480469,265,7.699900150299072,6.3755998611450195,51954,14.659700393676758,3.1214799880981445,0.39904001355171204
1994,12,6,0,0,0.7805320024490356,9.35219955444336,245,7.589000225067139,6.41480016708374,54505,13.326800346374512,3.3165900707244873,0.3680199980735779
1994,12,6,3,0,0.7729060053825378,8.842599868774414,235,7.327600002288818,6.289299964904785,58939,12.114999771118164,3.580670118331909,0.3500399887561798
1994,12,6,6,0,0.7834219932556152,9.27910041809082,235,8.166399955749512,7.337100028991699,53490,12.114999771118164,3.3321499824523926,0.2950499951839447
1994,12,6,9,0,0.8058810234069824,9.685999870300293,245,8.82409954071045,8.228899955749512,44317,12.114999771118164,2.9624600410461426,0.265529990196228
1994,12,6,12,0,0.8385319709777832,9.992300033569336,255,9.092599868774414,8.525500297546387,44486,12.114999771118164,2.9101200103759766,0.27803000807762146
1994,12,6,15,0,0.8715710043907166,10.952300071716309,265,9.654199600219727,8.740699768066406,57231,12.114999771118164,3.1117799282073975,0.30963000655174255
1994,12,6,18,0,0.9145810008049011,12.431500434875488,275,11.04640007019043,10.09220027923584,91615,14.659700393676758,3.6429901123046875,0.2935999929904938
1994,12,6,21,0,0.9342929720878601,13.354999542236328,275,12.090299606323242,11.25100040435791,129789,14.659700393676758,4.154079914093018,0.26802000403404236
1994,12,7,0,0,0.9394450187683105,13.586799621582031,275,12.419500350952148,11.645400047302246,140446,16.125999450683594,4.275279998779297,0.25387001037597656
1994,12,7,3,0,0.9398660063743591,13.446200370788574,275,12.343999862670898,11.618800163269043,129418,16.125999450683594,4.127510070800781,0.24863000214099884
1994,12,7,6,0,0.9404060244560242,13.189599990844727,285,12.139900207519531,11.459600448608398,114143,14.659700393676758,3.9201900959014893,0.24658000469207764
1994,12,7,9,0,0.9410750269889832,12.909799575805664,285,11.913299560546875,11.271499633789062,101191,14.659700393676758,3.7384300231933594,0.24379000067710876
1994,12,7,12,0,0.9411259889602661,12.643699645996094,285,11.703499794006348,11.097000122070312,91411,14.659700393676758,3.5981099605560303,0.23948000371456146
1994,12,7,15,0,0.9413779973983765,12.385100364685059,285,11.502599716186523,10.9266996383667,85598,14.659700393676758,3.526550054550171,0.23401999473571777
1994,12,7,18,0,0.9412850141525269,12.02810001373291,285,11.164299964904785,10.57960033416748,79600,13.326800346374512,3.463469982147217,0.23287999629974365
1994,12,7,21,0,0.9410309791564941,11.631099700927734,285,10.792900085449219,10.229700088500977,69335,13.326800346374512,3.301870107650757,0.23276999592781067
1994,12,8,0,0,0.9396700263023376,11.270600318908691,285,10.493800163269043,9.980199813842773,57588,13.326800346374512,3.071700096130371,0.228860005736351
1994,12,8,3,0,0.9365419745445251,10.902999877929688,285,10.160400390625,9.668399810791016,46493,12.114999771118164,2.820470094680786,0.22780999541282654
1994,12,8,6,0,0.9294790029525757,10.152700424194336,285,8.878700256347656,7.743800163269043,37334,12.114999771118164,2.6358299255371094,0.2720800042152405
1994,12,8,9,0,0.9114260077476501,9.16819953918457,285,7.6290998458862305,6.506800174713135,33354,12.114999771118164,2.6416800022125244,0.32791998982429504
1994,12,8,12,0,0.8905109763145447,8.796899795532227,285,7.3632001876831055,6.377900123596191,37792,11.013500213623047,2.8817598819732666,0.3371100127696991
1994,12,8,15,0,0.870186984539032,8.690999984741211,285,7.3394999504089355,6.424900054931641,46930,11.013500213623047,3.2339301109313965,0.337799996137619
1994,12,8,18,0,0.8594179749488831,8.684499740600586,275,7.422500133514404,6.566699981689453,54904,11.013500213623047,3.5009500980377197,0.33191001415252686
1994,12,8,21,0,0.8633099794387817,8.73390007019043,275,7.625999927520752,6.857800006866455,76344,11.013500213623047,4.123610019683838,0.3121100068092346
1994,12,9,0,0,0.8946999907493591,9.72659969329834,285,8.861599922180176,8.290499687194824,91939,11.013500213623047,4.256159782409668,0.2628200054168701
1994,12,9,3,0,0.8991940021514893,9.852299690246582,285,8.958000183105469,8.340200424194336,73226,12.114999771118164,3.7677900791168213,0.26109999418258667
1994,12,9,6,0,0.9030969738960266,9.825499534606934,285,9.036999702453613,8.52560043334961,54897,12.114999771118164,3.271559953689575,0.25049999356269836
1994,12,9,9,0,0.9069079756736755,9.768500328063965,285,9.05679988861084,8.60789966583252,42427,11.013500213623047,2.8900699615478516,0.2408899962902069
1994,12,9,12,0,0.9103839993476868,9.647600173950195,285,8.972200393676758,8.549300193786621,33896,11.013500213623047,2.60509991645813,0.23736999928951263
1994,12,9,15,0,0.9138209819793701,9.533699989318848,285,8.86460018157959,8.447999954223633,28102,11.013500213623047,2.3898398876190186,0.23871000111103058
1994,12,9,18,0,0.9177290201187134,9.451399803161621,285,8.76200008392334,8.326499938964844,23781,11.013500213623047,2.2094900608062744,0.24358999729156494
1994,12,9,21,0,0.9202759861946106,9.289400100708008,285,8.213399887084961,7.101600170135498,20100,10.01200008392334,2.050260066986084,0.2603699862957001
1994,12,10,0,0,0.8718370199203491,8.590399742126465,285,7.055200099945068,5.947000026702881,17646,10.01200008392334,1.9998799562454224,0.34007999300956726
1994,12,10,3,0,0.7710319757461548,7.888500213623047,275,6.271699905395508,5.281700134277344,15763,10.01200008392334,1.9768699407577515,0.3918200135231018
1994,12,10,6,0,0.6612319946289062,7.236299991607666,255,5.756899833679199,4.901700019836426,13930,10.01200008392334,1.9489699602127075,0.4131700098514557
1994,12,10,9,0,0.7287399768829346,7.358399868011475,225,6.117199897766113,5.294300079345703,16992,8.274100303649902,2.143589973449707,0.36037999391555786
1994,12,10,12,0,0.8401190042495728,7.898200035095215,215,6.656799793243408,5.75540018081665,27798,10.01200008392334,2.6437900066375732,0.3259100019931793
1994,12,10,15,0,0.8853830099105835,8.54990005493164,215,7.286600112915039,6.309100151062012,40093,11.013500213623047,3.034359931945801,0.3073500096797943
1994,12,10,18,0,0.875711977481842,8.361000061035156,205,6.951300144195557,5.937399864196777,44417,10.01200008392334,3.229520082473755,0.3304400146007538
1994,12,10,21,0,0.8596789836883545,8.315099716186523,205,6.978099822998047,6.031000137329102,47624,10.01200008392334,3.3548200130462646,0.32989001274108887
1994,12,11,0,0,0.8472449779510498,8.535699844360352,215,7.246500015258789,6.313799858093262,59334,10.01200008392334,3.6871299743652344,0.3249399960041046
1994,12,11,3,0,0.8242729902267456,9.244199752807617,225,8.124699592590332,7.280200004577637,79567,10.01200008392334,4.077899932861328,0.29385000467300415
1994,12,11,6,0,0.7983279824256897,9.276300430297852,235,8.178999900817871,7.35290002822876,76307,11.013500213623047,3.9852700233459473,0.290910005569458
1994,12,11,9,0,0.7779510021209717,9.007200241088867,245,7.9654998779296875,7.206200122833252,57060,10.01200008392334,3.5087099075317383,0.2941499948501587
1994,12,11,12,0,0.7731000185012817,8.797499656677246,255,7.664999961853027,6.831900119781494,41409,10.01200008392334,3.028290033340454,0.3115200102329254
1994,12,11,15,0,0.7557870149612427,8.36400032043457,255,7.040200233459473,6.131999969482422,32119,10.01200008392334,2.738300085067749,0.3524700105190277
1994,12,11,18,0,0.7259680032730103,8.153800010681152,245,6.73769998550415,5.801499843597412,26160,9.101699829101562,2.503469944000244,0.3752399981021881
1994,12,11,21,0,0.6938430070877075,7.812699794769287,235,6.277599811553955,5.339600086212158,24165,8.274100303649902,2.4600799083709717,0.4076800048351288
1994,12,12,0,0,0.7290530204772949,7.995500087738037,225,6.4054999351501465,5.4274001121521,28345,9.101699829101562,2.6329100131988525,0.4031600058078766
1994,12,12,3,0,0.7755699753761292,8.714400291442871,215,7.305799961090088,6.307300090789795,37026,9.101699829101562,2.874190092086792,0.35453000664711
1994,12,12,6,0,0.7448109984397888,9.016799926757812,215,7.605199813842773,6.592100143432617,36033,9.101699829101562,2.7784299850463867,0.35482001304626465
1994,12,12,9,0,0.7341700196266174,9.503999710083008,235,8.030200004577637,6.966700077056885,38396,9.101699829101562,2.777139902114868,0.3527800142765045
1994,12,12,12,0,0.7905290126800537,10.457900047302246,245,9.116000175476074,8.094099998474121,52437,11.013500213623047,3.0659101009368896,0.31499001383781433
1994,12,12,15,0,0.8451949954032898,11.158100128173828,255,10.061100006103516,9.306400299072266,66178,12.114999771118164,3.3125,0.28349998593330383
1994,12,12,18,0,0.8690450191497803,11.448399543762207,265,10.384900093078613,9.744099617004395,67247,13.326800346374512,3.286329984664917,0.2827099859714508
1994,12,12,21,0,0.88441401720047,11.729000091552734,265,10.589900016784668,9.928799629211426,65066,13.326800346374512,3.184689998626709,0.2915399968624115
1994,12,13,0,0,0.8971189856529236,12.151800155639648,265,10.925000190734863,10.216300010681152,65585,14.659700393676758,3.12896990776062,0.2956700026988983
1994,12,13,3,0,0.9154329895973206,12.631500244140625,275,11.356399536132812,10.597200393676758,69221,14.659700393676758,3.138550043106079,0.28922000527381897
1994,12,13,6,0,0.9308710098266602,13.018600463867188,275,11.762999534606934,10.981399536132812,73497,16.125999450683594,3.173759937286377,0.2757500112056732
1994,12,13,9,0,0.9408469796180725,13.215499877929688,275,12.023900032043457,11.25469970703125,75219,16.125999450683594,3.180310010910034,0.26236000657081604
1994,12,13,12,0,0.947268009185791,13.241999626159668,275,12.124099731445312,11.387399673461914,73447,16.125999450683594,3.13782000541687,0.2522599995136261
1994,12,13,15,0,0.9511659741401672,13.155400276184082,275,12.100199699401855,11.40060043334961,68886,14.659700393676758,3.050110101699829,0.2459000051021576
1994,12,13,18,0,0.9531430006027222,13.014100074768066,275,11.998299598693848,11.328200340270996,62385,14.659700393676758,2.9213600158691406,0.2437800019979477
1994,12,13,21,0,0.9541620016098022,12.884599685668945,275,11.872300148010254,11.213299751281738,55358,14.659700393676758,2.7697300910949707,0.2478799968957901
1994,12,14,0,0,0.954442024230957,12.772299766540527,275,11.727899551391602,11.062700271606445,48030,14.659700393676758,2.595829963684082,0.257889986038208
1994,12,14,3,0,0.9540410041809082,12.734700202941895,275,11.273500442504883,9.933099746704102,41977,14.659700393676758,2.435080051422119,0.2888999879360199
1994,12,14,6,0,0.9354919791221619,11.79640007019043,275,8.964599609375,7.035399913787842,38454,14.659700393676758,2.4306600093841553,0.39605000615119934
1994,12,14,9,0,0.8911399841308594,11.00510025024414,275,7.9969000816345215,6.378499984741211,40517,14.659700393676758,2.593519926071167,0.46851998567581177
1994,12,14,12,0,0.8559269905090332,10.908300399780273,265,8.02750015258789,6.511600017547607,46445,19.513200759887695,2.7940900325775146,0.47929999232292175
1994,12,14,15,0,0.8310739994049072,10.922499656677246,265,8.227899551391602,6.736100196838379,55186,19.513200759887695,3.046190023422241,0.46136999130249023
1994,12,14,18,0,0.8031269907951355,10.689499855041504,255,8.275699615478516,6.866300106048584,69252,17.73889923095703,3.4584898948669434,0.4392400085926056
1994,12,14,21,0,0.7832440137863159,10.612000465393066,255,8.4173002243042,7.091000080108643,79762,17.73889923095703,3.728610038757324,0.4187699854373932
1994,12,15,0,0,0.8086299896240234,11.53439998626709,265,9.707799911499023,8.614299774169922,74366,17.73889923095703,3.4320199489593506,0.3691500127315521
1994,12,15,3,0,0.8380399942398071,11.890899658203125,275,10.311599731445312,9.406000137329102,72144,17.73889923095703,3.323460102081299,0.3427799940109253
1994,12,15,6,0,0.8571040034294128,11.637800216674805,275,10.186200141906738,9.411199569702148,74182,16.125999450683594,3.4157800674438477,0.3403100073337555
1994,12,15,9,0,0.8640080094337463,11.693900108337402,275,10.294599533081055,9.555000305175781,71369,16.125999450683594,3.3413000106811523,0.3338199853897095
1994,12,15,12,0,0.8645849823951721,11.85990047454834,275,10.454999923706055,9.708700180053711,69244,16.125999450683594,3.2620599269866943,0.3292900025844574
1994,12,15,15,0,0.8718349933624268,12.053400039672852,275,10.544500350952148,9.661199569702148,66409,16.125999450683594,3.1603500843048096,0.3280099928379059
1994,12,15,18,0,0.873449981212616,11.585599899291992,275,9.151800155639648,7.46560001373291,62673,16.125999450683594,3.1287500858306885,0.37740999460220337
1994,12,15,21,0,0.8041089773178101,9.895099639892578,265,7.508999824523926,6.240900039672852,64179,16.125999450683594,3.4603500366210938,0.45673999190330505
1994,12,16,0,0,0.7612910270690918,9.15369987487793,235,7.519000053405762,6.496200084686279,81296,9.101699829101562,4.116159915924072,0.3934299945831299
1994,12,16,3,0,0.8142949938774109,10.012999534606934,235,8.918999671936035,8.223299980163574,100324,10.01200008392334,4.3610100746154785,0.304749995470047
1994,12,16,6,0,0.8035569787025452,10.2701997756958,235,9.242799758911133,8.5693998336792,86857,10.01200008392334,3.9992499351501465,0.28863999247550964
1994,12,16,9,0,0.7948660254478455,10.243900299072266,235,9.141900062561035,8.352299690246582,82690,10.01200008392334,3.907210111618042,0.2915700078010559
1994,12,16,12,0,0.8109650015830994,10.355600357055664,245,8.9753999710083,8.012499809265137,93849,10.01200008392334,4.134280204772949,0.33511999249458313
1994,12,16,15,0,0.8543400168418884,11.3641996383667,255,9.567299842834473,8.495100021362305,146902,11.013500213623047,4.894909858703613,0.38385000824928284
1994,12,16,18,0,0.8937119841575623,12.711600303649902,255,10.84749984741211,9.699999809265137,230449,17.73889923095703,5.723609924316406,0.34871000051498413
1994,12,16,21,0,0.9135670065879822,13.453700065612793,265,11.870400428771973,10.851799964904785,260703,17.73889923095703,5.875010013580322,0.30156999826431274
1994,12,17,0,0,0.9248939752578735,13.615400314331055,265,12.289299964904785,11.425100326538086,224609,17.73889923095703,5.407219886779785,0.2726399898529053
1994,12,17,3,0,0.9305980205535889,13.447999954223633,265,12.28439998626709,11.530699729919434,179869,16.125999450683594,4.869589805603027,0.25819000601768494
1994,12,17,6,0,0.9292579889297485,13.060600280761719,265,11.898099899291992,11.00469970703125,139140,16.125999450683594,4.354549884796143,0.2557600140571594
1994,12,17,9,0,0.9049789905548096,11.988499641418457,265,10.215100288391113,8.781299591064453,107949,14.659700393676758,4.026470184326172,0.3082999885082245
1994,12,17,12,0,0.8293600082397461,9.96969985961914,255,8.072699546813965,6.875199794769287,102638,14.659700393676758,4.374889850616455,0.384909987449646
1994,12,17,15,0,0.7743300199508667,9.148699760437012,225,7.708600044250488,6.729000091552734,116768,9.101699829101562,4.943130016326904,0.3499799966812134
1994,12,17,18,0,0.8250370025634766,9.676899909973145,215,8.697199821472168,8.01509952545166,149694,10.01200008392334,5.444149971008301,0.2775599956512451
1994,12,17,21,0,0.8358049988746643,10.389100074768066,215,9.576299667358398,9.021499633789062,132985,11.013500213623047,4.918680191040039,0.24222999811172485
1994,12,18,0,0,0.8368369936943054,10.685099601745605,215,9.967499732971191,9.472399711608887,105805,12.114999771118164,4.314680099487305,0.223580002784729
1994,12,18,3,0,0.833890974521637,10.583900451660156,215,9.81149959564209,9.239800453186035,85139,12.114999771118164,3.894059896469116,0.22940999269485474
1994,12,18,6,0,0.8261309862136841,10.0600004196167,215,8.88479995727539,7.892199993133545,72894,11.013500213623047,3.712160110473633,0.2784999907016754
1994,12,18,9,0,0.8135660290718079,9.630499839782715,215,8.270000457763672,7.246600151062012,68726,11.013500213623047,3.703700065612793,0.33274999260902405
1994,12,18,12,0,0.8149939775466919,9.424400329589844,215,7.924300193786621,6.923600196838379,80342,11.013500213623047,4.059030055999756,0.3834899961948395
1994,12,18,15,0,0.7975350022315979,10.099100112915039,215,8.674200057983398,7.810999870300293,89075,11.013500213623047,4.113699913024902,0.38703998923301697
1994,12,18,18,0,0.7737749814987183,11.020600318908691,235,9.300200462341309,8.326700210571289,90858,11.013500213623047,3.947089910507202,0.41008999943733215
1994,12,18,21,0,0.8013070225715637,12.041000366210938,245,9.952199935913086,8.741399765014648,115214,19.513200759887695,4.2047200202941895,0.4059999883174896
1994,12,19,0,0,0.839123010635376,12.702300071716309,255,10.252699851989746,8.564399719238281,164350,19.513200759887695,4.8403000831604,0.38106000423431396
1994,12,19,3,0,0.829039990901947,11.641200065612793,255,8.932499885559082,7.370200157165527,199818,17.73889923095703,5.587699890136719,0.43224000930786133
1994,12,19,6,0,0.827331006526947,11.464799880981445,245,9.456399917602539,8.182100296020508,205428,17.73889923095703,5.731130123138428,0.38071998953819275
1994,12,19,9,0,0.8240290284156799,11.296899795532227,235,9.61870002746582,8.475000381469727,222488,11.013500213623047,6.016580104827881,0.3435499966144562
1994,12,19,12,0,0.8112660050392151,10.68239974975586,225,9.019200325012207,7.889800071716309,292882,12.114999771118164,7.126989841461182,0.34731000661849976
1994,12,19,15,0,0.825901985168457,11.471599578857422,225,10.158599853515625,9.263400077819824,317324,12.114999771118164,7.114009857177734,0.2953200042247772
1994,12,19,18,0,0.8179410099983215,11.992300033569336,235,10.843700408935547,10.056099891662598,284034,13.326800346374512,6.550660133361816,0.267300009727478
1994,12,19,21,0,0.817762017250061,11.838500022888184,235,10.727499961853027,9.974200248718262,266043,13.326800346374512,6.3894500732421875,0.26464998722076416
1994,12,20,0,0,0.8110190033912659,11.918600082397461,235,10.854100227355957,10.105500221252441,218253,13.326800346374512,5.763730049133301,0.25540000200271606
1994,12,20,3,0,0.8019959926605225,11.318300247192383,235,9.93019962310791,8.830300331115723,198386,13.326800346374512,5.66363000869751,0.28703001141548157
1994,12,20,6,0,0.804472029209137,11.27400016784668,225,10.138500213623047,9.353599548339844,183017,13.326800346374512,5.46127986907959,0.2731100022792816
1994,12,20,9,0,0.8084629774093628,11.787599563598633,235,10.872200012207031,10.255599975585938,166461,13.326800346374512,5.075809955596924,0.24455000460147858
1994,12,20,12,0,0.8152419924736023,12.241800308227539,235,11.446200370788574,10.941499710083008,160545,13.326800346374512,4.876239776611328,0.23246000707149506
1994,12,20,15,0,0.8240460157394409,12.632399559020996,245,11.801300048828125,11.30739974975586,159434,13.326800346374512,4.774750232696533,0.24363000690937042
1994,12,20,18,0,0.8402720093727112,13.181900024414062,245,12.199700355529785,11.650300025939941,166981,13.326800346374512,4.773709774017334,0.2659499943256378
1994,12,20,21,0,0.8536490201950073,13.728799819946289,255,12.610799789428711,11.986100196838379,179762,13.326800346374512,4.841330051422119,0.2754800021648407
1994,12,21,0,0,0.8663740158081055,13.999199867248535,255,12.83329963684082,12.163299560546875,186083,19.513200759887695,4.867959976196289,0.27298998832702637
1994,12,21,3,0,0.8711079955101013,14.022500038146973,255,12.820199966430664,12.081299781799316,182645,17.73889923095703,4.813079833984375,0.2701599895954132
1994,12,21,6,0,0.8742319941520691,13.962599754333496,255,12.78439998626709,12.062000274658203,172869,17.73889923095703,4.689859867095947,0.26625001430511475
1994,12,21,9,0,0.8767939805984497,13.875300407409668,265,12.726300239562988,12.02810001373291,161251,17.73889923095703,4.5429301261901855,0.26333001255989075
1994,12,21,12,0,0.8779370188713074,13.723899841308594,265,12.58240032196045,11.883500099182129,147942,17.73889923095703,4.377379894256592,0.2633500099182129
1994,12,21,15,0,0.8758149743080139,13.516200065612793,265,12.365599632263184,11.63379955291748,132873,16.125999450683594,4.184609889984131,0.26528000831604004
1994,12,21,18,0,0.8739020228385925,13.231599807739258,265,11.789199829101562,10.536299705505371,119015,16.125999450683594,4.007669925689697,0.2788600027561188
1994,12,21,21,0,0.8703550100326538,12.62339973449707,265,10.593500137329102,8.950200080871582,114093,16.125999450683594,4.025479793548584,0.32269999384880066
1994,12,22,0,0,0.8798249959945679,12.5,265,10.512200355529785,9.004599571228027,129207,16.125999450683594,4.30511999130249,0.3280799984931946
1994,12,22,3,0,0.8989560008049011,12.93910026550293,265,11.056500434875488,9.58240032196045,158268,16.125999450683594,4.671710014343262,0.3127399981021881
1994,12,22,6,0,0.9084519743919373,13.239100456237793,265,11.260899543762207,9.684700012207031,191816,16.125999450683594,5.072969913482666,0.31108999252319336
1994,12,22,9,0,0.9061980247497559,13.109399795532227,265,11.112700462341309,9.565299987792969,207212,16.125999450683594,5.299079895019531,0.3150300085544586
1994,12,22,12,0,0.9053379893302917,12.951899528503418,265,11.048600196838379,9.583600044250488,204980,16.125999450683594,5.304930210113525,0.3106499910354614
1994,12,22,15,0,0.9031389951705933,12.636799812316895,265,10.651599884033203,9.135600090026855,201349,16.125999450683594,5.328969955444336,0.31898999214172363
1994,12,22,18,0,0.9026479721069336,12.45110034942627,265,10.436599731445312,8.871600151062012,195367,16.125999450683594,5.293499946594238,0.32082998752593994
1994,12,22,21,0,0.9066500067710876,12.56350040435791,265,10.682999610900879,9.203499794006348,198646,14.659700393676758,5.315010070800781,0.3126400113105774
1994,12,23,0,0,0.9147319793701172,12.735799789428711,265,11.116800308227539,9.873700141906738,202032,14.659700393676758,5.320189952850342,0.2937299907207489
1994,12,23,3,0,0.9148250222206116,12.468199729919434,255,10.883500099182129,9.65369987487793,184337,14.659700393676758,5.144710063934326,0.2928600013256073
1994,12,23,6,0,0.908070981502533,11.972200393676758,255,10.328399658203125,9.071900367736816,160579,14.659700393676758,4.917640209197998,0.3048099875450134
1994,12,23,9,0,0.9059450030326843,11.76729965209961,255,10.226900100708008,9.027700424194336,137205,14.659700393676758,4.595280170440674,0.29785001277923584
1994,12,23,12,0,0.9096329808235168,11.680700302124023,255,10.237099647521973,9.086600303649902,118946,14.659700393676758,4.299610137939453,0.28762000799179077
1994,12,23,15,0,0.9098179936408997,11.468199729919434,255,9.968400001525879,8.715499877929688,104962,13.326800346374512,4.084179878234863,0.28975000977516174
1994,12,23,18,0,0.8950380086898804,10.86970043182373,255,9.19320011138916,7.900899887084961,95605,13.326800346374512,4.021759986877441,0.318340003490448
1994,12,23,21,0,0.8850110173225403,10.756500244140625,245,9.358599662780762,8.295499801635742,88157,13.326800346374512,3.894589900970459,0.30219998955726624
1994,12,24,0,0,0.8759310245513916,10.50409984588623,245,8.982799530029297,7.768599987030029,79815,13.326800346374512,3.7597200870513916,0.30956000089645386
1994,12,24,3,0,0.8559769988059998,9.828300476074219,235,8.185999870300293,7.001699924468994,79375,13.326800346374512,3.898010015487671,0.34068000316619873
1994,12,24,6,0,0.8479530215263367,9.719200134277344,235,8.145400047302246,7.019499778747559,93093,12.114999771118164,4.253960132598877,0.3365600109100342
1994,12,24,9,0,0.8374379873275757,10.113800048828125,235,8.741100311279297,7.718699932098389,90638,12.114999771118164,4.107260227203369,0.3109700083732605
1994,12,24,12,0,0.8227279782295227,10.726699829101562,235,9.655500411987305,8.947400093078613,74180,12.114999771118164,3.5924699306488037,0.28317999839782715
1994,12,24,15,0,0.8319730162620544,10.899900436401367,245,9.966699600219727,9.420499801635742,71239,11.013500213623047,3.4900500774383545,0.27608999609947205
1994,12,24,18,0,0.8457350134849548,10.822999954223633,255,9.718799591064453,9.069899559020996,70987,10.01200008392334,3.493690013885498,0.2998400032520294
1994,12,24,21,0,0.8531579971313477,10.6451997756958,255,9.016799926757812,7.877600193023682,66602,14.659700393676758,3.404949903488159,0.3420400023460388
1994,12,25,0,0,0.8781800270080566,10.227299690246582,265,8.56719970703125,7.480500221252441,69350,14.659700393676758,3.554919958114624,0.3610999882221222
1994,12,25,3,0,0.8961039781570435,10.21560001373291,265,8.683600425720215,7.680699825286865,71131,14.659700393676758,3.6057300567626953,0.3484399914741516
1994,12,25,6,0,0.9041889905929565,10.697400093078613,265,9.343400001525879,8.46310043334961,63810,14.659700393676758,3.324130058288574,0.3179599940776825
1994,12,25,9,0,0.9090369939804077,11.031999588012695,265,9.870800018310547,9.120599746704102,57408,13.326800346374512,3.098249912261963,0.28780001401901245
1994,12,25,12,0,0.9100710153579712,11.019499778747559,265,9.85569953918457,8.927399635314941,50298,13.326800346374512,2.90408992767334,0.2754400074481964
1994,12,25,15,0,0.8912129998207092,9.920700073242188,265,7.94890022277832,6.573599815368652,43066,13.326800346374512,2.8468899726867676,0.35804998874664307
1994,12,25,18,0,0.8177880048751831,8.476499557495117,245,6.961900234222412,6.008399963378906,41718,13.326800346374512,3.080209970474243,0.3803800046443939
1994,12,25,21,0,0.8160960078239441,8.208900451660156,225,6.912399768829346,6.026500225067139,54674,9.101699829101562,3.6122100353240967,0.3449000120162964
1994,12,26,0,0,0.8039519786834717,8.39840030670166,225,7.281400203704834,6.482800006866455,52044,9.101699829101562,3.487339973449707,0.3158800005912781
1994,12,26,3,0,0.7958289980888367,8.050299644470215,215,6.968900203704834,6.2093000411987305,55935,9.101699829101562,3.7050399780273438,0.3209399878978729
1994,12,26,6,0,0.8222090005874634,8.474100112915039,225,7.557700157165527,6.900700092315674,73723,9.101699829101562,4.141540050506592,0.28856998682022095
1994,12,26,9,0,0.8350059986114502,9.05109977722168,225,8.166299819946289,7.558899879455566,100372,9.101699829101562,4.650010108947754,0.2792600095272064
1994,12,26,12,0,0.8449509739875793,10.363499641418457,245,9.543700218200684,9.051400184631348,106065,11.013500213623047,4.399320125579834,0.26249998807907104
1994,12,26,15,0,0.8712170124053955,11.139900207519531,255,10.279000282287598,9.770400047302246,110509,13.326800346374512,4.289790153503418,0.2595899999141693
1994,12,26,18,0,0.8866329789161682,11.622099876403809,255,10.701000213623047,10.166799545288086,111708,13.326800346374512,4.199610233306885,0.26403000950813293
1994,12,26,21,0,0.8990899920463562,12.059700012207031,255,11.074399948120117,10.503899574279785,115024,14.659700393676758,4.164179801940918,0.26690998673439026
1994,12,27,0,0,0.9056249856948853,12.341899871826172,255,11.316699981689453,10.720100402832031,114401,14.659700393676758,4.093739986419678,0.26750999689102173
1994,12,27,3,0,0.9081640243530273,12.492600440979004,255,11.442399978637695,10.824600219726562,109867,14.659700393676758,3.981410026550293,0.26743000745773315
1994,12,27,6,0,0.9097440242767334,12.561300277709961,255,11.500300407409668,10.841500282287598,104137,14.659700393676758,3.861639976501465,0.2644599974155426
1994,12,27,9,0,0.9104560017585754,12.607199668884277,255,11.55090045928955,10.86989974975586,99581,14.659700393676758,3.7658801078796387,0.25951001048088074
1994,12,27,12,0,0.8828960061073303,11.496700286865234,255,9.557100296020508,8.120499610900879,104403,14.659700393676758,4.058050155639648,0.33761999011039734
1994,12,27,15,0,0.8333470225334167,11.303500175476074,245,10.000699996948242,9.184900283813477,114150,14.659700393676758,4.302539825439453,0.30698999762535095
1994,12,27,18,0,0.8144980072975159,11.38290023803711,245,10.156599998474121,9.28909969329834,113434,14.659700393676758,4.27455997467041,0.2858099937438965
1994,12,27,21,0,0.8127599954605103,11.135299682617188,245,9.660799980163574,8.503000259399414,107206,14.659700393676758,4.204470157623291,0.2994700074195862
1994,12,28,0,0,0.8108159899711609,10.747300148010254,235,9.093400001525879,7.843599796295166,98991,13.326800346374512,4.121240139007568,0.31968000531196594
1994,12,28,3,0,0.8129169940948486,10.41189956665039,235,8.871800422668457,7.762199878692627,90135,13.326800346374512,4.009880065917969,0.3227199912071228
1994,12,28,6,0,0.8108059763908386,10.626299858093262,235,9.418299674987793,8.549599647521973,73191,13.326800346374512,3.5796101093292236,0.2874299883842468
1994,12,28,9,0,0.8153510093688965,9.738100051879883,255,8.51990032196045,7.65880012512207,77444,13.326800346374512,3.8846499919891357,0.3070099949836731
1994,12,28,12,0,0.8363170027732849,9.498600006103516,265,8.436100006103516,7.704100131988525,80552,13.326800346374512,4.029729843139648,0.29462000727653503
1994,12,28,15,0,0.8485720157623291,9.502599716186523,275,8.454400062561035,7.709799766540527,70078,12.114999771118164,3.7603700160980225,0.2880600094795227
1994,12,28,18,0,0.8587139844894409,9.303999900817871,275,8.188699722290039,7.3846001625061035,58599,12.114999771118164,3.4807300567626953,0.2973000109195709
1994,12,28,21,0,0.8624039888381958,9.132800102233887,275,7.987299919128418,7.164400100708008,47984,12.114999771118164,3.183769941329956,0.3042300045490265
1994,12,29,0,0,0.8652629852294922,9.292799949645996,275,8.218999862670898,7.434700012207031,37811,12.114999771118164,2.7999799251556396,0.2912600040435791
1994,12,29,3,0,0.8659740090370178,9.437999725341797,275,8.452199935913086,7.741099834442139,30706,12.114999771118164,2.5025100708007812,0.2790299952030182
1994,12,29,6,0,0.870697021484375,9.549500465393066,265,8.658100128173828,8.0600004196167,25743,12.114999771118164,2.2781100273132324,0.2722199857234955
1994,12,29,9,0,0.8761510252952576,9.679400444030762,265,8.782999992370605,8.218999862670898,22268,12.114999771118164,2.1048600673675537,0.2885200083255768
1994,12,29,12,0,0.8849409818649292,10.064200401306152,265,8.976699829101562,8.381699562072754,20834,11.013500213623047,1.9925400018692017,0.344870001077652
1994,12,29,15,0,0.9021300077438354,11.196000099182129,265,9.567999839782715,8.795599937438965,23715,11.013500213623047,1.9967199563980103,0.4105600118637085
1994,12,29,18,0,0.9268789887428284,13.052399635314941,275,10.821800231933594,9.708900451660156,33866,19.513200759887695,2.1779398918151855,0.4047499895095825
1994,12,29,21,0,0.9468680024147034,14.62090015411377,275,12.347800254821777,10.97249984741211,51154,19.513200759887695,2.4987499713897705,0.3440200090408325
1994,12,30,0,0,0.9563990235328674,15.370100021362305,275,13.416299819946289,12.020000457763672,67735,19.513200759887695,2.785409927368164,0.29128000140190125
1994,12,30,3,0,0.9610130190849304,15.494999885559082,275,13.528400421142578,11.20009994506836,79289,17.73889923095703,2.9906699657440186,0.257889986038208
1994,12,30,6,0,0.960981011390686,15.223400115966797,275,12.996700286865234,10.492600440979004,91944,17.73889923095703,3.245029926300049,0.2598699927330017
1994,12,30,9,0,0.9613050222396851,15.319700241088867,275,13.36709976196289,11.032699584960938,105945,17.73889923095703,3.474479913711548,0.25025999546051025
1994,12,30,12,0,0.9606379866600037,15.434800148010254,275,13.512800216674805,11.100700378417969,120858,17.73889923095703,3.695460081100464,0.24360999464988708
1994,12,30,15,0,0.9606019854545593,15.28909969329834,265,13.468600273132324,11.121100425720215,130157,16.125999450683594,3.8483400344848633,0.23306000232696533
1994,12,30,18,0,0.9598559737205505,14.96150016784668,265,13.25570011138916,11.029399871826172,126341,16.125999450683594,3.831860065460205,0.22643999755382538
1994,12,30,21,0,0.955594003200531,14.548299789428711,265,12.88860034942627,10.813199996948242,110796,16.125999450683594,3.6431899070739746,0.22978000342845917
1994,12,31,0,0,0.9504799842834473,14.236900329589844,265,12.637800216674805,10.5068998336792,95813,16.125999450683594,3.4293200969696045,0.22652000188827515
1994,12,31,3,0,0.942084014415741,13.900899887084961,265,12.061599731445312,9.694100379943848,85981,14.659700393676758,3.291599988937378,0.23604999482631683
1994,12,31,6,0,0.928068995475769,13.461099624633789,265,11.535499572753906,9.396699905395508,77129,14.659700393676758,3.174690008163452,0.2545599937438965
1994,12,31,9,0,0.9097610116004944,12.902400016784668,265,10.803099632263184,8.760100364685059,67043,14.659700393676758,3.0327200889587402,0.2781600058078766
1994,12,31,12,0,0.8785340189933777,12.219900131225586,265,10.090800285339355,8.223299980163574,57877,14.659700393676758,2.9101099967956543,0.3029800057411194
1994,12,31,15,0,0.8228570222854614,11.368800163269043,265,9.0447998046875,7.292799949645996,50648,13.326800346374512,2.8399100303649902,0.3412199914455414
1994,12,31,18,0,0.7797499895095825,10.913100242614746,255,8.641799926757812,6.991600036621094,44641,13.326800346374512,2.7330501079559326,0.35126999020576477
1994,12,31,21,0,0.7531980276107788,10.695300102233887,255,8.67300033569336,7.156400203704834,39225,13.326800346374512,2.5981500148773193,0.3399200141429901
