Source,Location ID,Jurisdiction,Latitude,Longitude,Time Zone,Local Time Zone,Distance to Shore,Directionality Coefficient,Energy Period,Maximum Energy Direction,Mean Absolute Period,Mean Wave Direction,Mean Zero-Crossing Period,Wave Power,Peak Period,Significant Wave Height,Spectral Width,Water Depth,Version
DOE-WPTO US Wave dataset,102698,b'Federal',48.1635,-124.906,0,-8,10749.468,-,s,deg,s,deg,s,W/m,s,m,-,69,unknown
Year,Month,Day,Hour,Minute,Directionality Coefficient,Energy Period,Maximum Energy Direction,Mean Absolute Period,Mean Zero-Crossing Period,Wave Power,Peak Period,Significant Wave Height,Spectral Width
2014,1,1,0,0,0.9677789807319641,11.17770004272461,272.5,9.801400184631348,N/A,27978,14.136300086975098,2.1412100791931152,0.2985999882221222
2014,1,1,3,0,0.9685279726982117,11.133099555969238,272.5,9.86299991607666,N/A,24886,14.136300086975098,2.0256400108337402,0.2870599925518036
2014,1,1,6,0,0.9677410125732422,11.01449966430664,272.5,9.811699867248535,N/A,21641,14.136300086975098,1.9024399518966675,0.28158000111579895
2014,1,1,9,0,0.9660850167274475,10.887900352478027,272.5,9.724300384521484,N/A,18869,12.851200103759766,1.7901899814605713,0.2795499861240387
2014,1,1,12,0,0.9606090188026428,10.630900382995605,272.5,9.46660041809082,N/A,15128,12.851200103759766,1.6272499561309814,0.28591999411582947
2014,1,1,15,0,0.9543880224227905,10.53380012512207,272.5,9.342399597167969,N/A,13484,12.851200103759766,1.5455299615859985,0.28894999623298645
2014,1,1,18,0,0.9424660205841064,10.328399658203125,272.5,8.95989990234375,N/A,11503,12.851200103759766,1.4434499740600586,0.31352001428604126
2014,1,1,21,0,0.9375500082969666,10.31719970703125,272.5,8.874500274658203,N/A,10909,12.851200103759766,1.4065500497817993,0.3262999951839447
2014,1,2,0,0,0.9316689968109131,10.125,272.5,8.618399620056152,N/A,9193,11.682900428771973,1.3053900003433228,0.3465000092983246
2014,1,2,3,0,0.9310029745101929,10.286299705505371,272.5,8.565600395202637,N/A,8529,11.682900428771973,1.2440999746322632,0.3741399943828583
2014,1,2,6,0,0.9269859790802002,10.328399658203125,272.5,8.352299690246582,N/A,7970,17.104999542236328,1.1962900161743164,0.40439000725746155
2014,1,2,9,0,0.9298570156097412,10.186599731445312,272.5,8.145600318908691,N/A,9019,15.550000190734863,1.282039999961853,0.4048599898815155
2014,1,2,12,0,0.92085200548172,9.30840015411377,267.5,6.93179988861084,N/A,15330,15.550000190734863,1.7548600435256958,0.45170000195503235
2014,1,2,15,0,0.8945350050926208,9.075699806213379,267.5,6.978600025177002,N/A,23855,15.550000190734863,2.225290060043335,0.4375700056552887
2014,1,2,18,0,0.8551579713821411,8.6225004196167,262.5,6.735499858856201,N/A,35880,11.682900428771973,2.8144500255584717,0.4447000026702881
2014,1,2,21,0,0.8250210285186768,8.819299697875977,257.5,7.091400146484375,N/A,48557,15.550000190734863,3.2366299629211426,0.43355000019073486
2014,1,3,0,0,0.8501240015029907,9.69279956817627,262.5,8.009099960327148,N/A,55255,15.550000190734863,3.2678399085998535,0.4057599902153015
2014,1,3,3,0,0.8960649967193604,10.462800025939941,272.5,8.633600234985352,N/A,55633,15.550000190734863,3.129849910736084,0.3842799961566925
2014,1,3,6,0,0.9188669919967651,9.355899810791016,277.5,7.802700042724609,N/A,77129,14.136300086975098,3.945280075073242,0.391620010137558
2014,1,3,9,0,0.9290649890899658,9.473400115966797,282.5,8.049500465393066,N/A,76095,14.136300086975098,3.898669958114624,0.36427998542785645
2014,1,3,12,0,0.9289339780807495,9.23859977722168,282.5,7.980199813842773,N/A,73206,14.136300086975098,3.889309883117676,0.3483799993991852
2014,1,3,15,0,0.9355890154838562,9.413700103759766,282.5,7.9756999015808105,N/A,59563,14.136300086975098,3.459290027618408,0.361270010471344
2014,1,3,18,0,0.9322670102119446,9.107999801635742,282.5,7.543099880218506,N/A,49331,14.136300086975098,3.201359987258911,0.3849300146102905
2014,1,3,21,0,0.925894021987915,8.74940013885498,282.5,7.302299976348877,N/A,45352,12.851200103759766,3.1473801136016846,0.38183000683784485
2014,1,4,0,0,0.9410499930381775,9.388799667358398,282.5,8.220800399780273,N/A,42157,12.851200103759766,2.92399001121521,0.32684001326560974
2014,1,4,3,0,0.947521984577179,9.65429973602295,282.5,8.595600128173828,N/A,34183,12.851200103759766,2.593369960784912,0.30597999691963196
2014,1,4,6,0,0.9496030211448669,9.793899536132812,282.5,8.7475004196167,N/A,28404,12.851200103759766,2.3446900844573975,0.2984299957752228
2014,1,4,9,0,0.9506059885025024,9.973299980163574,282.5,8.923199653625488,N/A,24958,11.682900428771973,2.1744298934936523,0.29120001196861267
2014,1,4,12,0,0.9517689943313599,10.141799926757812,282.5,9.09220027923584,N/A,22766,11.682900428771973,2.0562400817871094,0.2847999930381775
2014,1,4,15,0,0.9489129781723022,10.10569953918457,282.5,9.069999694824219,N/A,19362,12.851200103759766,1.9012000560760498,0.28328999876976013
2014,1,4,18,0,0.950721025466919,10.316499710083008,282.5,9.30739974975586,N/A,18916,12.851200103759766,1.8578100204467773,0.2745499908924103
2014,1,4,21,0,0.949209988117218,10.301899909973145,282.5,9.326000213623047,N/A,16974,11.682900428771973,1.7636499404907227,0.27386999130249023
2014,1,5,0,0,0.9489560127258301,10.358200073242188,282.5,9.370800018310547,N/A,15557,11.682900428771973,1.6845699548721313,0.28395000100135803
2014,1,5,3,0,0.9478650093078613,10.422200202941895,282.5,9.40250015258789,N/A,13769,11.682900428771973,1.5795600414276123,0.2945399880409241
2014,1,5,6,0,0.9478700160980225,10.57509994506836,282.5,8.510700225830078,N/A,13035,11.682900428771973,1.5188000202178955,0.3405799865722656
2014,1,5,9,0,0.9406129717826843,10.657299995422363,282.5,8.135100364685059,N/A,12367,17.104999542236328,1.46628999710083,0.3843199908733368
2014,1,5,12,0,0.9289680123329163,10.405699729919434,282.5,7.5355000495910645,N/A,10604,15.550000190734863,1.3714499473571777,0.413100004196167
2014,1,5,15,0,0.9227030277252197,10.587699890136719,282.5,7.375400066375732,N/A,9823,15.550000190734863,1.3014600276947021,0.4192500114440918
2014,1,5,18,0,0.9002990126609802,10.336600303649902,277.5,6.598499774932861,N/A,8902,15.550000190734863,1.2498799562454224,0.4601300060749054
2014,1,5,21,0,0.8832799792289734,10.264900207519531,272.5,6.258500099182129,N/A,9440,15.550000190734863,1.2878299951553345,0.47826001048088074
2014,1,6,0,0,0.8594610095024109,9.828700065612793,267.5,5.949399948120117,N/A,9312,14.136300086975098,1.3099700212478638,0.49616000056266785
2014,1,6,3,0,0.8449869751930237,9.509699821472168,262.5,5.736999988555908,N/A,9899,14.136300086975098,1.3759499788284302,0.5084699988365173
2014,1,6,6,0,0.8425340056419373,9.376700401306152,257.5,5.720200061798096,N/A,10506,12.851200103759766,1.4304800033569336,0.5064299702644348
2014,1,6,9,0,0.8392159938812256,9.096500396728516,252.5,5.628799915313721,N/A,10970,12.851200103759766,1.4893200397491455,0.5127699971199036
2014,1,6,12,0,0.8679620027542114,9.606300354003906,247.5,6.337100028991699,N/A,11526,12.851200103759766,1.486899971961975,0.4529300034046173
2014,1,6,15,0,0.8966479897499084,10.27079963684082,247.5,7.384900093078613,N/A,12340,12.851200103759766,1.4876899719238281,0.3790299892425537
2014,1,6,18,0,0.9095500111579895,10.577799797058105,247.5,8.191200256347656,N/A,12762,12.851200103759766,1.492550015449524,0.33136001229286194
2014,1,6,21,0,0.8978760242462158,9.680899620056152,242.5,7.537499904632568,N/A,14152,12.851200103759766,1.6548800468444824,0.37119999527931213
2014,1,7,0,0,0.8837609887123108,8.926600456237793,232.5,7.249599933624268,N/A,16911,11.682900428771973,1.900820016860962,0.377810001373291
2014,1,7,3,0,0.8699359893798828,8.494400024414062,232.5,6.665200233459473,N/A,17562,11.682900428771973,1.9923700094223022,0.4068300127983093
2014,1,7,6,0,0.8480430245399475,8.02280044555664,227.5,6.3343000411987305,N/A,18641,11.682900428771973,2.122339963912964,0.4180999994277954
2014,1,7,9,0,0.820514976978302,7.878399848937988,222.5,6.394700050354004,N/A,20696,11.682900428771973,2.264319896697998,0.40487000346183777
2014,1,7,12,0,0.8069390058517456,8.041600227355957,222.5,6.617599964141846,N/A,20796,10.620800018310547,2.2464399337768555,0.3954299986362457
2014,1,7,15,0,0.8059449791908264,8.030900001525879,227.5,6.623899936676025,N/A,21237,7.979499816894531,2.2726099491119385,0.3958599865436554
2014,1,7,18,0,0.8239989876747131,8.188799858093262,227.5,6.913599967956543,N/A,23575,7.979499816894531,2.374619960784912,0.36890000104904175
2014,1,7,21,0,0.8086580038070679,8.467499732971191,232.5,7.11460018157959,N/A,25419,8.77750015258789,2.4170899391174316,0.37672001123428345
2014,1,8,0,0,0.7979789972305298,8.587200164794922,237.5,7.151400089263916,N/A,25518,10.620800018310547,2.3999600410461426,0.3856399953365326
2014,1,8,3,0,0.7931230068206787,8.648300170898438,237.5,7.151700019836426,N/A,25236,10.620800018310547,2.3744099140167236,0.3928599953651428
2014,1,8,6,0,0.7917600274085999,8.869500160217285,242.5,7.268899917602539,N/A,25572,9.655200004577637,2.35086989402771,0.4025000035762787
2014,1,8,9,0,0.8020740151405334,9.229000091552734,252.5,7.574100017547607,N/A,25302,15.550000190734863,2.2815799713134766,0.3996700048446655
2014,1,8,12,0,0.822396993637085,9.539299964904785,257.5,7.80709981918335,N/A,24653,15.550000190734863,2.206929922103882,0.38905999064445496
2014,1,8,15,0,0.8259209990501404,9.09119987487793,257.5,6.927800178527832,N/A,24258,14.136300086975098,2.2408900260925293,0.43682000041007996
2014,1,8,18,0,0.8033329844474792,8.3233003616333,252.5,6.442999839782715,N/A,28398,14.136300086975098,2.5480198860168457,0.45785999298095703
2014,1,8,21,0,0.7963770031929016,7.583899974822998,237.5,6.35830020904541,N/A,40987,7.979499816894531,3.2581799030303955,0.3908799886703491
2014,1,9,0,0,0.8284400105476379,8.50570011138916,237.5,7.610599994659424,N/A,49154,8.77750015258789,3.367729902267456,0.30511000752449036
2014,1,9,3,0,0.820626974105835,8.457099914550781,242.5,7.52209997177124,N/A,50142,8.77750015258789,3.4131200313568115,0.30741000175476074
2014,1,9,6,0,0.8348619937896729,8.506199836730957,262.5,7.690800189971924,N/A,65913,8.77750015258789,3.9091999530792236,0.28374001383781433
2014,1,9,9,0,0.8630359768867493,8.964900016784668,267.5,8.122400283813477,N/A,70117,9.655200004577637,3.907949924468994,0.283050000667572
2014,1,9,12,0,0.8759269714355469,9.378199577331543,267.5,8.411999702453613,N/A,54294,9.655200004577637,3.3396599292755127,0.3004699945449829
2014,1,9,15,0,0.8973789811134338,10.166199684143066,267.5,9.121700286865234,N/A,50925,12.851200103759766,3.0760200023651123,0.29916998744010925
2014,1,9,18,0,0.9074230194091797,10.825400352478027,272.5,9.473299980163574,N/A,60238,12.851200103759766,3.2140300273895264,0.29850998520851135
2014,1,9,21,0,0.8628259897232056,9.89229965209961,272.5,7.869900226593018,N/A,77772,12.851200103759766,3.824270009994507,0.3930099904537201
2014,1,10,0,0,0.8193899989128113,9.791500091552734,262.5,8.33650016784668,N/A,82375,12.851200103759766,3.977329969406128,0.35815998911857605
2014,1,10,3,0,0.8676199913024902,9.809100151062012,267.5,8.429499626159668,N/A,85042,12.851200103759766,4.041039943695068,0.3488200008869171
2014,1,10,6,0,0.8779169917106628,9.766900062561035,267.5,8.493200302124023,N/A,76810,11.682900428771973,3.856300115585327,0.33748000860214233
2014,1,10,9,0,0.881138026714325,9.7431001663208,267.5,8.427000045776367,N/A,73489,12.851200103759766,3.7769598960876465,0.3404900133609772
2014,1,10,12,0,0.9020910263061523,10.531700134277344,272.5,9.260899543762207,N/A,93254,12.851200103759766,4.0617499351501465,0.3143100142478943
2014,1,10,15,0,0.9323700070381165,11.56879997253418,277.5,10.177800178527832,N/A,135868,12.851200103759766,4.627280235290527,0.3002200126647949
2014,1,10,18,0,0.946819007396698,12.58530044555664,277.5,11.35770034790039,N/A,158196,14.136300086975098,4.746119976043701,0.27164000272750854
2014,1,10,21,0,0.9495180249214172,12.756699562072754,277.5,11.661600112915039,N/A,138792,15.550000190734863,4.408870220184326,0.2557699978351593
2014,1,11,0,0,0.9420469999313354,12.174699783325195,277.5,10.326700210571289,N/A,116969,15.550000190734863,4.1511101722717285,0.296640008687973
2014,1,11,3,0,0.8645390272140503,10.388199806213379,267.5,8.34119987487793,N/A,93772,14.136300086975098,4.076159954071045,0.37887001037597656
2014,1,11,6,0,0.8039569854736328,9.590700149536133,247.5,8.433699607849121,N/A,105626,8.77750015258789,4.580880165100098,0.3232100009918213
2014,1,11,9,0,0.796205997467041,9.810600280761719,232.5,9.038800239562988,N/A,121405,9.655200004577637,4.873869895935059,0.2584100067615509
2014,1,11,12,0,0.7842550277709961,10.025199890136719,237.5,9.132100105285645,N/A,113057,10.620800018310547,4.635000228881836,0.261709988117218
2014,1,11,15,0,0.7950299978256226,10.189299583435059,242.5,9.299599647521973,N/A,115725,10.620800018310547,4.64132022857666,0.25613999366760254
2014,1,11,18,0,0.8139100074768066,9.84000015258789,237.5,8.816399574279785,N/A,134855,10.620800018310547,5.110479831695557,0.27847999334335327
2014,1,11,21,0,0.8608409762382507,10.56779956817627,237.5,9.679800033569336,N/A,174112,11.682900428771973,5.563010215759277,0.25589001178741455
2014,1,12,0,0,0.9125139713287354,11.699600219726562,247.5,10.509599685668945,N/A,236731,12.851200103759766,6.0773701667785645,0.2863300144672394
2014,1,12,3,0,0.9306650161743164,12.39109992980957,257.5,10.72029972076416,N/A,368592,15.550000190734863,7.3338799476623535,0.333079993724823
2014,1,12,6,0,0.9277539849281311,12.694899559020996,262.5,11.025799751281738,N/A,461633,17.104999542236328,8.093839645385742,0.3293299973011017
2014,1,12,9,0,0.9378229975700378,13.192700386047363,262.5,11.695599555969238,N/A,310402,17.104999542236328,6.478179931640625,0.297789990901947
2014,1,12,12,0,0.9497770071029663,13.314200401306152,262.5,12.123499870300293,N/A,220509,15.550000190734863,5.420730113983154,0.2601900100708008
2014,1,12,15,0,0.9503269791603088,12.950300216674805,267.5,11.998000144958496,N/A,168609,15.550000190734863,4.815800189971924,0.23680999875068665
2014,1,12,18,0,0.9428499937057495,12.251299858093262,267.5,11.33430004119873,N/A,112125,14.136300086975098,4.062129974365234,0.24017000198364258
2014,1,12,21,0,0.9374179840087891,10.671899795532227,262.5,9.207900047302246,N/A,90926,14.136300086975098,3.9686501026153564,0.3130500018596649
2014,1,13,0,0,0.9343900084495544,10.083499908447266,267.5,8.83650016784668,N/A,82948,12.851200103759766,3.932300090789795,0.3067300021648407
2014,1,13,3,0,0.9302489757537842,10.008700370788574,267.5,8.918299674987793,N/A,71384,12.851200103759766,3.6730799674987793,0.28821998834609985
2014,1,13,6,0,0.9277439713478088,9.74470043182373,267.5,8.480199813842773,N/A,67692,11.682900428771973,3.630160093307495,0.3097899854183197
2014,1,13,9,0,0.9262949824333191,9.93850040435791,272.5,8.7298002243042,N/A,76471,12.851200103759766,3.8114500045776367,0.3075200021266937
2014,1,13,12,0,0.9290599822998047,10.394200325012207,272.5,9.065699577331543,N/A,81873,12.851200103759766,3.8330700397491455,0.3098900020122528
2014,1,13,15,0,0.9355909824371338,10.884499549865723,277.5,9.365599632263184,N/A,94333,12.851200103759766,3.9943299293518066,0.32041001319885254
2014,1,13,18,0,0.9465050101280212,11.706100463867188,277.5,10.256999969482422,N/A,108395,14.136300086975098,4.099760055541992,0.2996099889278412
2014,1,13,21,0,0.9526600241661072,12.115699768066406,282.5,10.688599586486816,N/A,116463,14.136300086975098,4.162519931793213,0.28929999470710754
2014,1,14,0,0,0.9571499824523926,12.474499702453613,282.5,11.185600280761719,N/A,118130,14.136300086975098,4.122509956359863,0.27612000703811646
2014,1,14,3,0,0.960332989692688,12.671699523925781,282.5,11.475299835205078,N/A,112055,14.136300086975098,3.980180025100708,0.2672100067138672
2014,1,14,6,0,0.9638500213623047,12.808699607849121,282.5,11.65779972076416,N/A,106320,14.136300086975098,3.852799892425537,0.2620899975299835
2014,1,14,9,0,0.9663529992103577,12.866399765014648,282.5,11.737199783325195,N/A,98195,15.550000190734863,3.6930201053619385,0.2602800130844116
2014,1,14,12,0,0.9677259922027588,12.796099662780762,282.5,11.691200256347656,N/A,86766,15.550000190734863,3.482789993286133,0.2591499984264374
2014,1,14,15,0,0.9649930000305176,12.657500267028809,277.5,11.527299880981445,N/A,70373,15.550000190734863,3.156320095062256,0.2640100121498108
2014,1,14,18,0,0.9688249826431274,12.547599792480469,282.5,11.464799880981445,N/A,62881,15.550000190734863,2.999039888381958,0.25885000824928284
2014,1,14,21,0,0.9683489799499512,12.5693998336792,277.5,11.479000091552734,N/A,55281,15.550000190734863,2.8074800968170166,0.2563000023365021
2014,1,15,0,0,0.9701899886131287,12.433600425720215,277.5,11.366499900817871,N/A,48249,15.550000190734863,2.6403000354766846,0.25532999634742737
2014,1,15,3,0,0.9703909754753113,12.367199897766113,277.5,11.313799858093262,N/A,43961,15.550000190734863,2.528700113296509,0.25485000014305115
2014,1,15,6,0,0.9708849787712097,12.32960033416748,282.5,11.28950023651123,N/A,42736,14.136300086975098,2.498579978942871,0.2554599940776825
2014,1,15,9,0,0.9710260033607483,12.546600341796875,277.5,11.499500274658203,N/A,46245,14.136300086975098,2.5715599060058594,0.2529599964618683
2014,1,15,12,0,0.9736040234565735,12.847800254821777,282.5,11.854000091552734,N/A,55839,14.136300086975098,2.7853798866271973,0.2410299926996231
2014,1,15,15,0,0.9743040204048157,12.958999633789062,277.5,12.060400009155273,N/A,64537,15.550000190734863,2.9785799980163574,0.2266400009393692
2014,1,15,18,0,0.9748700261116028,12.828499794006348,277.5,12.01710033416748,N/A,67853,14.136300086975098,3.0731499195098877,0.21714000403881073
2014,1,15,21,0,0.9737100005149841,12.637900352478027,272.5,11.882699966430664,N/A,66835,14.136300086975098,3.078279972076416,0.21164000034332275
2014,1,16,0,0,0.9729549884796143,12.435099601745605,272.5,11.70110034942627,N/A,61448,14.136300086975098,2.9814999103546143,0.21038000285625458
2014,1,16,3,0,0.9691969752311707,12.248299598693848,272.5,11.49940013885498,N/A,54881,14.136300086975098,2.8447299003601074,0.21494999527931213
2014,1,16,6,0,0.963795006275177,12.050399780273438,272.5,11.262900352478027,N/A,48245,12.851200103759766,2.694610118865967,0.22311000525951385
2014,1,16,9,0,0.9581509828567505,11.850500106811523,272.5,11.023200035095215,N/A,42388,12.851200103759766,2.5518100261688232,0.23106999695301056
2014,1,16,12,0,0.9528089761734009,11.6673002243042,272.5,10.797100067138672,N/A,37076,12.851200103759766,2.4094300270080566,0.23966999351978302
2014,1,16,15,0,0.9483720064163208,11.500900268554688,272.5,10.588000297546387,N/A,32557,12.851200103759766,2.2779600620269775,0.2471799999475479
2014,1,16,18,0,0.9460870027542114,11.339300155639648,272.5,10.402199745178223,N/A,28479,12.851200103759766,2.1498799324035645,0.25363999605178833
2014,1,16,21,0,0.9454060196876526,11.266799926757812,272.5,10.30679988861084,N/A,25714,12.851200103759766,2.0515599250793457,0.25949999690055847
2014,1,17,0,0,0.9454159736633301,11.292099952697754,272.5,10.309499740600586,N/A,23790,12.851200103759766,1.9709700345993042,0.2650899887084961
2014,1,17,3,0,0.9451860189437866,11.272299766540527,272.5,9.8774995803833,N/A,21900,12.851200103759766,1.8921699523925781,0.2824000120162964
2014,1,17,6,0,0.9433599710464478,11.311699867248535,272.5,9.743499755859375,N/A,20649,11.682900428771973,1.8317400217056274,0.2998499870300293
2014,1,17,9,0,0.9432759881019592,11.521499633789062,272.5,9.567999839782715,N/A,20990,15.550000190734863,1.8243600130081177,0.3190400004386902
2014,1,17,12,0,0.9473360180854797,11.936100006103516,272.5,9.780799865722656,N/A,22409,14.136300086975098,1.845460057258606,0.32569000124931335
2014,1,17,15,0,0.9496269822120667,12.397600173950195,272.5,9.95740032196045,N/A,24491,14.136300086975098,1.886579990386963,0.3353100121021271
2014,1,17,18,0,0.9490169882774353,12.72599983215332,267.5,10.239999771118164,N/A,26170,14.136300086975098,1.9200600385665894,0.3353700041770935
2014,1,17,21,0,0.9502230286598206,12.986800193786621,267.5,10.441100120544434,N/A,27025,14.136300086975098,1.9273200035095215,0.33037999272346497
2014,1,18,0,0,0.9498869776725769,13.27340030670166,267.5,11.08530044555664,N/A,27698,14.136300086975098,1.9264400005340576,0.31365999579429626
2014,1,18,3,0,0.9435189962387085,13.132499694824219,267.5,10.991999626159668,N/A,27487,14.136300086975098,1.9289400577545166,0.31442001461982727
2014,1,18,6,0,0.9324020147323608,12.843799591064453,262.5,10.36139965057373,N/A,29389,14.136300086975098,2.0173099040985107,0.334989994764328
2014,1,18,9,0,0.9156180024147034,11.944100379943848,262.5,8.866499900817871,N/A,32927,17.104999542236328,2.220060110092163,0.39757999777793884
2014,1,18,12,0,0.8932909965515137,10.89490032196045,252.5,8.195699691772461,N/A,38578,17.104999542236328,2.533859968185425,0.43290001153945923
2014,1,18,15,0,0.8962960243225098,11.024499893188477,252.5,8.274800300598145,N/A,43042,15.550000190734863,2.655400037765503,0.42318999767303467
2014,1,18,18,0,0.9031310081481934,11.27079963684082,252.5,8.538900375366211,N/A,47942,15.550000190734863,2.765889883041382,0.4029499888420105
2014,1,18,21,0,0.9181060194969177,11.852499961853027,252.5,9.566100120544434,N/A,48801,15.550000190734863,2.716939926147461,0.3475799858570099
2014,1,19,0,0,0.931207001209259,12.294500350952148,257.5,10.505599975585938,N/A,48959,14.136300086975098,2.671649932861328,0.3078800141811371
2014,1,19,3,0,0.9383130073547363,12.675299644470215,257.5,11.148500442504883,N/A,52127,14.136300086975098,2.7136099338531494,0.29319998621940613
2014,1,19,6,0,0.9433410167694092,13.156900405883789,262.5,11.729399681091309,N/A,61192,14.136300086975098,2.8776800632476807,0.28279998898506165
2014,1,19,9,0,0.9490389823913574,13.548399925231934,262.5,12.22189998626709,N/A,72272,17.104999542236328,3.0726499557495117,0.2668299973011017
2014,1,19,12,0,0.9518489837646484,13.785799980163574,262.5,12.562199592590332,N/A,81711,15.550000190734863,3.232369899749756,0.2519899904727936
2014,1,19,15,0,0.9512320160865784,13.841400146484375,262.5,12.66450023651123,N/A,82748,15.550000190734863,3.244570016860962,0.24637000262737274
2014,1,19,18,0,0.952987015247345,13.944899559020996,267.5,12.827899932861328,N/A,86767,15.550000190734863,3.3075098991394043,0.23851999640464783
2014,1,19,21,0,0.9528949856758118,13.866700172424316,267.5,12.78950023651123,N/A,83594,15.550000190734863,3.25642991065979,0.2352299988269806
2014,1,20,0,0,0.9513350129127502,13.681400299072266,267.5,12.644000053405762,N/A,77337,15.550000190734863,3.1557300090789795,0.23246000707149506
2014,1,20,3,0,0.9488080143928528,13.414799690246582,272.5,12.406800270080566,N/A,68483,15.550000190734863,3.003230094909668,0.2316100001335144
2014,1,20,6,0,0.943306028842926,13.121800422668457,272.5,12.124699592590332,N/A,58175,15.550000190734863,2.8039000034332275,0.23326000571250916
2014,1,20,9,0,0.9365620017051697,12.752599716186523,272.5,11.74839973449707,N/A,47883,15.550000190734863,2.589370012283325,0.24076999723911285
2014,1,20,12,0,0.9278429746627808,12.531700134277344,272.5,11.405099868774414,N/A,38151,14.136300086975098,2.343019962310791,0.2746799886226654
2014,1,20,15,0,0.9291419982910156,13.144499778747559,267.5,11.541500091552734,N/A,35781,14.136300086975098,2.2247300148010254,0.3436200022697449
2014,1,20,18,0,0.9443359971046448,14.696200370788574,267.5,12.198399543762207,N/A,45078,20.697200775146484,2.352950096130371,0.3580000102519989
2014,1,20,21,0,0.9597960114479065,16.229400634765625,267.5,13.977100372314453,N/A,65620,20.697200775146484,2.681410074234009,0.30208998918533325
2014,1,21,0,0,0.968080997467041,16.41029930114746,267.5,14.785400390625,N/A,85327,18.81559944152832,3.0195798873901367,0.2506699860095978
2014,1,21,3,0,0.9699580073356628,15.984399795532227,267.5,14.632200241088867,N/A,92227,18.81559944152832,3.170380115509033,0.22992999851703644
2014,1,21,6,0,0.9688850045204163,15.351200103759766,262.5,14.074399948120117,N/A,82812,17.104999542236328,3.065049886703491,0.2292499989271164
2014,1,21,9,0,0.9673579931259155,14.80739974975586,262.5,13.6274995803833,N/A,73052,17.104999542236328,2.932800054550171,0.22482000291347504
2014,1,21,12,0,0.9652640223503113,14.372400283813477,262.5,13.245599746704102,N/A,65245,17.104999542236328,2.8165900707244873,0.22351999580860138
2014,1,21,15,0,0.9594230055809021,13.831100463867188,262.5,12.581100463867188,N/A,58580,15.550000190734863,2.7270100116729736,0.2370699942111969
2014,1,21,18,0,0.9517289996147156,13.115400314331055,262.5,11.298700332641602,N/A,50520,15.550000190734863,2.6093599796295166,0.2755500078201294
2014,1,21,21,0,0.934382975101471,11.988100051879883,262.5,9.531599998474121,N/A,47386,15.550000190734863,2.658169984817505,0.35175999999046326
2014,1,22,0,0,0.9158099889755249,11.346500396728516,257.5,8.762999534606934,N/A,48431,14.136300086975098,2.774250030517578,0.3954100012779236
2014,1,22,3,0,0.9137409925460815,11.578700065612793,262.5,8.96619987487793,N/A,49835,14.136300086975098,2.7827999591827393,0.3905400037765503
2014,1,22,6,0,0.9179660081863403,11.639100074768066,257.5,9.077500343322754,N/A,49085,14.136300086975098,2.7548398971557617,0.37957999110221863
2014,1,22,9,0,0.9280700087547302,12.026700019836426,257.5,10.071900367736816,N/A,52133,15.550000190734863,2.7900500297546387,0.3317900002002716
2014,1,22,12,0,0.935267984867096,12.265600204467773,262.5,10.732399940490723,N/A,54907,15.550000190734863,2.833709955215454,0.2939099967479706
2014,1,22,15,0,0.9417200088500977,12.350000381469727,262.5,11.10260009765625,N/A,57632,15.550000190734863,2.8936500549316406,0.26603999733924866
2014,1,22,18,0,0.9458730220794678,12.288800239562988,262.5,11.253499984741211,N/A,59911,14.136300086975098,2.9618101119995117,0.24411000311374664
2014,1,22,21,0,0.9455230236053467,12.023300170898438,262.5,11.10319995880127,N/A,55284,14.136300086975098,2.8861498832702637,0.23571999371051788
2014,1,23,0,0,0.9407349824905396,11.621899604797363,257.5,10.73069953918457,N/A,44841,14.136300086975098,2.6563100814819336,0.24031999707221985
2014,1,23,3,0,0.9356870055198669,11.353699684143066,262.5,10.469300270080566,N/A,38639,12.851200103759766,2.5027101039886475,0.2453400045633316
2014,1,23,6,0,0.9304800033569336,11.07229995727539,262.5,10.164199829101562,N/A,32478,12.851200103759766,2.331350088119507,0.2571899890899658
2014,1,23,9,0,0.9242179989814758,10.837900161743164,257.5,9.848699569702148,N/A,26743,12.851200103759766,2.1466801166534424,0.28780999779701233
2014,1,23,12,0,0.9253029823303223,11.101799964904785,262.5,9.837599754333496,N/A,25041,12.851200103759766,2.0574400424957275,0.3567599952220917
2014,1,23,15,0,0.9401090145111084,12.559800148010254,262.5,10.275500297546387,N/A,32223,12.851200103759766,2.1925699710845947,0.4440400004386902
2014,1,23,18,0,0.9538249969482422,14.177900314331055,262.5,11.437299728393555,N/A,46026,22.76689910888672,2.4535200595855713,0.4309900104999542
2014,1,23,21,0,0.9617419838905334,15.211999893188477,262.5,12.539400100708008,N/A,59986,22.76689910888672,2.6875100135803223,0.3900099992752075
2014,1,24,0,0,0.9672939777374268,15.8503999710083,262.5,13.527799606323242,N/A,73948,20.697200775146484,2.9018900394439697,0.3415299952030182
2014,1,24,3,0,0.9708759784698486,16.20669937133789,262.5,14.245200157165527,N/A,88427,20.697200775146484,3.11722993850708,0.2974199950695038
2014,1,24,6,0,0.9732139706611633,16.219999313354492,262.5,14.598899841308594,N/A,98780,18.81559944152832,3.27659010887146,0.2636600136756897
2014,1,24,9,0,0.9742670059204102,16.058300018310547,262.5,14.700699806213379,N/A,102981,18.81559944152832,3.3519999980926514,0.24135999381542206
2014,1,24,12,0,0.9745960235595703,15.786499977111816,262.5,14.594099998474121,N/A,97893,18.81559944152832,3.2920000553131104,0.23056000471115112
2014,1,24,15,0,0.9741950035095215,15.428500175476074,262.5,14.137700080871582,N/A,87658,17.104999542236328,3.149399995803833,0.2277899980545044
2014,1,24,18,0,0.9716569781303406,15.07610034942627,262.5,13.70259952545166,N/A,76352,17.104999542236328,2.9731600284576416,0.23055000603199005
2014,1,24,21,0,0.9665949940681458,14.766599655151367,262.5,13.54990005493164,N/A,67744,17.104999542236328,2.8308498859405518,0.23128999769687653
2014,1,25,0,0,0.9567639827728271,14.229299545288086,257.5,12.928099632263184,N/A,56715,15.550000190734863,2.6432900428771973,0.2464500069618225
2014,1,25,3,0,0.9493520259857178,13.849499702453613,257.5,12.383500099182129,N/A,50080,15.550000190734863,2.5207600593566895,0.2565400004386902
2014,1,25,6,0,0.9453439712524414,13.541199684143066,257.5,11.980299949645996,N/A,42620,15.550000190734863,2.3547000885009766,0.26260998845100403
2014,1,25,9,0,0.9446370005607605,13.449799537658691,252.5,12.02239990234375,N/A,38949,15.550000190734863,2.259429931640625,0.2572999894618988
2014,1,25,12,0,0.9417759776115417,13.289299964904785,252.5,11.954099655151367,N/A,36699,14.136300086975098,2.2089200019836426,0.252810001373291
2014,1,25,15,0,0.9391080141067505,13.023099899291992,252.5,11.448100090026855,N/A,33470,14.136300086975098,2.1342198848724365,0.25628000497817993
2014,1,25,18,0,0.9278410077095032,11.88860034942627,247.5,9.427399635314941,N/A,31776,14.136300086975098,2.1861300468444824,0.3406600058078766
2014,1,25,21,0,0.9174129962921143,11.347599983215332,247.5,9.180999755859375,N/A,29516,14.136300086975098,2.1661500930786133,0.3546000123023987
2014,1,26,0,0,0.9176200032234192,11.425000190734863,247.5,9.437600135803223,N/A,25855,14.136300086975098,2.0227999687194824,0.3344300091266632
2014,1,26,3,0,0.9219020009040833,11.594499588012695,247.5,9.760899543762207,N/A,22876,12.851200103759766,1.8910499811172485,0.3174099922180176
2014,1,26,6,0,0.9179549813270569,11.809700012207031,247.5,10.137800216674805,N/A,23266,12.851200103759766,1.8944300413131714,0.31949999928474426
2014,1,26,9,0,0.9051679968833923,11.868300437927246,242.5,10.280099868774414,N/A,25880,12.851200103759766,1.997630000114441,0.3360399901866913
2014,1,26,12,0,0.8937600255012512,11.951800346374512,242.5,10.352999687194824,N/A,27388,18.81559944152832,2.0468599796295166,0.3441999852657318
2014,1,26,15,0,0.8885220289230347,12.319199562072754,247.5,10.658100128173828,N/A,30337,17.104999542236328,2.1130499839782715,0.34084001183509827
2014,1,26,18,0,0.8952630162239075,12.36240005493164,247.5,10.72089958190918,N/A,29777,17.104999542236328,2.0847699642181396,0.33114999532699585
2014,1,26,21,0,0.9035959839820862,12.421199798583984,247.5,10.84529972076416,N/A,30263,15.550000190734863,2.0924301147460938,0.31529998779296875
2014,1,27,0,0,0.9119240045547485,12.391799926757812,247.5,10.973400115966797,N/A,31729,15.550000190734863,2.1444900035858154,0.2949100136756897
2014,1,27,3,0,0.9165530204772949,12.126500129699707,247.5,10.875900268554688,N/A,31168,15.550000190734863,2.153980016708374,0.28005000948905945
2014,1,27,6,0,0.914106011390686,11.746999740600586,247.5,10.597800254821777,N/A,28176,14.136300086975098,2.0889599323272705,0.2755900025367737
2014,1,27,9,0,0.9078500270843506,11.354399681091309,247.5,10.23390007019043,N/A,23971,14.136300086975098,1.9677000045776367,0.2807900011539459
2014,1,27,12,0,0.9023609757423401,10.989899635314941,242.5,9.878899574279785,N/A,20118,14.136300086975098,1.8393399715423584,0.28696998953819275
2014,1,27,15,0,0.9027069807052612,10.700200080871582,242.5,9.44320011138916,N/A,18094,14.136300086975098,1.7721400260925293,0.30390000343322754
2014,1,27,18,0,0.9218569993972778,10.550100326538086,242.5,8.709099769592285,N/A,20828,14.136300086975098,1.9114400148391724,0.35604000091552734
2014,1,27,21,0,0.947064995765686,11.383600234985352,242.5,9.560999870300293,N/A,36906,14.136300086975098,2.4260199069976807,0.3393799960613251
2014,1,28,0,0,0.959318995475769,11.995100021362305,242.5,10.528599739074707,N/A,57270,14.136300086975098,2.9326300621032715,0.2884399890899658
2014,1,28,3,0,0.9622510075569153,11.85770034790039,237.5,10.618399620056152,N/A,65284,14.136300086975098,3.1572999954223633,0.27226999402046204
2014,1,28,6,0,0.961916983127594,11.7568998336792,237.5,10.614100456237793,N/A,66272,14.136300086975098,3.2007501125335693,0.26798000931739807
2014,1,28,9,0,0.9549340009689331,11.906999588012695,237.5,10.713899612426758,N/A,67330,14.136300086975098,3.2025399208068848,0.27744999527931213
2014,1,28,12,0,0.945563018321991,12.182600021362305,242.5,10.948200225830078,N/A,75556,15.550000190734863,3.344130039215088,0.2775000035762787
2014,1,28,15,0,0.935854971408844,12.267800331115723,247.5,11.067999839782715,N/A,79517,15.550000190734863,3.4135499000549316,0.2674500048160553
2014,1,28,18,0,0.9271559715270996,12.179100036621094,247.5,11.013400077819824,N/A,75874,14.136300086975098,3.3482799530029297,0.2606799900531769
2014,1,28,21,0,0.9179139733314514,12.07229995727539,247.5,10.977399826049805,N/A,68507,14.136300086975098,3.200629949569702,0.25393998622894287
2014,1,29,0,0,0.9107099771499634,11.916500091552734,252.5,10.846199989318848,N/A,61358,12.851200103759766,3.0553300380706787,0.2556400001049042
2014,1,29,3,0,0.9039850234985352,11.89009952545166,252.5,10.840999603271484,N/A,57875,12.851200103759766,2.9735100269317627,0.25648000836372375
2014,1,29,6,0,0.9006360173225403,11.80459976196289,252.5,10.74899959564209,N/A,52329,12.851200103759766,2.8408000469207764,0.2612999975681305
2014,1,29,9,0,0.898813009262085,11.80150032043457,257.5,10.75220012664795,N/A,48720,12.851200103759766,2.7416698932647705,0.2625899910926819
2014,1,29,12,0,0.8938109874725342,11.67490005493164,257.5,10.567399978637695,N/A,45481,14.136300086975098,2.6655099391937256,0.269540011882782
2014,1,29,15,0,0.889618992805481,11.649499893188477,257.5,10.503199577331543,N/A,43840,14.136300086975098,2.6193699836730957,0.2714399993419647
2014,1,29,18,0,0.8773360252380371,11.349300384521484,257.5,10.142399787902832,N/A,41483,14.136300086975098,2.5876200199127197,0.2818700075149536
2014,1,29,21,0,0.850534975528717,10.855600357055664,257.5,9.646200180053711,N/A,41527,14.136300086975098,2.658519983291626,0.3015899956226349
2014,1,30,0,0,0.8392729759216309,10.54520034790039,252.5,9.382399559020996,N/A,37587,14.136300086975098,2.5767500400543213,0.30191999673843384
2014,1,30,3,0,0.8497740030288696,9.958000183105469,252.5,8.746000289916992,N/A,38721,12.851200103759766,2.709660053253174,0.3124200105667114
2014,1,30,6,0,0.8759520053863525,9.437899589538574,267.5,8.423299789428711,N/A,59225,10.620800018310547,3.4716999530792236,0.29728999733924866
2014,1,30,9,0,0.9001970291137695,9.521900177001953,277.5,8.51039981842041,N/A,66394,10.620800018310547,3.6588900089263916,0.29273998737335205
2014,1,30,12,0,0.9097359776496887,9.095600128173828,277.5,8.04319953918457,N/A,60787,9.655200004577637,3.596329927444458,0.30959999561309814
2014,1,30,15,0,0.9123870134353638,9.005599975585938,282.5,7.881499767303467,N/A,50686,9.655200004577637,3.2977499961853027,0.32631999254226685
2014,1,30,18,0,0.9146530032157898,8.895099639892578,277.5,7.6890997886657715,N/A,43637,8.77750015258789,3.076889991760254,0.3407500088214874
2014,1,30,21,0,0.9216740131378174,9.207200050354004,277.5,8.102700233459473,N/A,40540,9.655200004577637,2.910130023956299,0.3182399868965149
2014,1,31,0,0,0.9236840009689331,9.478899955749512,277.5,8.505399703979492,N/A,35564,9.655200004577637,2.682349920272827,0.29596999287605286
2014,1,31,3,0,0.9242010116577148,9.593099594116211,282.5,8.65429973602295,N/A,31470,9.655200004577637,2.506160020828247,0.28626999258995056
2014,1,31,6,0,0.9237239956855774,9.604000091552734,282.5,8.689200401306152,N/A,27924,11.682900428771973,2.360069990158081,0.2805599868297577
2014,1,31,9,0,0.9161930084228516,9.44379997253418,277.5,8.548800468444824,N/A,22766,12.851200103759766,2.15378999710083,0.27935001254081726
2014,1,31,12,0,0.9198939800262451,9.481100082397461,277.5,8.447600364685059,N/A,21374,11.682900428771973,2.082390069961548,0.27862000465393066
2014,1,31,15,0,0.9192479848861694,9.446200370788574,277.5,8.565099716186523,N/A,18968,11.682900428771973,1.9673500061035156,0.27138999104499817
2014,1,31,18,0,0.9105470180511475,9.286999702453613,277.5,8.424599647521973,N/A,15325,11.682900428771973,1.7862000465393066,0.2783600091934204
2014,1,31,21,0,0.907908022403717,9.267600059509277,277.5,8.398900032043457,N/A,13545,11.682900428771973,1.681480050086975,0.2829299867153168
2014,2,1,0,0,0.908374011516571,9.2878999710083,272.5,8.3927001953125,N/A,12403,11.682900428771973,1.6069300174713135,0.29047998785972595
2014,2,1,3,0,0.9109309911727905,9.370200157165527,272.5,8.434599876403809,N/A,12005,11.682900428771973,1.5723899602890015,0.3019599914550781
2014,2,1,6,0,0.9087420105934143,9.337300300598145,272.5,8.345100402832031,N/A,10722,10.620800018310547,1.4879599809646606,0.3185800015926361
2014,2,1,9,0,0.913936972618103,9.617400169372559,272.5,8.471099853515625,N/A,10532,10.620800018310547,1.4461699724197388,0.3426699936389923
2014,2,1,12,0,0.9195610284805298,10.005399703979492,272.5,8.673700332641602,N/A,10619,10.620800018310547,1.4142800569534302,0.35989999771118164
2014,2,1,15,0,0.9334549903869629,10.620100021362305,277.5,9.175100326538086,N/A,12531,15.550000190734863,1.4794199466705322,0.3492099940776825
2014,2,1,18,0,0.9366719722747803,11.074199676513672,277.5,9.51259994506836,N/A,13157,15.550000190734863,1.4750499725341797,0.3426400125026703
2014,2,1,21,0,0.9473879933357239,11.622400283813477,277.5,10.12090015411377,N/A,15867,14.136300086975098,1.5723600387573242,0.31018000841140747
2014,2,2,0,0,0.9539790153503418,11.846799850463867,277.5,10.402700424194336,N/A,18428,14.136300086975098,1.6752899885177612,0.28547000885009766
2014,2,2,3,0,0.9546250104904175,11.879500389099121,277.5,10.544599533081055,N/A,18567,14.136300086975098,1.6799299716949463,0.27285000681877136
2014,2,2,6,0,0.9556450247764587,11.905699729919434,277.5,10.664999961853027,N/A,18534,14.136300086975098,1.6776599884033203,0.2612299919128418
2014,2,2,9,0,0.956853985786438,11.952899932861328,277.5,10.722000122070312,N/A,18203,12.851200103759766,1.6598700284957886,0.25536999106407166
2014,2,2,12,0,0.958262026309967,12.013400077819824,277.5,10.844900131225586,N/A,17814,12.851200103759766,1.6379499435424805,0.24991999566555023
2014,2,2,15,0,0.959850013256073,12.046899795532227,277.5,10.921899795532227,N/A,17931,12.851200103759766,1.6410200595855713,0.24055999517440796
2014,2,2,18,0,0.9581329822540283,11.949000358581543,277.5,10.916799545288086,N/A,17682,12.851200103759766,1.6381800174713135,0.23226000368595123
2014,2,2,21,0,0.9431080222129822,11.572099685668945,272.5,10.535900115966797,N/A,15971,12.851200103759766,1.5881999731063843,0.2439499944448471
2014,2,3,0,0,0.9116380214691162,10.991999626159668,267.5,10.015700340270996,N/A,15672,12.851200103759766,1.6255199909210205,0.2546600103378296
2014,2,3,3,0,0.8694949746131897,10.654999732971191,262.5,9.705300331115723,N/A,17068,12.851200103759766,1.7304699420928955,0.2649199962615967
2014,2,3,6,0,0.8216990232467651,10.491700172424316,262.5,9.563899993896484,N/A,17156,11.682900428771973,1.7535799741744995,0.27191001176834106
2014,2,3,9,0,0.782588005065918,10.325599670410156,257.5,9.362199783325195,N/A,16219,11.682900428771973,1.7223700284957886,0.2849999964237213
2014,2,3,12,0,0.7833060026168823,10.131799697875977,257.5,8.863699913024902,N/A,17927,11.682900428771973,1.8278199434280396,0.31492000818252563
2014,2,3,15,0,0.7923110127449036,10.008999824523926,262.5,8.298500061035156,N/A,19113,11.682900428771973,1.89437997341156,0.36177000403404236
2014,2,3,18,0,0.787539005279541,10.10890007019043,262.5,8.37600040435791,N/A,16897,14.136300086975098,1.7694400548934937,0.36489999294281006
2014,2,3,21,0,0.8158789873123169,10.684800148010254,267.5,8.734100341796875,N/A,18126,14.136300086975098,1.7697700262069702,0.3528200089931488
2014,2,4,0,0,0.8326839804649353,10.705499649047852,277.5,8.100700378417969,N/A,18961,15.550000190734863,1.8020999431610107,0.3757599890232086
2014,2,4,3,0,0.8469420075416565,10.706999778747559,277.5,8.099100112915039,N/A,17200,15.550000190734863,1.7150100469589233,0.3773699998855591
2014,2,4,6,0,0.8729590177536011,10.833100318908691,282.5,8.662799835205078,N/A,16586,15.550000190734863,1.6749800443649292,0.3473399877548218
2014,2,4,9,0,0.8763149976730347,10.611200332641602,282.5,8.282099723815918,N/A,14457,14.136300086975098,1.5817400217056274,0.35637998580932617
2014,2,4,12,0,0.8772879838943481,10.233599662780762,282.5,7.377799987792969,N/A,13333,14.136300086975098,1.548259973526001,0.389739990234375
2014,2,4,15,0,0.8849599957466125,10.000900268554688,282.5,6.710899829864502,N/A,13590,14.136300086975098,1.5800199508666992,0.42263999581336975
2014,2,4,18,0,0.8712829947471619,9.381400108337402,282.5,5.932799816131592,N/A,12512,14.136300086975098,1.5691800117492676,0.47450000047683716
2014,2,4,21,0,0.8040890097618103,8.191200256347656,282.5,5.121300220489502,N/A,11391,12.851200103759766,1.6109100580215454,0.5613200068473816
2014,2,5,0,0,0.7649139761924744,7.623199939727783,282.5,4.703999996185303,N/A,8887,12.851200103759766,1.4803600311279297,0.6029899716377258
2014,2,5,3,0,0.7256969809532166,7.112500190734863,282.5,4.420499801635742,N/A,8444,12.851200103759766,1.4977799654006958,0.6395300030708313
2014,2,5,6,0,0.6810799837112427,6.774700164794922,277.5,4.2581000328063965,N/A,7577,12.851200103759766,1.4553600549697876,0.6674799919128418
2014,2,5,9,0,0.6746739745140076,6.751699924468994,277.5,4.191999912261963,N/A,6786,12.851200103759766,1.3771300315856934,0.6875699758529663
2014,2,5,12,0,0.6681410074234009,6.827899932861328,272.5,4.2266998291015625,N/A,6673,12.851200103759766,1.3563899993896484,0.6884300112724304
2014,2,5,15,0,0.6177300214767456,6.615799903869629,262.5,4.276899814605713,N/A,7273,11.682900428771973,1.4421000480651855,0.6809999942779541
2014,2,5,18,0,0.6680489778518677,7.074900150299072,262.5,4.434299945831299,N/A,7412,11.682900428771973,1.4021400213241577,0.6660400032997131
2014,2,5,21,0,0.6901149749755859,7.343500137329102,257.5,4.631700038909912,N/A,8411,15.550000190734863,1.4652999639511108,0.6408799886703491
2014,2,6,0,0,0.6894519925117493,7.393099784851074,252.5,4.74970006942749,N/A,9452,14.136300086975098,1.5504200458526611,0.6228899955749512
2014,2,6,3,0,0.6502699851989746,7.013400077819824,252.5,4.668900012969971,N/A,10582,12.851200103759766,1.6908299922943115,0.6267300248146057
2014,2,6,6,0,0.6823880076408386,7.2652997970581055,252.5,4.773799896240234,N/A,10202,12.851200103759766,1.6301300525665283,0.608959972858429
2014,2,6,9,0,0.6005669832229614,6.737599849700928,247.5,4.690499782562256,N/A,11424,12.851200103759766,1.8015199899673462,0.6071199774742126
2014,2,6,12,0,0.6128550171852112,6.950399875640869,247.5,4.820000171661377,N/A,10686,12.851200103759766,1.7143800258636475,0.5932599902153015
2014,2,6,15,0,0.6403729915618896,7.100599765777588,242.5,4.840799808502197,N/A,9783,11.682900428771973,1.6214599609375,0.592930018901825
2014,2,6,18,0,0.6191359758377075,6.90880012512207,247.5,4.712900161743164,N/A,9552,11.682900428771973,1.6242400407791138,0.611240029335022
2014,2,6,21,0,0.6001909971237183,6.7393999099731445,252.5,4.596499919891357,N/A,9075,11.682900428771973,1.6037499904632568,0.6262400150299072
2014,2,7,0,0,0.6141160130500793,6.713799953460693,252.5,4.497499942779541,N/A,8275,11.682900428771973,1.5335899591445923,0.6373100280761719
2014,2,7,3,0,0.7244849801063538,7.61929988861084,257.5,4.834499835968018,N/A,6742,11.682900428771973,1.2921099662780762,0.5967699885368347
2014,2,7,6,0,0.809814989566803,8.972599983215332,257.5,5.949699878692627,N/A,5995,11.682900428771973,1.117650032043457,0.4885300099849701
2014,2,7,9,0,0.8321660161018372,9.591500282287598,252.5,6.968400001525879,N/A,5669,11.682900428771973,1.051509976387024,0.41453999280929565
2014,2,7,12,0,0.8382200002670288,9.754199981689453,247.5,7.790200233459473,N/A,5384,11.682900428771973,1.0185699462890625,0.36893999576568604
2014,2,7,15,0,0.8409550189971924,9.208100318908691,247.5,6.729800224304199,N/A,5155,11.682900428771973,1.0295499563217163,0.4077700078487396
2014,2,7,18,0,0.8219680190086365,8.282600402832031,242.5,5.89169979095459,N/A,5503,11.682900428771973,1.125380039215088,0.4754300117492676
2014,2,7,21,0,0.8097389936447144,7.835400104522705,237.5,5.769100189208984,N/A,5777,10.620800018310547,1.192080020904541,0.4685100018978119
2014,2,8,0,0,0.7443119883537292,6.929100036621094,232.5,4.913700103759766,N/A,6210,10.620800018310547,1.3212300539016724,0.5254300236701965
2014,2,8,3,0,0.5662109851837158,5.85290002822876,232.5,4.3582000732421875,N/A,7335,12.851200103759766,1.5719900131225586,0.5597699880599976
2014,2,8,6,0,0.514644980430603,5.70359992980957,232.5,4.224800109863281,N/A,6048,12.851200103759766,1.446329951286316,0.5714899897575378
2014,2,8,9,0,0.4815889894962311,5.553400039672852,237.5,4.055799961090088,N/A,5103,12.851200103759766,1.3449000120162964,0.6013799905776978
2014,2,8,12,0,0.5546150207519531,5.807700157165527,242.5,4.012899875640869,N/A,4085,11.682900428771973,1.1731899976730347,0.6273499727249146
2014,2,8,15,0,0.6507869958877563,6.291999816894531,242.5,4.072800159454346,N/A,3437,11.682900428771973,1.0304499864578247,0.6279600262641907
2014,2,8,18,0,0.62294602394104,5.795000076293945,237.5,3.7755000591278076,N/A,3595,11.682900428771973,1.101580023765564,0.6607699990272522
2014,2,8,21,0,0.5204759836196899,5.470600128173828,227.5,3.990600109100342,N/A,4839,11.682900428771973,1.3232699632644653,0.5974500179290771
2014,2,9,0,0,0.5630689859390259,5.784200191497803,207.5,4.304200172424316,N/A,6066,10.620800018310547,1.44268000125885,0.5501999855041504
2014,2,9,3,0,0.7298089861869812,6.864799976348877,197.5,4.935699939727783,N/A,7168,10.620800018310547,1.4352799654006958,0.49939000606536865
2014,2,9,6,0,0.822130024433136,7.76609992980957,197.5,5.7027997970581055,N/A,6831,9.655200004577637,1.3160500526428223,0.42934998869895935
2014,2,9,9,0,0.8375160098075867,8.007699966430664,202.5,6.047500133514404,N/A,6112,9.655200004577637,1.2264100313186646,0.4055599868297577
2014,2,9,12,0,0.8581560254096985,8.452799797058105,202.5,6.827199935913086,N/A,5274,9.655200004577637,1.1078799962997437,0.358460009098053
2014,2,9,15,0,0.8530250191688538,8.919300079345703,207.5,7.2428998947143555,N/A,5278,9.655200004577637,1.075260043144226,0.352510005235672
2014,2,9,18,0,0.8711910247802734,9.141500473022461,207.5,7.6458001136779785,N/A,7343,9.655200004577637,1.2523800134658813,0.3231300115585327
2014,2,9,21,0,0.8821499943733215,8.916600227355957,207.5,7.543499946594238,N/A,10631,8.77750015258789,1.525089979171753,0.3264000117778778
2014,2,10,0,0,0.8688769936561584,9.090399742126465,217.5,7.720699787139893,N/A,14251,8.77750015258789,1.7422300577163696,0.3237900137901306
2014,2,10,3,0,0.872871994972229,9.182100296020508,227.5,7.774799823760986,N/A,16757,11.682900428771973,1.8774000406265259,0.3184100091457367
2014,2,10,6,0,0.8789349794387817,8.935600280761719,227.5,7.526299953460693,N/A,17387,11.682900428771973,1.9432499408721924,0.325439989566803
2014,2,10,9,0,0.8823310136795044,8.616299629211426,227.5,7.401800155639648,N/A,17408,10.620800018310547,1.9878000020980835,0.32357001304626465
2014,2,10,12,0,0.875311017036438,8.117500305175781,222.5,6.8491997718811035,N/A,18705,10.620800018310547,2.1323399543762207,0.33935999870300293
2014,2,10,15,0,0.8630380034446716,7.616000175476074,217.5,6.412600040435791,N/A,19294,9.655200004577637,2.2433600425720215,0.35460999608039856
2014,2,10,18,0,0.8630250096321106,7.667900085449219,222.5,6.870999813079834,N/A,19852,7.979499816894531,2.2727699279785156,0.3073199987411499
2014,2,10,21,0,0.8665770292282104,7.140100002288818,227.5,6.309299945831299,N/A,24314,7.979499816894531,2.6148200035095215,0.31700000166893005
2014,2,11,0,0,0.8529790043830872,7.291100025177002,227.5,6.505300045013428,N/A,19603,7.979499816894531,2.321269989013672,0.30998000502586365
2014,2,11,3,0,0.8542150259017944,7.15369987487793,227.5,6.2129998207092285,N/A,17460,7.979499816894531,2.2111499309539795,0.3334299921989441
2014,2,11,6,0,0.8614029884338379,7.053699970245361,232.5,6.132699966430664,N/A,18255,7.979499816894531,2.276789903640747,0.33908000588417053
2014,2,11,9,0,0.8577880263328552,7.452499866485596,242.5,6.584499835968018,N/A,19208,7.979499816894531,2.267159938812256,0.3248400092124939
2014,2,11,12,0,0.8656830191612244,8.26729965209961,252.5,7.46560001373291,N/A,21527,8.77750015258789,2.266629934310913,0.2988300025463104
2014,2,11,15,0,0.882436990737915,9.16569995880127,257.5,8.328900337219238,N/A,27583,9.655200004577637,2.4158599376678467,0.2806999981403351
2014,2,11,18,0,0.8841429948806763,9.979000091552734,262.5,9.156299591064453,N/A,37711,11.682900428771973,2.683379888534546,0.2579599916934967
2014,2,11,21,0,0.8817510008811951,10.149800300598145,262.5,9.32919979095459,N/A,39409,11.682900428771973,2.7162399291992188,0.24679000675678253
2014,2,12,0,0,0.8566679954528809,9.1141996383667,257.5,7.635300159454346,N/A,36069,11.682900428771973,2.7590599060058594,0.32767999172210693
2014,2,12,3,0,0.8293359875679016,8.246299743652344,242.5,6.9633002281188965,N/A,34993,10.620800018310547,2.88169002532959,0.34492000937461853
2014,2,12,6,0,0.8103139996528625,7.836699962615967,232.5,6.685800075531006,N/A,42597,9.655200004577637,3.279170036315918,0.33737999200820923
2014,2,12,9,0,0.8716679811477661,8.99590015411377,217.5,8.26099967956543,N/A,109497,9.655200004577637,4.8872199058532715,0.24732999503612518
2014,2,12,12,0,0.838092029094696,9.432299613952637,227.5,8.771599769592285,N/A,101367,10.620800018310547,4.575550079345703,0.22798000276088715
2014,2,12,15,0,0.8121629953384399,9.29520034790039,232.5,8.556400299072266,N/A,68620,10.620800018310547,3.793179988861084,0.24330000579357147
2014,2,12,18,0,0.8272600173950195,9.748100280761719,227.5,9.067899703979492,N/A,59586,10.620800018310547,3.4327499866485596,0.23481999337673187
2014,2,12,21,0,0.8594170212745667,10.252799987792969,227.5,9.610199928283691,N/A,60307,10.620800018310547,3.3472700119018555,0.22322000563144684
2014,2,13,0,0,0.8722820281982422,10.37440013885498,232.5,9.770999908447266,N/A,55339,10.620800018310547,3.1844899654388428,0.21517999470233917
2014,2,13,3,0,0.8763880133628845,10.270700454711914,232.5,9.601400375366211,N/A,48056,11.682900428771973,2.985909938812256,0.21975000202655792
2014,2,13,6,0,0.8695979714393616,9.304800033569336,232.5,7.853400230407715,N/A,43512,11.682900428771973,2.9969699382781982,0.3151499927043915
2014,2,13,9,0,0.8738240003585815,8.495499610900879,237.5,7.249599933624268,N/A,45966,10.620800018310547,3.24603009223938,0.3366999924182892
2014,2,13,12,0,0.8847529888153076,8.451800346374512,237.5,7.549499988555908,N/A,52291,10.620800018310547,3.4896600246429443,0.29159000515937805
2014,2,13,15,0,0.8830329775810242,8.734399795532227,242.5,7.947999954223633,N/A,58178,9.655200004577637,3.619529962539673,0.26563000679016113
2014,2,13,18,0,0.8834390044212341,9.402799606323242,252.5,8.661199569702148,N/A,57135,10.620800018310547,3.4339799880981445,0.24928000569343567
2014,2,13,21,0,0.8967549800872803,9.980299949645996,257.5,9.150300025939941,N/A,59959,11.682900428771973,3.386929988861084,0.25380998849868774
2014,2,14,0,0,0.9139260053634644,10.469300270080566,257.5,9.630999565124512,N/A,63894,11.682900428771973,3.3909800052642822,0.2510499954223633
2014,2,14,3,0,0.9251099824905396,10.65779972076416,257.5,9.861499786376953,N/A,59970,12.851200103759766,3.248610019683838,0.2421800047159195
2014,2,14,6,0,0.9212779998779297,10.409799575805664,257.5,9.638299942016602,N/A,47524,11.682900428771973,2.9372398853302,0.23792000114917755
2014,2,14,9,0,0.8705059885978699,8.816200256347656,252.5,6.899700164794922,N/A,35338,11.682900428771973,2.7748799324035645,0.37448999285697937
2014,2,14,12,0,0.868602991104126,8.119099617004395,222.5,7.034800052642822,N/A,40970,10.620800018310547,3.1548500061035156,0.32135000824928284
2014,2,14,15,0,0.8905540108680725,8.472299575805664,227.5,7.576300144195557,N/A,51649,9.655200004577637,3.4659900665283203,0.28797000646591187
2014,2,14,18,0,0.8956620097160339,8.690400123596191,232.5,7.783999919891357,N/A,43799,10.620800018310547,3.144629955291748,0.28661999106407166
2014,2,14,21,0,0.8973680138587952,9.011199951171875,237.5,8.036199569702148,N/A,50877,10.620800018310547,3.313149929046631,0.29054000973701477
2014,2,15,0,0,0.9086700081825256,9.749300003051758,237.5,8.830699920654297,N/A,57059,10.620800018310547,3.347440004348755,0.270550012588501
2014,2,15,3,0,0.9216300249099731,10.472100257873535,242.5,9.601900100708008,N/A,61532,11.682900428771973,3.3258399963378906,0.26023998856544495
2014,2,15,6,0,0.9305089712142944,10.893600463867188,247.5,10.051300048828125,N/A,66061,11.682900428771973,3.361150026321411,0.2502799928188324
2014,2,15,9,0,0.9318720102310181,10.985099792480469,247.5,10.146499633789062,N/A,62051,12.851200103759766,3.2399299144744873,0.24815000593662262
2014,2,15,12,0,0.9263730049133301,11.017399787902832,247.5,10.187199592590332,N/A,58106,12.851200103759766,3.130340099334717,0.24603000283241272
2014,2,15,15,0,0.915913999080658,10.950699806213379,252.5,10.10319995880127,N/A,55316,11.682900428771973,3.0680201053619385,0.24285000562667847
2014,2,15,18,0,0.9010570049285889,10.387299537658691,252.5,8.906499862670898,N/A,43845,11.682900428771973,2.8174400329589844,0.27911999821662903
2014,2,15,21,0,0.8540310263633728,9.293999671936035,247.5,7.202899932861328,N/A,28563,11.682900428771973,2.417829990386963,0.3678700029850006
2014,2,16,0,0,0.7682690024375916,7.906799793243408,232.5,6.081200122833252,N/A,27506,11.682900428771973,2.5968000888824463,0.43439000844955444
2014,2,16,3,0,0.8712329864501953,8.157099723815918,222.5,6.966000080108643,N/A,60077,9.655200004577637,3.8058300018310547,0.3357999920845032
2014,2,16,6,0,0.8836309909820557,8.837400436401367,237.5,8.023699760437012,N/A,93688,9.655200004577637,4.5601301193237305,0.2687999904155731
2014,2,16,9,0,0.8680139780044556,9.558199882507324,247.5,8.760499954223633,N/A,109037,10.620800018310547,4.690859794616699,0.25911998748779297
2014,2,16,12,0,0.869018018245697,10.656599998474121,247.5,9.780599594116211,N/A,121990,11.682900428771973,4.629889965057373,0.2502000033855438
2014,2,16,15,0,0.8761370182037354,11.149499893188477,252.5,10.326299667358398,N/A,119870,12.851200103759766,4.4619598388671875,0.23396000266075134
2014,2,16,18,0,0.8774150013923645,11.226400375366211,252.5,10.405200004577637,N/A,104515,12.851200103759766,4.1496901512146,0.23090000450611115
2014,2,16,21,0,0.8300960063934326,9.498600006103516,242.5,7.693600177764893,N/A,103886,12.851200103759766,4.535799980163574,0.37411999702453613
2014,2,17,0,0,0.8703969717025757,9.918100357055664,227.5,8.938199996948242,N/A,153779,11.682900428771973,5.431560039520264,0.27911001443862915
2014,2,17,3,0,0.8842880129814148,10.762499809265137,232.5,9.77280044555664,N/A,171448,12.851200103759766,5.448649883270264,0.26462000608444214
2014,2,17,6,0,0.8888109922409058,11.232500076293945,237.5,10.264300346374512,N/A,144144,12.851200103759766,4.865139961242676,0.2528199851512909
2014,2,17,9,0,0.8889819979667664,11.519399642944336,242.5,10.62909984588623,N/A,127942,12.851200103759766,4.514959812164307,0.24377000331878662
2014,2,17,12,0,0.8895649909973145,11.86970043182373,247.5,11.051899909973145,N/A,127219,12.851200103759766,4.42110013961792,0.23611000180244446
2014,2,17,15,0,0.8938120007514954,12.098600387573242,252.5,11.294899940490723,N/A,130426,14.136300086975098,4.423029899597168,0.23214000463485718
2014,2,17,18,0,0.8880199790000916,12.010199546813965,252.5,11.231499671936035,N/A,119639,14.136300086975098,4.255630016326904,0.2299100011587143
2014,2,17,21,0,0.881164014339447,11.85260009765625,257.5,11.084199905395508,N/A,111566,12.851200103759766,4.144000053405762,0.22690999507904053
2014,2,18,0,0,0.8733770251274109,11.472100257873535,257.5,10.68850040435791,N/A,94224,12.851200103759766,3.8879098892211914,0.23288999497890472
2014,2,18,3,0,0.8777740001678467,11.316699981689453,257.5,10.542799949645996,N/A,83173,12.851200103759766,3.684969902038574,0.23434999585151672
2014,2,18,6,0,0.8719069957733154,10.89229965209961,257.5,9.935400009155273,N/A,69454,12.851200103759766,3.4456400871276855,0.25600001215934753
2014,2,18,9,0,0.885549008846283,10.748900413513184,257.5,9.620599746704102,N/A,65984,12.851200103759766,3.3809099197387695,0.2750599980354309
2014,2,18,12,0,0.8781099915504456,10.139300346374512,257.5,8.139900207519531,N/A,61937,12.851200103759766,3.3765900135040283,0.34654000401496887
2014,2,18,15,0,0.8258489966392517,8.909099578857422,247.5,7.46750020980835,N/A,73481,12.851200103759766,3.971640110015869,0.3726100027561188
2014,2,18,18,0,0.8335980176925659,9.239399909973145,247.5,8.015899658203125,N/A,69381,12.851200103759766,3.789030075073242,0.3380799889564514
2014,2,18,21,0,0.8579469919204712,9.146699905395508,252.5,7.881800174713135,N/A,81911,12.851200103759766,4.14123010635376,0.3419800102710724
2014,2,19,0,0,0.8535259962081909,9.253000259399414,257.5,8.14579963684082,N/A,85810,9.655200004577637,4.218560218811035,0.32128000259399414
2014,2,19,3,0,0.8811050057411194,9.411999702453613,262.5,8.38599967956543,N/A,92762,10.620800018310547,4.348380088806152,0.30414000153541565
2014,2,19,6,0,0.8959779739379883,9.579899787902832,262.5,8.527600288391113,N/A,90928,11.682900428771973,4.258490085601807,0.3010599911212921
2014,2,19,9,0,0.9060249924659729,9.965900421142578,262.5,8.844300270080566,N/A,88578,11.682900428771973,4.099709987640381,0.30149999260902405
2014,2,19,12,0,0.9149150252342224,10.304499626159668,267.5,9.012399673461914,N/A,96121,12.851200103759766,4.176559925079346,0.3128499984741211
2014,2,19,15,0,0.9245830178260803,10.910499572753906,267.5,9.605299949645996,N/A,108191,12.851200103759766,4.277830123901367,0.30320000648498535
2014,2,19,18,0,0.9336869716644287,11.741299629211426,272.5,10.526300430297852,N/A,129164,14.136300086975098,4.470839977264404,0.2766599953174591
2014,2,19,21,0,0.9350289702415466,12.208999633789062,277.5,11.177499771118164,N/A,133338,14.136300086975098,4.437459945678711,0.2511500120162964
2014,2,20,0,0,0.9301319718360901,12.206399917602539,277.5,11.276700019836426,N/A,116242,14.136300086975098,4.144360065460205,0.24059000611305237
2014,2,20,3,0,0.9307460188865662,12.043100357055664,277.5,11.007399559020996,N/A,102671,14.136300086975098,3.926609992980957,0.24402999877929688
2014,2,20,6,0,0.8734350204467773,9.929499626159668,267.5,8.335700035095215,N/A,106928,12.851200103759766,4.4835100173950195,0.35892999172210693
2014,2,20,9,0,0.882718026638031,10.26669979095459,267.5,9.076399803161621,N/A,88839,12.851200103759766,4.0238800048828125,0.30834001302719116
2014,2,20,12,0,0.902504026889801,10.057700157165527,272.5,8.755800247192383,N/A,78083,12.851200103759766,3.817960023880005,0.31700000166893005
2014,2,20,15,0,0.9056649804115295,9.378999710083008,272.5,8.166099548339844,N/A,79028,12.851200103759766,4.008890151977539,0.32784000039100647
2014,2,20,18,0,0.9174280166625977,9.814900398254395,277.5,8.583000183105469,N/A,79813,12.851200103759766,3.920949935913086,0.3167000114917755
2014,2,20,21,0,0.9280279874801636,10.344099998474121,277.5,9.120699882507324,N/A,74288,12.851200103759766,3.665679931640625,0.298880010843277
2014,2,21,0,0,0.9293980002403259,10.427200317382812,277.5,9.173600196838379,N/A,61152,12.851200103759766,3.3108201026916504,0.2942900061607361
2014,2,21,3,0,0.936922013759613,10.2121000289917,277.5,8.712200164794922,N/A,54210,12.851200103759766,3.1527099609375,0.3138599991798401
2014,2,21,6,0,0.9404810070991516,10.076399803161621,277.5,8.796500205993652,N/A,44892,12.851200103759766,2.8976099491119385,0.3008599877357483
2014,2,21,9,0,0.9357810020446777,9.529199600219727,277.5,7.852399826049805,N/A,36948,11.682900428771973,2.711250066757202,0.34488001465797424
2014,2,21,12,0,0.9326279759407043,9.100600242614746,277.5,7.476399898529053,N/A,31712,11.682900428771973,2.5811400413513184,0.3599799871444702
2014,2,21,15,0,0.9292880296707153,8.820099830627441,277.5,7.263899803161621,N/A,28370,11.682900428771973,2.4883599281311035,0.366890013217926
2014,2,21,18,0,0.9267380237579346,8.784799575805664,277.5,7.348100185394287,N/A,25327,11.682900428771973,2.360599994659424,0.36149001121520996
2014,2,21,21,0,0.9266769886016846,8.975700378417969,277.5,7.683599948883057,N/A,22331,11.682900428771973,2.193650007247925,0.3493799865245819
2014,2,22,0,0,0.9260510206222534,8.922800064086914,277.5,7.412199974060059,N/A,19717,10.620800018310547,2.067239999771118,0.3748599886894226
2014,2,22,3,0,0.9297680258750916,9.05109977722168,277.5,7.476900100708008,N/A,18861,10.620800018310547,2.0045199394226074,0.3964200019836426
2014,2,22,6,0,0.9283360242843628,9.24020004272461,277.5,7.796500205993652,N/A,17019,10.620800018310547,1.882930040359497,0.3949800133705139
2014,2,22,9,0,0.9252099990844727,9.535400390625,277.5,8.067099571228027,N/A,15936,10.620800018310547,1.7891000509262085,0.3958500027656555
2014,2,22,12,0,0.9121840000152588,9.746600151062012,277.5,8.163599967956543,N/A,13830,10.620800018310547,1.6428500413894653,0.4060699939727783
2014,2,22,15,0,0.9047489762306213,10.18120002746582,272.5,8.450300216674805,N/A,13423,9.655200004577637,1.5748499631881714,0.40827998518943787
2014,2,22,18,0,0.897042989730835,10.356300354003906,272.5,8.5516996383667,N/A,12706,17.104999542236328,1.5153499841690063,0.4088500142097473
2014,2,22,21,0,0.8920559883117676,10.541199684143066,272.5,8.732000350952148,N/A,12121,17.104999542236328,1.4636499881744385,0.40198999643325806
2014,2,23,0,0,0.8846279978752136,10.014300346374512,267.5,7.007199764251709,N/A,12876,17.104999542236328,1.5438300371170044,0.4685100018978119
2014,2,23,3,0,0.883745014667511,8.674400329589844,267.5,6.913700103759766,N/A,23158,15.550000190734863,2.2539899349212646,0.46129998564720154
2014,2,23,6,0,0.8843169808387756,9.003700256347656,272.5,7.755199909210205,N/A,26025,8.77750015258789,2.354340076446533,0.38892999291419983
2014,2,23,9,0,0.8790599703788757,9.196800231933594,272.5,7.90500020980835,N/A,22749,15.550000190734863,2.171180009841919,0.38993000984191895
2014,2,23,12,0,0.8787689805030823,9.325499534606934,272.5,7.946199893951416,N/A,19931,15.550000190734863,2.0115199089050293,0.3946399986743927
2014,2,23,15,0,0.880952000617981,9.50730037689209,272.5,8.024399757385254,N/A,17695,14.136300086975098,1.870710015296936,0.39493000507354736
2014,2,23,18,0,0.8745449781417847,9.508899688720703,272.5,7.814199924468994,N/A,14333,14.136300086975098,1.6816400289535522,0.40143001079559326
2014,2,23,21,0,0.8796610236167908,9.790300369262695,272.5,8.050399780273438,N/A,13318,14.136300086975098,1.5933200120925903,0.38920000195503235
2014,2,24,0,0,0.849951982498169,9.053999900817871,267.5,7.352399826049805,N/A,13459,14.136300086975098,1.674149990081787,0.4189000129699707
2014,2,24,3,0,0.8281819820404053,8.409600257873535,262.5,6.593200206756592,N/A,11616,14.136300086975098,1.6217999458312988,0.44703999161720276
2014,2,24,6,0,0.7996079921722412,7.670599937438965,262.5,5.441299915313721,N/A,11388,12.851200103759766,1.6854000091552734,0.5199000239372253
2014,2,24,9,0,0.7823259830474854,7.546599864959717,252.5,5.471499919891357,N/A,10425,12.851200103759766,1.630679965019226,0.5096399784088135
2014,2,24,12,0,0.7301920056343079,6.918000221252441,242.5,4.9969000816345215,N/A,10420,7.979499816894531,1.711400032043457,0.5368000268936157
2014,2,24,15,0,0.7414249777793884,7.154900074005127,237.5,5.255099773406982,N/A,9720,7.979499816894531,1.623669981956482,0.518559992313385
2014,2,24,18,0,0.7145299911499023,6.946499824523926,232.5,5.027200222015381,N/A,9902,7.2540998458862305,1.6605900526046753,0.5512599945068359
2014,2,24,21,0,0.7240620255470276,7.379499912261963,232.5,5.308700084686279,N/A,9732,7.2540998458862305,1.5888400077819824,0.5457299947738647
2014,2,25,0,0,0.7146679759025574,7.457200050354004,232.5,5.254700183868408,N/A,10230,7.2540998458862305,1.6154600381851196,0.5613999962806702
2014,2,25,3,0,0.7280510067939758,8.028599739074707,237.5,5.742099761962891,N/A,11796,14.136300086975098,1.665910005569458,0.5248100161552429
2014,2,25,6,0,0.7190709710121155,8.125699996948242,242.5,5.702700138092041,N/A,12501,14.136300086975098,1.699470043182373,0.5369099974632263
2014,2,25,9,0,0.740979015827179,8.331000328063965,247.5,5.774099826812744,N/A,13526,14.136300086975098,1.7426700592041016,0.5302500128746033
2014,2,25,12,0,0.7678210139274597,8.452099800109863,247.5,5.95419979095459,N/A,14931,12.851200103759766,1.820639967918396,0.5077000260353088
2014,2,25,15,0,0.7908260226249695,8.571100234985352,252.5,6.062600135803223,N/A,15404,12.851200103759766,1.8375999927520752,0.492900013923645
2014,2,25,18,0,0.7814930081367493,8.332599639892578,252.5,5.827600002288818,N/A,14871,12.851200103759766,1.834280014038086,0.5062400102615356
2014,2,25,21,0,0.8037009835243225,8.689299583435059,257.5,6.07919979095459,N/A,14455,12.851200103759766,1.7678200006484985,0.4833100140094757
2014,2,26,0,0,0.7997620105743408,8.531100273132324,252.5,5.921599864959717,N/A,13698,12.851200103759766,1.7404099702835083,0.48673999309539795
2014,2,26,3,0,0.8038120269775391,8.46049976348877,252.5,5.80649995803833,N/A,14599,11.682900428771973,1.8064199686050415,0.4945000112056732
2014,2,26,6,0,0.8300120234489441,9.000800132751465,247.5,6.235799789428711,N/A,18283,11.682900428771973,1.956380009651184,0.476859986782074
2014,2,26,9,0,0.8903359770774841,10.408300399780273,247.5,7.677299976348877,N/A,22589,11.682900428771973,2.0091800689697266,0.41433998942375183
2014,2,26,12,0,0.9153710007667542,11.323399543762207,242.5,8.620400428771973,N/A,28412,17.104999542236328,2.144160032272339,0.3878600001335144
2014,2,26,15,0,0.9238539934158325,11.571000099182129,242.5,8.791899681091309,N/A,34757,17.104999542236328,2.33558988571167,0.379830002784729
2014,2,26,18,0,0.9392679929733276,12.063599586486816,242.5,10.099499702453613,N/A,41328,15.550000190734863,2.4866199493408203,0.3201499879360199
2014,2,26,21,0,0.9483489990234375,12.204899787902832,242.5,10.896499633789062,N/A,45023,14.136300086975098,2.579629898071289,0.2760399878025055
2014,2,27,0,0,0.9480950236320496,11.843500137329102,242.5,10.705599784851074,N/A,44545,14.136300086975098,2.6131598949432373,0.2671099901199341
2014,2,27,3,0,0.9421550035476685,11.337900161743164,237.5,10.240400314331055,N/A,41458,12.851200103759766,2.590179920196533,0.2686299979686737
2014,2,27,6,0,0.9351080060005188,11.055000305175781,237.5,10.07409954071045,N/A,38109,12.851200103759766,2.526949882507324,0.2579199969768524
2014,2,27,9,0,0.9219070076942444,10.927200317382812,232.5,10.024900436401367,N/A,35176,11.682900428771973,2.4492599964141846,0.2527100145816803
2014,2,27,12,0,0.8967540264129639,11.014399528503418,232.5,10.10509967803955,N/A,34844,11.682900428771973,2.4266300201416016,0.25749000906944275
2014,2,27,15,0,0.8803439736366272,11.062299728393555,232.5,10.185500144958496,N/A,34836,11.682900428771973,2.4197399616241455,0.2555899918079376
2014,2,27,18,0,0.8645110130310059,11.09179973602295,237.5,10.25160026550293,N/A,34777,14.136300086975098,2.4130098819732666,0.24943000078201294
2014,2,27,21,0,0.857122004032135,11.096199989318848,237.5,10.297699928283691,N/A,34707,12.851200103759766,2.4098401069641113,0.24172000586986542
2014,2,28,0,0,0.8542370200157166,11.137100219726562,242.5,10.383399963378906,N/A,35378,12.851200103759766,2.427880048751831,0.2325800061225891
2014,2,28,3,0,0.8456329703330994,11.0423002243042,242.5,10.343199729919434,N/A,34223,12.851200103759766,2.4025399684906006,0.2246199995279312
2014,2,28,6,0,0.8370109796524048,10.913700103759766,242.5,10.256699562072754,N/A,32170,12.851200103759766,2.348140001296997,0.219310000538826
2014,2,28,9,0,0.8335139751434326,10.791600227355957,247.5,10.156700134277344,N/A,29404,12.851200103759766,2.261630058288574,0.21681000292301178
2014,2,28,12,0,0.8334699869155884,10.63070011138916,247.5,10.007200241088867,N/A,25925,11.682900428771973,2.1444098949432373,0.2169400006532669
2014,2,28,15,0,0.8311399817466736,10.442299842834473,247.5,9.803099632263184,N/A,22738,11.682900428771973,2.0318100452423096,0.2188899964094162
2014,2,28,18,0,0.823153018951416,10.190099716186523,247.5,9.231100082397461,N/A,20330,11.682900428771973,1.9495400190353394,0.23969000577926636
2014,2,28,21,0,0.8065490126609802,9.818699836730957,247.5,8.415499687194824,N/A,17333,11.682900428771973,1.83843994140625,0.27799999713897705
2014,3,1,0,0,0.7894399762153625,9.375200271606445,247.5,7.357800006866455,N/A,16243,11.682900428771973,1.8219000101089478,0.34365999698638916
2014,3,1,3,0,0.7885479927062988,9.401300430297852,247.5,7.228099822998047,N/A,15753,10.620800018310547,1.7881799936294556,0.36215999722480774
2014,3,1,6,0,0.7848529815673828,9.278900146484375,252.5,6.860199928283691,N/A,15289,10.620800018310547,1.769860029220581,0.3939400017261505
2014,3,1,9,0,0.7873250246047974,9.196700096130371,252.5,6.554200172424316,N/A,15336,10.620800018310547,1.7754299640655518,0.4238300025463104
2014,3,1,12,0,0.8076819777488708,9.442299842834473,257.5,6.56279993057251,N/A,16792,14.136300086975098,1.8228199481964111,0.43654999136924744
2014,3,1,15,0,0.8250139951705933,10.118800163269043,257.5,7.350299835205078,N/A,16890,12.851200103759766,1.7602699995040894,0.3808099925518036
2014,3,1,18,0,0.81557697057724,10.701800346374512,252.5,8.178899765014648,N/A,18771,12.851200103759766,1.7988699674606323,0.33092001080513
2014,3,1,21,0,0.7953109741210938,11.313400268554688,242.5,9.86400032043457,N/A,23041,12.851200103759766,1.9372800588607788,0.2481900006532669
2014,3,2,0,0,0.7823200225830078,11.073399543762207,237.5,9.422100067138672,N/A,23732,11.682900428771973,1.9920599460601807,0.2591800093650818
2014,3,2,3,0,0.7656890153884888,10.478699684143066,237.5,8.514699935913086,N/A,24667,11.682900428771973,2.0961101055145264,0.3011600077152252
2014,3,2,6,0,0.7528449892997742,10.244400024414062,237.5,8.699000358581543,N/A,22681,11.682900428771973,2.040869951248169,0.29107001423835754
2014,3,2,9,0,0.7305070161819458,9.442999839782715,237.5,7.6006999015808105,N/A,21396,11.682900428771973,2.0750598907470703,0.3458699882030487
2014,3,2,12,0,0.724494993686676,8.800700187683105,232.5,7.001100063323975,N/A,19993,10.620800018310547,2.0870699882507324,0.37988999485969543
2014,3,2,15,0,0.7274569869041443,8.91100025177002,232.5,7.178299903869629,N/A,17719,10.620800018310547,1.9534200429916382,0.37053999304771423
2014,3,2,18,0,0.7248629927635193,9.082599639892578,237.5,7.2657999992370605,N/A,16230,10.620800018310547,1.851830005645752,0.3666599988937378
2014,3,2,21,0,0.7195249795913696,8.041799545288086,232.5,6.054299831390381,N/A,17569,10.620800018310547,2.0557799339294434,0.46136999130249023
2014,3,3,0,0,0.7256119847297668,8.001999855041504,227.5,6.078100204467773,N/A,18098,10.620800018310547,2.0918400287628174,0.47453999519348145
2014,3,3,3,0,0.7404850125312805,9.041099548339844,237.5,6.971700191497803,N/A,17520,10.620800018310547,1.9194799661636353,0.4612500071525574
2014,3,3,6,0,0.7708100080490112,9.528300285339355,247.5,6.974699974060059,N/A,19891,10.620800018310547,1.9772700071334839,0.48326000571250916
2014,3,3,9,0,0.7937949895858765,9.929900169372559,247.5,7.401800155639648,N/A,24264,14.136300086975098,2.12893009185791,0.47290998697280884
2014,3,3,12,0,0.7678250074386597,10.881500244140625,242.5,9.09589958190918,N/A,32978,14.136300086975098,2.3685200214385986,0.38317999243736267
2014,3,3,15,0,0.7824230194091797,11.201499938964844,242.5,9.724800109863281,N/A,38797,14.136300086975098,2.5316998958587646,0.3555000126361847
2014,3,3,18,0,0.7998989820480347,11.125399589538574,242.5,9.621100425720215,N/A,41272,14.136300086975098,2.621079921722412,0.36362001299858093
2014,3,3,21,0,0.8333020210266113,11.59160041809082,247.5,9.897899627685547,N/A,44160,15.550000190734863,2.643239974975586,0.3668299913406372
2014,3,4,0,0,0.8598510026931763,11.882499694824219,252.5,10.155099868774414,N/A,43165,15.550000190734863,2.575779914855957,0.3624500036239624
2014,3,4,3,0,0.8670549988746643,12.204999923706055,252.5,10.576600074768066,N/A,48185,15.550000190734863,2.6800200939178467,0.3447900116443634
2014,3,4,6,0,0.8638749718666077,12.137900352478027,252.5,10.624699592590332,N/A,50978,17.104999542236328,2.7653799057006836,0.33660000562667847
2014,3,4,9,0,0.8739110231399536,12.045100212097168,252.5,10.539199829101562,N/A,46709,17.104999542236328,2.655940055847168,0.3351899981498718
2014,3,4,12,0,0.8879640102386475,12.189900398254395,252.5,10.667200088500977,N/A,47204,17.104999542236328,2.6462299823760986,0.3258900046348572
2014,3,4,15,0,0.8961949944496155,12.11929988861084,252.5,10.612099647521973,N/A,44412,15.550000190734863,2.5725200176239014,0.3201099932193756
2014,3,4,18,0,0.9023489952087402,12.005900382995605,252.5,10.530900001525879,N/A,40323,15.550000190734863,2.462709903717041,0.31380999088287354
2014,3,4,21,0,0.9025319814682007,11.771400451660156,252.5,10.328700065612793,N/A,34213,15.550000190734863,2.2945399284362793,0.3126699924468994
2014,3,5,0,0,0.9019070267677307,11.518600463867188,252.5,10.057600021362305,N/A,29815,14.136300086975098,2.1691699028015137,0.31632000207901
2014,3,5,3,0,0.8728110194206238,10.461600303649902,247.5,8.751999855041504,N/A,29165,14.136300086975098,2.2674899101257324,0.3657799959182739
2014,3,5,6,0,0.8477150201797485,10.03499984741211,242.5,8.51360034942627,N/A,27810,14.136300086975098,2.2724599838256836,0.365449994802475
2014,3,5,9,0,0.8509079813957214,9.856100082397461,242.5,8.064499855041504,N/A,24773,14.136300086975098,2.1676199436187744,0.37470999360084534
2014,3,5,12,0,0.8516669869422913,9.313899993896484,237.5,7.578999996185303,N/A,23885,14.136300086975098,2.199709892272949,0.3942900002002716
2014,3,5,15,0,0.8501070141792297,8.897100448608398,232.5,7.635000228881836,N/A,27324,7.979499816894531,2.4285500049591064,0.3658199906349182
2014,3,5,18,0,0.8599749803543091,8.901800155639648,227.5,7.869500160217285,N/A,30509,8.77750015258789,2.5772500038146973,0.33114001154899597
2014,3,5,21,0,0.8659849762916565,9.198599815368652,222.5,8.14579963684082,N/A,31271,9.655200004577637,2.5643699169158936,0.3149699866771698
2014,3,6,0,0,0.8559920191764832,9.64900016784668,222.5,8.729599952697754,N/A,30699,9.655200004577637,2.4735300540924072,0.29311999678611755
2014,3,6,3,0,0.847868025302887,9.656299591064453,227.5,8.234800338745117,N/A,29726,9.655200004577637,2.429189920425415,0.3160899877548218
2014,3,6,6,0,0.8470450043678284,8.271200180053711,222.5,6.643799781799316,N/A,35693,9.655200004577637,2.894360065460205,0.40478000044822693
2014,3,6,9,0,0.8613550066947937,8.494000434875488,212.5,7.362500190734863,N/A,57668,9.655200004577637,3.644289970397949,0.3331199884414673
2014,3,6,12,0,0.8688520193099976,9.228500366210938,212.5,8.154800415039062,N/A,76841,10.620800018310547,4.011290073394775,0.3004400134086609
2014,3,6,15,0,0.8783329725265503,9.968899726867676,212.5,9.057600021362305,N/A,89586,10.620800018310547,4.140039920806885,0.263839989900589
2014,3,6,18,0,0.8805390000343323,10.384300231933594,212.5,9.5625,N/A,86478,11.682900428771973,3.9684600830078125,0.24605000019073486
2014,3,6,21,0,0.8757569789886475,9.705900192260742,222.5,8.456600189208984,N/A,95536,11.682900428771973,4.323019981384277,0.3153899908065796
2014,3,7,0,0,0.8932200074195862,10.54990005493164,222.5,9.39739990234375,N/A,93495,11.682900428771973,4.0694098472595215,0.2974399924278259
2014,3,7,3,0,0.9175009727478027,11.28320026397705,227.5,10.137100219726562,N/A,89500,11.682900428771973,3.819580078125,0.2835099995136261
2014,3,7,6,0,0.9293500185012817,11.237799644470215,227.5,9.997699737548828,N/A,80898,12.851200103759766,3.6367900371551514,0.2895500063896179
2014,3,7,9,0,0.933139979839325,10.867300033569336,232.5,9.528900146484375,N/A,69160,12.851200103759766,3.428960084915161,0.3043400049209595
2014,3,7,12,0,0.9364399909973145,10.906299591064453,232.5,9.786499977111816,N/A,57060,12.851200103759766,3.1131200790405273,0.28290000557899475
2014,3,7,15,0,0.9376350045204163,10.797100067138672,232.5,9.790200233459473,N/A,47163,12.851200103759766,2.851560115814209,0.271589994430542
2014,3,7,18,0,0.9365180134773254,10.543299674987793,232.5,9.408100128173828,N/A,40058,12.851200103759766,2.66756010055542,0.27706000208854675
2014,3,7,21,0,0.9312700033187866,9.869799613952637,232.5,8.236300468444824,N/A,34861,11.682900428771973,2.5824499130249023,0.328359991312027
2014,3,8,0,0,0.9182090163230896,9.064499855041504,227.5,7.386499881744385,N/A,31607,11.682900428771973,2.580579996109009,0.36970001459121704
2014,3,8,3,0,0.9162070155143738,8.886300086975098,227.5,7.486400127410889,N/A,28418,11.682900428771973,2.48186993598938,0.3515999913215637
2014,3,8,6,0,0.9160320162773132,8.878700256347656,232.5,7.640999794006348,N/A,26800,11.682900428771973,2.4181900024414062,0.3299599885940552
2014,3,8,9,0,0.9148380160331726,9.16349983215332,232.5,8.059599876403809,N/A,28946,10.620800018310547,2.4712400436401367,0.3077700138092041
2014,3,8,12,0,0.9141290187835693,9.507399559020996,237.5,8.157899856567383,N/A,35936,10.620800018310547,2.6887199878692627,0.3218599855899811
2014,3,8,15,0,0.916923999786377,9.823100090026855,242.5,8.321100234985352,N/A,50065,11.682900428771973,3.1043500900268555,0.3313100039958954
2014,3,8,18,0,0.9048460125923157,9.755800247192383,242.5,8.121800422668457,N/A,64638,12.851200103759766,3.536439895629883,0.34643998742103577
2014,3,8,21,0,0.8853219747543335,9.425299644470215,232.5,7.894400119781494,N/A,77615,12.851200103759766,3.957350015640259,0.3508400022983551
2014,3,9,0,0,0.8895609974861145,9.653400421142578,227.5,8.463800430297852,N/A,85236,11.682900428771973,4.103109836578369,0.3120200037956238
2014,3,9,3,0,0.8787209987640381,10.100600242614746,232.5,9.049799919128418,N/A,83315,11.682900428771973,3.952510118484497,0.295740008354187
2014,3,9,6,0,0.8647310137748718,10.546500205993652,237.5,9.479299545288086,N/A,73085,11.682900428771973,3.6033599376678467,0.2959800064563751
2014,3,9,9,0,0.856594979763031,11.139100074768066,242.5,9.878999710083008,N/A,75440,15.550000190734863,3.5344200134277344,0.30386000871658325
2014,3,9,12,0,0.8530409932136536,11.615900039672852,247.5,10.503800392150879,N/A,82434,15.550000190734863,3.602410078048706,0.27963000535964966
2014,3,9,15,0,0.8509179949760437,11.649399757385254,247.5,10.64840030670166,N/A,78466,14.136300086975098,3.509119987487793,0.26530998945236206
2014,3,9,18,0,0.8527190089225769,11.64430046081543,247.5,10.734700202941895,N/A,73658,14.136300086975098,3.4021100997924805,0.25275999307632446
2014,3,9,21,0,0.8446909785270691,11.388699531555176,247.5,10.553400039672852,N/A,63918,14.136300086975098,3.2157599925994873,0.24692000448703766
2014,3,10,0,0,0.8413289785385132,11.086600303649902,247.5,10.279800415039062,N/A,53222,14.136300086975098,2.985960006713867,0.24889999628067017
2014,3,10,3,0,0.8421080112457275,10.935999870300293,247.5,10.144599914550781,N/A,47368,12.851200103759766,2.842910051345825,0.2508600056171417
2014,3,10,6,0,0.8428940176963806,10.670499801635742,242.5,9.900799751281738,N/A,40413,12.851200103759766,2.6682798862457275,0.25339001417160034
2014,3,10,9,0,0.8460549712181091,10.601300239562988,247.5,9.816399574279785,N/A,37042,12.851200103759766,2.5648999214172363,0.2582699954509735
2014,3,10,12,0,0.8500909805297852,10.464099884033203,247.5,9.658900260925293,N/A,33572,11.682900428771973,2.4615299701690674,0.26190000772476196
2014,3,10,15,0,0.8554149866104126,9.811400413513184,247.5,8.330100059509277,N/A,30403,11.682900428771973,2.4258599281311035,0.32058000564575195
2014,3,10,18,0,0.8575289845466614,9.037300109863281,252.5,7.4008002281188965,N/A,30976,11.682900428771973,2.5603299140930176,0.3690899908542633
2014,3,10,21,0,0.860381007194519,8.537699699401855,257.5,6.940700054168701,N/A,31626,12.851200103759766,2.6703999042510986,0.38888001441955566
2014,3,11,0,0,0.8625990152359009,8.323399543762207,262.5,6.8053998947143555,N/A,31076,11.682900428771973,2.6869399547576904,0.390859991312027
2014,3,11,3,0,0.8610810041427612,8.336000442504883,262.5,6.785799980163574,N/A,27396,11.682900428771973,2.5221199989318848,0.39271000027656555
2014,3,11,6,0,0.8705220222473145,8.958200454711914,257.5,7.648200035095215,N/A,23597,11.682900428771973,2.252419948577881,0.3535600006580353
2014,3,11,9,0,0.8874710202217102,9.509599685668945,257.5,8.271900177001953,N/A,21649,11.682900428771973,2.0893900394439697,0.3218500018119812
2014,3,11,12,0,0.8918009996414185,9.674200057983398,257.5,8.668899536132812,N/A,19568,11.682900428771973,1.9714499711990356,0.2979300022125244
2014,3,11,15,0,0.8977360129356384,9.717900276184082,257.5,8.814900398254395,N/A,17812,11.682900428771973,1.8776899576187134,0.2887899875640869
2014,3,11,18,0,0.9012399911880493,9.656900405883789,257.5,8.843299865722656,N/A,16659,10.620800018310547,1.824679970741272,0.27737998962402344
2014,3,11,21,0,0.9059209823608398,9.583900451660156,257.5,8.801300048828125,N/A,15273,10.620800018310547,1.7568399906158447,0.27915000915527344
2014,3,12,0,0,0.9110400080680847,9.729599952697754,257.5,8.825699806213379,N/A,14465,10.620800018310547,1.6962499618530273,0.3232100009918213
2014,3,12,3,0,0.9191190004348755,10.656299591064453,262.5,9.250800132751465,N/A,16582,10.620800018310547,1.7197500467300415,0.4021500051021576
2014,3,12,6,0,0.9384130239486694,12.393799781799316,267.5,10.478699684143066,N/A,26928,20.697200775146484,2.0004498958587646,0.3982900083065033
2014,3,12,9,0,0.957440972328186,13.699899673461914,272.5,11.856200218200684,N/A,48581,18.81559944152832,2.526400089263916,0.3404400050640106
2014,3,12,12,0,0.9657639861106873,14.312899589538574,272.5,12.724900245666504,N/A,73716,18.81559944152832,3.0237998962402344,0.2944500148296356
2014,3,12,15,0,0.9688100218772888,14.482799530029297,272.5,13.171799659729004,N/A,92844,17.104999542236328,3.359179973602295,0.2588900029659271
2014,3,12,18,0,0.9708260297775269,14.26039981842041,272.5,13.18019962310791,N/A,100012,17.104999542236328,3.5098400115966797,0.2363400012254715
2014,3,12,21,0,0.9713799953460693,14.012499809265137,272.5,13.059000015258789,N/A,99900,17.104999542236328,3.5399699211120605,0.2248300015926361
2014,3,13,0,0,0.9695969820022583,13.695099830627441,272.5,12.813699722290039,N/A,92271,15.550000190734863,3.446010112762451,0.21877999603748322
2014,3,13,3,0,0.9696750044822693,13.259599685668945,272.5,12.465200424194336,N/A,86156,15.550000190734863,3.3944098949432373,0.21312999725341797
2014,3,13,6,0,0.9673050045967102,12.908100128173828,272.5,12.110099792480469,N/A,73349,14.136300086975098,3.182610034942627,0.21690000593662262
2014,3,13,9,0,0.9642750024795532,12.632399559020996,272.5,11.8125,N/A,62635,14.136300086975098,2.9794700145721436,0.22133000195026398
2014,3,13,12,0,0.9610369801521301,12.32390022277832,272.5,11.496500015258789,N/A,53480,14.136300086975098,2.795880079269409,0.2250799983739853
2014,3,13,15,0,0.9586250185966492,12.044599533081055,272.5,11.220000267028809,N/A,47351,14.136300086975098,2.6690499782562256,0.22718000411987305
2014,3,13,18,0,0.9568989872932434,11.822199821472168,272.5,10.98169994354248,N/A,42773,14.136300086975098,2.566699981689453,0.23183000087738037
2014,3,13,21,0,0.9540020227432251,11.516799926757812,272.5,10.245200157165527,N/A,37689,12.851200103759766,2.447360038757324,0.2533699870109558
2014,3,14,0,0,0.9428550004959106,10.67590045928955,267.5,8.579099655151367,N/A,34294,12.851200103759766,2.434299945831299,0.3304699957370758
2014,3,14,3,0,0.9212909936904907,9.85569953918457,267.5,7.69789981842041,N/A,31150,12.851200103759766,2.4263501167297363,0.3820900022983551
2014,3,14,6,0,0.8729310035705566,8.793299674987793,262.5,6.848999977111816,N/A,32429,12.851200103759766,2.644469976425171,0.42135000228881836
2014,3,14,9,0,0.843093991279602,8.128700256347656,247.5,6.671599864959717,N/A,37607,12.851200103759766,2.9910500049591064,0.4043099880218506
2014,3,14,12,0,0.866212010383606,8.315299987792969,247.5,7.337800025939941,N/A,47998,7.979499816894531,3.3630099296569824,0.33090999722480774
2014,3,14,15,0,0.8697109818458557,8.731200218200684,257.5,7.5472002029418945,N/A,40630,9.655200004577637,3.0007998943328857,0.3548400104045868
2014,3,14,18,0,0.8901119828224182,9.561100006103516,262.5,8.106900215148926,N/A,45110,10.620800018310547,2.989180088043213,0.3639500141143799
2014,3,14,21,0,0.90904301404953,9.792099952697754,262.5,7.9770002365112305,N/A,52249,15.550000190734863,3.158950090408325,0.3886600136756897
2014,3,15,0,0,0.9215790033340454,10.45199966430664,267.5,8.872400283813477,N/A,53273,14.136300086975098,3.072350025177002,0.3474000096321106
2014,3,15,3,0,0.9409629702568054,11.202899932861328,267.5,9.898200035095215,N/A,58363,14.136300086975098,3.0925400257110596,0.30118000507354736
2014,3,15,6,0,0.9469850063323975,11.339699745178223,267.5,10.189200401306152,N/A,56309,14.136300086975098,3.0222599506378174,0.2888999879360199
2014,3,15,9,0,0.9484580159187317,11.478699684143066,267.5,10.10509967803955,N/A,55889,12.851200103759766,2.9881300926208496,0.3004699945449829
2014,3,15,12,0,0.9383829832077026,11.526200294494629,267.5,9.315799713134766,N/A,65658,12.851200103759766,3.219589948654175,0.3576500117778778
2014,3,15,15,0,0.9049530029296875,10.985300064086914,262.5,8.65939998626709,N/A,67604,17.104999542236328,3.3552401065826416,0.4048599898815155
2014,3,15,18,0,0.853609025478363,10.102499961853027,257.5,7.786399841308594,N/A,87856,17.104999542236328,4.013999938964844,0.4397999942302704
2014,3,15,21,0,0.8307890295982361,10.105299949645996,252.5,8.214500427246094,N/A,112052,15.550000190734863,4.542140007019043,0.40369999408721924
2014,3,16,0,0,0.8403710126876831,10.465700149536133,252.5,8.746399879455566,N/A,121940,15.550000190734863,4.645699977874756,0.3700700104236603
2014,3,16,3,0,0.8469719886779785,10.636300086975098,257.5,9.11139965057373,N/A,114031,15.550000190734863,4.454130172729492,0.34779998660087585
2014,3,16,6,0,0.8507410287857056,10.898099899291992,257.5,9.510299682617188,N/A,85636,14.136300086975098,3.809040069580078,0.3299799859523773
2014,3,16,9,0,0.8631410002708435,11.227100372314453,257.5,9.574299812316895,N/A,79931,14.136300086975098,3.622620105743408,0.359140008687973
2014,3,16,12,0,0.8961129784584045,12.260299682617188,257.5,10.29800033569336,N/A,93011,14.136300086975098,3.722909927368164,0.38242998719215393
2014,3,16,15,0,0.9388560056686401,13.380399703979492,262.5,10.893899917602539,N/A,164593,18.81559944152832,4.685060024261475,0.3560900092124939
2014,3,16,18,0,0.9536759853363037,13.784799575805664,262.5,12.069499969482422,N/A,182378,17.104999542236328,4.839169979095459,0.2972300052642822
2014,3,16,21,0,0.9579730033874512,13.386099815368652,262.5,11.693400382995605,N/A,158629,17.104999542236328,4.582310199737549,0.291130006313324
2014,3,17,0,0,0.9585779905319214,13.016900062561035,262.5,11.459500312805176,N/A,143003,15.550000190734863,4.419060230255127,0.2839600145816803
2014,3,17,3,0,0.9532610177993774,12.15429973602295,262.5,10.06779956817627,N/A,116052,15.550000190734863,4.137969970703125,0.32135000824928284
2014,3,17,6,0,0.9270820021629333,10.04520034790039,267.5,8.324299812316895,N/A,124442,15.550000190734863,4.804319858551025,0.37828999757766724
2014,3,17,9,0,0.922065019607544,9.893500328063965,277.5,8.702300071716309,N/A,141484,10.620800018310547,5.202579975128174,0.31815001368522644
2014,3,17,12,0,0.9243630170822144,9.799500465393066,277.5,8.684300422668457,N/A,131605,10.620800018310547,5.051290035247803,0.3047899901866913
2014,3,17,15,0,0.9253550171852112,9.611900329589844,282.5,8.539600372314453,N/A,125349,10.620800018310547,4.992099761962891,0.29820001125335693
2014,3,17,18,0,0.9254609942436218,9.533499717712402,282.5,8.510299682617188,N/A,100153,11.682900428771973,4.487979888916016,0.2928699851036072
2014,3,17,21,0,0.9248610138893127,9.325699806213379,282.5,8.212400436401367,N/A,68985,10.620800018310547,3.7697699069976807,0.3099699914455414
2014,3,18,0,0,0.9163720011711121,9.178500175476074,277.5,7.967800140380859,N/A,43936,10.620800018310547,3.031450033187866,0.3301900029182434
2014,3,18,3,0,0.9167690277099609,9.524299621582031,277.5,8.388999938964844,N/A,29845,10.620800018310547,2.4450700283050537,0.3166700005531311
2014,3,18,6,0,0.9143549799919128,9.623900413513184,272.5,8.492199897766113,N/A,22407,10.620800018310547,2.1054000854492188,0.3153499960899353
2014,3,18,9,0,0.9151300191879272,9.525400161743164,272.5,8.304900169372559,N/A,18638,14.136300086975098,1.9289599657058716,0.332069993019104
2014,3,18,12,0,0.9152870178222656,9.369600296020508,267.5,8.13539981842041,N/A,15665,12.851200103759766,1.7856299877166748,0.33959999680519104
2014,3,18,15,0,0.9251120090484619,9.531399726867676,267.5,8.35770034790039,N/A,15518,12.851200103759766,1.7611199617385864,0.32774999737739563
2014,3,18,18,0,0.9412519931793213,10.084600448608398,272.5,9.029999732971191,N/A,20855,12.851200103759766,1.9778599739074707,0.29541000723838806
2014,3,18,21,0,0.9511409997940063,10.608400344848633,272.5,9.607399940490723,N/A,27095,12.851200103759766,2.1875,0.2800700068473816
2014,3,19,0,0,0.9579910039901733,11.179300308227539,277.5,10.134400367736816,N/A,33851,12.851200103759766,2.3665599822998047,0.27831000089645386
2014,3,19,3,0,0.9611709713935852,11.657400131225586,277.5,10.568900108337402,N/A,40451,12.851200103759766,2.5191400051116943,0.2736800014972687
2014,3,19,6,0,0.9612770080566406,11.913900375366211,277.5,10.808600425720215,N/A,43386,12.851200103759766,2.572629928588867,0.2687099874019623
2014,3,19,9,0,0.9641849994659424,11.961600303649902,277.5,10.63379955291748,N/A,44476,12.851200103759766,2.5970299243927,0.271450012922287
2014,3,19,12,0,0.9526060223579407,10.572699546813965,277.5,7.97189998626709,N/A,45925,14.136300086975098,2.8174099922180176,0.40588998794555664
2014,3,19,15,0,0.9461150169372559,10.076199531555176,277.5,7.913599967956543,N/A,51593,14.136300086975098,3.074779987335205,0.418040007352829
2014,3,19,18,0,0.9494850039482117,10.106300354003906,282.5,7.924799919128418,N/A,59159,14.136300086975098,3.288599967956543,0.4187299907207489
2014,3,19,21,0,0.9520829916000366,9.8951997756958,282.5,7.961999893188477,N/A,68947,14.136300086975098,3.602250099182129,0.4096899926662445
2014,3,20,0,0,0.9481059908866882,9.535599708557129,282.5,7.730100154876709,N/A,68654,14.136300086975098,3.675539970397949,0.4134800136089325
2014,3,20,3,0,0.9460279941558838,9.68220043182373,282.5,7.794899940490723,N/A,70518,14.136300086975098,3.6875100135803223,0.41787999868392944
2014,3,20,6,0,0.9465299844741821,9.730500221252441,282.5,7.794000148773193,N/A,61935,15.550000190734863,3.4440999031066895,0.4148299992084503
2014,3,20,9,0,0.9464210271835327,9.738699913024902,282.5,7.698200225830078,N/A,52087,15.550000190734863,3.1532599925994873,0.41874998807907104
2014,3,20,12,0,0.9495260119438171,10.03030014038086,282.5,7.933599948883057,N/A,44185,15.550000190734863,2.85398006439209,0.40478000044822693
2014,3,20,15,0,0.9527530074119568,10.268099784851074,282.5,8.132800102233887,N/A,38819,15.550000190734863,2.6389501094818115,0.39107000827789307
2014,3,20,18,0,0.9543539881706238,10.35420036315918,282.5,8.208999633789062,N/A,35194,15.550000190734863,2.5010600090026855,0.38253000378608704
2014,3,20,21,0,0.9552429914474487,10.312899589538574,282.5,8.184800148010254,N/A,32346,14.136300086975098,2.4050300121307373,0.37549999356269836
2014,3,21,0,0,0.9583740234375,10.097100257873535,282.5,7.882999897003174,N/A,33761,14.136300086975098,2.4867799282073975,0.383870005607605
2014,3,21,3,0,0.9562860131263733,9.563300132751465,282.5,7.471799850463867,N/A,35053,14.136300086975098,2.616339921951294,0.398250013589859
2014,3,21,6,0,0.9583209753036499,9.8725004196167,282.5,8.141200065612793,N/A,33185,14.136300086975098,2.5065500736236572,0.3562999963760376
2014,3,21,9,0,0.9610450267791748,10.153599739074707,282.5,8.671500205993652,N/A,30812,14.136300086975098,2.381190061569214,0.3234899938106537
2014,3,21,12,0,0.9614850282669067,10.24429988861084,282.5,8.90530014038086,N/A,28192,14.136300086975098,2.2689599990844727,0.30698999762535095
2014,3,21,15,0,0.9604560136795044,10.254899978637695,282.5,9.031999588012695,N/A,25103,12.851200103759766,2.142390012741089,0.2957899868488312
2014,3,21,18,0,0.955024003982544,10.137100219726562,282.5,8.96720027923584,N/A,19981,12.851200103759766,1.9267200231552124,0.293069988489151
2014,3,21,21,0,0.9547640085220337,10.152000427246094,282.5,9.063799858093262,N/A,17539,12.851200103759766,1.806190013885498,0.28233999013900757
2014,3,22,0,0,0.9540619850158691,10.00879955291748,282.5,8.927599906921387,N/A,15025,12.851200103759766,1.688289999961853,0.2821899950504303
2014,3,22,3,0,0.9539279937744141,9.515800476074219,282.5,7.6072998046875,N/A,13713,12.851200103759766,1.6573599576950073,0.3522399961948395
2014,3,22,6,0,0.9543740153312683,9.534700393676758,282.5,7.798699855804443,N/A,12648,11.682900428771973,1.5911600589752197,0.37251999974250793
2014,3,22,9,0,0.9525880217552185,10.123000144958496,282.5,8.303999900817871,N/A,11606,11.682900428771973,1.4718999862670898,0.398360013961792
2014,3,22,12,0,0.9492480158805847,11.14229965209961,277.5,8.955400466918945,N/A,11341,18.81559944152832,1.3725999593734741,0.42013999819755554
2014,3,22,15,0,0.9575539827346802,12.855899810791016,277.5,10.394000053405762,N/A,14779,17.104999542236328,1.4357800483703613,0.37681999802589417
2014,3,22,18,0,0.9652050137519836,13.817000389099121,277.5,11.223899841308594,N/A,21775,17.104999542236328,1.666640043258667,0.32054001092910767
2014,3,22,21,0,0.9672620296478271,12.71500015258789,277.5,9.916000366210938,N/A,28057,17.104999542236328,1.981819987297058,0.3553699851036072
2014,3,23,0,0,0.9681159853935242,11.827899932861328,277.5,9.573399543762207,N/A,33665,15.550000190734863,2.262310028076172,0.37220001220703125
2014,3,23,3,0,0.9672880172729492,11.738200187683105,277.5,9.601099967956543,N/A,34010,15.550000190734863,2.2808499336242676,0.36212998628616333
2014,3,23,6,0,0.967428982257843,12.017900466918945,277.5,10.079500198364258,N/A,31910,15.550000190734863,2.1784698963165283,0.33188000321388245
2014,3,23,9,0,0.9673290252685547,12.081100463867188,277.5,10.296799659729004,N/A,29001,15.550000190734863,2.07108998298645,0.3122200071811676
2014,3,23,12,0,0.9641280174255371,11.74590015411377,277.5,9.444600105285645,N/A,25667,14.136300086975098,1.9803500175476074,0.3228699862957001
2014,3,23,15,0,0.9590510129928589,11.498100280761719,277.5,9.46560001373291,N/A,21032,14.136300086975098,1.8178999423980713,0.31387001276016235
2014,3,23,18,0,0.9576870203018188,11.54740047454834,277.5,9.901800155639648,N/A,20067,14.136300086975098,1.7755099534988403,0.2858099937438965
2014,3,23,21,0,0.9603310227394104,11.494000434875488,277.5,10.277600288391113,N/A,20052,14.136300086975098,1.785949945449829,0.2628200054168701
2014,3,24,0,0,0.9547860026359558,11.151399612426758,277.5,10.045999526977539,N/A,16609,12.851200103759766,1.6597599983215332,0.27035000920295715
2014,3,24,3,0,0.9505329728126526,11.050600051879883,277.5,9.902799606323242,N/A,15202,12.851200103759766,1.5995399951934814,0.2896000146865845
2014,3,24,6,0,0.9456380009651184,11.116100311279297,277.5,9.753899574279785,N/A,14140,12.851200103759766,1.5374699831008911,0.31887999176979065
2014,3,24,9,0,0.9268140196800232,10.384900093078613,277.5,7.571499824523926,N/A,11769,12.851200103759766,1.4537800550460815,0.40310001373291016
2014,3,24,12,0,0.8842250108718872,9.64799976348877,272.5,6.168700218200684,N/A,11223,11.682900428771973,1.4686800241470337,0.5108699798583984
2014,3,24,15,0,0.883745014667511,10.285799980163574,267.5,6.5945000648498535,N/A,13896,17.104999542236328,1.572759985923767,0.481440007686615
2014,3,24,18,0,0.8955940008163452,10.385600090026855,257.5,7.141900062561035,N/A,18663,11.682900428771973,1.8196200132369995,0.4268699884414673
2014,3,24,21,0,0.9134209752082825,10.615099906921387,252.5,8.479299545288086,N/A,22563,11.682900428771973,1.9879800081253052,0.3486799895763397
2014,3,25,0,0,0.9097869992256165,10.194100379943848,247.5,8.071800231933594,N/A,25051,11.682900428771973,2.1437900066375732,0.36654001474380493
2014,3,25,3,0,0.8715329766273499,9.038200378417969,237.5,7.183800220489502,N/A,30645,11.682900428771973,2.537980079650879,0.4111799895763397
2014,3,25,6,0,0.8688899874687195,9.035099983215332,237.5,7.354599952697754,N/A,34318,11.682900428771973,2.6914000511169434,0.3889099955558777
2014,3,25,9,0,0.8809750080108643,9.358200073242188,237.5,7.896100044250488,N/A,40497,11.682900428771973,2.8737099170684814,0.3464899957180023
2014,3,25,12,0,0.8748570084571838,9.211799621582031,232.5,7.7093000411987305,N/A,41819,11.682900428771973,2.949049949645996,0.3486500084400177
2014,3,25,15,0,0.8551110029220581,8.800299644470215,227.5,7.430099964141846,N/A,45239,10.620800018310547,3.152479887008667,0.3539699912071228
2014,3,25,18,0,0.8398240208625793,8.73270034790039,222.5,7.291500091552734,N/A,44254,9.655200004577637,3.1320199966430664,0.3596400022506714
2014,3,25,21,0,0.8325440287590027,8.402899742126465,217.5,7.04640007019043,N/A,49917,9.655200004577637,3.400059938430786,0.367900013923645
2014,3,26,0,0,0.8291029930114746,8.828200340270996,217.5,7.549799919128418,N/A,48313,9.655200004577637,3.2539501190185547,0.3504999876022339
2014,3,26,3,0,0.8535490036010742,8.965200424194336,227.5,7.49399995803833,N/A,54660,9.655200004577637,3.422499895095825,0.3713499903678894
2014,3,26,6,0,0.8693159818649292,9.431400299072266,232.5,8.179100036621094,N/A,63920,9.655200004577637,3.5968899726867676,0.3419100046157837
2014,3,26,9,0,0.8837059736251831,10.244600296020508,232.5,9.166899681091309,N/A,61726,11.682900428771973,3.3689699172973633,0.29771000146865845
2014,3,26,12,0,0.8942679762840271,10.52400016784668,237.5,9.57390022277832,N/A,55349,12.851200103759766,3.141849994659424,0.2755500078201294
2014,3,26,15,0,0.8935030102729797,10.476699829101562,242.5,9.566100120544434,N/A,46783,11.682900428771973,2.8993399143218994,0.27448999881744385
2014,3,26,18,0,0.8906689882278442,10.168899536132812,242.5,9.260899543762207,N/A,36344,11.682900428771973,2.6035399436950684,0.2797200083732605
2014,3,26,21,0,0.8788589835166931,9.782999992370605,242.5,8.725600242614746,N/A,30352,11.682900428771973,2.432460069656372,0.30570000410079956
2014,3,27,0,0,0.8631790280342102,9.584400177001953,247.5,8.371700286865234,N/A,27761,11.682900428771973,2.3536999225616455,0.32561999559402466
2014,3,27,3,0,0.8487409949302673,9.345399856567383,247.5,7.8815999031066895,N/A,25112,10.620800018310547,2.2689599990844727,0.3562699854373932
2014,3,27,6,0,0.8581590056419373,9.614500045776367,252.5,8.30210018157959,N/A,24021,10.620800018310547,2.1862099170684814,0.33267998695373535
2014,3,27,9,0,0.8804439902305603,9.944000244140625,252.5,8.85949993133545,N/A,25622,10.620800018310547,2.214139938354492,0.30180999636650085
2014,3,27,12,0,0.9019700288772583,10.249500274658203,252.5,9.279999732971191,N/A,30719,10.620800018310547,2.380660057067871,0.2784000039100647
2014,3,27,15,0,0.906823992729187,10.359199523925781,252.5,9.488699913024902,N/A,34136,10.620800018310547,2.4955101013183594,0.26510998606681824
2014,3,27,18,0,0.9019669890403748,10.215399742126465,252.5,9.39579963684082,N/A,31552,10.620800018310547,2.4215800762176514,0.26493000984191895
2014,3,27,21,0,0.8935840129852295,10.023099899291992,252.5,9.194000244140625,N/A,26694,10.620800018310547,2.2532999515533447,0.27487000823020935
2014,3,28,0,0,0.886680006980896,9.718199729919434,252.5,8.85159969329834,N/A,21270,10.620800018310547,2.0490798950195312,0.28547000885009766
2014,3,28,3,0,0.874426007270813,8.946800231933594,252.5,7.324900150299072,N/A,18087,9.655200004577637,1.9750800132751465,0.3590100109577179
2014,3,28,6,0,0.8546609878540039,8.52180004119873,252.5,6.753300189971924,N/A,16407,9.655200004577637,1.9301400184631348,0.39120998978614807
2014,3,28,9,0,0.8165720105171204,7.760900020599365,247.5,6.073500156402588,N/A,15652,9.655200004577637,1.9821900129318237,0.4307900071144104
2014,3,28,12,0,0.7843419909477234,7.554100036621094,242.5,6.057499885559082,N/A,14782,8.77750015258789,1.9591200351715088,0.41176000237464905
2014,3,28,15,0,0.783545970916748,7.01639986038208,217.5,5.800899982452393,N/A,18138,7.979499816894531,2.2676000595092773,0.3917100131511688
2014,3,28,18,0,0.8148080110549927,7.4039998054504395,207.5,6.449699878692627,N/A,20493,7.979499816894531,2.3509299755096436,0.33055999875068665
2014,3,28,21,0,0.8161249756813049,7.774899959564209,212.5,6.892899990081787,N/A,19461,7.979499816894531,2.232530117034912,0.31400999426841736
2014,3,29,0,0,0.810359001159668,7.809299945831299,217.5,6.8491997718811035,N/A,18032,7.979499816894531,2.1423499584198,0.32592999935150146
2014,3,29,3,0,0.8104000091552734,7.435800075531006,217.5,6.23799991607666,N/A,17455,7.979499816894531,2.1596899032592773,0.37428998947143555
2014,3,29,6,0,0.8078020215034485,7.769499778747559,217.5,6.525700092315674,N/A,19083,7.979499816894531,2.200050115585327,0.38192999362945557
2014,3,29,9,0,0.8050259947776794,7.699399948120117,217.5,6.319900035858154,N/A,23421,8.77750015258789,2.4444398880004883,0.4053199887275696
2014,3,29,12,0,0.8086159825325012,7.9207000732421875,222.5,6.571300029754639,N/A,28897,8.77750015258789,2.67084002494812,0.39660000801086426
2014,3,29,15,0,0.8376479744911194,8.177300453186035,227.5,6.933000087738037,N/A,38366,8.77750015258789,3.0246999263763428,0.37512001395225525
2014,3,29,18,0,0.8495029807090759,9.007499694824219,232.5,7.6528000831604,N/A,44492,8.77750015258789,3.0761799812316895,0.3630099892616272
2014,3,29,21,0,0.8650959730148315,9.374899864196777,237.5,7.73330020904541,N/A,55072,12.851200103759766,3.3345398902893066,0.3735400140285492
2014,3,30,0,0,0.8689690232276917,9.612299919128418,242.5,7.931399822235107,N/A,59891,12.851200103759766,3.424639940261841,0.37024998664855957
2014,3,30,3,0,0.8819659948348999,9.956100463867188,242.5,8.390199661254883,N/A,56517,12.851200103759766,3.2620699405670166,0.3510800004005432
2014,3,30,6,0,0.8925999999046326,9.5378999710083,242.5,7.8454999923706055,N/A,52337,12.851200103759766,3.2141199111938477,0.37907999753952026
2014,3,30,9,0,0.9069229960441589,9.524499893188477,247.5,8.063300132751465,N/A,69690,14.136300086975098,3.7190001010894775,0.36070001125335693
2014,3,30,12,0,0.9157660007476807,10.160699844360352,252.5,8.836299896240234,N/A,79959,12.851200103759766,3.838249921798706,0.3185200095176697
2014,3,30,15,0,0.9117199778556824,10.38290023803711,257.5,9.316699981689453,N/A,67748,12.851200103759766,3.4979898929595947,0.27849000692367554
2014,3,30,18,0,0.906358003616333,10.290800094604492,262.5,9.442099571228027,N/A,52586,11.682900428771973,3.108289957046509,0.2514899969100952
2014,3,30,21,0,0.9065459966659546,10.002300262451172,267.5,9.27239990234375,N/A,43502,11.682900428771973,2.8851799964904785,0.23433999717235565
2014,3,31,0,0,0.8918740153312683,9.46090030670166,267.5,8.647000312805176,N/A,30827,10.620800018310547,2.51419997215271,0.24615000188350677
2014,3,31,3,0,0.8660529851913452,8.709699630737305,267.5,7.611199855804443,N/A,22079,10.620800018310547,2.2297799587249756,0.29269999265670776
2014,3,31,6,0,0.8535619974136353,8.488699913024902,262.5,7.633299827575684,N/A,19595,9.655200004577637,2.136820077896118,0.27237001061439514
2014,3,31,9,0,0.8648629784584045,8.63479995727539,252.5,7.947500228881836,N/A,19726,9.655200004577637,2.12785005569458,0.2442599982023239
2014,3,31,12,0,0.8777400255203247,8.710599899291992,242.5,7.659299850463867,N/A,21550,9.655200004577637,2.2108399868011475,0.26434001326560974
2014,3,31,15,0,0.8711640238761902,8.621000289916992,237.5,7.191500186920166,N/A,21490,9.655200004577637,2.2152600288391113,0.302839994430542
2014,3,31,18,0,0.8351399898529053,8.395299911499023,232.5,6.633600234985352,N/A,20858,9.655200004577637,2.2063100337982178,0.35565000772476196
2014,3,31,21,0,0.8189229965209961,8.708999633789062,232.5,6.900599956512451,N/A,21045,9.655200004577637,2.1669700145721436,0.35148000717163086
2014,4,1,0,0,0.8146629929542542,9.444999694824219,232.5,7.83650016784668,N/A,23776,10.620800018310547,2.201119899749756,0.30177998542785645
2014,4,1,3,0,0.8182479739189148,10.052499771118164,237.5,9.138099670410156,N/A,25769,10.620800018310547,2.214590072631836,0.2406499981880188
2014,4,1,6,0,0.8160279989242554,10.272600173950195,242.5,9.599200248718262,N/A,27157,10.620800018310547,2.2444798946380615,0.22651000320911407
2014,4,1,9,0,0.8157849907875061,10.188599586486816,242.5,9.18220043182373,N/A,27091,11.682900428771973,2.2499499320983887,0.24759000539779663
2014,4,1,12,0,0.8180789947509766,10.078499794006348,242.5,9.084199905395508,N/A,25031,11.682900428771973,2.176140069961548,0.2534100115299225
2014,4,1,15,0,0.816877007484436,10.031299591064453,242.5,9.144599914550781,N/A,23562,11.682900428771973,2.118220090866089,0.24929000437259674
2014,4,1,18,0,0.816107988357544,9.945899963378906,247.5,9.25469970703125,N/A,20358,10.620800018310547,1.9814900159835815,0.23895999789237976
2014,4,1,21,0,0.8124639987945557,9.760899543762207,247.5,9.128600120544434,N/A,16843,10.620800018310547,1.8240200281143188,0.23756000399589539
2014,4,2,0,0,0.8106309771537781,9.528400421142578,242.5,8.899200439453125,N/A,13555,10.620800018310547,1.6605099439620972,0.2425300031900406
2014,4,2,3,0,0.8137789964675903,9.280900001525879,247.5,8.298199653625488,N/A,11646,10.620800018310547,1.5620399713516235,0.26627999544143677
2014,4,2,6,0,0.8156920075416565,9.080699920654297,247.5,7.979899883270264,N/A,10816,10.620800018310547,1.5235600471496582,0.28527000546455383
2014,4,2,9,0,0.8043040037155151,8.578200340270996,247.5,7.440000057220459,N/A,10104,9.655200004577637,1.518530011177063,0.3227599859237671
2014,4,2,12,0,0.791146993637085,8.282500267028809,247.5,7.268700122833252,N/A,9711,9.655200004577637,1.5184799432754517,0.3298099935054779
2014,4,2,15,0,0.7762219905853271,8.12279987335205,252.5,7.229800224304199,N/A,9527,9.655200004577637,1.521399974822998,0.32684001326560974
2014,4,2,18,0,0.7647789716720581,8.006400108337402,252.5,6.890500068664551,N/A,8666,9.655200004577637,1.4619699716567993,0.3468799889087677
2014,4,2,21,0,0.7625390291213989,7.372300148010254,247.5,5.707099914550781,N/A,7913,9.655200004577637,1.4558299779891968,0.43685001134872437
2014,4,3,0,0,0.7602459788322449,7.514699935913086,247.5,5.896999835968018,N/A,7322,9.655200004577637,1.3855400085449219,0.43046000599861145
2014,4,3,3,0,0.7619649767875671,7.683199882507324,247.5,5.983799934387207,N/A,6744,9.655200004577637,1.3122600317001343,0.433569997549057
2014,4,3,6,0,0.7662720084190369,7.748300075531006,247.5,5.918000221252441,N/A,6551,9.655200004577637,1.2832800149917603,0.45910999178886414
2014,4,3,9,0,0.7603650093078613,7.423699855804443,242.5,5.403200149536133,N/A,7088,9.655200004577637,1.359279990196228,0.5196899771690369
2014,4,3,12,0,0.7738770246505737,6.5381999015808105,227.5,5.117099761962891,N/A,11786,6.594600200653076,1.8814200162887573,0.5070400238037109
2014,4,3,15,0,0.8081600069999695,6.870999813079834,217.5,5.6656999588012695,N/A,16980,7.2540998458862305,2.211549997329712,0.4323199987411499
2014,4,3,18,0,0.8176469802856445,7.3105998039245605,212.5,6.156700134277344,N/A,26441,7.979499816894531,2.6769299507141113,0.39614999294281006
2014,4,3,21,0,0.7900170087814331,7.524099826812744,212.5,6.301599979400635,N/A,30243,7.979499816894531,2.8160600662231445,0.40849998593330383
2014,4,4,0,0,0.7426620125770569,8.65149974822998,227.5,7.3028998374938965,N/A,29481,7.979499816894531,2.5623700618743896,0.414110004901886
2014,4,4,3,0,0.748494029045105,9.634499549865723,242.5,7.985099792480469,N/A,35599,17.104999542236328,2.641200065612793,0.40213000774383545
2014,4,4,6,0,0.7774209976196289,9.859800338745117,252.5,8.148099899291992,N/A,43950,17.104999542236328,2.8929800987243652,0.39392000436782837
2014,4,4,9,0,0.8120520114898682,9.779999732971191,257.5,8.05780029296875,N/A,47868,15.550000190734863,3.0302300453186035,0.3954299986362457
2014,4,4,12,0,0.8334199786186218,10.17039966583252,262.5,8.601300239562988,N/A,45058,15.550000190734863,2.8737399578094482,0.3680199980735779
2014,4,4,15,0,0.8606169819831848,10.550999641418457,272.5,9.072500228881836,N/A,41961,15.550000190734863,2.712820053100586,0.3442099988460541
2014,4,4,18,0,0.8779500126838684,10.701000213623047,272.5,9.332300186157227,N/A,37721,15.550000190734863,2.5516600608825684,0.3280700147151947
2014,4,4,21,0,0.8859379887580872,10.718299865722656,272.5,9.42590045928955,N/A,32616,14.136300086975098,2.3719398975372314,0.32014000415802
2014,4,5,0,0,0.8893719911575317,10.658300399780273,277.5,9.41670036315918,N/A,28440,14.136300086975098,2.2233200073242188,0.31551000475883484
2014,4,5,3,0,0.8846319913864136,10.5516996383667,272.5,9.26710033416748,N/A,23198,14.136300086975098,2.0208699703216553,0.32850998640060425
2014,4,5,6,0,0.8976380228996277,10.724300384521484,277.5,9.411199569702148,N/A,22650,14.136300086975098,1.9796099662780762,0.331169992685318
2014,4,5,9,0,0.8976550102233887,10.634300231933594,277.5,9.30370044708252,N/A,19749,12.851200103759766,1.8592000007629395,0.3372899889945984
2014,4,5,12,0,0.8867160081863403,10.327699661254883,272.5,8.456899642944336,N/A,18261,12.851200103759766,1.8170000314712524,0.37005001306533813
2014,4,5,15,0,0.8645089864730835,10.030900001525879,272.5,7.711100101470947,N/A,19691,12.851200103759766,1.9136500358581543,0.4304400086402893
2014,4,5,18,0,0.8366259932518005,9.496100425720215,267.5,6.956500053405762,N/A,20039,12.851200103759766,1.9881199598312378,0.48833000659942627
2014,4,5,21,0,0.7800040245056152,8.10420036315918,257.5,5.973800182342529,N/A,24999,11.682900428771973,2.4265201091766357,0.5416100025177002
2014,4,6,0,0,0.8022440075874329,8.597800254821777,257.5,6.813300132751465,N/A,25889,11.682900428771973,2.398519992828369,0.48506999015808105
2014,4,6,3,0,0.8423269987106323,8.638899803161621,262.5,6.519499778747559,N/A,28487,17.104999542236328,2.499380111694336,0.534529983997345
2014,4,6,6,0,0.8596749901771545,9.318300247192383,272.5,7.196899890899658,N/A,29720,17.104999542236328,2.449889898300171,0.4972600042819977
2014,4,6,9,0,0.8564800024032593,9.682999610900879,272.5,7.7729997634887695,N/A,25539,17.104999542236328,2.2267398834228516,0.4578999876976013
2014,4,6,12,0,0.8728039860725403,10.39840030670166,272.5,8.51259994506836,N/A,26252,17.104999542236328,2.1668100357055664,0.4243899881839752
2014,4,6,15,0,0.8813080191612244,10.79319953918457,272.5,8.97659969329834,N/A,26911,15.550000190734863,2.145859956741333,0.39963001012802124
2014,4,6,18,0,0.870244026184082,10.684100151062012,272.5,8.96619987487793,N/A,23811,15.550000190734863,2.030289888381958,0.39221999049186707
2014,4,6,21,0,0.8687779903411865,10.811100006103516,267.5,9.141900062561035,N/A,24509,17.104999542236328,2.04502010345459,0.3834800124168396
2014,4,7,0,0,0.8656200170516968,10.919500350952148,272.5,9.329400062561035,N/A,27132,15.550000190734863,2.1387500762939453,0.3668600022792816
2014,4,7,3,0,0.8521310091018677,10.686800003051758,267.5,8.843199729919434,N/A,26227,15.550000190734863,2.12637996673584,0.37634000182151794
2014,4,7,6,0,0.8470230102539062,10.077199935913086,267.5,7.760300159454346,N/A,25617,15.550000190734863,2.1659300327301025,0.4253599941730499
2014,4,7,9,0,0.8432270288467407,9.739500045776367,262.5,7.437699794769287,N/A,25130,15.550000190734863,2.185189962387085,0.44095999002456665
2014,4,7,12,0,0.8464800119400024,9.63659954071045,262.5,7.592299938201904,N/A,24168,15.550000190734863,2.159709930419922,0.42552998661994934
2014,4,7,15,0,0.8479250073432922,9.561599731445312,262.5,7.755199909210205,N/A,21648,14.136300086975098,2.057219982147217,0.4091399908065796
2014,4,7,18,0,0.8663409948348999,9.978300094604492,262.5,8.235899925231934,N/A,22194,14.136300086975098,2.0341598987579346,0.3807699978351593
2014,4,7,21,0,0.8861680030822754,10.109999656677246,267.5,8.423100471496582,N/A,24616,14.136300086975098,2.130919933319092,0.3544900119304657
2014,4,8,0,0,0.8939689993858337,9.995800018310547,267.5,8.41450023651123,N/A,26177,14.136300086975098,2.2161200046539307,0.3415899872779846
2014,4,8,3,0,0.9057760238647461,10.003100395202637,262.5,8.244999885559082,N/A,30404,12.851200103759766,2.3858299255371094,0.3442699909210205
2014,4,8,6,0,0.9148790240287781,10.006799697875977,262.5,8.159000396728516,N/A,33848,12.851200103759766,2.514780044555664,0.34773001074790955
2014,4,8,9,0,0.9187719821929932,9.869199752807617,262.5,7.925000190734863,N/A,36751,12.851200103759766,2.638669967651367,0.3604300022125244
2014,4,8,12,0,0.9209929704666138,9.737899780273438,257.5,7.870100021362305,N/A,40998,12.851200103759766,2.809890031814575,0.36006999015808105
2014,4,8,15,0,0.9230750203132629,9.806300163269043,257.5,8.173999786376953,N/A,42402,12.851200103759766,2.8521299362182617,0.33820000290870667
2014,4,8,18,0,0.9245229959487915,10.194499969482422,257.5,8.975500106811523,N/A,35736,11.682900428771973,2.5675599575042725,0.29357999563217163
2014,4,8,21,0,0.9215989708900452,10.315299987792969,252.5,9.26259994506836,N/A,31484,11.682900428771973,2.3965699672698975,0.27597999572753906
2014,4,9,0,0,0.9173089861869812,10.376199722290039,257.5,9.414400100708008,N/A,29921,11.682900428771973,2.3302900791168213,0.26545000076293945
2014,4,9,3,0,0.9086049795150757,9.797900199890137,257.5,8.167200088500977,N/A,28681,11.682900428771973,2.3549699783325195,0.3190400004386902
2014,4,9,6,0,0.8962180018424988,9.244799613952637,257.5,7.615699768066406,N/A,27435,11.682900428771973,2.3805999755859375,0.34755998849868774
2014,4,9,9,0,0.8877009749412537,8.765700340270996,262.5,7.208899974822998,N/A,25731,10.620800018310547,2.3777599334716797,0.36302998661994934
2014,4,9,12,0,0.8934059739112854,9.108499526977539,257.5,7.84630012512207,N/A,23270,10.620800018310547,2.217989921569824,0.3236300051212311
2014,4,9,15,0,0.8942109942436218,9.281499862670898,257.5,8.140999794006348,N/A,21065,10.620800018310547,2.0913000106811523,0.30300000309944153
2014,4,9,18,0,0.892204999923706,9.120800018310547,257.5,7.735599994659424,N/A,20061,10.620800018310547,2.060770034790039,0.3203499913215637
2014,4,9,21,0,0.8927209973335266,8.829400062561035,262.5,7.216700077056885,N/A,20709,10.620800018310547,2.1306099891662598,0.34832000732421875
2014,4,10,0,0,0.887008011341095,8.335800170898438,262.5,6.723100185394287,N/A,21041,10.620800018310547,2.2164499759674072,0.376800000667572
2014,4,10,3,0,0.8891370296478271,8.24839973449707,267.5,6.723999977111816,N/A,21348,10.620800018310547,2.247450113296509,0.37292999029159546
2014,4,10,6,0,0.8881149888038635,8.2121000289917,267.5,6.810800075531006,N/A,19287,9.655200004577637,2.144320011138916,0.3611299991607666
2014,4,10,9,0,0.8877519965171814,8.322600364685059,262.5,7.098499774932861,N/A,15546,9.655200004577637,1.9137599468231201,0.3401400148868561
2014,4,10,12,0,0.8888199925422668,8.30109977722168,262.5,6.981800079345703,N/A,13258,9.655200004577637,1.7702200412750244,0.34488001465797424
2014,4,10,15,0,0.8890590071678162,8.408300399780273,262.5,7.05620002746582,N/A,12069,9.655200004577637,1.6762700080871582,0.34714001417160034
2014,4,10,18,0,0.8820819854736328,8.24839973449707,262.5,6.785699844360352,N/A,10887,9.655200004577637,1.6076300144195557,0.36735999584198
2014,4,10,21,0,0.8742730021476746,8.269800186157227,267.5,6.6875,N/A,10513,9.655200004577637,1.577180027961731,0.3727400004863739
2014,4,11,0,0,0.8741269707679749,8.476099967956543,272.5,6.7357001304626465,N/A,12530,9.655200004577637,1.6966899633407593,0.37382999062538147
2014,4,11,3,0,0.892071008682251,8.763799667358398,277.5,7.053599834442139,N/A,15971,10.620800018310547,1.8804700374603271,0.3552899956703186
2014,4,11,6,0,0.9048159718513489,9.159799575805664,282.5,7.776700019836426,N/A,17234,10.620800018310547,1.9089399576187134,0.3134700059890747
2014,4,11,9,0,0.9114900231361389,9.309800148010254,277.5,8.168700218200684,N/A,16965,10.620800018310547,1.879040002822876,0.2913300096988678
2014,4,11,12,0,0.916217029094696,9.276399612426758,277.5,8.249699592590332,N/A,16219,10.620800018310547,1.841629981994629,0.2879199981689453
2014,4,11,15,0,0.917739987373352,9.140999794006348,277.5,8.059000015258789,N/A,14981,9.655200004577637,1.7838200330734253,0.29997000098228455
2014,4,11,18,0,0.9162790179252625,8.947500228881836,277.5,7.73829984664917,N/A,13684,9.655200004577637,1.7244800329208374,0.31782999634742737
2014,4,11,21,0,0.9130780100822449,8.317500114440918,277.5,6.639599800109863,N/A,13571,9.655200004577637,1.7836600542068481,0.3843599855899811
2014,4,12,0,0,0.9088069796562195,7.8429999351501465,277.5,6.22760009765625,N/A,15111,9.655200004577637,1.9414000511169434,0.4136100113391876
2014,4,12,3,0,0.9063249826431274,8.007399559020996,277.5,6.46999979019165,N/A,17121,9.655200004577637,2.043560028076172,0.39923998713493347
2014,4,12,6,0,0.9144309759140015,8.44950008392334,277.5,7.105999946594238,N/A,18466,9.655200004577637,2.063570022583008,0.36070001125335693
2014,4,12,9,0,0.9193180203437805,8.769700050354004,277.5,7.560299873352051,N/A,18022,10.620800018310547,1.9967199563980103,0.3443799912929535
2014,4,12,12,0,0.926842987537384,9.055999755859375,277.5,7.973899841308594,N/A,18999,10.620800018310547,2.014270067214966,0.3250400125980377
2014,4,12,15,0,0.9322230219841003,9.437999725341797,277.5,8.343000411987305,N/A,20153,10.620800018310547,2.0244600772857666,0.32194000482559204
2014,4,12,18,0,0.9347350001335144,9.771200180053711,277.5,8.650400161743164,N/A,20982,11.682900428771973,2.0235800743103027,0.323529988527298
2014,4,12,21,0,0.9356020092964172,10.07759952545166,277.5,8.90880012512207,N/A,21731,11.682900428771973,2.021059989929199,0.327239990234375
2014,4,13,0,0,0.9345530271530151,10.17080020904541,277.5,8.317000389099121,N/A,22545,10.620800018310547,2.04010009765625,0.3688800036907196
2014,4,13,3,0,0.932299017906189,9.374899864196777,277.5,7.122900009155273,N/A,25394,10.620800018310547,2.256589889526367,0.44472000002861023
2014,4,13,6,0,0.9346349835395813,9.831100463867188,277.5,7.806600093841553,N/A,24558,17.104999542236328,2.1603400707244873,0.41620001196861267
2014,4,13,9,0,0.9382910132408142,10.392000198364258,277.5,8.54580020904541,N/A,22353,15.550000190734863,1.9970699548721313,0.3837699890136719
2014,4,13,12,0,0.9329270124435425,10.571800231933594,277.5,8.800700187683105,N/A,18853,15.550000190734863,1.8162000179290771,0.36796998977661133
2014,4,13,15,0,0.9258779883384705,10.852800369262695,277.5,9.085700035095215,N/A,16760,15.550000190734863,1.6854000091552734,0.35398998856544495
2014,4,13,18,0,0.9177029728889465,11.071399688720703,277.5,9.364399909973145,N/A,15452,15.550000190734863,1.5991100072860718,0.33792001008987427
2014,4,13,21,0,0.908079981803894,11.206899642944336,272.5,9.543299674987793,N/A,14212,15.550000190734863,1.5221699476242065,0.3274100124835968
2014,4,14,0,0,0.9054340124130249,11.477299690246582,272.5,9.880599975585938,N/A,14301,14.136300086975098,1.5049500465393066,0.31150001287460327
2014,4,14,3,0,0.9003130197525024,11.496500015258789,272.5,10.016400337219238,N/A,13155,14.136300086975098,1.4424599409103394,0.3026300072669983
2014,4,14,6,0,0.8966540098190308,11.581000328063965,272.5,10.138199806213379,N/A,12002,14.136300086975098,1.3716800212860107,0.2957499921321869
2014,4,14,9,0,0.896344006061554,11.67020034790039,272.5,10.253600120544434,N/A,11103,14.136300086975098,1.3132799863815308,0.2874400019645691
2014,4,14,12,0,0.8954960107803345,11.590800285339355,272.5,9.564200401306152,N/A,10377,14.136300086975098,1.2737200260162354,0.2985000014305115
2014,4,14,15,0,0.8934829831123352,11.73069953918457,272.5,10.226400375366211,N/A,9734,14.136300086975098,1.2261199951171875,0.27518999576568604
2014,4,14,18,0,0.8877270221710205,8.866800308227539,272.5,5.651100158691406,N/A,10422,12.851200103759766,1.4722900390625,0.5311999917030334
2014,4,14,21,0,0.885670006275177,7.095600128173828,272.5,5.565400123596191,N/A,17826,12.851200103759766,2.203540086746216,0.4937799870967865
2014,4,15,0,0,0.887365996837616,7.1321001052856445,277.5,5.870800018310547,N/A,21753,6.594600200653076,2.4423201084136963,0.43509000539779663
2014,4,15,3,0,0.8797879815101624,7.123799800872803,277.5,5.902100086212158,N/A,20717,6.594600200653076,2.3869400024414062,0.42886000871658325
2014,4,15,6,0,0.8857679963111877,7.478600025177002,277.5,6.08050012588501,N/A,22000,6.594600200653076,2.388629913330078,0.44492000341415405
2014,4,15,9,0,0.9245629906654358,8.81410026550293,277.5,7.129899978637695,N/A,36465,12.851200103759766,2.805000066757202,0.39785000681877136
2014,4,15,12,0,0.9391360282897949,9.884699821472168,277.5,8.691699981689453,N/A,38243,11.682900428771973,2.7081298828125,0.2980400025844574
2014,4,15,15,0,0.9385499954223633,10.073699951171875,277.5,9.171699523925781,N/A,31345,11.682900428771973,2.433690071105957,0.2589600086212158
2014,4,15,18,0,0.9269180297851562,9.769200325012207,277.5,8.674599647521973,N/A,24069,11.682900428771973,2.173409938812256,0.27213001251220703
2014,4,15,21,0,0.8982120156288147,8.595199584960938,272.5,6.79010009765625,N/A,22148,10.620800018310547,2.2329399585723877,0.3805699944496155
2014,4,16,0,0,0.9020910263061523,9.062000274658203,272.5,7.877299785614014,N/A,21134,10.620800018310547,2.1253199577331543,0.31540000438690186
2014,4,16,3,0,0.9037969708442688,9.210700035095215,272.5,8.186400413513184,N/A,19369,9.655200004577637,2.018660068511963,0.2976999878883362
2014,4,16,6,0,0.9016429781913757,9.2298002243042,272.5,8.226499557495117,N/A,18534,9.655200004577637,1.972640037536621,0.2994399964809418
2014,4,16,9,0,0.889411985874176,8.809399604797363,267.5,7.394400119781494,N/A,19128,9.655200004577637,2.0525400638580322,0.3494899868965149
2014,4,16,12,0,0.884136974811554,8.645899772644043,262.5,7.2677001953125,N/A,19980,9.655200004577637,2.117539882659912,0.36226001381874084
2014,4,16,15,0,0.8804619908332825,8.380900382995605,262.5,6.796599864959717,N/A,22814,10.620800018310547,2.2946701049804688,0.39809998869895935
2014,4,16,18,0,0.8819209933280945,8.633999824523926,262.5,7.100200176239014,N/A,24578,10.620800018310547,2.342010021209717,0.3804900050163269
2014,4,16,21,0,0.8953689932823181,9.223400115966797,267.5,7.719200134277344,N/A,26022,11.682900428771973,2.321929931640625,0.3485099971294403
2014,4,17,0,0,0.9154629707336426,9.849100112915039,267.5,8.574700355529785,N/A,29802,11.682900428771973,2.3971099853515625,0.30044999718666077
2014,4,17,3,0,0.9180629849433899,9.968700408935547,267.5,8.815400123596191,N/A,27802,11.682900428771973,2.300839900970459,0.2877500057220459
2014,4,17,6,0,0.9226589798927307,10.040399551391602,267.5,8.7608003616333,N/A,29512,11.682900428771973,2.360840082168579,0.2865700125694275
2014,4,17,9,0,0.9148799777030945,9.35569953918457,262.5,7.595600128173828,N/A,30140,11.682900428771973,2.4772799015045166,0.35238000750541687
2014,4,17,12,0,0.9119849801063538,9.305500030517578,262.5,7.557600021362305,N/A,28140,11.682900428771973,2.401439905166626,0.3546999990940094
2014,4,17,15,0,0.9013490080833435,8.831500053405762,262.5,7.116499900817871,N/A,26426,11.682900428771973,2.3961400985717773,0.38062000274658203
2014,4,17,18,0,0.8910629749298096,8.433799743652344,257.5,6.938799858093262,N/A,26967,11.682900428771973,2.4885599613189697,0.38214999437332153
2014,4,17,21,0,0.8922169804573059,8.88230037689209,262.5,7.5995001792907715,N/A,40702,11.682900428771973,2.975529909133911,0.3421599864959717
2014,4,18,0,0,0.9071409702301025,9.05459976196289,262.5,7.564799785614014,N/A,38490,10.620800018310547,2.8590199947357178,0.35319000482559204
2014,4,18,3,0,0.912335991859436,8.508199691772461,272.5,7.452199935913086,N/A,57741,9.655200004577637,3.6421000957489014,0.333950012922287
2014,4,18,6,0,0.9130970239639282,8.646300315856934,272.5,7.675899982452393,N/A,64463,9.655200004577637,3.819499969482422,0.3156700134277344
2014,4,18,9,0,0.9075149893760681,8.745100021362305,277.5,7.707099914550781,N/A,53789,9.655200004577637,3.4614601135253906,0.3266899883747101
2014,4,18,12,0,0.9058690071105957,8.964400291442871,272.5,7.747799873352051,N/A,42338,10.620800018310547,3.01747989654541,0.34946000576019287
2014,4,18,15,0,0.9102140069007874,9.602999687194824,272.5,8.347599983215332,N/A,35397,10.620800018310547,2.647020101547241,0.33932000398635864
2014,4,18,18,0,0.9130679965019226,10.073399543762207,272.5,8.936800003051758,N/A,33820,10.620800018310547,2.517580032348633,0.31018000841140747
2014,4,18,21,0,0.9155070185661316,10.362500190734863,272.5,9.303899765014648,N/A,33113,14.136300086975098,2.4504001140594482,0.2916800081729889
2014,4,19,0,0,0.917622983455658,10.395999908447266,272.5,9.424300193786621,N/A,32157,14.136300086975098,2.412480115890503,0.27744999527931213
2014,4,19,3,0,0.9145320057868958,10.2608003616333,272.5,9.330499649047852,N/A,28199,10.620800018310547,2.278330087661743,0.2753100097179413
2014,4,19,6,0,0.9154520034790039,10.241299629211426,272.5,9.328300476074219,N/A,25962,12.851200103759766,2.188839912414551,0.27298998832702637
2014,4,19,9,0,0.9011499881744385,9.7923002243042,272.5,8.25790023803711,N/A,20126,12.851200103759766,1.976770043373108,0.3123700022697449
2014,4,19,12,0,0.8495240211486816,8.638999938964844,267.5,6.273200035095215,N/A,15493,12.851200103759766,1.8535000085830688,0.4295800030231476
2014,4,19,15,0,0.8284389972686768,8.298199653625488,247.5,6.770699977874756,N/A,17371,9.655200004577637,2.0183498859405518,0.38324999809265137
2014,4,19,18,0,0.8668379783630371,8.401000022888184,232.5,6.984399795532227,N/A,28821,10.620800018310547,2.5869600772857666,0.35778000950813293
2014,4,19,21,0,0.8791940212249756,8.734999656677246,232.5,7.3805999755859375,N/A,35194,10.620800018310547,2.7937099933624268,0.3444499969482422
2014,4,20,0,0,0.9024180173873901,8.780200004577637,242.5,7.509099960327148,N/A,50269,10.620800018310547,3.3282299041748047,0.3608500063419342
2014,4,20,3,0,0.9364240169525146,11.441699981689453,252.5,9.649299621582031,N/A,110165,11.682900428771973,4.203169822692871,0.37018001079559326
2014,4,20,6,0,0.9604099988937378,13.5733003616333,257.5,11.942099571228027,N/A,216704,17.104999542236328,5.321479797363281,0.2951500117778778
2014,4,20,9,0,0.9625409841537476,14.166399955749512,262.5,12.812399864196777,N/A,233351,17.104999542236328,5.384429931640625,0.2609899938106537
2014,4,20,12,0,0.9611009955406189,14.293700218200684,262.5,13.15310001373291,N/A,223585,17.104999542236328,5.240789890289307,0.24246999621391296
2014,4,20,15,0,0.9558219909667969,14.008899688720703,267.5,12.923800468444824,N/A,187478,15.550000190734863,4.85221004486084,0.24065999686717987
2014,4,20,18,0,0.9518150091171265,13.640199661254883,267.5,12.568499565124512,N/A,152506,15.550000190734863,4.441110134124756,0.24023999273777008
2014,4,20,21,0,0.9450280070304871,12.938199996948242,267.5,11.340100288391113,N/A,127698,15.550000190734863,4.183420181274414,0.27142998576164246
2014,4,21,0,0,0.9201620221138,11.817299842834473,267.5,10.215399742126465,N/A,97019,14.136300086975098,3.8477699756622314,0.3071900010108948
2014,4,21,3,0,0.9084290266036987,11.36989974975586,262.5,9.891599655151367,N/A,82510,14.136300086975098,3.6359400749206543,0.3017500042915344
2014,4,21,6,0,0.9056209921836853,11.292499542236328,262.5,10.034600257873535,N/A,80042,14.136300086975098,3.6012399196624756,0.2818799912929535
2014,4,21,9,0,0.9050390124320984,11.250399589538574,262.5,10.161299705505371,N/A,66965,12.851200103759766,3.306960105895996,0.26747000217437744
2014,4,21,12,0,0.9169219732284546,11.448200225830078,262.5,10.441399574279785,N/A,63753,12.851200103759766,3.1946699619293213,0.2560400068759918
2014,4,21,15,0,0.9317200183868408,11.696499824523926,262.5,10.810199737548828,N/A,69297,12.851200103759766,3.289669990539551,0.23800000548362732
2014,4,21,18,0,0.9361090064048767,11.591899871826172,262.5,10.734600067138672,N/A,62355,12.851200103759766,3.139009952545166,0.23840999603271484
2014,4,21,21,0,0.9409130215644836,11.511199951171875,262.5,10.697799682617188,N/A,58882,12.851200103759766,3.064810037612915,0.23371000587940216
2014,4,22,0,0,0.939631998538971,11.315500259399414,262.5,10.53279972076416,N/A,53328,12.851200103759766,2.949460029602051,0.23210999369621277
2014,4,22,3,0,0.9354569911956787,11.093400001525879,267.5,10.263500213623047,N/A,47191,12.851200103759766,2.8092401027679443,0.23761999607086182
2014,4,22,6,0,0.9301739931106567,10.50409984588623,267.5,8.988100051879883,N/A,42901,12.851200103759766,2.760430097579956,0.29381999373435974
2014,4,22,9,0,0.9213680028915405,9.859199523925781,267.5,8.144200325012207,N/A,38728,11.682900428771973,2.7174301147460938,0.33855000138282776
2014,4,22,12,0,0.9215239882469177,9.802300453186035,267.5,8.149100303649902,N/A,35790,11.682900428771973,2.6219899654388428,0.337799996137619
2014,4,22,15,0,0.9233310222625732,10.154399871826172,267.5,8.833000183105469,N/A,31054,11.682900428771973,2.3989200592041016,0.30094000697135925
2014,4,22,18,0,0.930063009262085,10.570899963378906,267.5,9.43589973449707,N/A,29142,11.682900428771973,2.272200107574463,0.27865999937057495
2014,4,22,21,0,0.9317219853401184,10.661499977111816,272.5,8.63479995727539,N/A,30718,11.682900428771973,2.3102900981903076,0.3267900049686432
2014,4,23,0,0,0.9097890257835388,9.578900337219238,267.5,7.12060022354126,N/A,34955,14.136300086975098,2.601609945297241,0.43029001355171204
2014,4,23,3,0,0.9053009748458862,9.826299667358398,262.5,7.923999786376953,N/A,43826,12.851200103759766,2.8814198970794678,0.37856000661849976
2014,4,23,6,0,0.9183679819107056,10.508000373840332,262.5,9.145099639892578,N/A,47682,12.851200103759766,2.9034199714660645,0.30555999279022217
2014,4,23,9,0,0.9179480075836182,10.323100090026855,262.5,8.916899681091309,N/A,47920,12.851200103759766,2.945389986038208,0.3036699891090393
2014,4,23,12,0,0.9095749855041504,9.925700187683105,257.5,8.628800392150879,N/A,46011,11.682900428771973,2.9591100215911865,0.3064199984073639
2014,4,23,15,0,0.9051139950752258,9.781900405883789,257.5,8.584099769592285,N/A,41020,11.682900428771973,2.8237600326538086,0.2976999878883362
2014,4,23,18,0,0.899590015411377,9.53339958190918,257.5,8.299500465393066,N/A,32829,11.682900428771973,2.5684800148010254,0.30171000957489014
2014,4,23,21,0,0.8961570262908936,9.352700233459473,262.5,8.014300346374512,N/A,28399,11.682900428771973,2.418450117111206,0.3077299892902374
2014,4,24,0,0,0.8876760005950928,9.160400390625,262.5,7.9369001388549805,N/A,22306,10.620800018310547,2.1719698905944824,0.30904000997543335
2014,4,24,3,0,0.8547809720039368,8.514599800109863,257.5,7.134799957275391,N/A,18034,10.620800018310547,2.033090114593506,0.3531000018119812
2014,4,24,6,0,0.785735011100769,7.8856000900268555,247.5,6.265100002288818,N/A,15756,10.620800018310547,1.979509949684143,0.4079799950122833
2014,4,24,9,0,0.7756339907646179,7.500100135803223,227.5,6.364299774169922,N/A,17417,10.620800018310547,2.14424991607666,0.38328999280929565
2014,4,24,12,0,0.8244689702987671,7.5406999588012695,232.5,6.692800045013428,N/A,26336,7.979499816894531,2.640660047531128,0.3284200131893158
2014,4,24,15,0,0.8140460252761841,7.853499889373779,227.5,6.962699890136719,N/A,31826,7.979499816894531,2.840250015258789,0.3268899917602539
2014,4,24,18,0,0.8215519785881042,8.543100357055664,227.5,7.624300003051758,N/A,36459,8.77750015258789,2.8984899520874023,0.3230000138282776
2014,4,24,21,0,0.8308370113372803,9.06719970703125,237.5,8.035200119018555,N/A,42157,9.655200004577637,3.007499933242798,0.32141000032424927
2014,4,25,0,0,0.8425660133361816,9.474300384521484,247.5,8.394000053405762,N/A,46953,9.655200004577637,3.0883700847625732,0.32471001148223877
2014,4,25,3,0,0.8594580292701721,9.842900276184082,252.5,8.61620044708252,N/A,46969,10.620800018310547,3.0129199028015137,0.34101998805999756
2014,4,25,6,0,0.8751230239868164,10.251799583435059,257.5,8.98740005493164,N/A,47599,10.620800018310547,2.9563701152801514,0.3365100026130676
2014,4,25,9,0,0.883795976638794,10.581600189208984,257.5,9.300299644470215,N/A,46139,10.620800018310547,2.8531100749969482,0.33035001158714294
2014,4,25,12,0,0.88926100730896,10.669699668884277,262.5,9.38949966430664,N/A,40609,15.550000190734863,2.6619598865509033,0.3278599977493286
2014,4,25,15,0,0.9011780023574829,11.026800155639648,267.5,9.756500244140625,N/A,40802,15.550000190734863,2.613990068435669,0.31626999378204346
2014,4,25,18,0,0.9124600291252136,11.232500076293945,267.5,10.03380012512207,N/A,42123,15.550000190734863,2.6259400844573975,0.300929993391037
2014,4,25,21,0,0.9098049998283386,11.06350040435791,267.5,9.893699645996094,N/A,36384,15.550000190734863,2.4631500244140625,0.30118000507354736
2014,4,26,0,0,0.9115769863128662,11.087900161743164,272.5,9.815600395202637,N/A,33720,14.136300086975098,2.36680006980896,0.30303001403808594
2014,4,26,3,0,0.9137780070304871,10.945199966430664,272.5,9.388299942016602,N/A,32003,14.136300086975098,2.3221399784088135,0.3148699998855591
2014,4,26,6,0,0.9197369813919067,11.189599990844727,272.5,9.897199630737305,N/A,32913,14.136300086975098,2.3246700763702393,0.2974500060081482
2014,4,26,9,0,0.9214460253715515,11.277000427246094,272.5,10.083499908447266,N/A,31967,14.136300086975098,2.2809898853302,0.28951001167297363
2014,4,26,12,0,0.918175995349884,11.171699523925781,272.5,10.031900405883789,N/A,28774,14.136300086975098,2.1771600246429443,0.2871600091457367
2014,4,26,15,0,0.9172220230102539,11.166799545288086,272.5,9.98550033569336,N/A,26246,14.136300086975098,2.079279899597168,0.28824999928474426
2014,4,26,18,0,0.9151129722595215,10.708200454711914,272.5,8.460000038146973,N/A,27193,14.136300086975098,2.1620800495147705,0.3438499867916107
2014,4,26,21,0,0.8413140177726746,8.786499977111816,267.5,6.542799949645996,N/A,28779,14.136300086975098,2.48157000541687,0.4609299898147583
2014,4,27,0,0,0.7548440098762512,7.759900093078613,252.5,6.033400058746338,N/A,30288,12.851200103759766,2.741879940032959,0.46566998958587646
2014,4,27,3,0,0.7436439990997314,7.463500022888184,222.5,6.23199987411499,N/A,33170,7.979499816894531,2.9601399898529053,0.3981199860572815
2014,4,27,6,0,0.782185971736908,8.32129955291748,217.5,7.50029993057251,N/A,34294,7.979499816894531,2.852839946746826,0.31126999855041504
2014,4,27,9,0,0.7791339755058289,8.188899993896484,232.5,7.23829984664917,N/A,41919,8.77750015258789,3.1805100440979004,0.3267599940299988
2014,4,27,12,0,0.7865570187568665,8.82509994506836,242.5,7.992300033569336,N/A,41996,8.77750015258789,3.0549299716949463,0.30320000648498535
2014,4,27,15,0,0.7967119812965393,9.291199684143066,247.5,8.458000183105469,N/A,38096,8.77750015258789,2.8242499828338623,0.3039200007915497
2014,4,27,18,0,0.8152490258216858,9.623200416564941,252.5,8.725500106811523,N/A,36192,10.620800018310547,2.6954801082611084,0.3154999911785126
2014,4,27,21,0,0.8363670110702515,9.878499984741211,252.5,8.892000198364258,N/A,37689,10.620800018310547,2.7057700157165527,0.3212299942970276
2014,4,28,0,0,0.8582670092582703,10.102499961853027,257.5,9.00100040435791,N/A,40782,10.620800018310547,2.7717599868774414,0.327349990606308
2014,4,28,3,0,0.8789420127868652,10.511699676513672,257.5,9.24020004272461,N/A,45413,11.682900428771973,2.8480899333953857,0.33629998564720154
2014,4,28,6,0,0.8999410271644592,11.288900375366211,267.5,9.998499870300293,N/A,58660,11.682900428771973,3.095210075378418,0.3169800043106079
2014,4,28,9,0,0.910610020160675,11.803500175476074,267.5,10.524100303649902,N/A,67072,12.851200103759766,3.218709945678711,0.30180999636650085
2014,4,28,12,0,0.9157900214195251,12.086199760437012,272.5,10.843400001525879,N/A,70661,14.136300086975098,3.2551798820495605,0.2900199890136719
2014,4,28,15,0,0.9164729714393616,12.195699691772461,272.5,10.976099967956543,N/A,67684,14.136300086975098,3.1675400733947754,0.28457000851631165
2014,4,28,18,0,0.9112979769706726,12.093700408935547,272.5,10.88029956817627,N/A,58929,14.136300086975098,2.9708099365234375,0.2866699993610382
2014,4,28,21,0,0.9099969863891602,12.143600463867188,272.5,10.918000221252441,N/A,53099,14.136300086975098,2.811569929122925,0.2844899892807007
2014,4,29,0,0,0.9126330018043518,12.1451997756958,272.5,10.918899536132812,N/A,50534,14.136300086975098,2.7416698932647705,0.2778699994087219
2014,4,29,3,0,0.8989779949188232,11.772299766540527,267.5,10.226400375366211,N/A,44276,14.136300086975098,2.609499931335449,0.30831000208854675
2014,4,29,6,0,0.8903040289878845,11.619999885559082,267.5,10.173600196838379,N/A,39320,14.136300086975098,2.4804999828338623,0.3055500090122223
2014,4,29,9,0,0.8757820129394531,11.196000099182129,262.5,9.88479995727539,N/A,35855,14.136300086975098,2.426340103149414,0.3120099902153015
2014,4,29,12,0,0.8588100075721741,10.8641996383667,252.5,9.642399787902832,N/A,34985,14.136300086975098,2.443700075149536,0.31532999873161316
2014,4,29,15,0,0.8443430066108704,10.628800392150879,247.5,9.498100280761719,N/A,35996,12.851200103759766,2.5155599117279053,0.3079400062561035
2014,4,29,18,0,0.8307440280914307,10.415300369262695,242.5,9.245699882507324,N/A,32558,12.851200103759766,2.4198899269104004,0.31909000873565674
2014,4,29,21,0,0.8168609738349915,10.375900268554688,247.5,9.161499977111816,N/A,29646,12.851200103759766,2.312340021133423,0.3218899965286255
2014,4,30,0,0,0.8126580119132996,10.404600143432617,252.5,9.219599723815918,N/A,27334,12.851200103759766,2.2173800468444824,0.3131600022315979
2014,4,30,3,0,0.8170499801635742,10.379599571228027,252.5,9.261799812316895,N/A,24818,12.851200103759766,2.117759943008423,0.30386000871658325
2014,4,30,6,0,0.8202990293502808,10.216099739074707,252.5,8.821100234985352,N/A,21452,11.682900428771973,1.9877400398254395,0.313620001077652
2014,4,30,9,0,0.8193910121917725,9.952099800109863,257.5,8.15149974822998,N/A,19568,11.682900428771973,1.9248900413513184,0.34228000044822693
2014,4,30,12,0,0.8141850233078003,9.806500434875488,252.5,7.998799800872803,N/A,17030,11.682900428771973,1.8100700378417969,0.35503000020980835
2014,4,30,15,0,0.8134570121765137,9.648300170898438,252.5,7.5518999099731445,N/A,15087,11.682900428771973,1.7177000045776367,0.3764300048351288
2014,4,30,18,0,0.8215529918670654,9.697199821472168,252.5,7.651599884033203,N/A,13956,11.682900428771973,1.6477500200271606,0.3716300129890442
2014,4,30,21,0,0.8344669938087463,9.694199562072754,252.5,7.626299858093262,N/A,13585,11.682900428771973,1.6275099515914917,0.3676300048828125
2014,5,1,0,0,0.8454139828681946,9.662500381469727,247.5,7.651400089263916,N/A,13068,10.620800018310547,1.601099967956543,0.36243999004364014
2014,5,1,3,0,0.8556789755821228,9.694000244140625,247.5,7.886000156402588,N/A,12225,10.620800018310547,1.548009991645813,0.34804001450538635
2014,5,1,6,0,0.8557699918746948,9.479299545288086,247.5,7.514999866485596,N/A,11600,10.620800018310547,1.5269500017166138,0.36362001299858093
2014,5,1,9,0,0.8545690178871155,9.199999809265137,247.5,7.032599925994873,N/A,11381,10.620800018310547,1.5372300148010254,0.38624000549316406
2014,5,1,12,0,0.8587120175361633,9.128100395202637,242.5,6.9822998046875,N/A,11597,10.620800018310547,1.5596699714660645,0.38339000940322876
2014,5,1,15,0,0.8679479956626892,9.30150032043457,242.5,7.459499835968018,N/A,11949,10.620800018310547,1.5698699951171875,0.3506700098514557
2014,5,1,18,0,0.8736129999160767,9.59220027923584,242.5,8.252300262451172,N/A,12186,10.620800018310547,1.562019944190979,0.3033199906349182
2014,5,1,21,0,0.8746280074119568,9.711199760437012,242.5,8.763500213623047,N/A,11541,10.620800018310547,1.510990023612976,0.27952998876571655
2014,5,2,0,0,0.8665419816970825,8.789799690246582,242.5,6.967299938201904,N/A,11297,9.655200004577637,1.5743600130081177,0.37770000100135803
2014,5,2,3,0,0.8550429940223694,8.487600326538086,237.5,6.938399791717529,N/A,10997,9.655200004577637,1.5834699869155884,0.3834800124168396
2014,5,2,6,0,0.8549609780311584,8.288900375366211,237.5,6.721399784088135,N/A,10223,9.655200004577637,1.5462900400161743,0.3953000009059906
2014,5,2,9,0,0.8598089814186096,8.007699966430664,232.5,6.563600063323975,N/A,9953,9.655200004577637,1.5551199913024902,0.40209999680519104
2014,5,2,12,0,0.8609030246734619,7.901000022888184,232.5,6.396100044250488,N/A,9670,9.655200004577637,1.5439399480819702,0.40887001156806946
2014,5,2,15,0,0.8636879920959473,7.631100177764893,227.5,5.945799827575684,N/A,10095,9.655200004577637,1.605239987373352,0.4392000138759613
2014,5,2,18,0,0.8815910220146179,7.917399883270264,227.5,6.245999813079834,N/A,10277,11.682900428771973,1.5874099731445312,0.42131999135017395
2014,5,2,21,0,0.8907259702682495,8.253000259399414,227.5,6.729700088500977,N/A,11231,11.682900428771973,1.624690055847168,0.38833001255989075
2014,5,3,0,0,0.9028609991073608,8.54580020904541,222.5,7.181099891662598,N/A,12191,10.620800018310547,1.6643199920654297,0.3546000123023987
2014,5,3,3,0,0.9134399890899658,8.53030014038086,222.5,7.091000080108643,N/A,12704,10.620800018310547,1.7020200490951538,0.3579300045967102
2014,5,3,6,0,0.919405996799469,8.736499786376953,227.5,7.4217000007629395,N/A,12705,10.620800018310547,1.6789000034332275,0.35245999693870544
2014,5,3,9,0,0.9205719828605652,9.364399909973145,232.5,7.857600212097168,N/A,14715,12.851200103759766,1.7289700508117676,0.35892999172210693
2014,5,3,12,0,0.9274920225143433,10.305299758911133,237.5,8.786700248718262,N/A,20233,12.851200103759766,1.9126399755477905,0.3292100131511688
2014,5,3,15,0,0.9437410235404968,11,242.5,9.550700187683105,N/A,28559,12.851200103759766,2.1877100467681885,0.2885099947452545
2014,5,3,18,0,0.9420899748802185,10.57610034942627,247.5,8.438899993896484,N/A,33822,12.851200103759766,2.42999005317688,0.3377299904823303
2014,5,3,21,0,0.9249119758605957,9.88290023803711,242.5,7.701700210571289,N/A,40337,12.851200103759766,2.7542901039123535,0.38655999302864075
2014,5,4,0,0,0.9330819845199585,10.350500106811523,242.5,8.820699691772461,N/A,46626,12.851200103759766,2.89667010307312,0.32218000292778015
2014,5,4,3,0,0.9244499802589417,10.456000328063965,242.5,9.182999610900879,N/A,47197,12.851200103759766,2.904670000076294,0.29464998841285706
2014,5,4,6,0,0.9171800017356873,10.486100196838379,242.5,9.156100273132324,N/A,49147,12.851200103759766,2.9582700729370117,0.2930299937725067
2014,5,4,9,0,0.9074320197105408,10.190999984741211,237.5,8.683199882507324,N/A,46979,12.851200103759766,2.9400899410247803,0.308459997177124
2014,5,4,12,0,0.9004939794540405,9.9552001953125,237.5,8.56760025024414,N/A,44633,11.682900428771973,2.9085700511932373,0.3062100112438202
2014,5,4,15,0,0.8934940099716187,9.843099594116211,237.5,8.822799682617188,N/A,38413,11.682900428771973,2.725630044937134,0.2792699933052063
2014,5,4,18,0,0.8801940083503723,9.71969985961914,232.5,8.884699821472168,N/A,34075,11.682900428771973,2.594399929046631,0.2581700086593628
2014,5,4,21,0,0.8708959817886353,9.574700355529785,232.5,8.803099632263184,N/A,30005,10.620800018310547,2.460479974746704,0.2504599988460541
2014,5,5,0,0,0.8672289848327637,9.353500366210938,227.5,8.62440013885498,N/A,24925,10.620800018310547,2.2757699489593506,0.2513200044631958
2014,5,5,3,0,0.8607689738273621,9.129300117492676,227.5,8.398300170898438,N/A,19896,10.620800018310547,2.0621399879455566,0.2600399851799011
2014,5,5,6,0,0.852196991443634,8.999500274658203,232.5,8.264599800109863,N/A,16531,9.655200004577637,1.8942699432373047,0.2683500051498413
2014,5,5,9,0,0.8498939871788025,8.826800346374512,232.5,8.088299751281738,N/A,13709,9.655200004577637,1.743880033493042,0.27761000394821167
2014,5,5,12,0,0.8438420295715332,8.590399742126465,237.5,7.747399806976318,N/A,11786,9.655200004577637,1.6394000053405762,0.3051399886608124
2014,5,5,15,0,0.8401489853858948,8.46619987487793,237.5,7.54580020904541,N/A,10278,9.655200004577637,1.5413600206375122,0.3282899856567383
2014,5,5,18,0,0.8297140002250671,8.51039981842041,242.5,7.481100082397461,N/A,9628,8.77750015258789,1.4829800128936768,0.3573800027370453
2014,5,5,21,0,0.828199028968811,8.628999710083008,247.5,7.425600051879883,N/A,9474,8.77750015258789,1.4538600444793701,0.3868800103664398
2014,5,6,0,0,0.8302879929542542,8.434700012207031,252.5,6.728600025177002,N/A,8889,15.550000190734863,1.4207099676132202,0.4321500062942505
2014,5,6,3,0,0.8388689756393433,7.896399974822998,257.5,5.8094000816345215,N/A,9058,15.550000190734863,1.4786900281906128,0.5080199837684631
2014,5,6,6,0,0.8523439764976501,7.60129976272583,262.5,5.860099792480469,N/A,10052,14.136300086975098,1.5929700136184692,0.49257001280784607
2014,5,6,9,0,0.8741790056228638,7.475399971008301,267.5,5.963900089263916,N/A,11856,6.594600200653076,1.7508000135421753,0.46533000469207764
2014,5,6,12,0,0.86946702003479,7.522500038146973,267.5,6.257999897003174,N/A,11078,6.594600200653076,1.6910799741744995,0.43226000666618347
2014,5,6,15,0,0.8708829879760742,7.976399898529053,267.5,6.529799938201904,N/A,9514,12.851200103759766,1.5125600099563599,0.4408999979496002
2014,5,6,18,0,0.8697490096092224,8.214799880981445,262.5,6.632900238037109,N/A,8064,12.851200103759766,1.3694299459457397,0.4384700059890747
2014,5,6,21,0,0.8758739829063416,8.296199798583984,262.5,6.433499813079834,N/A,7513,11.682900428771973,1.3144099712371826,0.44304999709129333
2014,5,7,0,0,0.8722829818725586,8.089400291442871,262.5,6.184500217437744,N/A,6814,11.682900428771973,1.2702699899673462,0.451339989900589
2014,5,7,3,0,0.8711320161819458,8.184000015258789,257.5,6.535799980163574,N/A,6021,11.682900428771973,1.188420057296753,0.4283500015735626
2014,5,7,6,0,0.8765329718589783,8.25879955291748,262.5,6.823200225830078,N/A,6090,11.682900428771973,1.1923999786376953,0.40252000093460083
2014,5,7,9,0,0.8692229986190796,8.025899887084961,262.5,6.806099891662598,N/A,6082,11.682900428771973,1.2134499549865723,0.3924500048160553
2014,5,7,12,0,0.8625820279121399,7.965000152587891,267.5,6.775899887084961,N/A,5907,10.620800018310547,1.2011499404907227,0.395550012588501
2014,5,7,15,0,0.8561000227928162,7.787199974060059,267.5,6.592599868774414,N/A,5471,6.594600200653076,1.1697900295257568,0.4092699885368347
2014,5,7,18,0,0.8499450087547302,7.694699764251709,267.5,6.318999767303467,N/A,4883,6.594600200653076,1.11135995388031,0.4276599884033203
2014,5,7,21,0,0.8462340235710144,7.428800106048584,262.5,5.645299911499023,N/A,4434,6.594600200653076,1.0768200159072876,0.4752799868583679
2014,5,8,0,0,0.8470969796180725,7.5970001220703125,262.5,5.8059000968933105,N/A,4056,10.620800018310547,1.0164999961853027,0.47095999121665955
2014,5,8,3,0,0.8574100136756897,7.912799835205078,257.5,6.124800205230713,N/A,3855,10.620800018310547,0.9690899848937988,0.45379000902175903
2014,5,8,6,0,0.8758310079574585,8.329299926757812,257.5,6.445799827575684,N/A,4057,10.620800018310547,0.9680299758911133,0.42778000235557556
2014,5,8,9,0,0.8874059915542603,8.104499816894531,257.5,6.006400108337402,N/A,4468,10.620800018310547,1.0320500135421753,0.4485499858856201
2014,5,8,12,0,0.8820469975471497,7.194399833679199,247.5,5.356299877166748,N/A,5452,9.655200004577637,1.2168200016021729,0.48973000049591064
2014,5,8,15,0,0.8601440191268921,6.771699905395508,237.5,5.299600124359131,N/A,6603,9.655200004577637,1.3872900009155273,0.46693000197410583
2014,5,8,18,0,0.8675209879875183,7.086299896240234,232.5,5.843500137329102,N/A,8148,8.77750015258789,1.5110299587249756,0.39925000071525574
2014,5,8,21,0,0.8720620274543762,7.480199813842773,227.5,6.358699798583984,N/A,10855,7.979499816894531,1.6996599435806274,0.34894999861717224
2014,5,9,0,0,0.8711709976196289,7.218800067901611,212.5,6.009300231933594,N/A,15644,8.77750015258789,2.0809099674224854,0.3607400059700012
2014,5,9,3,0,0.840936005115509,6.689000129699707,232.5,5.694399833679199,N/A,24245,7.979499816894531,2.6984200477600098,0.35806000232696533
2014,5,9,6,0,0.8667020201683044,7.7256999015808105,247.5,7.004899978637695,N/A,33872,8.77750015258789,2.9636099338531494,0.2746799886226654
2014,5,9,9,0,0.8479509949684143,7.867300033569336,247.5,7.030900001525879,N/A,27429,8.77750015258789,2.63703989982605,0.28953999280929565
2014,5,9,12,0,0.8393309712409973,7.954899787902832,252.5,7.114299774169922,N/A,24886,8.77750015258789,2.4960899353027344,0.28964999318122864
2014,5,9,15,0,0.8460739850997925,8.14109992980957,252.5,7.360099792480469,N/A,22709,8.77750015258789,2.355720043182373,0.2781299948692322
2014,5,9,18,0,0.8631129860877991,8.2568998336792,252.5,7.512499809265137,N/A,19977,9.655200004577637,2.1927199363708496,0.2764799892902374
2014,5,9,21,0,0.8769450187683105,8.294699668884277,252.5,7.502699851989746,N/A,17765,9.655200004577637,2.0615899562835693,0.28703999519348145
2014,5,10,0,0,0.8833990097045898,8.337499618530273,252.5,7.578499794006348,N/A,16134,9.655200004577637,1.9588799476623535,0.2866399884223938
2014,5,10,3,0,0.8917589783668518,8.440500259399414,252.5,7.712800025939941,N/A,15277,9.655200004577637,1.893630027770996,0.2782300114631653
2014,5,10,6,0,0.9000279903411865,8.640899658203125,252.5,7.951600074768066,N/A,16109,9.655200004577637,1.9192899465560913,0.2644299864768982
2014,5,10,9,0,0.9092090129852295,8.869500160217285,252.5,8.197199821472168,N/A,17507,9.655200004577637,1.9709500074386597,0.25407999753952026
2014,5,10,12,0,0.9166139960289001,9.054300308227539,252.5,8.388199806213379,N/A,18536,9.655200004577637,2.0037200450897217,0.24774999916553497
2014,5,10,15,0,0.9216110110282898,9.1806001663208,252.5,8.52239990234375,N/A,19172,9.655200004577637,2.0216500759124756,0.24276000261306763
2014,5,10,18,0,0.9247030019760132,9.262999534606934,257.5,8.633000373840332,N/A,20296,9.655200004577637,2.070810079574585,0.23695999383926392
2014,5,10,21,0,0.9255260229110718,9.162400245666504,257.5,8.516500473022461,N/A,18752,9.655200004577637,2.003659963607788,0.24640999734401703
2014,5,11,0,0,0.9234840273857117,9.000800132751465,262.5,8.30270004272461,N/A,15782,9.655200004577637,1.8566800355911255,0.2626500129699707
2014,5,11,3,0,0.9221510291099548,8.905900001525879,262.5,8.195099830627441,N/A,13631,9.655200004577637,1.7358399629592896,0.27098000049591064
2014,5,11,6,0,0.9165530204772949,8.786299705505371,262.5,8.05739974975586,N/A,11829,9.655200004577637,1.629040002822876,0.27856001257896423
2014,5,11,9,0,0.9081109762191772,8.661999702453613,262.5,7.898499965667725,N/A,10037,9.655200004577637,1.511430025100708,0.2902800142765045
2014,5,11,12,0,0.9009490013122559,8.604599952697754,262.5,7.827600002288818,N/A,9101,8.77750015258789,1.44405996799469,0.2943499982357025
2014,5,11,15,0,0.8937079906463623,8.51200008392334,262.5,7.733699798583984,N/A,8199,8.77750015258789,1.3786499500274658,0.2972399890422821
2014,5,11,18,0,0.8871830105781555,8.414600372314453,262.5,7.652699947357178,N/A,7595,8.77750015258789,1.3356399536132812,0.2962599992752075
2014,5,11,21,0,0.8807569742202759,8.305999755859375,262.5,7.528900146484375,N/A,6806,8.77750015258789,1.2729400396347046,0.3064500093460083
2014,5,12,0,0,0.8751050233840942,8.265399932861328,262.5,7.384699821472168,N/A,6233,8.77750015258789,1.219730019569397,0.33208000659942627
2014,5,12,3,0,0.8678889870643616,8.168000221252441,262.5,6.874599933624268,N/A,5741,8.77750015258789,1.1748900413513184,0.3835099935531616
2014,5,12,6,0,0.8597840070724487,8.32610034942627,257.5,7.057600021362305,N/A,5279,7.979499816894531,1.1122900247573853,0.4016599953174591
2014,5,12,9,0,0.8515809774398804,8.405699729919434,257.5,7.1869001388549805,N/A,4754,7.979499816894531,1.048009991645813,0.41102999448776245
2014,5,12,12,0,0.8423969745635986,8.4375,252.5,7.181700229644775,N/A,4189,7.979499816894531,0.9793999791145325,0.4235300123691559
2014,5,12,15,0,0.8383309841156006,8.492400169372559,252.5,7.151299953460693,N/A,3719,7.979499816894531,0.9172899723052979,0.4356200098991394
2014,5,12,18,0,0.8540549874305725,8.702400207519531,252.5,7.287300109863281,N/A,3651,7.979499816894531,0.8955600261688232,0.42653998732566833
2014,5,12,21,0,0.9045500159263611,8.8858003616333,252.5,7.7153000831604,N/A,5093,11.682900428771973,1.0509300231933594,0.36414000391960144
2014,5,13,0,0,0.9343339800834656,8.77400016784668,252.5,7.815000057220459,N/A,7308,11.682900428771973,1.2730200290679932,0.3237600028514862
2014,5,13,3,0,0.9464470148086548,8.761699676513672,247.5,7.859799861907959,N/A,8515,10.620800018310547,1.3769199848175049,0.3091000020503998
2014,5,13,6,0,0.9522330164909363,8.858099937438965,247.5,7.983699798583984,N/A,9014,10.620800018310547,1.4084099531173706,0.30285000801086426
2014,5,13,9,0,0.9550259709358215,9.02810001373291,247.5,8.128999710083008,N/A,9217,10.620800018310547,1.4084099531173706,0.3023900091648102
2014,5,13,12,0,0.9569820165634155,9.187700271606445,247.5,8.262700080871582,N/A,9432,10.620800018310547,1.410390019416809,0.3011400103569031
2014,5,13,15,0,0.9560269713401794,9.188899993896484,242.5,8.138699531555176,N/A,9665,10.620800018310547,1.4274400472640991,0.3066500127315521
2014,5,13,18,0,0.9595850110054016,9.224599838256836,242.5,8.312999725341797,N/A,9694,10.620800018310547,1.427880048751831,0.29205000400543213
2014,5,13,21,0,0.9611780047416687,9.212300300598145,247.5,8.399200439453125,N/A,9643,10.620800018310547,1.4264099597930908,0.27946001291275024
2014,5,14,0,0,0.9627730250358582,9.210200309753418,247.5,8.461899757385254,N/A,9959,10.620800018310547,1.4511899948120117,0.26579999923706055
2014,5,14,3,0,0.9614999890327454,9.072799682617188,247.5,7.928400039672852,N/A,10284,10.620800018310547,1.486840009689331,0.2827700078487396
2014,5,14,6,0,0.9589009881019592,8.946100234985352,247.5,7.732600212097168,N/A,10836,10.620800018310547,1.537019968032837,0.2996399998664856
2014,5,14,9,0,0.9586489796638489,9.13479995727539,247.5,8.108400344848633,N/A,11460,10.620800018310547,1.5632699728012085,0.2806200087070465
2014,5,14,12,0,0.9598489999771118,9.301799774169922,247.5,8.451199531555176,N/A,11964,10.620800018310547,1.5828200578689575,0.25925999879837036
2014,5,14,15,0,0.9607160091400146,9.362099647521973,247.5,8.633199691772461,N/A,11944,10.620800018310547,1.5774600505828857,0.24398000538349152
2014,5,14,18,0,0.9597330093383789,9.308500289916992,242.5,8.6003999710083,N/A,11328,9.655200004577637,1.5421299934387207,0.24285000562667847
2014,5,14,21,0,0.9576749801635742,9.181400299072266,242.5,8.368399620056152,N/A,10417,9.655200004577637,1.4902700185775757,0.2558000087738037
2014,5,15,0,0,0.9473850131034851,8.56879997253418,242.5,6.98390007019043,N/A,9711,9.655200004577637,1.4911799430847168,0.33970001339912415
2014,5,15,3,0,0.9294170141220093,8.002300262451172,247.5,6.355299949645996,N/A,9325,9.655200004577637,1.5144100189208984,0.3899500072002411
2014,5,15,6,0,0.9187859892845154,7.9232001304626465,247.5,6.450500011444092,N/A,8362,9.655200004577637,1.4422600269317627,0.3874500095844269
2014,5,15,9,0,0.9135599732398987,7.991199970245361,247.5,6.60860013961792,N/A,7013,9.655200004577637,1.3153200149536133,0.3776499927043915
2014,5,15,12,0,0.9039610028266907,8.019599914550781,247.5,6.560400009155273,N/A,5796,9.655200004577637,1.1924400329589844,0.38703998923301697
2014,5,15,15,0,0.8848400115966797,8.086199760437012,247.5,6.463399887084961,N/A,5037,9.655200004577637,1.1035300493240356,0.4156300127506256
2014,5,15,18,0,0.8807590007781982,8.47819995880127,242.5,6.849599838256836,N/A,4651,8.77750015258789,1.0301200151443481,0.4239700138568878
2014,5,15,21,0,0.8829060196876526,8.838299751281738,242.5,6.9822001457214355,N/A,4534,8.77750015258789,0.9908300042152405,0.44071999192237854
2014,5,16,0,0,0.8753629922866821,6.475200176239014,227.5,4.756899833679199,N/A,6406,17.104999542236328,1.388319969177246,0.5900400280952454
2014,5,16,3,0,0.8724420070648193,6.200099945068359,217.5,4.956900119781494,N/A,8745,5.995100021362305,1.6704699993133545,0.5093799829483032
2014,5,16,6,0,0.8671860098838806,6.432499885559082,207.5,5.338799953460693,N/A,8449,6.594600200653076,1.6145199537277222,0.46129000186920166
2014,5,16,9,0,0.8532159924507141,6.593800067901611,207.5,5.554900169372559,N/A,7452,6.594600200653076,1.4968899488449097,0.4457699954509735
2014,5,16,12,0,0.8583459854125977,6.741799831390381,212.5,5.684700012207031,N/A,7612,6.594600200653076,1.495229959487915,0.43665000796318054
2014,5,16,15,0,0.8682940006256104,6.876399993896484,212.5,5.694300174713135,N/A,7722,6.594600200653076,1.4873900413513184,0.4509899914264679
2014,5,16,18,0,0.8750510215759277,6.973299980163574,212.5,5.620500087738037,N/A,7768,6.594600200653076,1.4768400192260742,0.47429001331329346
2014,5,16,21,0,0.8755519986152649,7.189599990844727,217.5,5.687600135803223,N/A,7867,15.550000190734863,1.4580399990081787,0.4915100038051605
2014,5,17,0,0,0.8750510215759277,7.411399841308594,222.5,5.834799766540527,N/A,7700,15.550000190734863,1.4176499843597412,0.4957199990749359
2014,5,17,3,0,0.8806130290031433,7.599100112915039,222.5,6.02839994430542,N/A,7399,15.550000190734863,1.3715100288391113,0.4921799898147583
2014,5,17,6,0,0.8851780295372009,7.773900032043457,227.5,6.216400146484375,N/A,7143,7.2540998458862305,1.3316800594329834,0.4850200116634369
2014,5,17,9,0,0.8886740207672119,7.92710018157959,232.5,6.479300022125244,N/A,6944,7.2540998458862305,1.299739956855774,0.46897000074386597
2014,5,17,12,0,0.8909580111503601,8.012299537658691,232.5,6.64139986038208,N/A,6849,7.2540998458862305,1.284019947052002,0.4517799913883209
2014,5,17,15,0,0.8916720151901245,8.069100379943848,232.5,6.734600067138672,N/A,6952,14.136300086975098,1.2893500328063965,0.4414699971675873
2014,5,17,18,0,0.8907269835472107,8.181099891662598,237.5,6.830399990081787,N/A,7208,14.136300086975098,1.3032200336456299,0.43950000405311584
2014,5,17,21,0,0.8862239718437195,8.41469955444336,237.5,6.92140007019043,N/A,7396,14.136300086975098,1.2990800142288208,0.44699999690055847
2014,5,18,0,0,0.8817430138587952,8.484800338745117,237.5,6.735400199890137,N/A,7371,14.136300086975098,1.289489984512329,0.4663900136947632
2014,5,18,3,0,0.8796330094337463,8.374500274658203,237.5,6.589200019836426,N/A,6968,14.136300086975098,1.2609800100326538,0.4854399859905243
2014,5,18,6,0,0.8806869983673096,8.22350025177002,237.5,6.603400230407715,N/A,7022,7.2540998458862305,1.2791500091552734,0.48194000124931335
2014,5,18,9,0,0.8839529752731323,8.212900161743164,237.5,6.649400234222412,N/A,6931,7.2540998458862305,1.2717100381851196,0.4821299910545349
2014,5,18,12,0,0.8884729743003845,8.262999534606934,237.5,6.680600166320801,N/A,6844,7.2540998458862305,1.2587599754333496,0.49239999055862427
2014,5,18,15,0,0.8867650032043457,8.496800422668457,237.5,6.771500110626221,N/A,6786,7.2540998458862305,1.2324800491333008,0.5070000290870667
2014,5,18,18,0,0.882420003414154,8.842399597167969,237.5,6.906700134277344,N/A,6684,18.81559944152832,1.1946500539779663,0.5145999789237976
2014,5,18,21,0,0.8796719908714294,8.990300178527832,237.5,6.912499904632568,N/A,6463,18.81559944152832,1.1631699800491333,0.5175300240516663
2014,5,19,0,0,0.8767910003662109,8.960200309753418,237.5,6.92140007019043,N/A,6268,12.851200103759766,1.1474499702453613,0.5189899802207947
2014,5,19,3,0,0.8776050209999084,8.847000122070312,232.5,6.794899940490723,N/A,5942,6.594600200653076,1.124959945678711,0.5270299911499023
2014,5,19,6,0,0.8744990229606628,8.87090015411377,237.5,6.764400005340576,N/A,5967,6.594600200653076,1.1259499788284302,0.5281699895858765
2014,5,19,9,0,0.880200982093811,8.980500221252441,237.5,6.892899990081787,N/A,6012,18.81559944152832,1.1227600574493408,0.5255399942398071
2014,5,19,12,0,0.8884479999542236,9.1048002243042,237.5,7.124300003051758,N/A,6378,18.81559944152832,1.1496000289916992,0.5063700079917908
2014,5,19,15,0,0.894815981388092,9.081100463867188,232.5,7.343699932098389,N/A,7069,18.81559944152832,1.2154699563980103,0.48006999492645264
2014,5,19,18,0,0.8883460164070129,8.96310043334961,232.5,7.410799980163574,N/A,7787,7.979499816894531,1.2870299816131592,0.4646500051021576
2014,5,19,21,0,0.8705610036849976,8.650500297546387,237.5,6.777500152587891,N/A,8276,17.104999542236328,1.350950002670288,0.4919799864292145
2014,5,20,0,0,0.8622750043869019,8.179200172424316,237.5,5.837100028991699,N/A,8256,17.104999542236328,1.3841899633407593,0.5658199787139893
2014,5,20,3,0,0.8661800026893616,8.374899864196777,237.5,5.815700054168701,N/A,7731,17.104999542236328,1.316789984703064,0.5910199880599976
2014,5,20,6,0,0.8669559955596924,8.46720027923584,237.5,5.7621002197265625,N/A,7558,17.104999542236328,1.2905700206756592,0.608519971370697
2014,5,20,9,0,0.8479580283164978,7.786200046539307,242.5,5.634200096130371,N/A,8647,17.104999542236328,1.4481600522994995,0.6105499863624573
2014,5,20,12,0,0.8375790119171143,7.789400100708008,252.5,6.215799808502197,N/A,9990,17.104999542236328,1.567389965057373,0.5335299968719482
2014,5,20,15,0,0.8202990293502808,7.2179999351501465,257.5,5.501100063323975,N/A,9875,17.104999542236328,1.6223000288009644,0.5703499913215637
2014,5,20,18,0,0.8210350275039673,7.046999931335449,262.5,5.55649995803833,N/A,11020,6.594600200653076,1.7412400245666504,0.5378400087356567
2014,5,20,21,0,0.8068789839744568,6.924699783325195,262.5,5.294000148773193,N/A,9858,5.995100021362305,1.6555399894714355,0.5774199962615967
2014,5,21,0,0,0.8009600043296814,6.65910005569458,262.5,5.150300025939941,N/A,11030,5.995100021362305,1.788849949836731,0.5753899812698364
2014,5,21,3,0,0.7940260171890259,6.9182000160217285,262.5,5.245500087738037,N/A,10088,15.550000190734863,1.6722300052642822,0.584879994392395
2014,5,21,6,0,0.8019530177116394,7.197999954223633,257.5,5.456399917602539,N/A,9764,15.550000190734863,1.609320044517517,0.5781099796295166
2014,5,21,9,0,0.8157619833946228,7.53879976272583,257.5,5.7144999504089355,N/A,9213,15.550000190734863,1.523300051689148,0.5710700154304504
2014,5,21,12,0,0.8250449895858765,7.826499938964844,257.5,5.971799850463867,N/A,8956,15.550000190734863,1.4723199605941772,0.5542399883270264
2014,5,21,15,0,0.8252279758453369,8.116700172424316,257.5,6.220799922943115,N/A,8683,15.550000190734863,1.4229400157928467,0.5311400294303894
2014,5,21,18,0,0.8219969868659973,8.444600105285645,257.5,6.484099864959717,N/A,8131,15.550000190734863,1.3484200239181519,0.5085399746894836
2014,5,21,21,0,0.8175449967384338,8.553999900817871,257.5,6.311699867248535,N/A,7471,15.550000190734863,1.2834299802780151,0.5057600140571594
2014,5,22,0,0,0.8142369985580444,8.671600341796875,257.5,6.406899929046631,N/A,7326,15.550000190734863,1.2631700038909912,0.4883800148963928
2014,5,22,3,0,0.813073992729187,8.960200309753418,262.5,7.059000015258789,N/A,7160,15.550000190734863,1.2294299602508545,0.44683998823165894
2014,5,22,6,0,0.8183609843254089,8.91189956665039,262.5,7.3684000968933105,N/A,7768,15.550000190734863,1.288450002670288,0.4192099869251251
2014,5,22,9,0,0.8234760165214539,8.831100463867188,267.5,7.479499816894531,N/A,8202,7.979499816894531,1.3329800367355347,0.4056600034236908
2014,5,22,12,0,0.8277440071105957,8.883199691772461,267.5,7.559299945831299,N/A,8304,7.979499816894531,1.3369799852371216,0.4028100073337555
2014,5,22,15,0,0.8376039862632751,9.034000396728516,267.5,7.768199920654297,N/A,9215,7.979499816894531,1.3974499702453613,0.38780999183654785
2014,5,22,18,0,0.8594099879264832,9.202099800109863,267.5,8.075599670410156,N/A,11130,8.77750015258789,1.5250999927520752,0.3580799996852875
2014,5,22,21,0,0.8870739936828613,9.408499717712402,267.5,8.371899604797363,N/A,13363,8.77750015258789,1.6545300483703613,0.33028000593185425
2014,5,23,0,0,0.9041919708251953,9.285799980163574,267.5,7.945400238037109,N/A,14985,9.655200004577637,1.7661499977111816,0.33539000153541565
2014,5,23,3,0,0.9112409949302673,9.369000434875488,267.5,8.342900276184082,N/A,14570,9.655200004577637,1.7340400218963623,0.31536000967025757
2014,5,23,6,0,0.9182389974594116,9.377599716186523,267.5,8.439299583435059,N/A,14617,9.655200004577637,1.7362500429153442,0.30774998664855957
2014,5,23,9,0,0.9286010265350342,9.527999877929688,267.5,8.629300117492676,N/A,17294,9.655200004577637,1.8718500137329102,0.2981399893760681
2014,5,23,12,0,0.9370059967041016,9.775300025939941,262.5,8.82509994506836,N/A,21076,10.620800018310547,2.034440040588379,0.29805999994277954
2014,5,23,15,0,0.9364929795265198,9.546699523925781,262.5,7.9394001960754395,N/A,24519,10.620800018310547,2.218519926071167,0.34318000078201294
2014,5,23,18,0,0.9335780143737793,9.516400337219238,262.5,8.162599563598633,N/A,23926,10.620800018310547,2.197540044784546,0.3348200023174286
2014,5,23,21,0,0.9344279766082764,9.491700172424316,257.5,8.308500289916992,N/A,20258,10.620800018310547,2.027050018310547,0.32440000772476196
2014,5,24,0,0,0.931555986404419,8.90530014038086,257.5,7.248499870300293,N/A,17797,10.620800018310547,1.9658299684524536,0.3714100122451782
2014,5,24,3,0,0.9174420237541199,8.398200035095215,257.5,6.7677998542785645,N/A,16757,10.620800018310547,1.9691100120544434,0.3997400104999542
2014,5,24,6,0,0.9075409770011902,8.527700424194336,257.5,7.105899810791016,N/A,15360,9.655200004577637,1.8708200454711914,0.39041998982429504
2014,5,24,9,0,0.8988940119743347,8.713299751281738,257.5,7.322000026702881,N/A,14317,9.655200004577637,1.7843400239944458,0.3964399993419647
2014,5,24,12,0,0.8936579823493958,8.852800369262695,252.5,7.400199890136719,N/A,13243,8.77750015258789,1.6986199617385864,0.414110004901886
2014,5,24,15,0,0.8946070075035095,8.950300216674805,252.5,7.44189977645874,N/A,11888,7.979499816894531,1.597350001335144,0.4269599914550781
2014,5,24,18,0,0.898688018321991,9.000300407409668,247.5,7.491499900817871,N/A,10301,9.655200004577637,1.481529951095581,0.42590001225471497
2014,5,24,21,0,0.9033179879188538,8.802200317382812,247.5,7.035900115966797,N/A,8945,9.655200004577637,1.3974900245666504,0.43035998940467834
2014,5,25,0,0,0.9018509984016418,8.39229965209961,247.5,6.348899841308594,N/A,8200,9.655200004577637,1.3722000122070312,0.4583199918270111
2014,5,25,3,0,0.9057000279426575,8.568099975585938,247.5,6.6656999588012695,N/A,7608,9.655200004577637,1.3063000440597534,0.44714000821113586
2014,5,25,6,0,0.9108560085296631,9.107199668884277,242.5,7.3734002113342285,N/A,7581,17.104999542236328,1.2589600086212158,0.43035000562667847
2014,5,25,9,0,0.9174190163612366,9.539799690246582,242.5,7.798399925231934,N/A,7915,17.104999542236328,1.2510199546813965,0.4277999997138977
2014,5,25,12,0,0.9227510094642639,9.8149995803833,242.5,8.020500183105469,N/A,8018,17.104999542236328,1.237220048904419,0.43090999126434326
2014,5,25,15,0,0.9217110276222229,9.89579963684082,242.5,8.093899726867676,N/A,7720,17.104999542236328,1.2082799673080444,0.43105000257492065
2014,5,25,18,0,0.9211320281028748,9.727899551391602,242.5,8.001099586486816,N/A,6938,17.104999542236328,1.1579899787902832,0.4300900101661682
2014,5,25,21,0,0.9158449769020081,9.472100257873535,242.5,7.821000099182129,N/A,6185,17.104999542236328,1.1118700504302979,0.42388999462127686
2014,5,26,0,0,0.9097560048103333,8.271200180053711,242.5,5.85830020904541,N/A,5756,8.77750015258789,1.153059959411621,0.517549991607666
2014,5,26,3,0,0.9055050015449524,7.1315999031066895,242.5,5.408899784088135,N/A,7057,8.77750015258789,1.3862799406051636,0.531029999256134
2014,5,26,6,0,0.9075279831886292,7.60230016708374,247.5,6.270500183105469,N/A,9581,7.979499816894531,1.5696799755096436,0.448199987411499
2014,5,26,9,0,0.9025229811668396,8.111499786376953,242.5,6.468100070953369,N/A,9037,15.550000190734863,1.4673000574111938,0.47898000478744507
2014,5,26,12,0,0.9018759727478027,7.766300201416016,247.5,5.916299819946289,N/A,9745,15.550000190734863,1.5550400018692017,0.53889000415802
2014,5,26,15,0,0.8939369916915894,7.656799793243408,247.5,5.884699821472168,N/A,9809,15.550000190734863,1.5715399980545044,0.5454999804496765
2014,5,26,18,0,0.8831340074539185,7.798799991607666,247.5,6.121600151062012,N/A,8643,15.550000190734863,1.4611400365829468,0.5299599766731262
2014,5,26,21,0,0.8727689981460571,7.851200103759766,242.5,6.270699977874756,N/A,7623,15.550000190734863,1.3697600364685059,0.5094000101089478
2014,5,27,0,0,0.8754109740257263,7.973999977111816,237.5,6.452000141143799,N/A,7001,7.2540998458862305,1.3032200336456299,0.5043500065803528
2014,5,27,3,0,0.8903610110282898,8.275500297546387,237.5,6.59089994430542,N/A,6945,7.2540998458862305,1.27128005027771,0.5296400189399719
2014,5,27,6,0,0.9003980159759521,8.711199760437012,242.5,6.853400230407715,N/A,7348,20.697200775146484,1.2708300352096558,0.5392799973487854
2014,5,27,9,0,0.8996899724006653,8.7878999710083,242.5,6.974699974060059,N/A,7669,20.697200775146484,1.2932000160217285,0.5231800079345703
2014,5,27,12,0,0.8975489735603333,8.619000434875488,247.5,7.003399848937988,N/A,7661,7.979499816894531,1.3079299926757812,0.49351000785827637
2014,5,27,15,0,0.8951550126075745,8.504500389099121,247.5,7.101200103759766,N/A,7776,7.979499816894531,1.32955002784729,0.45607998967170715
2014,5,27,18,0,0.8930690288543701,8.548500061035156,252.5,7.276299953460693,N/A,8179,7.979499816894531,1.3614799976348877,0.4260199964046478
2014,5,27,21,0,0.8947089910507202,8.833499908447266,252.5,7.51039981842041,N/A,9288,7.979499816894531,1.4250600337982178,0.41934001445770264
2014,5,28,0,0,0.8918920159339905,8.546500205993652,257.5,6.42579984664917,N/A,10592,8.77750015258789,1.543529987335205,0.49483001232147217
2014,5,28,3,0,0.88441002368927,8.079500198364258,252.5,5.865699768066406,N/A,11076,18.81559944152832,1.621090054512024,0.5587000250816345
2014,5,28,6,0,0.8817470073699951,8.17020034790039,257.5,6.290500164031982,N/A,10778,18.81559944152832,1.5907800197601318,0.5343800187110901
2014,5,28,9,0,0.8778749704360962,7.871300220489502,257.5,6.240099906921387,N/A,10096,7.979499816894531,1.5735199451446533,0.5155400037765503
2014,5,28,12,0,0.8840810060501099,7.552299976348877,262.5,6.331500053405762,N/A,11699,7.2540998458862305,1.7418400049209595,0.4524100124835968
2014,5,28,15,0,0.879751980304718,7.697299957275391,267.5,6.69789981842041,N/A,12113,7.2540998458862305,1.7593899965286255,0.40542998909950256
2014,5,28,18,0,0.8643699884414673,7.644999980926514,267.5,6.3968000411987305,N/A,10713,7.2540998458862305,1.6538300514221191,0.44898998737335205
2014,5,28,21,0,0.8673539757728577,7.843900203704834,267.5,6.239299774169922,N/A,11561,7.2540998458862305,1.6858799457550049,0.4907599985599518
2014,5,29,0,0,0.8721889853477478,7.983799934387207,267.5,6.309000015258789,N/A,13516,17.104999542236328,1.806249976158142,0.485150009393692
2014,5,29,3,0,0.8709660172462463,8.069899559020996,267.5,6.589700222015381,N/A,15832,7.979499816894531,1.9509199857711792,0.4474300146102905
2014,5,29,6,0,0.8819689750671387,8.313799858093262,277.5,7.1869001388549805,N/A,20056,8.77750015258789,2.171689987182617,0.37904998660087585
2014,5,29,9,0,0.8881509900093079,8.258299827575684,277.5,7.150300025939941,N/A,21699,8.77750015258789,2.2707600593566895,0.361160010099411
2014,5,29,12,0,0.8865730166435242,8.293299674987793,282.5,7.273200035095215,N/A,20841,8.77750015258789,2.2202999591827393,0.3500399887561798
2014,5,29,15,0,0.8736410140991211,8.313400268554688,282.5,7.308300018310547,N/A,17016,8.77750015258789,1.999619960784912,0.36024999618530273
2014,5,29,18,0,0.8489649891853333,8.26039981842041,277.5,7.170100212097168,N/A,12716,7.979499816894531,1.7291899919509888,0.3880999982357025
2014,5,29,21,0,0.8266469836235046,8.353899955749512,272.5,7.049300193786621,N/A,9962,7.979499816894531,1.5132800340652466,0.4259999990463257
2014,5,30,0,0,0.8253570199012756,8.646499633789062,272.5,7.110599994659424,N/A,9229,15.550000190734863,1.423359990119934,0.44225001335144043
2014,5,30,3,0,0.8241239786148071,8.914299964904785,267.5,7.161600112915039,N/A,8532,15.550000190734863,1.3415499925613403,0.4512700140476227
2014,5,30,6,0,0.8270249962806702,9.254799842834473,267.5,7.315800189971924,N/A,7972,15.550000190734863,1.2671699523925781,0.4493800103664398
2014,5,30,9,0,0.8285959959030151,9.429400444030762,267.5,7.335599899291992,N/A,7373,15.550000190734863,1.2053099870681763,0.4462999999523163
2014,5,30,12,0,0.8340709805488586,9.468299865722656,267.5,7.479899883270264,N/A,7073,15.550000190734863,1.181030035018921,0.4283199906349182
2014,5,30,15,0,0.840412974357605,9.231900215148926,267.5,7.420300006866455,N/A,6767,15.550000190734863,1.1756399869918823,0.41721001267433167
2014,5,30,18,0,0.8549489974975586,9.02079963684082,267.5,7.396999835968018,N/A,7071,10.620800018310547,1.221250057220459,0.40035998821258545
2014,5,30,21,0,0.8764709830284119,8.241100311279297,272.5,6.146599769592285,N/A,8526,12.851200103759766,1.4101200103759766,0.44922998547554016
2014,5,31,0,0,0.8810269832611084,7.062300205230713,277.5,5.356900215148926,N/A,10549,7.979499816894531,1.7066700458526611,0.49505001306533813
2014,5,31,3,0,0.8876389861106873,6.914400100708008,282.5,5.515900135040283,N/A,13371,5.995100021362305,1.9498300552368164,0.4561299979686737
2014,5,31,6,0,0.9036179780960083,7.573699951171875,282.5,6.3403000831604,N/A,13976,7.2540998458862305,1.9042099714279175,0.39294999837875366
2014,5,31,9,0,0.9133189916610718,8.091400146484375,277.5,7.0395002365112305,N/A,13128,10.620800018310547,1.7835999727249146,0.3513000011444092
2014,5,31,12,0,0.9165130257606506,8.271900177001953,277.5,7.3383002281188965,N/A,13198,8.77750015258789,1.770009994506836,0.32673999667167664
2014,5,31,15,0,0.9141139984130859,8.292200088500977,277.5,7.430300235748291,N/A,12780,8.77750015258789,1.7414900064468384,0.31564000248908997
2014,5,31,18,0,0.9132620096206665,8.2322998046875,277.5,7.383200168609619,N/A,12848,8.77750015258789,1.7542400360107422,0.3138900101184845
2014,5,31,21,0,0.9122089743614197,8.055800437927246,277.5,6.95989990234375,N/A,12850,8.77750015258789,1.7752100229263306,0.33270999789237976
2014,6,1,0,0,0.9143239855766296,7.617099761962891,277.5,6.4415998458862305,N/A,14796,8.77750015258789,1.9636600017547607,0.3557400107383728
2014,6,1,3,0,0.9153569936752319,7.884900093078613,282.5,7.078400135040283,N/A,15495,8.77750015258789,1.9770699739456177,0.30498000979423523
2014,6,1,6,0,0.9148110151290894,8.006699562072754,282.5,7.298500061035156,N/A,14773,7.979499816894531,1.915910005569458,0.2892400026321411
2014,6,1,9,0,0.9173280000686646,8.145899772644043,282.5,7.454999923706055,N/A,14529,7.979499816894531,1.8821799755096436,0.28512999415397644
2014,6,1,12,0,0.924767017364502,8.376799583435059,282.5,7.6697001457214355,N/A,15432,8.77750015258789,1.9088000059127808,0.2833099961280823
2014,6,1,15,0,0.9312729835510254,8.595800399780273,282.5,7.873300075531006,N/A,16445,8.77750015258789,1.9411499500274658,0.2797900140285492
2014,6,1,18,0,0.9292119741439819,8.725700378417969,282.5,7.954400062561035,N/A,15427,8.77750015258789,1.8623000383377075,0.2844499945640564
2014,6,1,21,0,0.9303960204124451,8.826299667358398,282.5,8.06309986114502,N/A,15460,9.655200004577637,1.852970004081726,0.2766599953174591
2014,6,2,0,0,0.933443009853363,8.855999946594238,282.5,8.135100364685059,N/A,16159,9.655200004577637,1.8931900262832642,0.26447001099586487
2014,6,2,3,0,0.930666983127594,8.786199569702148,282.5,8.062399864196777,N/A,15527,9.655200004577637,1.8647799491882324,0.26620998978614807
2014,6,2,6,0,0.9291359782218933,8.655400276184082,282.5,7.930200099945068,N/A,16327,9.655200004577637,1.9287099838256836,0.2719700038433075
2014,6,2,9,0,0.9295600056648254,8.729100227355957,282.5,8.040599822998047,N/A,17835,9.655200004577637,2.007819890975952,0.26315999031066895
2014,6,2,12,0,0.9324659705162048,8.832200050354004,282.5,8.199299812316895,N/A,19349,9.655200004577637,2.0793700218200684,0.24979999661445618
2014,6,2,15,0,0.9332420229911804,8.8149995803833,282.5,8.187000274658203,N/A,18518,9.655200004577637,2.0366899967193604,0.24820999801158905
2014,6,2,18,0,0.9326339960098267,8.719200134277344,282.5,8.09179973602295,N/A,16579,9.655200004577637,1.939020037651062,0.24959999322891235
2014,6,2,21,0,0.9392510056495667,8.76930046081543,282.5,8.125800132751465,N/A,17921,9.655200004577637,2.0103800296783447,0.24312999844551086
2014,6,3,0,0,0.9441019892692566,8.718999862670898,287.5,7.849800109863281,N/A,19870,9.655200004577637,2.122879981994629,0.2582300007343292
2014,6,3,3,0,0.9452139735221863,8.756099700927734,287.5,8.05780029296875,N/A,21332,9.655200004577637,2.1942999362945557,0.2508600056171417
2014,6,3,6,0,0.9486860036849976,9.009599685668945,287.5,8.382800102233887,N/A,26382,9.655200004577637,2.400969982147217,0.23750999569892883
2014,6,3,9,0,0.9522169828414917,9.274700164794922,287.5,8.697199821472168,N/A,30700,9.655200004577637,2.547369956970215,0.22468000650405884
2014,6,3,12,0,0.9524909853935242,9.187899589538574,287.5,8.61359977722168,N/A,29802,9.655200004577637,2.5237300395965576,0.22630000114440918
2014,6,3,15,0,0.9517279863357544,9.03909969329834,287.5,8.47029972076416,N/A,26420,9.655200004577637,2.3998498916625977,0.22714999318122864
2014,6,3,18,0,0.9500060081481934,8.911399841308594,287.5,8.347100257873535,N/A,22844,9.655200004577637,2.2507400512695312,0.2282399982213974
2014,6,3,21,0,0.9507150053977966,8.97920036315918,287.5,8.410200119018555,N/A,22262,9.655200004577637,2.211639881134033,0.22853000462055206
2014,6,4,0,0,0.9522730112075806,9.052399635314941,292.5,8.500100135803223,N/A,22953,9.655200004577637,2.2354400157928467,0.22511999309062958
2014,6,4,3,0,0.9483960270881653,9.016300201416016,292.5,8.459500312805176,N/A,20921,9.655200004577637,2.1387898921966553,0.2291100025177002
2014,6,4,6,0,0.9463300108909607,9.008999824523926,292.5,8.455300331115723,N/A,21200,9.655200004577637,2.153640031814575,0.230430006980896
2014,6,4,9,0,0.9454659819602966,8.933500289916992,292.5,8.378600120544434,N/A,22495,9.655200004577637,2.2295401096343994,0.2311599999666214
2014,6,4,12,0,0.9421349763870239,8.754400253295898,292.5,8.187700271606445,N/A,21360,9.655200004577637,2.1976399421691895,0.23736999928951263
2014,6,4,15,0,0.9403060078620911,8.487899780273438,287.5,7.906599998474121,N/A,19174,8.77750015258789,2.118760108947754,0.2457599937915802
2014,6,4,18,0,0.9355509877204895,8.24269962310791,287.5,7.638299942016602,N/A,15920,8.77750015258789,1.9618099927902222,0.2572900056838989
2014,6,4,21,0,0.9331690073013306,7.809100151062012,287.5,6.868800163269043,N/A,14035,8.77750015258789,1.8940000534057617,0.3043400049209595
2014,6,5,0,0,0.9341260194778442,7.340400218963623,287.5,6.434700012207031,N/A,18483,7.979499816894531,2.2467200756073,0.3186199963092804
2014,6,5,3,0,0.9364140033721924,7.763199806213379,287.5,7.012800216674805,N/A,22183,8.77750015258789,2.3917200565338135,0.2825999855995178
2014,6,5,6,0,0.9395599961280823,8.136799812316895,287.5,7.5030999183654785,N/A,21664,8.77750015258789,2.305190086364746,0.2595599889755249
2014,6,5,9,0,0.9398159980773926,8.133199691772461,287.5,7.480199813842773,N/A,19425,8.77750015258789,2.182490110397339,0.2643499970436096
2014,6,5,12,0,0.9410709738731384,8.108799934387207,287.5,7.491799831390381,N/A,18908,8.77750015258789,2.1573400497436523,0.2600899934768677
2014,6,5,15,0,0.9349049925804138,7.969799995422363,287.5,7.337800025939941,N/A,14710,7.979499816894531,1.9199299812316895,0.2696700096130371
2014,6,5,18,0,0.9326890110969543,7.8927998542785645,282.5,7.248899936676025,N/A,12364,7.979499816894531,1.7688000202178955,0.2757900059223175
2014,6,5,21,0,0.9336100220680237,7.861000061035156,282.5,7.133600234985352,N/A,11606,7.979499816894531,1.7168999910354614,0.2838599979877472
2014,6,6,0,0,0.9234499931335449,6.989299774169922,282.5,5.814599990844727,N/A,11387,7.979499816894531,1.8047599792480469,0.3759799897670746
2014,6,6,3,0,0.9148449897766113,6.991399765014648,282.5,6.044099807739258,N/A,11385,7.979499816894531,1.804460048675537,0.35359999537467957
2014,6,6,6,0,0.9181550145149231,7.354599952697754,282.5,6.566299915313721,N/A,11684,7.979499816894531,1.7809799909591675,0.32256999611854553
2014,6,6,9,0,0.9170029759407043,7.521599769592285,282.5,6.760900020599365,N/A,10877,7.979499816894531,1.6978199481964111,0.3172299861907959
2014,6,6,12,0,0.9171590209007263,7.5833001136779785,282.5,6.839000225067139,N/A,10542,7.979499816894531,1.6641499996185303,0.31492000818252563
2014,6,6,15,0,0.9197670221328735,7.557000160217285,282.5,6.834099769592285,N/A,10024,7.979499816894531,1.6258699893951416,0.31349998712539673
2014,6,6,18,0,0.9184479713439941,7.440100193023682,282.5,6.679900169372559,N/A,8489,7.2540998458862305,1.507599949836731,0.3250400125980377
2014,6,6,21,0,0.9182260036468506,6.5904998779296875,282.5,5.492700099945068,N/A,8720,7.2540998458862305,1.626870036125183,0.39414000511169434
2014,6,7,0,0,0.9155780076980591,6.5106000900268555,282.5,5.60830020904541,N/A,11696,7.2540998458862305,1.899999976158142,0.35835000872612
2014,6,7,3,0,0.9131039977073669,6.842100143432617,282.5,6.065100193023682,N/A,13849,7.2540998458862305,2.0176799297332764,0.3200800120830536
2014,6,7,6,0,0.9073820114135742,7.009300231933594,282.5,6.258800029754639,N/A,11592,7.2540998458862305,1.8210699558258057,0.31970998644828796
2014,6,7,9,0,0.8991129994392395,6.946599960327148,277.5,6.1194000244140625,N/A,8854,7.2540998458862305,1.5947999954223633,0.3506599962711334
2014,6,7,12,0,0.8965780138969421,6.927199840545654,272.5,6.0258002281188965,N/A,7369,6.594600200653076,1.4536399841308594,0.37599000334739685
2014,6,7,15,0,0.8973280191421509,7.008200168609619,267.5,6.109899997711182,N/A,6872,6.594600200653076,1.3939499855041504,0.37981000542640686
2014,6,7,18,0,0.8963770270347595,7.005499839782715,267.5,5.998300075531006,N/A,6354,7.2540998458862305,1.3394299745559692,0.39315998554229736
2014,6,7,21,0,0.8915129899978638,6.412099838256836,267.5,5.149600028991699,N/A,6302,6.594600200653076,1.3952300548553467,0.4571399986743927
2014,6,8,0,0,0.8842380046844482,6.120200157165527,272.5,5.048399925231934,N/A,7079,6.594600200653076,1.5171400308609009,0.4434800148010254
2014,6,8,3,0,0.8814870119094849,6.485599994659424,272.5,5.495999813079834,N/A,6210,6.594600200653076,1.3782800436019897,0.41822001338005066
2014,6,8,6,0,0.8835020065307617,6.725900173187256,267.5,5.678299903869629,N/A,5113,6.594600200653076,1.224810004234314,0.4276700019836426
2014,6,8,9,0,0.8920080065727234,6.848100185394287,267.5,5.64900016784668,N/A,4684,7.2540998458862305,1.1603000164031982,0.4402399957180023
2014,6,8,12,0,0.9040690064430237,7.075200080871582,267.5,5.89769983291626,N/A,4890,7.2540998458862305,1.1663199663162231,0.4233900010585785
2014,6,8,15,0,0.9114149808883667,7.402699947357178,267.5,6.1940999031066895,N/A,4821,7.2540998458862305,1.1313799619674683,0.40467000007629395
2014,6,8,18,0,0.9192749857902527,7.8796000480651855,267.5,6.6570000648498535,N/A,4995,9.655200004577637,1.1154099702835083,0.37286999821662903
2014,6,8,21,0,0.9256960153579712,8.116399765014648,267.5,6.656899929046631,N/A,5423,9.655200004577637,1.1454399824142456,0.3609899878501892
2014,6,9,0,0,0.9302700161933899,8.135700225830078,267.5,6.5345001220703125,N/A,6255,9.655200004577637,1.2296299934387207,0.36278998851776123
2014,6,9,3,0,0.9285770058631897,7.985400199890137,267.5,6.332799911499023,N/A,6595,9.655200004577637,1.274649977684021,0.38019001483917236
2014,6,9,6,0,0.924019992351532,7.3541998863220215,267.5,5.7743000984191895,N/A,7442,8.77750015258789,1.4135600328445435,0.4224500060081482
2014,6,9,9,0,0.9179790019989014,6.925899982452393,272.5,5.7530999183654785,N/A,9701,8.77750015258789,1.6691800355911255,0.39904001355171204
2014,6,9,12,0,0.9211459755897522,7.145500183105469,272.5,6.136300086975098,N/A,10147,6.594600200653076,1.6813900470733643,0.36629998683929443
2014,6,9,15,0,0.9211969971656799,7.146299839019775,272.5,6.095900058746338,N/A,9281,6.594600200653076,1.607409954071045,0.3758600056171417
2014,6,9,18,0,0.9215109944343567,7.236499786376953,272.5,6.12060022354126,N/A,8750,6.594600200653076,1.5493799448013306,0.3877899944782257
2014,6,9,21,0,0.9184049963951111,6.88640022277832,272.5,5.589399814605713,N/A,9572,6.594600200653076,1.6621400117874146,0.42983001470565796
2014,6,10,0,0,0.9142339825630188,6.847499847412109,277.5,5.638400077819824,N/A,11714,6.594600200653076,1.846060037612915,0.4175800085067749
2014,6,10,3,0,0.9169120192527771,7.22189998626709,277.5,6.1367998123168945,N/A,12718,6.594600200653076,1.873170018196106,0.3774699866771698
2014,6,10,6,0,0.922648012638092,7.437099933624268,282.5,6.466800212860107,N/A,14620,7.2540998458862305,1.9803999662399292,0.34672001004219055
2014,6,10,9,0,0.9261689782142639,7.655399799346924,282.5,6.770400047302246,N/A,15535,7.979499816894531,2.012320041656494,0.32534000277519226
2014,6,10,12,0,0.9245210289955139,7.708799839019775,282.5,6.822199821472168,N/A,14228,9.655200004577637,1.917870044708252,0.33118999004364014
2014,6,10,15,0,0.9210240244865417,7.754000186920166,282.5,6.828400135040283,N/A,12236,9.655200004577637,1.7712299823760986,0.3451699912548065
2014,6,10,18,0,0.9167569875717163,7.803400039672852,277.5,6.737299919128418,N/A,10062,9.655200004577637,1.5981099605560303,0.3700200021266937
2014,6,10,21,0,0.9126759767532349,7.955599784851074,277.5,6.718900203704834,N/A,8469,9.655200004577637,1.4487700462341309,0.38909000158309937
2014,6,11,0,0,0.9127020239830017,8.230600357055664,272.5,7.023399829864502,N/A,7819,9.655200004577637,1.3667099475860596,0.37825000286102295
2014,6,11,3,0,0.9092980027198792,8.431300163269043,272.5,7.250500202178955,N/A,6948,9.655200004577637,1.2708200216293335,0.3747299909591675
2014,6,11,6,0,0.9044229984283447,8.576899528503418,272.5,7.399799823760986,N/A,6314,8.77750015258789,1.1990599632263184,0.37674999237060547
2014,6,11,9,0,0.9001399874687195,8.635199546813965,267.5,7.433599948883057,N/A,5878,8.77750015258789,1.1510900259017944,0.38589000701904297
2014,6,11,12,0,0.9011890292167664,8.620800018310547,267.5,7.437399864196777,N/A,5849,8.77750015258789,1.1486599445343018,0.388700008392334
2014,6,11,15,0,0.9064679741859436,8.53909969329834,267.5,7.4567999839782715,N/A,6242,8.77750015258789,1.193619966506958,0.3793399930000305
2014,6,11,18,0,0.9106820225715637,8.45580005645752,267.5,7.450900077819824,N/A,6469,8.77750015258789,1.2225799560546875,0.37038999795913696
2014,6,11,21,0,0.9110680222511292,8.405699729919434,267.5,7.4145002365112305,N/A,6259,8.77750015258789,1.2061699628829956,0.3704499900341034
2014,6,12,0,0,0.9101979732513428,8.383099555969238,262.5,7.356299877166748,N/A,5890,8.77750015258789,1.1706600189208984,0.37637001276016235
2014,6,12,3,0,0.9082139730453491,8.298800468444824,262.5,6.986000061035156,N/A,5481,7.979499816894531,1.1334600448608398,0.3992899954319
2014,6,12,6,0,0.9048320055007935,8.320099830627441,262.5,6.8892998695373535,N/A,5109,7.979499816894531,1.0903500318527222,0.41694000363349915
2014,6,12,9,0,0.9016180038452148,8.26550006866455,257.5,6.524400234222412,N/A,4848,7.979499816894531,1.0623699426651,0.45245999097824097
2014,6,12,12,0,0.8990669846534729,8.399100303649902,257.5,6.61899995803833,N/A,4643,15.550000190734863,1.0272200107574463,0.4690699875354767
2014,6,12,15,0,0.8987759947776794,8.563400268554688,252.5,6.670599937438965,N/A,4465,15.550000190734863,0.9937899708747864,0.4816100001335144
2014,6,12,18,0,0.9015730023384094,8.74429988861084,252.5,6.622099876403809,N/A,4373,15.550000190734863,0.9703099727630615,0.48712000250816345
2014,6,12,21,0,0.9109600186347961,8.791899681091309,252.5,6.35230016708374,N/A,4976,15.550000190734863,1.0330899953842163,0.48166000843048096
2014,6,13,0,0,0.9260370135307312,9.108599662780762,257.5,7.058199882507324,N/A,6634,9.655200004577637,1.1774699687957764,0.40946999192237854
2014,6,13,3,0,0.9370449781417847,9.340800285339355,257.5,7.885799884796143,N/A,7777,9.655200004577637,1.263550043106079,0.34839001297950745
2014,6,13,6,0,0.9394519925117493,9.285699844360352,257.5,8.128899574279785,N/A,8364,9.655200004577637,1.317929983139038,0.3259899914264679
2014,6,13,9,0,0.9294090270996094,8.729499816894531,257.5,7.792600154876709,N/A,9289,9.655200004577637,1.4404000043869019,0.3265100121498108
2014,6,13,12,0,0.9259039759635925,8.186300277709961,262.5,7.397600173950195,N/A,13759,8.77750015258789,1.8233100175857544,0.306410014629364
2014,6,13,15,0,0.9258530139923096,8.086700439453125,272.5,7.115200042724609,N/A,22421,8.77750015258789,2.347130060195923,0.3035700023174286
2014,6,13,18,0,0.9265149831771851,8.406800270080566,277.5,7.674799919128418,N/A,27993,8.77750015258789,2.5706000328063965,0.2680799961090088
2014,6,13,21,0,0.9224129915237427,8.54520034790039,282.5,7.7957000732421875,N/A,26868,8.77750015258789,2.4947800636291504,0.2680400013923645
2014,6,14,0,0,0.9194869995117188,8.553899765014648,282.5,7.8668999671936035,N/A,25513,8.77750015258789,2.430000066757202,0.2648000121116638
2014,6,14,3,0,0.9164289832115173,8.53380012512207,287.5,7.854700088500977,N/A,23049,8.77750015258789,2.3125898838043213,0.2661699950695038
2014,6,14,6,0,0.9205170273780823,8.569999694824219,287.5,7.92110013961792,N/A,23882,8.77750015258789,2.3492300510406494,0.25940999388694763
2014,6,14,9,0,0.9238020181655884,8.631099700927734,287.5,8.008299827575684,N/A,24645,9.655200004577637,2.3779799938201904,0.25099000334739685
2014,6,14,12,0,0.9166100025177002,8.322999954223633,287.5,7.629799842834473,N/A,21036,8.77750015258789,2.240910053253174,0.267520010471344
2014,6,14,15,0,0.9033340215682983,7.763500213623047,287.5,6.932000160217285,N/A,17457,8.77750015258789,2.1177101135253906,0.30302000045776367
2014,6,14,18,0,0.8814510107040405,7.382599830627441,282.5,6.544300079345703,N/A,13746,7.979499816894531,1.9265799522399902,0.33101001381874084
2014,6,14,21,0,0.842814028263092,7.340799808502197,277.5,6.418099880218506,N/A,9200,7.2540998458862305,1.573240041732788,0.37477999925613403
2014,6,15,0,0,0.8173620104789734,7.430699825286865,272.5,6.247099876403809,N/A,6689,7.2540998458862305,1.3251299858093262,0.42638999223709106
2014,6,15,3,0,0.8081629872322083,7.649899959564209,267.5,6.3277997970581055,N/A,5353,7.2540998458862305,1.1617499589920044,0.45322999358177185
2014,6,15,6,0,0.8147209882736206,7.951900005340576,262.5,6.464799880981445,N/A,4843,15.550000190734863,1.0786999464035034,0.4643999934196472
2014,6,15,9,0,0.8411530256271362,8.51990032196045,272.5,6.9369001388549805,N/A,6051,12.851200103759766,1.1629799604415894,0.42471998929977417
2014,6,15,12,0,0.890155017375946,8.656999588012695,277.5,7.059599876403809,N/A,10629,11.682900428771973,1.5373400449752808,0.37843000888824463
2014,6,15,15,0,0.9127330183982849,8.62559986114502,282.5,7.2729997634887695,N/A,14567,10.620800018310547,1.810629963874817,0.3456000089645386
2014,6,15,18,0,0.9177020192146301,8.407500267028809,277.5,6.973400115966797,N/A,15446,10.620800018310547,1.8922100067138672,0.35512998700141907
2014,6,15,21,0,0.9140840172767639,7.653900146484375,282.5,6.1768999099731445,N/A,17489,10.620800018310547,2.1165499687194824,0.40143001079559326
2014,6,16,0,0,0.9186559915542603,7.582600116729736,282.5,6.354700088500977,N/A,23275,7.2540998458862305,2.4609999656677246,0.36928001046180725
2014,6,16,3,0,0.9191499948501587,7.676000118255615,287.5,6.612400054931641,N/A,27561,7.979499816894531,2.667020082473755,0.33840999007225037
2014,6,16,6,0,0.9181870222091675,7.956399917602539,287.5,7.0335001945495605,N/A,26290,7.979499816894531,2.5588901042938232,0.30880001187324524
2014,6,16,9,0,0.9194989800453186,8.039299964904785,287.5,7.136000156402588,N/A,24814,7.979499816894531,2.473330020904541,0.3014099895954132
2014,6,16,12,0,0.9163129925727844,8.047300338745117,287.5,7.143499851226807,N/A,21230,9.655200004577637,2.2863199710845947,0.3021099865436554
2014,6,16,15,0,0.9134100079536438,7.8354997634887695,287.5,6.787300109863281,N/A,18754,9.655200004577637,2.178679943084717,0.3249799907207489
2014,6,16,18,0,0.912102997303009,7.912199974060059,287.5,6.945000171661377,N/A,16629,9.655200004577637,2.042259931564331,0.3130599856376648
2014,6,16,21,0,0.9132360219955444,7.804100036621094,287.5,6.721199989318848,N/A,15537,9.655200004577637,1.989300012588501,0.3246900141239166
2014,6,17,0,0,0.9178490042686462,7.7153000831604,287.5,6.665900230407715,N/A,16075,9.655200004577637,2.0381500720977783,0.3191699981689453
2014,6,17,3,0,0.9202619791030884,7.861299991607666,287.5,6.992700099945068,N/A,15697,9.655200004577637,1.996809959411621,0.2905699908733368
2014,6,17,6,0,0.9249470233917236,8.055399894714355,287.5,7.394100189208984,N/A,16496,8.77750015258789,2.0232999324798584,0.2584199905395508
2014,6,17,9,0,0.9274290204048157,8.155400276184082,287.5,7.574900150299072,N/A,16355,8.77750015258789,2.0030100345611572,0.241239994764328
2014,6,17,12,0,0.9252870082855225,8.036100387573242,287.5,7.459400177001953,N/A,15006,8.77750015258789,1.9341399669647217,0.2439900040626526
2014,6,17,15,0,0.9212740063667297,7.921999931335449,287.5,7.348999977111816,N/A,12864,8.77750015258789,1.8044699430465698,0.24824999272823334
2014,6,17,18,0,0.9128599762916565,7.816699981689453,287.5,7.228499889373779,N/A,10416,8.77750015258789,1.6344799995422363,0.2581399977207184
2014,6,17,21,0,0.9033309817314148,7.6869001388549805,282.5,7.020899772644043,N/A,8572,8.77750015258789,1.4945199489593506,0.2766599953174591
2014,6,18,0,0,0.8964999914169312,7.470900058746338,282.5,6.558899879455566,N/A,7523,8.77750015258789,1.4196699857711792,0.31185001134872437
2014,6,18,3,0,0.887794017791748,7.069699764251709,282.5,5.974899768829346,N/A,6835,7.979499816894531,1.3910200595855713,0.3578700125217438
2014,6,18,6,0,0.8849639892578125,7.053199768066406,277.5,6.1595001220703125,N/A,6538,7.979499816894531,1.3616600036621094,0.34999001026153564
2014,6,18,9,0,0.8818619847297668,7.167500019073486,277.5,6.294899940490723,N/A,5808,7.979499816894531,1.2720099687576294,0.35277000069618225
2014,6,18,12,0,0.8781899809837341,7.290999889373779,277.5,6.351399898529053,N/A,4899,7.979499816894531,1.1565300226211548,0.36660999059677124
2014,6,18,15,0,0.8795940279960632,7.423500061035156,272.5,6.414299964904785,N/A,4275,7.979499816894531,1.0691200494766235,0.37580999732017517
2014,6,18,18,0,0.8848779797554016,7.642000198364258,272.5,6.557600021362305,N/A,4016,7.979499816894531,1.0190999507904053,0.37742000818252563
2014,6,18,21,0,0.8908759951591492,7.995999813079834,272.5,6.816100120544434,N/A,4141,7.979499816894531,1.008489966392517,0.3723199963569641
2014,6,19,0,0,0.9091950058937073,8.611000061035156,277.5,7.312900066375732,N/A,5548,10.620800018310547,1.1211700439453125,0.34147000312805176
2014,6,19,3,0,0.9170740246772766,8.96090030670166,277.5,7.784599781036377,N/A,6735,10.620800018310547,1.21002995967865,0.31213998794555664
2014,6,19,6,0,0.929489016532898,9.210599899291992,282.5,8.300399780273438,N/A,8716,10.620800018310547,1.3584599494934082,0.2784000039100647
2014,6,19,9,0,0.9311670064926147,9.226200103759766,282.5,8.393699645996094,N/A,9698,10.620800018310547,1.43149995803833,0.27695998549461365
2014,6,19,12,0,0.9263219833374023,9.00469970703125,282.5,7.621099948883057,N/A,10540,9.655200004577637,1.5097099542617798,0.31547999382019043
2014,6,19,15,0,0.9020119905471802,8.342100143432617,277.5,6.483799934387207,N/A,11706,10.620800018310547,1.654729962348938,0.3865300118923187
2014,6,19,18,0,0.8726270198822021,8.009099960327148,277.5,6.195000171661377,N/A,12198,10.620800018310547,1.726639986038208,0.40411999821662903
2014,6,19,21,0,0.7960190176963806,7.297100067138672,267.5,5.673500061035156,N/A,13428,10.620800018310547,1.9035999774932861,0.4388999938964844
2014,6,20,0,0,0.7054629921913147,6.933700084686279,247.5,5.6184000968933105,N/A,14993,10.620800018310547,2.069849967956543,0.4235199987888336
2014,6,20,3,0,0.7532579898834229,7.139800071716309,252.5,6.042600154876709,N/A,15480,6.594600200653076,2.0746400356292725,0.38405999541282654
2014,6,20,6,0,0.8324419856071472,7.990699768066406,257.5,7.118000030517578,N/A,17879,9.655200004577637,2.1056299209594727,0.3161500096321106
2014,6,20,9,0,0.8794289827346802,8.770600318908691,267.5,7.9654998779296875,N/A,23970,9.655200004577637,2.3185698986053467,0.27386000752449036
2014,6,20,12,0,0.9019479751586914,9.409700393676758,272.5,8.661499977111816,N/A,32137,10.620800018310547,2.5754899978637695,0.2535000145435333
2014,6,20,15,0,0.9060779809951782,9.616000175476074,277.5,8.923500061035156,N/A,33404,10.620800018310547,2.593169927597046,0.2407200038433075
2014,6,20,18,0,0.9000369906425476,9.413000106811523,282.5,8.772000312805176,N/A,28059,10.620800018310547,2.4101200103759766,0.2355400025844574
2014,6,20,21,0,0.8956170082092285,9.045000076293945,282.5,8.455300331115723,N/A,21855,9.655200004577637,2.1813299655914307,0.2329699993133545
2014,6,21,0,0,0.8909270167350769,8.737600326538086,282.5,8.161600112915039,N/A,17195,9.655200004577637,1.9747300148010254,0.23865999281406403
2014,6,21,3,0,0.8817830085754395,8.525400161743164,282.5,7.932700157165527,N/A,13620,8.77750015258789,1.7808899879455566,0.2527100145816803
2014,6,21,6,0,0.8770650029182434,8.40429973602295,277.5,7.792799949645996,N/A,11466,8.77750015258789,1.6450999975204468,0.2688699960708618
2014,6,21,9,0,0.8664370179176331,8.32409954071045,272.5,7.645299911499023,N/A,9502,8.77750015258789,1.5021899938583374,0.29460999369621277
2014,6,21,12,0,0.863431990146637,8.322400093078613,272.5,7.563000202178955,N/A,8200,8.77750015258789,1.3924800157546997,0.3170900046825409
2014,6,21,15,0,0.8651589751243591,8.315099716186523,267.5,7.508500099182129,N/A,7459,8.77750015258789,1.326889991760254,0.328249990940094
2014,6,21,18,0,0.8724470138549805,8.296899795532227,267.5,7.467100143432617,N/A,6858,8.77750015258789,1.273360013961792,0.33079999685287476
2014,6,21,21,0,0.8921989798545837,8.338199615478516,267.5,7.335000038146973,N/A,7552,8.77750015258789,1.334280014038086,0.32179000973701477
2014,6,22,0,0,0.904354989528656,7.688799858093262,272.5,6.020699977874756,N/A,9149,8.77750015258789,1.5318000316619873,0.39796000719070435
2014,6,22,3,0,0.9035220146179199,7.654399871826172,272.5,6.040900230407715,N/A,9925,8.77750015258789,1.598389983177185,0.4008300006389618
2014,6,22,6,0,0.9100679755210876,8.390600204467773,272.5,7.0467000007629395,N/A,10600,8.77750015258789,1.5736000537872314,0.33917999267578125
2014,6,22,9,0,0.906482994556427,8.727499961853027,272.5,7.668099880218506,N/A,9960,9.655200004577637,1.493880033493042,0.30684998631477356
2014,6,22,12,0,0.8997099995613098,8.89490032196045,272.5,7.938899993896484,N/A,9033,9.655200004577637,1.407439947128296,0.298660010099411
2014,6,22,15,0,0.8947129845619202,8.939399719238281,272.5,8.037799835205078,N/A,8317,9.655200004577637,1.3466700315475464,0.29701998829841614
2014,6,22,18,0,0.8904780149459839,8.912099838256836,272.5,8.0246000289917,N/A,7549,9.655200004577637,1.284980058670044,0.3003700077533722
2014,6,22,21,0,0.9090719819068909,9.022199630737305,272.5,8.075200080871582,N/A,8499,9.655200004577637,1.355299949645996,0.2880299985408783
2014,6,23,0,0,0.9311779737472534,8.616000175476074,267.5,6.944699764251709,N/A,11168,9.655200004577637,1.592769980430603,0.3371799886226654
2014,6,23,3,0,0.9303489923477173,8.13700008392334,267.5,6.438199996948242,N/A,11817,9.655200004577637,1.690500020980835,0.36858999729156494
2014,6,23,6,0,0.9341089725494385,8.403400421142578,262.5,7.11269998550415,N/A,10628,9.655200004577637,1.578879952430725,0.32221001386642456
2014,6,23,9,0,0.9315900206565857,8.578499794006348,262.5,7.515100002288818,N/A,9620,9.655200004577637,1.486549973487854,0.29848000407218933
2014,6,23,12,0,0.9291279911994934,8.70829963684082,257.5,7.811999797821045,N/A,9083,9.655200004577637,1.4328099489212036,0.2852399945259094
2014,6,23,15,0,0.9286360144615173,8.824199676513672,257.5,7.987199783325195,N/A,8944,8.77750015258789,1.4110000133514404,0.27987998723983765
2014,6,23,18,0,0.9312940239906311,8.956199645996094,257.5,8.159600257873535,N/A,9018,8.77750015258789,1.4046499729156494,0.2760399878025055
2014,6,23,21,0,0.9367499947547913,9.103099822998047,257.5,8.299500465393066,N/A,9858,8.77750015258789,1.4554400444030762,0.2690500020980835
2014,6,24,0,0,0.942467987537384,9.187399864196777,262.5,8.365599632263184,N/A,10466,9.655200004577637,1.4920200109481812,0.2650200128555298
2014,6,24,3,0,0.9457499980926514,9.215499877929688,257.5,8.452400207519531,N/A,10466,9.655200004577637,1.4896700382232666,0.2625499963760376
2014,6,24,6,0,0.9469429850578308,9.01509952545166,257.5,8.101200103759766,N/A,10504,9.655200004577637,1.510159969329834,0.2825399935245514
2014,6,24,9,0,0.9460210204124451,8.772000312805176,257.5,7.747799873352051,N/A,10969,9.655200004577637,1.5661499500274658,0.3031800091266632
2014,6,24,12,0,0.9442610144615173,8.630200386047363,257.5,7.5304999351501465,N/A,11934,9.655200004577637,1.6486400365829468,0.3117699921131134
2014,6,24,15,0,0.9353340268135071,8.304699897766113,252.5,7.094099998474121,N/A,12671,9.655200004577637,1.7348400354385376,0.33090999722480774
2014,6,24,18,0,0.918097972869873,7.945099830627441,247.5,6.535399913787842,N/A,11950,9.655200004577637,1.7244399785995483,0.3640100061893463
2014,6,24,21,0,0.9113450050354004,8.02910041809082,247.5,6.83650016784668,N/A,10525,9.655200004577637,1.6098699569702148,0.3506700098514557
2014,6,25,0,0,0.9087430238723755,8.131799697875977,247.5,7.151899814605713,N/A,10107,8.77750015258789,1.5682799816131592,0.33520999550819397
2014,6,25,3,0,0.9049220085144043,8.157600402832031,252.5,7.2718000411987305,N/A,9948,8.77750015258789,1.5539300441741943,0.33520999550819397
2014,6,25,6,0,0.8913059830665588,8.163200378417969,257.5,7.311299800872803,N/A,10322,8.77750015258789,1.5823500156402588,0.3406899869441986
2014,6,25,9,0,0.8719459772109985,8.072500228881836,262.5,7.202099800109863,N/A,10072,8.77750015258789,1.5718799829483032,0.34964999556541443
2014,6,25,12,0,0.8543859720230103,8.027000427246094,262.5,7.1519999504089355,N/A,8850,8.77750015258789,1.47707998752594,0.35082000494003296
2014,6,25,15,0,0.8471710085868835,8.005000114440918,262.5,7.150199890136719,N/A,7936,8.77750015258789,1.4003100395202637,0.34428998827934265
2014,6,25,18,0,0.8444409966468811,7.962900161743164,262.5,7.126200199127197,N/A,7199,7.979499816894531,1.336940050125122,0.3425000011920929
2014,6,25,21,0,0.8482959866523743,7.99399995803833,262.5,7.005199909210205,N/A,6609,7.979499816894531,1.2763500213623047,0.36454999446868896
2014,6,26,0,0,0.8509460091590881,7.55649995803833,257.5,5.833199977874756,N/A,6461,7.979499816894531,1.2943899631500244,0.4665200114250183
2014,6,26,3,0,0.8501610159873962,7.103400230407715,262.5,5.404699802398682,N/A,7269,7.979499816894531,1.413789987564087,0.5260300040245056
2014,6,26,6,0,0.8500769734382629,7.499499797821045,262.5,5.929200172424316,N/A,7168,7.979499816894531,1.3621900081634521,0.5071499943733215
2014,6,26,9,0,0.8460010290145874,7.777500152587891,257.5,6.201700210571289,N/A,6403,7.979499816894531,1.2615200281143188,0.49514999985694885
2014,6,26,12,0,0.838254988193512,7.926799774169922,257.5,6.298600196838379,N/A,5434,7.979499816894531,1.1500699520111084,0.48276999592781067
2014,6,26,15,0,0.8296999931335449,8.052800178527832,257.5,6.528800010681152,N/A,5030,7.979499816894531,1.0985100269317627,0.45434999465942383
2014,6,26,18,0,0.8196979761123657,8.086400032043457,257.5,6.544600009918213,N/A,4835,7.979499816894531,1.0750099420547485,0.4423699975013733
2014,6,26,21,0,0.8098819851875305,7.487599849700928,257.5,5.3709001541137695,N/A,5112,8.77750015258789,1.1488100290298462,0.5218200087547302
2014,6,27,0,0,0.7964980006217957,6.7754998207092285,247.5,4.981900215148926,N/A,5963,8.77750015258789,1.307360053062439,0.5636500120162964
2014,6,27,3,0,0.790149986743927,6.3018999099731445,237.5,4.853000164031982,N/A,7260,17.104999542236328,1.5012199878692627,0.5595300197601318
2014,6,27,6,0,0.7929649949073792,6.688399791717529,232.5,5.258399963378906,N/A,6998,5.450099945068359,1.428439974784851,0.5347499847412109
2014,6,27,9,0,0.7894530296325684,6.55709981918335,227.5,5.106400012969971,N/A,7013,5.995100021362305,1.4465399980545044,0.5326899886131287
2014,6,27,12,0,0.8212389945983887,6.652200222015381,222.5,5.343299865722656,N/A,8115,6.594600200653076,1.5527399778366089,0.46671000123023987
2014,6,27,15,0,0.8911030292510986,7.1717000007629395,217.5,6.071499824523926,N/A,13705,7.979499816894531,1.9538099765777588,0.367249995470047
2014,6,27,18,0,0.9002199769020081,7.621200084686279,212.5,6.784299850463867,N/A,14022,7.979499816894531,1.9166200160980225,0.3196299970149994
2014,6,27,21,0,0.8798310160636902,7.880799770355225,212.5,7.131800174713135,N/A,12488,7.979499816894531,1.7755800485610962,0.3105100095272064
2014,6,28,0,0,0.84586501121521,8.072400093078613,217.5,7.292200088500977,N/A,12575,7.979499816894531,1.7581100463867188,0.3088499903678894
2014,6,28,3,0,0.8424080014228821,7.872300148010254,227.5,6.715199947357178,N/A,12796,7.979499816894531,1.7945200204849243,0.35225000977516174
2014,6,28,6,0,0.8474869728088379,7.803199768066406,227.5,6.666500091552734,N/A,12785,7.979499816894531,1.7993299961090088,0.3724299967288971
2014,6,28,9,0,0.8548570275306702,8.028200149536133,232.5,6.884399890899658,N/A,12709,7.979499816894531,1.7637699842453003,0.3840000033378601
2014,6,28,12,0,0.8668580055236816,8.452400207519531,242.5,7.1545000076293945,N/A,14212,7.979499816894531,1.8082599639892578,0.394679993391037
2014,6,28,15,0,0.8874019980430603,9.223799705505371,247.5,7.740699768066406,N/A,18676,9.655200004577637,1.9669100046157837,0.3798600137233734
2014,6,28,18,0,0.9105370044708252,9.985099792480469,257.5,8.48900032043457,N/A,24242,10.620800018310547,2.137160062789917,0.3461500108242035
2014,6,28,21,0,0.9262499809265137,10.552300453186035,262.5,9.02340030670166,N/A,32067,12.851200103759766,2.37746000289917,0.31727999448776245
2014,6,29,0,0,0.9325000047683716,10.806400299072266,262.5,9.606200218200684,N/A,35416,12.851200103759766,2.4667699337005615,0.2874000072479248
2014,6,29,3,0,0.9338459968566895,10.776300430297852,262.5,9.56659984588623,N/A,34137,12.851200103759766,2.4267098903656006,0.2870199978351593
2014,6,29,6,0,0.9333189725875854,10.721199989318848,267.5,9.579299926757812,N/A,32926,12.851200103759766,2.391710042953491,0.28885000944137573
2014,6,29,9,0,0.9339060187339783,10.691900253295898,267.5,9.551300048828125,N/A,32231,12.851200103759766,2.3710899353027344,0.28922000527381897
2014,6,29,12,0,0.9375180006027222,10.56820011138916,267.5,9.439399719238281,N/A,33475,12.851200103759766,2.43435001373291,0.28731998801231384
2014,6,29,15,0,0.936456024646759,10.347399711608887,267.5,9.277799606323242,N/A,30894,11.682900428771973,2.3703300952911377,0.28567999601364136
2014,6,29,18,0,0.9342449903488159,10.211299896240234,267.5,9.175299644470215,N/A,26444,11.682900428771973,2.211549997329712,0.2850100100040436
2014,6,29,21,0,0.9350039958953857,10.156200408935547,267.5,9.160699844360352,N/A,24183,11.682900428771973,2.1233999729156494,0.2811099886894226
2014,6,30,0,0,0.9337130188941956,10.072099685668945,267.5,9.066100120544434,N/A,22408,11.682900428771973,2.055730104446411,0.28338998556137085
2014,6,30,3,0,0.9262009859085083,9.89840030670166,262.5,8.64579963684082,N/A,18688,10.620800018310547,1.8952200412750244,0.31057000160217285
2014,6,30,6,0,0.9237509965896606,9.992600440979004,262.5,8.865500450134277,N/A,17455,10.620800018310547,1.8217699527740479,0.3122999966144562
2014,6,30,9,0,0.9180099964141846,9.969799995422363,262.5,8.819999694824219,N/A,15574,10.620800018310547,1.722249984741211,0.32506000995635986
2014,6,30,12,0,0.915552020072937,9.939800262451172,262.5,8.755399703979492,N/A,14361,10.620800018310547,1.6562800407409668,0.33105000853538513
2014,6,30,15,0,0.9151049852371216,9.819600105285645,262.5,8.662199974060059,N/A,13932,10.620800018310547,1.6438299417495728,0.3278700113296509
2014,6,30,18,0,0.9124209880828857,9.620400428771973,262.5,8.522500038146973,N/A,13337,9.655200004577637,1.6288599967956543,0.3236199915409088
2014,6,30,21,0,0.9073920249938965,9.322199821472168,262.5,7.947500228881836,N/A,11424,9.655200004577637,1.5332399606704712,0.34477999806404114
2014,7,1,0,0,0.9001650214195251,8.178799629211426,267.5,6.187900066375732,N/A,12109,9.655200004577637,1.690690040588379,0.4438900053501129
2014,7,1,3,0,0.893280029296875,7.868100166320801,267.5,6.190800189971924,N/A,12479,15.550000190734863,1.7525500059127808,0.4468599855899811
2014,7,1,6,0,0.8909599781036377,8.135899543762207,267.5,6.496799945831299,N/A,11580,15.550000190734863,1.6561399698257446,0.4380599856376648
2014,7,1,9,0,0.8887500166893005,8.466099739074707,262.5,6.899899959564209,N/A,10547,15.550000190734863,1.5450199842453003,0.4265899956226349
2014,7,1,12,0,0.8832870125770569,8.795299530029297,262.5,7.173600196838379,N/A,9152,15.550000190734863,1.4071600437164307,0.4221999943256378
2014,7,1,15,0,0.8776519894599915,9.043299674987793,257.5,7.265200138092041,N/A,7983,15.550000190734863,1.2923699617385864,0.4216800034046173
2014,7,1,18,0,0.8720539808273315,9.19279956817627,257.5,7.372600078582764,N/A,7124,15.550000190734863,1.2086999416351318,0.41868001222610474
2014,7,1,21,0,0.8701099753379822,9.375200271606445,257.5,7.576099872589111,N/A,6434,15.550000190734863,1.1357799768447876,0.40738001465797424
2014,7,2,0,0,0.8654209971427917,8.232500076293945,257.5,5.671199798583984,N/A,6231,14.136300086975098,1.1955000162124634,0.5186600089073181
2014,7,2,3,0,0.8651120066642761,7.121200084686279,262.5,5.28249979019165,N/A,7801,14.136300086975098,1.4516099691390991,0.5350199937820435
2014,7,2,6,0,0.8743029832839966,7.30079984664917,257.5,5.4959001541137695,N/A,8199,14.136300086975098,1.4711400270462036,0.5091300010681152
2014,7,2,9,0,0.8855289816856384,7.118100166320801,262.5,5.5690999031066895,N/A,9980,14.136300086975098,1.6524800062179565,0.47714000940322876
2014,7,2,12,0,0.89021897315979,7.642899990081787,257.5,6.294000148773193,N/A,9974,14.136300086975098,1.5943000316619873,0.4222300052642822
2014,7,2,15,0,0.9013109803199768,8.178500175476074,252.5,6.705399990081787,N/A,8833,9.655200004577637,1.445039987564087,0.40856000781059265
2014,7,2,18,0,0.9189130067825317,8.67609977722168,247.5,7.171999931335449,N/A,8658,9.655200004577637,1.385450005531311,0.382099986076355
2014,7,2,21,0,0.9355199933052063,9.017000198364258,247.5,7.342700004577637,N/A,9139,8.77750015258789,1.3940199613571167,0.3637300133705139
2014,7,3,0,0,0.9442939758300781,9.21090030670166,247.5,7.801599979400635,N/A,9663,9.655200004577637,1.419319987297058,0.3334699869155884
2014,7,3,3,0,0.9481109976768494,9.166899681091309,247.5,8.03439998626709,N/A,9731,9.655200004577637,1.430840015411377,0.3161199986934662
2014,7,3,6,0,0.9485729932785034,8.977499961853027,242.5,7.929599761962891,N/A,9267,9.655200004577637,1.4139599800109863,0.31703999638557434
2014,7,3,9,0,0.9464939832687378,8.823699951171875,242.5,7.7972002029418945,N/A,8514,9.655200004577637,1.368939995765686,0.32124000787734985
2014,7,3,12,0,0.9438880085945129,8.681699752807617,242.5,7.619999885559082,N/A,7705,8.77750015258789,1.3139499425888062,0.3300600051879883
2014,7,3,15,0,0.9391869902610779,8.255599975585938,247.5,6.975900173187256,N/A,7808,9.655200004577637,1.3590699434280396,0.3624599874019623
2014,7,3,18,0,0.9340749979019165,8.22760009765625,247.5,6.979700088500977,N/A,8450,9.655200004577637,1.4191499948501587,0.3515799939632416
2014,7,3,21,0,0.9277330040931702,8.112500190734863,252.5,6.640200138092041,N/A,8934,8.77750015258789,1.4720200300216675,0.36021000146865845
2014,7,4,0,0,0.9190059900283813,8.111100196838379,252.5,6.763000011444092,N/A,9331,8.77750015258789,1.5059599876403809,0.34867000579833984
2014,7,4,3,0,0.9125990271568298,8.246800422668457,257.5,7.1768999099731445,N/A,8803,8.77750015258789,1.4499200582504272,0.3271600008010864
2014,7,4,6,0,0.9086899757385254,8.337699890136719,257.5,7.418799877166748,N/A,8569,8.77750015258789,1.422260046005249,0.3146800100803375
2014,7,4,9,0,0.9065099954605103,8.350099563598633,257.5,7.449100017547607,N/A,8410,8.77750015258789,1.4078799486160278,0.3131999969482422
2014,7,4,12,0,0.903207004070282,8.246600151062012,262.5,7.263599872589111,N/A,8057,8.77750015258789,1.38618004322052,0.33131998777389526
2014,7,4,15,0,0.8985810279846191,8.15250015258789,262.5,7.0954999923706055,N/A,7602,8.77750015258789,1.3529200553894043,0.3535099923610687
2014,7,4,18,0,0.8934230208396912,8.201700210571289,262.5,7.016900062561035,N/A,7386,8.77750015258789,1.3280500173568726,0.36653000116348267
2014,7,4,21,0,0.886713981628418,8.249500274658203,262.5,7.057600021362305,N/A,7391,8.77750015258789,1.3238600492477417,0.3696100115776062
2014,7,5,0,0,0.878495991230011,8.336299896240234,262.5,7.258999824523926,N/A,7150,7.979499816894531,1.2944899797439575,0.3649500012397766
2014,7,5,3,0,0.8706669807434082,8.399499893188477,262.5,7.36899995803833,N/A,6788,7.979499816894531,1.2557899951934814,0.3630099892616272
2014,7,5,6,0,0.8635789752006531,8.39579963684082,267.5,7.401700019836426,N/A,6491,7.979499816894531,1.22816002368927,0.36083999276161194
2014,7,5,9,0,0.8527050018310547,8.416500091552734,262.5,7.371799945831299,N/A,5870,7.979499816894531,1.1644699573516846,0.3722499907016754
2014,7,5,12,0,0.8437979817390442,8.446499824523926,262.5,7.291999816894531,N/A,5336,7.979499816894531,1.1051299571990967,0.39493000507354736
2014,7,5,15,0,0.8631079792976379,8.182700157165527,257.5,7.01200008392334,N/A,6102,7.2540998458862305,1.2023199796676636,0.4088200032711029
2014,7,5,18,0,0.9059479832649231,8.164600372314453,252.5,6.92549991607666,N/A,9205,7.2540998458862305,1.4826699495315552,0.3915899991989136
2014,7,5,21,0,0.9332799911499023,8.654999732971191,247.5,7.509900093078613,N/A,15213,10.620800018310547,1.8516499996185303,0.3397899866104126
2014,7,6,0,0,0.9419670104980469,8.964300155639648,247.5,7.980999946594238,N/A,17813,10.620800018310547,1.9672600030899048,0.3109799921512604
2014,7,6,3,0,0.943077027797699,9.109100341796875,247.5,8.17389965057373,N/A,16553,10.620800018310547,1.8802000284194946,0.30052000284194946
2014,7,6,6,0,0.9405779838562012,9.216899871826172,247.5,8.329999923706055,N/A,15454,10.620800018310547,1.805459976196289,0.28964999318122864
2014,7,6,9,0,0.9375920295715332,9.262299537658691,247.5,8.43340015411377,N/A,14818,9.655200004577637,1.7643500566482544,0.27869999408721924
2014,7,6,12,0,0.9350110292434692,9.199399948120117,247.5,8.388899803161621,N/A,13439,9.655200004577637,1.6871999502182007,0.2788600027561188
2014,7,6,15,0,0.9302650094032288,8.949399948120117,247.5,7.78980016708374,N/A,11531,9.655200004577637,1.5853400230407715,0.3104400038719177
2014,7,6,18,0,0.9258260130882263,8.231399536132812,242.5,6.868800163269043,N/A,10827,9.655200004577637,1.6045000553131104,0.3717600107192993
2014,7,6,21,0,0.9188709855079651,8.129500389099121,242.5,6.90749979019165,N/A,10394,9.655200004577637,1.5826799869537354,0.37338000535964966
2014,7,7,0,0,0.9178150296211243,8.304200172424316,242.5,7.189599990844727,N/A,10037,9.655200004577637,1.5384999513626099,0.3584800064563751
2014,7,7,3,0,0.9169020056724548,8.452099800109863,242.5,7.405300140380859,N/A,9576,9.655200004577637,1.4890199899673462,0.34841999411582947
2014,7,7,6,0,0.9132840037345886,8.492199897766113,242.5,7.365699768066406,N/A,9018,8.77750015258789,1.4412599802017212,0.3505899906158447
2014,7,7,9,0,0.909072995185852,8.373000144958496,242.5,7.150899887084961,N/A,8725,8.77750015258789,1.427590012550354,0.3659999966621399
2014,7,7,12,0,0.9047110080718994,8.17770004272461,247.5,6.85890007019043,N/A,8783,8.77750015258789,1.44992995262146,0.3829500079154968
2014,7,7,15,0,0.9004240036010742,7.9583001136779785,247.5,6.539999961853027,N/A,8786,8.77750015258789,1.4706499576568604,0.4020400047302246
2014,7,7,18,0,0.8906850218772888,7.531000137329102,247.5,5.936699867248535,N/A,9015,8.77750015258789,1.5332200527191162,0.4386900067329407
2014,7,7,21,0,0.8694900274276733,6.965199947357178,252.5,5.548099994659424,N/A,10095,8.77750015258789,1.6918100118637085,0.4556500017642975
2014,7,8,0,0,0.8580030202865601,6.807400226593018,257.5,5.610000133514404,N/A,11372,7.979499816894531,1.8210500478744507,0.4287799894809723
2014,7,8,3,0,0.8628439903259277,6.884900093078613,262.5,5.838900089263916,N/A,12611,7.2540998458862305,1.910290002822876,0.39348000288009644
2014,7,8,6,0,0.8752419948577881,7.193900108337402,267.5,6.252600193023682,N/A,12292,7.2540998458862305,1.8446600437164307,0.36381998658180237
2014,7,8,9,0,0.8777350187301636,7.240699768066406,267.5,6.332600116729736,N/A,10987,7.2540998458862305,1.737879991531372,0.3595399856567383
2014,7,8,12,0,0.8760359883308411,7.2683000564575195,267.5,6.343299865722656,N/A,9874,7.2540998458862305,1.6435099840164185,0.36237001419067383
2014,7,8,15,0,0.8737509846687317,7.2600998878479,267.5,6.3155999183654785,N/A,8941,7.2540998458862305,1.563420057296753,0.37244001030921936
2014,7,8,18,0,0.8710690140724182,7.0229997634887695,267.5,5.804599761962891,N/A,8156,7.2540998458862305,1.5162500143051147,0.41955000162124634
2014,7,8,21,0,0.869458019733429,6.509399890899658,267.5,5.337600231170654,N/A,9434,6.594600200653076,1.6973799467086792,0.44053998589515686
2014,7,9,0,0,0.880948007106781,6.705999851226807,272.5,5.718900203704834,N/A,11623,6.594600200653076,1.860260009765625,0.38947001099586487
2014,7,9,3,0,0.8902050256729126,7.007999897003174,272.5,6.1757001876831055,N/A,12108,7.2540998458862305,1.858739972114563,0.3484100103378296
2014,7,9,6,0,0.8985940217971802,7.319300174713135,272.5,6.60860013961792,N/A,11412,7.2540998458862305,1.765720009803772,0.31746000051498413
2014,7,9,9,0,0.912322998046875,7.575900077819824,277.5,6.916600227355957,N/A,12705,7.979499816894531,1.8322800397872925,0.29008999466896057
2014,7,9,12,0,0.9257649779319763,7.935999870300293,282.5,7.316500186920166,N/A,15780,7.979499816894531,1.994420051574707,0.2632000148296356
2014,7,9,15,0,0.9289199709892273,7.958899974822998,282.5,7.337800025939941,N/A,16353,8.77750015258789,2.02701997756958,0.26148998737335205
2014,7,9,18,0,0.9359790086746216,8.062399864196777,282.5,7.421999931335449,N/A,17179,8.77750015258789,2.062959909439087,0.2590399980545044
2014,7,9,21,0,0.938401997089386,7.956999778747559,282.5,7.143700122833252,N/A,18161,8.77750015258789,2.134819984436035,0.2787899971008301
2014,7,10,0,0,0.9372090101242065,8.004500389099121,282.5,7.269400119781494,N/A,19408,8.77750015258789,2.2002599239349365,0.2708300054073334
2014,7,10,3,0,0.9376590251922607,8.26259994506836,282.5,7.637599945068359,N/A,20280,8.77750015258789,2.2121999263763428,0.24977999925613403
2014,7,10,6,0,0.9381200075149536,8.426199913024902,282.5,7.8379998207092285,N/A,20327,8.77750015258789,2.1919400691986084,0.2386299967765808
2014,7,10,9,0,0.9386540055274963,8.424099922180176,287.5,7.853899955749512,N/A,19458,8.77750015258789,2.1456000804901123,0.23431000113487244
2014,7,10,12,0,0.9399750232696533,8.35260009765625,287.5,7.787899971008301,N/A,18209,8.77750015258789,2.085779905319214,0.23380999267101288
2014,7,10,15,0,0.9399449825286865,8.278300285339355,282.5,7.726200103759766,N/A,15723,8.77750015258789,1.9483400583267212,0.23262999951839447
2014,7,10,18,0,0.9385340213775635,8.180299758911133,282.5,7.646599769592285,N/A,13605,8.77750015258789,1.8245899677276611,0.23239000141620636
2014,7,10,21,0,0.936614990234375,8.131999969482422,282.5,7.57420015335083,N/A,12436,8.77750015258789,1.7499300241470337,0.2361000031232834
2014,7,11,0,0,0.9312030076980591,7.981400012969971,287.5,7.27370023727417,N/A,11111,8.77750015258789,1.670259952545166,0.2534500062465668
2014,7,11,3,0,0.9228559732437134,7.758399963378906,287.5,7.0121002197265625,N/A,9874,8.77750015258789,1.5977400541305542,0.27101999521255493
2014,7,11,6,0,0.9168630242347717,7.614799976348877,282.5,6.962600231170654,N/A,8868,7.979499816894531,1.5290499925613403,0.2721500098705292
2014,7,11,9,0,0.9149280190467834,7.5954999923706055,287.5,6.989299774169922,N/A,8258,7.979499816894531,1.4778000116348267,0.26829999685287476
2014,7,11,12,0,0.9178529977798462,7.654099941253662,287.5,7.08650016784668,N/A,8241,7.979499816894531,1.4709700345993042,0.25999999046325684
2014,7,11,15,0,0.9158660173416138,7.6269001960754395,287.5,7.0671000480651855,N/A,7612,7.979499816894531,1.4163399934768677,0.2633399963378906
2014,7,11,18,0,0.9092829823493958,7.470200061798096,287.5,6.897200107574463,N/A,6413,7.979499816894531,1.3133200407028198,0.2803399860858917
2014,7,11,21,0,0.9027889966964722,6.964099884033203,282.5,5.778900146484375,N/A,5613,7.979499816894531,1.271720051765442,0.3770099878311157
2014,7,12,0,0,0.9003199934959412,6.721199989318848,282.5,5.551300048828125,N/A,5606,7.2540998458862305,1.2917499542236328,0.4262300133705139
2014,7,12,3,0,0.8960059881210327,7.0258002281188965,282.5,5.965700149536133,N/A,5106,7.2540998458862305,1.2017699480056763,0.43501999974250793
2014,7,12,6,0,0.8922929763793945,7.242300033569336,282.5,6.125400066375732,N/A,4746,7.2540998458862305,1.1369500160217285,0.45521000027656555
2014,7,12,9,0,0.8953269720077515,7.565999984741211,282.5,6.30709981918335,N/A,4787,7.2540998458862305,1.112149953842163,0.472680002450943
2014,7,12,12,0,0.9065359830856323,7.963099956512451,282.5,6.576600074768066,N/A,5350,6.594600200653076,1.1416599750518799,0.4729900062084198
2014,7,12,15,0,0.9190750122070312,8.384099960327148,282.5,6.92549991607666,N/A,6180,6.594600200653076,1.192520022392273,0.4535900056362152
2014,7,12,18,0,0.929311990737915,8.795499801635742,282.5,7.3246002197265625,N/A,7168,10.620800018310547,1.2518999576568604,0.4250499904155731
2014,7,12,21,0,0.9358429908752441,8.74590015411377,277.5,6.749199867248535,N/A,8170,10.620800018310547,1.3410999774932861,0.43867000937461853
2014,7,13,0,0,0.9346219897270203,8.294099807739258,277.5,6.193900108337402,N/A,9178,10.620800018310547,1.4625600576400757,0.47523999214172363
2014,7,13,3,0,0.9343600273132324,8.542799949645996,277.5,6.7017998695373535,N/A,8960,9.655200004577637,1.4237200021743774,0.4487699866294861
2014,7,13,6,0,0.9374340176582336,8.748000144958496,272.5,6.88730001449585,N/A,8712,9.655200004577637,1.3853600025177002,0.4424000084400177
2014,7,13,9,0,0.9380509853363037,8.730500221252441,272.5,6.93209981918335,N/A,8379,9.655200004577637,1.3594599962234497,0.44394001364707947
2014,7,13,12,0,0.9358940124511719,8.632200241088867,272.5,6.772900104522705,N/A,8381,9.655200004577637,1.366420030593872,0.4586400091648102
2014,7,13,15,0,0.9323570132255554,8.756799697875977,267.5,7.038099765777588,N/A,8377,9.655200004577637,1.3543100357055664,0.45280998945236206
2014,7,13,18,0,0.9267100095748901,8.545700073242188,267.5,6.456399917602539,N/A,8473,8.77750015258789,1.376889944076538,0.4847300052642822
2014,7,13,21,0,0.9147650003433228,7.484000205993652,272.5,5.493899822235107,N/A,9737,8.77750015258789,1.582129955291748,0.5516800284385681
2014,7,14,0,0,0.9072970151901245,7.279900074005127,272.5,5.649199962615967,N/A,11616,15.550000190734863,1.7577699422836304,0.5237500071525574
2014,7,14,3,0,0.9125379920005798,7.766900062561035,272.5,6.345900058746338,N/A,11648,15.550000190734863,1.7022099494934082,0.4792799949645996
2014,7,14,6,0,0.9186689853668213,8.030599594116211,272.5,6.753499984741211,N/A,11891,7.2540998458862305,1.6920599937438965,0.44683000445365906
2014,7,14,9,0,0.9220479726791382,8.208800315856934,272.5,6.972099781036377,N/A,12018,7.979499816894531,1.6828399896621704,0.425929993391037
2014,7,14,12,0,0.9206609725952148,8.371999740600586,272.5,7.2245001792907715,N/A,12084,7.979499816894531,1.6708799600601196,0.40650999546051025
2014,7,14,15,0,0.9168999791145325,8.4753999710083,277.5,7.292699813842773,N/A,11582,7.979499816894531,1.6230599880218506,0.40814000368118286
2014,7,14,18,0,0.9117400050163269,8.505999565124512,272.5,7.214799880981445,N/A,10519,7.2540998458862305,1.5399800539016724,0.42434000968933105
2014,7,14,21,0,0.9120810031890869,8.48740005493164,272.5,6.713500022888184,N/A,9939,7.2540998458862305,1.4927799701690674,0.46399998664855957
2014,7,15,0,0,0.9119309782981873,8.051799774169922,272.5,6.24399995803833,N/A,10344,14.136300086975098,1.5665899515151978,0.4879299998283386
2014,7,15,3,0,0.9140070080757141,7.904300212860107,272.5,6.430500030517578,N/A,11418,7.2540998458862305,1.6670900583267212,0.46143999695777893
2014,7,15,6,0,0.9181060194969177,8.029800415039062,277.5,6.880499839782715,N/A,12902,7.2540998458862305,1.7645399570465088,0.4116100072860718
2014,7,15,9,0,0.9174669981002808,8.217499732971191,277.5,7.090400218963623,N/A,12734,7.2540998458862305,1.7316099405288696,0.3994300067424774
2014,7,15,12,0,0.9156929850578308,8.298999786376953,277.5,7.156799793243408,N/A,12404,7.2540998458862305,1.6990900039672852,0.3999199867248535
2014,7,15,15,0,0.9180489778518677,8.388999938964844,277.5,7.1975998878479,N/A,12111,7.2540998458862305,1.6673200130462646,0.4040200114250183
2014,7,15,18,0,0.9185889959335327,8.423199653625488,277.5,7.084400177001953,N/A,10837,7.2540998458862305,1.5701299905776978,0.4211300015449524
2014,7,15,21,0,0.9196280241012573,8.049300193786621,277.5,6.237100124359131,N/A,9880,7.2540998458862305,1.532099962234497,0.4749000072479248
2014,7,16,0,0,0.9179090261459351,7.6996002197265625,277.5,5.9492998123168945,N/A,9747,7.2540998458862305,1.5586899518966675,0.4920699894428253
2014,7,16,3,0,0.9178609848022461,7.549499988555908,277.5,6.155300140380859,N/A,10819,7.2540998458862305,1.6664400100708008,0.45513999462127686
2014,7,16,6,0,0.9204130172729492,7.9822001457214355,277.5,6.866499900817871,N/A,12052,7.2540998458862305,1.7129199504852295,0.3978999853134155
2014,7,16,9,0,0.920520007610321,8.313899993896484,277.5,7.32859992980957,N/A,13653,7.979499816894531,1.7886600494384766,0.35861000418663025
2014,7,16,12,0,0.9251890182495117,8.478699684143066,282.5,7.584000110626221,N/A,15319,7.979499816894531,1.8785300254821777,0.33270999789237976
2014,7,16,15,0,0.9305130243301392,8.508500099182129,282.5,7.656400203704834,N/A,15716,8.77750015258789,1.9008699655532837,0.3224000036716461
2014,7,16,18,0,0.9311130046844482,8.48960018157959,282.5,7.6350998878479,N/A,14240,7.979499816894531,1.8112200498580933,0.32475998997688293
2014,7,16,21,0,0.9300850033760071,8.368499755859375,282.5,7.307600021362305,N/A,12785,7.979499816894531,1.7281299829483032,0.3438900113105774
2014,7,17,0,0,0.9297999739646912,8.031299591064453,282.5,6.831200122833252,N/A,13647,7.979499816894531,1.8258899450302124,0.3667899966239929
2014,7,17,3,0,0.9301689863204956,8.193099975585938,282.5,7.298399925231934,N/A,16854,8.77750015258789,2.0132100582122803,0.32530999183654785
2014,7,17,6,0,0.929427981376648,8.545999526977539,282.5,7.77269983291626,N/A,20078,8.77750015258789,2.150830030441284,0.2936600148677826
2014,7,17,9,0,0.9281269907951355,8.727899551391602,282.5,7.995299816131592,N/A,22517,8.77750015258789,2.2522900104522705,0.28036999702453613
2014,7,17,12,0,0.9295960068702698,8.701399803161621,282.5,7.9953999519348145,N/A,24012,8.77750015258789,2.3308699131011963,0.2752000093460083
2014,7,17,15,0,0.9291620254516602,8.609600067138672,282.5,7.913700103759766,N/A,22596,8.77750015258789,2.2750399112701416,0.27625998854637146
2014,7,17,18,0,0.9306570291519165,8.592000007629395,282.5,7.9008002281188965,N/A,21454,8.77750015258789,2.219680070877075,0.2756499946117401
2014,7,17,21,0,0.932220995426178,8.569199562072754,282.5,7.803400039672852,N/A,21982,8.77750015258789,2.2499001026153564,0.2803100049495697
2014,7,18,0,0,0.9273179769515991,8.545100212097168,282.5,7.8119001388549805,N/A,21682,8.77750015258789,2.237950086593628,0.2807199954986572
2014,7,18,3,0,0.9213669896125793,8.56980037689209,282.5,7.842400074005127,N/A,21489,8.77750015258789,2.2240099906921387,0.2817299962043762
2014,7,18,6,0,0.9227910041809082,8.6496000289917,282.5,7.94920015335083,N/A,23868,8.77750015258789,2.33240008354187,0.27456000447273254
2014,7,18,9,0,0.9239929914474487,8.672499656677246,287.5,7.985499858856201,N/A,24981,8.77750015258789,2.3832499980926514,0.27013999223709106
2014,7,18,12,0,0.9169549942016602,8.432299613952637,282.5,7.728400230407715,N/A,21360,8.77750015258789,2.2379400730133057,0.2816599905490875
2014,7,18,15,0,0.9030470252037048,8.129799842834473,282.5,7.35260009765625,N/A,16152,7.979499816894531,1.9817399978637695,0.3106499910354614
2014,7,18,18,0,0.8858169913291931,7.7866997718811035,277.5,6.837600231170654,N/A,12365,7.979499816894531,1.7678899765014648,0.35993000864982605
2014,7,18,21,0,0.8635730147361755,7.659999847412109,272.5,6.429699897766113,N/A,9078,7.2540998458862305,1.519029974937439,0.41936999559402466
2014,7,19,0,0,0.8497239947319031,7.768400192260742,267.5,6.189300060272217,N/A,6818,14.136300086975098,1.2982200384140015,0.4724400043487549
2014,7,19,3,0,0.8519750237464905,7.938899993896484,262.5,6.162399768829346,N/A,5806,15.550000190734863,1.180150032043457,0.49289000034332275
2014,7,19,6,0,0.8636879920959473,7.9918999671936035,257.5,6.151400089263916,N/A,5601,15.550000190734863,1.154379963874817,0.4956600069999695
2014,7,19,9,0,0.8649749755859375,8.006799697875977,257.5,6.269599914550781,N/A,6481,15.550000190734863,1.244860053062439,0.4679499864578247
2014,7,19,12,0,0.867779016494751,8.272600173950195,272.5,6.865900039672852,N/A,10866,8.77750015258789,1.5992900133132935,0.3775100111961365
2014,7,19,15,0,0.8825770020484924,8.241800308227539,277.5,6.880799770355225,N/A,15489,9.655200004577637,1.9179099798202515,0.3603299856185913
2014,7,19,18,0,0.8893309831619263,8.31760025024414,277.5,7.1092000007629395,N/A,17347,9.655200004577637,2.020859956741333,0.34400999546051025
2014,7,19,21,0,0.8984900116920471,8.582500457763672,277.5,7.380899906158447,N/A,18924,9.655200004577637,2.073359966278076,0.3333599865436554
2014,7,20,0,0,0.9120450019836426,9.016400337219238,282.5,7.991000175476074,N/A,20496,9.655200004577637,2.0996100902557373,0.3044700026512146
2014,7,20,3,0,0.9228860139846802,9.328700065612793,282.5,8.364800453186035,N/A,22344,10.620800018310547,2.1503500938415527,0.2870199978351593
2014,7,20,6,0,0.9291549921035767,9.586199760437012,282.5,8.656999588012695,N/A,23874,10.620800018310547,2.187659978866577,0.27559998631477356
2014,7,20,9,0,0.9318010210990906,9.81659984588623,282.5,8.901200294494629,N/A,25181,10.620800018310547,2.214669942855835,0.26802000403404236
2014,7,20,12,0,0.9317730069160461,9.941200256347656,277.5,9.000100135803223,N/A,25750,11.682900428771973,2.2212300300598145,0.2678399980068207
2014,7,20,15,0,0.933696985244751,10.035900115966797,277.5,9.129799842834473,N/A,26211,11.682900428771973,2.2290899753570557,0.26012998819351196
2014,7,20,18,0,0.9327669739723206,10.031200408935547,277.5,9.166000366210938,N/A,24401,11.682900428771973,2.1527099609375,0.2544099986553192
2014,7,20,21,0,0.9325219988822937,9.964400291442871,277.5,9.088299751281738,N/A,22528,11.682900428771973,2.0775399208068848,0.2543100118637085
2014,7,21,0,0,0.9306740164756775,9.667799949645996,277.5,8.527099609375,N/A,20106,11.682900428771973,1.9968899488449097,0.2772899866104126
2014,7,21,3,0,0.9267039895057678,9.390600204467773,277.5,8.24209976196289,N/A,17473,10.620800018310547,1.8935999870300293,0.28971999883651733
2014,7,21,6,0,0.923812985420227,9.276800155639648,277.5,8.262800216674805,N/A,15630,10.620800018310547,1.8052799701690674,0.28554001450538635
2014,7,21,9,0,0.9184100031852722,9.090100288391113,272.5,8.108799934387207,N/A,13460,10.620800018310547,1.6953599452972412,0.29109999537467957
2014,7,21,12,0,0.9181820154190063,8.878299713134766,272.5,7.945499897003174,N/A,13222,10.620800018310547,1.704319953918457,0.29280000925064087
2014,7,21,15,0,0.9115080237388611,8.726400375366211,272.5,7.749899864196777,N/A,11319,10.620800018310547,1.590939998626709,0.3065299987792969
2014,7,21,18,0,0.9102020263671875,8.775400161743164,272.5,7.793700218200684,N/A,10414,10.620800018310547,1.5211999416351318,0.305400013923645
2014,7,21,21,0,0.910893976688385,8.908599853515625,272.5,7.917799949645996,N/A,9765,9.655200004577637,1.4605499505996704,0.30079999566078186
2014,7,22,0,0,0.9086499810218811,8.982600212097168,267.5,7.917099952697754,N/A,8851,9.655200004577637,1.383579969406128,0.30177000164985657
2014,7,22,3,0,0.9094290137290955,9.111599922180176,267.5,8.096099853515625,N/A,8175,9.655200004577637,1.3189500570297241,0.29488998651504517
2014,7,22,6,0,0.9098110198974609,9.199700355529785,267.5,8.226099967956543,N/A,7576,9.655200004577637,1.2629300355911255,0.2883799970149994
2014,7,22,9,0,0.910385012626648,9.277899742126465,267.5,8.336099624633789,N/A,7075,11.682900428771973,1.2147400379180908,0.28244999051094055
2014,7,22,12,0,0.9105749726295471,9.356900215148926,267.5,8.435500144958496,N/A,6633,11.682900428771973,1.1706299781799316,0.2784700095653534
2014,7,22,15,0,0.909492015838623,9.431400299072266,267.5,8.526100158691406,N/A,6327,11.682900428771973,1.1384600400924683,0.2759000062942505
2014,7,22,18,0,0.9040229916572571,9.256400108337402,267.5,8.032999992370605,N/A,6644,10.620800018310547,1.1797800064086914,0.29175999760627747
2014,7,22,21,0,0.9013479948043823,8.975799560546875,272.5,7.80709981918335,N/A,7762,9.655200004577637,1.2993500232696533,0.29576998949050903
2014,7,23,0,0,0.9007819890975952,8.759200096130371,272.5,7.737299919128418,N/A,8626,9.655200004577637,1.389639973640442,0.2971000075340271
2014,7,23,3,0,0.8993330001831055,8.689599990844727,272.5,7.74429988861084,N/A,8915,9.655200004577637,1.4200700521469116,0.2917400002479553
2014,7,23,6,0,0.9020339846611023,8.721599578857422,277.5,7.854000091552734,N/A,8714,9.655200004577637,1.4025499820709229,0.27963000535964966
2014,7,23,9,0,0.9055100083351135,8.747599601745605,277.5,7.951499938964844,N/A,8334,9.655200004577637,1.3706599473953247,0.2688399851322174
2014,7,23,12,0,0.9065489768981934,8.738200187683105,277.5,7.983500003814697,N/A,7860,9.655200004577637,1.3328100442886353,0.2642900049686432
2014,7,23,15,0,0.8710340261459351,7.9334001541137695,272.5,6.426300048828125,N/A,7985,9.655200004577637,1.412750005722046,0.357369989156723
2014,7,23,18,0,0.7627450227737427,6.997300148010254,257.5,5.552999973297119,N/A,9294,8.77750015258789,1.6283400058746338,0.4132100045681
2014,7,23,21,0,0.7149850130081177,6.346799850463867,237.5,5.182799816131592,N/A,10953,8.77750015258789,1.8609999418258667,0.4205999970436096
2014,7,24,0,0,0.7207430005073547,6.623600006103516,232.5,5.622099876403809,N/A,10345,5.995100021362305,1.7702399492263794,0.3796299993991852
2014,7,24,3,0,0.724789023399353,6.799900054931641,237.5,5.902599811553955,N/A,9273,5.995100021362305,1.6529799699783325,0.36281999945640564
2014,7,24,6,0,0.7393209934234619,7.092400074005127,242.5,6.2881999015808105,N/A,8010,8.77750015258789,1.5027400255203247,0.34470000863075256
2014,7,24,9,0,0.7770259976387024,7.351399898529053,252.5,6.56850004196167,N/A,7361,8.77750015258789,1.4139200448989868,0.3325200080871582
2014,7,24,12,0,0.8323150277137756,7.661099910736084,262.5,6.934899806976318,N/A,8050,8.77750015258789,1.4486500024795532,0.30737000703811646
2014,7,24,15,0,0.8624699711799622,7.623899936676025,267.5,6.717599868774414,N/A,7952,7.979499816894531,1.4440300464630127,0.32069000601768494
2014,7,24,18,0,0.8906490206718445,7.056700229644775,272.5,6.170499801635742,N/A,9156,7.979499816894531,1.6134400367736816,0.3486599922180176
2014,7,24,21,0,0.903672993183136,7.275100231170654,272.5,6.450799942016602,N/A,8580,7.979499816894531,1.5379300117492676,0.33164000511169434
2014,7,25,0,0,0.9052919745445251,7.370800018310547,272.5,6.605899810791016,N/A,7570,7.979499816894531,1.434689998626709,0.3226900100708008
2014,7,25,3,0,0.9002860188484192,7.342899799346924,272.5,6.582900047302246,N/A,6358,7.979499816894531,1.3166199922561646,0.3267199993133545
2014,7,25,6,0,0.8936100006103516,7.339300155639648,272.5,6.566299915313721,N/A,5415,7.2540998458862305,1.2141599655151367,0.3337000012397766
2014,7,25,9,0,0.8872910141944885,7.339200019836426,272.5,6.551300048828125,N/A,4729,7.2540998458862305,1.1333999633789062,0.3421599864959717
2014,7,25,12,0,0.8843780159950256,7.369100093841553,272.5,6.541900157928467,N/A,4215,7.2540998458862305,1.0663000345230103,0.3568899929523468
2014,7,25,15,0,0.8860489726066589,7.432700157165527,267.5,6.5447998046875,N/A,3873,7.2540998458862305,1.0157599449157715,0.37716999650001526
2014,7,25,18,0,0.886775016784668,7.522299766540527,267.5,6.551799774169922,N/A,3595,7.2540998458862305,0.970740020275116,0.40097999572753906
2014,7,25,21,0,0.8871560096740723,7.603899955749512,267.5,6.491199970245361,N/A,3365,7.2540998458862305,0.9323800206184387,0.42473000288009644
2014,7,26,0,0,0.8897330164909363,7.61299991607666,262.5,6.30109977722168,N/A,3305,7.979499816894531,0.9226099848747253,0.4439699947834015
2014,7,26,3,0,0.888687014579773,7.63700008392334,262.5,6.419899940490723,N/A,3151,7.2540998458862305,0.8993399739265442,0.43852999806404114
2014,7,26,6,0,0.88646399974823,7.602099895477295,267.5,6.476200103759766,N/A,3022,7.2540998458862305,0.8837299942970276,0.4253300130367279
2014,7,26,9,0,0.88298100233078,7.554800033569336,267.5,6.35830020904541,N/A,2995,7.2540998458862305,0.8840500116348267,0.4116800129413605
2014,7,26,12,0,0.8816109895706177,7.601900100708008,272.5,6.501100063323975,N/A,3142,8.77750015258789,0.9039899706840515,0.3864800035953522
2014,7,26,15,0,0.8800830245018005,7.690100193023682,272.5,6.660999774932861,N/A,3379,8.77750015258789,0.9326300024986267,0.36866000294685364
2014,7,26,18,0,0.8759250044822693,7.822199821472168,272.5,6.820000171661377,N/A,3526,7.979499816894531,0.943340003490448,0.36678001284599304
2014,7,26,21,0,0.8735420107841492,7.691500186920166,272.5,6.100100040435791,N/A,3884,7.979499816894531,0.9969300031661987,0.41508999466896057
2014,7,27,0,0,0.8710200190544128,7.3206000328063965,277.5,5.391200065612793,N/A,4523,7.979499816894531,1.1022100448608398,0.4740299880504608
2014,7,27,3,0,0.8728569746017456,7.413700103759766,277.5,5.609600067138672,N/A,5111,7.979499816894531,1.1644799709320068,0.46000999212265015
2014,7,27,6,0,0.8773149847984314,7.745800018310547,277.5,6.178699970245361,N/A,5182,7.979499816894531,1.1468600034713745,0.4194599986076355
2014,7,27,9,0,0.881971001625061,7.9079999923706055,277.5,6.559000015258789,N/A,5031,8.77750015258789,1.1188199520111084,0.39250999689102173
2014,7,27,12,0,0.8854929804801941,7.999800205230713,277.5,6.804100036621094,N/A,4830,8.77750015258789,1.090630054473877,0.3722600042819977
2014,7,27,15,0,0.8861680030822754,8.049300193786621,272.5,6.9359002113342285,N/A,4616,8.77750015258789,1.063289999961853,0.3628300130367279
2014,7,27,18,0,0.8890960216522217,7.792200088500977,272.5,6.3171000480651855,N/A,4734,7.979499816894531,1.095579981803894,0.39212000370025635
2014,7,27,21,0,0.8825910091400146,6.378300189971924,272.5,4.820799827575684,N/A,5492,7.979499816894531,1.307860016822815,0.5100399851799011
2014,7,28,0,0,0.8833019733428955,5.971099853515625,277.5,4.880000114440918,N/A,7959,5.450099945068359,1.6333500146865845,0.4562300145626068
2014,7,28,3,0,0.884145975112915,6.249899864196777,282.5,5.251800060272217,N/A,8227,6.594600200653076,1.623020052909851,0.41923001408576965
2014,7,28,6,0,0.8875749707221985,6.489200115203857,277.5,5.460599899291992,N/A,7460,6.594600200653076,1.5142899751663208,0.41756001114845276
2014,7,28,9,0,0.8899229764938354,6.70550012588501,277.5,5.726799964904785,N/A,6865,7.2540998458862305,1.4272099733352661,0.4093700051307678
2014,7,28,12,0,0.8892319798469543,6.974400043487549,272.5,5.927299976348877,N/A,5721,7.2540998458862305,1.2738200426101685,0.42941999435424805
2014,7,28,15,0,0.8911110162734985,7.106500148773193,272.5,5.884799957275391,N/A,5202,7.979499816894531,1.200719952583313,0.46292999386787415
2014,7,28,18,0,0.8902149796485901,6.688199996948242,267.5,5.162199974060059,N/A,5072,7.2540998458862305,1.2223000526428223,0.5247799754142761
2014,7,28,21,0,0.8855890035629272,6.142000198364258,272.5,4.851600170135498,N/A,5926,7.2540998458862305,1.3828599452972412,0.5252299904823303
2014,7,29,0,0,0.8789659738540649,6.014999866485596,277.5,4.888000011444092,N/A,6470,5.995100021362305,1.462820053100586,0.49364998936653137
2014,7,29,3,0,0.8769829869270325,6.297699928283691,272.5,5.229499816894531,N/A,5817,5.995100021362305,1.3540300130844116,0.4663200080394745
2014,7,29,6,0,0.8737009763717651,6.400100231170654,272.5,5.185999870300293,N/A,4877,5.995100021362305,1.2259999513626099,0.49470001459121704
2014,7,29,9,0,0.874405026435852,6.503399848937988,272.5,5.201300144195557,N/A,4653,5.450099945068359,1.18464994430542,0.5217599868774414
2014,7,29,12,0,0.8743770122528076,6.713699817657471,267.5,5.236599922180176,N/A,4383,5.450099945068359,1.1274299621582031,0.5597500205039978
2014,7,29,15,0,0.8737930059432983,6.985799789428711,267.5,5.3302001953125,N/A,4055,5.450099945068359,1.0586800575256348,0.5916000008583069
2014,7,29,18,0,0.879830002784729,7.22599983215332,262.5,5.370100021362305,N/A,4052,7.2540998458862305,1.0399800539016724,0.5838000178337097
2014,7,29,21,0,0.8938800096511841,6.848899841308594,267.5,5.021999835968018,N/A,5201,7.979499816894531,1.2179900407791138,0.5602099895477295
2014,7,30,0,0,0.8953959941864014,6.627200126647949,267.5,5.132800102233887,N/A,6244,7.979499816894531,1.3629800081253052,0.5079600214958191
2014,7,30,3,0,0.8938480019569397,6.779099941253662,267.5,5.53249979019165,N/A,6402,7.979499816894531,1.36489999294281,0.4609900116920471
2014,7,30,6,0,0.8951169848442078,7.006700038909912,262.5,5.785600185394287,N/A,6027,7.2540998458862305,1.3001500368118286,0.44762998819351196
2014,7,30,9,0,0.8984500169754028,7.050899982452393,262.5,5.870100021362305,N/A,6066,7.2540998458862305,1.2986500263214111,0.4515500068664551
2014,7,30,12,0,0.8992390036582947,7.235099792480469,262.5,6.106599807739258,N/A,6404,7.2540998458862305,1.3158700466156006,0.4506700038909912
2014,7,30,15,0,0.8925939798355103,7.342899799346924,262.5,6.128499984741211,N/A,6211,7.2540998458862305,1.2834199666976929,0.476639986038208
2014,7,30,18,0,0.8843290209770203,7.429800033569336,262.5,5.999599933624268,N/A,5821,6.594600200653076,1.2310500144958496,0.511929988861084
2014,7,30,21,0,0.8710430264472961,6.517099857330322,262.5,4.873600006103516,N/A,6196,6.594600200653076,1.358109951019287,0.5945199728012085
2014,7,31,0,0,0.8647800087928772,6.352700233459473,267.5,5.045400142669678,N/A,7131,5.995100021362305,1.4831899404525757,0.5319100022315979
2014,7,31,3,0,0.8694109916687012,6.407400131225586,272.5,5.2677001953125,N/A,7337,6.594600200653076,1.502310037612915,0.4783799946308136
2014,7,31,6,0,0.8774150013923645,6.698200225830078,272.5,5.707600116729736,N/A,6862,6.594600200653076,1.4205100536346436,0.43755000829696655
2014,7,31,9,0,0.8809689879417419,6.888500213623047,272.5,5.858799934387207,N/A,5984,6.594600200653076,1.3043800592422485,0.44102001190185547
2014,7,31,12,0,0.8755360245704651,6.917399883270264,272.5,5.719799995422363,N/A,5125,6.594600200653076,1.201159954071045,0.46981000900268555
2014,7,31,15,0,0.874002993106842,6.919000148773193,267.5,5.638999938964844,N/A,4737,5.995100021362305,1.1520700454711914,0.4967699944972992
2014,7,31,18,0,0.8731499910354614,6.892499923706055,262.5,5.292900085449219,N/A,4622,5.995100021362305,1.1368000507354736,0.54475998878479
2014,7,31,21,0,0.8661689758300781,6.306600093841553,262.5,4.710599899291992,N/A,5261,5.995100021362305,1.2699099779129028,0.5993000268936157
2014,8,1,0,0,0.8653830289840698,6.376100063323975,267.5,4.8927001953125,N/A,6115,5.995100021362305,1.36326003074646,0.5759900212287903
2014,8,1,3,0,0.8711389899253845,6.51200008392334,267.5,5.200500011444092,N/A,6474,5.995100021362305,1.3916300535202026,0.5297499895095825
2014,8,1,6,0,0.8824179768562317,6.799099922180176,267.5,5.622799873352051,N/A,6277,5.995100021362305,1.342170000076294,0.4868299961090088
2014,8,1,9,0,0.8851869702339172,6.939599990844727,267.5,5.805500030517578,N/A,5651,5.995100021362305,1.2609299421310425,0.4663200080394745
2014,8,1,12,0,0.886135995388031,6.9878997802734375,272.5,5.936100006103516,N/A,5553,6.594600200653076,1.2487900257110596,0.4357199966907501
2014,8,1,15,0,0.8870790004730225,7.156899929046631,277.5,6.174200057983398,N/A,5758,6.594600200653076,1.2580900192260742,0.409170001745224
2014,8,1,18,0,0.8812770247459412,7.328000068664551,277.5,6.342100143432617,N/A,5723,7.2540998458862305,1.2383400201797485,0.4078400135040283
2014,8,1,21,0,0.8725939989089966,7.143599987030029,277.5,5.65910005569458,N/A,5827,7.2540998458862305,1.2638100385665894,0.4655199944972992
2014,8,2,0,0,0.8676319718360901,7.038700103759766,277.5,5.644100189208984,N/A,6476,7.2540998458862305,1.341670036315918,0.477539986371994
2014,8,2,3,0,0.8700940012931824,7.2789998054504395,277.5,6.026000022888184,N/A,6806,7.2540998458862305,1.3523600101470947,0.4472599923610687
2014,8,2,6,0,0.8790969848632812,7.417500019073486,277.5,6.351900100708008,N/A,7465,7.2540998458862305,1.405269980430603,0.4106200039386749
2014,8,2,9,0,0.8842819929122925,7.5065999031066895,277.5,6.526899814605713,N/A,7787,7.2540998458862305,1.428629994392395,0.38666000962257385
2014,8,2,12,0,0.8874920010566711,7.592800140380859,277.5,6.696599960327148,N/A,7979,7.2540998458862305,1.4393999576568604,0.3687500059604645
2014,8,2,15,0,0.88987797498703,7.713500022888184,277.5,6.829899787902832,N/A,8241,7.2540998458862305,1.4508600234985352,0.367110013961792
2014,8,2,18,0,0.882673978805542,7.76800012588501,277.5,6.8231000900268555,N/A,7689,7.2540998458862305,1.393380045890808,0.39114001393318176
2014,8,2,21,0,0.8746560215950012,7.680099964141846,272.5,6.409200191497803,N/A,7117,7.2540998458862305,1.3453799486160278,0.4321900010108948
2014,8,3,0,0,0.8748729825019836,7.719099998474121,272.5,6.429800033569336,N/A,7070,7.2540998458862305,1.3363699913024902,0.4345099925994873
2014,8,3,3,0,0.8747689723968506,7.600599765777588,272.5,6.406000137329102,N/A,7408,7.2540998458862305,1.3805299997329712,0.420089989900589
2014,8,3,6,0,0.8814169764518738,7.505899906158447,272.5,6.562399864196777,N/A,8617,7.2540998458862305,1.5029699802398682,0.38227999210357666
2014,8,3,9,0,0.892441987991333,7.799600124359131,277.5,6.9832000732421875,N/A,10586,7.979499816894531,1.6372400522232056,0.3368299901485443
2014,8,3,12,0,0.8884230256080627,8.027299880981445,277.5,7.229899883270264,N/A,11362,7.979499816894531,1.6707199811935425,0.32635000348091125
2014,8,3,15,0,0.8712909817695618,8.026900291442871,277.5,7.1427998542785645,N/A,9846,7.979499816894531,1.551010012626648,0.35569998621940613
2014,8,3,18,0,0.8545640110969543,8.017200469970703,272.5,6.957600116729736,N/A,8086,7.2540998458862305,1.4001699686050415,0.40156999230384827
2014,8,3,21,0,0.8525230288505554,7.6350998878479,272.5,5.988699913024902,N/A,7488,7.2540998458862305,1.3787599802017212,0.47137999534606934
2014,8,4,0,0,0.8532000184059143,6.917099952697754,272.5,5.3231000900268555,N/A,7716,7.2540998458862305,1.4737999439239502,0.5196599960327148
2014,8,4,3,0,0.8618209958076477,6.907199859619141,272.5,5.5346999168396,N/A,7871,6.594600200653076,1.4932600259780884,0.4857200086116791
2014,8,4,6,0,0.8824130296707153,7.226399898529053,272.5,6.098499774932861,N/A,8540,7.2540998458862305,1.5252100229263306,0.41975000500679016
2014,8,4,9,0,0.8913969993591309,7.610899925231934,272.5,6.662499904632568,N/A,9280,7.2540998458862305,1.5514400005340576,0.36785998940467834
2014,8,4,12,0,0.8776280283927917,7.767499923706055,272.5,6.758900165557861,N/A,8984,7.979499816894531,1.5090800523757935,0.36647000908851624
2014,8,4,15,0,0.8643440008163452,7.668900012969971,267.5,6.581200122833252,N/A,8086,7.2540998458862305,1.4366999864578247,0.39917001128196716
2014,8,4,18,0,0.8597540259361267,7.605999946594238,267.5,6.196499824523926,N/A,7450,7.2540998458862305,1.3805700540542603,0.4406900107860565
2014,8,4,21,0,0.8597350120544434,6.861400127410889,267.5,5.372499942779541,N/A,8490,7.2540998458862305,1.555109977722168,0.4962100088596344
2014,8,5,0,0,0.8660600185394287,6.84119987487793,272.5,5.628600120544434,N/A,10327,6.594600200653076,1.723889946937561,0.45113998651504517
2014,8,5,3,0,0.8703780174255371,7.119500160217285,272.5,6.049499988555908,N/A,10566,7.2540998458862305,1.709820032119751,0.41826000809669495
2014,8,5,6,0,0.8661159873008728,7.424900054931641,272.5,6.384799957275391,N/A,9701,7.2540998458862305,1.600600004196167,0.41214001178741455
2014,8,5,9,0,0.8661739826202393,7.702700138092041,267.5,6.5269999504089355,N/A,9047,7.2540998458862305,1.5127400159835815,0.4211300015449524
2014,8,5,12,0,0.8781189918518066,7.917799949645996,267.5,6.683300018310547,N/A,9040,6.594600200653076,1.4904600381851196,0.41433998942375183
2014,8,5,15,0,0.8896769881248474,8.05270004272461,262.5,6.784900188446045,N/A,8964,10.620800018310547,1.4717400074005127,0.40939998626708984
2014,8,5,18,0,0.8976470232009888,8.22439956665039,257.5,6.88670015335083,N/A,8514,9.655200004577637,1.417580008506775,0.4119099974632263
2014,8,5,21,0,0.9012240171432495,8.406200408935547,252.5,6.893199920654297,N/A,7922,9.655200004577637,1.3494999408721924,0.42212000489234924
2014,8,6,0,0,0.904341995716095,8.609399795532227,252.5,6.978000164031982,N/A,7383,9.655200004577637,1.2838000059127808,0.4283199906349182
2014,8,6,3,0,0.901760995388031,8.703800201416016,247.5,6.987800121307373,N/A,7234,14.136300086975098,1.2619400024414062,0.43011000752449036
2014,8,6,6,0,0.8945840001106262,8.521499633789062,247.5,6.728600025177002,N/A,7221,14.136300086975098,1.2741299867630005,0.44277000427246094
2014,8,6,9,0,0.889460027217865,8.42039966583252,247.5,6.669099807739258,N/A,7202,14.136300086975098,1.2799700498580933,0.44721999764442444
2014,8,6,12,0,0.8841149806976318,8.324600219726562,252.5,6.742199897766113,N/A,7540,14.136300086975098,1.3190100193023682,0.439520001411438
2014,8,6,15,0,0.8812950253486633,8.161299705505371,252.5,6.817399978637695,N/A,8272,7.979499816894531,1.3991700410842896,0.42594999074935913
2014,8,6,18,0,0.875478982925415,8.127300262451172,252.5,6.877799987792969,N/A,8670,7.2540998458862305,1.4364700317382812,0.42263999581336975
2014,8,6,21,0,0.8655110001564026,8.160799980163574,257.5,6.8867998123168945,N/A,9224,7.2540998458862305,1.4788099527359009,0.4231500029563904
2014,8,7,0,0,0.8527759909629822,8.300399780273438,257.5,6.884200096130371,N/A,9089,7.2540998458862305,1.4528599977493286,0.43347999453544617
2014,8,7,3,0,0.8452029824256897,8.381600379943848,257.5,6.883699893951416,N/A,9282,7.2540998458862305,1.4604300260543823,0.43362998962402344
2014,8,7,6,0,0.8515470027923584,8.158300399780273,262.5,6.934000015258789,N/A,11302,7.2540998458862305,1.6407400369644165,0.4094200134277344
2014,8,7,9,0,0.8531169891357422,8.22130012512207,267.5,7.152200222015381,N/A,12989,7.979499816894531,1.7559599876403809,0.38332000374794006
2014,8,7,12,0,0.8474929928779602,8.253100395202637,267.5,7.193600177764893,N/A,13514,7.979499816894531,1.7870999574661255,0.3847399950027466
2014,8,7,15,0,0.8390669822692871,8.352899551391602,262.5,7.217700004577637,N/A,13248,7.979499816894531,1.7546900510787964,0.40000998973846436
2014,8,7,18,0,0.824774980545044,8.527000427246094,257.5,7.118500232696533,N/A,11743,7.2540998458862305,1.626270055770874,0.4350700080394745
2014,8,7,21,0,0.8212289810180664,8.361000061035156,257.5,6.57919979095459,N/A,11361,7.979499816894531,1.6113300323486328,0.47536998987197876
2014,8,8,0,0,0.8125590085983276,8.418800354003906,252.5,6.53439998626709,N/A,11159,7.979499816894531,1.5863100290298462,0.4923500120639801
2014,8,8,3,0,0.8041499853134155,8.365500450134277,252.5,6.499199867248535,N/A,12186,17.104999542236328,1.6622899770736694,0.4972600042819977
2014,8,8,6,0,0.7958920001983643,8.423299789428711,252.5,6.6828999519348145,N/A,13543,17.104999542236328,1.7467600107192993,0.4851999878883362
2014,8,8,9,0,0.7944980263710022,8.272600173950195,252.5,6.648200035095215,N/A,14907,17.104999542236328,1.8533200025558472,0.47762998938560486
2014,8,8,12,0,0.7915109992027283,8.341300010681152,252.5,6.798399925231934,N/A,14883,17.104999542236328,1.843400001525879,0.4690000116825104
2014,8,8,15,0,0.7906839847564697,8.555899620056152,247.5,6.78439998626709,N/A,13136,17.104999542236328,1.7023500204086304,0.4833599925041199
2014,8,8,18,0,0.795877993106842,8.719099998474121,242.5,6.754199981689453,N/A,11694,17.104999542236328,1.5854300260543823,0.49480000138282776
2014,8,8,21,0,0.8030620217323303,8.95199966430664,242.5,6.649899959564209,N/A,10735,17.104999542236328,1.4933899641036987,0.5042600035667419
2014,8,9,0,0,0.7988870143890381,8.899900436401367,237.5,6.305300235748291,N/A,10389,12.851200103759766,1.4714399576187134,0.5243200063705444
2014,8,9,3,0,0.7786239981651306,8.368200302124023,242.5,5.928500175476074,N/A,11009,15.550000190734863,1.5680099725723267,0.544700026512146
2014,8,9,6,0,0.76767498254776,8.31779956817627,247.5,6.328100204467773,N/A,11693,15.550000190734863,1.6279799938201904,0.5034800171852112
2014,8,9,9,0,0.7705659866333008,8.407500267028809,247.5,6.493599891662598,N/A,10944,15.550000190734863,1.5668599605560303,0.48837000131607056
2014,8,9,12,0,0.7752159833908081,8.508700370788574,247.5,6.5528998374938965,N/A,9841,15.550000190734863,1.4756300449371338,0.486050009727478
2014,8,9,15,0,0.7826520204544067,8.82800006866455,242.5,6.705699920654297,N/A,9083,15.550000190734863,1.3879899978637695,0.481220006942749
2014,8,9,18,0,0.791487991809845,8.899299621582031,242.5,6.607900142669678,N/A,8339,11.682900428771973,1.3236700296401978,0.4873400032520294
2014,8,9,21,0,0.7876600027084351,7.913700103759766,247.5,5.443900108337402,N/A,8574,11.682900428771973,1.4288400411605835,0.5661500096321106
2014,8,10,0,0,0.7764109969139099,7.387199878692627,252.5,5.28410005569458,N/A,9337,11.682900428771973,1.5512299537658691,0.5717200040817261
2014,8,10,3,0,0.7762079834938049,7.49560022354126,257.5,5.549699783325195,N/A,8993,11.682900428771973,1.5136899948120117,0.5468999743461609
2014,8,10,6,0,0.7846279740333557,7.781300067901611,257.5,5.895299911499023,N/A,8300,11.682900428771973,1.425879955291748,0.5268800258636475
2014,8,10,9,0,0.786387026309967,7.942800045013428,252.5,6.053599834442139,N/A,7379,11.682900428771973,1.3291000127792358,0.5199000239372253
2014,8,10,12,0,0.7949090003967285,8.407999992370605,257.5,6.321800231933594,N/A,7331,14.136300086975098,1.2814500331878662,0.5139700174331665
2014,8,10,15,0,0.8098670244216919,9.20479965209961,267.5,6.901599884033203,N/A,8598,12.851200103759766,1.3197400569915771,0.4688900113105774
2014,8,10,18,0,0.84722900390625,9.653499603271484,272.5,7.38040018081665,N/A,11819,11.682900428771973,1.511330008506775,0.42179998755455017
2014,8,10,21,0,0.8776440024375916,8.757699966430664,277.5,6.432499885559082,N/A,16351,11.682900428771973,1.878999948501587,0.4642300009727478
2014,8,11,0,0,0.9028559923171997,8.54069995880127,282.5,6.624199867248535,N/A,22294,11.682900428771973,2.2327399253845215,0.4373700022697449
2014,8,11,3,0,0.9162830114364624,8.832900047302246,282.5,7.276899814605713,N/A,23057,11.682900428771973,2.2366199493408203,0.38982000946998596
2014,8,11,6,0,0.9247109889984131,9.189399719238281,277.5,7.881899833679199,N/A,21123,11.682900428771973,2.0982699394226074,0.35558998584747314
2014,8,11,9,0,0.9284229874610901,9.275899887084961,277.5,8.043499946594238,N/A,19300,11.682900428771973,1.9967199563980103,0.3488999903202057
2014,8,11,12,0,0.9279940128326416,9.24370002746582,277.5,8.074199676513672,N/A,17748,11.682900428771973,1.9203100204467773,0.34536999464035034
2014,8,11,15,0,0.9236350059509277,9.361800193786621,277.5,8.15939998626709,N/A,15890,10.620800018310547,1.8030600547790527,0.34937000274658203
2014,8,11,18,0,0.9192349910736084,9.569000244140625,277.5,8.290300369262695,N/A,14795,10.620800018310547,1.7163200378417969,0.35319000482559204
2014,8,11,21,0,0.9224470257759094,9.911199569702148,272.5,8.585399627685547,N/A,15730,10.620800018310547,1.7335699796676636,0.34220999479293823
2014,8,12,0,0,0.9245120286941528,9.963000297546387,272.5,8.355400085449219,N/A,16437,10.620800018310547,1.7661700248718262,0.34529000520706177
2014,8,12,3,0,0.9246609807014465,9.750699996948242,272.5,7.997399806976318,N/A,17039,10.620800018310547,1.8185100555419922,0.3669799864292145
2014,8,12,6,0,0.925491988658905,9.800600051879883,272.5,8.215700149536133,N/A,17371,10.620800018310547,1.8319599628448486,0.36048999428749084
2014,8,12,9,0,0.92500901222229,9.865300178527832,272.5,8.417799949645996,N/A,17151,10.620800018310547,1.8151500225067139,0.3522399961948395
2014,8,12,12,0,0.9232649803161621,9.747599601745605,267.5,8.349499702453613,N/A,16677,10.620800018310547,1.802940011024475,0.3553900122642517
2014,8,12,15,0,0.9205440282821655,9.687299728393555,267.5,8.3302001953125,N/A,15979,10.620800018310547,1.7713099718093872,0.3577499985694885
2014,8,12,18,0,0.917855978012085,9.53439998626709,267.5,8.180299758911133,N/A,15480,10.620800018310547,1.7590700387954712,0.3674499988555908
2014,8,12,21,0,0.9152010083198547,9.576600074768066,267.5,8.171199798583984,N/A,14812,9.655200004577637,1.7165600061416626,0.3746500015258789
2014,8,13,0,0,0.913441002368927,9.467900276184082,267.5,7.526199817657471,N/A,14886,9.655200004577637,1.7290400266647339,0.4121699929237366
2014,8,13,3,0,0.9138720035552979,9.729000091552734,267.5,7.823299884796143,N/A,15357,9.655200004577637,1.7299799919128418,0.4088299870491028
2014,8,13,6,0,0.9132459759712219,9.825599670410156,267.5,7.695700168609619,N/A,16134,9.655200004577637,1.762719988822937,0.4253300130367279
2014,8,13,9,0,0.9124320149421692,9.925600051879883,267.5,7.831500053405762,N/A,16667,9.655200004577637,1.781059980392456,0.4254699945449829
2014,8,13,12,0,0.915054976940155,10.123000144958496,267.5,8.226799964904785,N/A,17485,9.655200004577637,1.8050700426101685,0.41152000427246094
2014,8,13,15,0,0.9187170267105103,10.094900131225586,267.5,8.323100090026855,N/A,19000,9.655200004577637,1.8860900402069092,0.41308000683784485
2014,8,13,18,0,0.918487012386322,9.964400291442871,267.5,8.34119987487793,N/A,19300,9.655200004577637,1.9157700538635254,0.4177600145339966
2014,8,13,21,0,0.9152770042419434,9.921299934387207,267.5,8.312899589538574,N/A,18633,9.655200004577637,1.8859299421310425,0.42215999960899353
2014,8,14,0,0,0.9116500020027161,9.990799903869629,267.5,8.283499717712402,N/A,18404,9.655200004577637,1.8635300397872925,0.42754000425338745
2014,8,14,3,0,0.9064739942550659,9.994999885559082,267.5,8.24370002746582,N/A,17241,9.655200004577637,1.800469994544983,0.4291299879550934
2014,8,14,6,0,0.9036009907722473,10.042400360107422,267.5,8.233400344848633,N/A,16186,17.104999542236328,1.7370500564575195,0.4294700026512146
2014,8,14,9,0,0.9033499956130981,10.1875,267.5,8.30150032043457,N/A,15886,17.104999542236328,1.7048799991607666,0.4323599934577942
2014,8,14,12,0,0.9020509719848633,10.196700096130371,267.5,8.337200164794922,N/A,16391,17.104999542236328,1.731619954109192,0.43705999851226807
2014,8,14,15,0,0.8967099785804749,10.082599639892578,267.5,8.254300117492676,N/A,15796,17.104999542236328,1.7116199731826782,0.4440700113773346
2014,8,14,18,0,0.8896870017051697,10.023200035095215,267.5,8.101499557495117,N/A,13661,15.550000190734863,1.594670057296753,0.4553300142288208
2014,8,14,21,0,0.8938810229301453,10.300999641418457,267.5,8.081000328063965,N/A,12977,15.550000190734863,1.5253299474716187,0.45201000571250916
2014,8,15,0,0,0.8939549922943115,10.137700080871582,267.5,7.879199981689453,N/A,12105,15.550000190734863,1.4849200248718262,0.4511899948120117
2014,8,15,3,0,0.8915330171585083,10.07699966430664,267.5,7.948599815368652,N/A,11364,15.550000190734863,1.4434000253677368,0.44133999943733215
2014,8,15,6,0,0.8895829916000366,10.230600357055664,267.5,8.160699844360352,N/A,11358,15.550000190734863,1.4311699867248535,0.42603999376296997
2014,8,15,9,0,0.8928130269050598,10.671099662780762,267.5,8.624300003051758,N/A,12869,14.136300086975098,1.4879300594329834,0.4031200110912323
2014,8,15,12,0,0.8947539925575256,10.967499732971191,267.5,9.004500389099121,N/A,14549,14.136300086975098,1.5592299699783325,0.3849799931049347
2014,8,15,15,0,0.8918700218200684,11.007499694824219,267.5,9.09630012512207,N/A,14467,14.136300086975098,1.5527900457382202,0.3807600140571594
2014,8,15,18,0,0.8915089964866638,10.917400360107422,267.5,9.151700019836426,N/A,14574,14.136300086975098,1.5679500102996826,0.3696500062942505
2014,8,15,21,0,0.8967220187187195,10.791199684143066,272.5,9.203700065612793,N/A,14930,14.136300086975098,1.5996999740600586,0.35267001390457153
2014,8,16,0,0,0.8998410105705261,10.572199821472168,272.5,9.153200149536133,N/A,14520,12.851200103759766,1.599410057067871,0.33680999279022217
2014,8,16,3,0,0.9015899896621704,10.536999702453613,272.5,9.178400039672852,N/A,14142,12.851200103759766,1.5821900367736816,0.32521000504493713
2014,8,16,6,0,0.9030389785766602,10.632100105285645,272.5,9.301600456237793,N/A,14301,12.851200103759766,1.582900047302246,0.31606000661849976
2014,8,16,9,0,0.9014279842376709,10.788599967956543,272.5,9.483099937438965,N/A,14719,12.851200103759766,1.5924999713897705,0.3101600110530853
2014,8,16,12,0,0.8984169960021973,10.927200317382812,267.5,9.643400192260742,N/A,14912,12.851200103759766,1.591539978981018,0.3082300126552582
2014,8,16,15,0,0.8937569856643677,10.974300384521484,267.5,9.69789981842041,N/A,14383,11.682900428771973,1.5597000122070312,0.31103000044822693
2014,8,16,18,0,0.8911610245704651,10.972800254821777,262.5,9.652099609375,N/A,13560,11.682900428771973,1.514739990234375,0.31512001156806946
2014,8,16,21,0,0.8915849924087524,10.798700332641602,262.5,9.135600090026855,N/A,13365,11.682900428771973,1.5176500082015991,0.3263700008392334
2014,8,17,0,0,0.8872439861297607,10.013099670410156,267.5,7.47160005569458,N/A,12559,11.682900428771973,1.5318100452423096,0.39632999897003174
2014,8,17,3,0,0.8844699859619141,9.404800415039062,267.5,6.873600006103516,N/A,12412,11.682900428771973,1.5749599933624268,0.4357199966907501
2014,8,17,6,0,0.884194016456604,9.502699851989746,267.5,7.355299949645996,N/A,12073,11.682900428771973,1.5463800430297852,0.4107300043106079
2014,8,17,9,0,0.8845829963684082,9.509900093078613,262.5,7.555500030517578,N/A,11863,11.682900428771973,1.532639980316162,0.4034999907016754
2014,8,17,12,0,0.8858370184898376,9.334600448608398,262.5,7.542099952697754,N/A,11956,10.620800018310547,1.554819941520691,0.40873000025749207
2014,8,17,15,0,0.8860819935798645,9.215700149536133,262.5,7.531799793243408,N/A,12531,10.620800018310547,1.603790044784546,0.4105300009250641
2014,8,17,18,0,0.884423017501831,9.068099975585938,262.5,7.372600078582764,N/A,12566,10.620800018310547,1.6210500001907349,0.4185500144958496
2014,8,17,21,0,0.8857790231704712,9.027199745178223,262.5,7.165500164031982,N/A,12806,10.620800018310547,1.6406500339508057,0.42552998661994934
2014,8,18,0,0,0.8835129737854004,8.81779956817627,262.5,6.885799884796143,N/A,12312,10.620800018310547,1.630120038986206,0.4374699890613556
2014,8,18,3,0,0.8820319771766663,8.88659954071045,262.5,7.206699848175049,N/A,11296,10.620800018310547,1.5569000244140625,0.4179899990558624
2014,8,18,6,0,0.881089985370636,8.95359992980957,262.5,7.383299827575684,N/A,10275,10.620800018310547,1.4802500009536743,0.4048500061035156
2014,8,18,9,0,0.8795679807662964,8.959199905395508,262.5,7.4695000648498535,N/A,9648,10.620800018310547,1.4347100257873535,0.3972100019454956
2014,8,18,12,0,0.8753870129585266,8.85260009765625,262.5,7.477700233459473,N/A,9453,9.655200004577637,1.4305700063705444,0.39228999614715576
2014,8,18,15,0,0.8733000159263611,8.762399673461914,262.5,7.529399871826172,N/A,10248,7.979499816894531,1.5001699924468994,0.37996000051498413
2014,8,18,18,0,0.8705509901046753,8.741900444030762,267.5,7.531400203704834,N/A,10434,7.979499816894531,1.5158499479293823,0.37918999791145325
2014,8,18,21,0,0.8690400123596191,8.46780014038086,267.5,6.655399799346924,N/A,10572,11.682900428771973,1.549399971961975,0.4260999858379364
2014,8,19,0,0,0.8707669973373413,8.26360034942627,267.5,6.411799907684326,N/A,11265,11.682900428771973,1.6192799806594849,0.4487299919128418
2014,8,19,3,0,0.8779150247573853,8.27280044555664,267.5,6.714200019836426,N/A,12106,10.620800018310547,1.6808799505233765,0.4255799949169159
2014,8,19,6,0,0.8930720090866089,8.367400169372559,272.5,7.170899868011475,N/A,13842,7.979499816894531,1.7925699949264526,0.38166001439094543
2014,8,19,9,0,0.9082080125808716,8.46310043334961,277.5,7.524600028991699,N/A,17805,8.77750015258789,2.0300400257110596,0.3293200135231018
2014,8,19,12,0,0.9124360084533691,8.417799949645996,277.5,7.4558000564575195,N/A,19445,8.77750015258789,2.129270076751709,0.32354000210762024
2014,8,19,15,0,0.9086700081825256,8.204999923706055,277.5,7.227200031280518,N/A,18116,7.979499816894531,2.08240008354187,0.3384000062942505
2014,8,19,18,0,0.9022660255432129,8.267200469970703,277.5,7.186500072479248,N/A,15833,7.2540998458862305,1.9359699487686157,0.3519099950790405
2014,8,19,21,0,0.8972780108451843,8.197699546813965,277.5,7.012599945068359,N/A,15213,10.620800018310547,1.904539942741394,0.3680500090122223
2014,8,20,0,0,0.8953930139541626,8.254599571228027,272.5,7.17609977722168,N/A,15192,9.655200004577637,1.8977999687194824,0.3551200032234192
2014,8,20,3,0,0.8935580253601074,8.310099601745605,272.5,7.337600231170654,N/A,14618,9.655200004577637,1.856619954109192,0.3420499861240387
2014,8,20,6,0,0.8969159722328186,8.356100082397461,277.5,7.4822001457214355,N/A,15004,7.979499816894531,1.8785899877548218,0.3229199945926666
2014,8,20,9,0,0.8992739915847778,8.432700157165527,277.5,7.627799987792969,N/A,15549,8.77750015258789,1.9053499698638916,0.3069399893283844
2014,8,20,12,0,0.8984330296516418,8.450499534606934,277.5,7.656799793243408,N/A,15585,8.77750015258789,1.9056199789047241,0.30524998903274536
2014,8,20,15,0,0.8919619917869568,8.45580005645752,277.5,7.628399848937988,N/A,14636,8.77750015258789,1.8440799713134766,0.31703001260757446
2014,8,20,18,0,0.8773400187492371,8.469300270080566,272.5,7.5345001220703125,N/A,12566,7.979499816894531,1.7025200128555298,0.3443300127983093
2014,8,20,21,0,0.8702719807624817,8.587800025939941,272.5,7.516900062561035,N/A,11402,7.979499816894531,1.6052199602127075,0.36531001329421997
2014,8,21,0,0,0.869251012802124,8.58180046081543,267.5,7.432700157165527,N/A,10611,8.77750015258789,1.5472899675369263,0.37536999583244324
2014,8,21,3,0,0.8677279949188232,8.571000099182129,267.5,7.369800090789795,N/A,9529,8.77750015258789,1.4660600423812866,0.3810400068759918
2014,8,21,6,0,0.8665580153465271,8.51669979095459,267.5,7.286099910736084,N/A,8572,8.77750015258789,1.3947099447250366,0.3850399851799011
2014,8,21,9,0,0.8637250065803528,8.434399604797363,267.5,7.176199913024902,N/A,7920,8.77750015258789,1.347540020942688,0.3885599970817566
2014,8,21,12,0,0.8566060066223145,8.439399719238281,262.5,7.109000205993652,N/A,7097,8.77750015258789,1.2736899852752686,0.39779001474380493
2014,8,21,15,0,0.8523390293121338,8.609399795532227,262.5,7.169600009918213,N/A,6477,8.77750015258789,1.2017199993133545,0.4054900109767914
2014,8,21,18,0,0.8522570133209229,8.869500160217285,257.5,7.3003997802734375,N/A,5959,8.77750015258789,1.1317100524902344,0.41150999069213867
2014,8,21,21,0,0.8567249774932861,9.147000312805176,252.5,7.415500164031982,N/A,5646,12.851200103759766,1.0813299417495728,0.4105600118637085
2014,8,22,0,0,0.863743007183075,9.397199630737305,252.5,7.677000045776367,N/A,5583,12.851200103759766,1.0590399503707886,0.39798998832702637
2014,8,22,3,0,0.8693119883537292,9.503100395202637,252.5,7.762800216674805,N/A,5364,12.851200103759766,1.0310800075531006,0.39618998765945435
2014,8,22,6,0,0.8753139972686768,9.429200172424316,247.5,7.632500171661377,N/A,5309,12.851200103759766,1.0303900241851807,0.4070099890232086
2014,8,22,9,0,0.8778769969940186,9.268799781799316,247.5,7.526000022888184,N/A,5455,12.851200103759766,1.0560200214385986,0.41429999470710754
2014,8,22,12,0,0.878928005695343,9.045700073242188,252.5,7.4704999923706055,N/A,5757,8.77750015258789,1.1021300554275513,0.40801000595092773
2014,8,22,15,0,0.8774219751358032,8.823100090026855,252.5,7.413099765777588,N/A,6019,8.77750015258789,1.1450599431991577,0.3929699957370758
2014,8,22,18,0,0.8781260251998901,8.659600257873535,257.5,7.373199939727783,N/A,6247,8.77750015258789,1.180799961090088,0.37713998556137085
2014,8,22,21,0,0.8809329867362976,8.312299728393555,262.5,6.874199867248535,N/A,6459,8.77750015258789,1.2288800477981567,0.3910199999809265
2014,8,23,0,0,0.8875859975814819,7.9344000816345215,262.5,6.454500198364258,N/A,7452,8.77750015258789,1.3552900552749634,0.41596999764442444
2014,8,23,3,0,0.8866299986839294,8.026399612426758,262.5,6.583000183105469,N/A,7123,8.77750015258789,1.315440058708191,0.43928998708724976
2014,8,23,6,0,0.8890100121498108,8.118000030517578,262.5,6.769800186157227,N/A,7118,7.979499816894531,1.3070800304412842,0.4399699866771698
2014,8,23,9,0,0.8894309997558594,8.036800384521484,262.5,6.865900039672852,N/A,7123,7.979499816894531,1.316480040550232,0.41784998774528503
2014,8,23,12,0,0.8896650075912476,7.931399822235107,267.5,6.964099884033203,N/A,7461,7.979499816894531,1.3599799871444702,0.3797700107097626
2014,8,23,15,0,0.8875439763069153,7.8607001304626465,272.5,6.999000072479248,N/A,7818,7.979499816894531,1.4007500410079956,0.35760998725891113
2014,8,23,18,0,0.8820899724960327,7.889200210571289,267.5,6.9583001136779785,N/A,7259,7.2540998458862305,1.3448100090026855,0.37946999073028564
2014,8,23,21,0,0.8839219808578491,7.945199966430664,267.5,6.580900192260742,N/A,7262,7.2540998458862305,1.3354300260543823,0.4375999867916107
2014,8,24,0,0,0.8831589818000793,7.8059000968933105,267.5,6.186399936676025,N/A,8044,7.2540998458862305,1.4155299663543701,0.48618999123573303
2014,8,24,3,0,0.8803550004959106,7.678800106048584,267.5,6.243599891662598,N/A,8531,7.2540998458862305,1.4708199501037598,0.4887300133705139
2014,8,24,6,0,0.8851659893989563,7.580399990081787,272.5,6.426400184631348,N/A,8987,7.2540998458862305,1.524899959564209,0.4494999945163727
2014,8,24,9,0,0.8840770125389099,7.456299781799316,272.5,6.462800025939941,N/A,8518,7.2540998458862305,1.500939965248108,0.41912001371383667
2014,8,24,12,0,0.8791729807853699,7.388599872589111,272.5,6.416100025177002,N/A,7371,7.2540998458862305,1.402340054512024,0.41923001408576965
2014,8,24,15,0,0.8714609742164612,7.476399898529053,272.5,6.306000232696533,N/A,6214,6.594600200653076,1.2733800411224365,0.4681699872016907
2014,8,24,18,0,0.8734670281410217,7.731100082397461,267.5,6.279600143432617,N/A,6071,17.104999542236328,1.229580044746399,0.5147600173950195
2014,8,24,21,0,0.8782250285148621,8.031100273132324,262.5,6.12470006942749,N/A,6370,17.104999542236328,1.2284499406814575,0.5479900240898132
2014,8,25,0,0,0.8744739890098572,7.75,262.5,5.730899810791016,N/A,7597,17.104999542236328,1.367900013923645,0.5647500157356262
2014,8,25,3,0,0.8759580254554749,8.046299934387207,267.5,6.490300178527832,N/A,9167,17.104999542236328,1.4815000295639038,0.48614001274108887
2014,8,25,6,0,0.8846449851989746,8.224900245666504,267.5,6.995500087738037,N/A,10364,7.979499816894531,1.5645300149917603,0.42638999223709106
2014,8,25,9,0,0.8878909945487976,8.345000267028809,272.5,7.287499904632568,N/A,11098,7.979499816894531,1.6109399795532227,0.3921099901199341
2014,8,25,12,0,0.8840240240097046,8.413800239562988,272.5,7.370699882507324,N/A,11202,7.979499816894531,1.6115399599075317,0.3915899991989136
2014,8,25,15,0,0.8794329762458801,8.401800155639648,272.5,7.309999942779541,N/A,11189,7.979499816894531,1.60971999168396,0.40637001395225525
2014,8,25,18,0,0.8704239726066589,8.401599884033203,272.5,7.216300010681152,N/A,10494,7.979499816894531,1.555109977722168,0.425570011138916
2014,8,25,21,0,0.8618860244750977,8.34570026397705,267.5,6.90310001373291,N/A,9602,7.979499816894531,1.4886399507522583,0.4494999945163727
2014,8,26,0,0,0.851282000541687,7.972700119018555,267.5,6.276400089263916,N/A,8815,15.550000190734863,1.4563100337982178,0.4946799874305725
2014,8,26,3,0,0.8440120220184326,7.563300132751465,262.5,5.775000095367432,N/A,8437,15.550000190734863,1.4607499837875366,0.5379300117492676
2014,8,26,6,0,0.8527960181236267,7.723100185394287,262.5,6.223599910736084,N/A,9386,15.550000190734863,1.526520013809204,0.5034899711608887
2014,8,26,9,0,0.8552359938621521,8.11709976196289,262.5,6.689499855041504,N/A,10920,7.2540998458862305,1.606760025024414,0.4703800082206726
2014,8,26,12,0,0.8402199745178223,8.504500389099121,267.5,7.030399799346924,N/A,12056,7.2540998458862305,1.6477199792861938,0.4518600106239319
2014,8,26,15,0,0.8412690162658691,8.82289981842041,272.5,7.361199855804443,N/A,13193,9.655200004577637,1.6926499605178833,0.424019992351532
2014,8,26,18,0,0.8437229990959167,8.880399703979492,272.5,7.468599796295166,N/A,12572,9.655200004577637,1.6489100456237793,0.4067800045013428
2014,8,26,21,0,0.8480859994888306,8.730899810791016,272.5,7.029200077056885,N/A,11560,9.655200004577637,1.5966099500656128,0.41262999176979065
2014,8,27,0,0,0.8498860001564026,8.295100212097168,272.5,6.511899948120117,N/A,11159,9.655200004577637,1.6125999689102173,0.4353500008583069
2014,8,27,3,0,0.846867024898529,8.326299667358398,267.5,6.769400119781494,N/A,10842,9.655200004577637,1.5857900381088257,0.42445001006126404
2014,8,27,6,0,0.8449820280075073,8.493000030517578,267.5,6.980400085449219,N/A,10609,8.77750015258789,1.5496699810028076,0.42537999153137207
2014,8,27,9,0,0.8460800051689148,8.678400039672852,262.5,7.1427001953125,N/A,10710,8.77750015258789,1.5360699892044067,0.4337800145149231
2014,8,27,12,0,0.848766028881073,8.793299674987793,257.5,7.269199848175049,N/A,11312,17.104999542236328,1.566349983215332,0.4380899965763092
2014,8,27,15,0,0.8500409722328186,8.792900085449219,257.5,7.328400135040283,N/A,11810,17.104999542236328,1.601580023765564,0.43630000948905945
2014,8,27,18,0,0.8502240180969238,8.513799667358398,257.5,7.046899795532227,N/A,12013,7.979499816894531,1.6459100246429443,0.44168001413345337
2014,8,27,21,0,0.8368960022926331,7.740200042724609,262.5,6.045499801635742,N/A,11659,7.2540998458862305,1.7064599990844727,0.48917001485824585
2014,8,28,0,0,0.8172630071640015,7.575200080871582,262.5,6.066199779510498,N/A,10791,6.594600200653076,1.6626700162887573,0.47606998682022095
2014,8,28,3,0,0.8006719946861267,7.837399959564209,257.5,6.251299858093262,N/A,9174,6.594600200653076,1.5024700164794922,0.47595998644828796
2014,8,28,6,0,0.8002150058746338,8.388500213623047,252.5,6.580900192260742,N/A,8399,15.550000190734863,1.3816299438476562,0.4758099913597107
2014,8,28,9,0,0.8089309930801392,9.176899909973145,247.5,7.104700088500977,N/A,8318,15.550000190734863,1.3065600395202637,0.45642000436782837
2014,8,28,12,0,0.8144729733467102,9.8548002243042,247.5,7.73859977722168,N/A,8611,15.550000190734863,1.2780100107192993,0.42291000485420227
2014,8,28,15,0,0.8158810138702393,10.143099784851074,247.5,8.171899795532227,N/A,8963,15.550000190734863,1.2842299938201904,0.3993299901485443
2014,8,28,18,0,0.8152250051498413,9.953700065612793,247.5,8.167499542236328,N/A,9361,15.550000190734863,1.3278299570083618,0.3980799913406372
2014,8,28,21,0,0.8144500255584717,9.652000427246094,252.5,7.957699775695801,N/A,9393,15.550000190734863,1.3546799421310425,0.4046500027179718
2014,8,29,0,0,0.8094419836997986,9.390800476074219,252.5,7.769700050354004,N/A,9115,9.655200004577637,1.357159972190857,0.40602999925613403
2014,8,29,3,0,0.8069490194320679,9.153800010681152,257.5,7.572000026702881,N/A,8725,9.655200004577637,1.3485699892044067,0.40968000888824463
2014,8,29,6,0,0.8065099716186523,9.134699821472168,257.5,7.557199954986572,N/A,8341,9.655200004577637,1.3207800388336182,0.4112499952316284
2014,8,29,9,0,0.8055620193481445,9.24120044708252,257.5,7.619800090789795,N/A,8021,9.655200004577637,1.2865099906921387,0.41157999634742737
2014,8,29,12,0,0.8050180077552795,9.424300193786621,252.5,7.772600173950195,N/A,7758,9.655200004577637,1.2505300045013428,0.40669000148773193
2014,8,29,15,0,0.806119978427887,9.606100082397461,252.5,7.951200008392334,N/A,7458,9.655200004577637,1.2122399806976318,0.4000000059604645
2014,8,29,18,0,0.8073570132255554,9.75220012664795,247.5,8.087300300598145,N/A,7141,14.136300086975098,1.175379991531372,0.3949800133705139
2014,8,29,21,0,0.8100860118865967,9.275699615478516,247.5,6.7596001625061035,N/A,6954,14.136300086975098,1.188789963722229,0.45649001002311707
2014,8,30,0,0,0.8195139765739441,8.91409969329834,242.5,6.632599830627441,N/A,6938,14.136300086975098,1.2112300395965576,0.48657000064849854
2014,8,30,3,0,0.822098970413208,9.330400466918945,242.5,6.99399995803833,N/A,6501,14.136300086975098,1.1420199871063232,0.4761500060558319
2014,8,30,6,0,0.8291029930114746,9.72029972076416,242.5,7.315100193023682,N/A,6228,17.104999542236328,1.0913699865341187,0.46768999099731445
2014,8,30,9,0,0.8101840019226074,9.753700256347656,247.5,7.545599937438965,N/A,6982,17.104999542236328,1.1555500030517578,0.4490399956703186
2014,8,30,12,0,0.7993879914283752,9.593700408935547,262.5,7.936299800872803,N/A,9761,8.77750015258789,1.3870400190353394,0.3970299959182739
2014,8,30,15,0,0.8219720125198364,9.632599830627441,272.5,8.313199996948242,N/A,12731,8.77750015258789,1.5855000019073486,0.35453000664711
2014,8,30,18,0,0.8387420177459717,9.8302001953125,277.5,8.647000312805176,N/A,14610,10.620800018310547,1.6813100576400757,0.3263300061225891
2014,8,30,21,0,0.8547120094299316,9.895600318908691,277.5,8.795999526977539,N/A,16601,10.620800018310547,1.7878799438476562,0.30667999386787415
2014,8,31,0,0,0.8554570078849792,9.65310001373291,277.5,8.260100364685059,N/A,17290,10.620800018310547,1.8500699996948242,0.324290007352829
2014,8,31,3,0,0.8506259918212891,9.651900291442871,277.5,8.439800262451172,N/A,17191,10.620800018310547,1.8462899923324585,0.31564000248908997
2014,8,31,6,0,0.8444830179214478,9.666099548339844,277.5,8.573200225830078,N/A,16829,10.620800018310547,1.8260899782180786,0.3098199963569641
2014,8,31,9,0,0.8384360074996948,9.661800384521484,277.5,8.615400314331055,N/A,16358,10.620800018310547,1.8012200593948364,0.30875998735427856
2014,8,31,12,0,0.8343949913978577,9.653800010681152,272.5,8.633600234985352,N/A,15621,10.620800018310547,1.7611299753189087,0.31014999747276306
2014,8,31,15,0,0.8289920091629028,9.641500473022461,272.5,8.60949993133545,N/A,14319,10.620800018310547,1.6869200468063354,0.31602001190185547
2014,8,31,18,0,0.8288019895553589,9.596500396728516,272.5,8.589500427246094,N/A,13632,9.655200004577637,1.6509499549865723,0.3165600001811981
2014,8,31,21,0,0.8251559734344482,9.566800117492676,267.5,8.550800323486328,N/A,12782,9.655200004577637,1.6012699604034424,0.3205600082874298
2014,9,1,0,0,0.8189949989318848,9.566100120544434,267.5,8.519700050354004,N/A,12002,9.655200004577637,1.5508899688720703,0.3262700140476227
2014,9,1,3,0,0.8116009831428528,9.588800430297852,267.5,8.525099754333496,N/A,11214,9.655200004577637,1.496019959449768,0.3325200080871582
2014,9,1,6,0,0.8048220276832581,9.621999740600586,262.5,8.522500038146973,N/A,10424,9.655200004577637,1.4381599426269531,0.33991000056266785
2014,9,1,9,0,0.7980579733848572,9.683899879455566,262.5,8.526000022888184,N/A,9688,9.655200004577637,1.3795499801635742,0.34863001108169556
2014,9,1,12,0,0.7947859764099121,9.795900344848633,257.5,8.555999755859375,N/A,9034,15.550000190734863,1.3211599588394165,0.3582800030708313
2014,9,1,15,0,0.7964910268783569,9.96500015258789,252.5,8.626299858093262,N/A,8473,15.550000190734863,1.2646499872207642,0.36621999740600586
2014,9,1,18,0,0.7988939881324768,10.097299575805664,247.5,8.681599617004395,N/A,8260,15.550000190734863,1.2375799417495728,0.36893999576568604
2014,9,1,21,0,0.7941169738769531,9.868200302124023,252.5,8.295100212097168,N/A,8775,15.550000190734863,1.2919600009918213,0.37966999411582947
2014,9,2,0,0,0.7952979803085327,9.72189998626709,252.5,8.194199562072754,N/A,9129,15.550000190734863,1.3286499977111816,0.3833400011062622
2014,9,2,3,0,0.799206018447876,9.65939998626709,252.5,8.213500022888184,N/A,9699,15.550000190734863,1.3756699562072754,0.37626001238822937
2014,9,2,6,0,0.8068069815635681,9.492500305175781,257.5,8.054499626159668,N/A,11208,8.77750015258789,1.4964699745178223,0.36792001128196716
2014,9,2,9,0,0.8224620223045349,9.19789981842041,262.5,7.55019998550415,N/A,13172,8.77750015258789,1.6518800258636475,0.38324999809265137
2014,9,2,12,0,0.8394539952278137,9.0693998336792,267.5,7.6315999031066895,N/A,15640,8.77750015258789,1.8161499500274658,0.37455999851226807
2014,9,2,15,0,0.8428419828414917,9.27810001373291,267.5,7.922599792480469,N/A,15954,8.77750015258789,1.8117899894714355,0.35826000571250916
2014,9,2,18,0,0.8468300104141235,9.438199996948242,267.5,7.92140007019043,N/A,16174,9.655200004577637,1.8072500228881836,0.3502599895000458
2014,9,2,21,0,0.8511180281639099,8.520099639892578,267.5,6.651199817657471,N/A,17105,9.655200004577637,1.9630199670791626,0.4196000099182129
2014,9,3,0,0,0.8646129965782166,7.989500045776367,267.5,6.584199905395508,N/A,21517,9.655200004577637,2.290220022201538,0.39781999588012695
2014,9,3,3,0,0.8893529772758484,8.077699661254883,272.5,7.0482001304626465,N/A,30130,8.77750015258789,2.711210012435913,0.3334999978542328
2014,9,3,6,0,0.9059029817581177,8.754599571228027,277.5,7.991399765014648,N/A,35597,8.77750015258789,2.8273699283599854,0.27358999848365784
2014,9,3,9,0,0.9029830098152161,8.996800422668457,277.5,8.276399612426758,N/A,32618,9.655200004577637,2.6650500297546387,0.26464998722076416
2014,9,3,12,0,0.8981130123138428,9.0600004196167,277.5,8.31980037689209,N/A,27793,9.655200004577637,2.448770046234131,0.27083998918533325
2014,9,3,15,0,0.895039975643158,9.07040023803711,277.5,8.31980037689209,N/A,24222,9.655200004577637,2.2836999893188477,0.276309996843338
2014,9,3,18,0,0.8911709785461426,9.022600173950195,277.5,8.257800102233887,N/A,21799,9.655200004577637,2.1722500324249268,0.2815999984741211
2014,9,3,21,0,0.8894370198249817,9.010100364685059,277.5,8.262299537658691,N/A,20717,8.77750015258789,2.119990110397339,0.2778800129890442
2014,9,4,0,0,0.8863660097122192,8.981100082397461,277.5,8.269000053405762,N/A,19692,8.77750015258789,2.071739912033081,0.27206000685691833
2014,9,4,3,0,0.8773220181465149,8.878499984741211,277.5,8.152299880981445,N/A,17267,8.77750015258789,1.9515399932861328,0.2788800001144409
2014,9,4,6,0,0.8704890012741089,8.822999954223633,277.5,8.066699981689453,N/A,15639,8.77750015258789,1.862339973449707,0.2881399989128113
2014,9,4,9,0,0.8691020011901855,8.829999923706055,277.5,8.057700157165527,N/A,15273,8.77750015258789,1.8392599821090698,0.2957800030708313
2014,9,4,12,0,0.8656569719314575,8.854000091552734,277.5,8.054100036621094,N/A,14875,8.77750015258789,1.8121999502182007,0.30880001187324524
2014,9,4,15,0,0.8528950214385986,8.815600395202637,277.5,7.931399822235107,N/A,12968,8.77750015258789,1.6936899423599243,0.33368000388145447
2014,9,4,18,0,0.8442310094833374,8.734000205993652,272.5,7.769400119781494,N/A,11006,7.979499816894531,1.565790057182312,0.35293999314308167
2014,9,4,21,0,0.8474609851837158,8.60260009765625,272.5,7.577499866485596,N/A,9991,7.979499816894531,1.5038599967956543,0.3557800054550171
2014,9,5,0,0,0.8530809879302979,7.543900012969971,277.5,5.9095001220703125,N/A,10249,7.979499816894531,1.6322100162506104,0.45037999749183655
2014,9,5,3,0,0.8550840020179749,7.4328999519348145,277.5,5.916399955749512,N/A,10446,7.979499816894531,1.661910057067871,0.4719400107860565
2014,9,5,6,0,0.8558880090713501,7.959400177001953,272.5,6.556099891662598,N/A,9609,7.979499816894531,1.537160038948059,0.4697200059890747
2014,9,5,9,0,0.8530250191688538,8.299099922180176,272.5,6.89169979095459,N/A,8819,7.979499816894531,1.4398000240325928,0.4679099917411804
2014,9,5,12,0,0.8539130091667175,8.356900215148926,272.5,7.1153998374938965,N/A,8719,7.979499816894531,1.4280099868774414,0.4335300028324127
2014,9,5,15,0,0.8578590154647827,8.357000350952148,277.5,7.273900032043457,N/A,8925,7.979499816894531,1.446660041809082,0.39761999249458313
2014,9,5,18,0,0.8486400246620178,8.44789981842041,277.5,7.277400016784668,N/A,8483,7.979499816894531,1.4000799655914307,0.4199199974536896
2014,9,5,21,0,0.8389549851417542,8.83240032196045,272.5,7.392600059509277,N/A,8174,7.979499816894531,1.3368500471115112,0.47001001238822937
2014,9,6,0,0,0.834447979927063,8.978300094604492,267.5,6.955999851226807,N/A,8122,20.697200775146484,1.3162200450897217,0.5208699703216553
2014,9,6,3,0,0.8314740061759949,8.607399940490723,267.5,6.54449987411499,N/A,8377,20.697200775146484,1.3652100563049316,0.5525500178337097
2014,9,6,6,0,0.8213250041007996,8.520099639892578,267.5,6.546899795532227,N/A,7833,20.697200775146484,1.3259899616241455,0.5460799932479858
2014,9,6,9,0,0.8088939785957336,8.619500160217285,262.5,6.606599807739258,N/A,6984,7.979499816894531,1.2419400215148926,0.5362100005149841
2014,9,6,12,0,0.8032940030097961,8.933099746704102,262.5,6.747900009155273,N/A,6639,7.979499816894531,1.1851999759674072,0.535099983215332
2014,9,6,15,0,0.8043320178985596,9.22719955444336,257.5,6.8302998542785645,N/A,6879,18.81559944152832,1.184000015258789,0.5390499830245972
2014,9,6,18,0,0.8078160285949707,9.489500045776367,257.5,7.189199924468994,N/A,7010,18.81559944152832,1.176859974861145,0.5313500165939331
2014,9,6,21,0,0.8124600052833557,9.668700218200684,257.5,7.445400238037109,N/A,7071,18.81559944152832,1.1696799993515015,0.5247399806976318
2014,9,7,0,0,0.8124849796295166,9.73960018157959,257.5,7.365600109100342,N/A,7142,18.81559944152832,1.1700600385665894,0.5242699980735779
2014,9,7,3,0,0.8055189847946167,9.053099632263184,257.5,6.386899948120117,N/A,7502,18.81559944152832,1.245460033416748,0.5699499845504761
2014,9,7,6,0,0.796891987323761,9.01159954071045,257.5,6.597300052642822,N/A,7755,18.81559944152832,1.2693099975585938,0.5524600148200989
2014,9,7,9,0,0.7976329922676086,9.402700424194336,252.5,6.917900085449219,N/A,7722,17.104999542236328,1.2359199523925781,0.5283399820327759
2014,9,7,12,0,0.8068569898605347,9.747900009155273,252.5,7.163599967956543,N/A,7846,17.104999542236328,1.219230055809021,0.5158699750900269
2014,9,7,15,0,0.8168089985847473,9.835399627685547,247.5,7.273399829864502,N/A,8286,17.104999542236328,1.246440052986145,0.5098900198936462
2014,9,7,18,0,0.8189020156860352,9.494500160217285,252.5,7.132999897003174,N/A,9519,17.104999542236328,1.3658299446105957,0.5064299702644348
2014,9,7,21,0,0.8197259902954102,9.445300102233887,252.5,7.26170015335083,N/A,9870,17.104999542236328,1.3957200050354004,0.5020099878311157
2014,9,8,0,0,0.818992018699646,9.318300247192383,257.5,7.39109992980957,N/A,10091,17.104999542236328,1.4247100353240967,0.48840001225471497
2014,9,8,3,0,0.8144479990005493,9.003800392150879,257.5,7.2459001541137695,N/A,10009,17.104999542236328,1.4480400085449219,0.48357000946998596
2014,9,8,6,0,0.8093839883804321,8.559499740600586,257.5,6.918300151824951,N/A,9909,7.2540998458862305,1.4818799495697021,0.4893600046634674
2014,9,8,9,0,0.8069159984588623,8.435600280761719,257.5,6.88670015335083,N/A,10143,7.2540998458862305,1.5124800205230713,0.4781999886035919
2014,9,8,12,0,0.81843101978302,8.36620044708252,262.5,7.013899803161621,N/A,12078,7.2540998458862305,1.6638100147247314,0.4464400112628937
2014,9,8,15,0,0.8206369876861572,8.316300392150879,262.5,7.035299777984619,N/A,13574,7.2540998458862305,1.7719600200653076,0.43432000279426575
2014,9,8,18,0,0.8129979968070984,8.214099884033203,262.5,6.822299957275391,N/A,12751,7.2540998458862305,1.724769949913025,0.4564799964427948
2014,9,8,21,0,0.8116599917411804,8.023300170898438,262.5,6.558000087738037,N/A,12146,7.2540998458862305,1.7023500204086304,0.47523000836372375
2014,9,9,0,0,0.8046889901161194,7.996799945831299,257.5,6.493800163269043,N/A,11124,15.550000190734863,1.6296600103378296,0.4850800037384033
2014,9,9,3,0,0.8150079846382141,8.01830005645752,257.5,6.560200214385986,N/A,11099,15.550000190734863,1.6274399757385254,0.47290000319480896
2014,9,9,6,0,0.8239759802818298,8.132200241088867,262.5,6.9085001945495605,N/A,12650,7.2540998458862305,1.7330700159072876,0.4251599907875061
2014,9,9,9,0,0.8149480223655701,8.277899742126465,267.5,7.109099864959717,N/A,12399,7.979499816894531,1.7017600536346436,0.40898001194000244
2014,9,9,12,0,0.8120030164718628,8.313400268554688,262.5,7.093400001525879,N/A,11171,7.979499816894531,1.6096400022506714,0.42026999592781067
2014,9,9,15,0,0.822983980178833,8.363800048828125,262.5,7.092800140380859,N/A,10742,7.2540998458862305,1.5721100568771362,0.4316900074481964
2014,9,9,18,0,0.8293449878692627,8.451199531555176,262.5,7.150300025939941,N/A,10280,7.2540998458862305,1.528290033340454,0.43375998735427856
2014,9,9,21,0,0.8411309719085693,8.79170036315918,262.5,7.272200107574463,N/A,10427,7.2540998458862305,1.500830054283142,0.45284000039100647
2014,9,10,0,0,0.8488960266113281,8.869500160217285,267.5,7.200500011444092,N/A,10949,7.2540998458862305,1.5286999940872192,0.45774000883102417
2014,9,10,3,0,0.8527169823646545,9.099599838256836,267.5,7.359399795532227,N/A,11540,15.550000190734863,1.5423699617385864,0.4596399962902069
2014,9,10,6,0,0.85698401927948,9.219499588012695,267.5,7.404900074005127,N/A,12382,15.550000190734863,1.582509994506836,0.46132999658584595
2014,9,10,9,0,0.858771026134491,9.179300308227539,267.5,7.464700222015381,N/A,12863,15.550000190734863,1.6184600591659546,0.44732001423835754
2014,9,10,12,0,0.867061972618103,9.305299758911133,272.5,7.649899959564209,N/A,13994,14.136300086975098,1.6760599613189697,0.4276899993419647
2014,9,10,15,0,0.8738070130348206,9.409600257873535,272.5,7.751500129699707,N/A,14646,14.136300086975098,1.7037800550460815,0.4186300039291382
2014,9,10,18,0,0.8709579706192017,9.532999992370605,272.5,7.8165998458862305,N/A,13956,14.136300086975098,1.6499300003051758,0.41569000482559204
2014,9,10,21,0,0.867247998714447,9.68589973449707,267.5,7.886300086975098,N/A,12864,14.136300086975098,1.5688799619674683,0.4125800132751465
2014,9,11,0,0,0.8660770058631897,9.814900398254395,267.5,7.843500137329102,N/A,11636,12.851200103759766,1.4801299571990967,0.4115700125694275
2014,9,11,3,0,0.8693779706954956,9.856599807739258,267.5,7.5366997718811035,N/A,10653,12.851200103759766,1.4118200540542603,0.41907998919487
2014,9,11,6,0,0.8699020147323608,9.6697998046875,267.5,6.882599830627441,N/A,10149,12.851200103759766,1.3918100595474243,0.4432699978351593
2014,9,11,9,0,0.8620240092277527,9.55620002746582,267.5,6.430600166320801,N/A,9435,12.851200103759766,1.3507200479507446,0.45945000648498535
2014,9,11,12,0,0.8600059747695923,9.807700157165527,267.5,6.612299919128418,N/A,8538,12.851200103759766,1.2681599855422974,0.4395799934864044
2014,9,11,15,0,0.8478819727897644,9.788900375366211,267.5,6.47790002822876,N/A,8102,11.682900428771973,1.2370799779891968,0.4442499876022339
2014,9,11,18,0,0.853456974029541,10.327099800109863,267.5,7.259500026702881,N/A,7737,11.682900428771973,1.1764800548553467,0.39107999205589294
2014,9,11,21,0,0.8582209944725037,10.657099723815918,262.5,7.862800121307373,N/A,7668,11.682900428771973,1.1533700227737427,0.35295000672340393
2014,9,12,0,0,0.8625839948654175,10.649900436401367,267.5,7.8069000244140625,N/A,7786,11.682900428771973,1.1640299558639526,0.34714001417160034
2014,9,12,3,0,0.8681690096855164,9.160499572753906,267.5,6.424600124359131,N/A,8307,11.682900428771973,1.3053699731826782,0.45184001326560974
2014,9,12,6,0,0.8778749704360962,8.855299949645996,272.5,6.648099899291992,N/A,8134,11.682900428771973,1.3205000162124634,0.4352700114250183
2014,9,12,9,0,0.8787339925765991,8.925200462341309,272.5,6.602399826049805,N/A,7480,11.682900428771973,1.2626700401306152,0.42524001002311707
2014,9,12,12,0,0.8826349973678589,9.235400199890137,272.5,7.117199897766113,N/A,7014,11.682900428771973,1.2021299600601196,0.38760998845100403
2014,9,12,15,0,0.8785610198974609,9.237000465393066,272.5,7.220900058746338,N/A,6734,11.682900428771973,1.178760051727295,0.3785499930381775
2014,9,12,18,0,0.8735389709472656,9.207599639892578,272.5,7.36359977722168,N/A,6644,10.620800018310547,1.173609972000122,0.3719100058078766
2014,9,12,21,0,0.8621119856834412,8.8371000289917,272.5,6.672599792480469,N/A,6771,10.620800018310547,1.2108999490737915,0.4076699912548065
2014,9,13,0,0,0.8610259890556335,8.328100204467773,272.5,6.212800025939941,N/A,7063,10.620800018310547,1.2767000198364258,0.4419400095939636
2014,9,13,3,0,0.8587250113487244,7.8592000007629395,272.5,5.993800163269043,N/A,7555,10.620800018310547,1.3639700412750244,0.4537599980831146
2014,9,13,6,0,0.8565490245819092,7.985300064086914,272.5,6.434800148010254,N/A,7302,10.620800018310547,1.331570029258728,0.4235599935054779
2014,9,13,9,0,0.8503640294075012,8.218600273132324,272.5,6.787300109863281,N/A,6667,10.620800018310547,1.253790020942688,0.4017300009727478
2014,9,13,12,0,0.8454660177230835,8.342300415039062,277.5,6.990799903869629,N/A,6258,10.620800018310547,1.2061799764633179,0.38554999232292175
2014,9,13,15,0,0.8484150171279907,8.284899711608887,277.5,7.0945000648498535,N/A,6312,10.620800018310547,1.2183300256729126,0.3678100109100342
2014,9,13,18,0,0.8435559868812561,8.227499961853027,277.5,7.133999824523926,N/A,6061,9.655200004577637,1.1992599964141846,0.36096999049186707
2014,9,13,21,0,0.8324130177497864,8.254599571228027,277.5,7.119100093841553,N/A,5668,9.655200004577637,1.1574300527572632,0.3630099892616272
2014,9,14,0,0,0.8143290281295776,8.156399726867676,272.5,6.646399974822998,N/A,5195,9.655200004577637,1.1134300231933594,0.3942900002002716
2014,9,14,3,0,0.8096979856491089,7.65749979019165,272.5,6.079699993133545,N/A,5251,14.136300086975098,1.1556999683380127,0.44207000732421875
2014,9,14,6,0,0.7981160283088684,7.755300045013428,272.5,6.241300106048584,N/A,4937,14.136300086975098,1.111989974975586,0.44095999002456665
2014,9,14,9,0,0.7862529754638672,8.067899703979492,267.5,6.444799900054932,N/A,4297,14.136300086975098,1.0141199827194214,0.44275999069213867
2014,9,14,12,0,0.7830049991607666,8.363499641418457,262.5,6.641600131988525,N/A,3832,14.136300086975098,0.9388899803161621,0.4541800022125244
2014,9,14,15,0,0.785302996635437,8.512800216674805,262.5,6.733699798583984,N/A,3578,14.136300086975098,0.8989599943161011,0.4732699990272522
2014,9,14,18,0,0.7844300270080566,8.514100074768066,262.5,6.6605000495910645,N/A,3354,9.655200004577637,0.8704599738121033,0.4884200096130371
2014,9,14,21,0,0.7814599871635437,8.529000282287598,262.5,6.70389986038208,N/A,3143,9.655200004577637,0.8417900204658508,0.48787999153137207
2014,9,15,0,0,0.7782310247421265,8.590100288391113,257.5,6.628200054168701,N/A,3032,12.851200103759766,0.8233500123023987,0.5065000057220459
2014,9,15,3,0,0.7923359870910645,8.952300071716309,257.5,6.4506001472473145,N/A,3284,12.851200103759766,0.8388599753379822,0.5896199941635132
2014,9,15,6,0,0.8122950196266174,9.68649959564209,257.5,6.6479997634887695,N/A,3745,25.043699264526367,0.8593299984931946,0.6377099752426147
2014,9,15,9,0,0.8208770155906677,10.32699966430664,252.5,6.961400032043457,N/A,3866,25.043699264526367,0.8431599736213684,0.6334499716758728
2014,9,15,12,0,0.8186230063438416,10.504400253295898,252.5,7.17080020904541,N/A,3584,25.043699264526367,0.8028299808502197,0.6078100204467773
2014,9,15,15,0,0.8181999921798706,10.67590045928955,252.5,7.417200088500977,N/A,3408,25.043699264526367,0.7745100259780884,0.5774099826812744
2014,9,15,18,0,0.8436689972877502,11.738300323486328,252.5,7.868299961090088,N/A,4003,22.76689910888672,0.7965800166130066,0.5604699850082397
2014,9,15,21,0,0.8782039880752563,13.484199523925781,252.5,9.092900276184082,N/A,5247,22.76689910888672,0.847350001335144,0.5151200294494629
2014,9,16,0,0,0.8924229741096497,14.26990032196045,252.5,9.786700248718262,N/A,5881,22.76689910888672,0.8714500069618225,0.48892998695373535
2014,9,16,3,0,0.8874130249023438,13.95419979095459,252.5,9.726099967956543,N/A,5704,22.76689910888672,0.8673999905586243,0.4818899929523468
2014,9,16,6,0,0.8761829733848572,13.298199653625488,257.5,9.210100173950195,N/A,6080,22.76689910888672,0.9129700064659119,0.45993998646736145
2014,9,16,9,0,0.871304988861084,11.813699722290039,267.5,6.874000072479248,N/A,7866,15.550000190734863,1.0967199802398682,0.521340012550354
2014,9,16,12,0,0.866998016834259,11.723099708557129,267.5,7.306000232696533,N/A,11199,15.550000190734863,1.3098700046539307,0.5072500109672546
2014,9,16,15,0,0.8435249924659729,11.154399871826172,267.5,6.7941999435424805,N/A,15972,20.697200775146484,1.6065700054168701,0.5467000007629395
2014,9,16,18,0,0.8060050010681152,10.538200378417969,262.5,7.152299880981445,N/A,22451,14.136300086975098,1.970960021018982,0.5390999913215637
2014,9,16,21,0,0.8123630285263062,11.067399978637695,267.5,8.048399925231934,N/A,24492,14.136300086975098,2.006079912185669,0.47110000252723694
2014,9,17,0,0,0.8321160078048706,11.287599563598633,272.5,8.57699966430664,N/A,24448,14.136300086975098,1.983240008354187,0.4178699851036072
2014,9,17,3,0,0.8424590229988098,11.268099784851074,277.5,8.911100387573242,N/A,23946,14.136300086975098,1.9666199684143066,0.38008999824523926
2014,9,17,6,0,0.8455569744110107,11.265199661254883,272.5,9.193099975585938,N/A,23357,14.136300086975098,1.944949984550476,0.36079999804496765
2014,9,17,9,0,0.8357669711112976,11.309200286865234,267.5,9.421299934387207,N/A,24301,12.851200103759766,1.9830700159072876,0.3580000102519989
2014,9,17,12,0,0.8251910209655762,11.331100463867188,262.5,9.562100410461426,N/A,25779,12.851200103759766,2.043879985809326,0.3642899990081787
2014,9,17,15,0,0.8199560046195984,11.401200294494629,262.5,9.677900314331055,N/A,25597,18.81559944152832,2.0318500995635986,0.3666900098323822
2014,9,17,18,0,0.8146989941596985,11.301600456237793,262.5,9.641599655151367,N/A,23788,18.81559944152832,1.9705400466918945,0.36653000116348267
2014,9,17,21,0,0.809719979763031,11.092900276184082,262.5,9.5068998336792,N/A,20908,12.851200103759766,1.868630051612854,0.36302998661994934
2014,9,18,0,0,0.8058080077171326,10.861599922180176,262.5,9.371000289916992,N/A,18255,11.682900428771973,1.7685799598693848,0.353410005569458
2014,9,18,3,0,0.8035939931869507,10.728599548339844,262.5,9.289899826049805,N/A,16141,11.682900428771973,1.6752300262451172,0.3472599983215332
2014,9,18,6,0,0.8054019808769226,10.776900291442871,257.5,9.336299896240234,N/A,15317,11.682900428771973,1.6271400451660156,0.3451099991798401
2014,9,18,9,0,0.8092349767684937,10.926400184631348,252.5,9.387399673461914,N/A,14411,17.104999542236328,1.56358003616333,0.35534000396728516
2014,9,18,12,0,0.816224992275238,11.04539966583252,252.5,9.539799690246582,N/A,15175,17.104999542236328,1.594789981842041,0.3511599898338318
2014,9,18,15,0,0.8242620229721069,11.039400100708008,247.5,9.560099601745605,N/A,15249,17.104999542236328,1.5997400283813477,0.3534899950027466
2014,9,18,18,0,0.8276209831237793,10.833700180053711,242.5,9.490099906921387,N/A,15931,17.104999542236328,1.6562000513076782,0.34749001264572144
2014,9,18,21,0,0.8235780000686646,10.496800422668457,242.5,9.155500411987305,N/A,16370,17.104999542236328,1.7128100395202637,0.34624001383781433
2014,9,19,0,0,0.8225560188293457,10.223899841308594,237.5,9.015399932861328,N/A,15689,17.104999542236328,1.7040599584579468,0.3456900119781494
2014,9,19,3,0,0.8222150206565857,10.02929973602295,232.5,8.865500450134277,N/A,14587,9.655200004577637,1.6615699529647827,0.3464699983596802
2014,9,19,6,0,0.8203660249710083,9.914199829101562,232.5,8.759499549865723,N/A,13584,9.655200004577637,1.6134799718856812,0.3454900085926056
2014,9,19,9,0,0.8251749873161316,9.852999687194824,227.5,8.63070011138916,N/A,12701,9.655200004577637,1.5640300512313843,0.3493399918079376
2014,9,19,12,0,0.8413789868354797,9.667200088500977,222.5,7.965700149536133,N/A,12024,15.550000190734863,1.5348600149154663,0.37463998794555664
2014,9,19,15,0,0.8330349922180176,8.922200202941895,222.5,6.846499919891357,N/A,13288,15.550000190734863,1.683709979057312,0.4311999976634979
2014,9,19,18,0,0.7634909749031067,9.266599655151367,237.5,7.849100112915039,N/A,15886,15.550000190734863,1.8112599849700928,0.36118999123573303
2014,9,19,21,0,0.7490079998970032,9.375200271606445,247.5,8.373800277709961,N/A,18427,9.655200004577637,1.9448800086975098,0.31850001215934753
2014,9,20,0,0,0.7628639936447144,9.593500137329102,252.5,8.662300109863281,N/A,20285,9.655200004577637,2.012589931488037,0.30869001150131226
2014,9,20,3,0,0.79824298620224,10.306300163269043,267.5,9.36340045928955,N/A,27350,10.620800018310547,2.23649001121521,0.28657999634742737
2014,9,20,6,0,0.8440179824829102,10.826800346374512,272.5,9.961700439453125,N/A,36647,11.682900428771973,2.513170003890991,0.2602100074291229
2014,9,20,9,0,0.8668680191040039,11.086400032043457,272.5,10.259200096130371,N/A,40639,11.682900428771973,2.607990026473999,0.24852000176906586
2014,9,20,12,0,0.8775699734687805,11.167499542236328,277.5,10.356100082397461,N/A,39973,11.682900428771973,2.5742299556732178,0.2433599978685379
2014,9,20,15,0,0.8830789923667908,11.088500022888184,277.5,10.292099952697754,N/A,36091,12.851200103759766,2.456939935684204,0.2405800074338913
2014,9,20,18,0,0.8832569718360901,10.922599792480469,277.5,10.128199577331543,N/A,30829,12.851200103759766,2.292710065841675,0.24150000512599945
2014,9,20,21,0,0.8853359818458557,10.760199546813965,272.5,9.681400299072266,N/A,26428,11.682900428771973,2.1420600414276123,0.25231999158859253
2014,9,21,0,0,0.8876479864120483,10.658599853515625,272.5,9.536299705505371,N/A,22767,11.682900428771973,1.9996800422668457,0.2581700086593628
2014,9,21,3,0,0.8900840282440186,10.61400032043457,272.5,9.467100143432617,N/A,19711,11.682900428771973,1.866129994392395,0.25944000482559204
2014,9,21,6,0,0.8881180286407471,10.527600288391113,272.5,9.203499794006348,N/A,17727,11.682900428771973,1.7783700227737427,0.26993998885154724
2014,9,21,9,0,0.8915029764175415,10.57960033416748,272.5,9.346599578857422,N/A,16735,11.682900428771973,1.7246999740600586,0.26078000664711
2014,9,21,12,0,0.8965240120887756,10.644599914550781,267.5,9.800100326538086,N/A,16365,11.682900428771973,1.7019399404525757,0.2413800060749054
2014,9,21,15,0,0.8884180188179016,9.653900146484375,267.5,7.607699871063232,N/A,17696,11.682900428771973,1.8639999628067017,0.3498300015926361
2014,9,21,18,0,0.8380500078201294,8.971400260925293,257.5,7.206600189208984,N/A,18775,11.682900428771973,2.0012400150299072,0.37713998556137085
2014,9,21,21,0,0.8180189728736877,8.734800338745117,257.5,7.019999980926514,N/A,18372,10.620800018310547,2.0111498832702637,0.3834899961948395
2014,9,22,0,0,0.8187649846076965,8.919300079345703,252.5,7.528900146484375,N/A,17077,10.620800018310547,1.921090006828308,0.3506700098514557
2014,9,22,3,0,0.8173120021820068,8.807999610900879,252.5,7.274899959564209,N/A,15031,10.620800018310547,1.8155900239944458,0.36059999465942383
2014,9,22,6,0,0.8079119920730591,8.667699813842773,252.5,7.230000019073486,N/A,13724,10.620800018310547,1.7514100074768066,0.36201000213623047
2014,9,22,9,0,0.7961859703063965,8.364399909973145,247.5,6.752500057220459,N/A,13032,10.620800018310547,1.740190029144287,0.385560005903244
2014,9,22,12,0,0.8043109774589539,8.345199584960938,247.5,6.844600200653076,N/A,12767,10.620800018310547,1.7260199785232544,0.3767000138759613
2014,9,22,15,0,0.816510021686554,8.072600364685059,247.5,6.435200214385986,N/A,14499,10.620800018310547,1.872979998588562,0.398140013217926
2014,9,22,18,0,0.8234050273895264,7.917099952697754,242.5,6.564799785614014,N/A,16128,10.620800018310547,2.001460075378418,0.3754599988460541
2014,9,22,21,0,0.8241770267486572,7.960700035095215,237.5,6.887800216674805,N/A,15219,9.655200004577637,1.9427000284194946,0.3449400067329407
2014,9,23,0,0,0.8319429755210876,8.00469970703125,232.5,7.1132001876831055,N/A,13732,9.655200004577637,1.842560052871704,0.32389000058174133
2014,9,23,3,0,0.8316529989242554,8.007200241088867,232.5,7.195199966430664,N/A,12976,8.77750015258789,1.792799949645996,0.3100300133228302
2014,9,23,6,0,0.8204399943351746,7.977799892425537,237.5,7.210700035095215,N/A,12006,8.77750015258789,1.727929949760437,0.3073999881744385
2014,9,23,9,0,0.8021389842033386,8.003600120544434,242.5,7.235099792480469,N/A,10825,8.77750015258789,1.6369400024414062,0.31088000535964966
2014,9,23,12,0,0.7862870097160339,8.076199531555176,247.5,7.323200225830078,N/A,10277,8.77750015258789,1.5874899625778198,0.30671998858451843
2014,9,23,15,0,0.7762010097503662,8.031499862670898,247.5,7.276500225067139,N/A,10102,8.77750015258789,1.5796200037002563,0.3034000098705292
2014,9,23,18,0,0.8015030026435852,7.614999771118164,232.5,6.664599895477295,N/A,11697,7.979499816894531,1.7508000135421753,0.32019999623298645
2014,9,23,21,0,0.8243839740753174,6.736999988555908,217.5,5.643099784851074,N/A,15918,7.979499816894531,2.178410053253174,0.37264999747276306
2014,9,24,0,0,0.8429690003395081,6.993899822235107,207.5,5.986999988555908,N/A,16073,7.979499816894531,2.1494500637054443,0.3402799963951111
2014,9,24,3,0,0.8662260174751282,7.35129976272583,202.5,6.422999858856201,N/A,14766,7.979499816894531,2.0085599422454834,0.3111099898815155
2014,9,24,6,0,0.8885819911956787,7.4380998611450195,207.5,6.2058000564575195,N/A,18600,8.77750015258789,2.234570026397705,0.35231998562812805
2014,9,24,9,0,0.8848170042037964,8.164899826049805,212.5,6.869900226593018,N/A,31774,9.655200004577637,2.7628800868988037,0.3611699938774109
2014,9,24,12,0,0.8697620034217834,9.327899932861328,227.5,7.67140007019043,N/A,48476,9.655200004577637,3.1453399658203125,0.38940000534057617
2014,9,24,15,0,0.8808090090751648,10.481200218200684,232.5,8.430899620056152,N/A,80355,15.550000190734863,3.7664499282836914,0.3956499993801117
2014,9,24,18,0,0.9014000296592712,11.298500061035156,237.5,9.413200378417969,N/A,127423,14.136300086975098,4.535970211029053,0.35148000717163086
2014,9,24,21,0,0.9087709784507751,11.431500434875488,237.5,9.67140007019043,N/A,141041,14.136300086975098,4.740650177001953,0.33079999685287476
2014,9,25,0,0,0.9105219841003418,11.452799797058105,237.5,9.955400466918945,N/A,128285,14.136300086975098,4.5210700035095215,0.3088400065898895
2014,9,25,3,0,0.908594012260437,11.335200309753418,237.5,10.138699531555176,N/A,107242,14.136300086975098,4.166470050811768,0.28275999426841736
2014,9,25,6,0,0.9044250249862671,10.946100234985352,237.5,9.879500389099121,N/A,81649,12.851200103759766,3.7197799682617188,0.26816999912261963
2014,9,25,9,0,0.9008489847183228,10.365099906921387,232.5,9.31760025024414,N/A,62999,12.851200103759766,3.3826301097869873,0.26903000473976135
2014,9,25,12,0,0.9001849889755249,10.061200141906738,227.5,9.201299667358398,N/A,49969,11.682900428771973,3.075550079345703,0.25321000814437866
2014,9,25,15,0,0.9020770192146301,9.825799942016602,227.5,9.0447998046875,N/A,41810,11.682900428771973,2.859910011291504,0.24276000261306763
2014,9,25,18,0,0.902442991733551,9.552200317382812,222.5,8.78849983215332,N/A,36309,10.620800018310547,2.713629961013794,0.2432200014591217
2014,9,25,21,0,0.8966529965400696,9.073599815368652,222.5,7.957699775695801,N/A,33121,10.620800018310547,2.66729998588562,0.2820900082588196
2014,9,26,0,0,0.8831890225410461,8.859199523925781,222.5,7.770699977874756,N/A,30760,9.655200004577637,2.606529951095581,0.28793999552726746
2014,9,26,3,0,0.8568570017814636,8.61520004272461,222.5,7.456699848175049,N/A,28417,9.655200004577637,2.544019937515259,0.3041599988937378
2014,9,26,6,0,0.8214619755744934,8.544599533081055,222.5,7.388299942016602,N/A,25949,8.77750015258789,2.4402899742126465,0.3119400143623352
2014,9,26,9,0,0.7793539762496948,8.59119987487793,227.5,7.389999866485596,N/A,25822,8.77750015258789,2.421410083770752,0.32587000727653503
2014,9,26,12,0,0.7429059743881226,8.971599578857422,237.5,7.89169979095459,N/A,28343,8.77750015258789,2.47340989112854,0.3091599941253662
2014,9,26,15,0,0.7350959777832031,9.2923002243042,247.5,8.399700164794922,N/A,29009,11.682900428771973,2.456249952316284,0.2792699933052063
2014,9,26,18,0,0.7505999803543091,9.435700416564941,252.5,8.616999626159668,N/A,27434,11.682900428771973,2.369770050048828,0.2643899917602539
2014,9,26,21,0,0.7951059937477112,9.500100135803223,267.5,8.635700225830078,N/A,27986,11.682900428771973,2.385190010070801,0.2583000063896179
2014,9,27,0,0,0.8235849738121033,9.443699836730957,272.5,8.751299858093262,N/A,25542,10.620800018310547,2.2903900146484375,0.2427700012922287
2014,9,27,3,0,0.8485699892044067,9.39780044555664,272.5,8.75790023803711,N/A,22840,10.620800018310547,2.173379898071289,0.2381100058555603
2014,9,27,6,0,0.8728139996528625,9.422100067138672,272.5,8.801799774169922,N/A,22074,10.620800018310547,2.13427996635437,0.23383000493049622
2014,9,27,9,0,0.8918830156326294,9.38029956817627,272.5,8.781800270080566,N/A,21095,10.620800018310547,2.09375,0.22916999459266663
2014,9,27,12,0,0.9036610126495361,9.236200332641602,272.5,8.660200119018555,N/A,19430,10.620800018310547,2.0297698974609375,0.22689999639987946
2014,9,27,15,0,0.9091780185699463,9.057100296020508,272.5,8.485699653625488,N/A,16735,9.655200004577637,1.9065099954605103,0.2297399938106537
2014,9,27,18,0,0.9082480072975159,8.82289981842041,272.5,8.252599716186523,N/A,13689,9.655200004577637,1.751099944114685,0.23534999787807465
2014,9,27,21,0,0.9112570285797119,8.660799980163574,272.5,8.097200393676758,N/A,11776,9.655200004577637,1.6421300172805786,0.23752999305725098
2014,9,28,0,0,0.9155529737472534,8.42199993133545,272.5,7.552199840545654,N/A,10570,8.77750015258789,1.5806900262832642,0.25481998920440674
2014,9,28,3,0,0.9123610258102417,7.836100101470947,277.5,6.664599895477295,N/A,9064,8.77750015258789,1.5203399658203125,0.3108600080013275
2014,9,28,6,0,0.9104160070419312,7.696599960327148,272.5,6.765900135040283,N/A,7311,8.77750015258789,1.3788800239562988,0.30285999178886414
2014,9,28,9,0,0.9088280200958252,7.666500091552734,272.5,6.886099815368652,N/A,5983,7.979499816894531,1.2498600482940674,0.2936600148677826
2014,9,28,12,0,0.91280198097229,7.718200206756592,272.5,7.039999961853027,N/A,5538,7.979499816894531,1.1984200477600098,0.2814199924468994
2014,9,28,15,0,0.9156910181045532,7.712299823760986,272.5,7.088600158691406,N/A,5233,7.979499816894531,1.1652300357818604,0.2786099910736084
2014,9,28,18,0,0.9136890172958374,7.704500198364258,267.5,7.060999870300293,N/A,4789,7.979499816894531,1.1140300035476685,0.29335999488830566
2014,9,28,21,0,0.914385974407196,7.770999908447266,267.5,6.871099948883057,N/A,4489,7.979499816894531,1.0710200071334839,0.33105000853538513
2014,9,29,0,0,0.9199879765510559,7.928500175476074,267.5,6.566999912261963,N/A,4960,7.979499816894531,1.1101000308990479,0.37397998571395874
2014,9,29,3,0,0.9310569763183594,8.517000198364258,267.5,6.978000164031982,N/A,6601,10.620800018310547,1.2284300327301025,0.3680500090122223
2014,9,29,6,0,0.9466670155525208,9.347900390625,272.5,8.20359992980957,N/A,9944,10.620800018310547,1.4333300590515137,0.30004000663757324
2014,9,29,9,0,0.9518100023269653,9.737700462341309,272.5,8.85200023651123,N/A,12382,10.620800018310547,1.5632200241088867,0.26739001274108887
2014,9,29,12,0,0.9555680155754089,10.12399959564209,277.5,9.33650016784668,N/A,15803,10.620800018310547,1.7245899438858032,0.24809999763965607
2014,9,29,15,0,0.9580389857292175,10.165399551391602,277.5,9.081600189208984,N/A,20956,12.851200103759766,1.9792900085449219,0.25363999605178833
2014,9,29,18,0,0.9561160206794739,10.081100463867188,277.5,9.126999855041504,N/A,22048,11.682900428771973,2.0406699180603027,0.2527799904346466
2014,9,29,21,0,0.9478139877319336,9.052499771118164,277.5,7.299900054931641,N/A,21145,11.682900428771973,2.1183300018310547,0.35023999214172363
2014,9,30,0,0,0.938277006149292,8.326600074768066,277.5,6.887599945068359,N/A,23244,10.620800018310547,2.3306500911712646,0.3652600049972534
2014,9,30,3,0,0.9339060187339783,8.167099952697754,277.5,6.7947998046875,N/A,22083,10.620800018310547,2.2988998889923096,0.36395999789237976
2014,9,30,6,0,0.9283609986305237,7.986599922180176,277.5,6.6956000328063965,N/A,20820,10.620800018310547,2.2629599571228027,0.36107999086380005
2014,9,30,9,0,0.9267879724502563,7.994900226593018,272.5,6.684100151062012,N/A,20484,10.620800018310547,2.244460105895996,0.35986998677253723
2014,9,30,12,0,0.9244809746742249,8.199000358581543,277.5,6.888299942016602,N/A,20311,10.620800018310547,2.2037100791931152,0.35245999693870544
2014,9,30,15,0,0.925728976726532,8.355999946594238,277.5,6.973400115966797,N/A,23959,10.620800018310547,2.366219997406006,0.3546999990940094
2014,9,30,18,0,0.9281219840049744,8.783599853515625,277.5,7.561200141906738,N/A,25799,10.620800018310547,2.391390085220337,0.32482001185417175
2014,9,30,21,0,0.9320690035820007,9.090499877929688,282.5,7.89739990234375,N/A,25961,10.620800018310547,2.3558499813079834,0.3094399869441986
2014,10,1,0,0,0.927498996257782,8.846699714660645,282.5,7.552700042724609,N/A,23788,10.620800018310547,2.2900099754333496,0.33461999893188477
2014,10,1,3,0,0.9305920004844666,8.85990047454834,282.5,7.781000137329102,N/A,23103,10.620800018310547,2.2597899436950684,0.32106998562812805
2014,10,1,6,0,0.9296960234642029,8.804300308227539,282.5,7.717400074005127,N/A,20649,9.655200004577637,2.1452200412750244,0.3335300087928772
2014,10,1,9,0,0.9237729907035828,8.491399765014648,282.5,7.221399784088135,N/A,18963,9.655200004577637,2.0945699214935303,0.3700299859046936
2014,10,1,12,0,0.9163749814033508,8.572500228881836,277.5,7.320899963378906,N/A,17843,9.655200004577637,2.017819881439209,0.3948200047016144
2014,10,1,15,0,0.9115039706230164,8.707599639892578,277.5,7.162199974060059,N/A,16609,9.655200004577637,1.9252099990844727,0.4390200078487396
2014,10,1,18,0,0.9077579975128174,8.72599983215332,277.5,7.2144999504089355,N/A,14821,8.77750015258789,1.815019965171814,0.45028001070022583
2014,10,1,21,0,0.906919002532959,8.952300071716309,277.5,7.275599956512451,N/A,13432,8.77750015258789,1.6991300582885742,0.45796000957489014
2014,10,2,0,0,0.9021279811859131,9.191499710083008,272.5,7.418099880218506,N/A,12389,8.77750015258789,1.6038800477981567,0.45416998863220215
2014,10,2,3,0,0.8916739821434021,9.261500358581543,272.5,7.370800018310547,N/A,11505,8.77750015258789,1.5359899997711182,0.44773998856544495
2014,10,2,6,0,0.8855239748954773,9.672200202941895,272.5,7.751200199127197,N/A,11332,15.550000190734863,1.4838600158691406,0.43841999769210815
2014,10,2,9,0,0.8839070200920105,10.15939998626709,272.5,8.190400123596191,N/A,11495,15.550000190734863,1.452929973602295,0.4352700114250183
2014,10,2,12,0,0.8799690008163452,10.508099555969238,267.5,8.497200012207031,N/A,11286,15.550000190734863,1.4141099452972412,0.439520001411438
2014,10,2,15,0,0.8777530193328857,10.763799667358398,272.5,8.750399589538574,N/A,11287,14.136300086975098,1.3949899673461914,0.4321900010108948
2014,10,2,18,0,0.8709549903869629,10.738200187683105,272.5,8.737000465393066,N/A,10405,14.136300086975098,1.339750051498413,0.4266499876976013
2014,10,2,21,0,0.8593069911003113,10.548999786376953,267.5,8.461000442504883,N/A,9098,14.136300086975098,1.2637200355529785,0.4253399968147278
2014,10,3,0,0,0.8513820171356201,10.369500160217285,262.5,8.136699676513672,N/A,8637,14.136300086975098,1.2415599822998047,0.43281999230384827
2014,10,3,3,0,0.86422199010849,10.078100204467773,257.5,7.898600101470947,N/A,9021,14.136300086975098,1.2893799543380737,0.4489800035953522
2014,10,3,6,0,0.8880079984664917,9.729299545288086,252.5,7.714799880981445,N/A,9926,14.136300086975098,1.3801900148391724,0.47203999757766724
2014,10,3,9,0,0.9000779986381531,9.950599670410156,252.5,7.747000217437744,N/A,9718,18.81559944152832,1.346619963645935,0.4917699992656708
2014,10,3,12,0,0.914188027381897,10.477499961853027,247.5,7.92080020904541,N/A,9095,18.81559944152832,1.2632800340652466,0.5007200241088867
2014,10,3,15,0,0.9222270250320435,10.855199813842773,247.5,8.145899772644043,N/A,8835,18.81559944152832,1.2205899953842163,0.48906999826431274
2014,10,3,18,0,0.9239689707756042,10.925299644470215,247.5,8.314000129699707,N/A,9075,18.81559944152832,1.233839988708496,0.4650900065898895
2014,10,3,21,0,0.918753981590271,11.097599983215332,252.5,9.002599716186523,N/A,11546,14.136300086975098,1.3820899724960327,0.4018299877643585
2014,10,4,0,0,0.9250649809837341,11.264200210571289,262.5,9.855199813842773,N/A,19325,12.851200103759766,1.777999997138977,0.3196699917316437
2014,10,4,3,0,0.9378569722175598,11.252799987792969,267.5,10.260899543762207,N/A,28562,12.851200103759766,2.169179916381836,0.27191999554634094
2014,10,4,6,0,0.9438940286636353,11.127099990844727,262.5,10.259900093078613,N/A,31755,11.682900428771973,2.3066699504852295,0.26232001185417175
2014,10,4,9,0,0.9447450041770935,11.008399963378906,262.5,10.140999794006348,N/A,31066,11.682900428771973,2.297290086746216,0.2696399986743927
2014,10,4,12,0,0.94269198179245,10.929800033569336,262.5,10.040399551391602,N/A,30870,11.682900428771973,2.299839973449707,0.27702999114990234
2014,10,4,15,0,0.9427949786186218,10.875699996948242,257.5,9.945699691772461,N/A,31153,11.682900428771973,2.3169000148773193,0.2854200005531311
2014,10,4,18,0,0.941785991191864,10.839599609375,257.5,9.827099800109863,N/A,31057,11.682900428771973,2.316119909286499,0.297789990901947
2014,10,4,21,0,0.9354270100593567,10.851900100708008,257.5,9.749500274658203,N/A,31512,11.682900428771973,2.328200101852417,0.3061800003051758
2014,10,5,0,0,0.9262160062789917,10.906000137329102,262.5,9.779399871826172,N/A,32576,11.682900428771973,2.3579800128936768,0.302619993686676
2014,10,5,3,0,0.9201120138168335,10.913100242614746,262.5,9.8233003616333,N/A,32744,11.682900428771973,2.363450050354004,0.2944599986076355
2014,10,5,6,0,0.9163820147514343,10.89050006866455,262.5,9.825599670410156,N/A,31702,11.682900428771973,2.32955002784729,0.2911199927330017
2014,10,5,9,0,0.9145920276641846,10.910699844360352,262.5,9.826299667358398,N/A,30308,11.682900428771973,2.275700092315674,0.295199990272522
2014,10,5,12,0,0.9118880033493042,10.865500450134277,262.5,9.774399757385254,N/A,28331,11.682900428771973,2.2063300609588623,0.2983799874782562
2014,10,5,15,0,0.907604992389679,10.673500061035156,257.5,9.609800338745117,N/A,25194,10.620800018310547,2.1039199829101562,0.2987000048160553
2014,10,5,18,0,0.9031209945678711,10.594499588012695,257.5,9.528400421142578,N/A,23155,10.620800018310547,2.025399923324585,0.3005400002002716
2014,10,5,21,0,0.8974499702453613,10.73289966583252,262.5,9.60099983215332,N/A,22707,15.550000190734863,1.9873600006103516,0.30720001459121704
2014,10,6,0,0,0.8934109807014465,10.77180004119873,257.5,9.517900466918945,N/A,20819,15.550000190734863,1.8966200351715088,0.31848999857902527
2014,10,6,3,0,0.8903520107269287,10.77340030670166,257.5,9.406999588012695,N/A,19719,15.550000190734863,1.8446600437164307,0.3256100118160248
2014,10,6,6,0,0.8879960179328918,10.648699760437012,257.5,9.397299766540527,N/A,17417,15.550000190734863,1.7467800378799438,0.32583001255989075
2014,10,6,9,0,0.8846250176429749,10.624300003051758,257.5,9.365300178527832,N/A,15623,14.136300086975098,1.6558500528335571,0.3301199972629547
2014,10,6,12,0,0.8817710280418396,10.73639965057373,257.5,9.418499946594238,N/A,14741,14.136300086975098,1.5965800285339355,0.3343600034713745
2014,10,6,15,0,0.8784599900245667,10.708800315856934,252.5,9.346099853515625,N/A,13548,14.136300086975098,1.5321799516677856,0.3429499864578247
2014,10,6,18,0,0.8784520030021667,10.63640022277832,252.5,9.256500244140625,N/A,12971,14.136300086975098,1.505079984664917,0.3499099910259247
2014,10,6,21,0,0.8800029754638672,10.504599571228027,257.5,9.168100357055664,N/A,13294,14.136300086975098,1.535770058631897,0.34904998540878296
2014,10,7,0,0,0.8807929754257202,10.262499809265137,257.5,8.950200080871582,N/A,12909,14.136300086975098,1.5351699590682983,0.3525800108909607
2014,10,7,3,0,0.8840450048446655,10.054900169372559,252.5,8.54539966583252,N/A,12544,12.851200103759766,1.5309100151062012,0.36129000782966614
2014,10,7,6,0,0.8858699798583984,9.913700103759766,257.5,8.413200378417969,N/A,12692,12.851200103759766,1.552109956741333,0.36201000213623047
2014,10,7,9,0,0.8855460286140442,9.866600036621094,252.5,8.400300025939941,N/A,12525,12.851200103759766,1.546030044555664,0.35986998677253723
2014,10,7,12,0,0.8820030093193054,9.862500190734863,252.5,8.407500267028809,N/A,12308,12.851200103759766,1.5330499410629272,0.3588399887084961
2014,10,7,15,0,0.8781189918518066,9.75570011138916,252.5,8.286600112915039,N/A,11927,12.851200103759766,1.5185799598693848,0.36482998728752136
2014,10,7,18,0,0.874625027179718,9.520500183105469,252.5,8.015800476074219,N/A,11408,11.682900428771973,1.5057100057601929,0.3778800070285797
2014,10,7,21,0,0.8725370168685913,9.301799774169922,257.5,7.716899871826172,N/A,11122,11.682900428771973,1.506500005722046,0.38725998997688293
2014,10,8,0,0,0.8649269938468933,9.14840030670166,257.5,7.403800010681152,N/A,10840,9.655200004577637,1.5013600587844849,0.39605000615119934
2014,10,8,3,0,0.8529090285301208,8.94950008392334,257.5,7.109399795532227,N/A,11000,11.682900428771973,1.5305900573730469,0.40985000133514404
2014,10,8,6,0,0.844851016998291,9.108200073242188,262.5,7.488800048828125,N/A,10967,11.682900428771973,1.5149699449539185,0.3897700011730194
2014,10,8,9,0,0.8356590270996094,9.237299919128418,262.5,7.6793999671936035,N/A,10331,11.682900428771973,1.4595199823379517,0.3809800148010254
2014,10,8,12,0,0.826928973197937,9.293999671936035,262.5,7.747000217437744,N/A,9579,9.655200004577637,1.400589942932129,0.3794499933719635
2014,10,8,15,0,0.819579005241394,9.385199546813965,262.5,7.86899995803833,N/A,8929,10.620800018310547,1.3455499410629272,0.37112998962402344
2014,10,8,18,0,0.8170409798622131,9.498800277709961,257.5,8.03279972076416,N/A,8310,10.620800018310547,1.2900099754333496,0.3589800000190735
2014,10,8,21,0,0.824891984462738,9.664899826049805,257.5,8.251500129699707,N/A,8094,10.620800018310547,1.2616000175476074,0.3422200083732605
2014,10,9,0,0,0.8378229737281799,9.873499870300293,257.5,8.58549976348877,N/A,8174,10.620800018310547,1.253440022468567,0.32420000433921814
2014,10,9,3,0,0.8530600070953369,10.066100120544434,252.5,8.906999588012695,N/A,8420,10.620800018310547,1.2591400146484375,0.3102000057697296
2014,10,9,6,0,0.8671029806137085,10.148500442504883,252.5,9.103799819946289,N/A,8779,10.620800018310547,1.2808799743652344,0.3022899925708771
2014,10,9,9,0,0.876596987247467,10.115400314331055,252.5,9.114899635314941,N/A,9050,9.655200004577637,1.3040200471878052,0.3076600134372711
2014,10,9,12,0,0.8806189894676208,10.088700294494629,252.5,9.037300109863281,N/A,9067,9.655200004577637,1.3078500032424927,0.3280700147151947
2014,10,9,15,0,0.8805540204048157,10.18529987335205,252.5,8.983200073242188,N/A,8873,9.655200004577637,1.2863600254058838,0.36118999123573303
2014,10,9,18,0,0.8779739737510681,10.414199829101562,252.5,8.990599632263184,N/A,8612,8.77750015258789,1.2494699954986572,0.39386001229286194
2014,10,9,21,0,0.8754900097846985,10.65999984741211,252.5,9.018600463867188,N/A,8291,8.77750015258789,1.20701003074646,0.4144200086593628
2014,10,10,0,0,0.8738099932670593,10.776700019836426,252.5,8.983799934387207,N/A,8011,18.81559944152832,1.175860047340393,0.4233799874782562
2014,10,10,3,0,0.8776729702949524,11.06779956817627,257.5,9.05519962310791,N/A,9044,18.81559944152832,1.2267500162124634,0.4338800013065338
2014,10,10,6,0,0.8808910250663757,10.832500457763672,257.5,8.621399879455566,N/A,9468,18.81559944152832,1.268239974975586,0.44488000869750977
2014,10,10,9,0,0.8793280124664307,10.350899696350098,257.5,7.52239990234375,N/A,9748,17.104999542236328,1.315000057220459,0.48278000950813293
2014,10,10,12,0,0.8759980201721191,9.906900405883789,257.5,6.969600200653076,N/A,9842,17.104999542236328,1.350000023841858,0.5099800229072571
2014,10,10,15,0,0.8596360087394714,9.030799865722656,257.5,5.931700229644775,N/A,9713,17.104999542236328,1.4080499410629272,0.5693899989128113
2014,10,10,18,0,0.8437659740447998,8.480500221252441,252.5,5.63640022277832,N/A,10024,15.550000190734863,1.4814499616622925,0.5933499932289124
2014,10,10,21,0,0.8302379846572876,7.857800006866455,252.5,5.377299785614014,N/A,11775,14.136300086975098,1.679669976234436,0.6163899898529053
2014,10,11,0,0,0.8288300037384033,7.696899890899658,252.5,5.633900165557861,N/A,17251,14.136300086975098,2.0710999965667725,0.5821700096130371
2014,10,11,3,0,0.879958987236023,9.1875,262.5,7.264100074768066,N/A,26474,7.979499816894531,2.342319965362549,0.4879299998283386
2014,10,11,6,0,0.9130330085754395,10.38659954071045,267.5,8.501500129699707,N/A,32457,20.697200775146484,2.4254300594329834,0.44218000769615173
2014,10,11,9,0,0.9314540028572083,11.78219985961914,267.5,9.451899528503418,N/A,40358,18.81559944152832,2.5126800537109375,0.4407599866390228
2014,10,11,12,0,0.9373199939727783,12.906800270080566,272.5,10.297900199890137,N/A,48898,18.81559944152832,2.619810104370117,0.4169600009918213
2014,10,11,15,0,0.9451389908790588,13.602899551391602,272.5,10.38479995727539,N/A,61290,18.81559944152832,2.8370299339294434,0.4047200083732605
2014,10,11,18,0,0.9500939846038818,13.463399887084961,272.5,9.942700386047363,N/A,78523,17.104999542236328,3.2207400798797607,0.41905999183654785
2014,10,11,21,0,0.9544969797134399,13.604700088500977,272.5,10.314299583435059,N/A,97797,18.81559944152832,3.5695900917053223,0.3968699872493744
2014,10,12,0,0,0.9577509760856628,13.768099784851074,272.5,11.124799728393555,N/A,117284,18.81559944152832,3.8829500675201416,0.3578299880027771
2014,10,12,3,0,0.9620800018310547,13.856599807739258,277.5,11.757599830627441,N/A,129123,17.104999542236328,4.057660102844238,0.32082998752593994
2014,10,12,6,0,0.9644550085067749,13.83180046081543,277.5,12.172100067138672,N/A,132214,17.104999542236328,4.107530117034912,0.2885099947452545
2014,10,12,9,0,0.9646559953689575,13.722000122070312,277.5,12.361599922180176,N/A,127831,17.104999542236328,4.055749893188477,0.26646000146865845
2014,10,12,12,0,0.9621000289916992,13.421799659729004,277.5,12.206199645996094,N/A,112966,15.550000190734863,3.861649990081787,0.2592799961566925
2014,10,12,15,0,0.9582539796829224,13.164600372314453,277.5,12.027099609375,N/A,99344,15.550000190734863,3.6619300842285156,0.25459998846054077
2014,10,12,18,0,0.9587050080299377,12.929300308227539,277.5,11.884099960327148,N/A,91148,15.550000190734863,3.5454599857330322,0.2473900020122528
2014,10,12,21,0,0.9579619765281677,12.663100242614746,277.5,11.660799980163574,N/A,78164,15.550000190734863,3.3250300884246826,0.24616000056266785
2014,10,13,0,0,0.9567239880561829,12.380000114440918,277.5,11.400099754333496,N/A,64165,14.136300086975098,3.055079936981201,0.2472500056028366
2014,10,13,3,0,0.9510080218315125,11.790499687194824,277.5,9.994000434875488,N/A,51318,14.136300086975098,2.8083600997924805,0.29183000326156616
2014,10,13,6,0,0.9199280142784119,10.439499855041504,272.5,8.470499992370605,N/A,45906,14.136300086975098,2.8474600315093994,0.3668600022792816
2014,10,13,9,0,0.8931559920310974,9.856100082397461,267.5,8.106200218200684,N/A,42681,14.136300086975098,2.8463099002838135,0.37147998809814453
2014,10,13,12,0,0.8875139951705933,10.048199653625488,267.5,8.749500274658203,N/A,43938,14.136300086975098,2.8661699295043945,0.32868000864982605
2014,10,13,15,0,0.8803359866142273,10.162099838256836,267.5,8.940099716186523,N/A,44933,12.851200103759766,2.883960008621216,0.31040000915527344
2014,10,13,18,0,0.8144789934158325,8.664199829101562,252.5,7.117499828338623,N/A,55177,9.655200004577637,3.5010499954223633,0.38231998682022095
2014,10,13,21,0,0.8215739727020264,9.000900268554688,237.5,7.911300182342529,N/A,73818,10.620800018310547,3.984149932861328,0.31779998540878296
2014,10,14,0,0,0.8125259876251221,9.651300430297852,247.5,8.716400146484375,N/A,58196,10.620800018310547,3.398560047149658,0.28902000188827515
2014,10,14,3,0,0.8056380152702332,9.828200340270996,252.5,8.949399948120117,N/A,48958,9.655200004577637,3.0839200019836426,0.28290000557899475
2014,10,14,6,0,0.811797022819519,9.947400093078613,257.5,9.098199844360352,N/A,46889,11.682900428771973,2.995450019836426,0.2782900035381317
2014,10,14,9,0,0.8435109853744507,10.15719985961914,262.5,9.339500427246094,N/A,50697,11.682900428771973,3.0772500038146973,0.26416999101638794
2014,10,14,12,0,0.8613920211791992,10.229700088500977,267.5,9.334199905395508,N/A,50134,11.682900428771973,3.044650077819824,0.2672100067138672
2014,10,14,15,0,0.8799390196800232,10.571200370788574,272.5,9.642499923706055,N/A,55671,11.682900428771973,3.142400026321411,0.26017001271247864
2014,10,14,18,0,0.8852769732475281,10.611900329589844,272.5,9.741499900817871,N/A,53832,11.682900428771973,3.0844500064849854,0.2517800033092499
2014,10,14,21,0,0.8856070041656494,10.525099754333496,272.5,9.701000213623047,N/A,47639,11.682900428771973,2.918339967727661,0.24921000003814697
2014,10,15,0,0,0.8932219743728638,10.478099822998047,267.5,9.652000427246094,N/A,42156,11.682900428771973,2.753340005874634,0.2517000138759613
2014,10,15,3,0,0.907368004322052,10.589200019836426,267.5,9.743499755859375,N/A,42260,11.682900428771973,2.7383899688720703,0.25266000628471375
2014,10,15,6,0,0.9226139783859253,10.871000289916992,267.5,9.960399627685547,N/A,43703,11.682900428771973,2.737060070037842,0.25832998752593994
2014,10,15,9,0,0.932217001914978,11.246500015258789,267.5,10.289299964904785,N/A,46003,12.851200103759766,2.7469000816345215,0.25975000858306885
2014,10,15,12,0,0.9311730265617371,11.375200271606445,267.5,9.736200332641602,N/A,47902,12.851200103759766,2.775710105895996,0.2953700125217438
2014,10,15,15,0,0.913906991481781,11.450599670410156,272.5,9.48490047454834,N/A,63626,12.851200103759766,3.175879955291748,0.334089994430542
2014,10,15,18,0,0.915215015411377,11.952199935913086,272.5,10.44540023803711,N/A,69660,14.136300086975098,3.2420499324798584,0.2969599962234497
2014,10,15,21,0,0.9055879712104797,11.42650032043457,272.5,9.514200210571289,N/A,68902,14.136300086975098,3.306180000305176,0.32287999987602234
2014,10,16,0,0,0.9029409885406494,11.438699722290039,272.5,10.15149974822998,N/A,58875,12.851200103759766,3.0636301040649414,0.28255000710487366
2014,10,16,3,0,0.8998720049858093,11.264900207519531,272.5,10.125200271606445,N/A,48977,12.851200103759766,2.8256800174713135,0.2680700123310089
2014,10,16,6,0,0.8835030198097229,10.72920036315918,272.5,9.116299629211426,N/A,40433,12.851200103759766,2.6410999298095703,0.30197998881340027
2014,10,16,9,0,0.865323007106781,10.245100021362305,277.5,8.389699935913086,N/A,38415,12.851200103759766,2.6427199840545654,0.3326300084590912
2014,10,16,12,0,0.8340169787406921,9.76990032196045,272.5,8.014699935913086,N/A,35928,11.682900428771973,2.6314098834991455,0.34264999628067017
2014,10,16,15,0,0.7708520293235779,9.142900466918945,267.5,7.541999816894531,N/A,34315,11.682900428771973,2.6782500743865967,0.3536500036716461
2014,10,16,18,0,0.7319009900093079,8.650500297546387,252.5,7.323699951171875,N/A,30096,11.682900428771973,2.5972800254821777,0.34577998518943787
2014,10,16,21,0,0.7317630052566528,8.362099647521973,242.5,7.22130012512207,N/A,29013,7.979499816894531,2.609070062637329,0.32760000228881836
2014,10,17,0,0,0.7550250291824341,8.504199981689453,232.5,7.672299861907959,N/A,27552,9.655200004577637,2.5283100605010986,0.2837199866771698
2014,10,17,3,0,0.7759870290756226,8.706700325012207,232.5,7.93779993057251,N/A,24929,9.655200004577637,2.3768301010131836,0.26464998722076416
2014,10,17,6,0,0.8150849938392639,8.850799560546875,227.5,7.9456000328063965,N/A,24808,10.620800018310547,2.3484599590301514,0.2676500082015991
2014,10,17,9,0,0.9120299816131592,9.521400451660156,222.5,8.525500297546387,N/A,41352,10.620800018310547,2.894929885864258,0.2695100009441376
2014,10,17,12,0,0.9373090267181396,9.876299858093262,222.5,8.373100280761719,N/A,66288,11.682900428771973,3.5657799243927,0.30621999502182007
2014,10,17,15,0,0.9359509944915771,9.956199645996094,217.5,8.527199745178223,N/A,89714,11.682900428771973,4.12224006652832,0.3123300075531006
2014,10,17,18,0,0.9351000189781189,10.133299827575684,217.5,8.705499649047852,N/A,93184,11.682900428771973,4.157219886779785,0.305510014295578
2014,10,17,21,0,0.9361460208892822,9.90820026397705,212.5,8.555899620056152,N/A,100824,11.682900428771973,4.3851399421691895,0.30698999762535095
2014,10,18,0,0,0.9365490078926086,10.026300430297852,212.5,8.910699844360352,N/A,93242,11.682900428771973,4.19556999206543,0.28321999311447144
2014,10,18,3,0,0.9231730103492737,10.023300170898438,212.5,8.861000061035156,N/A,73342,11.682900428771973,3.720789909362793,0.2864300012588501
2014,10,18,6,0,0.9104899764060974,10.054699897766113,212.5,8.936100006103516,N/A,59288,11.682900428771973,3.3411800861358643,0.28029999136924744
2014,10,18,9,0,0.897146999835968,10.154199600219727,217.5,9.1875,N/A,49249,11.682900428771973,3.031899929046631,0.26357999444007874
2014,10,18,12,0,0.8875229954719543,10.140700340270996,217.5,9.26710033416748,N/A,41700,11.682900428771973,2.795909881591797,0.25270000100135803
2014,10,18,15,0,0.8719189763069153,9.660900115966797,222.5,8.280500411987305,N/A,36424,10.620800018310547,2.68353009223938,0.299699991941452
2014,10,18,18,0,0.8568230271339417,9.140199661254883,222.5,7.702000141143799,N/A,33381,10.620800018310547,2.6492700576782227,0.33239999413490295
2014,10,18,21,0,0.8356099724769592,8.73799991607666,222.5,7.332300186157227,N/A,30831,10.620800018310547,2.611609935760498,0.35141998529434204
2014,10,19,0,0,0.8329129815101624,8.813400268554688,222.5,7.679800033569336,N/A,26771,10.620800018310547,2.4283599853515625,0.3266099989414215
2014,10,19,3,0,0.8326640129089355,8.803600311279297,227.5,7.607100009918213,N/A,23501,9.655200004577637,2.2791099548339844,0.3425300121307373
2014,10,19,6,0,0.836929976940155,8.574700355529785,227.5,7.061200141906738,N/A,22316,9.655200004577637,2.253580093383789,0.38273000717163086
2014,10,19,9,0,0.8582050204277039,8.599800109863281,227.5,7.175600051879883,N/A,28929,9.655200004577637,2.563339948654175,0.3854599893093109
2014,10,19,12,0,0.8799980282783508,9.06760025024414,227.5,7.775400161743164,N/A,40774,10.620800018310547,2.9568400382995605,0.351859986782074
2014,10,19,15,0,0.8845630288124084,9.468400001525879,227.5,8.136699676513672,N/A,55640,10.620800018310547,3.363909959793091,0.34011998772621155
2014,10,19,18,0,0.8679249882698059,9.159899711608887,222.5,7.605500221252441,N/A,87580,10.620800018310547,4.284709930419922,0.37345001101493835
2014,10,19,21,0,0.8696759939193726,9.550600051879883,222.5,8.203200340270996,N/A,112845,11.682900428771973,4.749450206756592,0.33730000257492065
2014,10,20,0,0,0.8450469970703125,10.138199806213379,222.5,8.913000106811523,N/A,97188,10.620800018310547,4.259570121765137,0.31878000497817993
2014,10,20,3,0,0.8164200186729431,10.449000358581543,232.5,9.116499900817871,N/A,89174,10.620800018310547,4.002180099487305,0.326990008354187
2014,10,20,6,0,0.8079779744148254,10.981499671936035,242.5,9.675399780273438,N/A,85697,10.620800018310547,3.8069698810577393,0.31665998697280884
2014,10,20,9,0,0.8100489974021912,11.02079963684082,247.5,9.485799789428711,N/A,79492,10.620800018310547,3.6535398960113525,0.3317300081253052
2014,10,20,12,0,0.8266100287437439,11.276000022888184,252.5,9.619400024414062,N/A,83398,15.550000190734863,3.6838300228118896,0.34334999322891235
2014,10,20,15,0,0.8490049839019775,11.726200103759766,257.5,10.178899765014648,N/A,82797,15.550000190734863,3.5863800048828125,0.3242399990558624
2014,10,20,18,0,0.8721230030059814,12.045100212097168,257.5,10.607600212097168,N/A,82155,14.136300086975098,3.5164499282836914,0.30869001150131226
2014,10,20,21,0,0.8870800137519836,12.140199661254883,262.5,10.539600372314453,N/A,81784,15.550000190734863,3.4884300231933594,0.3086400032043457
2014,10,21,0,0,0.8984659910202026,12.15939998626709,262.5,10.645099639892578,N/A,79816,14.136300086975098,3.440049886703491,0.29989999532699585
2014,10,21,3,0,0.9051640033721924,12.06760025024414,262.5,10.66569995880127,N/A,74419,14.136300086975098,3.336129903793335,0.2874099910259247
2014,10,21,6,0,0.90105801820755,11.761099815368652,262.5,10.423500061035156,N/A,66058,14.136300086975098,3.193660020828247,0.2829299867153168
2014,10,21,9,0,0.9009870290756226,11.496999740600586,262.5,10.142900466918945,N/A,59966,12.851200103759766,3.0864601135253906,0.28150999546051025
2014,10,21,12,0,0.8948100209236145,11.162099838256836,262.5,9.925200462341309,N/A,48730,12.851200103759766,2.8360700607299805,0.2800300121307373
2014,10,21,15,0,0.8891929984092712,10.64330005645752,262.5,8.805800437927246,N/A,43630,12.851200103759766,2.7559399604797363,0.3199400007724762
2014,10,21,18,0,0.8109840154647827,8.488800048828125,252.5,6.520299911499023,N/A,45175,12.851200103759766,3.181529998779297,0.4420199990272522
2014,10,21,21,0,0.7873679995536804,8.145000457763672,232.5,6.996099948883057,N/A,62732,7.979499816894531,3.8850998878479004,0.3471199870109558
2014,10,22,0,0,0.7665659785270691,8.825799942016602,237.5,7.8730998039245605,N/A,65528,8.77750015258789,3.8044300079345703,0.297760009765625
2014,10,22,3,0,0.7496539950370789,8.880399703979492,237.5,7.7241997718811035,N/A,60929,10.620800018310547,3.6531898975372314,0.30724000930786133
2014,10,22,6,0,0.7929970026016235,8.738800048828125,212.5,7.791500091552734,N/A,120795,9.655200004577637,5.205239772796631,0.2897399961948395
2014,10,22,9,0,0.7451090216636658,10.247200012207031,227.5,9.383999824523926,N/A,129219,10.620800018310547,4.894740104675293,0.274399995803833
2014,10,22,12,0,0.7730569839477539,11.460200309753418,252.5,10.496299743652344,N/A,129829,10.620800018310547,4.570419788360596,0.274399995803833
2014,10,22,15,0,0.8248729705810547,11.990599632263184,262.5,11.05109977722168,N/A,123838,14.136300086975098,4.336339950561523,0.2612600028514862
2014,10,22,18,0,0.8423370122909546,12.031000137329102,262.5,11.095199584960938,N/A,108388,14.136300086975098,4.04587984085083,0.2578200101852417
2014,10,22,21,0,0.8433020114898682,11.781100273132324,267.5,10.819999694824219,N/A,91990,14.136300086975098,3.7743101119995117,0.2595899999141693
2014,10,23,0,0,0.848878026008606,11.545499801635742,267.5,10.565099716186523,N/A,82158,14.136300086975098,3.610369920730591,0.2613700032234192
2014,10,23,3,0,0.8488730192184448,11.26609992980957,267.5,10.325599670410156,N/A,72126,14.136300086975098,3.4354701042175293,0.2588300108909607
2014,10,23,6,0,0.840624988079071,10.709500312805176,267.5,9.476699829101562,N/A,65444,12.851200103759766,3.3703200817108154,0.2860200107097626
2014,10,23,9,0,0.8283669948577881,10.508899688720703,267.5,9.45009994506836,N/A,58396,12.851200103759766,3.2251899242401123,0.274370014667511
2014,10,23,12,0,0.8203480243682861,10.393899917602539,267.5,9.49209976196289,N/A,51612,12.851200103759766,3.0575499534606934,0.2605299949645996
2014,10,23,15,0,0.8103860020637512,10.283599853515625,262.5,9.30720043182373,N/A,48089,11.682900428771973,2.973170042037964,0.2593599855899811
2014,10,23,18,0,0.7973729968070984,10.175600051879883,262.5,9.349599838256836,N/A,42776,11.682900428771973,2.8269898891448975,0.2493000030517578
2014,10,23,21,0,0.8028560280799866,10.135499954223633,262.5,9.315199851989746,N/A,40335,11.682900428771973,2.754009962081909,0.2458599954843521
2014,10,24,0,0,0.8199290037155151,10.128800392150879,262.5,9.40429973602295,N/A,37715,11.682900428771973,2.665869951248169,0.2400899976491928
2014,10,24,3,0,0.8348150253295898,10.126799583435059,262.5,9.450699806213379,N/A,36835,11.682900428771973,2.635970115661621,0.2359600067138672
2014,10,24,6,0,0.8343799710273743,10.0246000289917,262.5,9.352899551391602,N/A,33599,11.682900428771973,2.533099889755249,0.23951999843120575
2014,10,24,9,0,0.8324499726295471,9.917400360107422,257.5,9.232199668884277,N/A,29966,10.620800018310547,2.407409906387329,0.24529999494552612
2014,10,24,12,0,0.8437619805335999,9.949399948120117,262.5,9.235600471496582,N/A,28409,10.620800018310547,2.3382198810577393,0.2506699860095978
2014,10,24,15,0,0.8563219904899597,10.008299827575684,262.5,9.253100395202637,N/A,27222,10.620800018310547,2.2790699005126953,0.2573400139808655
2014,10,24,18,0,0.860381007194519,10.00100040435791,262.5,9.166000366210938,N/A,25262,10.620800018310547,2.194459915161133,0.26978999376296997
2014,10,24,21,0,0.8751699924468994,10.268699645996094,262.5,9.165900230407715,N/A,26799,11.682900428771973,2.2203400135040283,0.2836500108242035
2014,10,25,0,0,0.8839889764785767,10.329299926757812,267.5,8.323800086975098,N/A,32281,12.851200103759766,2.4147300720214844,0.33324000239372253
2014,10,25,3,0,0.9039739966392517,10.785799980163574,272.5,9.093299865722656,N/A,36730,12.851200103759766,2.511460065841675,0.2971799969673157
2014,10,25,6,0,0.9155179858207703,10.82349967956543,272.5,9.216500282287598,N/A,36255,12.851200103759766,2.493540048599243,0.2796899974346161
2014,10,25,9,0,0.8659330010414124,9.423800468444824,272.5,6.932000160217285,N/A,34289,11.682900428771973,2.613610029220581,0.40547001361846924
2014,10,25,12,0,0.8306059837341309,8.933899879455566,277.5,6.589600086212158,N/A,29059,11.682900428771973,2.4803199768066406,0.4289399981498718
2014,10,25,15,0,0.7340589761734009,7.667600154876709,267.5,5.457900047302246,N/A,31010,11.682900428771973,2.7800400257110596,0.518559992313385
2014,10,25,18,0,0.7563859820365906,9.0423002243042,227.5,8.100099563598633,N/A,54290,10.620800018310547,3.4156899452209473,0.290039986371994
2014,10,25,21,0,0.7687910199165344,9.901800155639648,222.5,9.181500434875488,N/A,51621,10.620800018310547,3.1604199409484863,0.24831999838352203
2014,10,26,0,0,0.7810379862785339,10.288700103759766,217.5,9.617400169372559,N/A,50229,11.682900428771973,3.0472300052642822,0.23161999881267548
2014,10,26,3,0,0.7472519874572754,8.830100059509277,252.5,7.860099792480469,N/A,88840,9.655200004577637,4.425749778747559,0.30167001485824585
2014,10,26,6,0,0.8008620142936707,9.191200256347656,262.5,8.332500457763672,N/A,97782,9.655200004577637,4.546989917755127,0.27239999175071716
2014,10,26,9,0,0.7799540162086487,9.459500312805176,257.5,8.538800239562988,N/A,68724,9.655200004577637,3.742919921875,0.27744001150131226
2014,10,26,12,0,0.7601720094680786,9.557900428771973,252.5,8.52280044555664,N/A,50928,9.655200004577637,3.1974799633026123,0.29023998975753784
2014,10,26,15,0,0.760453999042511,9.505000114440918,247.5,8.554499626159668,N/A,40982,11.682900428771973,2.8796000480651855,0.2830199897289276
2014,10,26,18,0,0.7840269804000854,9.20359992980957,252.5,8.17549991607666,N/A,34505,10.620800018310547,2.696589946746826,0.2836099863052368
2014,10,26,21,0,0.8266500234603882,9.26099967956543,262.5,8.317700386047363,N/A,34396,10.620800018310547,2.6874399185180664,0.2672800123691559
2014,10,27,0,0,0.8447070121765137,9.316499710083008,267.5,8.537400245666504,N/A,28671,10.620800018310547,2.449810028076172,0.24909000098705292
2014,10,27,3,0,0.8579660058021545,9.215900421142578,272.5,8.52910041809082,N/A,23588,9.655200004577637,2.2390899658203125,0.24365000426769257
2014,10,27,6,0,0.851347029209137,9.01159954071045,272.5,8.349499702453613,N/A,18228,9.655200004577637,1.9941400289535522,0.2529599964618683
2014,10,27,9,0,0.8457059860229492,8.858599662780762,272.5,8.18910026550293,N/A,14712,9.655200004577637,1.8086199760437012,0.2643600106239319
2014,10,27,12,0,0.8401830196380615,8.606499671936035,272.5,7.673099994659424,N/A,12086,9.655200004577637,1.664929986000061,0.2890999913215637
2014,10,27,15,0,0.8241239786148071,7.936100006103516,272.5,6.532800197601318,N/A,10738,8.77750015258789,1.636489987373352,0.3609899878501892
2014,10,27,18,0,0.7605010271072388,7.123600006103516,262.5,5.617400169372559,N/A,9701,8.77750015258789,1.6438000202178955,0.4290600121021271
2014,10,27,21,0,0.6693379878997803,6.155700206756592,232.5,4.907400131225586,N/A,10315,8.77750015258789,1.8289999961853027,0.4633199870586395
2014,10,28,0,0,0.7430099844932556,6.059299945831299,197.5,4.954999923706055,N/A,11521,7.979499816894531,1.95346999168396,0.4269999861717224
2014,10,28,3,0,0.8607109785079956,6.848700046539307,202.5,5.781499862670898,N/A,23044,7.979499816894531,2.601140022277832,0.3548299968242645
2014,10,28,6,0,0.8853470087051392,8.273699760437012,212.5,7.104899883270264,N/A,57048,10.620800018310547,3.6848199367523193,0.32023999094963074
2014,10,28,9,0,0.8906329870223999,8.741900444030762,212.5,7.666299819946289,N/A,84305,10.620800018310547,4.341179847717285,0.299699991941452
2014,10,28,12,0,0.875216007232666,9.152400016784668,212.5,8.140999794006348,N/A,83845,10.620800018310547,4.215109825134277,0.28810998797416687
2014,10,28,15,0,0.8523110151290894,9.449399948120117,217.5,8.397899627685547,N/A,73724,10.620800018310547,3.8721399307250977,0.29377999901771545
2014,10,28,18,0,0.8462340235710144,9.481200218200684,227.5,8.229599952697754,N/A,66614,10.620800018310547,3.663680076599121,0.3154900074005127
2014,10,28,21,0,0.8593639731407166,9.412099838256836,232.5,8.1806001663208,N/A,75080,11.682900428771973,3.903330087661743,0.32168999314308167
2014,10,29,0,0,0.8693180084228516,9.778400421142578,237.5,8.623600006103516,N/A,78518,11.682900428771973,3.9049201011657715,0.30351001024246216
2014,10,29,3,0,0.8765730261802673,9.950799942016602,237.5,8.728099822998047,N/A,76325,11.682900428771973,3.8062000274658203,0.3048799932003021
2014,10,29,6,0,0.8824380040168762,9.88479995727539,242.5,8.586799621582031,N/A,73821,12.851200103759766,3.7548999786376953,0.3124699890613556
2014,10,29,9,0,0.8914719820022583,9.90820026397705,242.5,8.689399719238281,N/A,65910,11.682900428771973,3.5463099479675293,0.3023799955844879
2014,10,29,12,0,0.8999770283699036,9.975600242614746,242.5,8.86970043182373,N/A,54749,11.682900428771973,3.2249999046325684,0.2842000126838684
2014,10,29,15,0,0.9087989926338196,9.994999885559082,242.5,9.04889965057373,N/A,46932,11.682900428771973,2.987879991531372,0.2663800120353699
2014,10,29,18,0,0.9155359864234924,9.98960018157959,242.5,9.162099838256836,N/A,41031,11.682900428771973,2.7987499237060547,0.2528499960899353
2014,10,29,21,0,0.9178199768066406,9.924500465393066,247.5,9.189800262451172,N/A,35812,11.682900428771973,2.628079891204834,0.24410000443458557
2014,10,30,0,0,0.9179540276527405,9.775099754333496,247.5,9.08080005645752,N/A,30737,10.620800018310547,2.4594600200653076,0.2405800074338913
2014,10,30,3,0,0.9151239991188049,9.585800170898438,247.5,8.91100025177002,N/A,25692,10.620800018310547,2.277169942855835,0.23984000086784363
2014,10,30,6,0,0.9111899733543396,9.291999816894531,247.5,8.527799606323242,N/A,20429,10.620800018310547,2.0680699348449707,0.25485000014305115
2014,10,30,9,0,0.88817298412323,8.49530029296875,247.5,6.848999977111816,N/A,15419,10.620800018310547,1.8845200538635254,0.34380000829696655
2014,10,30,12,0,0.831013023853302,7.3420000076293945,237.5,5.560999870300293,N/A,11968,10.620800018310547,1.7930400371551514,0.4377000033855438
2014,10,30,15,0,0.8623179793357849,7.123600006103516,222.5,5.774499893188477,N/A,13170,8.77750015258789,1.9188400506973267,0.3949800133705139
2014,10,30,18,0,0.8954960107803345,7.574100017547607,217.5,6.452000141143799,N/A,20205,8.77750015258789,2.3062000274658203,0.3421599864959717
2014,10,30,21,0,0.8474820256233215,8.242899894714355,227.5,7.070499897003174,N/A,21647,8.77750015258789,2.271620035171509,0.3513000011444092
2014,10,31,0,0,0.8127020001411438,9.175600051879883,237.5,8.101799964904785,N/A,23172,8.77750015258789,2.2060999870300293,0.33629998564720154
2014,10,31,3,0,0.8157240152359009,9.74470043182373,252.5,8.679499626159668,N/A,26665,8.77750015258789,2.2784600257873535,0.33017000555992126
2014,10,31,6,0,0.8370910286903381,10.009400367736816,257.5,8.912699699401855,N/A,29331,14.136300086975098,2.3486499786376953,0.3239099979400635
2014,10,31,9,0,0.8557630181312561,10.213899612426758,262.5,9.088500022888184,N/A,30516,14.136300086975098,2.3666300773620605,0.3164199888706207
2014,10,31,12,0,0.8795580267906189,10.62399959564209,267.5,9.40880012512207,N/A,32724,12.851200103759766,2.3933498859405518,0.3182600140571594
2014,10,31,15,0,0.903590977191925,11.137700080871582,272.5,9.89330005645752,N/A,38607,12.851200103759766,2.5264298915863037,0.30790001153945923
2014,10,31,18,0,0.9150599837303162,11.44260025024414,272.5,10.122599601745605,N/A,40890,15.550000190734863,2.5556399822235107,0.3029100000858307
2014,10,31,21,0,0.9214360117912292,11.547200202941895,272.5,10.129899978637695,N/A,42376,14.136300086975098,2.584929943084717,0.2987000048160553
2014,11,1,0,0,0.9255499839782715,11.577099800109863,272.5,10.332300186157227,N/A,42755,14.136300086975098,2.5935699939727783,0.28282999992370605
2014,11,1,3,0,0.9258120059967041,11.447099685668945,272.5,10.326299667358398,N/A,40665,14.136300086975098,2.5491600036621094,0.272599995136261
2014,11,1,6,0,0.9233220219612122,11.238699913024902,272.5,10.206299781799316,N/A,37024,12.851200103759766,2.462239980697632,0.26638999581336975
2014,11,1,9,0,0.9194869995117188,11.031000137329102,272.5,10.058500289916992,N/A,33008,12.851200103759766,2.353450059890747,0.2623099982738495
2014,11,1,12,0,0.914222002029419,10.8193998336792,272.5,9.889900207519531,N/A,28838,12.851200103759766,2.2277700901031494,0.2592200040817261
2014,11,1,15,0,0.9081829786300659,10.611300468444824,272.5,9.719099998474121,N/A,24942,12.851200103759766,2.0986199378967285,0.2563000023365021
2014,11,1,18,0,0.9019669890403748,10.298800468444824,267.5,9.453700065612793,N/A,20741,11.682900428771973,1.9518500566482544,0.2559100091457367
2014,11,1,21,0,0.9012939929962158,10.059599876403809,272.5,9.296500205993652,N/A,19286,11.682900428771973,1.9129799604415894,0.24751999974250793
2014,11,2,0,0,0.8933659791946411,9.666000366210938,272.5,8.617400169372559,N/A,15818,11.682900428771973,1.7745599746704102,0.268449991941452
2014,11,2,3,0,0.8883280158042908,9.079299926757812,267.5,7.571899890899658,N/A,13438,10.620800018310547,1.6929899454116821,0.32389000058174133
2014,11,2,6,0,0.8804709911346436,8.865400314331055,267.5,7.609499931335449,N/A,10805,10.620800018310547,1.539639949798584,0.32822999358177185
2014,11,2,9,0,0.8725730180740356,8.902700424194336,267.5,7.730800151824951,N/A,9258,10.620800018310547,1.4220600128173828,0.3254700005054474
2014,11,2,12,0,0.8663510084152222,8.97189998626709,272.5,7.508999824523926,N/A,9808,10.620800018310547,1.457859992980957,0.3273099958896637
2014,11,2,15,0,0.8429660201072693,8.066900253295898,272.5,6.158699989318848,N/A,12228,9.655200004577637,1.723520040512085,0.40397000312805176
2014,11,2,18,0,0.7850289940834045,7.238500118255615,267.5,5.5883002281188965,N/A,15074,9.655200004577637,2.026900053024292,0.44273999333381653
2014,11,2,21,0,0.7598180174827576,7.277100086212158,262.5,5.787499904632568,N/A,17482,9.655200004577637,2.1737499237060547,0.4352700114250183
2014,11,3,0,0,0.8394899964332581,8.828800201416016,272.5,7.3607001304626465,N/A,21526,9.655200004577637,2.1635499000549316,0.37926000356674194
2014,11,3,3,0,0.891855001449585,9.892999649047852,277.5,8.580699920654297,N/A,27939,11.682900428771973,2.3083600997924805,0.3344700038433075
2014,11,3,6,0,0.9025570154190063,10.33549976348877,277.5,9.078200340270996,N/A,32040,11.682900428771973,2.4082798957824707,0.31755998730659485
2014,11,3,9,0,0.9140009880065918,10.790499687194824,282.5,9.5826997756958,N/A,37637,12.851200103759766,2.543489933013916,0.29774001240730286
2014,11,3,12,0,0.9159719944000244,10.83590030670166,282.5,9.176199913024902,N/A,40589,12.851200103759766,2.62992000579834,0.3142400085926056
2014,11,3,15,0,0.9114199876785278,10.573100090026855,277.5,8.628199577331543,N/A,41993,12.851200103759766,2.708019971847534,0.34586000442504883
2014,11,3,18,0,0.8791459798812866,9.697400093078613,277.5,7.279200077056885,N/A,43524,14.136300086975098,2.8861401081085205,0.422760009765625
2014,11,3,21,0,0.7982310056686401,8.685199737548828,262.5,6.9583001136779785,N/A,54866,14.136300086975098,3.4664199352264404,0.42267000675201416
2014,11,4,0,0,0.7658830285072327,8.370699882507324,242.5,7.13040018081665,N/A,73066,8.77750015258789,4.11939001083374,0.36434999108314514
2014,11,4,3,0,0.7804359793663025,8.913599967956543,237.5,7.943299770355225,N/A,91253,9.655200004577637,4.4611101150512695,0.30493998527526855
2014,11,4,6,0,0.7627999782562256,9.652799606323242,247.5,8.824600219726562,N/A,73069,9.655200004577637,3.8125500679016113,0.2734600007534027
2014,11,4,9,0,0.7596510052680969,9.884400367736816,247.5,9.155400276184082,N/A,60856,9.655200004577637,3.4342799186706543,0.2557399868965149
2014,11,4,12,0,0.7591140270233154,10.038800239562988,247.5,9.356300354003906,N/A,54645,9.655200004577637,3.2261199951171875,0.24624000489711761
2014,11,4,15,0,0.7587990164756775,10.187299728393555,247.5,9.46500015258789,N/A,54699,9.655200004577637,3.197740077972412,0.24652999639511108
2014,11,4,18,0,0.7621840238571167,9.952400207519531,252.5,9.01669979095459,N/A,53263,9.655200004577637,3.194659948348999,0.2708300054073334
2014,11,4,21,0,0.7687709927558899,10.071800231933594,252.5,9.265399932861328,N/A,48895,9.655200004577637,3.0408599376678467,0.25894999504089355
2014,11,5,0,0,0.7873799800872803,10.340900421142578,262.5,9.59179973602295,N/A,49283,11.682900428771973,3.00393009185791,0.24785000085830688
2014,11,5,3,0,0.8061509728431702,10.444700241088867,267.5,9.765199661254883,N/A,50531,11.682900428771973,3.0249500274658203,0.2351900041103363
2014,11,5,6,0,0.8070470094680786,10.24899959564209,267.5,9.584199905395508,N/A,42647,11.682900428771973,2.812809944152832,0.23654000461101532
2014,11,5,9,0,0.8293560147285461,10.18649959564209,267.5,9.518600463867188,N/A,38573,10.620800018310547,2.685389995574951,0.23814000189304352
2014,11,5,12,0,0.8410999774932861,10.048800468444824,267.5,9.353799819946289,N/A,34010,10.620800018310547,2.5427699089050293,0.24124999344348907
2014,11,5,15,0,0.8431850075721741,9.70740032196045,267.5,8.535499572753906,N/A,27871,10.620800018310547,2.3458399772644043,0.2762500047683716
2014,11,5,18,0,0.7811859846115112,8.527299880981445,252.5,7.096399784088135,N/A,26798,10.620800018310547,2.4714200496673584,0.34961000084877014
2014,11,5,21,0,0.7648919820785522,8.061699867248535,237.5,6.890600204467773,N/A,29877,8.77750015258789,2.7007100582122803,0.3395400047302246
2014,11,6,0,0,0.7753720283508301,8.021900177001953,232.5,6.902299880981445,N/A,27875,7.979499816894531,2.618079900741577,0.33621999621391296
2014,11,6,3,0,0.7874209880828857,8.324700355529785,232.5,7.311600208282471,N/A,25847,8.77750015258789,2.4719901084899902,0.31622999906539917
2014,11,6,6,0,0.8112229704856873,8.553600311279297,237.5,7.628799915313721,N/A,23221,9.655200004577637,2.309999942779541,0.29826998710632324
2014,11,6,9,0,0.8401749730110168,8.649100303649902,237.5,7.607699871063232,N/A,24177,10.620800018310547,2.341439962387085,0.29965001344680786
2014,11,6,12,0,0.842432975769043,7.973400115966797,232.5,6.680799961090088,N/A,35782,10.620800018310547,2.9728798866271973,0.3513300120830536
2014,11,6,15,0,0.8578969836235046,8.075699806213379,217.5,7.041500091552734,N/A,67957,9.655200004577637,4.079080104827881,0.3147599995136261
2014,11,6,18,0,0.902642011642456,9.093999862670898,222.5,8.074899673461914,N/A,133932,10.620800018310547,5.35044002532959,0.28262001276016235
2014,11,6,21,0,0.9045249819755554,9.914999961853027,237.5,9.102499961853027,N/A,165113,10.620800018310547,5.645009994506836,0.2491299957036972
2014,11,7,0,0,0.8633639812469482,9.964300155639648,257.5,9.121199607849121,N/A,143816,10.620800018310547,5.248479843139648,0.2542400062084198
2014,11,7,3,0,0.8385900259017944,10.127400398254395,272.5,9.356599807739258,N/A,121138,11.682900428771973,4.774489879608154,0.23800000548362732
2014,11,7,6,0,0.8021889925003052,9.656499862670898,267.5,8.940099716186523,N/A,70670,10.620800018310547,3.761460065841675,0.2381799966096878
2014,11,7,9,0,0.8041750192642212,9.595600128173828,257.5,8.953499794006348,N/A,48661,10.620800018310547,3.136120080947876,0.23177999258041382
2014,11,7,12,0,0.8080620169639587,9.541099548339844,252.5,8.944899559020996,N/A,37216,10.620800018310547,2.7532899379730225,0.22901000082492828
2014,11,7,15,0,0.8166450262069702,9.48840045928955,252.5,8.892900466918945,N/A,30257,10.620800018310547,2.490950107574463,0.23378999531269073
2014,11,7,18,0,0.8262929916381836,9.442700386047363,247.5,8.826399803161621,N/A,25224,10.620800018310547,2.2809500694274902,0.24381999671459198
2014,11,7,21,0,0.8376749753952026,9.397600173950195,247.5,8.754500389099121,N/A,21149,10.620800018310547,2.0944900512695312,0.25422000885009766
2014,11,8,0,0,0.8484399914741516,9.313400268554688,242.5,8.658499717712402,N/A,17581,10.620800018310547,1.9197499752044678,0.2585200071334839
2014,11,8,3,0,0.8613749742507935,9.285699844360352,242.5,8.607500076293945,N/A,14750,10.620800018310547,1.7605299949645996,0.26308000087738037
2014,11,8,6,0,0.87534099817276,9.40839958190918,242.5,8.688400268554688,N/A,13982,9.655200004577637,1.6980799436569214,0.2690500020980835
2014,11,8,9,0,0.8944299817085266,9.722299575805664,247.5,8.962300300598145,N/A,15965,9.655200004577637,1.776319980621338,0.2672800123691559
2014,11,8,12,0,0.9165610074996948,10.055800437927246,247.5,9.286700248718262,N/A,19249,11.682900428771973,1.9104900360107422,0.2585600018501282
2014,11,8,15,0,0.931128978729248,10.25,252.5,9.493499755859375,N/A,21910,11.682900428771973,2.0157198905944824,0.25262001156806946
2014,11,8,18,0,0.9389359951019287,10.343799591064453,252.5,9.594900131225586,N/A,23697,11.682900428771973,2.085710048675537,0.25161001086235046
2014,11,8,21,0,0.9427890181541443,10.347800254821777,252.5,9.596699714660645,N/A,24057,11.682900428771973,2.1012399196624756,0.252920001745224
2014,11,9,0,0,0.9441710114479065,10.324899673461914,252.5,9.546799659729004,N/A,23086,11.682900428771973,2.060149908065796,0.2581999897956848
2014,11,9,3,0,0.9416720271110535,10.509099960327148,257.5,9.658100128173828,N/A,23800,11.682900428771973,2.066499948501587,0.26809999346733093
2014,11,9,6,0,0.9383689761161804,10.82979965209961,257.5,9.892000198364258,N/A,26146,11.682900428771973,2.1229300498962402,0.2747499942779541
2014,11,9,9,0,0.9225209951400757,9.944000244140625,262.5,7.3379998207092285,N/A,29877,14.136300086975098,2.3640799522399902,0.40191999077796936
2014,11,9,12,0,0.9064880013465881,9.021300315856934,257.5,7.553999900817871,N/A,43956,12.851200103759766,3.0473198890686035,0.3871400058269501
2014,11,9,15,0,0.9097729921340942,8.660699844360352,267.5,7.2027997970581055,N/A,62980,12.851200103759766,3.740139961242676,0.39146000146865845
2014,11,9,18,0,0.9242810010910034,9.065199851989746,277.5,8.003499984741211,N/A,90833,9.655200004577637,4.406290054321289,0.3174099922180176
2014,11,9,21,0,0.9286739826202393,9.325799942016602,282.5,8.288700103759766,N/A,96025,9.655200004577637,4.4581499099731445,0.30632999539375305
2014,11,10,0,0,0.9305539727210999,9.538200378417969,282.5,8.492600440979004,N/A,76163,10.620800018310547,3.9173500537872314,0.3046500086784363
2014,11,10,3,0,0.9382100105285645,9.890399932861328,282.5,8.916799545288086,N/A,60562,9.655200004577637,3.4194600582122803,0.2956700026988983
2014,11,10,6,0,0.9446229934692383,10.28689956665039,282.5,9.324600219726562,N/A,52445,10.620800018310547,3.106950044631958,0.2931100130081177
2014,11,10,9,0,0.944549024105072,10.347700119018555,282.5,9.381999969482422,N/A,43782,10.620800018310547,2.827889919281006,0.29377999901771545
2014,11,10,12,0,0.9391270279884338,10.398099899291992,282.5,9.296199798583984,N/A,34059,10.620800018310547,2.4818999767303467,0.3125300109386444
2014,11,10,15,0,0.9389330148696899,10.427399635314941,282.5,9.099900245666504,N/A,29745,12.851200103759766,2.3122200965881348,0.3217400014400482
2014,11,10,18,0,0.9357450008392334,10.456700325012207,282.5,9.244099617004395,N/A,25613,14.136300086975098,2.1421499252319336,0.32168999314308167
2014,11,10,21,0,0.9318779706954956,10.523300170898438,282.5,9.293600082397461,N/A,22383,12.851200103759766,1.9946600198745728,0.32580000162124634
2014,11,11,0,0,0.9275659918785095,10.565699577331543,277.5,9.238200187683105,N/A,19370,12.851200103759766,1.851539969444275,0.3335300087928772
2014,11,11,3,0,0.9174900054931641,10.223999977111816,277.5,8.07610034942627,N/A,16816,12.851200103759766,1.756350040435791,0.37755998969078064
2014,11,11,6,0,0.8995760083198547,9.733799934387207,277.5,6.8755998611450195,N/A,14772,12.851200103759766,1.6891599893569946,0.446289986371994
2014,11,11,9,0,0.8376399874687195,8.650199890136719,277.5,5.6178998947143555,N/A,14956,11.682900428771973,1.8053799867630005,0.5659999847412109
2014,11,11,12,0,0.7160279750823975,7.403299808502197,282.5,4.7256999015808105,N/A,16199,18.81559944152832,2.034590005874634,0.6873700022697449
2014,11,11,15,0,0.7094780206680298,7.8454999923706055,282.5,4.938199996948242,N/A,19958,17.104999542236328,2.1778600215911865,0.6976400017738342
2014,11,11,18,0,0.758853018283844,8.58590030670166,282.5,5.175099849700928,N/A,22988,17.104999542236328,2.215440034866333,0.6827200055122375
2014,11,11,21,0,0.7522919774055481,8.73900032043457,287.5,5.3368000984191895,N/A,25406,17.104999542236328,2.305150032043457,0.6662399768829346
2014,11,12,0,0,0.8003360033035278,9.418000221252441,282.5,5.548999786376953,N/A,25543,17.104999542236328,2.215369939804077,0.6372500061988831
2014,11,12,3,0,0.8140990138053894,9.824700355529785,282.5,5.80049991607666,N/A,26335,17.104999542236328,2.1994400024414062,0.6119400262832642
2014,11,12,6,0,0.8008750081062317,9.937100410461426,282.5,5.946100234985352,N/A,27129,17.104999542236328,2.221100091934204,0.6020500063896179
2014,11,12,9,0,0.768330991268158,9.743200302124023,282.5,5.928299903869629,N/A,27270,17.104999542236328,2.2528200149536133,0.6102200150489807
2014,11,12,12,0,0.7529659867286682,10.03279972076416,277.5,6.201099872589111,N/A,26827,17.104999542236328,2.201580047607422,0.5816599726676941
2014,11,12,15,0,0.7347580194473267,10.02239990234375,282.5,6.300300121307373,N/A,26330,17.104999542236328,2.182770013809204,0.5719599723815918
2014,11,12,18,0,0.7094730138778687,9.56350040435791,277.5,5.979300022125244,N/A,25960,17.104999542236328,2.2211899757385254,0.5906699895858765
2014,11,12,21,0,0.6457160115242004,8.760000228881836,282.5,5.666200160980225,N/A,26111,17.104999542236328,2.33882999420166,0.6165500283241272
2014,11,13,0,0,0.6511480212211609,8.72599983215332,277.5,5.584700107574463,N/A,24355,17.104999542236328,2.261780023574829,0.6159800291061401
2014,11,13,3,0,0.6426479816436768,8.945899963378906,277.5,5.859099864959717,N/A,21550,15.550000190734863,2.1031699180603027,0.5802299976348877
2014,11,13,6,0,0.5949370265007019,7.9105000495910645,267.5,5.130099773406982,N/A,20101,15.550000190734863,2.172689914703369,0.6334499716758728
2014,11,13,9,0,0.5597429871559143,7.976399898529053,247.5,5.589900016784668,N/A,18867,15.550000190734863,2.107100009918213,0.5760200023651123
2014,11,13,12,0,0.5713059902191162,7.741099834442139,247.5,5.276100158691406,N/A,16855,15.550000190734863,2.021739959716797,0.5996000170707703
2014,11,13,15,0,0.5486220121383667,7.578100204467773,242.5,5.300000190734863,N/A,17218,15.550000190734863,2.071500062942505,0.58992999792099
2014,11,13,18,0,0.6110079884529114,8.033599853515625,247.5,5.367000102996826,N/A,15228,15.550000190734863,1.8822400569915771,0.5931100249290466
2014,11,13,21,0,0.6601769924163818,8.344200134277344,247.5,5.4781999588012695,N/A,15204,14.136300086975098,1.8418899774551392,0.5824900269508362
2014,11,14,0,0,0.755515992641449,9.56760025024414,247.5,6.490499973297119,N/A,15720,14.136300086975098,1.7422599792480469,0.4897499978542328
2014,11,14,3,0,0.818801999092102,10.582099914550781,242.5,8.15939998626709,N/A,19410,14.136300086975098,1.8382999897003174,0.3780499994754791
2014,11,14,6,0,0.8546710014343262,10.956999778747559,242.5,9.177399635314941,N/A,24097,14.136300086975098,2.0128300189971924,0.31411999464035034
2014,11,14,9,0,0.8706439733505249,10.977899551391602,242.5,9.587499618530273,N/A,25894,12.851200103759766,2.0886499881744385,0.2810400128364563
2014,11,14,12,0,0.8671960234642029,10.644599914550781,237.5,9.224499702453613,N/A,23654,12.851200103759766,2.0352001190185547,0.28571000695228577
2014,11,14,15,0,0.8626149892807007,10.440799713134766,242.5,8.935400009155273,N/A,22224,12.851200103759766,1.996109962463379,0.2918199896812439
2014,11,14,18,0,0.866083025932312,10.299500465393066,242.5,8.840200424194336,N/A,20123,11.682900428771973,1.917449951171875,0.2863999903202057
2014,11,14,21,0,0.8587859869003296,9.840100288391113,242.5,7.7108001708984375,N/A,19779,11.682900428771973,1.9494600296020508,0.3332799971103668
2014,11,15,0,0,0.8628140091896057,9.773300170898438,247.5,7.84250020980835,N/A,19138,11.682900428771973,1.9295599460601807,0.31782999634742737
2014,11,15,3,0,0.8628730177879333,9.637700080871582,247.5,7.912899971008301,N/A,17012,10.620800018310547,1.8369799852371216,0.310589998960495
2014,11,15,6,0,0.8654890060424805,9.665200233459473,247.5,8.30679988861084,N/A,14909,10.620800018310547,1.7194099426269531,0.2919900119304657
2014,11,15,9,0,0.8654999732971191,9.562199592590332,247.5,8.334500312805176,N/A,12754,10.620800018310547,1.600559949874878,0.2933099865913391
2014,11,15,12,0,0.8605939745903015,9.447099685668945,247.5,7.989299774169922,N/A,11216,9.655200004577637,1.5086499452590942,0.3184199929237366
2014,11,15,15,0,0.8534830212593079,9.273300170898438,252.5,7.464000225067139,N/A,10126,9.655200004577637,1.4448200464248657,0.3529999852180481
2014,11,15,18,0,0.8421080112457275,8.942899703979492,252.5,6.7434000968933105,N/A,9342,9.655200004577637,1.4115999937057495,0.39976000785827637
2014,11,15,21,0,0.8344029784202576,8.881199836730957,252.5,6.3917999267578125,N/A,9074,12.851200103759766,1.3918700218200684,0.4285399913787842
2014,11,16,0,0,0.8324970006942749,8.89169979095459,252.5,6.321899890899658,N/A,8448,12.851200103759766,1.341439962387085,0.43053001165390015
2014,11,16,3,0,0.8254789710044861,8.766400337219238,252.5,6.10860013961792,N/A,8183,11.682900428771973,1.331089973449707,0.4398899972438812
2014,11,16,6,0,0.8483740091323853,9.364399909973145,252.5,7.253799915313721,N/A,7617,11.682900428771973,1.2430800199508667,0.36180999875068665
2014,11,16,9,0,0.8246080279350281,9.10509967803955,252.5,7.151100158691406,N/A,7572,11.682900428771973,1.2606099843978882,0.3641499876976013
2014,11,16,12,0,0.8061519861221313,8.897100448608398,247.5,7.132299900054932,N/A,6829,11.682900428771973,1.21465003490448,0.3610199987888336
2014,11,16,15,0,0.7957159876823425,8.402700424194336,247.5,6.199900150299072,N/A,5783,10.620800018310547,1.1529500484466553,0.4101099967956543
2014,11,16,18,0,0.7822340130805969,7.935100078582764,247.5,5.477099895477295,N/A,4996,10.620800018310547,1.104349970817566,0.46219998598098755
2014,11,16,21,0,0.7643589973449707,7.500500202178955,247.5,5.053299903869629,N/A,4411,10.620800018310547,1.0693800449371338,0.500220000743866
2014,11,17,0,0,0.8101450204849243,8.206100463867188,247.5,5.953400135040283,N/A,3695,9.655200004577637,0.934939980506897,0.42337000370025635
2014,11,17,3,0,0.8073040246963501,8.139900207519531,242.5,5.71120023727417,N/A,3623,9.655200004577637,0.9271799921989441,0.45879000425338745
2014,11,17,6,0,0.8460609912872314,9.040200233459473,247.5,6.13129997253418,N/A,4776,14.136300086975098,0.9956600069999695,0.47088998556137085
2014,11,17,9,0,0.9168519973754883,10.798600196838379,257.5,8.026100158691406,N/A,9080,14.136300086975098,1.238860011100769,0.35951000452041626
2014,11,17,12,0,0.9451500177383423,11.278499603271484,257.5,9.177200317382812,N/A,13574,12.851200103759766,1.4830600023269653,0.2833699882030487
2014,11,17,15,0,0.9458690285682678,10.928899765014648,257.5,9.222200393676758,N/A,15038,12.851200103759766,1.5959899425506592,0.26695001125335693
2014,11,17,18,0,0.9300770163536072,10.366499900817871,257.5,8.936200141906738,N/A,13567,11.682900428771973,1.567330002784729,0.2774200141429901
2014,11,17,21,0,0.9119489789009094,9.888500213623047,257.5,8.508399963378906,N/A,11013,11.682900428771973,1.4544299840927124,0.2904700040817261
2014,11,18,0,0,0.8855530023574829,9.357399940490723,252.5,8.067299842834473,N/A,9282,11.682900428771973,1.3805500268936157,0.30555999279022217
2014,11,18,3,0,0.8598099946975708,8.884699821472168,242.5,7.526899814605713,N/A,8095,10.620800018310547,1.32955002784729,0.3206999897956848
2014,11,18,6,0,0.8522700071334839,8.693499565124512,237.5,7.2708001136779785,N/A,7820,10.620800018310547,1.325659990310669,0.3174099922180176
2014,11,18,9,0,0.8668799996376038,8.574799537658691,227.5,7.3069000244140625,N/A,7861,9.655200004577637,1.342519998550415,0.30149999260902405
2014,11,18,12,0,0.881771981716156,8.376099586486816,222.5,7.419099807739258,N/A,7962,9.655200004577637,1.3707300424575806,0.28810998797416687
2014,11,18,15,0,0.8908590078353882,8.226200103759766,217.5,7.300099849700928,N/A,7493,9.655200004577637,1.3439799547195435,0.2867699861526489
2014,11,18,18,0,0.9046339988708496,8.164199829101562,217.5,7.30019998550415,N/A,6853,8.77750015258789,1.2913600206375122,0.2829299867153168
2014,11,18,21,0,0.9086610078811646,7.972599983215332,217.5,7.063399791717529,N/A,6742,8.77750015258789,1.2964400053024292,0.3016499876976013
2014,11,19,0,0,0.9163249731063843,7.9745001792907715,217.5,7.0731000900268555,N/A,7444,8.77750015258789,1.3593599796295166,0.3157599866390228
2014,11,19,3,0,0.9294589757919312,8.627900123596191,217.5,7.622099876403809,N/A,9618,8.77750015258789,1.4745399951934814,0.3162899911403656
2014,11,19,6,0,0.9474200010299683,9.36359977722168,222.5,8.296500205993652,N/A,14141,11.682900428771973,1.703660011291504,0.2983799874782562
2014,11,19,9,0,0.954226016998291,9.60789966583252,222.5,8.388699531555176,N/A,19178,11.682900428771973,1.9534399509429932,0.2942599952220917
2014,11,19,12,0,0.9568060040473938,9.796899795532227,222.5,8.713899612426758,N/A,22627,11.682900428771973,2.099139928817749,0.2787199914455414
2014,11,19,15,0,0.9543330073356628,9.91510009765625,217.5,8.850500106811523,N/A,24517,11.682900428771973,2.169909954071045,0.2731199860572815
2014,11,19,18,0,0.9500110149383545,9.939599990844727,217.5,8.72439956665039,N/A,25450,11.682900428771973,2.206589937210083,0.27963000535964966
2014,11,19,21,0,0.9441699981689453,10.105999946594238,217.5,8.97130012512207,N/A,26715,11.682900428771973,2.239190101623535,0.27270999550819397
2014,11,20,0,0,0.9397339820861816,10.334799766540527,217.5,9.479999542236328,N/A,28489,11.682900428771973,2.285370111465454,0.2541700005531311
2014,11,20,3,0,0.9245849847793579,10.416099548339844,222.5,9.571499824523926,N/A,30539,11.682900428771973,2.3561298847198486,0.25609999895095825
2014,11,20,6,0,0.8933539986610413,9.327500343322754,222.5,7.605299949645996,N/A,40462,11.682900428771973,2.8773999214172363,0.36236000061035156
2014,11,20,9,0,0.8641480207443237,8.961700439453125,222.5,7.424099922180176,N/A,49892,11.682900428771973,3.2748100757598877,0.36125999689102173
2014,11,20,12,0,0.8101040124893188,9.425999641418457,227.5,8.135000228881836,N/A,43625,10.620800018310547,2.97760009765625,0.3328799903392792
2014,11,20,15,0,0.7798449993133545,9.765299797058105,242.5,8.289299964904785,N/A,43166,10.620800018310547,2.893779993057251,0.3446600139141083
2014,11,20,18,0,0.7755129933357239,9.194199562072754,247.5,7.567800045013428,N/A,41054,10.620800018310547,2.9184999465942383,0.3728100061416626
2014,11,20,21,0,0.7629609704017639,9.144800186157227,252.5,7.506499767303467,N/A,43421,10.620800018310547,3.0063300132751465,0.37841999530792236
2014,11,21,0,0,0.8028290271759033,9.771599769592285,262.5,8.382599830627441,N/A,42430,14.136300086975098,2.864069938659668,0.33382999897003174
2014,11,21,3,0,0.8482869863510132,10.082500457763672,272.5,8.901200294494629,N/A,38751,14.136300086975098,2.6933200359344482,0.30129000544548035
2014,11,21,6,0,0.8580489754676819,9.678199768066406,277.5,8.002799987792969,N/A,35847,9.655200004577637,2.6490299701690674,0.33976998925209045
2014,11,21,9,0,0.7825549840927124,8.469200134277344,267.5,6.73769998550415,N/A,34291,9.655200004577637,2.788990020751953,0.4092000126838684
2014,11,21,12,0,0.7258949875831604,8.315099716186523,257.5,6.8125,N/A,35727,12.851200103759766,2.8778700828552246,0.40242999792099
2014,11,21,15,0,0.6931130290031433,8.195099830627441,252.5,6.721099853515625,N/A,34604,12.851200103759766,2.856760025024414,0.402209997177124
2014,11,21,18,0,0.7093210220336914,7.747900009155273,222.5,6.616600036621094,N/A,43401,7.2540998458862305,3.31742000579834,0.3690800070762634
2014,11,21,21,0,0.8201500177383423,8.58590030670166,217.5,7.646500110626221,N/A,67092,10.620800018310547,3.9178099632263184,0.294869989156723
2014,11,22,0,0,0.8216339945793152,9.461999893188477,227.5,8.67199993133545,N/A,55208,10.620800018310547,3.3626298904418945,0.2697199881076813
2014,11,22,3,0,0.7939479947090149,8.80109977722168,242.5,7.491499900817871,N/A,66388,10.620800018310547,3.826580047607422,0.3582099974155426
2014,11,22,6,0,0.7785410284996033,9.410599708557129,252.5,8.215299606323242,N/A,73984,9.655200004577637,3.88959002494812,0.3605700135231018
2014,11,22,9,0,0.8016350269317627,10.398200035095215,257.5,8.85949993133545,N/A,76238,9.655200004577637,3.7072699069976807,0.3765999972820282
2014,11,22,12,0,0.8330919742584229,10.961400032043457,262.5,9.227899551391602,N/A,84660,17.104999542236328,3.7725799083709717,0.37024998664855957
2014,11,22,15,0,0.8498960137367249,11.184000015258789,262.5,9.592100143432617,N/A,80417,15.550000190734863,3.6308600902557373,0.34643998742103577
2014,11,22,18,0,0.8832970261573792,11.524499893188477,267.5,9.998000144958496,N/A,83775,15.550000190734863,3.6372199058532715,0.3185400068759918
2014,11,22,21,0,0.8968650102615356,11.1943998336792,267.5,9.548700332641602,N/A,77973,15.550000190734863,3.5674099922180176,0.3284899890422821
2014,11,23,0,0,0.9023209810256958,11.23859977722168,267.5,9.846799850463867,N/A,67755,14.136300086975098,3.322360038757324,0.30434998869895935
2014,11,23,3,0,0.90448397397995,11.218700408935547,267.5,9.969300270080566,N/A,60753,14.136300086975098,3.151829957962036,0.2890999913215637
2014,11,23,6,0,0.902741014957428,11.002400398254395,267.5,9.740900039672852,N/A,53314,14.136300086975098,2.9877700805664062,0.2918199896812439
2014,11,23,9,0,0.8676850199699402,9.04259967803955,262.5,6.980199813842773,N/A,56947,14.136300086975098,3.4423298835754395,0.4246000051498413
2014,11,23,12,0,0.8828970193862915,9.101499557495117,257.5,7.956099987030029,N/A,76642,12.851200103759766,4.019820213317871,0.33542999625205994
2014,11,23,15,0,0.895350992679596,9.402299880981445,262.5,8.180299758911133,N/A,77713,12.851200103759766,3.969680070877075,0.330049991607666
2014,11,23,18,0,0.9128329753875732,10.129400253295898,267.5,8.952099800109863,N/A,87325,12.851200103759766,4.027530193328857,0.30296000838279724
2014,11,23,21,0,0.9215099811553955,10.802599906921387,267.5,9.695199966430664,N/A,87839,12.851200103759766,3.8859500885009766,0.2795700132846832
2014,11,24,0,0,0.9269890189170837,11.270000457763672,272.5,10.257200241088867,N/A,86029,12.851200103759766,3.7482199668884277,0.26256000995635986
2014,11,24,3,0,0.9316009879112244,11.432000160217285,272.5,10.481100082397461,N/A,80545,12.851200103759766,3.5963499546051025,0.25630998611450195
2014,11,24,6,0,0.9348480105400085,11.464500427246094,272.5,10.529000282287598,N/A,72887,12.851200103759766,3.415869951248169,0.2574099898338318
2014,11,24,9,0,0.9394159913063049,11.550600051879883,272.5,10.594400405883789,N/A,67903,12.851200103759766,3.2813000679016113,0.2593500018119812
2014,11,24,12,0,0.9449639916419983,11.669699668884277,272.5,10.686200141906738,N/A,64256,12.851200103759766,3.1709001064300537,0.25916001200675964
2014,11,24,15,0,0.9346669912338257,11.027799606323242,272.5,9.269599914550781,N/A,56530,12.851200103759766,3.067470073699951,0.31679001450538635
2014,11,24,18,0,0.8687970042228699,9.223400115966797,262.5,7.210100173950195,N/A,51054,12.851200103759766,3.2218899726867676,0.4232800006866455
2014,11,24,21,0,0.8163869976997375,8.661299705505371,252.5,6.968800067901611,N/A,58710,14.136300086975098,3.5906200408935547,0.4208900034427643
2014,11,25,0,0,0.7941939830780029,8.564000129699707,242.5,7.242199897766113,N/A,62551,7.979499816894531,3.7550899982452393,0.372189998626709
2014,11,25,3,0,0.8192160129547119,9.724599838256836,257.5,8.620100021362305,N/A,55371,12.851200103759766,3.2845299243927,0.31915000081062317
2014,11,25,6,0,0.8362560272216797,9.939800262451172,262.5,8.908499717712402,N/A,47151,12.851200103759766,2.995490074157715,0.30004000663757324
2014,11,25,9,0,0.8473230004310608,10.105500221252441,262.5,8.978300094604492,N/A,41621,12.851200103759766,2.7846899032592773,0.3012099862098694
2014,11,25,12,0,0.8540819883346558,10.18340015411377,267.5,9.140899658203125,N/A,37977,12.851200103759766,2.648240089416504,0.29256001114845276
2014,11,25,15,0,0.8647739887237549,10.199199676513672,267.5,9.169400215148926,N/A,33845,12.851200103759766,2.497109889984131,0.290800005197525
2014,11,25,18,0,0.8655099868774414,10.065899848937988,267.5,9.063300132751465,N/A,29162,12.851200103759766,2.3371999263763428,0.29045000672340393
2014,11,25,21,0,0.8679839968681335,10.044400215148926,267.5,9.109600067138672,N/A,29886,12.851200103759766,2.37185001373291,0.2807700037956238
2014,11,26,0,0,0.8476759791374207,9.327899932861328,262.5,8.078900337219238,N/A,30559,12.851200103759766,2.5032498836517334,0.31905999779701233
2014,11,26,3,0,0.8488289713859558,8.059800148010254,247.5,7.021200180053711,N/A,47391,7.979499816894531,3.399470090866089,0.33375999331474304
2014,11,26,6,0,0.8490539789199829,7.863900184631348,247.5,6.80049991607666,N/A,45214,7.979499816894531,3.3668301105499268,0.34115999937057495
2014,11,26,9,0,0.8364220261573792,7.990499973297119,247.5,6.841700077056885,N/A,37873,9.655200004577637,3.05115008354187,0.3478499948978424
2014,11,26,12,0,0.8381329774856567,8.18220043182373,252.5,7.013999938964844,N/A,30909,9.655200004577637,2.720860004425049,0.34125998616218567
2014,11,26,15,0,0.8364199995994568,8.352100372314453,252.5,7.104800224304199,N/A,29135,10.620800018310547,2.6106998920440674,0.34053999185562134
2014,11,26,18,0,0.8222479820251465,8.023200035095215,252.5,6.685699939727783,N/A,25716,10.620800018310547,2.506740093231201,0.3620699942111969
2014,11,26,21,0,0.8001059889793396,7.841000080108643,247.5,6.585000038146973,N/A,26924,10.620800018310547,2.598220109939575,0.3622699975967407
2014,11,27,0,0,0.783610999584198,7.7870001792907715,242.5,6.611599922180176,N/A,25651,8.77750015258789,2.5488998889923096,0.35172000527381897
2014,11,27,3,0,0.7818719744682312,7.411399841308594,227.5,6.265699863433838,N/A,28576,8.77750015258789,2.7674500942230225,0.3569299876689911
2014,11,27,6,0,0.8462929725646973,7.696700096130371,222.5,6.8003997802734375,N/A,44842,7.979499816894531,3.4079599380493164,0.311599999666214
2014,11,27,9,0,0.8577070236206055,8.704099655151367,227.5,7.667399883270264,N/A,48997,8.77750015258789,3.3136301040649414,0.32267001271247864
2014,11,27,12,0,0.8868089914321899,9.838700294494629,232.5,8.587499618530273,N/A,64064,10.620800018310547,3.513319969177246,0.3184199929237366
2014,11,27,15,0,0.9048330187797546,10.109700202941895,232.5,8.641200065612793,N/A,75405,14.136300086975098,3.7393798828125,0.3300899863243103
2014,11,27,18,0,0.9102370142936707,9.728400230407715,232.5,8.126700401306152,N/A,83026,12.851200103759766,4.008029937744141,0.3604600131511688
2014,11,27,21,0,0.9139469861984253,9.732199668884277,232.5,8.339699745178223,N/A,96116,12.851200103759766,4.320469856262207,0.35484999418258667
2014,11,28,0,0,0.9164469838142395,10.021200180053711,232.5,8.600299835205078,N/A,89072,15.550000190734863,4.085720062255859,0.35288000106811523
2014,11,28,3,0,0.9189010262489319,10.05109977722168,232.5,8.492199897766113,N/A,91010,15.550000190734863,4.113840103149414,0.3656499981880188
2014,11,28,6,0,0.9174630045890808,9.739999771118164,232.5,8.02810001373291,N/A,91627,14.136300086975098,4.198400020599365,0.38317999243736267
2014,11,28,9,0,0.9185709953308105,10.037599563598633,237.5,8.660699844360352,N/A,86132,14.136300086975098,4.009699821472168,0.34599000215530396
2014,11,28,12,0,0.9162319898605347,10.462800025939941,237.5,9.085700035095215,N/A,73437,14.136300086975098,3.611989974975586,0.3298799991607666
2014,11,28,15,0,0.9147229790687561,10.676199913024902,242.5,9.411800384521484,N/A,68134,14.136300086975098,3.438539981842041,0.3138999938964844
2014,11,28,18,0,0.8973209857940674,10.293499946594238,247.5,8.962599754333496,N/A,65274,14.136300086975098,3.4388699531555176,0.3303399980068207
2014,11,28,21,0,0.887732982635498,10.155900001525879,247.5,8.953300476074219,N/A,56778,12.851200103759766,3.2388899326324463,0.3176000118255615
2014,11,29,0,0,0.8634909987449646,8.818900108337402,257.5,7.401800155639648,N/A,56738,12.851200103759766,3.5156900882720947,0.3684299886226654
2014,11,29,3,0,0.8770920038223267,8.789600372314453,277.5,7.8292999267578125,N/A,82636,9.655200004577637,4.282750129699707,0.30487000942230225
2014,11,29,6,0,0.8849650025367737,8.887100219726562,282.5,7.942800045013428,N/A,76045,9.655200004577637,4.084770202636719,0.2982800006866455
2014,11,29,9,0,0.878849983215332,9.157400131225586,277.5,8.252900123596191,N/A,56997,9.655200004577637,3.4746100902557373,0.29096999764442444
2014,11,29,12,0,0.8844649791717529,9.729900360107422,277.5,8.907099723815918,N/A,49219,9.655200004577637,3.1160500049591064,0.268779993057251
2014,11,29,15,0,0.9038199782371521,10.275199890136719,282.5,9.433600425720215,N/A,54459,10.620800018310547,3.170180082321167,0.25165000557899475
2014,11,29,18,0,0.9145470261573792,10.523699760437012,282.5,9.780799865722656,N/A,53045,11.682900428771973,3.0832600593566895,0.24087999761104584
2014,11,29,21,0,0.9089400172233582,10.383199691772461,287.5,9.619799613952637,N/A,39910,10.620800018310547,2.6962099075317383,0.25297999382019043
2014,11,30,0,0,0.8929979801177979,10.196700096130371,287.5,9.263699531555176,N/A,26871,12.851200103759766,2.2341599464416504,0.28786998987197876
2014,11,30,3,0,0.8798890113830566,10.234299659729004,282.5,9.083499908447266,N/A,20012,12.851200103759766,1.9189599752426147,0.3158800005912781
2014,11,30,6,0,0.8759239912033081,10.652600288391113,277.5,9.211000442504883,N/A,17205,12.851200103759766,1.7317999601364136,0.34174999594688416
2014,11,30,9,0,0.8790289759635925,10.708000183105469,277.5,8.5177001953125,N/A,15813,12.851200103759766,1.651319980621338,0.36122000217437744
2014,11,30,12,0,0.8947309851646423,10.94540023803711,277.5,8.798199653625488,N/A,17000,15.550000190734863,1.686020016670227,0.3529300093650818
2014,11,30,15,0,0.8983910083770752,10.779500007629395,282.5,8.121600151062012,N/A,17108,15.550000190734863,1.7016500234603882,0.37950998544692993
2014,11,30,18,0,0.9068589806556702,10.916500091552734,282.5,8.274900436401367,N/A,16756,15.550000190734863,1.6708999872207642,0.3667899966239929
2014,11,30,21,0,0.8852810263633728,9.968700408935547,282.5,6.74429988861084,N/A,15279,14.136300086975098,1.6748600006103516,0.44005000591278076
2014,12,1,0,0,0.8896099925041199,9.951499938964844,282.5,6.705100059509277,N/A,13659,14.136300086975098,1.585569977760315,0.43327000737190247
2014,12,1,3,0,0.912617027759552,10.432499885559082,282.5,7.276299953460693,N/A,13179,14.136300086975098,1.5182499885559082,0.39142999053001404
2014,12,1,6,0,0.9319949746131897,10.95989990234375,282.5,8.46150016784668,N/A,11577,14.136300086975098,1.3887399435043335,0.3245700001716614
2014,12,1,9,0,0.9403600096702576,11.026700019836426,282.5,9.005800247192383,N/A,9569,12.851200103759766,1.262869954109192,0.2873699963092804
2014,12,1,12,0,0.9462969899177551,11.08650016784668,282.5,9.479399681091309,N/A,9160,12.851200103759766,1.2345999479293823,0.25988999009132385
2014,12,1,15,0,0.9498019814491272,11.164999961853027,282.5,9.968099594116211,N/A,9070,12.851200103759766,1.225540041923523,0.23611000180244446
2014,12,1,18,0,0.9458140134811401,11.009499549865723,282.5,9.895899772644043,N/A,8279,12.851200103759766,1.1816600561141968,0.23991000652313232
2014,12,1,21,0,0.9412180185317993,10.82859992980957,282.5,9.682999610900879,N/A,7622,11.682900428771973,1.145900011062622,0.248539999127388
2014,12,2,0,0,0.9421780109405518,10.822799682617188,282.5,9.731200218200684,N/A,7498,11.682900428771973,1.1380200386047363,0.24246999621391296
2014,12,2,3,0,0.9429439902305603,10.804499626159668,282.5,9.77970027923584,N/A,7430,11.682900428771973,1.1353700160980225,0.2347699999809265
2014,12,2,6,0,0.9393540024757385,10.68970012664795,282.5,9.709799766540527,N/A,7115,11.682900428771973,1.1197799444198608,0.23134000599384308
2014,12,2,9,0,0.925246000289917,10.409899711608887,282.5,9.491399765014648,N/A,7054,11.682900428771973,1.1344399452209473,0.23343999683856964
2014,12,2,12,0,0.9023630023002625,9.563699722290039,282.5,7.81850004196167,N/A,7778,11.682900428771973,1.2504600286483765,0.2975899875164032
2014,12,2,15,0,0.8725420236587524,9.164199829101562,282.5,7.638400077819824,N/A,8320,11.682900428771973,1.3255499601364136,0.3129200041294098
2014,12,2,18,0,0.8096209764480591,8.2746000289917,287.5,6.0370001792907715,N/A,8630,10.620800018310547,1.425379991531372,0.40821999311447144
2014,12,2,21,0,0.7652289867401123,7.897299766540527,287.5,5.728799819946289,N/A,8672,10.620800018310547,1.4660500288009644,0.4348599910736084
2014,12,3,0,0,0.7125110030174255,7.06220006942749,292.5,4.954699993133545,N/A,9258,10.620800018310547,1.6060600280761719,0.5080299973487854
2014,12,3,3,0,0.6726559996604919,6.854700088500977,292.5,4.908899784088135,N/A,9445,10.620800018310547,1.647760033607483,0.5192000269889832
2014,12,3,6,0,0.7274399995803833,7.630099773406982,292.5,5.428199768066406,N/A,8702,10.620800018310547,1.4954099655151367,0.4771299958229065
2014,12,3,9,0,0.703764021396637,7.660799980163574,287.5,5.458399772644043,N/A,9139,10.620800018310547,1.527809977531433,0.4877200126647949
2014,12,3,12,0,0.716729998588562,8.245599746704102,282.5,6.004700183868408,N/A,8711,10.620800018310547,1.4342299699783325,0.447299987077713
2014,12,3,15,0,0.746209979057312,9.09689998626709,272.5,6.692399978637695,N/A,9325,10.620800018310547,1.3999199867248535,0.436379998922348
2014,12,3,18,0,0.7557399868965149,9.574700355529785,272.5,7.014400005340576,N/A,11047,9.655200004577637,1.4754600524902344,0.4322499930858612
2014,12,3,21,0,0.736391007900238,9.715200424194336,267.5,7.0817999839782715,N/A,12630,9.655200004577637,1.5611900091171265,0.42904001474380493
2014,12,4,0,0,0.7262279987335205,10.345000267028809,257.5,8.062899589538574,N/A,15556,15.550000190734863,1.6718699932098389,0.3790999948978424
2014,12,4,3,0,0.7341830134391785,10.962800025939941,257.5,8.98740005493164,N/A,21059,14.136300086975098,1.8812400102615356,0.3334900140762329
2014,12,4,6,0,0.7252619862556458,10.987500190734863,252.5,9.319100379943848,N/A,22633,14.136300086975098,1.95100998878479,0.3134399950504303
2014,12,4,9,0,0.7358199954032898,11.132100105285645,257.5,9.567500114440918,N/A,25361,12.851200103759766,2.0511600971221924,0.2999500036239624
2014,12,4,12,0,0.761352002620697,11.30109977722168,262.5,9.687199592590332,N/A,27941,12.851200103759766,2.13277006149292,0.29989001154899597
2014,12,4,15,0,0.785099983215332,11.356399536132812,262.5,9.852700233459473,N/A,30672,15.550000190734863,2.2252700328826904,0.2997100055217743
2014,12,4,18,0,0.8018220067024231,11.384499549865723,267.5,9.746399879455566,N/A,30051,15.550000190734863,2.195930004119873,0.30845001339912415
2014,12,4,21,0,0.8124560117721558,11.158699989318848,267.5,9.444600105285645,N/A,29326,14.136300086975098,2.1939001083374023,0.31593000888824463
2014,12,5,0,0,0.7976909875869751,10.662500381469727,267.5,8.986000061035156,N/A,30065,14.136300086975098,2.280210018157959,0.33278000354766846
2014,12,5,3,0,0.7762069702148438,10.220800399780273,262.5,8.620599746704102,N/A,29963,14.136300086975098,2.334089994430542,0.34564998745918274
2014,12,5,6,0,0.7584710121154785,9.810799598693848,262.5,8.03499984741211,N/A,26851,14.136300086975098,2.2614400386810303,0.3691299855709076
2014,12,5,9,0,0.7407130002975464,9.489299774169922,257.5,7.766600131988525,N/A,25176,12.851200103759766,2.232880115509033,0.3812200129032135
2014,12,5,12,0,0.7290980219841003,9.538599967956543,257.5,7.718800067901611,N/A,22596,12.851200103759766,2.1105499267578125,0.3794400095939636
2014,12,5,15,0,0.704662024974823,9.170499801635742,257.5,7.037799835205078,N/A,20749,12.851200103759766,2.0667600631713867,0.4156099855899811
2014,12,5,18,0,0.691573977470398,8.895299911499023,247.5,6.972899913787842,N/A,20124,12.851200103759766,2.0745999813079834,0.4146600067615509
2014,12,5,21,0,0.7017750144004822,8.56779956817627,237.5,7.125999927520752,N/A,20871,7.979499816894531,2.1669399738311768,0.3865300118923187
2014,12,6,0,0,0.6966440081596375,8.220999717712402,227.5,6.696899890899658,N/A,18898,7.979499816894531,2.111870050430298,0.39590999484062195
2014,12,6,3,0,0.7372580170631409,8.100700378417969,217.5,6.609099864959717,N/A,19946,8.77750015258789,2.1926300525665283,0.38444000482559204
2014,12,6,6,0,0.7541400194168091,8.482600212097168,217.5,7.162799835205078,N/A,21202,8.77750015258789,2.2066099643707275,0.350380003452301
2014,12,6,9,0,0.8380950093269348,7.76170015335083,212.5,6.590099811553955,N/A,32353,8.77750015258789,2.8695900440216064,0.35359999537467957
2014,12,6,12,0,0.829367995262146,8.064000129699707,207.5,7.03439998626709,N/A,28392,8.77750015258789,2.6352601051330566,0.326229989528656
2014,12,6,15,0,0.7782589793205261,8.095100402832031,207.5,6.763500213623047,N/A,24465,8.77750015258789,2.432460069656372,0.36208999156951904
2014,12,6,18,0,0.7663099765777588,8.769200325012207,212.5,7.610499858856201,N/A,20580,9.655200004577637,2.1358699798583984,0.31953001022338867
2014,12,6,21,0,0.747573971748352,8.82800006866455,217.5,7.442200183868408,N/A,18251,10.620800018310547,2.0026400089263916,0.3298499882221222
2014,12,7,0,0,0.7395439743995667,8.885499954223633,222.5,7.791299819946289,N/A,16681,9.655200004577637,1.909690022468567,0.3104900121688843
2014,12,7,3,0,0.7389249801635742,9.021900177001953,227.5,8.10990047454834,N/A,15888,9.655200004577637,1.8518099784851074,0.2818399965763092
2014,12,7,6,0,0.7542750239372253,8.829700469970703,222.5,7.713500022888184,N/A,15452,9.655200004577637,1.8514900207519531,0.2842999994754791
2014,12,7,9,0,0.7696300148963928,8.23490047454834,222.5,6.9770002365112305,N/A,16012,9.655200004577637,1.9581799507141113,0.3233799934387207
2014,12,7,12,0,0.7803679704666138,8.138899803161621,222.5,7.13640022277832,N/A,14740,9.655200004577637,1.89382004737854,0.3049300014972687
2014,12,7,15,0,0.7818480134010315,7.907400131225586,222.5,6.708600044250488,N/A,12344,8.77750015258789,1.7611000537872314,0.3231000006198883
2014,12,7,18,0,0.7733039855957031,7.128200054168701,217.5,5.621799945831299,N/A,10437,8.77750015258789,1.7107199430465698,0.392659991979599
2014,12,7,21,0,0.7869160175323486,7.051400184631348,212.5,5.46120023727417,N/A,10305,8.77750015258789,1.7064499855041504,0.4252299964427948
2014,12,8,0,0,0.8225889801979065,7.74459981918335,217.5,5.827400207519531,N/A,15790,10.620800018310547,1.9931999444961548,0.4557900130748749
2014,12,8,3,0,0.8988639712333679,9.301199913024902,222.5,7.571400165557861,N/A,31001,12.851200103759766,2.5213100910186768,0.3698199987411499
2014,12,8,6,0,0.9171779751777649,10.23859977722168,227.5,8.792699813842773,N/A,51975,12.851200103759766,3.0899899005889893,0.3204199969768524
2014,12,8,9,0,0.8977630138397217,10.16759967803955,227.5,8.59160041809082,N/A,69059,11.682900428771973,3.5748300552368164,0.3430899977684021
2014,12,8,12,0,0.869022011756897,10.168000221252441,227.5,8.56029987335205,N/A,73905,11.682900428771973,3.696540117263794,0.351610004901886
2014,12,8,15,0,0.8473449945449829,9.850000381469727,227.5,8.088600158691406,N/A,72521,11.682900428771973,3.7261900901794434,0.3725599944591522
2014,12,8,18,0,0.8334329724311829,9.664299964904785,222.5,8.05370044708252,N/A,75245,10.620800018310547,3.8424699306488037,0.3613699972629547
2014,12,8,21,0,0.8440859913825989,9.407699584960938,217.5,7.858699798583984,N/A,102702,10.620800018310547,4.556079864501953,0.36160001158714294
2014,12,9,0,0,0.8717820048332214,10.316399574279785,222.5,8.859999656677246,N/A,148575,14.136300086975098,5.184879779815674,0.3255600035190582
2014,12,9,3,0,0.883080005645752,10.527799606323242,222.5,9.226200103759766,N/A,175525,12.851200103759766,5.573490142822266,0.3073599934577942
2014,12,9,6,0,0.885906994342804,10.503399848937988,217.5,9.224100112915039,N/A,202330,12.851200103759766,6.000160217285156,0.306410014629364
2014,12,9,9,0,0.8871780037879944,10.865900039672852,217.5,9.694600105285645,N/A,208078,12.851200103759766,5.966529846191406,0.2916499972343445
2014,12,9,12,0,0.8843820095062256,10.7253999710083,217.5,9.383299827575684,N/A,202924,12.851200103759766,5.934879779815674,0.3147299885749817
2014,12,9,15,0,0.8791059851646423,11.133500099182129,222.5,9.836899757385254,N/A,219970,12.851200103759766,6.0430498123168945,0.30921000242233276
2014,12,9,18,0,0.8707640171051025,11.698200225830078,227.5,10.360099792480469,N/A,217632,12.851200103759766,5.83197021484375,0.30465999245643616
2014,12,9,21,0,0.8685449957847595,11.882800102233887,232.5,10.45110034942627,N/A,205705,12.851200103759766,5.612929821014404,0.31119999289512634
2014,12,10,0,0,0.8682910203933716,12.162300109863281,237.5,10.722900390625,N/A,192540,12.851200103759766,5.352590084075928,0.3052999973297119
2014,12,10,3,0,0.8729900121688843,12.60949993133545,242.5,11.238900184631348,N/A,189193,17.104999542236328,5.1905999183654785,0.2880299985408783
2014,12,10,6,0,0.8861789703369141,13.08899974822998,247.5,11.79889965057373,N/A,197504,15.550000190734863,5.181459903717041,0.26715001463890076
2014,12,10,9,0,0.880066990852356,12.318599700927734,247.5,10.305899620056152,N/A,186601,15.550000190734863,5.205210208892822,0.31775999069213867
2014,12,10,12,0,0.8408049941062927,10.846599578857422,232.5,9.138099670410156,N/A,227219,14.136300086975098,6.2103800773620605,0.34415000677108765
2014,12,10,15,0,0.8604570031166077,11.388099670410156,227.5,10.246600151062012,N/A,261013,14.136300086975098,6.482289791107178,0.27671998739242554
2014,12,10,18,0,0.8647270202636719,11.909000396728516,227.5,10.852999687194824,N/A,222327,14.136300086975098,5.819119930267334,0.2553800046443939
2014,12,10,21,0,0.8663730025291443,11.883999824523926,232.5,10.66569995880127,N/A,184587,14.136300086975098,5.3027801513671875,0.2681800127029419
2014,12,11,0,0,0.8731880187988281,11.969200134277344,237.5,10.79170036315918,N/A,165225,14.136300086975098,4.997459888458252,0.2666099965572357
2014,12,11,3,0,0.8784340023994446,11.842399597167969,237.5,10.425200462341309,N/A,159552,14.136300086975098,4.939149856567383,0.2877599895000458
2014,12,11,6,0,0.8759989738464355,11.67140007019043,237.5,10.220399856567383,N/A,150840,14.136300086975098,4.845160007476807,0.30006998777389526
2014,12,11,9,0,0.8745369911193848,12.008999824523926,242.5,10.753800392150879,N/A,139828,14.136300086975098,4.591259956359863,0.27742999792099
2014,12,11,12,0,0.8778110146522522,12.23009967803955,242.5,11.245699882507324,N/A,126198,14.136300086975098,4.320720195770264,0.25249001383781433
2014,12,11,15,0,0.876990020275116,12.186200141906738,247.5,10.993599891662598,N/A,115448,12.851200103759766,4.141419887542725,0.25694000720977783
2014,12,11,18,0,0.8723530173301697,12.022899627685547,247.5,10.40939998626709,N/A,108649,12.851200103759766,4.046219825744629,0.27595001459121704
2014,12,11,21,0,0.8583019971847534,11.441800117492676,247.5,9.15410041809082,N/A,102389,12.851200103759766,4.032839775085449,0.3360700011253357
2014,12,12,0,0,0.8337500095367432,10.607399940490723,247.5,8.379199981689453,N/A,103907,12.851200103759766,4.247660160064697,0.3796299993991852
2014,12,12,3,0,0.7960289716720581,10.265000343322754,237.5,8.328499794006348,N/A,115390,12.851200103759766,4.569980144500732,0.37922999262809753
2014,12,12,6,0,0.7964500188827515,10.974599838256836,232.5,9.725700378417969,N/A,119551,11.682900428771973,4.4961700439453125,0.30368998646736145
2014,12,12,9,0,0.8037070035934448,10.688300132751465,247.5,9.346599578857422,N/A,116406,12.851200103759766,4.49970006942749,0.3287599980831146
2014,12,12,12,0,0.8176220059394836,11.111000061035156,247.5,9.757800102233887,N/A,92212,12.851200103759766,3.9109599590301514,0.3172700107097626
2014,12,12,15,0,0.839972972869873,11.468700408935547,252.5,10.19629955291748,N/A,76807,12.851200103759766,3.5028200149536133,0.3045699894428253
2014,12,12,18,0,0.8580560088157654,11.721799850463867,257.5,10.518400192260742,N/A,66468,14.136300086975098,3.2168400287628174,0.2933099865913391
2014,12,12,21,0,0.8784909844398499,12.017000198364258,257.5,10.840999603271484,N/A,62632,14.136300086975098,3.075500011444092,0.2847500145435333
2014,12,13,0,0,0.8872100114822388,12.157999992370605,257.5,11.006699562072754,N/A,58971,14.136300086975098,2.9633500576019287,0.2794800102710724
2014,12,13,3,0,0.8920609951019287,12.269100189208984,257.5,11.141599655151367,N/A,56364,15.550000190734863,2.8813600540161133,0.27480000257492065
2014,12,13,6,0,0.8991029858589172,12.37559986114502,257.5,11.258000373840332,N/A,53963,15.550000190734863,2.8040499687194824,0.2712799906730652
2014,12,13,9,0,0.9075350165367126,12.532699584960938,257.5,11.456500053405762,N/A,54862,14.136300086975098,2.8048601150512695,0.2621699869632721
2014,12,13,12,0,0.922324001789093,12.777000427246094,262.5,11.788599967956543,N/A,61637,14.136300086975098,2.9369399547576904,0.24488000571727753
2014,12,13,15,0,0.9222400188446045,12.600600242614746,262.5,11.669099807739258,N/A,56894,14.136300086975098,2.8456499576568604,0.2403700053691864
2014,12,13,18,0,0.922881007194519,12.46720027923584,262.5,11.570799827575684,N/A,51879,14.136300086975098,2.7348499298095703,0.23631000518798828
2014,12,13,21,0,0.9217050075531006,12.275300025939941,262.5,11.409299850463867,N/A,47194,14.136300086975098,2.6339800357818604,0.23240000009536743
2014,12,14,0,0,0.9181510210037231,11.99590015411377,262.5,11.089900016784668,N/A,41223,14.136300086975098,2.49753999710083,0.23397000133991241
2014,12,14,3,0,0.9088129997253418,11.522199630737305,262.5,10.394499778747559,N/A,34931,12.851200103759766,2.3554699420928955,0.2552799880504608
2014,12,14,6,0,0.8925219774246216,10.85219955444336,262.5,9.096500396728516,N/A,27826,12.851200103759766,2.1770598888397217,0.30689001083374023
2014,12,14,9,0,0.8739680051803589,10.191200256347656,257.5,8.071200370788574,N/A,22696,12.851200103759766,2.0420100688934326,0.3772900104522705
2014,12,14,12,0,0.846356987953186,9.660300254821777,257.5,6.959799766540527,N/A,22228,12.851200103759766,2.089979887008667,0.5019599795341492
2014,12,14,15,0,0.8386300206184387,10.159299850463867,252.5,6.941199779510498,N/A,24225,22.76689910888672,2.1251299381256104,0.5637199878692627
2014,12,14,18,0,0.8360720276832581,10.846199989318848,252.5,6.956200122833252,N/A,33012,20.697200775146484,2.38388991355896,0.5864999890327454
2014,12,14,21,0,0.8359400033950806,11.154399871826172,252.5,7.454400062561035,N/A,45089,20.697200775146484,2.735140085220337,0.5423300266265869
2014,12,15,0,0,0.8450639843940735,11.334500312805176,247.5,8.020700454711914,N/A,60867,18.81559944152832,3.1425299644470215,0.48495998978614807
2014,12,15,3,0,0.8515539765357971,11.907899856567383,247.5,8.711700439453125,N/A,76023,18.81559944152832,3.4095799922943115,0.4431299865245819
2014,12,15,6,0,0.8580089807510376,12.322500228881836,247.5,9.672800064086914,N/A,85499,18.81559944152832,3.545830011367798,0.38842999935150146
2014,12,15,9,0,0.8526239991188049,12.413399696350098,242.5,10.341400146484375,N/A,94470,17.104999542236328,3.70878005027771,0.34758999943733215
2014,12,15,12,0,0.8458709716796875,12.230299949645996,237.5,10.68649959564209,N/A,100645,17.104999542236328,3.8641700744628906,0.32152000069618225
2014,12,15,15,0,0.8400290012359619,12.159000396728516,237.5,10.70479965209961,N/A,98275,17.104999542236328,3.8309199810028076,0.3107900023460388
2014,12,15,18,0,0.8381350040435791,11.973899841308594,237.5,10.616399765014648,N/A,93461,17.104999542236328,3.769320011138916,0.30737999081611633
2014,12,15,21,0,0.8314160108566284,12.168899536132812,242.5,10.874699592590332,N/A,96377,15.550000190734863,3.7857699394226074,0.29214000701904297
2014,12,16,0,0,0.838437020778656,12.229700088500977,247.5,11.054900169372559,N/A,88948,15.550000190734863,3.6226398944854736,0.2709600031375885
2014,12,16,3,0,0.8388029932975769,12.037500381469727,247.5,11.02340030670166,N/A,79330,14.136300086975098,3.455049991607666,0.2533699870109558
2014,12,16,6,0,0.8252609968185425,11.352800369262695,247.5,10.373900413513184,N/A,61546,14.136300086975098,3.1565799713134766,0.25892001390457153
2014,12,16,9,0,0.8146389722824097,10.5447998046875,242.5,9.359700202941895,N/A,48273,12.851200103759766,2.923919916152954,0.28306999802589417
2014,12,16,12,0,0.8060230016708374,9.80270004272461,237.5,8.739100456237793,N/A,39250,12.851200103759766,2.7595999240875244,0.29016000032424927
2014,12,16,15,0,0.79510897397995,9.648599624633789,242.5,8.551799774169922,N/A,33062,11.682900428771973,2.5591399669647217,0.290010005235672
2014,12,16,18,0,0.7954639792442322,9.413399696350098,242.5,8.29889965057373,N/A,29955,11.682900428771973,2.4727699756622314,0.3017899990081787
2014,12,16,21,0,0.7957260012626648,9.289199829101562,242.5,7.875,N/A,30504,11.682900428771973,2.5097599029541016,0.3393999934196472
2014,12,17,0,0,0.7976170182228088,9.420499801635742,247.5,8.048600196838379,N/A,32379,10.620800018310547,2.5627100467681885,0.34856000542640686
2014,12,17,3,0,0.8280240297317505,10.528900146484375,262.5,8.910099983215332,N/A,41606,15.550000190734863,2.7113800048828125,0.3482300043106079
2014,12,17,6,0,0.8589280247688293,11.096500396728516,267.5,9.587699890136719,N/A,46390,15.550000190734863,2.7725799083709717,0.32638001441955566
2014,12,17,9,0,0.8938980102539062,11.697600364685059,272.5,10.262399673461914,N/A,54328,14.136300086975098,2.9049899578094482,0.3001900017261505
2014,12,17,12,0,0.89649498462677,11.633700370788574,272.5,10.256699562072754,N/A,49823,14.136300086975098,2.791300058364868,0.29725998640060425
2014,12,17,15,0,0.8996850252151489,11.643199920654297,272.5,10.359600067138672,N/A,49461,14.136300086975098,2.780139923095703,0.29085999727249146
2014,12,17,18,0,0.8818830251693726,11.586999893188477,272.5,10.402899742126465,N/A,48322,14.136300086975098,2.7576000690460205,0.28367000818252563
2014,12,17,21,0,0.8480889797210693,11.592900276184082,272.5,10.586899757385254,N/A,51958,14.136300086975098,2.862839937210083,0.2639999985694885
2014,12,18,0,0,0.8108329772949219,11.279800415039062,267.5,10.340700149536133,N/A,43080,14.136300086975098,2.653640031814575,0.2654699981212616
2014,12,18,3,0,0.8294000029563904,11.333999633789062,272.5,10.429699897766113,N/A,41417,14.136300086975098,2.5938000679016113,0.25905999541282654
2014,12,18,6,0,0.8491420149803162,11.28600025177002,277.5,10.353699684143066,N/A,36435,14.136300086975098,2.4375,0.2618899941444397
2014,12,18,9,0,0.8610249757766724,11.03499984741211,277.5,9.531700134277344,N/A,31792,14.136300086975098,2.3046600818634033,0.28824999928474426
2014,12,18,12,0,0.8780390024185181,10.714900016784668,277.5,8.562000274658203,N/A,32340,12.851200103759766,2.3592801094055176,0.33302000164985657
2014,12,18,15,0,0.8224009871482849,9.362299919128418,267.5,7.035399913787842,N/A,34474,12.851200103759766,2.6232099533081055,0.4296700060367584
2014,12,18,18,0,0.7876600027084351,9.15779972076416,262.5,6.957699775695801,N/A,32095,12.851200103759766,2.566149950027466,0.4331200122833252
2014,12,18,21,0,0.739005982875824,8.076899528503418,232.5,6.4039998054504395,N/A,41958,8.77750015258789,3.1727800369262695,0.42458000779151917
2014,12,19,0,0,0.8067899942398071,8.245400428771973,217.5,6.907599925994873,N/A,55709,9.655200004577637,3.636660099029541,0.35864999890327454
2014,12,19,3,0,0.815555989742279,9.482500076293945,222.5,8.498499870300293,N/A,64565,10.620800018310547,3.620650053024292,0.29023000597953796
2014,12,19,6,0,0.8034060001373291,9.70300006866455,227.5,8.435600280761719,N/A,62936,10.620800018310547,3.5218698978424072,0.3137100040912628
2014,12,19,9,0,0.8074229955673218,9.519700050354004,232.5,8.099900245666504,N/A,70690,10.620800018310547,3.7744600772857666,0.38054999709129333
2014,12,19,12,0,0.8238630294799805,10.494099617004395,242.5,8.80519962310791,N/A,76329,10.620800018310547,3.7146201133728027,0.4198499917984009
2014,12,19,15,0,0.8531699776649475,11.907899856567383,252.5,9.593600273132324,N/A,95771,20.697200775146484,3.8645100593566895,0.4400100111961365
2014,12,19,18,0,0.8869659900665283,13.126199722290039,257.5,10.116800308227539,N/A,135233,18.81559944152832,4.3238301277160645,0.42583999037742615
2014,12,19,21,0,0.9087809920310974,13.538399696350098,262.5,10.602800369262695,N/A,199426,18.81559944152832,5.134419918060303,0.3941200077533722
2014,12,20,0,0,0.9242249727249146,14.056300163269043,262.5,11.7253999710083,N/A,236742,18.81559944152832,5.465320110321045,0.33869001269340515
2014,12,20,3,0,0.9208639860153198,13.671699523925781,262.5,11.095000267028809,N/A,227453,17.104999542236328,5.431429862976074,0.3490999937057495
2014,12,20,6,0,0.897832989692688,12.732399940490723,257.5,10.161999702453613,N/A,226935,17.104999542236328,5.645689964294434,0.37786999344825745
2014,12,20,9,0,0.8816540241241455,12.296799659729004,257.5,10.233499526977539,N/A,201767,17.104999542236328,5.438819885253906,0.35717999935150146
2014,12,20,12,0,0.8664249777793884,11.794599533081055,247.5,10.064800262451172,N/A,190557,17.104999542236328,5.419670104980469,0.3396399915218353
2014,12,20,15,0,0.8434079885482788,11.651000022888184,247.5,10.049400329589844,N/A,197392,15.550000190734863,5.553040027618408,0.3247399926185608
2014,12,20,18,0,0.8436179757118225,11.763299942016602,252.5,10.22659969329834,N/A,177014,15.550000190734863,5.225289821624756,0.31080999970436096
2014,12,20,21,0,0.8544809818267822,11.799699783325195,252.5,10.398900032043457,N/A,145154,14.136300086975098,4.7233500480651855,0.2969599962234497
2014,12,21,0,0,0.8598420023918152,10.981900215148926,252.5,9.492300033569336,N/A,146189,14.136300086975098,4.948379993438721,0.3217099905014038
2014,12,21,3,0,0.8657900094985962,10.638199806213379,247.5,9.201700210571289,N/A,146384,14.136300086975098,5.049439907073975,0.3222399950027466
2014,12,21,6,0,0.8740630149841309,10.436100006103516,252.5,9.168600082397461,N/A,135141,12.851200103759766,4.915450096130371,0.3131299912929535
2014,12,21,9,0,0.8846669793128967,10.70199966430664,257.5,9.490300178527832,N/A,118321,12.851200103759766,4.531099796295166,0.2995400130748749
2014,12,21,12,0,0.8977689743041992,10.694899559020996,257.5,9.363699913024902,N/A,109814,12.851200103759766,4.362249851226807,0.3072800040245056
2014,12,21,15,0,0.9045040011405945,10.817000389099121,257.5,9.579500198364258,N/A,99801,12.851200103759766,4.133190155029297,0.2961899936199188
2014,12,21,18,0,0.910673975944519,11.004199981689453,257.5,9.812199592590332,N/A,87196,12.851200103759766,3.8249900341033936,0.2866300046443939
2014,12,21,21,0,0.9160640239715576,11.184800148010254,257.5,9.980899810791016,N/A,86671,12.851200103759766,3.7760798931121826,0.28130000829696655
2014,12,22,0,0,0.9177510142326355,11.017399787902832,257.5,9.595800399780273,N/A,81372,12.851200103759766,3.6882998943328857,0.3003599941730499
2014,12,22,3,0,0.917622983455658,11.055399894714355,257.5,9.601699829101562,N/A,80706,12.851200103759766,3.6651599407196045,0.30452001094818115
2014,12,22,6,0,0.9160580039024353,10.95460033416748,262.5,9.303299903869629,N/A,78120,12.851200103759766,3.6230499744415283,0.3228299915790558
2014,12,22,9,0,0.9173210263252258,11.191300392150879,262.5,9.70479965209961,N/A,78847,12.851200103759766,3.597320079803467,0.3126699924468994
2014,12,22,12,0,0.9201020002365112,11.599499702453613,262.5,10.317299842834473,N/A,79161,12.851200103759766,3.5335299968719482,0.29541999101638794
2014,12,22,15,0,0.9236310124397278,11.686699867248535,267.5,10.217399597167969,N/A,80301,12.851200103759766,3.542249917984009,0.3082999885082245
2014,12,22,18,0,0.9279389977455139,11.974300384521484,267.5,10.708999633789062,N/A,79991,12.851200103759766,3.4886999130249023,0.29886001348495483
2014,12,22,21,0,0.9345570206642151,12.445099830627441,272.5,11.21780014038086,N/A,87215,12.851200103759766,3.5632100105285645,0.29513001441955566
2014,12,23,0,0,0.9340230226516724,12.480600357055664,272.5,11.205400466918945,N/A,79645,12.851200103759766,3.401510000228882,0.30469000339508057
2014,12,23,3,0,0.9360589981079102,12.622599601745605,272.5,11.285300254821777,N/A,75663,12.851200103759766,3.2933900356292725,0.3091000020503998
2014,12,23,6,0,0.9366030097007751,12.744500160217285,272.5,11.33549976348877,N/A,69695,12.851200103759766,3.142270088195801,0.3129799962043762
2014,12,23,9,0,0.9304069876670837,12.408100128173828,267.5,10.10200023651123,N/A,62341,18.81559944152832,3.0113000869750977,0.35580000281333923
2014,12,23,12,0,0.8958590030670166,10.970600128173828,262.5,8.566699981689453,N/A,65384,17.104999542236328,3.306999921798706,0.42489999532699585
2014,12,23,15,0,0.8518639802932739,10.371399879455566,257.5,8.00529956817627,N/A,69052,17.104999542236328,3.5051300525665283,0.44953998923301697
2014,12,23,18,0,0.8523380160331726,10.675100326538086,257.5,8.388099670410156,N/A,64771,17.104999542236328,3.332940101623535,0.4401000142097473
2014,12,23,21,0,0.8862280249595642,10.769200325012207,262.5,8.453900337219238,N/A,61058,17.104999542236328,3.2187299728393555,0.43022000789642334
2014,12,24,0,0,0.9193879961967468,11.488900184631348,267.5,9.51830005645752,N/A,65117,15.550000190734863,3.2080800533294678,0.3715600073337555
2014,12,24,3,0,0.9283069968223572,11.86359977722168,267.5,10.14330005645752,N/A,71344,15.550000190734863,3.2985000610351562,0.33535000681877136
2014,12,24,6,0,0.9388750195503235,12.92959976196289,277.5,11.337400436401367,N/A,109708,15.550000190734863,3.888159990310669,0.29802998900413513
2014,12,24,9,0,0.9429730176925659,13.313199996948242,277.5,11.888799667358398,N/A,131082,15.550000190734863,4.178959846496582,0.27752000093460083
2014,12,24,12,0,0.9429129958152771,13.192500114440918,277.5,11.875499725341797,N/A,128204,15.550000190734863,4.15526008605957,0.2710399925708771
2014,12,24,15,0,0.9408490061759949,12.821499824523926,277.5,11.60420036315918,N/A,117252,15.550000190734863,4.03941011428833,0.26545000076293945
2014,12,24,18,0,0.9385049939155579,12.40429973602295,277.5,11.26930046081543,N/A,102955,15.550000190734863,3.860029935836792,0.26065999269485474
2014,12,24,21,0,0.9357450008392334,11.9443998336792,277.5,10.86620044708252,N/A,87079,14.136300086975098,3.633820056915283,0.25999999046325684
2014,12,25,0,0,0.9356650114059448,11.530599594116211,277.5,10.51729965209961,N/A,78668,14.136300086975098,3.5325300693511963,0.25964000821113586
2014,12,25,3,0,0.9349960088729858,11.146599769592285,277.5,10.214099884033203,N/A,75111,12.851200103759766,3.5285398960113525,0.2575500011444092
2014,12,25,6,0,0.93293297290802,10.873900413513184,277.5,9.982999801635742,N/A,69251,12.851200103759766,3.442919969558716,0.25547000765800476
2014,12,25,9,0,0.9317110180854797,10.67490005493164,277.5,9.814599990844727,N/A,63615,11.682900428771973,3.3399300575256348,0.2525399923324585
2014,12,25,12,0,0.9296389818191528,10.432999610900879,282.5,9.593799591064453,N/A,55768,11.682900428771973,3.1739399433135986,0.25235000252723694
2014,12,25,15,0,0.927183985710144,10.127099990844727,282.5,9.290599822998047,N/A,46414,11.682900428771973,2.9505200386047363,0.2563199996948242
2014,12,25,18,0,0.9231389760971069,9.7947998046875,282.5,8.928799629211426,N/A,37334,10.620800018310547,2.7005200386047363,0.26638999581336975
2014,12,25,21,0,0.9172980189323425,9.48799991607666,282.5,8.548100471496582,N/A,29471,10.620800018310547,2.4439899921417236,0.2814599871635437
2014,12,26,0,0,0.9106559753417969,9.185400009155273,282.5,8.135700225830078,N/A,23149,10.620800018310547,2.2060399055480957,0.2994000017642975
2014,12,26,3,0,0.906885027885437,8.913999557495117,277.5,7.792200088500977,N/A,19342,9.655200004577637,2.0510098934173584,0.3132300078868866
2014,12,26,6,0,0.9067839980125427,8.72130012512207,277.5,7.580100059509277,N/A,17378,9.655200004577637,1.9686399698257446,0.32062000036239624
2014,12,26,9,0,0.9103789925575256,8.675800323486328,277.5,7.559700012207031,N/A,17190,9.655200004577637,1.9651999473571777,0.3190400004386902
2014,12,26,12,0,0.9146569967269897,8.817000389099121,277.5,7.67140007019043,N/A,18266,9.655200004577637,2.006279945373535,0.3251599967479706
2014,12,26,15,0,0.922540009021759,9.236000061035156,277.5,7.952600002288818,N/A,21348,10.620800018310547,2.1058900356292725,0.3385699987411499
2014,12,26,18,0,0.9331740140914917,9.88599967956543,282.5,8.420000076293945,N/A,27223,11.682900428771973,2.2773499488830566,0.34376999735832214
2014,12,26,21,0,0.9391459822654724,10.255000114440918,282.5,8.736700057983398,N/A,31473,14.136300086975098,2.3932700157165527,0.3356499969959259
2014,12,27,0,0,0.9421579837799072,10.473199844360352,282.5,8.907099723815918,N/A,33549,14.136300086975098,2.438349962234497,0.3326599895954132
2014,12,27,3,0,0.9441999793052673,10.656999588012695,277.5,9.012399673461914,N/A,34808,14.136300086975098,2.4559600353240967,0.3352600038051605
2014,12,27,6,0,0.9456899762153625,10.784700393676758,277.5,9.057999610900879,N/A,35342,14.136300086975098,2.4552700519561768,0.33934998512268066
2014,12,27,9,0,0.9460679888725281,10.884099960327148,277.5,9.105799674987793,N/A,35994,14.136300086975098,2.4629299640655518,0.3404499888420105
2014,12,27,12,0,0.9440169930458069,10.868499755859375,277.5,9.086400032043457,N/A,35734,14.136300086975098,2.455579996109009,0.34005001187324524
2014,12,27,15,0,0.9409970045089722,10.787699699401855,277.5,9.017800331115723,N/A,34872,14.136300086975098,2.436189889907837,0.3410399854183197
2014,12,27,18,0,0.9381089806556702,10.71399974822998,277.5,8.930000305175781,N/A,34443,14.136300086975098,2.430269956588745,0.34821999073028564
2014,12,27,21,0,0.9341260194778442,10.449899673461914,282.5,8.741800308227539,N/A,34002,14.136300086975098,2.451620101928711,0.35774001479148865
2014,12,28,0,0,0.9314699769020081,10.12969970703125,282.5,8.71679973602295,N/A,37245,14.136300086975098,2.6214001178741455,0.3496600091457367
2014,12,28,3,0,0.9314709901809692,10.20359992980957,282.5,8.981800079345703,N/A,43663,14.136300086975098,2.8341898918151855,0.3260200023651123
2014,12,28,6,0,0.9368100166320801,10.512900352478027,287.5,9.483200073242188,N/A,57062,11.682900428771973,3.1894900798797607,0.2883799970149994
2014,12,28,9,0,0.9397979974746704,10.687199592590332,287.5,9.714699745178223,N/A,63804,11.682900428771973,3.340100049972534,0.2762399911880493
2014,12,28,12,0,0.9415900111198425,10.767000198364258,287.5,9.7746000289917,N/A,63817,11.682900428771973,3.324199914932251,0.2775700092315674
2014,12,28,15,0,0.9432079792022705,10.782999992370605,287.5,9.779999732971191,N/A,62003,11.682900428771973,3.273789882659912,0.2784300148487091
2014,12,28,18,0,0.9436730146408081,10.748000144958496,287.5,9.734000205993652,N/A,58947,11.682900428771973,3.1988799571990967,0.28088000416755676
2014,12,28,21,0,0.9426400065422058,10.63640022277832,287.5,9.571599960327148,N/A,52641,11.682900428771973,3.041260004043579,0.2913700044155121
2014,12,29,0,0,0.9392160177230835,10.449899673461914,287.5,9.274399757385254,N/A,43897,10.620800018310547,2.8035199642181396,0.31029000878334045
2014,12,29,3,0,0.9347010254859924,10.208200454711914,287.5,8.931099891662598,N/A,37023,10.620800018310547,2.607450008392334,0.3273699879646301
2014,12,29,6,0,0.929190993309021,9.937700271606445,287.5,8.611300468444824,N/A,31966,15.550000190734863,2.4597198963165283,0.3388200104236603
2014,12,29,9,0,0.9238460063934326,9.666299819946289,287.5,8.371199607849121,N/A,28706,15.550000190734863,2.3701000213623047,0.3416000008583069
2014,12,29,12,0,0.9135500192642212,9.392900466918945,287.5,8.099900245666504,N/A,24795,14.136300086975098,2.2401299476623535,0.34804999828338623
2014,12,29,15,0,0.8962039947509766,9.10159969329834,287.5,7.752900123596191,N/A,20610,14.136300086975098,2.078429937362671,0.3629699945449829
2014,12,29,18,0,0.8729130029678345,8.84749984741211,287.5,7.416600227355957,N/A,17298,14.136300086975098,1.9328999519348145,0.38089001178741455
2014,12,29,21,0,0.8508129715919495,8.703300476074219,282.5,7.180699825286865,N/A,15340,12.851200103759766,1.8346500396728516,0.39754000306129456
2014,12,30,0,0,0.8267620205879211,8.550200462341309,277.5,6.963900089263916,N/A,13740,11.682900428771973,1.7522499561309814,0.4116800129413605
2014,12,30,3,0,0.8037499785423279,8.339599609375,272.5,6.7368998527526855,N/A,12100,11.682900428771973,1.6670199632644653,0.42170000076293945
2014,12,30,6,0,0.7897679805755615,8.156900405883789,267.5,6.523099899291992,N/A,10723,14.136300086975098,1.5875799655914307,0.4347499907016754
2014,12,30,9,0,0.7853469848632812,7.977099895477295,262.5,6.328499794006348,N/A,9650,14.136300086975098,1.5239800214767456,0.4459800124168396
2014,12,30,12,0,0.7887889742851257,7.858099937438965,257.5,6.2052001953125,N/A,9012,14.136300086975098,1.484570026397705,0.4525899887084961
2014,12,30,15,0,0.7941489815711975,7.770999908447266,252.5,6.126699924468994,N/A,8613,14.136300086975098,1.4605599641799927,0.45434001088142395
2014,12,30,18,0,0.8003100156784058,7.667600154876709,252.5,6.0680999755859375,N/A,8251,14.136300086975098,1.4416600465774536,0.4500100016593933
2014,12,30,21,0,0.8076480031013489,7.622200012207031,247.5,6.056000232696533,N/A,8090,12.851200103759766,1.4338699579238892,0.4431000053882599
2014,12,31,0,0,0.8151609897613525,7.620100021362305,247.5,6.0742998123168945,N/A,8083,12.851200103759766,1.4348200559616089,0.4356299936771393
2014,12,31,3,0,0.8220959901809692,7.6331000328063965,247.5,6.104100227355957,N/A,8135,12.851200103759766,1.4392499923706055,0.4291999936103821
2014,12,31,6,0,0.8276919722557068,7.630199909210205,242.5,6.1203999519348145,N/A,8143,12.851200103759766,1.4414199590682983,0.42410001158714294
2014,12,31,9,0,0.8304479718208313,7.58050012588501,242.5,6.09689998626709,N/A,7978,11.682900428771973,1.4329299926757812,0.42181000113487244
2014,12,31,12,0,0.8294079899787903,7.482699871063232,242.5,6.032599925994873,N/A,7651,11.682900428771973,1.4140199422836304,0.4226999878883362
2014,12,31,15,0,0.825751006603241,7.402599811553955,247.5,5.9899001121521,N/A,7507,11.682900428771973,1.4089800119400024,0.42467001080513
2014,12,31,18,0,0.8181170225143433,7.36929988861084,247.5,6.002900123596191,N/A,7676,11.682900428771973,1.4280500411987305,0.42504000663757324
2014,12,31,21,0,0.8080610036849976,7.3892998695373535,252.5,6.047699928283691,N/A,7990,11.682900428771973,1.4537400007247925,0.4273200035095215
