Source,Location ID,Jurisdiction,Latitude,Longitude,Time Zone,Local Time Zone,Distance to Shore,Directionality Coefficient,Energy Period,Maximum Energy Direction,Mean Absolute Period,Mean Wave Direction,Mean Zero-Crossing Period,Wave Power,Peak Period,Significant Wave Height,Spectral Width,Water Depth,Version
DOE-WPTO US Wave dataset,102698,b'Federal',48.1635,-124.906,0,-8,10749.468,-,s,deg,s,deg,s,W/m,s,m,-,69,v1.0.0
Year,Month,Day,Hour,Minute,Directionality Coefficient,Energy Period,Maximum Energy Direction,Mean Absolute Period,Mean Zero-Crossing Period,Wave Power,Peak Period,Significant Wave Height,Spectral Width
2007,1,1,0,0,0.8725939989089966,9.053600311279297,255,7.501699924468994,6.342800140380859,28730,12.114999771118164,2.4707400798797607,0.3360700011253357
2007,1,1,3,0,0.8558279871940613,9.07699966430664,255,7.6381001472473145,6.574900150299072,31374,12.114999771118164,2.5790998935699463,0.3310700058937073
2007,1,1,6,0,0.8546550273895264,8.902400016784668,255,7.426599979400635,6.369100093841553,32966,12.114999771118164,2.674530029296875,0.3420499861240387
2007,1,1,9,0,0.8426390290260315,8.516400337219238,245,6.956699848175049,5.913099765777588,34311,12.114999771118164,2.7973899841308594,0.3673900067806244
2007,1,1,12,0,0.8313590288162231,8.23639965057373,235,6.875,5.975500106811523,43863,11.013500213623047,3.2291200160980225,0.3638800084590912
2007,1,1,15,0,0.8313350081443787,8.383299827575684,235,7.128399848937988,6.266300201416016,52485,10.01200008392334,3.5038399696350098,0.3452399969100952
2007,1,1,18,0,0.8243939876556396,8.353300094604492,225,7.154600143432617,6.320199966430664,63641,10.01200008392334,3.8689401149749756,0.3373900055885315
2007,1,1,21,0,0.816806972026825,8.360199928283691,225,7.206900119781494,6.40880012512207,73573,10.01200008392334,4.158649921417236,0.33474001288414
2007,1,2,0,0,0.8116160035133362,8.52560043334961,225,7.417900085449219,6.647200107574463,80653,10.01200008392334,4.307449817657471,0.327239990234375
2007,1,2,3,0,0.8040810227394104,8.833200454711914,235,7.717299938201904,6.943900108337402,79444,10.01200008392334,4.1851301193237305,0.3238599896430969
2007,1,2,6,0,0.818701982498169,9.437600135803223,245,8.39840030670166,7.722899913787842,83742,11.013500213623047,4.13040018081665,0.30744001269340515
2007,1,2,9,0,0.8360419869422913,9.834400177001953,245,8.719599723815918,7.971199989318848,88325,11.013500213623047,4.133399963378906,0.30570000410079956
2007,1,2,12,0,0.8328099846839905,9.601799964904785,245,8.348999977111816,7.479300022125244,99537,11.013500213623047,4.445620059967041,0.32359999418258667
2007,1,2,15,0,0.8306750059127808,9.61620044708252,235,8.47089958190918,7.701600074768066,134386,10.01200008392334,5.170529842376709,0.3169899880886078
2007,1,2,18,0,0.8473880290985107,10.456899642944336,245,9.3681001663208,8.696800231933594,184986,11.013500213623047,5.768819808959961,0.3019999861717224
2007,1,2,21,0,0.857679009437561,10.998900413513184,255,9.810600280761719,9.068400382995605,189754,11.013500213623047,5.653429985046387,0.3005799949169159
2007,1,3,0,0,0.8664050102233887,11.374899864196777,255,10.207799911499023,9.469599723815918,175410,14.659700393676758,5.31889009475708,0.2870599925518036
2007,1,3,3,0,0.8817930221557617,11.851499557495117,265,10.837200164794922,10.184100151062012,165853,14.659700393676758,5.0436201095581055,0.25881001353263855
2007,1,3,6,0,0.8936150074005127,11.967499732971191,265,11.023799896240234,10.412799835205078,151210,14.659700393676758,4.787539958953857,0.2478400021791458
2007,1,3,9,0,0.9024029970169067,11.919599533081055,265,11.01729965209961,10.44260025024414,131496,13.326800346374512,4.478250026702881,0.24560999870300293
2007,1,3,12,0,0.9105280041694641,11.88290023803711,265,10.945199966430664,10.359600067138672,115554,13.326800346374512,4.2093000411987305,0.25529998540878296
2007,1,3,15,0,0.9183200001716614,12.046299934387207,265,11.024800300598145,10.411700248718262,107483,13.326800346374512,4.030360221862793,0.271369993686676
2007,1,3,18,0,0.9265329837799072,12.322699546813965,265,11.094900131225586,10.32509994506836,105972,13.326800346374512,3.949970006942749,0.2925199866294861
2007,1,3,21,0,0.9335520267486572,12.540399551391602,265,11.022700309753418,9.950799942016602,106900,13.326800346374512,3.924560070037842,0.3103199899196625
2007,1,4,0,0,0.9353060126304626,11.787199974060059,265,9.586899757385254,8.125900268554688,113054,17.73889923095703,4.172399997711182,0.37494999170303345
2007,1,4,3,0,0.9345890283584595,11.723299980163574,265,9.892399787902832,8.781399726867676,120457,17.73889923095703,4.32666015625,0.36160001158714294
2007,1,4,6,0,0.9390760064125061,12.260199546813965,265,10.598799705505371,9.546199798583984,123769,16.125999450683594,4.271639823913574,0.3300600051879883
2007,1,4,9,0,0.9455170035362244,12.650699615478516,275,11.138699531555176,10.162799835205078,131281,16.125999450683594,4.316860198974609,0.305869996547699
2007,1,4,12,0,0.9500529766082764,12.74590015411377,275,11.2322998046875,10.199000358581543,135917,16.125999450683594,4.369840145111084,0.29875001311302185
2007,1,4,15,0,0.9508150219917297,12.275699615478516,275,10.371700286865234,8.942500114440918,139432,16.125999450683594,4.5175299644470215,0.32569000124931335
2007,1,4,18,0,0.9480080008506775,11.682000160217285,275,9.85990047454834,8.605799674987793,145973,16.125999450683594,4.760069847106934,0.3397600054740906
2007,1,4,21,0,0.9479780197143555,11.646699905395508,275,9.942899703979492,8.748299598693848,139060,14.659700393676758,4.6556901931762695,0.3276500105857849
2007,1,5,0,0,0.9492409825325012,11.629400253295898,275,9.97089958190918,8.781100273132324,125298,14.659700393676758,4.422420024871826,0.32003000378608704
2007,1,5,3,0,0.9496480226516724,11.57229995727539,275,9.999300003051758,8.856399536132812,114654,14.659700393676758,4.243599891662598,0.31126999855041504
2007,1,5,6,0,0.9507910013198853,11.761099815368652,275,10.46780014038086,9.569000244140625,104690,14.659700393676758,4.019909858703613,0.28481000661849976
2007,1,5,9,0,0.9515079855918884,11.917900085449219,275,10.814499855041504,10.062000274658203,94914,13.326800346374512,3.7999699115753174,0.26256999373435974
2007,1,5,12,0,0.9360920190811157,10.976099967956543,275,8.778900146484375,7.13640022277832,88497,13.326800346374512,3.835829973220825,0.34205999970436096
2007,1,5,15,0,0.8787320256233215,9.55519962310791,265,7.8765997886657715,6.831699848175049,98862,13.326800346374512,4.409130096435547,0.37742000818252563
2007,1,5,18,0,0.8696780204772949,9.956500053405762,265,8.57699966430664,7.6691999435424805,110285,13.326800346374512,4.562049865722656,0.3326599895954132
2007,1,5,21,0,0.8769069910049438,10.405900001525879,265,9.036800384521484,8.114100456237793,133032,13.326800346374512,4.878759860992432,0.3187499940395355
2007,1,6,0,0,0.8933799862861633,10.723600387573242,265,9.398300170898438,8.50629997253418,163555,13.326800346374512,5.314949989318848,0.3093000054359436
2007,1,6,3,0,0.8970469832420349,10.771200180053711,265,9.417099952697754,8.497599601745605,207602,13.326800346374512,5.973710060119629,0.31233999133110046
2007,1,6,6,0,0.9189649820327759,11.254300117492676,275,10.108599662780762,9.369799613952637,295291,13.326800346374512,6.946710109710693,0.2840000092983246
2007,1,6,9,0,0.9270470142364502,11.811599731445312,275,10.673800468444824,9.937999725341797,302818,13.326800346374512,6.827390193939209,0.2741900086402893
2007,1,6,12,0,0.9347929954528809,12.100700378417969,275,10.90410041809082,10.117600440979004,257770,14.659700393676758,6.2039899826049805,0.2749199867248535
2007,1,6,15,0,0.9423109889030457,12.366700172424316,275,11.224100112915039,10.463199615478516,211002,14.659700393676758,5.5401201248168945,0.2646099925041199
2007,1,6,18,0,0.9468680024147034,12.617400169372559,275,11.598199844360352,10.934100151062012,180200,14.659700393676758,5.060229778289795,0.2500700056552887
2007,1,6,21,0,0.9495540261268616,12.77079963684082,275,11.793899536132812,11.163900375366211,161900,14.659700393676758,4.762740135192871,0.2448199987411499
2007,1,7,0,0,0.951138973236084,12.809399604797363,275,11.708000183105469,10.942700386047363,151051,14.659700393676758,4.591010093688965,0.2535400092601776
2007,1,7,3,0,0.9507669806480408,12.751099586486816,275,11.395500183105469,10.286100387573242,142800,14.659700393676758,4.473629951477051,0.268779993057251
2007,1,7,6,0,0.9319559931755066,11.83810043334961,275,9.594200134277344,7.946899890899658,136418,14.659700393676758,4.552909851074219,0.34540998935699463
2007,1,7,9,0,0.903810977935791,11.083000183105469,265,9.068499565124512,7.769999980926514,138933,14.659700393676758,4.783360004425049,0.3729400038719177
2007,1,7,12,0,0.8853849768638611,10.523300170898438,265,8.863200187683105,7.847599983215332,161646,14.659700393676758,5.340640068054199,0.3690199851989746
2007,1,7,15,0,0.8957570195198059,11.257599830627441,265,9.941699981689453,9.13379955291748,185039,12.114999771118164,5.502689838409424,0.31505000591278076
2007,1,7,18,0,0.904757022857666,11.810999870300293,265,10.582200050354004,9.801899909973145,212514,13.326800346374512,5.725780010223389,0.2903299927711487
2007,1,7,21,0,0.9173139929771423,12.580499649047852,275,11.430999755859375,10.696599960327148,232475,14.659700393676758,5.76285982131958,0.2695299983024597
2007,1,8,0,0,0.9309080243110657,13.314299583435059,275,12.131699562072754,11.351200103759766,266836,14.659700393676758,5.965879917144775,0.2602500021457672
2007,1,8,3,0,0.9395220279693604,13.708499908447266,275,12.565899848937988,11.812700271606445,268828,16.125999450683594,5.885409832000732,0.2510699927806854
2007,1,8,6,0,0.945032000541687,13.800100326538086,275,12.712300300598145,12.009300231933594,242716,16.125999450683594,5.570030212402344,0.24550999701023102
2007,1,8,9,0,0.9492490291595459,13.746399879455566,275,12.709600448608398,12.043700218200684,213768,16.125999450683594,5.238070011138916,0.24079999327659607
2007,1,8,12,0,0.9523130059242249,13.59160041809082,275,12.598600387573242,11.961099624633789,184640,16.125999450683594,4.899089813232422,0.23715999722480774
2007,1,8,15,0,0.9544020295143127,13.376799583435059,275,12.421899795532227,11.805800437927246,156118,16.125999450683594,4.545790195465088,0.23397000133991241
2007,1,8,18,0,0.9557690024375916,13.161499977111816,275,12.240599632263184,11.638899803161621,131087,14.659700393676758,4.20451021194458,0.2305700033903122
2007,1,8,21,0,0.9561629891395569,12.887399673461914,275,11.92240047454834,11.141799926757812,106101,14.659700393676758,3.8298399448394775,0.2309499979019165
2007,1,9,0,0,0.9126759767532349,10.798700332641602,265,8.490900039672852,6.973499774932861,90133,14.659700393676758,3.896389961242676,0.37571999430656433
2007,1,9,3,0,0.8965960144996643,10.386899948120117,265,8.479999542236328,7.231500148773193,78335,14.659700393676758,3.726099967956543,0.36625000834465027
2007,1,9,6,0,0.8966770172119141,9.95580005645752,265,8.128299713134766,6.963099956512451,68615,14.659700393676758,3.5784900188446045,0.37185999751091003
2007,1,9,9,0,0.8874300122261047,9.458600044250488,265,7.761199951171875,6.679699897766113,65848,13.326800346374512,3.6201400756835938,0.37136998772621155
2007,1,9,12,0,0.8723589777946472,9.192700386047363,265,7.738900184631348,6.780600070953369,72238,13.326800346374512,3.868989944458008,0.3503299951553345
2007,1,9,15,0,0.842074990272522,8.762299537658691,255,7.3003997802734375,6.335100173950195,82355,13.326800346374512,4.251430034637451,0.35714998841285706
2007,1,9,18,0,0.8306170105934143,8.883999824523926,245,7.71120023727417,6.89139986038208,98132,11.013500213623047,4.624839782714844,0.3161199986934662
2007,1,9,21,0,0.8599839806556702,9.567399978637695,255,8.6628999710083,8.051600456237793,124949,11.013500213623047,5.0100998878479,0.2690100073814392
2007,1,10,0,0,0.8697609901428223,9.309800148010254,265,8.409199714660645,7.796800136566162,101795,11.013500213623047,4.5968098640441895,0.27417001128196716
2007,1,10,3,0,0.8904370069503784,9.46780014038086,275,8.619400024414062,8.031000137329102,99604,11.013500213623047,4.5077900886535645,0.2592499852180481
2007,1,10,6,0,0.9148309826850891,9.622300148010254,275,8.733099937438965,8.091300010681152,90934,11.013500213623047,4.264200210571289,0.2580600082874298
2007,1,10,9,0,0.9225050210952759,9.690099716186523,275,8.79010009765625,8.131600379943848,81038,11.013500213623047,4.00816011428833,0.25672999024391174
2007,1,10,12,0,0.9223390221595764,9.570500373840332,275,8.643500328063965,7.95959997177124,72223,11.013500213623047,3.8119900226593018,0.2614699900150299
2007,1,10,15,0,0.9295139908790588,9.678400039672852,275,8.696000099182129,7.949100017547607,68833,11.013500213623047,3.6938600540161133,0.26482000946998596
2007,1,10,18,0,0.941100001335144,10.11050033569336,275,9.141500473022461,8.383899688720703,69915,11.013500213623047,3.6238999366760254,0.2553099989891052
2007,1,10,21,0,0.9495189785957336,10.610199928283691,275,9.780200004577637,9.147600173950195,68275,12.114999771118164,3.478339910507202,0.2338400036096573
2007,1,11,0,0,0.9528279900550842,10.839400291442871,285,10.090900421142578,9.541399955749512,64482,12.114999771118164,3.3367700576782227,0.2230599969625473
2007,1,11,3,0,0.9579100012779236,10.906200408935547,285,10.172800064086914,9.638999938964844,61910,12.114999771118164,3.257080078125,0.22100000083446503
2007,1,11,6,0,0.9610769748687744,10.88010025024414,285,10.168800354003906,9.679400444030762,58710,12.114999771118164,3.1769700050354004,0.22099000215530396
2007,1,11,9,0,0.9621130228042603,10.781299591064453,285,10.095499992370605,9.625,52963,12.114999771118164,3.0364699363708496,0.2192399948835373
2007,1,11,12,0,0.9612039923667908,10.547300338745117,285,9.729999542236328,8.884400367736816,45076,12.114999771118164,2.842210054397583,0.22402000427246094
2007,1,11,15,0,0.9513189792633057,10.053899765014648,285,8.734700202941895,7.490499973297119,36966,11.013500213623047,2.647469997406006,0.27140000462532043
2007,1,11,18,0,0.9496480226516724,9.899999618530273,285,8.515299797058105,7.2484002113342285,30398,11.013500213623047,2.426419973373413,0.29120001196861267
2007,1,11,21,0,0.952875018119812,10.071399688720703,285,8.692899703979492,7.462299823760986,26786,11.013500213623047,2.258699893951416,0.31777000427246094
2007,1,12,0,0,0.9593870043754578,10.500300407409668,285,9.069299697875977,7.876299858093262,24585,11.013500213623047,2.11395001411438,0.3540099859237671
2007,1,12,3,0,0.9607719779014587,10.912799835205078,285,8.968999862670898,7.428100109100342,23464,10.01200008392334,2.015779972076416,0.39906999468803406
2007,1,12,6,0,0.9650880098342896,11.827799797058105,285,9.867899894714355,8.670900344848633,24295,17.73889923095703,1.9519399404525757,0.40602999925613403
2007,1,12,9,0,0.9682430028915405,13.036299705505371,285,10.777600288391113,9.573699951171875,27242,17.73889923095703,1.949530005455017,0.3987700045108795
2007,1,12,12,0,0.9702410101890564,14.029600143432617,285,11.594400405883789,10.23550033569336,29926,17.73889923095703,1.9560799598693848,0.37470000982284546
2007,1,12,15,0,0.9720799922943115,14.901599884033203,285,12.489899635314941,10.976099967956543,34429,16.125999450683594,2.0242600440979004,0.3382300138473511
2007,1,12,18,0,0.9733629822731018,15.526800155639648,285,13.288700103759766,11.66409969329834,40073,19.513200759887695,2.130769968032837,0.3020400106906891
2007,1,12,21,0,0.9745579957962036,15.70740032196045,285,13.718099594116211,12.119400024414062,43471,19.513200759887695,2.2006900310516357,0.27570998668670654
2007,1,13,0,0,0.9755629897117615,15.773900032043457,285,14.059499740600586,12.561300277709961,47384,19.513200759887695,2.2874200344085693,0.2507300078868866
2007,1,13,3,0,0.9760059714317322,15.657600402832031,285,14.11520004272461,12.720000267028809,46959,17.73889923095703,2.283220052719116,0.23792000114917755
2007,1,13,6,0,0.9761199951171875,15.320899963378906,285,13.829000473022461,12.488200187683105,41296,17.73889923095703,2.165250062942505,0.23839999735355377
2007,1,13,9,0,0.9762210249900818,14.972100257873535,285,13.4931001663208,12.158900260925293,36248,17.73889923095703,2.053410053253174,0.24048000574111938
2007,1,13,12,0,0.9761639833450317,14.768400192260742,285,13.270999908447266,11.885199546813965,33000,17.73889923095703,1.9735300540924072,0.24160000681877136
2007,1,13,15,0,0.9754040241241455,14.646699905395508,285,13.062700271606445,11.543700218200684,29534,17.73889923095703,1.8757100105285645,0.24629999697208405
2007,1,13,18,0,0.9743070006370544,14.581500053405762,285,12.934499740600586,11.295900344848633,26123,17.73889923095703,1.768470048904419,0.2486400008201599
2007,1,13,21,0,0.973691999912262,14.546099662780762,285,12.947400093078613,11.28969955444336,23775,16.125999450683594,1.6885299682617188,0.24237999320030212
2007,1,14,0,0,0.9736210107803345,14.504799842834473,285,13.020500183105469,11.419400215148926,23190,16.125999450683594,1.6687300205230713,0.23060999810695648
2007,1,14,3,0,0.973281979560852,14.222399711608887,285,12.658100128173828,11.053099632263184,23815,16.125999450683594,1.7089899778366089,0.23670999705791473
2007,1,14,6,0,0.9731680154800415,13.76990032196045,285,12.136500358581543,10.532400131225586,24337,16.125999450683594,1.7609599828720093,0.249439999461174
2007,1,14,9,0,0.9727699756622314,13.183600425720215,285,11.556900024414062,10.085000038146973,24126,16.125999450683594,1.8004300594329834,0.26844000816345215
2007,1,14,12,0,0.9710620045661926,12.600700378417969,285,10.97029972076416,9.665800094604492,22659,16.125999450683594,1.7926599979400635,0.29148998856544495
2007,1,14,15,0,0.9674050211906433,12.203300476074219,285,10.531900405883789,9.293800354003906,20202,14.659700393676758,1.7242399454116821,0.30715999007225037
2007,1,14,18,0,0.9613369703292847,11.943900108337402,275,10.179100036621094,8.898799896240234,17753,14.659700393676758,1.6356600522994995,0.3173399865627289
2007,1,14,21,0,0.9554700255393982,11.73639965057373,275,9.853599548339844,8.487199783325195,15636,14.659700393676758,1.5498900413513184,0.326229989528656
2007,1,15,0,0,0.9494959712028503,11.535099983215332,275,9.52970027923584,8.09689998626709,13785,14.659700393676758,1.4692800045013428,0.3374899923801422
2007,1,15,3,0,0.943123996257782,11.26259994506836,275,9.143400192260742,7.704999923706055,12360,14.659700393676758,1.4098000526428223,0.3551900088787079
2007,1,15,6,0,0.939736008644104,11.1072998046875,275,8.96619987487793,7.558599948883057,12224,14.659700393676758,1.4124900102615356,0.36298999190330505
2007,1,15,9,0,0.9450330138206482,11.207200050354004,275,9.289600372314453,7.9197001457214355,14400,14.659700393676758,1.527609944343567,0.33403000235557556
2007,1,15,12,0,0.950751006603241,11.05780029296875,275,9.551400184631348,8.374199867248535,17588,13.326800346374512,1.7094899415969849,0.2983100116252899
2007,1,15,15,0,0.9470540285110474,10.625200271606445,275,9.310199737548828,8.301600456237793,19162,12.114999771118164,1.8325899839401245,0.2923099994659424
2007,1,15,18,0,0.9320539832115173,10.194999694824219,275,8.817399978637695,7.7565999031066895,18928,12.114999771118164,1.8675600290298462,0.30605998635292053
2007,1,15,21,0,0.9121479988098145,9.640399932861328,265,7.943299770355225,6.704400062561035,19307,12.114999771118164,1.9457800388336182,0.343639999628067
2007,1,16,0,0,0.8813769817352295,9.067399978637695,265,7.161900043487549,5.955900192260742,22171,12.114999771118164,2.1547698974609375,0.386819988489151
2007,1,16,3,0,0.871533989906311,9.151800155639648,265,7.292200088500977,6.103799819946289,28231,12.114999771118164,2.4180099964141846,0.380950003862381
2007,1,16,6,0,0.8644809722900391,9.036800384521484,255,7.346099853515625,6.236800193786621,37454,12.114999771118164,2.8115200996398926,0.36645999550819397
2007,1,16,9,0,0.8486490249633789,8.85830020904541,255,7.375699996948242,6.3566999435424805,41876,12.114999771118164,3.017669916152954,0.3477199971675873
2007,1,16,12,0,0.8330749869346619,8.715100288391113,245,7.291900157928467,6.307499885559082,39160,11.013500213623047,2.949160099029541,0.34856000542640686
2007,1,16,15,0,0.8417369723320007,9.292099952697754,255,8.151700019836426,7.426400184631348,31904,11.013500213623047,2.5697600841522217,0.32603999972343445
2007,1,16,18,0,0.8625230193138123,9.816800117492676,255,8.627400398254395,7.961400032043457,29223,11.013500213623047,2.379460096359253,0.3412899971008301
2007,1,16,21,0,0.8852720260620117,10.251399993896484,265,8.88010025024414,8.17770004272461,31220,16.125999450683594,2.390850067138672,0.36371999979019165
2007,1,17,0,0,0.9011420011520386,10.785699844360352,265,9.236200332641602,8.422499656677246,34533,16.125999450683594,2.4332799911499023,0.3655500113964081
2007,1,17,3,0,0.9161810278892517,11.200300216674805,275,9.528599739074707,8.567500114440918,37905,16.125999450683594,2.4872899055480957,0.3558200001716614
2007,1,17,6,0,0.9281740188598633,11.398099899291992,275,9.687999725341797,8.64430046081543,41339,14.659700393676758,2.5668599605560303,0.3442800045013428
2007,1,17,9,0,0.9366949796676636,11.616900444030762,275,10.032699584960938,9.029399871826172,44505,14.659700393676758,2.6329400539398193,0.32030001282691956
2007,1,17,12,0,0.9424899816513062,11.716400146484375,275,10.308500289916992,9.37090015411377,46847,14.659700393676758,2.6893301010131836,0.29506999254226685
2007,1,17,15,0,0.9464380145072937,11.660099983215332,275,10.404000282287598,9.535099983215332,46416,14.659700393676758,2.687350034713745,0.2762700021266937
2007,1,17,18,0,0.9486770033836365,11.482600212097168,275,10.32289981842041,9.51039981842041,43139,13.326800346374512,2.617449998855591,0.2663100063800812
2007,1,17,21,0,0.9493089914321899,11.273500442504883,275,10.210399627685547,9.471699714660645,38050,13.326800346374512,2.488770008087158,0.25852999091148376
2007,1,18,0,0,0.9487320184707642,11.049200057983398,275,10.065299987792969,9.392000198364258,32526,13.326800346374512,2.332170009613037,0.2531200051307678
2007,1,18,3,0,0.9465270042419434,10.799500465393066,275,9.856399536132812,9.208800315856934,27066,13.326800346374512,2.159590005874634,0.2517000138759613
2007,1,18,6,0,0.9338589906692505,10.004799842834473,275,8.230199813842773,6.77209997177124,21930,12.114999771118164,2.0302999019622803,0.31139999628067017
2007,1,18,9,0,0.8927479982376099,8.183199882507324,265,6.498600006103516,5.49399995803833,21266,12.114999771118164,2.240540027618408,0.39980998635292053
2007,1,18,12,0,0.8441619873046875,7.444900035858154,255,6.220900058746338,5.446499824523926,27685,8.274100303649902,2.712660074234009,0.3682299852371216
2007,1,18,15,0,0.8184490203857422,7.771900177001953,245,6.632199764251709,5.848899841308594,37000,9.101699829101562,3.071890115737915,0.3365800082683563
2007,1,18,18,0,0.8115599751472473,8.250499725341797,255,7.061100006103516,6.238800048828125,37986,10.01200008392334,3.0079400539398193,0.3361299932003021
2007,1,18,21,0,0.8263949751853943,8.561599731445312,255,7.255499839782715,6.379000186920166,39674,11.013500213623047,3.0042500495910645,0.35530999302864075
2007,1,19,0,0,0.8482480049133301,8.932499885559082,265,7.569699764251709,6.689899921417236,46270,11.013500213623047,3.161829948425293,0.3625200092792511
2007,1,19,3,0,0.8392810225486755,9.005399703979492,265,7.464600086212158,6.497000217437744,58377,11.013500213623047,3.5260701179504395,0.3829599916934967
2007,1,19,6,0,0.8281049728393555,9.182900428771973,255,7.5991997718811035,6.61899995803833,69024,11.013500213623047,3.787569999694824,0.3874399960041046
2007,1,19,9,0,0.8393599987030029,9.548800468444824,265,7.9375,6.923299789428711,71413,11.013500213623047,3.7644500732421875,0.37992000579833984
2007,1,19,12,0,0.8662170171737671,10.0378999710083,265,8.44219970703125,7.419099807739258,72867,12.114999771118164,3.6902201175689697,0.3642500042915344
2007,1,19,15,0,0.903003990650177,10.810199737548828,265,9.458999633789062,8.669300079345703,67936,16.125999450683594,3.411180019378662,0.3274199962615967
2007,1,19,18,0,0.9222990274429321,11.183099746704102,265,9.884200096130371,9.123100280761719,61628,16.125999450683594,3.1819100379943848,0.3109099864959717
2007,1,19,21,0,0.9306359887123108,11.245699882507324,265,9.897299766540527,9.017600059509277,54640,16.125999450683594,2.984339952468872,0.30643001198768616
2007,1,20,0,0,0.9335690140724182,11.04800033569336,275,9.55150032043457,8.420000076293945,47092,14.659700393676758,2.7986299991607666,0.30983999371528625
2007,1,20,3,0,0.9341049790382385,10.874300003051758,275,9.337699890136719,8.148300170898438,40875,14.659700393676758,2.6313400268554688,0.30994999408721924
2007,1,20,6,0,0.9289289712905884,9.844799995422363,265,7.920000076293945,6.668600082397461,39265,14.659700393676758,2.725759983062744,0.37439000606536865
2007,1,20,9,0,0.9239339828491211,9.38070011138916,265,7.899799823760986,6.95359992980957,41777,14.659700393676758,2.9038898944854736,0.3576900064945221
2007,1,20,12,0,0.9269199967384338,9.407899856567383,275,8.061100006103516,7.170899868011475,38827,13.326800346374512,2.801409959793091,0.3386799991130829
2007,1,20,15,0,0.9312289953231812,9.424699783325195,275,8.099900245666504,7.187699794769287,39165,13.326800346374512,2.8143200874328613,0.3296000063419342
2007,1,20,18,0,0.9384689927101135,9.923100471496582,275,8.806699752807617,8.062800407409668,43230,13.326800346374512,2.8727800846099854,0.2981399893760681
2007,1,20,21,0,0.9446049928665161,10.395999908447266,275,9.419899940490723,8.79259967803955,46581,13.326800346374512,2.902790069580078,0.27303001284599304
2007,1,21,0,0,0.9475209712982178,10.651700019836426,275,9.751299858093262,9.175600051879883,46692,12.114999771118164,2.865530014038086,0.26003000140190125
2007,1,21,3,0,0.9486150145530701,10.768600463867188,275,9.900300025939941,9.352100372314453,44754,12.114999771118164,2.787569999694824,0.25582998991012573
2007,1,21,6,0,0.9494730234146118,10.81029987335205,275,9.94480037689209,9.399200439453125,41569,11.013500213623047,2.6800599098205566,0.2559100091457367
2007,1,21,9,0,0.9497110247612,10.792799949645996,275,9.868599891662598,9.199399948120117,37089,11.013500213623047,2.5330300331115723,0.2591800093650818
2007,1,21,12,0,0.9360020160675049,10.03950023651123,275,8.202400207519531,6.798999786376953,31485,13.326800346374512,2.424609899520874,0.3359000086784363
2007,1,21,15,0,0.8967199921607971,8.954700469970703,265,7.178199768066406,6.06279993057251,30111,13.326800346374512,2.5292398929595947,0.3899799883365631
2007,1,21,18,0,0.8525999784469604,8.462400436401367,255,6.8653998374938965,5.883299827575684,35484,13.326800346374512,2.8409900665283203,0.3923400044441223
2007,1,21,21,0,0.8310080170631409,8.605899810791016,255,7.072500228881836,6.090799808502197,38701,13.326800346374512,2.9415700435638428,0.37641000747680664
2007,1,22,0,0,0.8281099796295166,8.937999725341797,255,7.328800201416016,6.289700031280518,39081,13.326800346374512,2.8887100219726562,0.37286001443862915
2007,1,22,3,0,0.8440150022506714,9.33650016784668,265,7.540200233459473,6.400400161743164,44602,13.326800346374512,3.002700090408325,0.37994998693466187
2007,1,22,6,0,0.8559110164642334,9.878499984741211,265,7.915800094604492,6.682799816131592,59529,13.326800346374512,3.352449893951416,0.3904399871826172
2007,1,22,9,0,0.8672149777412415,10.478500366210938,275,8.371899604797363,7.037499904632568,78589,13.326800346374512,3.71628999710083,0.38927000761032104
2007,1,22,12,0,0.8639649748802185,10.478500366210938,275,8.47700023651123,7.1905999183654785,85451,14.659700393676758,3.8737800121307373,0.37748000025749207
2007,1,22,15,0,0.8533279895782471,10.149700164794922,265,8.293899536132812,7.082300186157227,83887,13.326800346374512,3.913830041885376,0.369049996137619
2007,1,22,18,0,0.8469160199165344,9.892200469970703,265,8.206399917602539,7.07919979095459,85897,13.326800346374512,4.027959823608398,0.35648998618125916
2007,1,22,21,0,0.852491021156311,9.984000205993652,265,8.442999839782715,7.364200115203857,90649,13.326800346374512,4.122900009155273,0.33434000611305237
2007,1,23,0,0,0.8710709810256958,10.351400375366211,265,9.006400108337402,8.041799545288086,90778,13.326800346374512,4.0441999435424805,0.30511000752449036
2007,1,23,3,0,0.8848620057106018,10.508099555969238,265,9.16819953918457,8.157699584960938,86352,13.326800346374512,3.909869909286499,0.2956100106239319
2007,1,23,6,0,0.8738359808921814,10.043800354003906,255,8.469200134277344,7.309000015258789,82983,12.114999771118164,3.932529926300049,0.3244900107383728
2007,1,23,9,0,0.8625389933586121,9.73449993133545,255,8.275099754333496,7.234399795532227,79902,12.114999771118164,3.936110019683838,0.325980007648468
2007,1,23,12,0,0.8547340035438538,9.567999839782715,245,8.180800437927246,7.177499771118164,74238,12.114999771118164,3.8381500244140625,0.3215999901294708
2007,1,23,15,0,0.8558300137519836,9.440899848937988,245,8.079700469970703,7.091100215911865,66903,12.114999771118164,3.6754000186920166,0.3203200101852417
2007,1,23,18,0,0.8545209765434265,9.31089973449707,245,8.041399955749512,7.138999938964844,60687,12.114999771118164,3.532639980316162,0.31626999378204346
2007,1,23,21,0,0.8593810200691223,9.328800201416016,245,8.071000099182129,7.148399829864502,53082,12.114999771118164,3.3024799823760986,0.3104200065135956
2007,1,24,0,0,0.8662269711494446,9.2568998336792,245,7.971499919891357,7.021599769592285,47917,12.114999771118164,3.152009963989258,0.3129099905490875
2007,1,24,3,0,0.8764190077781677,9.303099632263184,245,8.05370044708252,7.122700214385986,43805,12.114999771118164,3.0066299438476562,0.3069800138473511
2007,1,24,6,0,0.8889619708061218,9.391599655151367,245,8.191800117492676,7.2820000648498535,39453,12.114999771118164,2.8395400047302246,0.298770010471344
2007,1,24,9,0,0.9023330211639404,9.570699691772461,245,8.523200035095215,7.748799800872803,35624,12.114999771118164,2.6718099117279053,0.2834300100803375
2007,1,24,12,0,0.9146950244903564,9.76509952545166,245,8.781800270080566,8.067399978637695,32534,11.013500213623047,2.5253000259399414,0.2769800126552582
2007,1,24,15,0,0.9250879883766174,10.0802001953125,245,9.133299827575684,8.504400253295898,32079,11.013500213623047,2.4613900184631348,0.27847999334335327
2007,1,24,18,0,0.9328179955482483,10.643199920654297,255,9.669599533081055,9.043700218200684,36643,11.013500213623047,2.5447700023651123,0.2810699939727783
2007,1,24,21,0,0.9457449913024902,11.301600456237793,255,10.334699630737305,9.718600273132324,46664,12.114999771118164,2.7659599781036377,0.271450012922287
2007,1,25,0,0,0.9530320167541504,11.705599784851074,255,10.742500305175781,10.114999771118164,57833,12.114999771118164,3.0109100341796875,0.26232999563217163
2007,1,25,3,0,0.9538130164146423,11.771100044250488,255,10.66759967803955,9.81470012664795,65487,13.326800346374512,3.1895899772644043,0.266759991645813
2007,1,25,6,0,0.949491024017334,11.772600173950195,255,10.559100151062012,9.559700012207031,69246,13.326800346374512,3.2768399715423584,0.27129998803138733
2007,1,25,9,0,0.9410229921340942,11.88700008392334,255,10.734199523925781,9.8858003616333,71986,13.326800346374512,3.3200199604034424,0.2691200077533722
2007,1,25,12,0,0.9277549982070923,11.97599983215332,255,10.7391996383667,9.738900184631348,77945,13.326800346374512,3.4352400302886963,0.2681100070476532
2007,1,25,15,0,0.9150260090827942,11.956999778747559,255,10.71310043334961,9.656999588012695,81421,13.326800346374512,3.512269973754883,0.26131001114845276
2007,1,25,18,0,0.9073870182037354,11.920100212097168,265,10.94480037689209,10.204000473022461,78082,13.326800346374512,3.449739933013916,0.24128000438213348
2007,1,25,21,0,0.9033679962158203,11.704700469970703,265,10.858599662780762,10.279999732971191,70430,13.326800346374512,3.316270112991333,0.23378999531269073
2007,1,26,0,0,0.9003300070762634,11.297300338745117,265,10.522000312805176,10.024800300598145,62079,12.114999771118164,3.1862900257110596,0.23346999287605286
2007,1,26,3,0,0.8980079889297485,10.869999885559082,265,10.142000198364258,9.689399719238281,54693,12.114999771118164,3.066890001296997,0.23416000604629517
2007,1,26,6,0,0.8917719721794128,10.553500175476074,265,9.837300300598145,9.397299766540527,45066,12.114999771118164,2.837160110473633,0.2372400015592575
2007,1,26,9,0,0.8824620246887207,10.302599906921387,265,9.58329963684082,9.144599914550781,35028,11.013500213623047,2.5394599437713623,0.24161000549793243
2007,1,26,12,0,0.8753989934921265,10.131799697875977,265,9.409899711608887,8.968500137329102,27365,11.013500213623047,2.268090009689331,0.24422000348567963
2007,1,26,15,0,0.8715659976005554,9.99839973449707,265,9.249300003051758,8.745100021362305,21750,11.013500213623047,2.0384600162506104,0.24709999561309814
2007,1,26,18,0,0.8571839928627014,9.32450008392334,265,7.43779993057251,5.912199974060059,18102,11.013500213623047,1.9309500455856323,0.3217400014400482
2007,1,26,21,0,0.8612359762191772,9.551899909973145,275,8.086199760437012,6.788400173187256,15358,10.01200008392334,1.7579400539398193,0.30882999300956726
2007,1,27,0,0,0.8706089854240417,9.903499603271484,275,8.368399620056152,7.161200046539307,14263,10.01200008392334,1.6597199440002441,0.3559199869632721
2007,1,27,3,0,0.9001870155334473,11.112199783325195,275,9.089500427246094,7.651599884033203,16357,10.01200008392334,1.6589699983596802,0.4052700102329254
2007,1,27,6,0,0.9310200214385986,12.896300315856934,275,10.26710033416748,8.321599960327148,23903,17.73889923095703,1.8310500383377075,0.3875899910926819
2007,1,27,9,0,0.9486830234527588,14.209099769592285,275,11.689800262451172,9.547800064086914,35004,17.73889923095703,2.087899923324585,0.32916000485420227
2007,1,27,12,0,0.95797199010849,14.84630012512207,275,12.560400009155273,10.211999893188477,47007,17.73889923095703,2.3536899089813232,0.28224998712539673
2007,1,27,15,0,0.9632930159568787,15.165800094604492,275,13.367500305175781,11.348199844360352,58677,17.73889923095703,2.5942299365997314,0.24503999948501587
2007,1,27,18,0,0.9659979939460754,15.215499877929688,275,13.852499961853027,12.315600395202637,66696,17.73889923095703,2.7573299407958984,0.2177799940109253
2007,1,27,21,0,0.9672110080718994,15.102100372314453,275,14.08430004119873,13.016500473022461,68254,16.125999450683594,2.798680067062378,0.19763000309467316
2007,1,28,0,0,0.9672549962997437,14.885000228881836,275,14.057999610900879,13.280599594116211,64934,16.125999450683594,2.7508199214935303,0.18688000738620758
2007,1,28,3,0,0.9666360020637512,14.618599891662598,275,13.893099784851074,13.27929973602295,59567,16.125999450683594,2.6612000465393066,0.18158000707626343
2007,1,28,6,0,0.9656440019607544,14.338600158691406,275,13.654600143432617,13.105899810791016,53692,16.125999450683594,2.5545599460601807,0.18008999526500702
2007,1,28,9,0,0.9636039733886719,13.983200073242188,275,13.173199653625488,12.299099922180176,47209,14.659700393676758,2.430569887161255,0.18643000721931458
2007,1,28,12,0,0.9613410234451294,13.665900230407715,275,12.940899848937988,12.20989990234375,41692,14.659700393676758,2.315809965133667,0.18353000283241272
2007,1,28,15,0,0.9591789841651917,13.352299690246582,275,12.477899551391602,11.456000328063965,37995,14.659700393676758,2.24114990234375,0.1902099996805191
2007,1,28,18,0,0.9579269886016846,13.107799530029297,275,12.23330020904541,11.214599609375,34193,14.659700393676758,2.150369882583618,0.19133000075817108
2007,1,28,21,0,0.955892026424408,12.83549976348877,275,12.043700218200684,11.175700187683105,29695,14.659700393676758,2.0310399532318115,0.1894800066947937
2007,1,29,0,0,0.9507949948310852,12.504300117492676,275,11.764200210571289,11.013899803161621,25409,13.326800346374512,1.9105600118637085,0.19089999794960022
2007,1,29,3,0,0.9436389803886414,12.177200317382812,275,11.459699630737305,10.788999557495117,21876,13.326800346374512,1.8033299446105957,0.19637000560760498
2007,1,29,6,0,0.9369630217552185,11.918800354003906,275,11.135600090026855,10.415399551391602,19064,13.326800346374512,1.7072800397872925,0.20920999348163605
2007,1,29,9,0,0.9329280257225037,11.851900100708008,275,10.95930004119873,10.128600120544434,17214,13.326800346374512,1.6296199560165405,0.22869999706745148
2007,1,29,12,0,0.9316980242729187,12.005900382995605,275,10.73639965057373,9.503199577331543,17119,13.326800346374512,1.6121599674224854,0.26374000310897827
2007,1,29,15,0,0.9363740086555481,12.485699653625488,275,11.035699844360352,9.701000213623047,19508,12.114999771118164,1.6785399913787842,0.27428001165390015
2007,1,29,18,0,0.946340024471283,13.068599700927734,275,11.855799674987793,10.741900444030762,23802,16.125999450683594,1.8015799522399902,0.2469400018453598
2007,1,29,21,0,0.9517710208892822,13.274900436401367,275,12.23490047454834,11.230199813842773,26972,16.125999450683594,1.8979300260543823,0.22450999915599823
2007,1,30,0,0,0.954200029373169,13.196100234985352,275,12.3681001663208,11.666600227355957,27801,14.659700393676758,1.9330400228500366,0.20667000114917755
2007,1,30,3,0,0.9550449848175049,12.992799758911133,275,12.274499893188477,11.688400268554688,27182,14.659700393676758,1.929229974746704,0.19475999474525452
2007,1,30,6,0,0.9536299705505371,12.738300323486328,275,12.061200141906738,11.511899948120117,25067,14.659700393676758,1.87568998336792,0.19133999943733215
2007,1,30,9,0,0.9505410194396973,12.395000457763672,265,11.711999893188477,11.168800354003906,21472,14.659700393676758,1.7663700580596924,0.19589999318122864
2007,1,30,12,0,0.947987973690033,12.060700416564941,265,11.342300415039062,10.715499877929688,18262,13.326800346374512,1.6578099727630615,0.20205000042915344
2007,1,30,15,0,0.9395769834518433,11.086799621582031,265,8.121899604797363,5.551599979400635,16451,13.326800346374512,1.6491899490356445,0.2809099853038788
2007,1,30,18,0,0.9337360262870789,11.070899963378906,265,8.922699928283691,6.956299781799316,15652,13.326800346374512,1.6100800037384033,0.2953599989414215
2007,1,30,21,0,0.9370530247688293,11.193900108337402,265,9.508999824523926,7.999499797821045,15745,13.326800346374512,1.6052900552749634,0.286080002784729
2007,1,31,0,0,0.9424660205841064,11.401100158691406,265,10.09589958190918,8.955100059509277,16326,13.326800346374512,1.6189099550247192,0.2647800147533417
2007,1,31,3,0,0.946058988571167,11.559399604797363,255,10.362899780273438,9.263500213623047,17385,13.326800346374512,1.6586999893188477,0.25525999069213867
2007,1,31,6,0,0.9474599957466125,11.736800193786621,255,10.361800193786621,8.96310043334961,19320,12.114999771118164,1.7333799600601196,0.26208001375198364
2007,1,31,9,0,0.9488250017166138,12.104499816894531,255,10.650300025939941,9.002400398254395,22572,12.114999771118164,1.839359998703003,0.25898000597953796
2007,1,31,12,0,0.9491860270500183,12.458200454711914,255,11.101300239562988,9.56779956817627,26499,12.114999771118164,1.9578499794006348,0.25123000144958496
2007,1,31,15,0,0.9498299956321716,12.671299934387207,255,11.502799987792969,10.374799728393555,29995,12.114999771118164,2.0607199668884277,0.24289000034332275
2007,1,31,18,0,0.9520800113677979,12.7878999710083,255,11.767200469970703,10.8572998046875,32084,14.659700393676758,2.119270086288452,0.23312999308109283
2007,1,31,21,0,0.9538149833679199,12.813599586486816,255,11.881799697875977,11.11929988861084,32019,14.659700393676758,2.114870071411133,0.22958999872207642
2007,2,1,0,0,0.9551690220832825,12.846500396728516,255,11.924500465393066,11.268400192260742,30737,14.659700393676758,2.0694899559020996,0.23451000452041626
2007,2,1,3,0,0.9568089842796326,12.997300148010254,255,12.001999855041504,11.320899963378906,30146,16.125999450683594,2.0356900691986084,0.24403999745845795
2007,2,1,6,0,0.9602550268173218,13.27810001373291,255,12.205499649047852,11.465700149536133,31167,16.125999450683594,2.0434699058532715,0.24905000627040863
2007,2,1,9,0,0.9649410247802734,13.543800354003906,255,12.444499969482422,11.660300254821777,32492,16.125999450683594,2.0617499351501465,0.24722999334335327
2007,2,1,12,0,0.9682499766349792,13.712900161743164,255,12.458399772644043,11.170100212097168,33948,14.659700393676758,2.091249942779541,0.24470999836921692
2007,2,1,15,0,0.9655200242996216,13.418600082397461,255,10.895000457763672,8.116800308227539,35490,14.659700393676758,2.16018009185791,0.2756099998950958
2007,2,1,18,0,0.9655629992485046,13.433300018310547,255,10.994000434875488,8.2052001953125,36021,14.659700393676758,2.173409938812256,0.26517000794410706
2007,2,1,21,0,0.967212975025177,13.593999862670898,255,12.12090015411377,10.424500465393066,35498,14.659700393676758,2.14382004737854,0.23500999808311462
2007,2,2,0,0,0.9690319895744324,13.607500076293945,255,12.636500358581543,11.646599769592285,34172,14.659700393676758,2.103490114212036,0.20970000326633453
2007,2,2,3,0,0.9685119986534119,13.422599792480469,255,12.628600120544434,11.914299964904785,31631,14.659700393676758,2.0411698818206787,0.19976000487804413
2007,2,2,6,0,0.9670850038528442,13.145000457763672,255,12.443900108337402,11.885700225830078,28182,13.326800346374512,1.9521100521087646,0.19559000432491302
2007,2,2,9,0,0.9646329879760742,12.79419994354248,255,12.105400085449219,11.540800094604492,24212,13.326800346374512,1.840749979019165,0.19705000519752502
2007,2,2,12,0,0.9612789750099182,12.410699844360352,255,11.737199783325195,11.16819953918457,20341,13.326800346374512,1.72052001953125,0.19888000190258026
2007,2,2,15,0,0.9566439986228943,12.059900283813477,255,11.366000175476074,10.74489974975586,17279,12.114999771118164,1.6152100563049316,0.2034199982881546
2007,2,2,18,0,0.951574981212616,11.797300338745117,255,11.129899978637695,10.603899955749512,14863,12.114999771118164,1.5199700593948364,0.20920999348163605
2007,2,2,21,0,0.9468749761581421,11.677000045776367,255,10.947199821472168,10.374099731445312,13356,12.114999771118164,1.4507900476455688,0.22398999333381653
2007,2,3,0,0,0.9480990171432495,11.9753999710083,255,11.180299758911133,10.640600204467773,14022,12.114999771118164,1.46274995803833,0.23995999991893768
2007,2,3,3,0,0.9535139799118042,12.524900436401367,255,11.621100425720215,11.038599967956543,18378,14.659700393676758,1.6254299879074097,0.24178999662399292
2007,2,3,6,0,0.9573389887809753,12.887999534606934,255,11.962699890136719,11.279000282287598,25259,14.659700393676758,1.8699699640274048,0.2277200073003769
2007,2,3,9,0,0.9586790204048157,13.016500473022461,255,12.215999603271484,11.586099624633789,31377,13.326800346374512,2.07207989692688,0.20958000421524048
2007,2,3,12,0,0.956483006477356,12.838700294494629,255,11.66819953918457,10.121500015258789,35116,13.326800346374512,2.209670066833496,0.21548999845981598
2007,2,3,15,0,0.9401170015335083,11.505900382995605,255,9.32349967956543,7.567699909210205,37690,13.326800346374512,2.432770013809204,0.32300999760627747
2007,2,3,18,0,0.9165650010108948,10.592700004577637,255,8.283699989318848,6.73330020904541,37969,13.326800346374512,2.5599899291992188,0.37088000774383545
2007,2,3,21,0,0.8983029723167419,9.976300239562988,245,7.889599800109863,6.543499946594238,37066,13.326800346374512,2.623029947280884,0.3835900127887726
2007,2,4,0,0,0.8812450170516968,9.546299934387207,245,7.7459001541137695,6.565999984741211,37255,13.326800346374512,2.7068700790405273,0.37599000334739685
2007,2,4,3,0,0.8738250136375427,9.571200370788574,245,7.9475998878479,6.823400020599365,37899,13.326800346374512,2.733330011367798,0.3535900115966797
2007,2,4,6,0,0.871300995349884,9.605899810791016,245,8.050200462341309,6.936800003051758,38093,12.114999771118164,2.738070011138916,0.3399600088596344
2007,2,4,9,0,0.8712289929389954,9.698200225830078,245,8.274800300598145,7.228899955749512,36455,12.114999771118164,2.666759967803955,0.3236199915409088
2007,2,4,12,0,0.8685629963874817,9.588299751281738,245,8.110600471496582,7.023499965667725,34022,13.326800346374512,2.593329906463623,0.3274799883365631
2007,2,4,15,0,0.8683639764785767,9.499699592590332,245,8.139399528503418,7.154600143432617,31511,13.326800346374512,2.5119400024414062,0.3209800124168396
2007,2,4,18,0,0.8721330165863037,9.517200469970703,245,8.286700248718262,7.412499904632568,28113,12.114999771118164,2.373270034790039,0.30882999300956726
2007,2,4,21,0,0.8784379959106445,9.559900283813477,245,8.44219970703125,7.672699928283691,25085,12.114999771118164,2.2390201091766357,0.296640008687973
2007,2,5,0,0,0.8829920291900635,9.598099708557129,245,8.578499794006348,7.889200210571289,22811,12.114999771118164,2.1332499980926514,0.2843399941921234
2007,2,5,3,0,0.8863509893417358,9.631699562072754,245,8.701399803161621,8.07800006866455,21438,12.114999771118164,2.0665600299835205,0.2722800076007843
2007,2,5,6,0,0.8906440138816833,9.659099578857422,245,8.803500175476074,8.234800338745117,20943,11.013500213623047,2.0413999557495117,0.2614099979400635
2007,2,5,9,0,0.8962399959564209,9.691800117492676,245,8.897700309753418,8.371100425720215,20982,11.013500213623047,2.0411899089813232,0.2514500021934509
2007,2,5,12,0,0.9015370011329651,9.72249984741211,245,8.975700378417969,8.481300354003906,21021,11.013500213623047,2.040800094604492,0.2435699999332428
2007,2,5,15,0,0.904790997505188,9.749600410461426,245,9.034299850463867,8.561599731445312,20789,11.013500213623047,2.027139902114868,0.2383500039577484
2007,2,5,18,0,0.9054009914398193,9.784600257873535,245,9.090399742126465,8.632200241088867,20478,11.013500213623047,2.0081899166107178,0.23473000526428223
2007,2,5,21,0,0.9043470025062561,9.818900108337402,245,9.138999938964844,8.690999984741211,20117,11.013500213623047,1.9865599870681763,0.23242999613285065
2007,2,6,0,0,0.9019119739532471,9.837400436401367,245,9.16919994354248,8.7298002243042,19666,11.013500213623047,1.962249994277954,0.2308499962091446
2007,2,6,3,0,0.8983830213546753,9.833200454711914,235,9.179100036621094,8.749899864196777,19157,11.013500213623047,1.9376100301742554,0.2291799932718277
2007,2,6,6,0,0.8923829793930054,9.794099807739258,235,9.154199600219727,8.737199783325195,18450,11.013500213623047,1.9065099954605103,0.22822999954223633
2007,2,6,9,0,0.8866289854049683,9.720000267028809,235,9.086799621582031,8.679400444030762,17353,11.013500213623047,1.8576500415802002,0.22946999967098236
2007,2,6,12,0,0.884585976600647,9.632399559020996,235,8.996000289916992,8.592300415039062,15979,11.013500213623047,1.7922300100326538,0.2326499968767166
2007,2,6,15,0,0.8850029706954956,9.570699691772461,235,8.923199653625488,8.513999938964844,14728,10.01200008392334,1.7271000146865845,0.23624999821186066
2007,2,6,18,0,0.8857839703559875,9.512399673461914,235,8.750499725341797,8.127300262451172,13723,10.01200008392334,1.672569990158081,0.24363000690937042
2007,2,6,21,0,0.8853179812431335,8.70259952545166,235,7.317399978637695,6.297699928283691,13945,10.01200008392334,1.766510009765625,0.3275200128555298
2007,2,7,0,0,0.8819940090179443,8.518899917602539,225,7.2667999267578125,6.4008002281188965,14105,10.01200008392334,1.797510027885437,0.333189994096756
2007,2,7,3,0,0.8804119825363159,8.601799964904785,225,7.338900089263916,6.453000068664551,13573,10.01200008392334,1.7530800104141235,0.3341900110244751
2007,2,7,6,0,0.8788149952888489,8.63640022277832,225,7.359499931335449,6.478000164031982,13405,10.01200008392334,1.736930012702942,0.3433400094509125
2007,2,7,9,0,0.877472996711731,8.650099754333496,225,7.352799892425537,6.412499904632568,13828,10.01200008392334,1.7628300189971924,0.35089001059532166
2007,2,7,12,0,0.849228024482727,8.35990047454834,225,6.531300067901611,5.429699897766113,15479,10.01200008392334,1.8962500095367432,0.4163300096988678
2007,2,7,15,0,0.8410459756851196,8.893799781799316,225,7.1143999099731445,5.976099967956543,17819,10.01200008392334,1.9652199745178223,0.4106200039386749
2007,2,7,18,0,0.831180989742279,9.40719985961914,235,7.529600143432617,6.275199890136719,22260,9.101699829101562,2.125839948654175,0.41422000527381897
2007,2,7,21,0,0.8252419829368591,9.870599746704102,235,8.136799812316895,7.054999828338623,30153,9.101699829101562,2.4051198959350586,0.4097500145435333
2007,2,8,0,0,0.8086540102958679,10.296699523925781,245,8.3996000289917,7.242499828338623,35658,17.73889923095703,2.5460801124572754,0.4124999940395355
2007,2,8,3,0,0.8058819770812988,10.674300193786621,245,8.512499809265137,7.16540002822876,38600,17.73889923095703,2.5857300758361816,0.4112800061702728
2007,2,8,6,0,0.8075640201568604,10.881500244140625,255,8.625,7.20550012588501,41423,16.125999450683594,2.6427700519561768,0.40408000349998474
2007,2,8,9,0,0.8109170198440552,10.982199668884277,255,8.866999626159668,7.498199939727783,42132,16.125999450683594,2.6503100395202637,0.38628000020980835
2007,2,8,12,0,0.8099030256271362,10.769200325012207,255,8.625200271606445,7.205900192260742,42142,16.125999450683594,2.6796600818634033,0.38383999466896057
2007,2,8,15,0,0.8103119730949402,10.479100227355957,255,8.42770004272461,7.071000099182129,42781,16.125999450683594,2.744189977645874,0.3809800148010254
2007,2,8,18,0,0.8175359964370728,10.340999603271484,255,8.537199974060059,7.310999870300293,42649,14.659700393676758,2.766010046005249,0.36267998814582825
2007,2,8,21,0,0.8333050012588501,10.441200256347656,255,8.945899963378906,7.91349983215332,41253,14.659700393676758,2.7101900577545166,0.33228999376296997
2007,2,9,0,0,0.8501830101013184,10.514699935913086,255,9.18910026550293,8.26099967956543,39609,14.659700393676758,2.647749900817871,0.31036001443862915
2007,2,9,3,0,0.8640030026435852,10.514900207519531,255,9.367500305175781,8.609299659729004,37578,14.659700393676758,2.5826098918914795,0.29249998927116394
2007,2,9,6,0,0.8688989877700806,10.366000175476074,255,9.327699661254883,8.65779972076416,33451,13.326800346374512,2.46124005317688,0.28373000025749207
2007,2,9,9,0,0.8666589856147766,10.143500328063965,255,9.157699584960938,8.513099670410156,28221,13.326800346374512,2.2930500507354736,0.28262001276016235
2007,2,9,12,0,0.8617579936981201,9.944199562072754,255,8.912699699401855,8.12440013885498,23819,13.326800346374512,2.133419990539551,0.2874700129032135
2007,2,9,15,0,0.8523610234260559,9.70930004119873,255,8.449700355529785,7.337299823760986,20562,13.326800346374512,2.0106000900268555,0.30597999691963196
2007,2,9,18,0,0.8234999775886536,8.949899673461914,245,7.175600051879883,5.916900157928467,19240,13.326800346374512,2.0343101024627686,0.37237998843193054
2007,2,9,21,0,0.8128269910812378,8.433199882507324,235,6.90749979019165,5.893700122833252,21764,9.101699829101562,2.2413599491119385,0.38277000188827515
2007,2,10,0,0,0.8205639719963074,8.457500457763672,225,6.994800090789795,6.004899978637695,24478,9.101699829101562,2.3765199184417725,0.3763299882411957
2007,2,10,3,0,0.8469380140304565,8.755000114440918,225,7.355000019073486,6.370999813079834,28544,10.01200008392334,2.5186500549316406,0.360289990901947
2007,2,10,6,0,0.8736469745635986,9.23490047454834,225,7.895899772644043,6.916800022125244,36394,11.013500213623047,2.7592999935150146,0.3391900062561035
2007,2,10,9,0,0.8744800090789795,9.7391996383667,225,8.447400093078613,7.5177001953125,40743,11.013500213623047,2.830620050430298,0.33344000577926636
2007,2,10,12,0,0.8653929829597473,10.331299781799316,235,9.009599685668945,8.140800476074219,42401,11.013500213623047,2.785979986190796,0.34185999631881714
2007,2,10,15,0,0.8667780160903931,11.059200286865234,235,9.63290023803711,8.79740047454834,44926,16.125999450683594,2.7471799850463867,0.3465699851512909
2007,2,10,18,0,0.8790940046310425,11.638299942016602,245,10.118900299072266,9.230600357055664,47738,16.125999450683594,2.73934006690979,0.3384700119495392
2007,2,10,21,0,0.8906149864196777,11.881400108337402,245,10.349900245666504,9.399999618530273,47895,16.125999450683594,2.704590082168579,0.32552000880241394
2007,2,11,0,0,0.8962029814720154,11.814900398254395,245,10.112500190734863,8.690299987792969,45508,14.659700393676758,2.641390085220337,0.31769999861717224
2007,2,11,3,0,0.8948730230331421,11.509900093078613,245,9.742899894714355,8.260000228881836,41043,14.659700393676758,2.545989990234375,0.319489985704422
2007,2,11,6,0,0.8864169716835022,10.858400344848633,245,8.375499725341797,6.260300159454346,35726,14.659700393676758,2.456890106201172,0.3376300036907196
2007,2,11,9,0,0.8681899905204773,10.127300262451172,245,8.179200172424316,6.749899864196777,33107,14.659700393676758,2.4669299125671387,0.3577300012111664
2007,2,11,12,0,0.8468179702758789,9.439599990844727,235,7.828499794006348,6.666500091552734,33075,13.326800346374512,2.579440116882324,0.3508700132369995
2007,2,11,15,0,0.8427500128746033,9.141599655151367,225,7.729499816894531,6.6809000968933105,31461,9.101699829101562,2.571120023727417,0.33368998765945435
2007,2,11,18,0,0.8504369854927063,8.813899993896484,225,7.4552998542785645,6.465199947357178,31268,10.01200008392334,2.6212399005889893,0.33278000354766846
2007,2,11,21,0,0.8576020002365112,8.418899536132812,215,7.004199981689453,6.027200222015381,34146,10.01200008392334,2.8122200965881348,0.3470200002193451
2007,2,12,0,0,0.8866609930992126,8.672200202941895,215,7.374899864196777,6.433300018310547,52921,10.01200008392334,3.447550058364868,0.3219600021839142
2007,2,12,3,0,0.910485029220581,9.35669994354248,215,8.164299964904785,7.229700088500977,81954,11.013500213623047,4.107039928436279,0.2906700074672699
2007,2,12,6,0,0.9069370031356812,9.316699981689453,215,8.264399528503418,7.459499835968018,82846,11.013500213623047,4.1461100578308105,0.27889999747276306
2007,2,12,9,0,0.8954259753227234,9.25510025024414,225,8.420000076293945,7.808199882507324,57523,10.01200008392334,3.478219985961914,0.25672000646591187
2007,2,12,12,0,0.880611002445221,9.041999816894531,225,8.193699836730957,7.55109977722168,39966,10.01200008392334,2.9405899047851562,0.26190000772476196
2007,2,12,15,0,0.8677269816398621,8.91469955444336,235,8.039899826049805,7.3703999519348145,30928,10.01200008392334,2.6076500415802,0.2707499861717224
2007,2,12,18,0,0.8562330007553101,8.840700149536133,235,7.898600101470947,7.180500030517578,25316,9.101699829101562,2.368040084838867,0.2868199944496155
2007,2,12,21,0,0.8472139835357666,8.787699699401855,235,7.747300148010254,6.9644999504089355,21799,9.101699829101562,2.201620101928711,0.3047400116920471
2007,2,13,0,0,0.8407989740371704,8.816399574279785,235,7.742099761962891,6.955900192260742,19512,9.101699829101562,2.0764100551605225,0.31321001052856445
2007,2,13,3,0,0.8381699919700623,8.903800010681152,245,7.816400051116943,7.054699897766113,17964,9.101699829101562,1.9781700372695923,0.31905001401901245
2007,2,13,6,0,0.8343530297279358,8.94950008392334,245,7.711299896240234,6.823299884796143,16849,9.101699829101562,1.906309962272644,0.33289000391960144
2007,2,13,9,0,0.8323730230331421,9.053099632263184,245,7.8225998878479,6.982500076293945,15919,9.101699829101562,1.838629961013794,0.33474001288414
2007,2,13,12,0,0.8307399749755859,9.1673002243042,245,7.999800205230713,7.231800079345703,15315,13.326800346374512,1.7902499437332153,0.32708001136779785
2007,2,13,15,0,0.839148998260498,9.309700012207031,255,8.232199668884277,7.558599948883057,15212,13.326800346374512,1.769260048866272,0.314300000667572
2007,2,13,18,0,0.8499220013618469,9.430899620056152,255,8.429100036621094,7.822500228881836,15445,13.326800346374512,1.7706700563430786,0.30177998542785645
2007,2,13,21,0,0.8575109839439392,9.476499557495117,255,8.52970027923584,7.96120023727417,15475,13.326800346374512,1.768880009651184,0.2931300103664398
2007,2,14,0,0,0.8622620105743408,9.455100059509277,255,8.53689956665039,7.993199825286865,14981,12.114999771118164,1.7441099882125854,0.2917200028896332
2007,2,14,3,0,0.8659489750862122,9.463600158691406,255,8.524200439453125,7.986199855804443,14244,12.114999771118164,1.6999200582504272,0.30072999000549316
2007,2,14,6,0,0.8689600229263306,9.551799774169922,255,8.545700073242188,7.982600212097168,13583,12.114999771118164,1.6495699882507324,0.31345999240875244
2007,2,14,9,0,0.8747429847717285,9.76710033416748,255,8.595199584960938,7.914599895477295,14122,12.114999771118164,1.656149983406067,0.33149999380111694
2007,2,14,12,0,0.8696479797363281,8.948399543762207,265,6.776800155639648,5.510700225830078,17276,12.114999771118164,1.9131699800491333,0.42671000957489014
2007,2,14,15,0,0.8387219905853271,8.220100402832031,255,6.419300079345703,5.427199840545654,23614,12.114999771118164,2.347860097885132,0.439300000667572
2007,2,14,18,0,0.8052250146865845,7.792699813842773,245,6.304900169372559,5.430200099945068,35434,8.274100303649902,2.977060079574585,0.4106299877166748
2007,2,14,21,0,0.8026289939880371,8.208399772644043,235,6.897600173950195,6.049099922180176,45795,9.101699829101562,3.2993099689483643,0.3636600077152252
2007,2,15,0,0,0.7882829904556274,8.770400047302246,245,7.587800025939941,6.791399955749512,39797,9.101699829101562,2.964099884033203,0.33362001180648804
2007,2,15,3,0,0.8000310063362122,9.15939998626709,245,8.027199745178223,7.241799831390381,33622,13.326800346374512,2.657399892807007,0.31558001041412354
2007,2,15,6,0,0.8291379809379578,9.400500297546387,255,8.311800003051758,7.542500019073486,31680,13.326800346374512,2.5416600704193115,0.30188000202178955
2007,2,15,9,0,0.8526579737663269,9.647100448608398,265,8.687100410461426,8.075900077819824,31740,12.114999771118164,2.50750994682312,0.2856200039386749
2007,2,15,12,0,0.8695269823074341,9.679800033569336,265,8.472200393676758,7.494100093841553,32439,12.114999771118164,2.528820037841797,0.29183000326156616
2007,2,15,15,0,0.8673279881477356,8.76669979095459,255,7.219399929046631,6.197400093078613,37443,12.114999771118164,2.8664300441741943,0.3607800006866455
2007,2,15,18,0,0.8855530023574829,8.679300308227539,255,7.535699844360352,6.752799987792969,51929,12.114999771118164,3.4110000133514404,0.32256999611854553
2007,2,15,21,0,0.8901129961013794,9.268500328063965,255,8.267000198364258,7.572000026702881,59864,11.013500213623047,3.5319900512695312,0.2894900143146515
2007,2,16,0,0,0.8958370089530945,9.808600425720215,255,8.878399848937988,8.233499526977539,64857,11.013500213623047,3.5567100048065186,0.2711000144481659
2007,2,16,3,0,0.9048439860343933,10.225500106811523,265,9.343500137329102,8.749899864196777,66029,12.114999771118164,3.5004899501800537,0.2631100118160248
2007,2,16,6,0,0.913241982460022,10.58590030670166,265,9.708200454711914,9.161399841308594,65594,12.114999771118164,3.417949914932251,0.2698200047016144
2007,2,16,9,0,0.9198330044746399,10.908499717712402,265,9.970100402832031,9.427800178527832,64750,12.114999771118164,3.337049961090088,0.28766000270843506
2007,2,16,12,0,0.9248459935188293,11.199799537658691,265,10.178400039672852,9.61520004272461,64007,12.114999771118164,3.267319917678833,0.3038400113582611
2007,2,16,15,0,0.9291980266571045,11.572400093078613,265,10.416600227355957,9.805800437927246,64984,12.114999771118164,3.2295498847961426,0.32207998633384705
2007,2,16,18,0,0.9323449730873108,11.856200218200684,265,10.589500427246094,9.932100296020508,64736,12.114999771118164,3.1774399280548096,0.3325600028038025
2007,2,16,21,0,0.9344409704208374,12.0024995803833,265,10.689299583435059,10.001500129699707,62682,12.114999771118164,3.1016600131988525,0.3323900103569031
2007,2,17,0,0,0.9363880157470703,12.263299942016602,265,10.871600151062012,10.11050033569336,62344,12.114999771118164,3.050450086593628,0.33052998781204224
2007,2,17,3,0,0.9368969798088074,12.349499702453613,265,10.674300193786621,9.521599769592285,61373,17.73889923095703,3.008620023727417,0.3378100097179413
2007,2,17,6,0,0.9329659938812256,12.04520034790039,265,9.890600204467773,8.30459976196289,60470,17.73889923095703,3.021250009536743,0.35964998602867126
2007,2,17,9,0,0.9295430183410645,11.796299934387207,265,9.542099952697754,7.959099769592285,61484,17.73889923095703,3.076159954071045,0.36807000637054443
2007,2,17,12,0,0.9283249974250793,11.719300270080566,265,9.525699615478516,7.95959997177124,61791,16.125999450683594,3.0920801162719727,0.36055999994277954
2007,2,17,15,0,0.9244779944419861,11.39210033416748,265,9.215299606323242,7.666600227355957,62452,16.125999450683594,3.157819986343384,0.3625899851322174
2007,2,17,18,0,0.9071490168571472,10.6673002243042,265,8.56760025024414,7.1753997802734375,66904,16.125999450683594,3.395900011062622,0.37935999035835266
2007,2,17,21,0,0.8800010085105896,10.019599914550781,255,8.083499908447266,6.8302001953125,74787,14.659700393676758,3.7291901111602783,0.38457000255584717
2007,2,18,0,0,0.8680660128593445,9.991900444030762,255,8.32859992980957,7.222499847412109,93774,14.659700393676758,4.191030025482178,0.35982999205589294
2007,2,18,3,0,0.8838189840316772,10.404899597167969,255,8.784700393676758,7.682000160217285,95079,13.326800346374512,4.117030143737793,0.33981001377105713
2007,2,18,6,0,0.9031839966773987,10.376299858093262,255,8.817700386047363,7.750699996948242,84215,13.326800346374512,3.8819000720977783,0.33351001143455505
2007,2,18,9,0,0.9118710160255432,10.228300094604492,255,8.827699661254883,7.885700225830078,78592,13.326800346374512,3.7884700298309326,0.3236199915409088
2007,2,18,12,0,0.9154289960861206,10.056400299072266,255,8.683799743652344,7.747499942779541,80919,12.114999771118164,3.8864400386810303,0.32183000445365906
2007,2,18,15,0,0.9218239784240723,10.19629955291748,265,8.866000175476074,7.961999893188477,87965,12.114999771118164,4.020810127258301,0.31586000323295593
2007,2,18,18,0,0.9300789833068848,10.76200008392334,265,9.423999786376953,8.500699996948242,108505,13.326800346374512,4.321859836578369,0.3065299987792969
2007,2,18,21,0,0.9366719722747803,11.561300277709961,265,10.354000091552734,9.519800186157227,132522,13.326800346374512,4.572500228881836,0.2779400050640106
2007,2,19,0,0,0.9361019730567932,11.93280029296875,265,10.920900344848633,10.223299980163574,137839,13.326800346374512,4.575669765472412,0.2491600066423416
2007,2,19,3,0,0.9351339936256409,11.983400344848633,275,11.145500183105469,10.579500198364258,124355,13.326800346374512,4.338359832763672,0.2278899997472763
2007,2,19,6,0,0.9352359771728516,11.81470012664795,275,11.063400268554688,10.560500144958496,103784,13.326800346374512,4.0017900466918945,0.2185799926519394
2007,2,19,9,0,0.9344059824943542,11.53499984741211,275,10.82409954071045,10.352800369262695,82888,13.326800346374512,3.63358998298645,0.2164900004863739
2007,2,19,12,0,0.9338399767875671,11.228099822998047,275,10.509699821472168,10.006199836730957,66498,12.114999771118164,3.312540054321289,0.21859000623226166
2007,2,19,15,0,0.9198809862136841,10.140299797058105,265,8.421899795532227,7.0524001121521,56460,12.114999771118164,3.2306699752807617,0.3121899962425232
2007,2,19,18,0,0.9041450023651123,9.108200073242188,265,7.589799880981445,6.570400238037109,54745,12.114999771118164,3.3875699043273926,0.3498699963092804
2007,2,19,21,0,0.8952329754829407,8.86050033569336,265,7.555099964141846,6.672599792480469,53838,12.114999771118164,3.4232699871063232,0.33583998680114746
2007,2,20,0,0,0.8935570120811462,8.925600051879883,265,7.814700126647949,7.05620002746582,55401,11.013500213623047,3.4677000045776367,0.3106200098991394
2007,2,20,3,0,0.8982809782028198,9.142200469970703,265,8.126999855041504,7.407899856567383,62984,11.013500213623047,3.6526200771331787,0.2897300124168396
2007,2,20,6,0,0.9042630195617676,9.26830005645752,265,8.207900047302246,7.449699878692627,72423,11.013500213623047,3.8826498985290527,0.29264000058174133
2007,2,20,9,0,0.9077309966087341,9.812999725341797,275,8.78219985961914,8.07040023803711,76143,11.013500213623047,3.845210075378418,0.28395000100135803
2007,2,20,12,0,0.9187260270118713,10.183199882507324,275,8.909899711608887,7.986599922180176,91102,12.114999771118164,4.100329875946045,0.30226999521255493
2007,2,20,15,0,0.9270709753036499,10.82349967956543,275,9.587400436401367,8.750200271606445,116165,12.114999771118164,4.459219932556152,0.29569000005722046
2007,2,20,18,0,0.9340599775314331,11.79010009765625,275,10.49530029296875,9.61929988861084,151093,13.326800346374512,4.825940132141113,0.28929999470710754
2007,2,20,21,0,0.9401509761810303,12.481900215148926,275,11.090499877929688,10.125800132751465,190124,14.659700393676758,5.227560043334961,0.2865000069141388
2007,2,21,0,0,0.9431290030479431,12.776300430297852,275,11.46679973602295,10.579000473022461,197502,14.659700393676758,5.253499984741211,0.27518999576568604
2007,2,21,3,0,0.9442149996757507,12.817399978637695,275,11.601900100708008,10.788000106811523,180359,14.659700393676758,5.010049819946289,0.2653999924659729
2007,2,21,6,0,0.944474995136261,12.702899932861328,275,11.573200225830078,10.831500053405762,158280,14.659700393676758,4.71875,0.25881001353263855
2007,2,21,9,0,0.9459859728813171,12.611800193786621,275,11.558300018310547,10.871700286865234,139986,14.659700393676758,4.457779884338379,0.25196999311447144
2007,2,21,12,0,0.9484350085258484,12.569000244140625,275,11.560600280761719,10.899999618530273,126553,14.659700393676758,4.248030185699463,0.24709999561309814
2007,2,21,15,0,0.9507120251655579,12.511699676513672,275,11.522299766540527,10.863699913024902,114382,14.659700393676758,4.05040979385376,0.2448900043964386
2007,2,21,18,0,0.9512879848480225,12.384699821472168,275,11.239500045776367,10.252400398254395,103177,14.659700393676758,3.8697800636291504,0.25036001205444336
2007,2,21,21,0,0.9330009818077087,11.584400177001953,275,9.607799530029297,8.0177001953125,95809,14.659700393676758,3.867719888687134,0.3176000118255615
2007,2,22,0,0,0.9255899786949158,11.535900115966797,275,9.701299667358398,8.243599891662598,87348,13.326800346374512,3.7041399478912354,0.31352999806404114
2007,2,22,3,0,0.9280869960784912,11.57919979095459,275,9.814900398254395,8.3725004196167,78931,13.326800346374512,3.5151100158691406,0.305869996547699
2007,2,22,6,0,0.9356449842453003,11.758899688720703,275,10.300800323486328,9.128800392150879,71527,13.326800346374512,3.319700002670288,0.2850799858570099
2007,2,22,9,0,0.9448279738426208,11.957799911499023,275,10.729900360107422,9.775899887084961,66447,13.326800346374512,3.1706299781799316,0.265529990196228
2007,2,22,12,0,0.9501540064811707,12.087400436401367,275,11.012100219726562,10.25469970703125,63410,13.326800346374512,3.078900098800659,0.25393998622894287
2007,2,22,15,0,0.9529950022697449,12.178400039672852,275,11.158300399780273,10.464400291442871,61306,13.326800346374512,3.0141899585723877,0.24879999458789825
2007,2,22,18,0,0.9555969834327698,12.293700218200684,275,11.299099922180176,10.62090015411377,60238,14.659700393676758,2.9707798957824707,0.24457000195980072
2007,2,22,21,0,0.9581789970397949,12.445899963378906,275,11.482999801635742,10.79740047454834,61466,14.659700393676758,2.978070020675659,0.2367199957370758
2007,2,23,0,0,0.9588009715080261,12.468400001525879,275,11.30090045928955,10.027600288391113,64063,14.659700393676758,3.035290002822876,0.23274999856948853
2007,2,23,3,0,0.9557600021362305,12.150199890136719,275,10.820699691772461,9.535200119018555,64355,13.326800346374512,3.087559938430786,0.24878999590873718
2007,2,23,6,0,0.9539679884910583,11.938899993896484,275,10.848699569702148,9.918100357055664,59195,13.326800346374512,2.9964399337768555,0.24007000029087067
2007,2,23,9,0,0.9496020078659058,11.475600242614746,275,10.32129955291748,9.376700401306152,52537,13.326800346374512,2.892390012741089,0.25422999262809753
2007,2,23,12,0,0.945231020450592,11.111300468444824,275,10.03439998626709,9.25059986114502,46551,13.326800346374512,2.7791900634765625,0.2584399878978729
2007,2,23,15,0,0.9402890205383301,10.828399658203125,275,9.83489990234375,9.144100189208984,41336,12.114999771118164,2.6639699935913086,0.2568899989128113
2007,2,23,18,0,0.935401976108551,10.551300048828125,285,9.604700088500977,8.96660041809082,36806,12.114999771118164,2.5569000244140625,0.25804999470710754
2007,2,23,21,0,0.9323189854621887,10.337200164794922,285,9.419099807739258,8.80620002746582,32993,12.114999771118164,2.453969955444336,0.2587999999523163
2007,2,24,0,0,0.9293180108070374,10.193599700927734,285,9.311400413513184,8.716099739074707,29295,12.114999771118164,2.335059881210327,0.256740003824234
2007,2,24,3,0,0.9243109822273254,10.023699760437012,285,9.075300216674805,8.30109977722168,25577,11.013500213623047,2.2064599990844727,0.2604300081729889
2007,2,24,6,0,0.8984789848327637,9.26099967956543,285,7.5960001945495605,6.316999912261963,22194,11.013500213623047,2.1471500396728516,0.33032000064849854
2007,2,24,9,0,0.8208349943161011,8.312000274658203,275,6.697000026702881,5.644899845123291,19409,11.013500213623047,2.1325299739837646,0.378710001707077
2007,2,24,12,0,0.6809459924697876,7.050899982452393,245,5.609099864959717,4.805500030517578,19926,11.013500213623047,2.366270065307617,0.4279699921607971
2007,2,24,15,0,0.7392860054969788,7.292399883270264,215,6.029799938201904,5.237599849700928,23912,8.274100303649902,2.5534698963165283,0.38506999611854553
2007,2,24,18,0,0.7365260124206543,7.557199954986572,215,6.369999885559082,5.5914998054504395,20286,7.5218000411987305,2.3054299354553223,0.3746100068092346
2007,2,24,21,0,0.7389230132102966,8.014699935913086,225,6.8618998527526855,6.109099864959717,17718,7.5218000411987305,2.082050085067749,0.3688899874687195
2007,2,25,0,0,0.7542200088500977,8.400199890136719,235,7.0432000160217285,6.1016998291015625,21835,9.101699829101562,2.251039981842041,0.363180011510849
2007,2,25,3,0,0.7516289949417114,8.313300132751465,235,6.7621002197265625,5.767300128936768,30621,9.101699829101562,2.6776299476623535,0.38732001185417175
2007,2,25,6,0,0.7577250003814697,8.706100463867188,235,7.015600204467773,5.997099876403809,41986,9.101699829101562,3.0512800216674805,0.4219000041484833
2007,2,25,9,0,0.8072649836540222,10.548399925231934,245,8.43809986114502,7.179900169372559,67443,19.513200759887695,3.453779935836792,0.42803001403808594
2007,2,25,12,0,0.8754850029945374,12.22249984741211,255,10.02560043334961,8.537199974060059,114143,16.125999450683594,4.108339786529541,0.3680500090122223
2007,2,25,15,0,0.9079890251159668,12.81089973449707,265,10.837300300598145,9.32349967956543,146898,16.125999450683594,4.524519920349121,0.3220899999141693
2007,2,25,18,0,0.919871985912323,12.831500053405762,265,11.100099563598633,9.733099937438965,143364,16.125999450683594,4.462900161743164,0.3001300096511841
2007,2,25,21,0,0.9243080019950867,12.648599624633789,265,10.993000030517578,9.647899627685547,128401,14.659700393676758,4.258170127868652,0.2931300103664398
2007,2,26,0,0,0.9288390278816223,12.582500457763672,265,11.050999641418457,9.782899856567383,119319,14.659700393676758,4.117080211639404,0.2815900146961212
2007,2,26,3,0,0.936598002910614,12.668499946594238,265,11.428000450134277,10.42609977722168,124112,14.659700393676758,4.182650089263916,0.2560200095176697
2007,2,26,6,0,0.9425370097160339,12.631500244140625,265,11.73330020904541,11.11240005493164,133766,14.659700393676758,4.354169845581055,0.22899000346660614
2007,2,26,9,0,0.9432119727134705,12.287199974060059,265,11.496999740600586,10.97439956665039,130977,13.326800346374512,4.385469913482666,0.2218099981546402
2007,2,26,12,0,0.9391999840736389,11.945500373840332,265,11.194199562072754,10.70259952545166,112747,13.326800346374512,4.143139839172363,0.2205899953842163
2007,2,26,15,0,0.9347479939460754,11.653800010681152,265,10.91510009765625,10.442099571228027,95199,13.326800346374512,3.868220090866089,0.22341999411582947
2007,2,26,18,0,0.9332330226898193,11.396900177001953,265,10.659000396728516,10.191100120544434,80746,12.114999771118164,3.6135599613189697,0.226500004529953
2007,2,26,21,0,0.9336190223693848,11.162799835205078,265,10.439800262451172,9.978699684143066,68026,12.114999771118164,3.361680030822754,0.22595000267028809
2007,2,27,0,0,0.9330319762229919,10.979999542236328,265,10.282699584960938,9.835200309753418,58212,12.114999771118164,3.14421010017395,0.22345000505447388
2007,2,27,3,0,0.9322749972343445,10.909500122070312,265,10.220399856567383,9.777299880981445,52158,12.114999771118164,2.9892899990081787,0.22327999770641327
2007,2,27,6,0,0.9341340065002441,11.017800331115723,275,10.299099922180176,9.83080005645752,50249,12.114999771118164,2.914560079574585,0.22651000320911407
2007,2,27,9,0,0.9326909780502319,11.17770004272461,275,10.370100021362305,9.834799766540527,51114,12.114999771118164,2.9097800254821777,0.23694999516010284
2007,2,27,12,0,0.9261299967765808,11.404500007629395,275,10.517399787902832,9.881400108337402,52846,12.114999771118164,2.919379949569702,0.24323000013828278
2007,2,27,15,0,0.9060429930686951,11.437600135803223,275,10.570599555969238,9.971699714660645,53698,12.114999771118164,2.937190055847168,0.24217000603675842
2007,2,27,18,0,0.8607270121574402,11.137399673461914,265,10.374500274658203,9.899299621582031,50999,12.114999771118164,2.9137699604034424,0.23755000531673431
2007,2,27,21,0,0.8252649903297424,10.784600257873535,265,10.11340045928955,9.715900421142578,44565,12.114999771118164,2.7829999923706055,0.23194000124931335
2007,2,28,0,0,0.8208670020103455,10.552900314331055,275,9.926199913024902,9.559599876403809,38300,12.114999771118164,2.6173501014709473,0.22809000313282013
2007,2,28,3,0,0.8245739936828613,10.354900360107422,275,9.655799865722656,9.062100410461426,34237,11.013500213623047,2.5048201084136963,0.22902999818325043
2007,2,28,6,0,0.843334972858429,9.506600379943848,275,8.106800079345703,6.977099895477295,31394,11.013500213623047,2.5136001110076904,0.3050900101661682
2007,2,28,9,0,0.8817200064659119,9.047100067138672,285,7.815400123596191,6.91540002822876,33311,11.013500213623047,2.6661601066589355,0.31446999311447144
2007,2,28,12,0,0.9059990048408508,9.33240032196045,285,8.25730037689209,7.471799850463867,33191,11.013500213623047,2.6171200275421143,0.29337000846862793
2007,2,28,15,0,0.9255239963531494,9.680999755859375,285,8.552200317382812,7.721199989318848,32641,12.114999771118164,2.5363399982452393,0.29308998584747314
2007,2,28,18,0,0.9429330229759216,10.265299797058105,285,9.231499671936035,8.503399848937988,38633,12.114999771118164,2.6631898880004883,0.27360999584198
2007,2,28,21,0,0.9491549730300903,10.536199569702148,285,9.548600196838379,8.765700340270996,43120,12.114999771118164,2.771820068359375,0.25516000390052795
2007,3,1,0,0,0.9456809759140015,9.32040023803711,285,7.67579984664917,6.52400016784668,45467,12.114999771118164,3.047070026397705,0.3441300094127655
2007,3,1,3,0,0.9378460049629211,8.836799621582031,285,7.558599948883057,6.6545000076293945,48984,11.013500213623047,3.27620005607605,0.32572001218795776
2007,3,1,6,0,0.9387329816818237,8.86460018157959,285,7.700300216674805,6.847599983215332,42919,11.013500213623047,3.067960023880005,0.3079499900341034
2007,3,1,9,0,0.9384909868240356,8.75059986114502,285,7.603600025177002,6.752600193023682,37476,11.013500213623047,2.891129970550537,0.30564001202583313
2007,3,1,12,0,0.9374520182609558,8.904999732971191,285,7.9268999099731445,7.203100204467773,29698,10.01200008392334,2.552769899368286,0.2842999994754791
2007,3,1,15,0,0.9334880113601685,8.95009994506836,285,8.093299865722656,7.4878997802734375,22712,10.01200008392334,2.2284998893737793,0.2730799913406372
2007,3,1,18,0,0.9256319999694824,8.912699699401855,285,8.128899574279785,7.606299877166748,17686,10.01200008392334,1.9723199605941772,0.269569993019104
2007,3,1,21,0,0.9160820245742798,8.839300155639648,285,8.086899757385254,7.607999801635742,14274,9.101699829101562,1.7799400091171265,0.2723599970340729
2007,3,2,0,0,0.9060789942741394,8.759499549865723,285,8.008899688720703,7.5543999671936035,11876,9.101699829101562,1.6305400133132935,0.2802799940109253
2007,3,2,3,0,0.8953930139541626,8.676799774169922,275,7.9095001220703125,7.4633002281188965,10042,9.101699829101562,1.5057899951934814,0.2907400131225586
2007,3,2,6,0,0.8902649879455566,8.601099967956543,275,7.80049991607666,7.34499979019165,8533,8.274100303649902,1.3933600187301636,0.3026899993419647
2007,3,2,9,0,0.8812440037727356,8.515399932861328,275,7.608500003814697,7.029600143432617,7223,8.274100303649902,1.2875399589538574,0.318450003862381
2007,3,2,12,0,0.8095729947090149,7.108500003814697,265,5.281400203704834,4.35830020904541,6767,8.274100303649902,1.3684699535369873,0.46303999423980713
2007,3,2,15,0,0.7663559913635254,6.697199821472168,245,5.232500076293945,4.457699775695801,7357,7.5218000411987305,1.4743900299072266,0.4536600112915039
2007,3,2,18,0,0.7427229881286621,6.3404998779296875,225,5.01200008392334,4.324100017547607,8800,7.5218000411987305,1.6627700328826904,0.45212000608444214
2007,3,2,21,0,0.7697539925575256,6.592700004577637,215,5.306000232696533,4.570899963378906,10949,7.5218000411987305,1.8206900358200073,0.4157800078392029
2007,3,3,0,0,0.7737110257148743,6.8933000564575195,215,5.7032999992370605,4.9593000411987305,12667,7.5218000411987305,1.9147800207138062,0.38231998682022095
2007,3,3,3,0,0.7710369825363159,7.368599891662598,235,6.246399879455566,5.480000019073486,14488,7.5218000411987305,1.9788800477981567,0.34867000579833984
2007,3,3,6,0,0.8308470249176025,8.120499610900879,245,7.127900123596191,6.404799938201904,16193,10.01200008392334,1.9874000549316406,0.3065199851989746
2007,3,3,9,0,0.8863769769668579,8.811699867248535,255,7.992099761962891,7.406700134277344,19576,10.01200008392334,2.0896499156951904,0.26868999004364014
2007,3,3,12,0,0.9164050221443176,9.303600311279297,255,8.566399574279785,8.069600105285645,24308,10.01200008392334,2.25600004196167,0.2498299926519394
2007,3,3,15,0,0.9280070066452026,9.62969970703125,255,8.928299903869629,8.455900192260742,28156,11.013500213623047,2.378499984741211,0.23837999999523163
2007,3,3,18,0,0.9313840270042419,9.835599899291992,255,9.151599884033203,8.70009994506836,30334,11.013500213623047,2.4366700649261475,0.23368999361991882
2007,3,3,21,0,0.9328330159187317,10.026399612426758,265,9.335399627685547,8.88860034942627,32299,11.013500213623047,2.483409881591797,0.2339099943637848
2007,3,4,0,0,0.9383289813995361,10.199299812316895,265,9.492300033569336,9.038800239562988,34226,11.013500213623047,2.5280699729919434,0.23507000505924225
2007,3,4,3,0,0.9418339729309082,10.29889965057373,265,9.576700210571289,9.115099906921387,34759,11.013500213623047,2.531440019607544,0.23668000102043152
2007,3,4,6,0,0.9436200261116028,10.327400207519531,265,9.593700408935547,9.125499725341797,33656,11.013500213623047,2.486219882965088,0.23830999433994293
2007,3,4,9,0,0.9447910189628601,10.287799835205078,265,9.55210018157959,9.081600189208984,31359,11.013500213623047,2.4056899547576904,0.23892000317573547
2007,3,4,12,0,0.9461410045623779,10.204299926757812,265,9.473999977111816,9.006099700927734,28539,11.013500213623047,2.30718994140625,0.23903000354766846
2007,3,4,15,0,0.946940004825592,10.106599807739258,265,9.390199661254883,8.930800437927246,25858,11.013500213623047,2.2101500034332275,0.23800000548362732
2007,3,4,18,0,0.9470260143280029,9.996199607849121,265,9.30210018157959,8.855500221252441,23390,11.013500213623047,2.1175599098205566,0.2356799989938736
2007,3,4,21,0,0.9468579888343811,9.893899917602539,265,9.21679973602295,8.782400131225586,21200,11.013500213623047,2.0297000408172607,0.23499999940395355
2007,3,5,0,0,0.9463769793510437,9.835599899291992,265,9.15149974822998,8.718999862670898,19355,11.013500213623047,1.9464999437332153,0.23982000350952148
2007,3,5,3,0,0.9451019763946533,9.80270004272461,265,9.090299606323242,8.648699760437012,17623,11.013500213623047,1.8606200218200684,0.24931000173091888
2007,3,5,6,0,0.9423440098762512,9.73069953918457,265,8.860799789428711,8.16450023651123,15884,11.013500213623047,1.7729099988937378,0.26506999135017395
2007,3,5,9,0,0.9308109879493713,9.086700439453125,255,7.57450008392334,6.446100234985352,15255,11.013500213623047,1.7993500232696533,0.34046000242233276
2007,3,5,12,0,0.9003819823265076,8.47760009765625,255,6.746699810028076,5.6717000007629395,15912,11.013500213623047,1.9042400121688843,0.39555999636650085
2007,3,5,15,0,0.8717629909515381,8.375900268554688,255,6.6956000328063965,5.6793999671936035,18186,11.013500213623047,2.046410083770752,0.40206000208854675
2007,3,5,18,0,0.8683140277862549,8.681599617004395,255,6.960299968719482,5.886099815368652,20154,11.013500213623047,2.1095800399780273,0.38971999287605286
2007,3,5,21,0,0.8732579946517944,8.84469985961914,255,7.2210001945495605,6.1570000648498535,21124,11.013500213623047,2.1399500370025635,0.36880001425743103
2007,3,6,0,0,0.8653240203857422,8.694600105285645,255,7.1092000007629395,6.061999797821045,20696,11.013500213623047,2.1411099433898926,0.36570000648498535
2007,3,6,3,0,0.8591030240058899,8.558099746704102,245,7.0817999839782715,6.092700004577637,19610,11.013500213623047,2.1052498817443848,0.3593499958515167
2007,3,6,6,0,0.8510339856147766,8.319600105285645,245,6.877699851989746,5.917600154876709,19028,10.01200008392334,2.1090099811553955,0.36201998591423035
2007,3,6,9,0,0.8454509973526001,8.121600151062012,245,6.749499797821045,5.818600177764893,18220,10.01200008392334,2.095489978790283,0.3562900125980377
2007,3,6,12,0,0.8485990166664124,7.815299987792969,235,6.480000019073486,5.581299781799316,17665,10.01200008392334,2.111140012741089,0.3576900064945221
2007,3,6,15,0,0.8651440143585205,7.893700122833252,225,6.649499893188477,5.745200157165527,18176,9.101699829101562,2.135240077972412,0.33285999298095703
2007,3,6,18,0,0.8718159794807434,7.56820011138916,225,6.276299953460693,5.414400100708008,22678,9.101699829101562,2.4403200149536133,0.35262998938560486
2007,3,6,21,0,0.8873509764671326,7.848700046539307,215,6.599800109863281,5.729800224304199,31508,10.01200008392334,2.8208200931549072,0.33597999811172485
2007,3,7,0,0,0.8915050029754639,8.317099571228027,215,7.015399932861328,6.110400199890137,46039,10.01200008392334,3.2932798862457275,0.33733999729156494
2007,3,7,3,0,0.8982440233230591,9.33530044555664,225,7.890900135040283,6.853300094604492,70478,12.114999771118164,3.79761004447937,0.33107998967170715
2007,3,7,6,0,0.90625,10.243000030517578,235,8.850799560546875,7.813000202178955,84239,12.114999771118164,3.92536997795105,0.30768001079559326
2007,3,7,9,0,0.9066169857978821,10.787699699401855,235,9.565299987792969,8.663000106811523,79029,12.114999771118164,3.686959981918335,0.2840900123119354
2007,3,7,12,0,0.9071840047836304,10.952899932861328,235,9.97130012512207,9.29520034790039,68386,12.114999771118164,3.403549909591675,0.2579199969768524
2007,3,7,15,0,0.907912015914917,10.89799976348877,235,10.063699722290039,9.499899864196777,59838,12.114999771118164,3.1987900733947754,0.24004000425338745
2007,3,7,18,0,0.9042630195617676,10.867199897766113,245,10.116900444030762,9.609600067138672,56310,12.114999771118164,3.1120400428771973,0.22856000065803528
2007,3,7,21,0,0.8998219966888428,10.678899765014648,245,9.920000076293945,9.3548002243042,51419,12.114999771118164,3.008960008621216,0.22732999920845032
2007,3,8,0,0,0.888713002204895,9.969799995422363,245,8.679300308227539,7.53380012512207,44374,11.013500213623047,2.909899950027466,0.2759999930858612
2007,3,8,3,0,0.8757460117340088,9.214200019836426,245,7.847799777984619,6.819799900054932,39115,11.013500213623047,2.8602399826049805,0.31400999426841736
2007,3,8,6,0,0.8675169944763184,8.719400405883789,245,7.502799987792969,6.638700008392334,38654,11.013500213623047,2.938649892807007,0.32054999470710754
2007,3,8,9,0,0.8637139797210693,8.636699676513672,245,7.478600025177002,6.641600131988525,40734,10.01200008392334,3.036329984664917,0.31474998593330383
2007,3,8,12,0,0.865227997303009,8.436100006103516,245,7.320300102233887,6.528600215911865,48725,10.01200008392334,3.3661398887634277,0.3176499903202057
2007,3,8,15,0,0.8599420189857483,8.826700210571289,245,7.738999843597412,6.961400032043457,51706,10.01200008392334,3.3774900436401367,0.30678001046180725
2007,3,8,18,0,0.8509299755096436,8.856499671936035,245,7.679100036621094,6.847499847412109,62501,10.01200008392334,3.699860095977783,0.3173699975013733
2007,3,8,21,0,0.8363080024719238,8.842499732971191,245,7.694799900054932,6.874199867248535,74050,11.013500213623047,4.033370018005371,0.31174999475479126
2007,3,9,0,0,0.8408570289611816,8.948200225830078,245,7.8470001220703125,7.0366997718811035,81870,11.013500213623047,4.216859817504883,0.29923999309539795
2007,3,9,3,0,0.8331140279769897,9.11620044708252,245,8.09630012512207,7.342599868774414,78027,11.013500213623047,4.075409889221191,0.28641998767852783
2007,3,9,6,0,0.8309890031814575,9.289199829101562,245,8.309700012207031,7.5954999923706055,74733,11.013500213623047,3.94500994682312,0.2796500027179718
2007,3,9,9,0,0.824114978313446,9.39799976348877,245,8.375300407409668,7.621300220489502,73455,11.013500213623047,3.881269931793213,0.2829500138759613
2007,3,9,12,0,0.8012089729309082,9.289400100708008,245,8.153800010681152,7.31279993057251,73188,11.013500213623047,3.8954200744628906,0.2988100051879883
2007,3,9,15,0,0.7797989845275879,9.258299827575684,245,8.038599967956543,7.122600078582764,73689,11.013500213623047,3.9135000705718994,0.30772000551223755
2007,3,9,18,0,0.7641410231590271,9.29069995880127,245,7.998899936676025,7.036399841308594,76547,11.013500213623047,3.9773099422454834,0.3142299950122833
2007,3,9,21,0,0.7559660077095032,9.409000396728516,245,8.171199798583984,7.230199813842773,79185,11.013500213623047,4.018280029296875,0.3042899966239929
2007,3,10,0,0,0.7516459822654724,9.515899658203125,245,8.351499557495117,7.457300186157227,76499,11.013500213623047,3.9270401000976562,0.29405999183654785
2007,3,10,3,0,0.7510169744491577,9.88010025024414,245,8.900300025939941,8.172599792480469,66895,11.013500213623047,3.595449924468994,0.2729099988937378
2007,3,10,6,0,0.7732809782028198,10.334099769592285,255,9.545999526977539,9.041000366210938,58679,12.114999771118164,3.279819965362549,0.2528400123119354
2007,3,10,9,0,0.797336995601654,10.591400146484375,265,9.845600128173828,9.401399612426758,55590,12.114999771118164,3.143630027770996,0.24833999574184418
2007,3,10,12,0,0.8095120191574097,10.696800231933594,265,9.942299842834473,9.499699592590332,53973,12.114999771118164,3.077169895172119,0.2486100047826767
2007,3,10,15,0,0.8190829753875732,10.757100105285645,275,10.00879955291748,9.567000389099121,51034,12.114999771118164,2.9816699028015137,0.2460400015115738
2007,3,10,18,0,0.8243950009346008,10.721699714660645,275,9.887499809265137,9.241800308227539,46627,12.114999771118164,2.8553600311279297,0.24874000251293182
2007,3,10,21,0,0.7446759939193726,8.673399925231934,255,7.023799896240234,6.01170015335083,51163,12.114999771118164,3.362410068511963,0.3909800052642822
2007,3,11,0,0,0.7284719944000244,8.69950008392334,245,7.433800220489502,6.570499897003174,54754,9.101699829101562,3.493109941482544,0.3426699936389923
2007,3,11,3,0,0.7530509829521179,8.923700332641602,235,7.713399887084961,6.841700077056885,57254,9.101699829101562,3.525670051574707,0.32207000255584717
2007,3,11,6,0,0.7857180237770081,9.476699829101562,245,8.46969985961914,7.723800182342529,57815,10.01200008392334,3.428230047225952,0.28233999013900757
2007,3,11,9,0,0.7995219826698303,9.835800170898438,245,8.956000328063965,8.28689956665039,55829,10.01200008392334,3.2995500564575195,0.25722000002861023
2007,3,11,12,0,0.7960039973258972,9.769100189208984,245,8.763999938964844,7.936600208282471,48863,10.01200008392334,3.097409963607788,0.2672699987888336
2007,3,11,15,0,0.7800160050392151,8.84160041809082,245,7.4618000984191895,6.483699798583984,49119,11.013500213623047,3.2792301177978516,0.33469000458717346
2007,3,11,18,0,0.7839019894599915,8.530900001525879,235,7.448400020599365,6.669899940490723,57308,9.101699829101562,3.6282498836517334,0.3107700049877167
2007,3,11,21,0,0.8255890011787415,8.653900146484375,225,7.816999912261963,7.20550012588501,77164,9.101699829101562,4.192649841308594,0.2696000039577484
2007,3,12,0,0,0.8367779850959778,8.976400375366211,225,8.221599578857422,7.68120002746582,78331,10.01200008392334,4.139540195465088,0.25115999579429626
2007,3,12,3,0,0.846045970916748,9.07229995727539,225,8.315099716186523,7.7743000984191895,73966,10.01200008392334,3.9970600605010986,0.25012001395225525
2007,3,12,6,0,0.8500750064849854,9.155500411987305,225,8.41450023651123,7.895599842071533,64641,10.01200008392334,3.716249942779541,0.24932000041007996
2007,3,12,9,0,0.8471189737319946,9.184000015258789,235,8.41670036315918,7.8796000480651855,54202,10.01200008392334,3.3947598934173584,0.25571998953819275
2007,3,12,12,0,0.834634006023407,9.272100448608398,235,8.518600463867188,8.004400253295898,45403,10.01200008392334,3.0889899730682373,0.25665000081062317
2007,3,12,15,0,0.8192440271377563,9.110199928283691,245,8.182900428771973,7.485400199890137,39826,10.01200008392334,2.9190099239349365,0.27827000617980957
2007,3,12,18,0,0.8179320096969604,9.085599899291992,245,8.230299949645996,7.624899864196777,35340,10.01200008392334,2.7545599937438965,0.27636998891830444
2007,3,12,21,0,0.8209360241889954,9.163000106811523,245,8.437399864196777,7.988500118255615,31349,10.01200008392334,2.5838000774383545,0.2650499939918518
2007,3,13,0,0,0.8227689862251282,9.22130012512207,245,8.559000015258789,8.172100067138672,28589,10.01200008392334,2.4598898887634277,0.25777000188827515
2007,3,13,3,0,0.829226016998291,9.253199577331543,255,8.607999801635742,8.241700172424316,26318,10.01200008392334,2.355760097503662,0.2575399875640869
2007,3,13,6,0,0.836808979511261,9.275199890136719,255,8.61520004272461,8.248600006103516,24153,10.01200008392334,2.252919912338257,0.263729989528656
2007,3,13,9,0,0.8428599834442139,9.30370044708252,255,8.610799789428711,8.23390007019043,22210,10.01200008392334,2.155139923095703,0.27327999472618103
2007,3,13,12,0,0.846526026725769,9.306900024414062,255,8.544599533081055,8.12279987335205,20495,9.101699829101562,2.0678200721740723,0.2867000102996826
2007,3,13,15,0,0.8501009941101074,8.937299728393555,255,7.746799945831299,6.885900020599365,19492,9.101699829101562,2.0583999156951904,0.3321700096130371
2007,3,13,18,0,0.8507230281829834,8.68850040435791,255,7.395199775695801,6.511099815368652,18676,9.101699829101562,2.0445399284362793,0.3551200032234192
2007,3,13,21,0,0.8500509858131409,8.403900146484375,255,7.022500038146973,6.120999813079834,18427,9.101699829101562,2.067110061645508,0.3763599991798401
2007,3,14,0,0,0.8496649861335754,8.156299591064453,255,6.782899856567383,5.92080020904541,19312,9.101699829101562,2.151279926300049,0.38760000467300415
2007,3,14,3,0,0.8485329747200012,8.268699645996094,255,6.983799934387207,6.163000106811523,19986,9.101699829101562,2.1738901138305664,0.375
2007,3,14,6,0,0.8526899814605713,7.938399791717529,255,6.603099822998047,5.7804999351501465,22210,9.101699829101562,2.3431100845336914,0.3918299973011017
2007,3,14,9,0,0.8600040078163147,7.940000057220459,265,6.765999794006348,6.010499954223633,26524,9.101699829101562,2.5655500888824463,0.36667999625205994
2007,3,14,12,0,0.8699100017547607,8.27280044555664,265,7.1753997802734375,6.443299770355225,29325,9.101699829101562,2.6399600505828857,0.34097999334335327
2007,3,14,15,0,0.8778619766235352,8.878700256347656,265,7.9471001625061035,7.355400085449219,29561,10.01200008392334,2.5495200157165527,0.3064900040626526
2007,3,14,18,0,0.8850489854812622,9.306599617004395,265,8.475899696350098,7.973700046539307,29633,10.01200008392334,2.4857800006866455,0.2841300070285797
2007,3,14,21,0,0.88782799243927,9.532999992370605,265,8.736100196838379,8.262100219726562,28782,10.01200008392334,2.415709972381592,0.27619001269340515
2007,3,15,0,0,0.8881279826164246,9.650799751281738,265,8.850000381469727,8.38010025024414,27072,10.01200008392334,2.325279951095581,0.27706000208854675
2007,3,15,3,0,0.887935996055603,9.719900131225586,265,8.902899742126465,8.427399635314941,25084,10.01200008392334,2.2282700538635254,0.2806200087070465
2007,3,15,6,0,0.8874469995498657,9.778800010681152,265,8.944000244140625,8.463899612426758,23300,10.01200008392334,2.1394200325012207,0.2849400043487549
2007,3,15,9,0,0.8861920237541199,9.856800079345703,265,8.99269962310791,8.501399993896484,21913,10.01200008392334,2.06466007232666,0.29148998856544495
2007,3,15,12,0,0.8836029767990112,9.95259952545166,265,9.041999816894531,8.533699989318848,20717,11.013500213623047,1.9960099458694458,0.3022100031375885
2007,3,15,15,0,0.8790090084075928,10.079500198364258,265,9.092399597167969,8.557299613952637,19570,11.013500213623047,1.9252099990844727,0.3185400068759918
2007,3,15,18,0,0.8722280263900757,10.25730037689209,265,9.160599708557129,8.585700035095215,18607,10.01200008392334,1.8566700220108032,0.3375299870967865
2007,3,15,21,0,0.8630650043487549,10.441499710083008,265,9.234600067138672,8.613200187683105,17657,10.01200008392334,1.7874900102615356,0.35097000002861023
2007,3,16,0,0,0.8530740141868591,10.638500213623047,265,9.331399917602539,8.627900123596191,16846,10.01200008392334,1.7237499952316284,0.3544999957084656
2007,3,16,3,0,0.8416470289230347,10.271300315856934,265,7.920000076293945,6.233099937438965,16384,10.01200008392334,1.727329969406128,0.3998500108718872
2007,3,16,6,0,0.8152989745140076,8.902600288391113,265,6.634200096130371,5.457600116729736,18374,16.125999450683594,1.975890040397644,0.4809199869632721
2007,3,16,9,0,0.8222870230674744,8.54889965057373,245,6.779600143432617,5.782199859619141,22704,8.274100303649902,2.2562899589538574,0.44714999198913574
2007,3,16,12,0,0.8359929919242859,8.522299766540527,245,6.869699954986572,5.897500038146973,26056,9.101699829101562,2.4251599311828613,0.4254299998283386
2007,3,16,15,0,0.8444709777832031,8.618800163269043,245,6.983099937438965,5.996699810028076,26885,9.101699829101562,2.447969913482666,0.4137499928474426
2007,3,16,18,0,0.8539869785308838,8.762100219726562,245,7.157800197601318,6.16510009765625,27022,9.101699829101562,2.4320499897003174,0.39987000823020935
2007,3,16,21,0,0.859703004360199,8.92300033569336,245,7.322800159454346,6.312399864196777,27629,9.101699829101562,2.4341399669647217,0.3889699876308441
2007,3,17,0,0,0.8641690015792847,9.000100135803223,255,7.366399765014648,6.335700035095215,27991,9.101699829101562,2.436769962310791,0.3886899948120117
2007,3,17,3,0,0.8721979856491089,9.233200073242188,255,7.658599853515625,6.633200168609619,27270,14.659700393676758,2.3714499473571777,0.3741599917411804
2007,3,17,6,0,0.8764230012893677,9.19260025024414,255,7.553500175476074,6.474800109863281,26850,10.01200008392334,2.3589999675750732,0.3755800127983093
2007,3,17,9,0,0.87990802526474,9.077300071716309,255,7.450099945068359,6.372000217437744,26152,10.01200008392334,2.3463399410247803,0.3741399943828583
2007,3,17,12,0,0.8799970149993896,8.768899917602539,255,7.229499816894531,6.231800079345703,25922,10.01200008392334,2.384459972381592,0.37588000297546387
2007,3,17,15,0,0.8822759985923767,8.673100471496582,255,7.261499881744385,6.315299987792969,26607,9.101699829101562,2.4354898929595947,0.36041000485420227
2007,3,17,18,0,0.8745660185813904,8.538100242614746,245,7.126999855041504,6.193399906158447,27895,9.101699829101562,2.5164999961853027,0.36294999718666077
2007,3,17,21,0,0.869288980960846,8.494400024414062,245,7.077700138092041,6.156300067901611,27756,9.101699829101562,2.516350030899048,0.3679499924182892
2007,3,18,0,0,0.8666179776191711,8.762700080871582,245,7.416800022125244,6.539700031280518,25097,9.101699829101562,2.3510398864746094,0.35697001218795776
2007,3,18,3,0,0.8672559857368469,9.100099563598633,245,7.927199840545654,7.216100215911865,22105,9.101699829101562,2.160680055618286,0.33761999011039734
2007,3,18,6,0,0.8688899874687195,9.222399711608887,245,8.113100051879883,7.466599941253662,19576,12.114999771118164,2.0182700157165527,0.32965999841690063
2007,3,18,9,0,0.8653579950332642,9.068400382995605,245,8.005000114440918,7.418600082397461,17880,12.114999771118164,1.9475899934768677,0.3315599858760834
2007,3,18,12,0,0.8545640110969543,8.817299842834473,255,7.763199806213379,7.183499813079834,16815,9.101699829101562,1.9196399450302124,0.3363099992275238
2007,3,18,15,0,0.845071017742157,8.843099594116211,255,7.789899826049805,7.208700180053711,14968,11.013500213623047,1.8080600500106812,0.3344300091266632
2007,3,18,18,0,0.8380020260810852,8.968000411987305,255,7.898099899291992,7.309899806976318,13636,11.013500213623047,1.710960030555725,0.33430999517440796
2007,3,18,21,0,0.831911027431488,9.134900093078613,245,8.038000106811523,7.437699794769287,12914,11.013500213623047,1.646299958229065,0.3350900113582611
2007,3,19,0,0,0.8232759833335876,9.291199684143066,255,8.183199882507324,7.576900005340576,12582,14.659700393676758,1.6088600158691406,0.33428001403808594
2007,3,19,3,0,0.814503014087677,9.395700454711914,255,8.288800239562988,7.679500102996826,12238,14.659700393676758,1.5773099660873413,0.3349800109863281
2007,3,19,6,0,0.8007050156593323,9.083000183105469,255,7.340199947357178,6.084099769592285,11728,9.101699829101562,1.5727200508117676,0.3752700090408325
2007,3,19,9,0,0.7897830009460449,7.73799991607666,245,5.972599983215332,5.061399936676025,13436,9.101699829101562,1.8350900411605835,0.4752199947834015
2007,3,19,12,0,0.7888190150260925,7.238500118255615,235,5.742099761962891,4.983500003814697,16485,6.837800025939941,2.1120200157165527,0.48848000168800354
2007,3,19,15,0,0.8091949820518494,7.212900161743164,235,5.936100006103516,5.227799892425537,22207,6.837800025939941,2.465240001678467,0.4533100128173828
2007,3,19,18,0,0.8165559768676758,7.7378997802734375,235,6.392199993133545,5.636899948120117,24894,7.5218000411987305,2.511320114135742,0.4472300112247467
2007,3,19,21,0,0.8217629790306091,8.03909969329834,245,6.5725998878479,5.764500141143799,27154,8.274100303649902,2.564500093460083,0.45309001207351685
2007,3,20,0,0,0.8279139995574951,8.297499656677246,245,6.761499881744385,5.906400203704834,28357,8.274100303649902,2.572849988937378,0.44574999809265137
2007,3,20,3,0,0.8249329924583435,8.21619987487793,245,6.622000217437744,5.764200210571289,32409,8.274100303649902,2.760159969329834,0.4554300010204315
2007,3,20,6,0,0.8441200256347656,8.483499526977539,245,6.9842000007629395,6.156899929046631,35077,8.274100303649902,2.8231399059295654,0.43248000741004944
2007,3,20,9,0,0.8467209935188293,8.321800231933594,255,6.889599800109863,6.103499889373779,35167,8.274100303649902,2.8581700325012207,0.43077000975608826
2007,3,20,12,0,0.8572570085525513,8.352700233459473,255,6.996799945831299,6.21999979019165,37787,8.274100303649902,2.961050033569336,0.4127900004386902
2007,3,20,15,0,0.8756729960441589,8.67609977722168,265,7.333000183105469,6.530799865722656,43070,8.274100303649902,3.0968899726867676,0.39153000712394714
2007,3,20,18,0,0.8986390233039856,9.508600234985352,275,8.141500473022461,7.253499984741211,57573,10.01200008392334,3.396359920501709,0.3520500063896179
2007,3,20,21,0,0.9184550046920776,10.362799644470215,275,9.060199737548828,8.144499778747559,68591,12.114999771118164,3.5222299098968506,0.31200000643730164
2007,3,21,0,0,0.9225500226020813,10.563300132751465,275,9.174400329589844,8.112799644470215,64739,12.114999771118164,3.3813700675964355,0.30640000104904175
2007,3,21,3,0,0.9196490049362183,10.5802001953125,275,9.318300247192383,8.413700103759766,53705,11.013500213623047,3.0794100761413574,0.30219000577926636
2007,3,21,6,0,0.9154539704322815,10.579999923706055,275,9.435799598693848,8.711600303649902,43689,11.013500213623047,2.7789900302886963,0.3008599877357483
2007,3,21,9,0,0.9116740226745605,10.588700294494629,275,9.468899726867676,8.80109977722168,36653,10.01200008392334,2.5430400371551514,0.30309000611305237
2007,3,21,12,0,0.9077069759368896,10.601499557495117,275,9.463800430297852,8.803999900817871,31178,14.659700393676758,2.3412699699401855,0.30663999915122986
2007,3,21,15,0,0.9025700092315674,10.54319953918457,275,9.1983003616333,8.164799690246582,26402,14.659700393676758,2.1586999893188477,0.3143500089645386
2007,3,21,18,0,0.8770580291748047,9.445099830627441,275,7.183499813079834,5.831399917602539,23480,14.659700393676758,2.156090021133423,0.4131700098514557
2007,3,21,21,0,0.8398270010948181,8.280699729919434,265,6.51140022277832,5.547399997711182,26669,14.659700393676758,2.4798099994659424,0.4396600127220154
2007,3,22,0,0,0.8148059844970703,7.950099945068359,255,6.4380998611450195,5.5802998542785645,29252,13.326800346374512,2.6663100719451904,0.4211899936199188
2007,3,22,3,0,0.8119019865989685,8.265700340270996,255,6.779600143432617,5.902299880981445,24568,13.326800346374512,2.3921899795532227,0.40415000915527344
2007,3,22,6,0,0.8281790018081665,8.56470012664795,265,7.088500022888184,6.177999973297119,22624,13.326800346374512,2.2539401054382324,0.3837699890136719
2007,3,22,9,0,0.8651009798049927,9.085399627685547,265,7.7972002029418945,6.932600021362305,25057,13.326800346374512,2.301690101623535,0.3379899859428406
2007,3,22,12,0,0.8979359865188599,9.652299880981445,275,8.467000007629395,7.612100124359131,30522,11.013500213623047,2.456700086593628,0.30682000517845154
2007,3,22,15,0,0.9157779812812805,10.100799560546875,275,8.57129955291748,7.394700050354004,38945,12.114999771118164,2.6988399028778076,0.3303000032901764
2007,3,22,18,0,0.9143530130386353,10.61050033569336,275,8.396599769592285,7.003600120544434,54829,12.114999771118164,3.10332989692688,0.412339985370636
2007,3,22,21,0,0.9100130200386047,11.315899848937988,275,8.549799919128418,7.026100158691406,92797,19.513200759887695,3.8741400241851807,0.452129989862442
2007,3,23,0,0,0.9276210069656372,12.538900375366211,275,9.912300109863281,8.251500129699707,132425,17.73889923095703,4.354020118713379,0.39100998640060425
2007,3,23,3,0,0.9404659867286682,13.23390007019043,275,11.236900329589844,9.874600410461426,142431,17.73889923095703,4.37060022354126,0.3239400088787079
2007,3,23,6,0,0.9483950138092041,13.360199928283691,285,11.723099708557129,10.553000450134277,132222,16.125999450683594,4.183770179748535,0.28902000188827515
2007,3,23,9,0,0.9506779909133911,13.082500457763672,285,11.606800079345703,10.497099876403809,109313,16.125999450683594,3.849299907684326,0.27577999234199524
2007,3,23,12,0,0.9464409947395325,12.513500213623047,275,10.648500442504883,9.00979995727539,90341,16.125999450683594,3.5868499279022217,0.2925400137901306
2007,3,23,15,0,0.9012060165405273,10.666199684143066,275,8.187100410461426,6.695799827575684,83303,14.659700393676758,3.7663800716400146,0.40268000960350037
2007,3,23,18,0,0.8489019870758057,9.738800048828125,265,7.753200054168701,6.580100059509277,77599,14.659700393676758,3.8463399410247803,0.40564998984336853
2007,3,23,21,0,0.830623984336853,9.592000007629395,265,7.859600067138672,6.798399925231934,70965,14.659700393676758,3.72052001953125,0.38363999128341675
2007,3,24,0,0,0.8438689708709717,9.793700218200684,265,8.175399780273438,7.132999897003174,62505,14.659700393676758,3.4543800354003906,0.36076998710632324
2007,3,24,3,0,0.8587759733200073,9.782999992370605,265,8.184100151062012,7.11299991607666,54484,13.326800346374512,3.2305099964141846,0.35106998682022095
2007,3,24,6,0,0.8701050281524658,9.725700378417969,265,8.2121000289917,7.174200057983398,49725,13.326800346374512,3.101490020751953,0.33897000551223755
2007,3,24,9,0,0.8766310214996338,9.714300155639648,265,8.210399627685547,7.153200149536133,47578,13.326800346374512,3.0380899906158447,0.3320600092411041
2007,3,24,12,0,0.8604270219802856,9.320300102233887,265,7.628499984741211,6.488100051879883,46582,13.326800346374512,3.0765600204467773,0.35659000277519226
2007,3,24,15,0,0.8427649736404419,8.887100219726562,255,7.341800212860107,6.32889986038208,46327,12.114999771118164,3.1577699184417725,0.36197999119758606
2007,3,24,18,0,0.8541690111160278,8.891500473022461,255,7.646599769592285,6.8024001121521,46222,12.114999771118164,3.1654300689697266,0.3306899964809418
2007,3,24,21,0,0.8691059947013855,9.253800392150879,255,8.233200073242188,7.549699783325195,43024,12.114999771118164,2.9921200275421143,0.2958199977874756
2007,3,25,0,0,0.8760970234870911,9.481900215148926,255,8.502300262451172,7.8256001472473145,38341,12.114999771118164,2.7860898971557617,0.28306999802589417
2007,3,25,3,0,0.8799440264701843,9.591500282287598,255,8.600899696350098,7.89109992980957,34627,12.114999771118164,2.630079984664917,0.27875998616218567
2007,3,25,6,0,0.8870090246200562,9.67870044708252,265,8.739899635314941,8.096400260925293,33051,12.114999771118164,2.5570199489593506,0.27222999930381775
2007,3,25,9,0,0.9030119776725769,9.892999649047852,265,9.07919979095459,8.544400215148926,36312,11.013500213623047,2.6493799686431885,0.2522900104522705
2007,3,25,12,0,0.9150699973106384,10.014699935913086,265,9.284500122070312,8.8100004196167,38551,11.013500213623047,2.7129499912261963,0.23837000131607056
2007,3,25,15,0,0.9211750030517578,9.996800422668457,265,9.279399871826172,8.819899559020996,36196,11.013500213623047,2.6322200298309326,0.2378000020980835
2007,3,25,18,0,0.9237920045852661,9.939900398254395,265,9.212599754333496,8.748800277709961,32478,11.013500213623047,2.502039909362793,0.2410299926996231
2007,3,25,21,0,0.9246439933776855,9.88759994506836,265,9.129500389099121,8.639599800109863,29015,11.013500213623047,2.371959924697876,0.24699999392032623
2007,3,26,0,0,0.9244779944419861,9.854100227355957,265,9.049599647521973,8.514300346374512,26258,11.013500213623047,2.2600901126861572,0.25464001297950745
2007,3,26,3,0,0.9242119789123535,9.861900329589844,265,9.038999557495117,8.520500183105469,24311,11.013500213623047,2.172300100326538,0.26135000586509705
2007,3,26,6,0,0.9246910214424133,9.922900199890137,265,9.066800117492676,8.532099723815918,23545,11.013500213623047,2.1279900074005127,0.26712000370025635
2007,3,26,9,0,0.9256380200386047,10.099300384521484,265,9.223099708557129,8.65719985961914,24748,11.013500213623047,2.157099962234497,0.26530998945236206
2007,3,26,12,0,0.9269890189170837,10.309599876403809,275,9.430899620056152,8.83810043334961,27269,11.013500213623047,2.2355799674987793,0.2574700117111206
2007,3,26,15,0,0.9310449957847595,10.378700256347656,275,9.46679973602295,8.748700141906738,28560,11.013500213623047,2.279020071029663,0.2513499855995178
2007,3,26,18,0,0.9308879971504211,10.172800064086914,275,8.727700233459473,7.115499973297119,29015,11.013500213623047,2.3242900371551514,0.2605400085449219
2007,3,26,21,0,0.9261559844017029,10.016599655151367,275,8.434700012207031,6.762800216674805,28395,11.013500213623047,2.3206300735473633,0.26930001378059387
2007,3,27,0,0,0.9204220175743103,10.110099792480469,275,9.215999603271484,8.568499565124512,26777,11.013500213623047,2.244070053100586,0.2533000111579895
2007,3,27,3,0,0.9162200093269348,10.041000366210938,275,9.18910026550293,8.596400260925293,24604,11.013500213623047,2.160720109939575,0.2524400055408478
2007,3,27,6,0,0.9150869846343994,9.958499908447266,275,8.996899604797363,8.10509967803955,23062,11.013500213623047,2.1027400493621826,0.2538299858570099
2007,3,27,9,0,0.9254109859466553,8.942700386047363,275,7.558000087738037,6.5381999015808105,31001,11.013500213623047,2.588479995727539,0.32447999715805054
2007,3,27,12,0,0.9409030079841614,9.30840015411377,275,8.142800331115723,7.231900215148926,56858,11.013500213623047,3.432950019836426,0.2888999879360199
2007,3,27,15,0,0.9413049817085266,9.542400360107422,275,8.4173002243042,7.525199890136719,67739,11.013500213623047,3.692310094833374,0.27963998913764954
2007,3,27,18,0,0.9423620104789734,9.414999961853027,285,8.258099555969238,7.3445000648498535,61094,11.013500213623047,3.5346100330352783,0.2847999930381775
2007,3,27,21,0,0.9386829733848572,8.788900375366211,285,7.619999885559082,6.754199981689453,53430,10.01200008392334,3.4416000843048096,0.3052600026130676
2007,3,28,0,0,0.9321839809417725,8.475199699401855,285,7.413000106811523,6.634399890899658,48037,10.01200008392334,3.337019920349121,0.3018600046634674
2007,3,28,3,0,0.9257320165634155,8.171899795532227,285,7.0742998123168945,6.3043999671936035,38061,9.101699829101562,3.029170036315918,0.3194600045681
2007,3,28,6,0,0.9265099763870239,8.30739974975586,275,7.115699768066406,6.301799774169922,26635,9.101699829101562,2.5043299198150635,0.3342599868774414
2007,3,28,9,0,0.9359440207481384,8.76159954071045,275,7.500999927520752,6.6539998054504395,20918,11.013500213623047,2.1493899822235107,0.3323799967765808
2007,3,28,12,0,0.9426109790802002,9.478400230407715,275,8.277400016784668,7.424699783325195,21227,12.114999771118164,2.0701000690460205,0.30239999294281006
2007,3,28,15,0,0.943589985370636,10.241299629211426,275,9.26360034942627,8.527899742126465,28497,11.013500213623047,2.2945799827575684,0.25867000222206116
2007,3,28,18,0,0.9482359886169434,10.601099967956543,285,9.764599800109863,9.148300170898438,34849,12.114999771118164,2.48622989654541,0.23903000354766846
2007,3,28,21,0,0.9526360034942627,10.724499702453613,285,9.832900047302246,9.07289981842041,36695,12.114999771118164,2.5318400859832764,0.23916999995708466
2007,3,29,0,0,0.9568480253219604,10.852399826049805,285,9.955699920654297,9.196700096130371,39093,12.114999771118164,2.5929300785064697,0.23851999640464783
2007,3,29,3,0,0.9605759978294373,10.981800079345703,285,10.165800094604492,9.545100212097168,43899,12.114999771118164,2.727950096130371,0.22982999682426453
2007,3,29,6,0,0.9595749974250793,10.966400146484375,285,10.212499618530273,9.669300079345703,46763,12.114999771118164,2.819580078125,0.222680002450943
2007,3,29,9,0,0.9602439999580383,10.891500473022461,275,10.178899765014648,9.675700187683105,46093,12.114999771118164,2.813199996948242,0.21839000284671783
2007,3,29,12,0,0.9592559933662415,10.866700172424316,275,10.16670036315918,9.67549991607666,44310,12.114999771118164,2.7630200386047363,0.21747000515460968
2007,3,29,15,0,0.9572979807853699,10.945099830627441,275,10.241600036621094,9.749199867248535,46056,12.114999771118164,2.8038899898529053,0.217849999666214
2007,3,29,18,0,0.9571830034255981,10.975700378417969,265,10.278200149536133,9.791999816894531,47559,12.114999771118164,2.844180107116699,0.2170799970626831
2007,3,29,21,0,0.9573439955711365,10.928099632263184,265,10.232099533081055,9.746100425720215,46343,12.114999771118164,2.815500020980835,0.2177799940109253
2007,3,30,0,0,0.9547169804573059,10.814900398254395,265,10.052499771118164,9.488100051879883,44569,12.114999771118164,2.7782599925994873,0.22606000304222107
2007,3,30,3,0,0.9518970251083374,10.768400192260742,265,10.018699645996094,9.499500274658203,43860,12.114999771118164,2.763430118560791,0.22891999781131744
2007,3,30,6,0,0.9493970274925232,10.812399864196777,265,10.092100143432617,9.605600357055664,44368,12.114999771118164,2.77278995513916,0.2258799970149994
2007,3,30,9,0,0.947862982749939,10.82859992980957,255,10.137900352478027,9.673500061035156,44687,12.114999771118164,2.781049966812134,0.2214599996805191
2007,3,30,12,0,0.9477649927139282,10.773699760437012,255,10.09939956665039,9.647700309753418,43820,12.114999771118164,2.763669967651367,0.21984000504016876
2007,3,30,15,0,0.9467700123786926,10.687299728393555,255,10.014300346374512,9.567700386047363,41646,12.114999771118164,2.708430051803589,0.2215700000524521
2007,3,30,18,0,0.9451389908790588,10.649399757385254,255,9.965900421142578,9.516500473022461,39732,11.013500213623047,2.651020050048828,0.22468000650405884
2007,3,30,21,0,0.9423419833183289,10.61769962310791,255,9.931400299072266,9.483699798583984,38663,11.013500213623047,2.619729995727539,0.22618000209331512
2007,3,31,0,0,0.9389070272445679,10.480600357055664,245,9.798700332641602,9.359199523925781,37687,12.114999771118164,2.6079299449920654,0.22818000614643097
2007,3,31,3,0,0.9323499798774719,10.218000411987305,245,9.523699760437012,9.084699630737305,34822,12.114999771118164,2.546869993209839,0.23522000014781952
2007,3,31,6,0,0.9165459871292114,9.913999557495117,245,9.193699836730957,8.755800247192383,29421,12.114999771118164,2.3840999603271484,0.24717000126838684
2007,3,31,9,0,0.8978409767150879,9.581500053405762,245,8.791399955749512,8.319700241088867,23179,11.013500213623047,2.1587300300598145,0.2657800018787384
2007,3,31,12,0,0.8765289783477783,9.162699699401855,245,8.248499870300293,7.660699844360352,18468,11.013500213623047,1.9775300025939941,0.29061999917030334
2007,3,31,15,0,0.8614349961280823,8.880800247192383,255,7.890999794006348,7.21120023727417,14940,11.013500213623047,1.811579942703247,0.3085300028324127
2007,3,31,18,0,0.8534740209579468,8.603500366210938,255,7.464600086212158,6.654300212860107,12650,11.013500213623047,1.696560025215149,0.33636000752449036
2007,3,31,21,0,0.8469939827919006,8.083800315856934,255,6.652400016784668,5.703999996185303,11434,10.01200008392334,1.6674200296401978,0.3863300085067749
2007,4,1,0,0,0.8520359992980957,7.200200080871582,265,5.842100143432617,5.05649995803833,12608,10.01200008392334,1.8630000352859497,0.4291299879550934
2007,4,1,3,0,0.8647180199623108,7.043900012969971,275,5.934599876403809,5.250199794769287,16122,7.5218000411987305,2.1367199420928955,0.39478999376296997
2007,4,1,6,0,0.8695629835128784,7.256800174713135,275,6.184599876403809,5.490300178527832,17050,7.5218000411987305,2.1643600463867188,0.37867000699043274
2007,4,1,9,0,0.8657310009002686,7.488699913024902,275,6.367099761962891,5.682499885559082,14281,7.5218000411987305,1.9437999725341797,0.39827001094818115
2007,4,1,12,0,0.8559479713439941,7.670400142669678,275,6.322400093078613,5.566699981689453,11510,7.5218000411987305,1.715459942817688,0.4455600082874298
2007,4,1,15,0,0.850596010684967,8.017399787902832,265,6.467400074005127,5.671800136566162,9979,6.837800025939941,1.5534700155258179,0.47826001048088074
2007,4,1,18,0,0.853954017162323,8.472800254821777,265,6.690800189971924,5.8246002197265625,9180,13.326800346374512,1.4417200088500977,0.5001800060272217
2007,4,1,21,0,0.8598470091819763,8.643899917602539,265,6.507299900054932,5.483799934387207,9297,13.326800346374512,1.4319900274276733,0.532010018825531
2007,4,2,0,0,0.8662610054016113,8.371899604797363,265,6.088799953460693,5.10260009765625,11342,19.513200759887695,1.6061099767684937,0.5730699896812439
2007,4,2,3,0,0.8715919852256775,8.598199844360352,275,6.268099784851074,5.278500080108643,13550,19.513200759887695,1.72707998752594,0.5739499926567078
2007,4,2,6,0,0.8773109912872314,8.724100112915039,275,6.452300071716309,5.487100124359131,15690,19.513200759887695,1.8416999578475952,0.5640599727630615
2007,4,2,9,0,0.8862670063972473,9.172800064086914,275,6.890600204467773,5.896299839019775,17593,17.73889923095703,1.8944200277328491,0.5380899906158447
2007,4,2,12,0,0.8950700163841248,9.78950023651123,275,7.3003997802734375,6.184700012207031,19193,17.73889923095703,1.9027800559997559,0.5177900195121765
2007,4,2,15,0,0.9022089838981628,10.369099617004395,275,7.654300212860107,6.383800029754639,20928,17.73889923095703,1.9186899662017822,0.4968799948692322
2007,4,2,18,0,0.9072499871253967,10.966699600219727,275,8.188400268554688,6.820000171661377,22820,16.125999450683594,1.9375200271606445,0.4647200107574463
2007,4,2,21,0,0.9098830223083496,11.562100410461426,275,8.777000427246094,7.272799968719482,24561,16.125999450683594,1.9481799602508545,0.4268999993801117
2007,4,3,0,0,0.9097129702568054,11.98390007019043,275,9.182000160217285,7.48360013961792,25364,16.125999450683594,1.9387099742889404,0.39660999178886414
2007,4,3,3,0,0.9076449871063232,12.23330020904541,275,9.569299697875977,7.847799777984619,24914,16.125999450683594,1.8995000123977661,0.37307000160217285
2007,4,3,6,0,0.9031270146369934,12.264399528503418,275,9.778900146484375,8.111000061035156,22960,14.659700393676758,1.8222500085830688,0.35752999782562256
2007,4,3,9,0,0.8983089923858643,12.190699577331543,275,9.861300468444824,8.232999801635742,20619,14.659700393676758,1.7343900203704834,0.3451099991798401
2007,4,3,12,0,0.8958280086517334,12.199399948120117,275,10.03339958190918,8.437299728393555,19131,14.659700393676758,1.671470046043396,0.3294000029563904
2007,4,3,15,0,0.8922010064125061,12.26729965209961,275,10.256099700927734,8.699700355529785,18081,14.659700393676758,1.6212899684906006,0.31474000215530396
2007,4,3,18,0,0.8813440203666687,12.273200035095215,275,10.369500160217285,8.861599922180176,16433,14.659700393676758,1.5470999479293823,0.30862000584602356
2007,4,3,21,0,0.8655449748039246,12.217700004577637,265,10.381600379943848,8.933899879455566,14407,14.659700393676758,1.454759955406189,0.3105199933052063
2007,4,4,0,0,0.8543030023574829,12.204899787902832,265,10.430399894714355,9.041399955749512,12971,13.326800346374512,1.3835099935531616,0.3128899931907654
2007,4,4,3,0,0.8458420038223267,12.277199745178223,265,10.564299583435059,9.225899696350098,12229,13.326800346374512,1.3404699563980103,0.3129200041294098
2007,4,4,6,0,0.8399279713630676,12.38599967956543,255,10.70419979095459,9.399299621582031,11613,13.326800346374512,1.3010599613189697,0.31488001346588135
2007,4,4,9,0,0.8380780220031738,12.499099731445312,255,10.736800193786621,9.33590030670166,10737,13.326800346374512,1.2459900379180908,0.3246299922466278
2007,4,4,12,0,0.8378139734268188,12.6628999710083,255,10.612500190734863,8.932900428771973,9848,13.326800346374512,1.1867599487304688,0.3481000065803528
2007,4,4,15,0,0.838142991065979,12.551199913024902,245,10.083900451660156,8.298700332641602,9029,21.46489906311035,1.1426299810409546,0.38242998719215393
2007,4,4,18,0,0.8452379703521729,12.870100021362305,255,9.910900115966797,7.866399765014648,10015,19.513200759887695,1.1861000061035156,0.40191999077796936
2007,4,4,21,0,0.8541790246963501,12.4753999710083,245,9.065899848937988,7.043799877166748,11521,19.513200759887695,1.2932499647140503,0.44207999110221863
2007,4,5,0,0,0.8661450147628784,11.280400276184082,245,8.2746000289917,6.7519001960754395,13606,19.513200759887695,1.4854700565338135,0.48173001408576965
2007,4,5,3,0,0.8742139935493469,10.696100234985352,245,8.308199882507324,7.117800235748291,19141,17.73889923095703,1.8177399635314941,0.4711399972438812
2007,4,5,6,0,0.8775629997253418,10.508500099182129,245,8.439200401306152,7.387199878692627,21759,17.73889923095703,1.961400032043457,0.4517799913883209
2007,4,5,9,0,0.8731399774551392,10.294300079345703,245,8.295000076293945,7.12470006942749,20821,17.73889923095703,1.942039966583252,0.437389999628067
2007,4,5,12,0,0.8456929922103882,9.54170036315918,245,6.794300079345703,5.372099876403809,20721,16.125999450683594,2.0125598907470703,0.4918699860572815
2007,4,5,15,0,0.8470759987831116,9.646499633789062,235,7.050000190734863,5.5970001220703125,20434,16.125999450683594,1.9861299991607666,0.47429001331329346
2007,4,5,18,0,0.8583250045776367,9.785400390625,235,7.590000152587891,6.281899929046631,19791,16.125999450683594,1.9417099952697754,0.45030999183654785
2007,4,5,21,0,0.8726639747619629,9.707900047302246,235,7.8907999992370605,6.893700122833252,19270,17.73889923095703,1.9290200471878052,0.43456000089645386
2007,4,6,0,0,0.8864110112190247,9.680800437927246,235,8.097299575805664,7.237100124359131,19601,9.101699829101562,1.954300045967102,0.41150999069213867
2007,4,6,3,0,0.8890219926834106,9.947099685668945,235,8.450400352478027,7.61870002746582,20846,9.101699829101562,1.9863500595092773,0.38885000348091125
2007,4,6,6,0,0.887902021408081,10.331000328063965,235,8.944199562072754,8.13129997253418,23917,9.101699829101562,2.082659959793091,0.3542099893093109
2007,4,6,9,0,0.8984630107879639,10.532999992370605,245,9.290300369262695,8.529000282287598,26592,12.114999771118164,2.174030065536499,0.32422998547554016
2007,4,6,12,0,0.9053549766540527,10.55109977722168,245,9.392399787902832,8.66409969329834,26800,11.013500213623047,2.1824100017547607,0.31047001481056213
2007,4,6,15,0,0.9070029854774475,10.53689956665039,245,9.398900032043457,8.669699668884277,25902,11.013500213623047,2.1479899883270264,0.30695000290870667
2007,4,6,18,0,0.9085270166397095,10.40779972076416,235,9.138199806213379,8.23550033569336,25305,11.013500213623047,2.137389898300171,0.3154299855232239
2007,4,6,21,0,0.9123259782791138,10.244500160217285,235,8.888299942016602,7.9278998374938965,26810,11.013500213623047,2.218179941177368,0.3254300057888031
2007,4,7,0,0,0.9160410165786743,10.374699592590332,245,9.114399909973145,8.248299598693848,29873,11.013500213623047,2.3238298892974854,0.31248000264167786
2007,4,7,3,0,0.9243620038032532,10.6628999710083,245,9.555899620056152,8.810999870300293,34360,11.013500213623047,2.4526801109313965,0.2876499891281128
2007,4,7,6,0,0.9310020208358765,10.94540023803711,245,9.947999954223633,9.272700309753418,39550,13.326800346374512,2.590320110321045,0.2663100063800812
2007,4,7,9,0,0.9360979795455933,11.182999610900879,245,10.281900405883789,9.666899681091309,44752,13.326800346374512,2.7199900150299072,0.24716000258922577
2007,4,7,12,0,0.9380519986152649,11.288700103759766,245,10.460100173950195,9.887700080871582,47387,12.114999771118164,2.783950090408325,0.2341800034046173
2007,4,7,15,0,0.9372439980506897,11.24470043182373,245,10.458999633789062,9.918399810791016,46065,12.114999771118164,2.7529900074005127,0.2288299947977066
2007,4,7,18,0,0.9347450137138367,11.109399795532227,245,10.350099563598633,9.833399772644043,42701,12.114999771118164,2.6724801063537598,0.2278199940919876
2007,4,7,21,0,0.9309170246124268,10.973099708557129,245,10.20300006866455,9.665900230407715,39699,12.114999771118164,2.598099946975708,0.2310200035572052
2007,4,8,0,0,0.9263010025024414,10.832599639892578,245,9.97760009765625,9.345399856567383,37865,12.114999771118164,2.5573699474334717,0.24121999740600586
2007,4,8,3,0,0.9219310283660889,10.760600090026855,245,9.91569995880127,9.314499855041504,36686,12.114999771118164,2.5280799865722656,0.24342000484466553
2007,4,8,6,0,0.9179069995880127,10.708499908447266,245,9.916799545288086,9.36970043182373,35227,11.013500213623047,2.4860799312591553,0.23984000086784363
2007,4,8,9,0,0.9135069847106934,10.577699661254883,245,9.715399742126465,9.000499725341797,33001,11.013500213623047,2.424799919128418,0.24368000030517578
2007,4,8,12,0,0.9042990207672119,9.986000061035156,245,8.42870044708252,7.098299980163574,30218,11.013500213623047,2.3941400051116943,0.3024500012397766
2007,4,8,15,0,0.8952410221099854,9.103899955749512,235,7.500199794769287,6.390399932861328,28268,11.013500213623047,2.4385900497436523,0.3561600148677826
2007,4,8,18,0,0.8928660154342651,8.723299980163574,235,7.275599956512451,6.276199817657471,29894,11.013500213623047,2.575350046157837,0.357450008392334
2007,4,8,21,0,0.895717978477478,9.276700019836426,235,7.817299842834473,6.730400085449219,41202,11.013500213623047,2.9184300899505615,0.33344000577926636
2007,4,9,0,0,0.8964499831199646,9.67549991607666,235,8.251500129699707,7.1350998878479,54730,11.013500213623047,3.2804598808288574,0.31297001242637634
2007,4,9,3,0,0.8878229856491089,9.566900253295898,235,8.154399871826172,7.063300132751465,58694,11.013500213623047,3.420300006866455,0.3132700026035309
2007,4,9,6,0,0.8823950290679932,9.805700302124023,235,8.647899627685547,7.767099857330322,54275,11.013500213623047,3.2464499473571777,0.28946998715400696
2007,4,9,9,0,0.8816580176353455,10.212800025939941,235,9.263799667358398,8.60219955444336,48499,11.013500213623047,2.997960090637207,0.26723000407218933
2007,4,9,12,0,0.880299985408783,9.865799903869629,245,8.24839973449707,7.009099960327148,48099,12.114999771118164,3.0338199138641357,0.32583001255989075
2007,4,9,15,0,0.8887050151824951,9.3927001953125,245,7.877299785614014,6.887499809265137,56270,12.114999771118164,3.3710899353027344,0.35756000876426697
2007,4,9,18,0,0.8930619955062866,9.865900039672852,255,8.331700325012207,7.315999984741211,58042,12.114999771118164,3.3254001140594482,0.3500800132751465
2007,4,9,21,0,0.8996850252151489,10.434900283813477,255,8.951700210571289,7.95389986038208,60833,13.326800346374512,3.2956299781799316,0.3354099988937378
2007,4,10,0,0,0.9078310132026672,10.662599563598633,255,8.923100471496582,7.708899974822998,63670,13.326800346374512,3.3252100944519043,0.35036998987197876
2007,4,10,3,0,0.9138510227203369,10.939399719238281,255,9.282299995422363,8.175100326538086,66073,13.326800346374512,3.336440086364746,0.34536001086235046
2007,4,10,6,0,0.9174410104751587,11.1451997756958,255,9.537300109863281,8.491700172424316,67481,12.114999771118164,3.334059953689575,0.33952999114990234
2007,4,10,9,0,0.9204859733581543,11.31980037689209,255,9.884200096130371,9.014300346374512,66538,12.114999771118164,3.2813799381256104,0.32308998703956604
2007,4,10,12,0,0.9253479838371277,11.47819995880127,265,10.180999755859375,9.392000198364258,64732,16.125999450683594,3.210520029067993,0.30289000272750854
2007,4,10,15,0,0.9295859932899475,11.592900276184082,265,10.400199890136719,9.6628999710083,62552,16.125999450683594,3.1377100944519043,0.28679001331329346
2007,4,10,18,0,0.9313499927520752,11.584199905395508,265,10.47070026397705,9.775300025939941,58513,14.659700393676758,3.0369200706481934,0.2762199938297272
2007,4,10,21,0,0.9309229850769043,11.486700057983398,265,10.428999900817871,9.760100364685059,53412,14.659700393676758,2.917069911956787,0.2689499855041504
2007,4,11,0,0,0.9296810030937195,11.40429973602295,265,10.362700462341309,9.671600341796875,49173,14.659700393676758,2.81141996383667,0.2644500136375427
2007,4,11,3,0,0.9279090166091919,11.320799827575684,265,10.304400444030762,9.620499610900879,45066,14.659700393676758,2.7043099403381348,0.26139000058174133
2007,4,11,6,0,0.9255949854850769,11.19379997253418,265,10.224300384521484,9.594599723815918,40529,13.326800346374512,2.5838499069213867,0.2589400112628937
2007,4,11,9,0,0.9227679967880249,11.053099632263184,265,10.119799613952637,9.516400337219238,36277,13.326800346374512,2.4652299880981445,0.25672000646591187
2007,4,11,12,0,0.9191610217094421,10.936699867248535,265,10.013299942016602,9.38640022277832,32448,13.326800346374512,2.34798002243042,0.2556000053882599
2007,4,11,15,0,0.9135090112686157,10.67549991607666,265,9.046500205993652,7.178999900817871,28610,13.326800346374512,2.23622989654541,0.2682900130748749
2007,4,11,18,0,0.9014589786529541,10.527199745178223,265,9.001199722290039,7.614999771118164,25010,13.326800346374512,2.107189893722534,0.29082998633384705
2007,4,11,21,0,0.8978340029716492,10.636300086975098,265,9.512900352478027,8.639900207519531,22033,12.114999771118164,1.968999981880188,0.2765200138092041
2007,4,12,0,0,0.8933110237121582,10.603599548339844,265,9.627799987792969,8.945699691772461,20802,12.114999771118164,1.9194300174713135,0.2707599997520447
2007,4,12,3,0,0.8745319843292236,10.453300476074219,255,9.62720012664795,9.094099998474121,21491,12.114999771118164,1.9717999696731567,0.26190999150276184
2007,4,12,6,0,0.8591639995574951,9.933799743652344,255,8.512499809265137,7.250699996948242,21530,12.114999771118164,2.0314600467681885,0.30173999071121216
2007,4,12,9,0,0.8441100120544434,9.274700164794922,255,7.849899768829346,6.848100185394287,21731,11.013500213623047,2.119999885559082,0.3430100083351135
2007,4,12,12,0,0.8383700251579285,9.223199844360352,255,7.94379997253418,7.085999965667725,20708,11.013500213623047,2.077310085296631,0.34115999937057495
2007,4,12,15,0,0.8463630080223083,8.994400024414062,255,7.250400066375732,6.106400012969971,19665,11.013500213623047,2.0474600791931152,0.38819000124931335
2007,4,12,18,0,0.867127001285553,9.018899917602539,255,7.315299987792969,6.257500171661377,20991,11.013500213623047,2.1097400188446045,0.39945000410079956
2007,4,12,21,0,0.8888729810714722,9.583800315856934,255,7.95359992980957,6.862400054931641,23523,11.013500213623047,2.1582999229431152,0.3708899915218353
2007,4,13,0,0,0.9055420160293579,10.213000297546387,255,8.657299995422363,7.508600234985352,27919,11.013500213623047,2.2662899494171143,0.33893999457359314
2007,4,13,3,0,0.9139090180397034,10.63129997253418,265,9.059399604797363,7.800000190734863,31809,11.013500213623047,2.3600499629974365,0.3208799958229065
2007,4,13,6,0,0.9083260297775269,10.278200149536133,265,8.195699691772461,6.711400032043457,33468,14.659700393676758,2.4594600200653076,0.36146000027656555
2007,4,13,9,0,0.8712149858474731,8.986499786376953,255,6.997099876403809,5.854700088500977,35597,13.326800346374512,2.735300064086914,0.4240800142288208
2007,4,13,12,0,0.8291720151901245,8.373299598693848,245,6.839200019836426,5.9079999923706055,39626,9.101699829101562,3.022010087966919,0.3991999924182892
2007,4,13,15,0,0.8348760008811951,8.357799530029297,225,7.039700031280518,6.151000022888184,54604,10.01200008392334,3.571010112762451,0.3530600070953369
2007,4,13,18,0,0.8540520071983337,8.781100273132324,225,7.572199821472168,6.696499824523926,78133,10.01200008392334,4.160820007324219,0.31718000769615173
2007,4,13,21,0,0.8497040271759033,9.040499687194824,225,7.863399982452393,6.9807000160217285,88050,10.01200008392334,4.34621000289917,0.30437999963760376
2007,4,14,0,0,0.8440529704093933,9.350500106811523,225,8.181500434875488,7.31850004196167,92545,10.01200008392334,4.368229866027832,0.3052000105381012
2007,4,14,3,0,0.8239399790763855,9.675200462341309,225,8.433699607849121,7.556700229644775,94823,11.013500213623047,4.328929901123047,0.31992998719215393
2007,4,14,6,0,0.798704981803894,10.560500144958496,245,9.425800323486328,8.729000091552734,85372,10.01200008392334,3.8957200050354004,0.30831998586654663
2007,4,14,9,0,0.8125600218772888,11.256099700927734,255,10.154500007629395,9.496299743652344,82453,16.125999450683594,3.6778900623321533,0.2915300130844116
2007,4,14,12,0,0.8270059823989868,11.540499687194824,255,10.520899772644043,9.910900115966797,77572,14.659700393676758,3.511009931564331,0.2739099860191345
2007,4,14,15,0,0.8334460258483887,11.553899765014648,265,10.592300415039062,10.013299942016602,69574,14.659700393676758,3.3216099739074707,0.2639400064945221
2007,4,14,18,0,0.8384079933166504,11.468400001525879,265,10.532400131225586,9.965900421142578,61517,14.659700393676758,3.1369800567626953,0.2602199912071228
2007,4,14,21,0,0.8474519848823547,11.262800216674805,265,10.143799781799316,9.271900177001953,54975,14.659700393676758,2.9961299896240234,0.2696399986743927
2007,4,15,0,0,0.8675389885902405,10.956500053405762,265,9.555399894714355,8.421099662780762,53591,13.326800346374512,3.0035600662231445,0.29302000999450684
2007,4,15,3,0,0.8951420187950134,11.15530014038086,265,9.954500198364258,9.08899974822998,58965,13.326800346374512,3.119220018386841,0.28224000334739685
2007,4,15,6,0,0.9198600053787231,11.639599800109863,265,10.546600341796875,9.831700325012207,71759,13.326800346374512,3.3535399436950684,0.2691900134086609
2007,4,15,9,0,0.9347649812698364,12.049099922180176,265,11.034000396728516,10.36240005493164,85937,14.659700393676758,3.5919198989868164,0.2521600127220154
2007,4,15,12,0,0.93886798620224,12.063699722290039,265,11.146100044250488,10.534500122070312,89150,13.326800346374512,3.656369924545288,0.2386700063943863
2007,4,15,15,0,0.9375560283660889,11.79699993133545,275,10.960100173950195,10.404000282287598,81427,13.326800346374512,3.545180082321167,0.2308499962091446
2007,4,15,18,0,0.9361310005187988,11.44890022277832,275,10.678899765014648,10.170299530029297,69322,13.326800346374512,3.3358500003814697,0.22547000646591187
2007,4,15,21,0,0.932919979095459,11.083000183105469,275,10.359600067138672,9.885700225830078,56513,12.114999771118164,3.077209949493408,0.22311000525951385
2007,4,16,0,0,0.9277589917182922,10.711400032043457,275,10.015899658203125,9.562100410461426,44596,12.114999771118164,2.79584002494812,0.2237199991941452
2007,4,16,3,0,0.9217590093612671,10.38070011138916,275,9.702799797058105,9.265800476074219,34733,12.114999771118164,2.5186500549316406,0.2259099930524826
2007,4,16,6,0,0.9160460233688354,10.065600395202637,265,9.389399528503418,8.960100173950195,26414,11.013500213623047,2.240299940109253,0.2315399944782257
2007,4,16,9,0,0.9105859994888306,9.775400161743164,265,9.086400032043457,8.6496000289917,20156,11.013500213623047,1.993190050125122,0.2396100014448166
2007,4,16,12,0,0.911109983921051,9.382399559020996,265,8.234000205993652,7.139900207519531,18000,11.013500213623047,1.9268399477005005,0.27386999130249023
2007,4,16,15,0,0.9085739850997925,8.88129997253418,265,7.268199920654297,6.11959981918335,25590,11.013500213623047,2.358330011367798,0.34564000368118286
2007,4,16,18,0,0.8660129904747009,8.561200141906738,255,6.993299961090088,5.979300022125244,43202,11.013500213623047,3.1214399337768555,0.3693700134754181
2007,4,16,21,0,0.8858559727668762,9.554300308227539,255,8.36929988861084,7.523200035095215,50867,12.114999771118164,3.1885900497436523,0.3018600046634674
2007,4,17,0,0,0.9038010239601135,9.97439956665039,265,8.906800270080566,8.121600151062012,47949,12.114999771118164,3.0205700397491455,0.27785998582839966
2007,4,17,3,0,0.9144729971885681,10.114500045776367,265,9.11769962310791,8.374899864196777,42389,12.114999771118164,2.8187999725341797,0.2680700123310089
2007,4,17,6,0,0.9183350205421448,10.039299964904785,265,8.836199760437012,7.864999771118164,37788,12.114999771118164,2.671370029449463,0.2872900068759918
2007,4,17,9,0,0.9238229990005493,10.111200332641602,265,8.903800010681152,8.045900344848633,35557,11.013500213623047,2.578049898147583,0.3036699891090393
2007,4,17,12,0,0.9300609827041626,10.402400016784668,265,9.140299797058105,8.310199737548828,37030,11.013500213623047,2.5831298828125,0.3149400055408478
2007,4,17,15,0,0.937798023223877,11.088899612426758,265,9.749099731445312,8.895600318908691,45901,12.114999771118164,2.763040065765381,0.3129799962043762
2007,4,17,18,0,0.9457709789276123,11.919099807739258,275,10.61989974975586,9.76990032196045,64159,14.659700393676758,3.1251399517059326,0.29016000032424927
2007,4,17,21,0,0.9537010192871094,12.427599906921387,275,11.251700401306152,10.455300331115723,81405,14.659700393676758,3.432300090789795,0.26688000559806824
2007,4,18,0,0,0.9564099907875061,12.672900199890137,275,11.59060001373291,10.859100341796875,90224,14.659700393676758,3.570739984512329,0.2533099949359894
2007,4,18,3,0,0.9569690227508545,12.760899543762207,275,11.723099708557129,11.026599884033203,92740,14.659700393676758,3.6045401096343994,0.24737000465393066
2007,4,18,6,0,0.9564599990844727,12.684499740600586,275,11.659299850463867,10.978599548339844,91403,14.659700393676758,3.5911800861358643,0.24722999334335327
2007,4,18,9,0,0.9559550285339355,12.53339958190918,275,11.52180004119873,10.851799964904785,88624,14.659700393676758,3.5617799758911133,0.24724000692367554
2007,4,18,12,0,0.955640971660614,12.317399978637695,275,11.327899932861328,10.677599906921387,85869,14.659700393676758,3.543570041656494,0.24753999710083008
2007,4,18,15,0,0.9558190107345581,12.100500106811523,275,11.1358003616333,10.506400108337402,80094,14.659700393676758,3.4601099491119385,0.24732999503612518
2007,4,18,18,0,0.9563850164413452,11.927800178527832,275,10.998600006103516,10.390700340270996,72096,14.659700393676758,3.3124899864196777,0.24422000348567963
2007,4,18,21,0,0.9569090008735657,11.763199806213379,275,10.875100135803223,10.292699813842773,64294,13.326800346374512,3.156100034713745,0.2403700053691864
2007,4,19,0,0,0.9572299718856812,11.57759952545166,275,10.724499702453613,10.165300369262695,56921,13.326800346374512,3.0003199577331543,0.23789000511169434
2007,4,19,3,0,0.9566100239753723,11.366100311279297,275,10.543800354003906,10.008600234985352,49910,13.326800346374512,2.8432600498199463,0.23637999594211578
2007,4,19,6,0,0.9557589888572693,11.149499893188477,275,10.34689998626709,9.82610034942627,43302,13.326800346374512,2.6814699172973633,0.2361299991607666
2007,4,19,9,0,0.9547749757766724,10.948399543762207,275,10.153300285339355,9.638500213623047,37136,13.326800346374512,2.512500047683716,0.23736999928951263
2007,4,19,12,0,0.9529439806938171,10.743499755859375,275,9.947999954223633,9.434300422668457,31223,12.114999771118164,2.331850051879883,0.24025000631809235
2007,4,19,15,0,0.9503719806671143,10.531200408935547,275,9.7298002243042,9.21619987487793,25778,12.114999771118164,2.14601993560791,0.2447900027036667
2007,4,19,18,0,0.9471060037612915,10.374799728393555,275,9.55109977722168,9.030099868774414,21471,12.114999771118164,1.9773600101470947,0.2528400123119354
2007,4,19,21,0,0.9437059760093689,10.396100044250488,275,9.492300033569336,8.939399719238281,18747,12.114999771118164,1.8447799682617188,0.2712100148200989
2007,4,20,0,0,0.9428679943084717,10.788900375366211,275,9.674699783325195,8.984000205993652,18553,12.114999771118164,1.7905199527740479,0.2978900074958801
2007,4,20,3,0,0.9463469982147217,11.284199714660645,275,9.372300148010254,7.749499797821045,22574,14.659700393676758,1.9126299619674683,0.32335999608039856
2007,4,20,6,0,0.9489780068397522,11.617500305175781,275,9.614500045776367,7.907100200653076,29596,14.659700393676758,2.1471199989318848,0.3128800094127655
2007,4,20,9,0,0.9494609832763672,11.805100440979004,275,10.307299613952637,9.001999855041504,35954,14.659700393676758,2.3476099967956543,0.27726998925209045
2007,4,20,12,0,0.9456589818000793,11.775699615478516,275,10.640199661254883,9.738900184631348,39468,13.326800346374512,2.467740058898926,0.2551499903202057
2007,4,20,15,0,0.9383829832077026,11.67240047454834,275,10.68120002746582,9.98799991607666,39909,13.326800346374512,2.4969398975372314,0.24973000586032867
2007,4,20,18,0,0.9318720102310181,11.611800193786621,275,10.649900436401367,10.017000198364258,38957,13.326800346374512,2.4751100540161133,0.250900000333786
2007,4,20,21,0,0.9287800192832947,11.614700317382812,275,10.657299995422363,10.036700248718262,38218,13.326800346374512,2.4509100914001465,0.2510400116443634
2007,4,21,0,0,0.9302099943161011,11.654500007629395,275,10.716899871826172,10.104999542236328,38023,13.326800346374512,2.4397499561309814,0.24722999334335327
2007,4,21,3,0,0.9339609742164612,11.66759967803955,275,10.773699760437012,10.1806001663208,37605,13.326800346374512,2.42546010017395,0.23985999822616577
2007,4,21,6,0,0.9370189905166626,11.643699645996094,275,10.7947998046875,10.222200393676758,36282,13.326800346374512,2.38631010055542,0.23261000216007233
2007,4,21,9,0,0.9373080134391785,11.558799743652344,275,10.735699653625488,10.177599906921387,33244,13.326800346374512,2.2953200340270996,0.22940999269485474
2007,4,21,12,0,0.9339969754219055,11.388799667358398,275,10.574199676513672,10.019599914550781,28693,13.326800346374512,2.1530001163482666,0.23029999434947968
2007,4,21,15,0,0.9249560236930847,11.09749984741211,275,10.090900421142578,9.146599769592285,23579,13.326800346374512,1.9832600355148315,0.24417999386787415
2007,4,21,18,0,0.8648650050163269,9.217700004577637,265,7.223999977111816,5.928100109100342,20894,12.114999771118164,2.071229934692383,0.3859899938106537
2007,4,21,21,0,0.7903280258178711,8.298100471496582,245,6.655799865722656,5.627600193023682,20282,12.114999771118164,2.1767799854278564,0.40584999322891235
2007,4,22,0,0,0.7916749715805054,8.321700096130371,225,6.820799827575684,5.835599899291992,22415,9.101699829101562,2.297990083694458,0.40095001459121704
2007,4,22,3,0,0.7972760200500488,8.786700248718262,225,7.22160005569458,6.1975998878479,26856,9.101699829101562,2.4449400901794434,0.4187900125980377
2007,4,22,6,0,0.7612559795379639,9.361800193786621,225,7.417900085449219,6.313700199127197,28089,9.101699829101562,2.409130096435547,0.48357000946998596
2007,4,22,9,0,0.7407649755477905,10.321800231933594,235,7.99560022354126,6.775199890136719,30465,21.46489906311035,2.3677799701690674,0.49935001134872437
2007,4,22,12,0,0.7683240175247192,11.752900123596191,255,9.276599884033203,7.96019983291626,37553,19.513200759887695,2.436269998550415,0.45987001061439514
2007,4,22,15,0,0.8172839879989624,12.696599960327148,265,10.288599967956543,9.029500007629395,46252,19.513200759887695,2.5814099311828613,0.4222100079059601
2007,4,22,18,0,0.8588650226593018,13.101499557495117,265,10.798299789428711,9.560799598693848,52564,19.513200759887695,2.6935200691223145,0.39232999086380005
2007,4,22,21,0,0.8864840269088745,13.325499534606934,265,11.152000427246094,9.86929988861084,57775,17.73889923095703,2.7858901023864746,0.36134999990463257
2007,4,23,0,0,0.9083600044250488,13.511500358581543,275,11.54539966583252,10.33650016784668,63262,17.73889923095703,2.88388991355896,0.33092001080513
2007,4,23,3,0,0.924901008605957,13.495599746704102,275,11.755499839782715,10.64840030670166,66166,17.73889923095703,2.9466400146484375,0.3073500096797943
2007,4,23,6,0,0.9336580038070679,13.24899959564209,275,11.718600273132324,10.728899955749512,64382,16.125999450683594,2.9355199337005615,0.2910600006580353
2007,4,23,9,0,0.9382489919662476,12.988300323486328,275,11.62030029296875,10.723999977111816,61140,16.125999450683594,2.89274001121521,0.27792999148368835
2007,4,23,12,0,0.9401320219039917,12.816200256347656,275,11.546699523925781,10.707200050354004,57774,16.125999450683594,2.8336501121520996,0.2691499888896942
2007,4,23,15,0,0.9388459920883179,12.606499671936035,275,11.39330005645752,10.593500137329102,52054,16.125999450683594,2.71655011177063,0.26627999544143677
2007,4,23,18,0,0.9345700144767761,12.288000106811523,275,11.110600471496582,10.336799621582031,44066,14.659700393676758,2.5389299392700195,0.2675600051879883
2007,4,23,21,0,0.927524983882904,11.839200019836426,275,10.311400413513184,8.871700286865234,36386,14.659700393676758,2.358880043029785,0.2823199927806854
2007,4,24,0,0,0.9178410172462463,11.05270004272461,265,8.926899909973145,7.3119001388549805,30748,14.659700393676758,2.254240036010742,0.343639999628067
2007,4,24,3,0,0.9089210033416748,10.664299964904785,265,8.465399742126465,7.025599956512451,27255,14.659700393676758,2.170639991760254,0.3926199972629547
2007,4,24,6,0,0.9004359841346741,10.308199882507324,265,7.90880012512207,6.498000144958496,26239,13.326800346374512,2.1774098873138428,0.4461599886417389
2007,4,24,9,0,0.8944960236549377,10.35949993133545,265,7.579800128936768,6.1529998779296875,31214,21.46489906311035,2.374809980392456,0.5060099959373474
2007,4,24,12,0,0.8787819743156433,10.119000434875488,255,7.426700115203857,6.139100074768066,41806,21.46489906311035,2.7895700931549072,0.5295600295066833
2007,4,24,15,0,0.8657289743423462,10.253100395202637,255,7.635499954223633,6.361599922180176,53635,19.513200759887695,3.132819890975952,0.5159500241279602
2007,4,24,18,0,0.8926720023155212,11.809900283813477,265,9.041399955749512,7.592800140380859,60543,19.513200759887695,3.066080093383789,0.4614099860191345
2007,4,24,21,0,0.9154710173606873,12.756699562072754,265,10.103599548339844,8.602800369262695,69791,19.513200759887695,3.1406900882720947,0.4094899892807007
2007,4,25,0,0,0.928164005279541,13.323800086975098,265,11.004400253295898,9.547200202941895,78905,17.73889923095703,3.2476699352264404,0.356440007686615
2007,4,25,3,0,0.9368320107460022,13.671699523925781,275,11.735300064086914,10.426400184631348,85869,17.73889923095703,3.3320798873901367,0.3127500116825104
2007,4,25,6,0,0.944146990776062,13.825400352478027,275,12.16409969329834,10.994999885559082,88231,17.73889923095703,3.3530800342559814,0.28536999225616455
2007,4,25,9,0,0.9476569890975952,13.801899909973145,275,12.315600395202637,11.255399703979492,85038,16.125999450683594,3.293459892272949,0.27044999599456787
2007,4,25,12,0,0.9494860172271729,13.732799530029297,275,12.35200023651123,11.361800193786621,80504,16.125999450683594,3.2126400470733643,0.26172998547554016
2007,4,25,15,0,0.9515960216522217,13.679800033569336,275,12.36989974975586,11.403900146484375,79104,16.125999450683594,3.1903998851776123,0.2538999915122986
2007,4,25,18,0,0.9511160254478455,13.2322998046875,275,11.446599960327148,9.674799919128418,81082,16.125999450683594,3.290479898452759,0.27112001180648804
2007,4,25,21,0,0.9378309845924377,12.114500045776367,265,9.789400100708008,7.982699871063232,84842,16.125999450683594,3.537839889526367,0.33237001299858093
2007,4,26,0,0,0.9259920120239258,11.484100341796875,265,9.299799919128418,7.729100227355957,85204,14.659700393676758,3.658950090408325,0.34757000207901
2007,4,26,3,0,0.9244430065155029,11.400400161743164,265,9.4443998336792,7.9791998863220215,79466,14.659700393676758,3.5529301166534424,0.3301199972629547
2007,4,26,6,0,0.9292449951171875,11.428400039672852,265,9.77079963684082,8.504300117492676,72920,14.659700393676758,3.4036900997161865,0.30674999952316284
2007,4,26,9,0,0.9319859743118286,11.354299545288086,265,9.96090030670166,8.910400390625,66361,14.659700393676758,3.265510082244873,0.28863000869750977
2007,4,26,12,0,0.9294430017471313,11.059200286865234,265,9.512100219726562,8.231900215148926,58473,13.326800346374512,3.1151299476623535,0.29563000798225403
2007,4,26,15,0,0.9072740077972412,10.109999656677246,265,8.084199905395508,6.708099842071533,52916,13.326800346374512,3.1156299114227295,0.36055999994277954
2007,4,26,18,0,0.8762149810791016,9.278300285339355,265,7.426599979400635,6.278900146484375,50911,13.326800346374512,3.214629888534546,0.38795000314712524
2007,4,26,21,0,0.8575680255889893,8.802300453186035,255,7.216000080108643,6.235799789428711,51737,12.114999771118164,3.351140022277832,0.38176000118255615
2007,4,27,0,0,0.8560159802436829,8.940500259399414,255,7.542500019073486,6.625899791717529,51635,12.114999771118164,3.328550100326538,0.35179999470710754
2007,4,27,3,0,0.8717799782752991,9.468099594116211,255,8.210100173950195,7.348700046539307,48150,12.114999771118164,3.1137399673461914,0.3196699917316437
2007,4,27,6,0,0.8971689939498901,10.043499946594238,265,8.950499534606934,8.222399711608887,46176,12.114999771118164,2.947770118713379,0.2906000018119812
2007,4,27,9,0,0.918658971786499,10.661399841308594,265,9.601799964904785,8.920900344848633,48892,12.114999771118164,2.9260098934173584,0.2813799977302551
2007,4,27,12,0,0.9361559748649597,11.740300178527832,275,10.547599792480469,9.788299560546875,63595,13.326800346374512,3.144160032272339,0.2861100137233734
2007,4,27,15,0,0.9484519958496094,12.536700248718262,275,11.058799743652344,9.759699821472168,85597,14.659700393676758,3.49960994720459,0.27750998735427856
2007,4,27,18,0,0.9282690286636353,11.724200248718262,275,9.453100204467773,7.8024001121521,100788,14.659700393676758,3.9309298992156982,0.34549999237060547
2007,4,27,21,0,0.917589008808136,11.53219985961914,275,9.532099723815918,8.109000205993652,100548,14.659700393676758,3.966789960861206,0.3389599919319153
2007,4,28,0,0,0.9232659935951233,11.751399993896484,275,10.146599769592285,9.011799812316895,89456,14.659700393676758,3.706670045852661,0.3071199953556061
2007,4,28,3,0,0.930063009262085,11.830300331115723,275,10.474900245666504,9.556400299072266,79090,14.659700393676758,3.4758799076080322,0.28626999258995056
2007,4,28,6,0,0.935329020023346,11.799699783325195,275,10.597700119018555,9.799799919128418,71068,13.326800346374512,3.3033199310302734,0.2725600004196167
2007,4,28,9,0,0.9397069811820984,11.752799987792969,275,10.656999588012695,9.927300453186035,64409,13.326800346374512,3.154860019683838,0.2615399956703186
2007,4,28,12,0,0.9433709979057312,11.704899787902832,275,10.6806001663208,9.996000289916992,58659,13.326800346374512,3.019969940185547,0.25367000699043274
2007,4,28,15,0,0.946528971195221,11.651100158691406,275,10.690699577331543,10.043999671936035,54531,13.326800346374512,2.9215800762176514,0.24613000452518463
2007,4,28,18,0,0.9489200115203857,11.543800354003906,275,10.653400421142578,10.051899909973145,51415,13.326800346374512,2.8554000854492188,0.23882000148296356
2007,4,28,21,0,0.9502869844436646,11.397100448608398,275,10.552399635314941,9.973699569702148,48173,13.326800346374512,2.788130044937134,0.23477999866008759
2007,4,29,0,0,0.9510170221328735,11.11520004272461,275,9.842700004577637,8.573699951171875,45728,13.326800346374512,2.756239891052246,0.25554999709129333
2007,4,29,3,0,0.9509869813919067,10.807499885559082,275,9.189800262451172,7.734899997711182,45299,12.114999771118164,2.7853798866271973,0.2860899865627289
2007,4,29,6,0,0.9514660239219666,10.766900062561035,275,9.218999862670898,7.862100124359131,45194,12.114999771118164,2.7887299060821533,0.28543001413345337
2007,4,29,9,0,0.9524679780006409,10.639699935913086,275,9.083900451660156,7.731200218200684,43629,12.114999771118164,2.760319948196411,0.28769001364707947
2007,4,29,12,0,0.9529309868812561,10.476400375366211,275,8.965200424194336,7.684599876403809,40847,12.114999771118164,2.6969199180603027,0.2898400127887726
2007,4,29,15,0,0.9517930150032043,10.233499526977539,275,8.601099967956543,7.261000156402588,37867,12.114999771118164,2.63277006149292,0.30232998728752136
2007,4,29,18,0,0.9516370296478271,10.214799880981445,275,8.708200454711914,7.441800117492676,34680,12.114999771118164,2.5255000591278076,0.292059987783432
2007,4,29,21,0,0.9524099826812744,10.370200157165527,275,9.141599655151367,8.031499862670898,31435,12.114999771118164,2.3886098861694336,0.2636300027370453
2007,4,30,0,0,0.9523339867591858,10.293700218200684,275,9.021599769592285,7.787399768829346,28622,12.114999771118164,2.2918100357055664,0.2592499852180481
2007,4,30,3,0,0.9515910148620605,10.203100204467773,275,9.01729965209961,7.8730998039245605,26116,12.114999771118164,2.203010082244873,0.25481998920440674
2007,4,30,6,0,0.951000988483429,10.0802001953125,275,8.947400093078613,7.8892998695373535,23912,11.013500213623047,2.124650001525879,0.25534000992774963
2007,4,30,9,0,0.9501360058784485,9.955300331115723,275,8.895400047302246,7.96589994430542,21855,11.013500213623047,2.047420024871826,0.25637000799179077
2007,4,30,12,0,0.9490879774093628,9.902799606323242,275,8.962300300598145,8.178999900817871,19722,11.013500213623047,1.953070044517517,0.24959999322891235
2007,4,30,15,0,0.9474170207977295,9.864899635314941,275,9.033900260925293,8.374899864196777,17612,11.013500213623047,1.8518500328063965,0.24174000322818756
2007,4,30,18,0,0.9451169967651367,9.795900344848633,275,9.039400100708008,8.474699974060059,15608,11.013500213623047,1.7519500255584717,0.237869992852211
2007,4,30,21,0,0.9424319863319397,9.6850004196167,275,8.957799911499023,8.427300453186035,13731,11.013500213623047,1.6552499532699585,0.23810000717639923
2007,5,1,0,0,0.9391599893569946,9.523500442504883,275,8.753999710083008,8.11240005493164,11983,11.013500213623047,1.562440037727356,0.24177999794483185
2007,5,1,3,0,0.934997022151947,9.371800422668457,275,8.661499977111816,8.163900375366211,10349,11.013500213623047,1.4664299488067627,0.245169997215271
2007,5,1,6,0,0.9314900040626526,9.277899742126465,275,8.574299812316895,8.12279987335205,9218,11.013500213623047,1.3920300006866455,0.2506900131702423
2007,5,1,9,0,0.9326300024986267,9.359000205993652,275,8.637800216674805,8.176400184631348,9185,11.013500213623047,1.3817299604415894,0.2528800070285797
2007,5,1,12,0,0.939752995967865,9.564800262451172,275,8.839900016784668,8.358499526977539,10653,11.013500213623047,1.4685200452804565,0.2478400021791458
2007,5,1,15,0,0.9451479911804199,9.629199981689453,275,8.83180046081543,8.264399528503418,13971,11.013500213623047,1.6738100051879883,0.2514599859714508
2007,5,1,18,0,0.9508169889450073,9.610600471496582,265,8.78219985961914,8.155500411987305,18170,11.013500213623047,1.911020040512085,0.2512899935245514
2007,5,1,21,0,0.94582200050354,9.525500297546387,265,8.567700386047363,7.718500137329102,20186,11.013500213623047,2.024509906768799,0.25766998529434204
2007,5,2,0,0,0.9342060089111328,9.348199844360352,255,8.401399612426758,7.676300048828125,19868,11.013500213623047,2.0296099185943604,0.2722100019454956
2007,5,2,3,0,0.9209949970245361,9.323399543762207,255,8.407400131225586,7.770999908447266,18473,10.01200008392334,1.9601199626922607,0.28148001432418823
2007,5,2,6,0,0.9054679870605469,9.351900100708008,255,7.965799808502197,6.634900093078613,17418,10.01200008392334,1.8983900547027588,0.30741000175476074
2007,5,2,9,0,0.8504649996757507,8.611100196838379,255,6.55810022354126,5.3703999519348145,19099,10.01200008392334,2.067889928817749,0.4334000051021576
2007,5,2,12,0,0.8136579990386963,8.659000396728516,245,6.826300144195557,5.7957000732421875,25419,10.01200008392334,2.3735499382019043,0.4485599994659424
2007,5,2,15,0,0.8155900239944458,9.47700023651123,255,7.347099781036377,6.166299819946289,28597,17.73889923095703,2.381079912185669,0.4530799984931946
2007,5,2,18,0,0.8451989889144897,10.147000312805176,265,7.7052001953125,6.35860013961792,33887,16.125999450683594,2.4810500144958496,0.4463900029659271
2007,5,2,21,0,0.8448060154914856,10.094400405883789,265,7.533199787139893,6.170499801635742,41976,16.125999450683594,2.760550022125244,0.4515500068664551
2007,5,3,0,0,0.8372300267219543,10.264900207519531,265,7.917399883270264,6.557400226593018,49034,14.659700393676758,2.9580299854278564,0.4196000099182129
2007,5,3,3,0,0.8402150273323059,10.563899993896484,265,8.47439956665039,7.121300220489502,51455,14.659700393676758,2.9863901138305664,0.3792099952697754
2007,5,3,6,0,0.843891978263855,10.735699653625488,265,8.966899871826172,7.74429988861084,49942,14.659700393676758,2.9215199947357178,0.34474000334739685
2007,5,3,9,0,0.8467280268669128,10.78499984741211,265,9.255599975585938,8.147199630737305,46394,14.659700393676758,2.8140199184417725,0.3198699951171875
2007,5,3,12,0,0.8491209745407104,10.72719955444336,265,9.274200439453125,8.163299560546875,42490,13.326800346374512,2.704900026321411,0.3082599937915802
2007,5,3,15,0,0.854561984539032,10.652299880981445,265,9.277600288391113,8.202699661254883,38661,13.326800346374512,2.593640089035034,0.2994999885559082
2007,5,3,18,0,0.8624950051307678,10.522100448608398,265,9.17870044708252,8.102499961853027,35172,13.326800346374512,2.4945099353790283,0.29475000500679016
2007,5,3,21,0,0.8716679811477661,10.447400093078613,265,9.272500038146973,8.345999717712402,32162,13.326800346374512,2.3999500274658203,0.28112998604774475
2007,5,4,0,0,0.878026008605957,10.3572998046875,265,9.39680004119873,8.748200416564941,29408,12.114999771118164,2.311579942703247,0.26767000555992126
2007,5,4,3,0,0.8813329935073853,10.166199684143066,265,9.28600025177002,8.735699653625488,26698,12.114999771118164,2.2302799224853516,0.2652300000190735
2007,5,4,6,0,0.8826850056648254,9.915900230407715,265,9.054200172424316,8.536700248718262,23920,12.114999771118164,2.1442699432373047,0.2711000144481659
2007,5,4,9,0,0.8821049928665161,9.684499740600586,265,8.816800117492676,8.31149959564209,21040,12.114999771118164,2.0401101112365723,0.28036999702453613
2007,5,4,12,0,0.8798189759254456,9.517499923706055,265,8.625699996948242,8.118499755859375,18408,12.114999771118164,1.9281200170516968,0.2914600074291229
2007,5,4,15,0,0.8766559958457947,9.267800331115723,265,8.070500373840332,7.176700115203857,16276,12.114999771118164,1.8395999670028687,0.31953999400138855
2007,5,4,18,0,0.8743739724159241,8.693300247192383,265,7.186299800872803,6.193399906158447,15136,12.114999771118164,1.8354300260543823,0.37393999099731445
2007,5,4,21,0,0.8718870282173157,8.325900077819824,265,6.651500225067139,5.634399890899658,13938,11.013500213623047,1.8021399974822998,0.40961000323295593
2007,5,5,0,0,0.8667269945144653,7.848100185394287,265,6.127799987792969,5.196700096130371,13227,11.013500213623047,1.811400055885315,0.44916000962257385
2007,5,5,3,0,0.859254002571106,8.056900024414062,265,6.361299991607666,5.428400039672852,11865,11.013500213623047,1.6912100315093994,0.44642001390457153
2007,5,5,6,0,0.8546410202980042,8.348299980163574,265,6.681600093841553,5.765200138092041,10808,11.013500213623047,1.58256995677948,0.4439699947834015
2007,5,5,9,0,0.8493080139160156,8.662699699401855,265,7.001800060272217,6.102099895477295,10053,11.013500213623047,1.494789958000183,0.44235000014305115
2007,5,5,12,0,0.8425400257110596,9.008899688720703,255,7.332399845123291,6.409900188446045,9455,11.013500213623047,1.4180599451065063,0.43592000007629395
2007,5,5,15,0,0.8414030075073242,9.312199592590332,255,7.661600112915039,6.743100166320801,9153,11.013500213623047,1.3694000244140625,0.4264400005340576
2007,5,5,18,0,0.840753972530365,9.490699768066406,255,7.869699954986572,6.94950008392334,8999,10.01200008392334,1.3429800271987915,0.4185200035572052
2007,5,5,21,0,0.8409619927406311,9.549300193786621,255,7.772500038146973,6.657400131225586,8904,17.73889923095703,1.3300800323486328,0.42153000831604004
2007,5,6,0,0,0.851535975933075,9.155900001525879,245,6.935699939727783,5.6819000244140625,8980,17.73889923095703,1.3633500337600708,0.4674000144004822
2007,5,6,3,0,0.864745020866394,8.52560043334961,245,6.345600128173828,5.282599925994873,9612,17.73889923095703,1.46356999874115,0.513260006904602
2007,5,6,6,0,0.8880850076675415,8.14229965209961,235,6.344099998474121,5.406499862670898,12183,17.73889923095703,1.6963800191879272,0.48958998918533325
2007,5,6,9,0,0.8994799852371216,8.315799713134766,235,6.747300148010254,5.855500221252441,14004,8.274100303649902,1.803529977798462,0.4481300115585327
2007,5,6,12,0,0.8970760107040405,8.438599586486816,235,6.779099941253662,5.844299793243408,13158,17.73889923095703,1.7316099405288696,0.4519599974155426
2007,5,6,15,0,0.8904150128364563,8.626999855041504,235,6.8445000648498535,5.837200164794922,12452,17.73889923095703,1.6617900133132935,0.4497799873352051
2007,5,6,18,0,0.8847479820251465,8.98390007019043,245,7.234300136566162,6.160999774932861,13614,9.101699829101562,1.7011200189590454,0.41345998644828796
2007,5,6,21,0,0.8880540132522583,9.393899917602539,255,7.81790018081665,6.698500156402588,16979,10.01200008392334,1.8580100536346436,0.3600800037384033
2007,5,7,0,0,0.9023320078849792,9.775400161743164,255,8.451899528503418,7.4394001960754395,20695,10.01200008392334,2.0083000659942627,0.3188599944114685
2007,5,7,3,0,0.907230019569397,10.157699584960938,255,9.053999900817871,8.25409984588623,24218,10.01200008392334,2.1247100830078125,0.29186001420021057
2007,5,7,6,0,0.9137070178985596,10.461199760437012,265,9.467700004577637,8.78600025177002,27810,11.013500213623047,2.236609935760498,0.2742300033569336
2007,5,7,9,0,0.9156129956245422,10.55519962310791,265,9.64009952545166,9.027000427246094,29462,11.013500213623047,2.2908599376678467,0.26218000054359436
2007,5,7,12,0,0.9165040254592896,10.464300155639648,265,9.588299751281738,8.984999656677246,28379,11.013500213623047,2.2623300552368164,0.25727999210357666
2007,5,7,15,0,0.9174360036849976,10.295299530029297,265,9.338600158691406,8.558099746704102,26192,11.013500213623047,2.1958999633789062,0.2612000107765198
2007,5,7,18,0,0.9188219904899597,10.117400169372559,265,9.15250015258789,8.413800239562988,24101,11.013500213623047,2.1287600994110107,0.26715001463890076
2007,5,7,21,0,0.92010498046875,9.969799995422363,265,9.058500289916992,8.422699928283691,22379,11.013500213623047,2.0700199604034424,0.2679400146007538
2007,5,8,0,0,0.9213209748268127,9.84630012512207,265,8.983200073242188,8.401100158691406,21006,11.013500213623047,2.0214099884033203,0.26548999547958374
2007,5,8,3,0,0.9228709936141968,9.739700317382812,265,8.92590045928955,8.399800300598145,19873,11.013500213623047,1.9799799919128418,0.26205000281333923
2007,5,8,6,0,0.9237549901008606,9.651300430297852,265,8.879199981689453,8.388299942016602,19084,11.013500213623047,1.9520900249481201,0.2578499913215637
2007,5,8,9,0,0.9239619970321655,9.582799911499023,265,8.849800109863281,8.386099815368652,18574,10.01200008392334,1.935420036315918,0.25314000248908997
2007,5,8,12,0,0.9246379733085632,9.51830005645752,265,8.812199592590332,8.368300437927246,17891,10.01200008392334,1.908139944076538,0.25047001242637634
2007,5,8,15,0,0.9255620241165161,9.442399978637695,265,8.748800277709961,8.316699981689453,16860,10.01200008392334,1.8615599870681763,0.2506999969482422
2007,5,8,18,0,0.9270740151405334,9.321000099182129,255,8.542099952697754,7.96120023727417,15561,10.01200008392334,1.8016400337219238,0.2579900026321411
2007,5,8,21,0,0.9240880012512207,8.292699813842773,255,6.6859002113342285,5.597099781036377,14945,10.01200008392334,1.877619981765747,0.36065998673439026
2007,5,9,0,0,0.9124910235404968,7.350200176239014,265,6.173799991607666,5.412300109863281,18633,9.101699829101562,2.2439401149749756,0.36381998658180237
2007,5,9,3,0,0.912397027015686,7.673099994659424,275,6.70989990234375,6.0065999031066895,26297,9.101699829101562,2.616339921951294,0.30636000633239746
2007,5,9,6,0,0.9153000116348267,8.015299797058105,275,7.121300220489502,6.440800189971924,24313,9.101699829101562,2.458549976348877,0.28551000356674194
2007,5,9,9,0,0.9122210144996643,7.986599922180176,275,7.0391998291015625,6.320099830627441,17706,9.101699829101562,2.1005499362945557,0.2954699993133545
2007,5,9,12,0,0.9063739776611328,7.9355998039245605,275,6.986700057983398,6.289999961853027,12884,8.274100303649902,1.7961900234222412,0.30555999279022217
2007,5,9,15,0,0.8997859954833984,7.882500171661377,275,6.923699855804443,6.250999927520752,9941,8.274100303649902,1.5817699432373047,0.31782999634742737
2007,5,9,18,0,0.8958920240402222,7.815899848937988,265,6.783100128173828,6.059700012207031,8178,8.274100303649902,1.4398800134658813,0.3334600031375885
2007,5,9,21,0,0.8888610005378723,7.007699966430664,265,5.57450008392334,4.745500087738037,7830,8.274100303649902,1.490440011024475,0.4176799952983856
2007,5,10,0,0,0.8823720216751099,6.389999866485596,275,5.238399982452393,4.587800025939941,9710,6.837800025939941,1.7437200546264648,0.42236000299453735
2007,5,10,3,0,0.8802809715270996,6.527500152587891,275,5.442800045013428,4.781899929046631,10392,6.837800025939941,1.7858999967575073,0.39730000495910645
2007,5,10,6,0,0.8819620013237,6.710899829864502,275,5.659299850463867,5.00029993057251,9695,7.5218000411987305,1.7002700567245483,0.3850399851799011
2007,5,10,9,0,0.8831800222396851,6.852099895477295,275,5.808499813079834,5.154300212860107,8126,7.5218000411987305,1.5387599468231201,0.38345998525619507
2007,5,10,12,0,0.8792459964752197,6.958899974822998,275,5.882699966430664,5.224999904632568,6433,7.5218000411987305,1.356029987335205,0.3934600055217743
2007,5,10,15,0,0.873134970664978,7.101399898529053,275,5.992099761962891,5.343299865722656,5370,7.5218000411987305,1.2234100103378296,0.40432000160217285
2007,5,10,18,0,0.8702830076217651,7.214300155639648,265,5.955699920654297,5.218699932098389,4840,7.5218000411987305,1.149340033531189,0.42260000109672546
2007,5,10,21,0,0.8686249852180481,6.426799774169922,265,4.986999988555908,4.2870001792907715,5393,7.5218000411987305,1.2874900102615356,0.4967600107192993
2007,5,11,0,0,0.8701050281524658,6.197800159454346,275,5.068299770355225,4.46150016784668,7485,6.216100215911865,1.5501799583435059,0.45583999156951904
2007,5,11,3,0,0.8745459914207458,6.502999782562256,275,5.424699783325195,4.791900157928467,8397,6.837800025939941,1.603790044784546,0.4185900092124939
2007,5,11,6,0,0.8770800232887268,6.803800106048584,275,5.787099838256836,5.168399810791016,8124,6.837800025939941,1.5412700176239014,0.39559000730514526
2007,5,11,9,0,0.8745179772377014,6.759300231933594,275,5.672699928283691,5.013599872589111,7333,6.837800025939941,1.4690799713134766,0.40533000230789185
2007,5,11,12,0,0.8707129955291748,6.727700233459473,275,5.627699851989746,4.973299980163574,6465,7.5218000411987305,1.3819700479507446,0.4119400084018707
2007,5,11,15,0,0.8623679876327515,6.894999980926514,275,5.735199928283691,5.07480001449585,5224,7.5218000411987305,1.2239099740982056,0.42407000064849854
2007,5,11,18,0,0.847769021987915,6.989200115203857,275,5.495500087738037,4.689899921417236,4322,7.5218000411987305,1.1023499965667725,0.4604699909687042
2007,5,11,21,0,0.8407009840011597,6.420199871063232,275,4.769700050354004,4.038599967956543,4398,7.5218000411987305,1.1609300374984741,0.5270599722862244
2007,5,12,0,0,0.8558189868927002,5.784800052642822,275,4.718999862670898,4.18179988861084,7327,5.1371002197265625,1.5897599458694458,0.4717400074005127
2007,5,12,3,0,0.8578870296478271,6.074999809265137,285,5.100800037384033,4.533899784088135,9705,6.216100215911865,1.7887099981307983,0.41106000542640686
2007,5,12,6,0,0.8620510101318359,6.367099761962891,285,5.348999977111816,4.738500118255615,10032,6.837800025939941,1.7750600576400757,0.39858999848365784
2007,5,12,9,0,0.8704130053520203,6.684000015258789,275,5.606299877166748,4.952199935913086,9743,6.837800025939941,1.7049299478530884,0.391759991645813
2007,5,12,12,0,0.8838250041007996,7.092100143432617,275,5.9857001304626465,5.2947998046875,9025,7.5218000411987305,1.5899399518966675,0.3779299855232239
2007,5,12,15,0,0.8983340263366699,7.519800186157227,275,6.436399936676025,5.732500076293945,8616,7.5218000411987305,1.506369948387146,0.35604000091552734
2007,5,12,18,0,0.9088600277900696,7.719399929046631,275,6.531599998474121,5.696199893951416,9005,10.01200008392334,1.5198700428009033,0.3464199900627136
2007,5,12,21,0,0.9134849905967712,7.709199905395508,275,6.469699859619141,5.605000019073486,9760,10.01200008392334,1.584220051765442,0.34782999753952026
2007,5,13,0,0,0.91314297914505,7.507900238037109,275,6.235799789428711,5.385499954223633,10567,9.101699829101562,1.6719599962234497,0.36052000522613525
2007,5,13,3,0,0.9128789901733398,7.585400104522705,275,6.500199794769287,5.751800060272217,11270,9.101699829101562,1.7185800075531006,0.3390499949455261
2007,5,13,6,0,0.916359007358551,7.787600040435791,275,6.939700126647949,6.3470001220703125,12813,8.274100303649902,1.8101400136947632,0.3021099865436554
2007,5,13,9,0,0.9167069792747498,7.880499839782715,275,7.0696001052856445,6.474100112915039,14248,8.274100303649902,1.898360013961792,0.28867000341415405
2007,5,13,12,0,0.9135749936103821,7.724599838256836,275,6.820499897003174,6.1605000495910645,14060,8.274100303649902,1.904670000076294,0.30651000142097473
2007,5,13,15,0,0.9098560214042664,7.661600112915039,275,6.749100208282471,6.1072001457214355,12672,8.274100303649902,1.8142999410629272,0.3174799978733063
2007,5,13,18,0,0.9043570160865784,7.527900218963623,275,6.4721999168396,5.746200084686279,10780,8.274100303649902,1.6861300468444824,0.34463998675346375
2007,5,13,21,0,0.8987820148468018,7.399899959564209,275,6.200900077819824,5.420199871063232,9394,8.274100303649902,1.5850600004196167,0.3744699954986572
2007,5,14,0,0,0.8928340077400208,7.158199787139893,275,5.822700023651123,5.029799938201904,8579,8.274100303649902,1.5382399559020996,0.41165000200271606
2007,5,14,3,0,0.8867239952087402,7.3460001945495605,275,6.0879998207092285,5.342100143432617,7644,8.274100303649902,1.4301300048828125,0.4059000015258789
2007,5,14,6,0,0.8827409744262695,7.471199989318848,275,6.151100158691406,5.384500026702881,6740,13.326800346374512,1.3286999464035034,0.4135400056838989
2007,5,14,9,0,0.8797969818115234,7.6921000480651855,275,6.347400188446045,5.600200176239014,6023,13.326800346374512,1.2339600324630737,0.41558000445365906
2007,5,14,12,0,0.8763689994812012,7.9618000984191895,275,6.4953999519348145,5.689700126647949,5360,13.326800346374512,1.139930009841919,0.4197700023651123
2007,5,14,15,0,0.8709149956703186,8.309300422668457,275,6.678800106048584,5.778500080108643,4812,13.326800346374512,1.0529899597167969,0.42138999700546265
2007,5,14,18,0,0.8698660135269165,8.772700309753418,275,7.009300231933594,5.991600036621094,4653,13.326800346374512,1.0042500495910645,0.409960001707077
2007,5,14,21,0,0.881630003452301,9.241900444030762,275,7.420000076293945,6.19379997253418,5178,12.114999771118164,1.031440019607544,0.37777000665664673
2007,5,15,0,0,0.9016690254211426,9.049200057983398,275,6.887400150299072,5.470799922943115,6532,12.114999771118164,1.174780011177063,0.38471001386642456
2007,5,15,3,0,0.9207620024681091,8.96720027923584,275,7.15369987487793,5.90749979019165,8213,11.013500213623047,1.3279199600219727,0.3639200031757355
2007,5,15,6,0,0.9332540035247803,9.115599632263184,275,7.649600028991699,6.551499843597412,9307,11.013500213623047,1.404829978942871,0.326339989900589
2007,5,15,9,0,0.9398130178451538,9.294300079345703,275,8.04740047454834,6.994900226593018,9628,10.01200008392334,1.4167399406433105,0.2914299964904785
2007,5,15,12,0,0.9386540055274963,9.296699523925781,275,7.835000038146973,6.357399940490723,9530,10.01200008392334,1.4112199544906616,0.27698999643325806
2007,5,15,15,0,0.926190972328186,9.329999923706055,275,8.058899879455566,6.916900157928467,9411,10.01200008392334,1.3987400531768799,0.28290000557899475
2007,5,15,18,0,0.9174590110778809,9.4891996383667,265,8.400500297546387,7.4741997718811035,9258,10.01200008392334,1.3737900257110596,0.27599000930786133
2007,5,15,21,0,0.917618989944458,9.655200004577637,265,8.664899826049805,7.769499778747559,9079,10.01200008392334,1.3469699621200562,0.26732000708580017
2007,5,16,0,0,0.9152690172195435,8.237799644470215,265,6.171800136566162,4.986000061035156,9705,10.01200008392334,1.5130000114440918,0.41376999020576477
2007,5,16,3,0,0.9124339818954468,8.056099891662598,265,6.428299903869629,5.466599941253662,10093,10.01200008392334,1.563040018081665,0.4030100107192993
2007,5,16,6,0,0.9145609736442566,8.275300025939941,265,6.782299995422363,5.867099761962891,9206,10.01200008392334,1.4726300239562988,0.3811100125312805
2007,5,16,9,0,0.9158300161361694,8.502300262451172,265,7.050600051879883,6.113800048828125,8087,10.01200008392334,1.3611600399017334,0.36316999793052673
2007,5,16,12,0,0.9153329730033875,8.679900169372559,265,7.277100086212158,6.320099830627441,7536,10.01200008392334,1.3000500202178955,0.34711000323295593
2007,5,16,15,0,0.9177320003509521,8.669400215148926,255,7.235799789428711,6.157599925994873,8246,10.01200008392334,1.3625199794769287,0.3353700041770935
2007,5,16,18,0,0.9156349897384644,8.278599739074707,255,6.82420015335083,5.797500133514404,9841,10.01200008392334,1.5274300575256348,0.35074999928474426
2007,5,16,21,0,0.9087340235710144,8.303999900817871,255,7.052299976348877,6.1504998207092285,10222,10.01200008392334,1.5553900003433228,0.3351599872112274
2007,5,17,0,0,0.8994529843330383,8.01360034942627,255,6.46750020980835,5.42549991607666,9924,9.101699829101562,1.5614399909973145,0.3668600022792816
2007,5,17,3,0,0.8890219926834106,7.797800064086914,255,6.234300136566162,5.2378997802734375,9541,9.101699829101562,1.5536999702453613,0.3817799985408783
2007,5,17,6,0,0.8798480033874512,7.663000106811523,255,6.230400085449219,5.325200080871582,9157,9.101699829101562,1.5373899936676025,0.37988999485969543
2007,5,17,9,0,0.8767430186271667,7.632900238037109,255,6.33459997177124,5.4928998947143555,8633,9.101699829101562,1.4975099563598633,0.36765000224113464
2007,5,17,12,0,0.8774409890174866,7.723800182342529,255,6.517899990081787,5.701700210571289,7985,9.101699829101562,1.4324599504470825,0.35214000940322876
2007,5,17,15,0,0.8775399923324585,7.917799949645996,255,6.848899841308594,6.099299907684326,7415,9.101699829101562,1.3631000518798828,0.33153998851776123
2007,5,17,18,0,0.8755789995193481,8.004899978637695,245,6.922299861907959,6.087699890136719,7075,8.274100303649902,1.324180006980896,0.323060005903244
2007,5,17,21,0,0.8681910037994385,7.667200088500977,245,6.279200077056885,5.304900169372559,7137,8.274100303649902,1.3597899675369263,0.36111998558044434
2007,5,18,0,0,0.8607689738273621,7.461299896240234,255,6.053699970245361,5.13070011138916,7395,8.274100303649902,1.4035099744796753,0.37891000509262085
2007,5,18,3,0,0.8579049706459045,7.779099941253662,255,6.569900035858154,5.699399948120117,7324,8.274100303649902,1.3665499687194824,0.3470099866390228
2007,5,18,6,0,0.861204981803894,8.042499542236328,255,7.082300186157227,6.3821001052856445,7246,8.274100303649902,1.335960030555725,0.3179900050163269
2007,5,18,9,0,0.8665540218353271,8.161999702453613,255,7.331999778747559,6.75439977645874,7127,8.274100303649902,1.314650058746338,0.3045800030231476
2007,5,18,12,0,0.8705949783325195,8.230199813842773,255,7.467199802398682,6.973899841308594,6952,8.274100303649902,1.292389988899231,0.2996399998664856
2007,5,18,15,0,0.8720790147781372,8.263999938964844,255,7.531799793243408,7.090000152587891,6713,8.274100303649902,1.2668399810791016,0.2987000048160553
2007,5,18,18,0,0.8711659908294678,8.270600318908691,255,7.549300193786621,7.133200168609619,6395,8.274100303649902,1.2358299493789673,0.29945001006126404
2007,5,18,21,0,0.867447018623352,8.258700370788574,255,7.487299919128418,7.011199951171875,6036,8.274100303649902,1.2012499570846558,0.3054800033569336
2007,5,19,0,0,0.8529880046844482,7.572500228881836,255,6.052299976348877,5.069200038909912,5878,8.274100303649902,1.239590048789978,0.38896000385284424
2007,5,19,3,0,0.8286629915237427,6.848599910736084,255,5.391200065612793,4.585599899291992,6107,8.274100303649902,1.3309299945831299,0.4385699927806854
2007,5,19,6,0,0.8318859934806824,6.715199947357178,245,5.555500030517578,4.852700233459473,7510,7.5218000411987305,1.4944700002670288,0.40097999572753906
2007,5,19,9,0,0.8546320199966431,7.338200092315674,245,6.365699768066406,5.724699974060059,7994,8.274100303649902,1.4731700420379639,0.3511599898338318
2007,5,19,12,0,0.8706799745559692,7.971199989318848,245,6.936100006103516,6.287700176239014,9012,8.274100303649902,1.4914799928665161,0.3630099892616272
2007,5,19,15,0,0.8893380165100098,8.790599822998047,255,7.1203999519348145,6.0609002113342285,12926,8.274100303649902,1.6769299507141113,0.4063299894332886
2007,5,19,18,0,0.8999369740486145,8.7431001663208,255,6.677199840545654,5.554900169372559,22563,13.326800346374512,2.207659959793091,0.4424000084400177
2007,5,19,21,0,0.9128720164299011,9.19950008392334,255,7.4745001792907715,6.373899936676025,33952,13.326800346374512,2.6420600414276123,0.3781999945640564
2007,5,20,0,0,0.9214810132980347,9.651200294494629,255,8.174099922180176,7.107800006866455,38163,12.114999771118164,2.7353899478912354,0.32701000571250916
2007,5,20,3,0,0.91498202085495,9.465200424194336,255,7.8846001625061035,6.723899841308594,37946,12.114999771118164,2.761359930038452,0.3303599953651428
2007,5,20,6,0,0.9061229825019836,9.202199935913086,255,7.707499980926514,6.629000186920166,37205,12.114999771118164,2.7827401161193848,0.3315100073814392
2007,5,20,9,0,0.9129980206489563,9.331000328063965,255,8.157600402832031,7.298299789428711,36341,11.013500213623047,2.7362499237060547,0.30028998851776123
2007,5,20,12,0,0.9206479787826538,9.527199745178223,255,8.523300170898438,7.79449987411499,33701,11.013500213623047,2.6077399253845215,0.2780900001525879
2007,5,20,15,0,0.9239500164985657,9.581100463867188,255,8.58590030670166,7.815299987792969,31099,11.013500213623047,2.498929977416992,0.2705000042915344
2007,5,20,18,0,0.9256389737129211,9.594599723815918,255,8.737899780273438,8.126500129699707,28932,11.013500213623047,2.4118099212646484,0.2577199935913086
2007,5,20,21,0,0.9259380102157593,9.502300262451172,255,8.734299659729004,8.220399856567383,26259,11.013500213623047,2.313999891281128,0.25005999207496643
2007,5,21,0,0,0.9231160283088684,9.276399612426758,255,8.42650032043457,7.766499996185303,23010,11.013500213623047,2.19815993309021,0.2575500011444092
2007,5,21,3,0,0.9068260192871094,8.066499710083008,265,6.64709997177124,5.709099769592285,21469,10.01200008392334,2.289259910583496,0.3564000129699707
2007,5,21,6,0,0.8974000215530396,7.777299880981445,265,6.686299800872803,5.940400123596191,20443,10.01200008392334,2.2848000526428223,0.33621999621391296
2007,5,21,9,0,0.9032999873161316,7.979599952697754,265,7.08489990234375,6.464600086212158,17372,10.01200008392334,2.0813400745391846,0.30935999751091003
2007,5,21,12,0,0.9054319858551025,7.8404998779296875,265,6.895100116729736,6.213099956512451,15101,10.01200008392334,1.9602099657058716,0.3170500099658966
2007,5,21,15,0,0.9081760048866272,7.862500190734863,265,7.084499835968018,6.564899921417236,13642,9.101699829101562,1.861989974975586,0.30313000082969666
2007,5,21,18,0,0.9086530208587646,7.909900188446045,265,7.180099964141846,6.716000080108643,12212,9.101699829101562,1.7565100193023682,0.3047899901866913
2007,5,21,21,0,0.9038950204849243,7.849100112915039,265,6.910200119018555,6.234799861907959,10821,9.101699829101562,1.658750057220459,0.3417400121688843
2007,5,22,0,0,0.896461009979248,6.966899871826172,265,5.757900238037109,5.0370001792907715,11782,8.274100303649902,1.8397799730300903,0.42708998918533325
2007,5,22,3,0,0.8876349925994873,7.069300174713135,265,5.983500003814697,5.314499855041504,12597,8.274100303649902,1.8882999420166016,0.412339985370636
2007,5,22,6,0,0.8838199973106384,7.399099826812744,265,6.464799880981445,5.923500061035156,11178,8.274100303649902,1.735759973526001,0.3946099877357483
2007,5,22,9,0,0.879597008228302,7.511099815368652,265,6.586699962615967,6.079599857330322,9490,8.274100303649902,1.5849499702453613,0.3975900113582611
2007,5,22,12,0,0.8759250044822693,7.6280999183654785,265,6.606200218200684,6.070899963378906,8071,8.274100303649902,1.4464900493621826,0.4203900098800659
2007,5,22,15,0,0.8774080276489258,7.916399955749512,255,6.650700092315674,6.0289998054504395,7115,8.274100303649902,1.3265600204467773,0.4636699855327606
2007,5,22,18,0,0.8875899910926819,8.334799766540527,255,6.768499851226807,6.03380012512207,6699,19.513200759887695,1.2475600242614746,0.499210000038147
2007,5,22,21,0,0.8951600193977356,8.581600189208984,255,6.656000137329102,5.689300060272217,6426,19.513200759887695,1.200219988822937,0.5215100049972534
2007,5,23,0,0,0.8935229778289795,7.723100185394287,255,5.4633002281188965,4.513400077819824,6444,19.513200759887695,1.2696499824523926,0.5942299962043762
2007,5,23,3,0,0.8902490139007568,8.069299697875977,245,5.9583001136779785,5.013700008392334,5707,19.513200759887695,1.1671500205993652,0.5624600052833557
2007,5,23,6,0,0.8996670246124268,8.460599899291992,245,6.350599765777588,5.359899997711182,4992,19.513200759887695,1.0633200407028198,0.5376399755477905
2007,5,23,9,0,0.9104430079460144,8.925000190734863,245,6.710400104522705,5.64870023727417,4670,17.73889923095703,0.9965199828147888,0.5246599912643433
2007,5,23,12,0,0.9204930067062378,9.567399978637695,245,7.153800010681152,5.989299774169922,4736,17.73889923095703,0.9626500010490417,0.5138300061225891
2007,5,23,15,0,0.928367018699646,10.223899841308594,245,7.662199974060059,6.393899917602539,5020,17.73889923095703,0.9532099962234497,0.49542999267578125
2007,5,23,18,0,0.9329419732093811,10.642600059509277,245,8.122900009155273,6.820700168609619,5374,17.73889923095703,0.9642699956893921,0.4728600084781647
2007,5,23,21,0,0.9342589974403381,10.701899528503418,245,8.434100151062012,7.218800067901611,5817,17.73889923095703,1.0016499757766724,0.45149001479148865
2007,5,24,0,0,0.9339150190353394,10.47700023651123,245,8.537099838256836,7.452400207519531,6536,17.73889923095703,1.0770200490951538,0.4316299855709076
2007,5,24,3,0,0.9336439967155457,10.221599578857422,245,8.632699966430664,7.7846999168396,7689,17.73889923095703,1.187309980392456,0.408270001411438
2007,5,24,6,0,0.9331889748573303,9.996899604797363,245,8.668800354003906,7.972300052642822,9592,17.73889923095703,1.3461600542068481,0.379940003156662
2007,5,24,9,0,0.937915027141571,9.846199989318848,255,8.7052001953125,8.119099617004395,12240,10.01200008392334,1.5374200344085693,0.35190001130104065
2007,5,24,12,0,0.942782998085022,9.788399696350098,255,8.731100082397461,8.168899536132812,14515,10.01200008392334,1.6822600364685059,0.3324199914932251
2007,5,24,15,0,0.9456599950790405,9.822400093078613,255,8.78600025177002,8.196999549865723,15461,10.01200008392334,1.7338800430297852,0.3209899961948395
2007,5,24,18,0,0.9459750056266785,9.877599716186523,255,8.838600158691406,8.21969985961914,15252,10.01200008392334,1.7166999578475952,0.3163999915122986
2007,5,24,21,0,0.9462080001831055,9.74779987335205,245,8.25100040435791,7.000500202178955,14560,10.01200008392334,1.688040018081665,0.3349500000476837
2007,5,25,0,0,0.9409899711608887,9.13379955291748,245,7.087200164794922,5.7692999839782715,14212,10.01200008392334,1.723829984664917,0.40206998586654663
2007,5,25,3,0,0.9363070130348206,9.119400024414062,245,7.1585001945495605,5.942200183868408,13563,10.01200008392334,1.683750033378601,0.410180002450943
2007,5,25,6,0,0.9385430216789246,9.468999862670898,245,7.70550012588501,6.577099800109863,12613,16.125999450683594,1.5900800228118896,0.3910599946975708
2007,5,25,9,0,0.941772997379303,9.719799995422363,245,8.078499794006348,7.000999927520752,11757,16.125999450683594,1.5132800340652466,0.37720999121665955
2007,5,25,12,0,0.9435189962387085,9.866700172424316,245,8.343199729919434,7.3403000831604,11010,10.01200008392334,1.4527900218963623,0.36653000116348267
2007,5,25,15,0,0.943880021572113,9.922900199890137,245,8.498000144958496,7.5725998878479,10345,10.01200008392334,1.4044300317764282,0.3585300147533417
2007,5,25,18,0,0.9435229897499084,9.918800354003906,245,8.5423002243042,7.634399890899658,9761,10.01200008392334,1.365090012550354,0.3529300093650818
2007,5,25,21,0,0.9426929950714111,9.914899826049805,245,8.557499885559082,7.638299942016602,9316,10.01200008392334,1.3341699838638306,0.34904998540878296
2007,5,26,0,0,0.941103994846344,9.830300331115723,245,8.12030029296875,6.74370002746582,9124,14.659700393676758,1.326159954071045,0.359250009059906
2007,5,26,3,0,0.9393420219421387,9.97659969329834,245,8.368200302124023,7.18720006942749,9087,14.659700393676758,1.3118699789047241,0.36298999190330505
2007,5,26,6,0,0.9383149743080139,10.191300392150879,245,8.66450023651123,7.630300045013428,9047,14.659700393676758,1.2926000356674194,0.3646799921989441
2007,5,26,9,0,0.9370250105857849,10.363100051879883,245,8.843999862670898,7.875999927520752,8932,14.659700393676758,1.2713199853897095,0.3684200048446655
2007,5,26,12,0,0.934781014919281,10.461999893188477,245,8.955599784851074,8.035300254821777,8743,14.659700393676758,1.2503999471664429,0.3688499927520752
2007,5,26,15,0,0.9309870004653931,10.482500076293945,245,9.013699531555176,8.131999969482422,8517,14.659700393676758,1.2325799465179443,0.36441001296043396
2007,5,26,18,0,0.9258779883384705,10.454400062561035,245,9.008700370788574,8.088700294494629,8339,14.659700393676758,1.2217199802398682,0.3567500114440918
2007,5,26,21,0,0.9200959801673889,10.460200309753418,245,9.071399688720703,8.173500061035156,8417,14.659700393676758,1.2273800373077393,0.34703999757766724
2007,5,27,0,0,0.9125880002975464,9.991100311279297,245,7.710100173950195,6.094299793243408,9039,9.101699829101562,1.302839994430542,0.38771000504493713
2007,5,27,3,0,0.9071080088615417,8.606900215148926,255,6.4029998779296875,5.253699779510498,11561,11.013500213623047,1.5976099967956543,0.47102001309394836
2007,5,27,6,0,0.9034219980239868,8.052499771118164,255,6.438799858093262,5.542200088500977,16634,7.5218000411987305,1.9978300333023071,0.44391000270843506
2007,5,27,9,0,0.9034649729728699,8.142900466918945,265,6.777400016784668,5.94980001449585,20881,7.5218000411987305,2.233799934387207,0.4020099937915802
2007,5,27,12,0,0.9053080081939697,8.10990047454834,265,6.761000156402588,5.937699794769287,22995,8.274100303649902,2.351490020751953,0.39563000202178955
2007,5,27,15,0,0.908149003982544,8.32229995727539,265,6.989699840545654,6.1528000831604,22296,8.274100303649902,2.283050060272217,0.3834899961948395
2007,5,27,18,0,0.9094629883766174,8.346400260925293,265,6.918799877166748,6.026899814605713,20888,8.274100303649902,2.2039599418640137,0.3902899920940399
2007,5,27,21,0,0.9100800156593323,8.354100227355957,265,6.847499847412109,5.901000022888184,20054,11.013500213623047,2.1570000648498535,0.3934299945831299
2007,5,28,0,0,0.905019998550415,7.884200096130371,265,6.468699932098389,5.629899978637695,22386,11.013500213623047,2.353369951248169,0.405460000038147
2007,5,28,3,0,0.8997359871864319,7.869900226593018,275,6.683000087738037,5.9217000007629395,28479,8.274100303649902,2.6679999828338623,0.3656199872493744
2007,5,28,6,0,0.9007530212402344,8.21780014038086,275,7.1149001121521,6.384799957275391,28650,8.274100303649902,2.615959882736206,0.34143999218940735
2007,5,28,9,0,0.8987680077552795,8.597000122070312,275,7.4847002029418945,6.778900146484375,23333,8.274100303649902,2.2985498905181885,0.3411099910736084
2007,5,28,12,0,0.8979910016059875,8.913399696350098,265,7.734000205993652,7.009699821472168,19611,10.01200008392334,2.061530113220215,0.34613001346588135
2007,5,28,15,0,0.897059977054596,9.162799835205078,265,7.93179988861084,7.174499988555908,17367,10.01200008392334,1.9088599681854248,0.346670001745224
2007,5,28,18,0,0.8948320150375366,9.342100143432617,265,8.082799911499023,7.287099838256836,15879,10.01200008392334,1.8053900003433228,0.3438499867916107
2007,5,28,21,0,0.8920050263404846,9.374300003051758,265,7.888000011444092,6.793000221252441,14760,10.01200008392334,1.7370200157165527,0.34904998540878296
2007,5,29,0,0,0.8883190155029297,9.309200286865234,265,7.614799976348877,6.375899791717529,13868,10.01200008392334,1.6895999908447266,0.3610599935054779
2007,5,29,3,0,0.8820250034332275,8.929100036621094,265,6.944900035858154,5.677299976348877,13383,10.01200008392334,1.6962499618530273,0.3998900055885315
2007,5,29,6,0,0.8775560259819031,9.06779956817627,265,7.1859002113342285,5.961400032043457,12616,10.01200008392334,1.6327699422836304,0.39531001448631287
2007,5,29,9,0,0.8760190010070801,9.357099533081055,265,7.651400089263916,6.514500141143799,11709,10.01200008392334,1.5460699796676636,0.3825800120830536
2007,5,29,12,0,0.8711240291595459,9.61240005493164,265,8.01159954071045,6.940199851989746,10744,10.01200008392334,1.4589500427246094,0.37470000982284546
2007,5,29,15,0,0.8618900179862976,9.83430004119873,265,8.286199569702148,7.252299785614014,9727,10.01200008392334,1.3700499534606934,0.3704099953174591
2007,5,29,18,0,0.851419985294342,10.060400009155273,255,8.514900207519531,7.502799987792969,8838,10.01200008392334,1.2876299619674683,0.36987000703811646
2007,5,29,21,0,0.8533350229263306,10.391200065612793,255,8.826899528503418,7.8165998458862305,8604,14.659700393676758,1.2449599504470825,0.3647400140762329
2007,5,30,0,0,0.8713420033454895,10.707300186157227,255,9.21969985961914,8.171199798583984,9778,14.659700393676758,1.304319977760315,0.34167999029159546
2007,5,30,3,0,0.8944960236549377,10.68910026550293,255,9.173600196838379,7.920599937438965,11892,10.01200008392334,1.4418400526046753,0.32767000794410706
2007,5,30,6,0,0.9086650013923645,10.53689956665039,255,9.082599639892578,7.973999977111816,13256,10.01200008392334,1.5362600088119507,0.33111000061035156
2007,5,30,9,0,0.9174479842185974,9.970399856567383,245,8.26449966430664,7.093500137329102,13896,10.01200008392334,1.6218700408935547,0.3705900013446808
2007,5,30,12,0,0.9199730157852173,9.330400466918945,245,7.564899921417236,6.450399875640869,14495,10.01200008392334,1.7190899848937988,0.4015899896621704
2007,5,30,15,0,0.9186890125274658,9.088000297546387,245,7.365200042724609,6.294899940490723,14450,10.01200008392334,1.7425099611282349,0.4046800136566162
2007,5,30,18,0,0.9165710210800171,9.036299705505371,245,7.232699871063232,6.079800128936768,14013,10.01200008392334,1.721500039100647,0.40123000741004944
2007,5,30,21,0,0.9125829935073853,8.765999794006348,245,6.845300197601318,5.684700012207031,14272,10.01200008392334,1.7653800249099731,0.41593998670578003
2007,5,31,0,0,0.903253972530365,8.361100196838379,255,6.43179988861084,5.3649001121521,15367,11.013500213623047,1.8783999681472778,0.4390299916267395
2007,5,31,3,0,0.8997390270233154,8.42959976196289,255,6.593200206756592,5.541800022125244,16376,11.013500213623047,1.9305299520492554,0.42765000462532043
2007,5,31,6,0,0.9043830037117004,8.979900360107422,255,7.3541998863220215,6.375500202178955,17599,11.013500213623047,1.932610034942627,0.39002999663352966
2007,5,31,9,0,0.910273015499115,9.574600219726562,255,8.033900260925293,7.030700206756592,19708,12.114999771118164,1.9729000329971313,0.353630006313324
2007,5,31,12,0,0.9149789810180664,10.011500358581543,255,8.59179973602295,7.574999809265137,21701,12.114999771118164,2.0209100246429443,0.3185499906539917
2007,5,31,15,0,0.9164929986000061,10.1850004196167,255,8.874600410461426,7.837200164794922,22284,11.013500213623047,2.0316200256347656,0.2944900095462799
2007,5,31,18,0,0.914247989654541,9.971199989318848,255,8.45419979095459,7.186999797821045,21392,11.013500213623047,2.016439914703369,0.30452001094818115
2007,5,31,21,0,0.9076380133628845,9.421899795532227,255,7.638700008392334,6.337800025939941,19775,11.013500213623047,2.0013198852539062,0.34389999508857727
2007,6,1,0,0,0.8965280055999756,8.96679973602295,255,7.159299850463867,5.957499980926514,17795,11.013500213623047,1.9522000551223755,0.370169997215271
2007,6,1,3,0,0.8858919739723206,8.842300415039062,255,7.16510009765625,6.0543999671936035,15517,10.01200008392334,1.8390100002288818,0.36980000138282776
2007,6,1,6,0,0.8763960003852844,8.932299613952637,255,7.4217000007629395,6.417300224304199,13511,10.01200008392334,1.7074999809265137,0.36052998900413513
2007,6,1,9,0,0.8677679896354675,9.083100318908691,255,7.6367998123168945,6.67710018157959,11873,10.01200008392334,1.5856000185012817,0.3568100035190582
2007,6,1,12,0,0.8602439761161804,9.241499900817871,255,7.802800178527832,6.85129976272583,10650,10.01200008392334,1.4862300157546997,0.35813000798225403
2007,6,1,15,0,0.8575909733772278,9.40410041809082,245,7.954800128936768,7.007800102233887,9703,9.101699829101562,1.403499960899353,0.3619599938392639
2007,6,1,18,0,0.8575289845466614,9.570899963378906,245,8.06980037689209,7.078800201416016,8900,9.101699829101562,1.3294999599456787,0.36768999695777893
2007,6,1,21,0,0.8543040156364441,9.104299545288086,245,6.845799922943115,5.499499797821045,8494,9.101699829101562,1.3309799432754517,0.43272000551223755
2007,6,2,0,0,0.8434140086174011,8.364999771118164,245,5.8979997634887695,4.729000091552734,8672,8.274100303649902,1.4049400091171265,0.5043200254440308
2007,6,2,3,0,0.8322920203208923,8.109999656677246,245,5.792200088500977,4.746500015258789,8977,11.013500213623047,1.453410029411316,0.5231999754905701
2007,6,2,6,0,0.8363659977912903,8.709199905395508,245,6.5218000411987305,5.42519998550415,8750,10.01200008392334,1.3819700479507446,0.4813700020313263
2007,6,2,9,0,0.8450070023536682,9.349100112915039,245,7.222300052642822,6.006999969482422,8581,10.01200008392334,1.3179199695587158,0.43830999732017517
2007,6,2,12,0,0.8532339930534363,9.835700035095215,245,7.865499973297119,6.583799839019775,8682,10.01200008392334,1.2903800010681152,0.4010699987411499
2007,6,2,15,0,0.8590589761734009,10.107999801635742,245,8.30090045928955,7.061500072479248,8995,10.01200008392334,1.2940800189971924,0.38130998611450195
2007,6,2,18,0,0.861778974533081,10.274399757385254,245,8.398099899291992,7.006199836730957,9538,10.01200008392334,1.3197200298309326,0.3754200041294098
2007,6,2,21,0,0.8598160147666931,9.571000099182129,245,6.954500198364258,5.468100070953369,10676,9.101699829101562,1.4472299814224243,0.4468500018119812
2007,6,3,0,0,0.8535460233688354,9.456100463867188,245,6.895500183105469,5.502200126647949,11510,13.326800346374512,1.511389970779419,0.45796999335289
2007,6,3,3,0,0.8503720164299011,9.944899559020996,255,7.646100044250488,6.221799850463867,11455,10.01200008392334,1.4682199954986572,0.41745999455451965
2007,6,3,6,0,0.8517600297927856,10.308500289916992,255,8.328200340270996,6.9430999755859375,11301,10.01200008392334,1.4317400455474854,0.37867000699043274
2007,6,3,9,0,0.8523380160331726,10.534799575805664,255,8.831500053405762,7.561299800872803,11381,12.114999771118164,1.4205700159072876,0.3500399887561798
2007,6,3,12,0,0.8504729866981506,10.74269962310791,255,9.23009967803955,8.097000122070312,11709,12.114999771118164,1.4247599840164185,0.33090999722480774
2007,6,3,15,0,0.8468080163002014,10.96660041809082,255,9.556400299072266,8.52970027923584,12175,12.114999771118164,1.4345699548721313,0.31933000683784485
2007,6,3,18,0,0.8425499796867371,11.153200149536133,255,9.743800163269043,8.68589973449707,12563,12.114999771118164,1.4419399499893188,0.3132300078868866
2007,6,3,21,0,0.8387050032615662,11.208600044250488,255,9.571999549865723,8.105299949645996,12627,12.114999771118164,1.4404300451278687,0.31398001313209534
2007,6,4,0,0,0.8352770209312439,10.840700149536133,255,8.5068998336792,6.700399875640869,12405,12.114999771118164,1.452299952507019,0.3533700108528137
2007,6,4,3,0,0.8333709836006165,10.39169979095459,255,7.936600208282471,6.311200141906738,11979,12.114999771118164,1.4598000049591064,0.38721999526023865
2007,6,4,6,0,0.8446149826049805,9.5378999710083,255,7.555600166320801,6.358099937438965,12831,12.114999771118164,1.588539958000183,0.41018998622894287
2007,6,4,9,0,0.8654980063438416,9.212800025939941,245,7.7052998542785645,6.761099815368652,15239,12.114999771118164,1.774440050125122,0.3821699917316437
2007,6,4,12,0,0.8781970143318176,9.314399719238281,235,8.041099548339844,7.229000091552734,17506,10.01200008392334,1.8964200019836426,0.3511599898338318
2007,6,4,15,0,0.8828349709510803,9.42080020904541,235,8.23490047454834,7.459000110626221,18252,9.101699829101562,1.9261800050735474,0.33548998832702637
2007,6,4,18,0,0.8737729787826538,9.308300018310547,235,7.900199890136719,6.887700080871582,17582,9.101699829101562,1.9012700319290161,0.34994998574256897
2007,6,4,21,0,0.8608620166778564,8.611800193786621,235,6.86899995803833,5.7835001945495605,17888,9.101699829101562,1.9981800317764282,0.4036499857902527
2007,6,5,0,0,0.8492839932441711,8.625900268554688,235,7.0518999099731445,6.065999984741211,17452,9.101699829101562,1.9728599786758423,0.39232999086380005
2007,6,5,3,0,0.8348060250282288,8.619099617004395,235,6.9475998878479,5.900599956512451,16280,11.013500213623047,1.9055500030517578,0.39715999364852905
2007,6,5,6,0,0.8295109868049622,8.740900039672852,235,7.140600204467773,6.117199897766113,15223,11.013500213623047,1.8293100595474243,0.3869999945163727
2007,6,5,9,0,0.8265209794044495,8.902400016784668,235,7.4141998291015625,6.458499908447266,14202,11.013500213623047,1.7502399682998657,0.37463000416755676
2007,6,5,12,0,0.8255580067634583,8.9931001663208,235,7.633200168609619,6.797100067138672,13490,11.013500213623047,1.6970499753952026,0.36597999930381775
2007,6,5,15,0,0.8253139853477478,8.962200164794922,235,7.659999847412109,6.893899917602539,13074,11.013500213623047,1.674049973487854,0.3657500147819519
2007,6,5,18,0,0.8245260119438171,8.933699607849121,235,7.6697998046875,6.9415998458862305,12544,11.013500213623047,1.6429200172424316,0.364439994096756
2007,6,5,21,0,0.8243730068206787,8.885499954223633,235,7.561999797821045,6.715000152587891,11920,10.01200008392334,1.6066700220108032,0.3646000027656555
2007,6,6,0,0,0.8245869874954224,8.786499977111816,235,7.340400218963623,6.370500087738037,11442,10.01200008392334,1.583899974822998,0.37206000089645386
2007,6,6,3,0,0.8246049880981445,8.808199882507324,235,7.388800144195557,6.442699909210205,11161,10.01200008392334,1.5626499652862549,0.3700999915599823
2007,6,6,6,0,0.8270800113677979,8.811200141906738,245,7.389599800109863,6.439199924468994,11250,10.01200008392334,1.5693999528884888,0.36862000823020935
2007,6,6,9,0,0.8340219855308533,8.764699935913086,245,7.4405999183654785,6.607900142669678,11772,10.01200008392334,1.6116600036621094,0.3643600046634674
2007,6,6,12,0,0.8392390012741089,8.831600189208984,245,7.6392998695373535,6.880499839782715,12088,10.01200008392334,1.6289700269699097,0.3463599979877472
2007,6,6,15,0,0.8408719897270203,8.890399932861328,245,7.780200004577637,7.027100086212158,11901,9.101699829101562,1.6124099493026733,0.3314099907875061
2007,6,6,18,0,0.840732991695404,8.767800331115723,245,7.572700023651123,6.685400009155273,11725,9.101699829101562,1.6134300231933594,0.3343699872493744
2007,6,6,21,0,0.8402860164642334,8.359600067138672,245,6.954599857330322,5.978000164031982,11994,9.101699829101562,1.6738300323486328,0.36434000730514526
2007,6,7,0,0,0.8342400193214417,7.430200099945068,255,6.116300106048584,5.34060001373291,14177,8.274100303649902,1.9384299516677856,0.4061200022697449
2007,6,7,3,0,0.8354309797286987,7.405700206756592,265,6.313300132751465,5.615600109100342,17189,8.274100303649902,2.144320011138916,0.3691999912261963
2007,6,7,6,0,0.831387996673584,7.51800012588501,265,6.441299915313721,5.745500087738037,16724,8.274100303649902,2.0983500480651855,0.36212000250816345
2007,6,7,9,0,0.8227319717407227,7.7281999588012695,265,6.679599761962891,6.024600028991699,14180,8.274100303649902,1.9015100002288818,0.36028000712394714
2007,6,7,12,0,0.8145279884338379,7.808000087738037,265,6.683899879455566,5.989999771118164,11976,8.274100303649902,1.7352999448776245,0.37119999527931213
2007,6,7,15,0,0.8098779916763306,7.841899871826172,265,6.658100128173828,5.937699794769287,10446,8.274100303649902,1.6151599884033203,0.38078999519348145
2007,6,7,18,0,0.8037769794464111,7.832399845123291,265,6.509500026702881,5.7052001953125,9122,8.274100303649902,1.5081700086593628,0.3980399966239929
2007,6,7,21,0,0.800134003162384,7.645899772644043,255,6.088600158691406,5.1981000900268555,8221,8.274100303649902,1.4474400281906128,0.4332500100135803
2007,6,8,0,0,0.8005539774894714,7.372099876403809,255,5.722899913787842,4.861999988555908,7905,8.274100303649902,1.4447400569915771,0.46619001030921936
2007,6,8,3,0,0.8005070090293884,7.464700222015381,255,5.816800117492676,4.963500022888184,7661,8.274100303649902,1.4112600088119507,0.4669399857521057
2007,6,8,6,0,0.8111739754676819,8.031599998474121,255,6.417699813842773,5.542200088500977,7393,8.274100303649902,1.3319499492645264,0.4376699924468994
2007,6,8,9,0,0.83297199010849,8.695699691772461,255,7.09660005569458,6.139200210571289,8025,8.274100303649902,1.3290200233459473,0.3989099860191345
2007,6,8,12,0,0.8556659817695618,9.425299644470215,255,7.9847002029418945,6.996300220489502,10110,12.114999771118164,1.4283900260925293,0.34536999464035034
2007,6,8,15,0,0.8770220279693604,9.949199676513672,265,8.777199745178223,7.896500110626221,13202,12.114999771118164,1.5864900350570679,0.29659000039100647
2007,6,8,18,0,0.890736997127533,10.196999549865723,265,9.231599807739258,8.491999626159668,15845,11.013500213623047,1.7165800333023071,0.26684001088142395
2007,6,8,21,0,0.8964859843254089,10.079299926757812,265,8.710700035095215,7.339799880981445,17216,11.013500213623047,1.8013800382614136,0.27522000670433044
2007,6,9,0,0,0.8975120186805725,10.068300247192383,265,8.846199989318848,7.688499927520752,17261,11.013500213623047,1.8058300018310547,0.27094998955726624
2007,6,9,3,0,0.8965939879417419,10.140199661254883,265,9.265199661254883,8.553799629211426,16372,11.013500213623047,1.7538299560546875,0.25196000933647156
2007,6,9,6,0,0.894212007522583,10.083000183105469,265,9.303600311279297,8.76990032196045,15111,11.013500213623047,1.6916300058364868,0.24979999661445618
2007,6,9,9,0,0.8902249932289124,10.015299797058105,265,9.230799674987793,8.728799819946289,13702,11.013500213623047,1.6173299551010132,0.25575000047683716
2007,6,9,12,0,0.883188009262085,9.837599754333496,265,8.629199981689453,7.430099964141846,12145,11.013500213623047,1.5370500087738037,0.2790200114250183
2007,6,9,15,0,0.8402389883995056,7.8805999755859375,255,6.105000019073486,5.104400157928467,12969,11.013500213623047,1.7890100479125977,0.4282200038433075
2007,6,9,18,0,0.8294519782066345,7.373799800872803,235,6.020599842071533,5.184500217437744,17240,8.274100303649902,2.150899887084961,0.3929100036621094
2007,6,9,21,0,0.854203999042511,7.378200054168701,225,6.225200176239014,5.444699764251709,29202,9.101699829101562,2.811379909515381,0.346560001373291
2007,6,10,0,0,0.8461909890174866,7.850100040435791,215,6.806399822235107,6.041399955749512,31345,9.101699829101562,2.82027006149292,0.31126001477241516
2007,6,10,3,0,0.8324000239372253,8.153400421142578,225,7.22790002822876,6.5329999923706055,25045,9.101699829101562,2.46983003616333,0.291810005903244
2007,6,10,6,0,0.8183990120887756,8.11769962310791,235,7.111999988555908,6.35890007019043,21173,9.101699829101562,2.2742700576782227,0.30366000533103943
2007,6,10,9,0,0.8168659806251526,8.061599731445312,235,7.026800155639648,6.262899875640869,19519,8.274100303649902,2.1904900074005127,0.31161001324653625
2007,6,10,12,0,0.8219850063323975,8.236599922180176,245,7.27239990234375,6.567699909210205,19758,10.01200008392334,2.1778900623321533,0.30223000049591064
2007,6,10,15,0,0.8488159775733948,8.682100296020508,245,7.827300071716309,7.223800182342529,23218,10.01200008392334,2.292530059814453,0.28139999508857727
2007,6,10,18,0,0.8834450244903564,9.338899612426758,255,8.514399528503418,7.951700210571289,30338,10.01200008392334,2.509469985961914,0.2668899893760681
2007,6,10,21,0,0.9109169840812683,9.963500022888184,255,9.030699729919434,8.324999809265137,39970,11.013500213623047,2.7657899856567383,0.2634600102901459
2007,6,11,0,0,0.9240149855613708,10.444299697875977,265,9.507599830627441,8.831199645996094,49341,11.013500213623047,2.9819700717926025,0.257999986410141
2007,6,11,3,0,0.9332420229911804,10.750300407409668,265,9.859800338745117,9.23390007019043,55836,12.114999771118164,3.115609884262085,0.24793000519275665
2007,6,11,6,0,0.9363679885864258,10.90060043334961,265,10.074299812316895,9.5177001953125,59087,12.114999771118164,3.1787800788879395,0.2389100044965744
2007,6,11,9,0,0.9360229969024658,11.00100040435791,265,10.211999893188477,9.681900024414062,61490,12.114999771118164,3.2253499031066895,0.2326499968767166
2007,6,11,12,0,0.9375450015068054,11.073100090026855,275,10.32229995727539,9.814800262451172,62536,12.114999771118164,3.2403900623321533,0.2257400006055832
2007,6,11,15,0,0.9401360154151917,11.055700302124023,275,10.339900016784668,9.855199813842773,60152,12.114999771118164,3.1826300621032715,0.22078999876976013
2007,6,11,18,0,0.9397630095481873,10.917699813842773,275,10.214500427246094,9.732199668884277,54619,12.114999771118164,3.0584099292755127,0.22002999484539032
2007,6,11,21,0,0.9373760223388672,10.712599754333496,275,10.01159954071045,9.520000457763672,48264,12.114999771118164,2.91129994392395,0.22123999893665314
2007,6,12,0,0,0.9342830181121826,10.507800102233887,275,9.836299896240234,9.382699966430664,41957,12.114999771118164,2.7496700286865234,0.22154000401496887
2007,6,12,3,0,0.9306489825248718,10.294899940490723,275,9.642399787902832,9.210700035095215,35989,11.013500213623047,2.5812699794769287,0.22332000732421875
2007,6,12,6,0,0.9274110198020935,10.105500221252441,275,9.469400405883789,9.053199768066406,31407,11.013500213623047,2.441080093383789,0.22468000650405884
2007,6,12,9,0,0.9244660139083862,9.928299903869629,275,9.308899879455566,8.90719985961914,27861,11.013500213623047,2.325900077819824,0.22564999759197235
2007,6,12,12,0,0.9205470085144043,9.728500366210938,275,9.116100311279297,8.725000381469727,24258,10.01200008392334,2.1984500885009766,0.22950999438762665
2007,6,12,15,0,0.9155259728431702,9.521400451660156,275,8.906399726867676,8.520899772644043,20743,10.01200008392334,2.060149908065796,0.23609000444412231
2007,6,12,18,0,0.9096590280532837,9.327500343322754,275,8.701800346374512,8.31719970703125,17545,10.01200008392334,1.9182900190353394,0.24473999440670013
2007,6,12,21,0,0.9034550189971924,9.139100074768066,265,8.491900444030762,8.103500366210938,14575,10.01200008392334,1.7690999507904053,0.2564300000667572
2007,6,13,0,0,0.8991950154304504,8.959400177001953,265,8.281000137329102,7.884500026702881,11933,9.101699829101562,1.6183700561523438,0.27052000164985657
2007,6,13,3,0,0.8920480012893677,8.785099983215332,265,8.05109977722168,7.634699821472168,9607,9.101699829101562,1.4668200016021729,0.28929999470710754
2007,6,13,6,0,0.882768988609314,8.460800170898438,265,7.611400127410889,7.116199970245361,8196,9.101699829101562,1.3809800148010254,0.31905001401901245
2007,6,13,9,0,0.8889899849891663,8.054499626159668,255,7.147900104522705,6.5879998207092285,8622,9.101699829101562,1.4545300006866455,0.33483999967575073
2007,6,13,12,0,0.8825709819793701,7.997099876403809,245,7.071300029754639,6.512800216674805,7960,9.101699829101562,1.4016000032424927,0.34446001052856445
2007,6,13,15,0,0.874675989151001,7.848199844360352,245,6.653800010681152,5.860799789428711,6780,9.101699829101562,1.3039000034332275,0.37806999683380127
2007,6,13,18,0,0.8731679916381836,7.548500061035156,245,6.311299800872803,5.583700180053711,6452,8.274100303649902,1.296489953994751,0.4084100127220154
2007,6,13,21,0,0.8744829893112183,7.593999862670898,245,6.349800109863281,5.628200054168701,6519,8.274100303649902,1.2979899644851685,0.41095998883247375
2007,6,14,0,0,0.8946549892425537,8.154899597167969,255,6.978000164031982,6.247499942779541,9223,9.101699829101562,1.4874999523162842,0.3661400079727173
2007,6,14,3,0,0.9191790223121643,8.84060001373291,265,7.901599884033203,7.266499996185303,16138,10.01200008392334,1.8885899782180786,0.2971799969673157
2007,6,14,6,0,0.9307780265808105,9.13949966430664,265,8.345600128173828,7.814300060272217,20425,10.01200008392334,2.08909010887146,0.2661899924278259
2007,6,14,9,0,0.9333490133285522,9.156100273132324,265,8.420499801635742,7.938499927520752,20080,10.01200008392334,2.0714399814605713,0.2575500011444092
2007,6,14,12,0,0.9326879978179932,9.050999641418457,265,8.338000297546387,7.879700183868408,17986,10.01200008392334,1.9747999906539917,0.2584399878978729
2007,6,14,15,0,0.9309200048446655,8.9173002243042,265,8.214200019836426,7.7708001136779785,15690,10.01200008392334,1.8609700202941895,0.26315999031066895
2007,6,14,18,0,0.9288600087165833,8.791099548339844,265,8.090700149536133,7.658199787139893,13640,9.101699829101562,1.7494800090789795,0.2699599862098694
2007,6,14,21,0,0.9267439842224121,8.67770004272461,265,7.9720001220703125,7.545899868011475,11893,9.101699829101562,1.6453900337219238,0.2783699929714203
2007,6,15,0,0,0.9255409836769104,8.584099769592285,255,7.861700057983398,7.4355998039245605,10423,9.101699829101562,1.5491000413894653,0.28874000906944275
2007,6,15,3,0,0.9243999719619751,8.508399963378906,255,7.716599941253662,7.224800109863281,9196,9.101699829101562,1.4608800411224365,0.30485999584198
2007,6,15,6,0,0.9205099940299988,8.295900344848633,255,7.09660005569458,6.182799816131592,8229,9.101699829101562,1.3985999822616577,0.3471499979496002
2007,6,15,9,0,0.9181240200996399,8.322799682617188,255,7.112299919128418,6.30679988861084,7432,9.101699829101562,1.3239200115203857,0.3746899962425232
2007,6,15,12,0,0.916109025478363,8.427399635314941,255,7.161399841308594,6.4008002281188965,6770,8.274100303649902,1.2522300481796265,0.40007999539375305
2007,6,15,15,0,0.9133909940719604,8.465999603271484,255,6.991499900817871,6.085700035095215,6184,8.274100303649902,1.1910899877548218,0.42649999260902405
2007,6,15,18,0,0.9088469743728638,7.999300003051758,255,6.148600101470947,5.152400016784668,5825,8.274100303649902,1.1881999969482422,0.48465999960899353
2007,6,15,21,0,0.9065020084381104,7.475200176239014,255,5.669300079345703,4.789299964904785,5828,8.274100303649902,1.2305400371551514,0.5200300216674805
2007,6,16,0,0,0.8996170163154602,6.887199878692627,255,5.164700031280518,4.406400203704834,6129,8.274100303649902,1.317020058631897,0.5590800046920776
2007,6,16,3,0,0.8947340250015259,7.316800117492676,255,5.548399925231934,4.77269983291626,5639,7.5218000411987305,1.2202999591827393,0.5569499731063843
2007,6,16,6,0,0.8964930176734924,7.781300067901611,255,5.880099773406982,5.069699764251709,5278,19.513200759887695,1.1392899751663208,0.5610700249671936
2007,6,16,9,0,0.899757981300354,7.992099761962891,255,6.073800086975098,5.258399963378906,5324,19.513200759887695,1.1269299983978271,0.5572299957275391
2007,6,16,12,0,0.9030510187149048,7.838099956512451,255,6.149700164794922,5.411900043487549,5912,6.837800025939941,1.2023899555206299,0.5367199778556824
2007,6,16,15,0,0.9062409996986389,7.571100234985352,255,6.20359992980957,5.562600135803223,7080,6.837800025939941,1.3463599681854248,0.4942300021648407
2007,6,16,18,0,0.9022840261459351,7.573500156402588,255,6.27269983291626,5.637199878692627,7284,6.837800025939941,1.3670400381088257,0.4749400019645691
2007,6,16,21,0,0.9002249836921692,7.5482001304626465,255,6.238399982452393,5.519499778747559,7955,7.5218000411987305,1.4341700077056885,0.4563100039958954
2007,6,17,0,0,0.9020699858665466,7.2829999923706055,265,6.036200046539307,5.30679988861084,10788,7.5218000411987305,1.7088199853897095,0.4346500039100647
2007,6,17,3,0,0.9035289883613586,7.615699768066406,265,6.582499980926514,5.948999881744385,13472,7.5218000411987305,1.8696999549865723,0.3866100013256073
2007,6,17,6,0,0.8960779905319214,7.713399887084961,265,6.63730001449585,5.99429988861084,12864,7.5218000411987305,1.8122700452804565,0.3964900076389313
2007,6,17,9,0,0.8895440101623535,7.538400173187256,265,6.316699981689453,5.588500022888184,12605,7.5218000411987305,1.8138999938964844,0.420089989900589
2007,6,17,12,0,0.8877800107002258,7.605199813842773,265,6.509099960327148,5.8403000831604,14058,7.5218000411987305,1.9099299907684326,0.39452001452445984
2007,6,17,15,0,0.8852760195732117,7.808800220489502,275,6.783299922943115,6.149199962615967,14263,8.274100303649902,1.898419976234436,0.37455999851226807
2007,6,17,18,0,0.8879039883613586,7.978400230407715,275,6.942699909210205,6.270699977874756,14732,8.274100303649902,1.908400058746338,0.36195001006126404
2007,6,17,21,0,0.8927429914474487,8.167900085449219,275,7.134500026702881,6.429299831390381,16825,8.274100303649902,2.0157101154327393,0.34334999322891235
2007,6,18,0,0,0.8899750113487244,8.103400230407715,275,7.0157999992370605,6.267199993133545,18506,9.101699829101562,2.123029947280884,0.3458000123500824
2007,6,18,3,0,0.8815680146217346,8.125200271606445,285,7.151199817657471,6.508800029754639,18350,8.274100303649902,2.1110599040985107,0.33869999647140503
2007,6,18,6,0,0.8639739751815796,8.043999671936035,275,7.002600193023682,6.352399826049805,15467,8.274100303649902,1.9444400072097778,0.3635900020599365
2007,6,18,9,0,0.8456329703330994,8.039299964904785,275,6.9054999351501465,6.2769999504089355,12525,8.274100303649902,1.743630051612854,0.39921000599861145
2007,6,18,12,0,0.8271480202674866,8.091300010681152,275,6.728499889373779,6.019000053405762,10110,7.5218000411987305,1.5534199476242065,0.4434800148010254
2007,6,18,15,0,0.827996015548706,8.104499816894531,265,6.567599773406982,5.811100006103516,8678,7.5218000411987305,1.4326200485229492,0.4752100110054016
2007,6,18,18,0,0.8279169797897339,8.13379955291748,265,6.44290018081665,5.633299827575684,7401,7.5218000411987305,1.3167999982833862,0.4952299892902374
2007,6,18,21,0,0.8292009830474854,8.153499603271484,255,6.278800010681152,5.395100116729736,6321,16.125999450683594,1.2121399641036987,0.5120099782943726
2007,6,19,0,0,0.8364220261573792,8.37440013885498,255,6.292200088500977,5.337200164794922,5536,16.125999450683594,1.1145999431610107,0.5199599862098694
2007,6,19,3,0,0.8429049849510193,8.818699836730957,255,6.500999927520752,5.449699878692627,5167,16.125999450683594,1.043470025062561,0.5151500105857849
2007,6,19,6,0,0.8567579984664917,9.422300338745117,245,6.864699840545654,5.667099952697754,5091,16.125999450683594,0.996209979057312,0.4972800016403198
2007,6,19,9,0,0.8693349957466125,10.049799919128418,245,7.3221001625061035,5.964300155639648,5074,16.125999450683594,0.9580600261688232,0.4717400074005127
2007,6,19,12,0,0.876721978187561,10.533699989318848,245,7.73799991607666,6.257800102233887,4936,16.125999450683594,0.9198700189590454,0.448199987411499
2007,6,19,15,0,0.8832880258560181,10.844099998474121,235,8.052000045776367,6.492499828338623,4640,16.125999450683594,0.8774799704551697,0.4291200041770935
2007,6,19,18,0,0.8854960203170776,10.92490005493164,235,8.175100326538086,6.527100086212158,4311,16.125999450683594,0.8433099985122681,0.4126400053501129
2007,6,19,21,0,0.8885679841041565,10.332500457763672,245,7.92609977722168,6.43779993057251,4492,16.125999450683594,0.8921800255775452,0.4098599851131439
2007,6,20,0,0,0.8970810174942017,9.30679988861084,255,7.670300006866455,6.583099842071533,6456,14.659700393676758,1.1461600065231323,0.38253000378608704
2007,6,20,3,0,0.9139090180397034,8.984600067138672,255,7.822999954223633,6.966800212860107,10193,9.101699829101562,1.480970025062561,0.32820001244544983
2007,6,20,6,0,0.922065019607544,9.089099884033203,255,8.207799911499023,7.623700141906738,12782,9.101699829101562,1.6521300077438354,0.2955099940299988
2007,6,20,9,0,0.9240249991416931,9.170599937438965,255,8.346599578857422,7.8343000411987305,13703,9.101699829101562,1.7023299932479858,0.287990003824234
2007,6,20,12,0,0.9231709837913513,9.177499771118164,255,8.346599578857422,7.845799922943115,13460,9.101699829101562,1.6857399940490723,0.2903600037097931
2007,6,20,15,0,0.9220290184020996,9.095499992370605,255,8.2322998046875,7.719799995422363,12536,9.101699829101562,1.6341899633407593,0.2982200086116791
2007,6,20,18,0,0.9214450120925903,8.937000274658203,255,8.016799926757812,7.45959997177124,11371,9.101699829101562,1.5710999965667725,0.30946001410484314
2007,6,20,21,0,0.9194599986076355,8.567700386047363,255,7.291299819946289,6.352399826049805,10257,9.101699829101562,1.5260100364685059,0.3409099876880646
2007,6,21,0,0,0.9184640049934387,8.001399993896484,245,6.640900135040283,5.747799873352051,9828,9.101699829101562,1.5497100353240967,0.375
2007,6,21,3,0,0.9157869815826416,7.811999797821045,245,6.540800094604492,5.69980001449585,9583,9.101699829101562,1.5518399477005005,0.370959997177124
2007,6,21,6,0,0.908141016960144,7.730400085449219,245,6.463099956512451,5.618299961090088,9308,8.274100303649902,1.539180040359497,0.3688099980354309
2007,6,21,9,0,0.899707019329071,7.663899898529053,245,6.361400127410889,5.5030999183654785,8801,8.274100303649902,1.503640055656433,0.37307000160217285
2007,6,21,12,0,0.8951060175895691,7.760799884796143,245,6.600900173187256,5.856599807739258,8137,8.274100303649902,1.4356900453567505,0.3622500002384186
2007,6,21,15,0,0.8923919796943665,7.8165998458862305,245,6.732600212097168,6.067699909210205,7529,8.274100303649902,1.3751499652862549,0.3582000136375427
2007,6,21,18,0,0.8924909830093384,7.841899871826172,245,6.82889986038208,6.2204999923706055,7354,8.274100303649902,1.3569899797439575,0.3509500026702881
2007,6,21,21,0,0.8948860168457031,7.855299949645996,245,6.888400077819824,6.303800106048584,7262,8.274100303649902,1.3478800058364868,0.3443300127983093
2007,6,22,0,0,0.8975039720535278,7.878399848937988,245,6.9207000732421875,6.3454999923706055,6905,8.274100303649902,1.312150001525879,0.34369999170303345
2007,6,22,3,0,0.8999360203742981,7.8983001708984375,245,6.9492998123168945,6.396500110626221,6454,8.274100303649902,1.266610026359558,0.34450000524520874
2007,6,22,6,0,0.9005500078201294,7.906000137329102,245,6.945799827575684,6.383699893951416,6113,8.274100303649902,1.232159972190857,0.34505000710487366
2007,6,22,9,0,0.8932350277900696,7.9832000732421875,245,7.007999897003174,6.415999889373779,6296,8.274100303649902,1.2450499534606934,0.337799996137619
2007,6,22,12,0,0.890703022480011,8.193699836730957,255,7.243299961090088,6.626200199127197,7422,9.101699829101562,1.3357000350952148,0.3146499991416931
2007,6,22,15,0,0.8933560252189636,8.36970043182373,255,7.481599807739258,6.872799873352051,8818,9.101699829101562,1.442080020904541,0.29096001386642456
2007,6,22,18,0,0.9026989936828613,8.42549991607666,265,7.553899765014648,6.904600143432617,9554,9.101699829101562,1.4973100423812866,0.2785800099372864
2007,6,22,21,0,0.9047489762306213,8.248000144958496,265,7.154300212860107,6.2505998611450195,9731,9.101699829101562,1.5290800333023071,0.292820006608963
2007,6,23,0,0,0.8964009881019592,7.8069000244140625,265,6.498799800872803,5.5559000968933105,9786,9.101699829101562,1.57846999168396,0.3327699899673462
2007,6,23,3,0,0.9000579714775085,7.879300117492676,255,6.873899936676025,6.154200077056885,9502,9.101699829101562,1.5486799478530884,0.3090200126171112
2007,6,23,6,0,0.9013410210609436,7.9405999183654785,255,7.079599857330322,6.4832000732421875,8924,9.101699829101562,1.4954899549484253,0.29420000314712524
2007,6,23,9,0,0.9006410241127014,7.946899890899658,255,7.1442999839782715,6.60290002822876,8107,8.274100303649902,1.4250799417495728,0.28937000036239624
2007,6,23,12,0,0.899960994720459,7.909999847412109,255,7.138599872589111,6.627799987792969,7371,8.274100303649902,1.3623700141906738,0.2882300019264221
2007,6,23,15,0,0.9004970192909241,7.850500106811523,265,7.099899768829346,6.600399971008301,6881,8.274100303649902,1.3219599723815918,0.2870199978351593
2007,6,23,18,0,0.9021350145339966,7.773499965667725,265,6.968200206756592,6.364500045776367,6524,8.274100303649902,1.2943999767303467,0.28852999210357666
2007,6,23,21,0,0.8941490054130554,7.2895002365112305,265,6.1381001472473145,5.309599876403809,6448,8.274100303649902,1.331089973449707,0.33535999059677124
2007,6,24,0,0,0.8876349925994873,6.862599849700928,255,5.794099807739258,5.064300060272217,7542,8.274100303649902,1.4871000051498413,0.34397000074386597
2007,6,24,3,0,0.8879929780960083,7.013400077819824,255,6.119800090789795,5.462699890136719,8651,7.5218000411987305,1.5763700008392334,0.3105199933052063
2007,6,24,6,0,0.8802189826965332,7.156799793243408,255,6.315400123596191,5.684199810028076,7945,7.5218000411987305,1.4946600198745728,0.30107998847961426
2007,6,24,9,0,0.873134970664978,7.270500183105469,255,6.5395002365112305,6.03849983215332,6813,7.5218000411987305,1.3716299533843994,0.296640008687973
2007,6,24,12,0,0.8656600117683411,7.276700019836426,255,6.5742998123168945,6.122200012207031,5941,7.5218000411987305,1.2793699502944946,0.3012799918651581
2007,6,24,15,0,0.8595690131187439,7.234399795532227,255,6.5381999015808105,6.1107001304626465,5228,7.5218000411987305,1.2030800580978394,0.30862998962402344
2007,6,24,18,0,0.8556050062179565,7.123000144958496,255,6.336299896240234,5.79580020904541,4700,7.5218000411987305,1.149530053138733,0.32124000787734985
2007,6,24,21,0,0.8531399965286255,6.82859992980957,255,5.826099872589111,5.126100063323975,4539,7.5218000411987305,1.1547199487686157,0.35067999362945557
2007,6,25,0,0,0.8582559823989868,6.8140997886657715,255,5.856500148773193,5.192299842834473,4503,7.5218000411987305,1.151110053062439,0.34898999333381653
2007,6,25,3,0,0.8654990196228027,6.965700149536133,255,6.146999835968018,5.612500190734863,4468,7.5218000411987305,1.1330300569534302,0.3366999924182892
2007,6,25,6,0,0.8720290064811707,7.020199775695801,255,6.239500045776367,5.755199909210205,4471,7.5218000411987305,1.1284899711608887,0.3359299898147583
2007,6,25,9,0,0.8775560259819031,7.007900238037109,255,6.2382001876831055,5.774899959564209,4542,7.5218000411987305,1.1381499767303467,0.339029997587204
2007,6,25,12,0,0.8836410045623779,7.041200160980225,255,6.249300003051758,5.775899887084961,4358,7.5218000411987305,1.1115299463272095,0.3450999855995178
2007,6,25,15,0,0.8847919702529907,7.079100131988525,255,6.2515997886657715,5.761199951171875,3952,7.5218000411987305,1.054669976234436,0.3541800081729889
2007,6,25,18,0,0.8815709948539734,7.09689998626709,255,6.235099792480469,5.730500221252441,3500,6.837800025939941,0.990369975566864,0.36357998847961426
2007,6,25,21,0,0.8767169713973999,7.09089994430542,255,6.202099800109863,5.685999870300293,3093,6.837800025939941,0.9307299852371216,0.37112000584602356
2007,6,26,0,0,0.8721550107002258,7.054200172424316,255,6.109300136566162,5.537799835205078,2752,6.837800025939941,0.8798699975013733,0.37929001450538635
2007,6,26,3,0,0.8682270050048828,7.049799919128418,255,6.099100112915039,5.5543999671936035,2463,6.837800025939941,0.8317400217056274,0.38787999749183655
2007,6,26,6,0,0.8646600246429443,7.070499897003174,255,6.075099945068359,5.531599998474121,2218,6.837800025939941,0.7866799831390381,0.4021799862384796
2007,6,26,9,0,0.8608540296554565,7.12470006942749,255,6.040900230407715,5.471099853515625,1999,6.837800025939941,0.7423400282859802,0.42138001322746277
2007,6,26,12,0,0.8568069934844971,7.2108001708984375,255,5.996799945831299,5.378699779510498,1799,6.837800025939941,0.6978200078010559,0.4441399872303009
2007,6,26,15,0,0.8561499714851379,7.285799980163574,255,5.929100036621094,5.251399993896484,1648,14.659700393676758,0.6625999808311462,0.4661400020122528
2007,6,26,18,0,0.8712390065193176,7.273900032043457,255,5.965400218963623,5.333899974822998,1683,14.659700393676758,0.669979989528656,0.46674999594688416
2007,6,26,21,0,0.8965749740600586,7.263199806213379,255,6.085700035095215,5.491700172424316,1936,6.216100215911865,0.7210000157356262,0.44179999828338623
2007,6,27,0,0,0.9147520065307617,7.457799911499023,255,6.358099937438965,5.757800102233887,2318,6.837800025939941,0.7805200219154358,0.40571001172065735
2007,6,27,3,0,0.924439013004303,7.499199867248535,255,6.0071001052856445,4.99970006942749,3123,9.101699829101562,0.9070900082588196,0.3895300030708313
2007,6,27,6,0,0.92495197057724,7.090700149536133,255,5.750899791717529,4.958399772644043,5081,9.101699829101562,1.1941499710083008,0.3984200060367584
2007,6,27,9,0,0.9285699725151062,7.621099948883057,265,6.463799953460693,5.695700168609619,6296,9.101699829101562,1.2818000316619873,0.3445200026035309
2007,6,27,12,0,0.9339690208435059,8.044500350952148,265,7.0167999267578125,6.253300189971924,6709,9.101699829101562,1.2872899770736694,0.30507999658584595
2007,6,27,15,0,0.9354339838027954,8.264699935913086,265,7.3769001960754395,6.682499885559082,6752,9.101699829101562,1.2738100290298462,0.2805899977684021
2007,6,27,18,0,0.9350119829177856,8.367799758911133,265,7.571899890899658,6.9608001708984375,6639,9.101699829101562,1.254699945449829,0.27055999636650085
2007,6,27,21,0,0.9346709847450256,8.463899612426758,265,7.684299945831299,7.094699859619141,6632,9.101699829101562,1.2455099821090698,0.26954999566078186
2007,6,28,0,0,0.9357730150222778,8.548199653625488,265,7.568299770355225,6.6707000732421875,6972,9.101699829101562,1.2692899703979492,0.2746700048446655
2007,6,28,3,0,0.9379839897155762,8.757599830627441,265,7.94890022277832,7.295899868011475,7494,9.101699829101562,1.2986700534820557,0.26111000776290894
2007,6,28,6,0,0.9392520189285278,8.803500175476074,265,8.053799629211426,7.482900142669678,7808,10.01200008392334,1.3226499557495117,0.25356000661849976
2007,6,28,9,0,0.9388189911842346,8.74470043182373,265,8.021100044250488,7.47629976272583,7642,10.01200008392334,1.3142800331115723,0.25064000487327576
2007,6,28,12,0,0.9363849759101868,8.553000450134277,265,7.742000102996826,7.063700199127197,7104,9.101699829101562,1.283210039138794,0.25918999314308167
2007,6,28,15,0,0.8931429982185364,7.4899001121521,255,6.329699993133545,5.458700180053711,7595,9.101699829101562,1.4241100549697876,0.32760000228881836
2007,6,28,18,0,0.8592990040779114,7.427199840545654,245,6.524400234222412,5.833199977874756,8174,9.101699829101562,1.4858399629592896,0.3018699884414673
2007,6,28,21,0,0.8460100293159485,7.472700119018555,245,6.554699897766113,5.829999923706055,7587,9.101699829101562,1.4270299673080444,0.29958999156951904
2007,6,29,0,0,0.8365489840507507,7.406300067901611,245,6.426499843597412,5.68179988861084,6613,9.101699829101562,1.3374199867248535,0.3150399923324585
2007,6,29,3,0,0.8314869999885559,7.2519001960754395,245,6.15310001373291,5.354800224304199,6014,9.101699829101562,1.2886500358581543,0.3373900055885315
2007,6,29,6,0,0.8264250159263611,7.079999923706055,245,5.942599773406982,5.170499801635742,5704,8.274100303649902,1.2701200246810913,0.356469988822937
2007,6,29,9,0,0.8244159817695618,7.18179988861084,245,6.2052998542785645,5.557799816131592,5345,8.274100303649902,1.2198599576950073,0.3442400097846985
2007,6,29,12,0,0.8203909993171692,7.191999912261963,245,6.227200031280518,5.562900066375732,5007,8.274100303649902,1.1798100471496582,0.3407900035381317
2007,6,29,15,0,0.8081570267677307,6.802700042724609,245,5.621099948883057,4.852200031280518,4868,8.274100303649902,1.197890043258667,0.3761099874973297
2007,6,29,18,0,0.801367998123169,6.451200008392334,235,5.40310001373291,4.749800205230713,5217,8.274100303649902,1.2750799655914307,0.3818199932575226
2007,6,29,21,0,0.7961140275001526,6.258299827575684,235,5.188799858093262,4.543499946594238,5082,8.274100303649902,1.27839994430542,0.39539000391960144
2007,6,30,0,0,0.7963410019874573,6.239200115203857,235,5.223299980163574,4.614299774169922,4862,8.274100303649902,1.2518999576568604,0.39465001225471497
2007,6,30,3,0,0.797065019607544,6.42710018157959,235,5.50029993057251,4.933000087738037,4554,6.216100215911865,1.1925400495529175,0.3792099952697754
2007,6,30,6,0,0.8019940257072449,6.592199802398682,235,5.7154998779296875,5.184800148010254,4349,6.216100215911865,1.1492700576782227,0.3724299967288971
2007,6,30,9,0,0.8102729916572571,6.759399890899658,235,5.889500141143799,5.386300086975098,4223,6.216100215911865,1.1164300441741943,0.37466999888420105
2007,6,30,12,0,0.817562997341156,6.9096999168396,235,5.982600212097168,5.445700168609619,4103,6.216100215911865,1.0864800214767456,0.38280001282691956
2007,6,30,15,0,0.8255529999732971,7.0493998527526855,245,6.090099811553955,5.556099891662598,3945,6.216100215911865,1.0529600381851196,0.3907800018787384
2007,6,30,18,0,0.8338789939880371,7.164400100708008,245,6.21750020980835,5.697800159454346,3981,7.5218000411987305,1.0485999584197998,0.38865000009536743
2007,6,30,21,0,0.8400239944458008,7.243899822235107,245,6.377299785614014,5.898399829864502,4345,7.5218000411987305,1.090630054473877,0.37237000465393066
2007,7,1,0,0,0.8521530032157898,7.28879976272583,255,6.482399940490723,6.047100067138672,4594,7.5218000411987305,1.1185400485992432,0.3619399964809418
2007,7,1,3,0,0.8598330020904541,7.306000232696533,255,6.502900123596191,6.083199977874756,4491,6.837800025939941,1.1042900085449219,0.36441001296043396
2007,7,1,6,0,0.8628960251808167,7.315800189971924,255,6.468299865722656,6.035699844360352,4179,6.837800025939941,1.0633399486541748,0.37810999155044556
2007,7,1,9,0,0.8634759783744812,7.355800151824951,255,6.421899795532227,5.963900089263916,3812,6.837800025939941,1.0109399557113647,0.4024699926376343
2007,7,1,12,0,0.8626009821891785,7.4781999588012695,255,6.402699947357178,5.89769983291626,3518,6.837800025939941,0.960349977016449,0.43413999676704407
2007,7,1,15,0,0.8608999848365784,7.695499897003174,255,6.446599960327148,5.88100004196167,3329,6.837800025939941,0.9179900288581848,0.4614799916744232
2007,7,1,18,0,0.8580300211906433,7.960899829864502,255,6.543499946594238,5.90910005569458,3225,6.216100215911865,0.8858799934387207,0.47589999437332153
2007,7,1,21,0,0.8543859720230103,8.183500289916992,255,6.589300155639648,5.82450008392334,3147,11.013500213623047,0.8615599870681763,0.47955000400543213
2007,7,2,0,0,0.8516770005226135,7.910600185394287,255,5.720900058746338,4.636600017547607,3142,11.013500213623047,0.8762400150299072,0.5180000066757202
2007,7,2,3,0,0.8500670194625854,8.310400009155273,255,6.251399993896484,5.23390007019043,3111,10.01200008392334,0.848580002784729,0.5043200254440308
2007,7,2,6,0,0.8575230240821838,8.575900077819824,255,6.521200180053711,5.475900173187256,3290,10.01200008392334,0.8584100008010864,0.4963400065898895
2007,7,2,9,0,0.8860530257225037,7.981800079345703,255,6.322400093078613,5.490600109100342,4533,10.01200008392334,1.0504499673843384,0.49452000856399536
2007,7,2,12,0,0.9106109738349915,7.704800128936768,245,6.4257001876831055,5.668099880218506,7356,8.274100303649902,1.371840000152588,0.4360800087451935
2007,7,2,15,0,0.9128010272979736,7.763000011444092,245,6.505300045013428,5.706900119781494,8798,8.274100303649902,1.4964200258255005,0.41631999611854553
2007,7,2,18,0,0.897553026676178,7.607900142669678,235,6.263199806213379,5.444300174713135,8729,7.5218000411987305,1.5051499605178833,0.4338099956512451
2007,7,2,21,0,0.8806229829788208,7.232900142669678,235,5.791600227355957,4.973700046539307,9112,7.5218000411987305,1.5784000158309937,0.45969000458717346
2007,7,3,0,0,0.8651549816131592,7.201600074768066,235,5.814300060272217,5.036099910736084,9836,7.5218000411987305,1.6424599885940552,0.4595000147819519
2007,7,3,3,0,0.8568750023841858,7.451499938964844,235,5.96120023727417,5.1519999504089355,9698,6.837800025939941,1.5974500179290771,0.4727100133895874
2007,7,3,6,0,0.8565199971199036,8.0177001953125,235,6.4542999267578125,5.6371002197265625,9223,17.73889923095703,1.493499994277954,0.47273001074790955
2007,7,3,9,0,0.8587039709091187,8.462499618530273,245,6.829100131988525,5.986599922180176,8999,17.73889923095703,1.4303900003433228,0.46744000911712646
2007,7,3,12,0,0.8645960092544556,8.661100387573242,245,6.921800136566162,5.980199813842773,8811,17.73889923095703,1.396530032157898,0.46492999792099
2007,7,3,15,0,0.8707870244979858,8.582900047302246,245,6.834000110626221,5.902200222015381,8755,17.73889923095703,1.398419976234436,0.4701699912548065
2007,7,3,18,0,0.8808280229568481,8.378499984741211,245,6.7052001953125,5.8180999755859375,9042,17.73889923095703,1.440600037574768,0.4711500108242035
2007,7,3,21,0,0.8986510038375854,8.341400146484375,245,6.794400215148926,5.928999900817871,10070,8.274100303649902,1.5268000364303589,0.45006000995635986
2007,7,4,0,0,0.9162750244140625,8.475299835205078,245,7.0690999031066895,6.230500221252441,11948,8.274100303649902,1.6526800394058228,0.41624999046325684
2007,7,4,3,0,0.9245160222053528,8.71090030670166,245,7.468400001525879,6.752099990844727,12775,8.274100303649902,1.6848200559616089,0.3915199935436249
2007,7,4,6,0,0.929023027420044,8.851400375366211,235,7.623700141906738,6.938300132751465,12266,8.274100303649902,1.634950041770935,0.38892000913619995
2007,7,4,9,0,0.9316220283508301,8.960399627685547,235,7.700399875640869,7.0152997970581055,11513,8.274100303649902,1.571120023727417,0.3922399878501892
2007,7,4,12,0,0.9307529926300049,9.1048002243042,235,7.811999797821045,7.112599849700928,11246,8.274100303649902,1.5373899936676025,0.39076000452041626
2007,7,4,15,0,0.9302740097045898,9.325699806213379,245,8.033499717712402,7.320400238037109,11935,8.274100303649902,1.562019944190979,0.37843000888824463
2007,7,4,18,0,0.9323350191116333,9.615599632263184,245,8.343000411987305,7.6082000732421875,13554,8.274100303649902,1.6355799436569214,0.35888999700546265
2007,7,4,21,0,0.9322410225868225,9.72089958190918,245,8.034299850463867,6.7596001625061035,15922,8.274100303649902,1.7596999406814575,0.3567500114440918
2007,7,5,0,0,0.9251160025596619,9.2923002243042,255,7.1585001945495605,5.803299903869629,18439,12.114999771118164,1.9379700422286987,0.3974500000476837
2007,7,5,3,0,0.9187759757041931,8.970600128173828,255,6.858500003814697,5.615600109100342,19543,11.013500213623047,2.0345499515533447,0.4150699973106384
2007,7,5,6,0,0.912231981754303,8.8548002243042,255,6.89739990234375,5.7418999671936035,18869,11.013500213623047,2.016050100326538,0.4122200012207031
2007,7,5,9,0,0.9111289978027344,8.926899909973145,255,7.189199924468994,6.128699779510498,17100,11.013500213623047,1.9135099649429321,0.3964099884033203
2007,7,5,12,0,0.9107620120048523,9.030400276184082,255,7.365300178527832,6.322299957275391,14900,10.01200008392334,1.775920033454895,0.3884199857711792
2007,7,5,15,0,0.9094280004501343,9.033499717712402,255,7.393199920654297,6.380199909210205,13023,10.01200008392334,1.6596499681472778,0.39135000109672546
2007,7,5,18,0,0.9033420085906982,8.338500022888184,255,6.342199802398682,5.246399879455566,12268,10.01200008392334,1.6802500486373901,0.4493899941444397
2007,7,5,21,0,0.8893010020256042,7.288700103759766,255,5.706200122833252,4.912899971008301,14600,10.01200008392334,1.9746899604797363,0.47773000597953796
2007,7,6,0,0,0.8763909935951233,7.186699867248535,265,5.769199848175049,5.0142998695373535,15801,6.837800025939941,2.0743401050567627,0.45631998777389526
2007,7,6,3,0,0.8727830052375793,7.287899971008301,265,5.866300106048584,5.09499979019165,15310,6.837800025939941,2.026479959487915,0.45127999782562256
2007,7,6,6,0,0.8731880187988281,7.45389986038208,265,6.082200050354004,5.316100120544434,15453,6.837800025939941,2.012360095977783,0.4369100034236908
2007,7,6,9,0,0.8777890205383301,7.766499996185303,265,6.433499813079834,5.677700042724609,14967,7.5218000411987305,1.9370299577713013,0.4216899871826172
2007,7,6,12,0,0.8810170292854309,8.001399993896484,255,6.571000099182129,5.7733001708984375,13421,8.274100303649902,1.801200032234192,0.4294700026512146
2007,7,6,15,0,0.8854529857635498,8.135899543762207,255,6.553100109100342,5.691199779510498,12069,9.101699829101562,1.6887600421905518,0.4444499909877777
2007,7,6,18,0,0.8875960111618042,7.867000102996826,255,6.111499786376953,5.204699993133545,11658,16.125999450683594,1.6877399682998657,0.474480003118515
2007,7,6,21,0,0.8823980093002319,7.308599948883057,255,5.749800205230713,4.971700191497803,13065,8.274100303649902,1.8618799448013306,0.484499990940094
2007,7,7,0,0,0.8731510043144226,7.202199935913086,265,5.854499816894531,5.133600234985352,14888,6.837800025939941,2.010010004043579,0.4527600109577179
2007,7,7,3,0,0.8751590251922607,7.442299842834473,265,6.188499927520752,5.462600231170654,15473,7.5218000411987305,2.0177500247955322,0.41927000880241394
2007,7,7,6,0,0.8769930005073547,7.746099948883057,265,6.611100196838379,5.947000026702881,15309,7.5218000411987305,1.9658199548721313,0.3940899968147278
2007,7,7,9,0,0.879052996635437,7.972400188446045,265,6.902500152587891,6.290999889373779,14811,7.5218000411987305,1.9040000438690186,0.3802500069141388
2007,7,7,12,0,0.8770509958267212,8.134099960327148,265,7.0655999183654785,6.479400157928467,13616,7.5218000411987305,1.8040000200271606,0.3792400062084198
2007,7,7,15,0,0.8715069890022278,8.224800109863281,265,7.075200080871582,6.450699806213379,11895,7.5218000411987305,1.6725499629974365,0.390390008687973
2007,7,7,18,0,0.8716719746589661,8.198200225830078,255,6.890500068664551,6.137499809265137,10590,14.659700393676758,1.5777599811553955,0.4069400131702423
2007,7,7,21,0,0.869953989982605,7.8470001220703125,255,6.22130012512207,5.314499855041504,9662,14.659700393676758,1.5394599437713623,0.4492200016975403
2007,7,8,0,0,0.8637070059776306,7.3765997886657715,255,5.729000091552734,4.890500068664551,9554,14.659700393676758,1.5809099674224854,0.48170000314712524
2007,7,8,3,0,0.8594769835472107,7.619900226593018,255,6.0447001457214355,5.240099906921387,8843,14.659700393676758,1.4932700395584106,0.46786999702453613
2007,7,8,6,0,0.8563230037689209,8.01200008392334,255,6.34499979019165,5.509799957275391,7668,14.659700393676758,1.3501900434494019,0.46274998784065247
2007,7,8,9,0,0.8540989756584167,8.407600402832031,255,6.590400218963623,5.657899856567383,6703,14.659700393676758,1.2277799844741821,0.45416998863220215
2007,7,8,12,0,0.8547350168228149,8.778300285339355,245,6.882400035858154,5.860499858856201,6075,14.659700393676758,1.1409499645233154,0.4382399916648865
2007,7,8,15,0,0.8569909930229187,9.095800399780273,245,7.177599906921387,6.089200019836426,5628,14.659700393676758,1.0765999555587769,0.4215100109577179
2007,7,8,18,0,0.8612629771232605,9.292099952697754,245,7.422599792480469,6.310299873352051,5338,14.659700393676758,1.0365999937057495,0.40536999702453613
2007,7,8,21,0,0.8766180276870728,9.008099555969238,245,7.521100044250488,6.602099895477295,6151,13.326800346374512,1.1382900476455688,0.37957999110221863
2007,7,9,0,0,0.8976539969444275,8.718600273132324,255,7.588500022888184,6.848700046539307,7941,8.274100303649902,1.3259400129318237,0.3415899872779846
2007,7,9,3,0,0.9088460206985474,8.435500144958496,255,7.019899845123291,5.962399959564209,9013,8.274100303649902,1.4417099952697754,0.34825000166893005
2007,7,9,6,0,0.9059799909591675,7.743299961090088,255,6.291299819946289,5.398200035095215,10395,9.101699829101562,1.6216599941253662,0.39107000827789307
2007,7,9,9,0,0.9088169932365417,7.801000118255615,255,6.64139986038208,5.8907999992370605,11913,9.101699829101562,1.732990026473999,0.3563399910926819
2007,7,9,12,0,0.91423499584198,8.030400276184082,255,6.968599796295166,6.257999897003174,12349,9.101699829101562,1.7388700246810913,0.33344000577926636
2007,7,9,15,0,0.9183449745178223,8.198100090026855,255,7.201600074768066,6.528299808502197,12430,9.101699829101562,1.7262599468231201,0.318450003862381
2007,7,9,18,0,0.9235360026359558,8.260600090026855,265,7.3007001876831055,6.621399879455566,12414,9.101699829101562,1.7197999954223633,0.30667999386787415
2007,7,9,21,0,0.9259570240974426,8.175299644470215,265,7.134300231933594,6.332200050354004,12286,9.101699829101562,1.7225600481033325,0.30570998787879944
2007,7,10,0,0,0.9223319888114929,7.918799877166748,265,6.776800155639648,5.911300182342529,12859,9.101699829101562,1.7947399616241455,0.3168100118637085
2007,7,10,3,0,0.9240289926528931,7.827300071716309,275,6.750100135803223,5.922100067138672,14067,9.101699829101562,1.8918999433517456,0.3071900010108948
2007,7,10,6,0,0.9278740286827087,7.910799980163574,275,7.026199817657471,6.33459997177124,14253,8.274100303649902,1.8960299491882324,0.28279000520706177
2007,7,10,9,0,0.9287989735603333,8.029600143432617,275,7.301499843597412,6.754300117492676,13030,8.274100303649902,1.7999199628829956,0.262719988822937
2007,7,10,12,0,0.9233189821243286,8.012399673461914,275,7.303299903869629,6.775899887084961,10606,8.274100303649902,1.6256400346755981,0.26232001185417175
2007,7,10,15,0,0.9118310213088989,7.695499897003174,275,6.478499889373779,5.40939998626709,8271,8.274100303649902,1.4662200212478638,0.29888999462127686
2007,7,10,18,0,0.9044479727745056,7.693399906158447,275,6.558199882507324,5.693999767303467,7196,8.274100303649902,1.3645000457763672,0.32008999586105347
2007,7,10,21,0,0.9101499915122986,7.989999771118164,275,6.883399963378906,6.060100078582764,6904,9.101699829101562,1.3069000244140625,0.32041001319885254
2007,7,11,0,0,0.921750009059906,8.28909969329834,275,6.928699970245361,5.895699977874756,7253,9.101699829101562,1.3096200227737427,0.332830011844635
2007,7,11,3,0,0.9315500259399414,8.054400444030762,275,6.335100173950195,5.2480998039245605,8637,11.013500213623047,1.446660041809082,0.3846200108528137
2007,7,11,6,0,0.9432410001754761,8.306500434875488,275,6.877099990844727,5.923999786376953,10735,12.114999771118164,1.585800051689148,0.3586300015449524
2007,7,11,9,0,0.9516850113868713,8.76449966430664,275,7.612400054931641,6.8053998947143555,12733,12.114999771118164,1.6790599822998047,0.31685999035835266
2007,7,11,12,0,0.954101026058197,9.07859992980957,275,8.101300239562988,7.411200046539307,14269,11.013500213623047,1.7451200485229492,0.287990003824234
2007,7,11,15,0,0.9541550278663635,9.299699783325195,275,8.3774995803833,7.712600231170654,14435,11.013500213623047,1.7323399782180786,0.27327001094818115
2007,7,11,18,0,0.9533190131187439,9.433099746704102,275,8.489800453186035,7.770599842071533,13846,11.013500213623047,1.683210015296936,0.26695001125335693
2007,7,11,21,0,0.9520990252494812,9.527999877929688,275,8.603599548339844,7.887599945068359,13143,11.013500213623047,1.6311800479888916,0.25995999574661255
2007,7,12,0,0,0.9514589905738831,9.524800300598145,275,8.485099792480469,7.497200012207031,12391,11.013500213623047,1.584920048713684,0.2567799985408783
2007,7,12,3,0,0.9442229866981506,9.080499649047852,275,7.505099773406982,6.229300022125244,11878,11.013500213623047,1.5920699834823608,0.30608001351356506
2007,7,12,6,0,0.9359840154647827,8.98449993133545,275,7.581999778747559,6.491799831390381,11253,11.013500213623047,1.5601099729537964,0.3043400049209595
2007,7,12,9,0,0.923820972442627,8.899100303649902,265,7.4542999267578125,6.274499893188477,10490,11.013500213623047,1.5161800384521484,0.300709992647171
2007,7,12,12,0,0.9087370038032532,8.713600158691406,265,7.4274001121521,6.457200050354004,9753,11.013500213623047,1.4802000522613525,0.3041599988937378
2007,7,12,15,0,0.889339029788971,8.480299949645996,265,7.257699966430664,6.364699840545654,8938,10.01200008392334,1.4397000074386597,0.30862998962402344
2007,7,12,18,0,0.8711360096931458,8.315500259399414,265,7.1545000076293945,6.302199840545654,8108,10.01200008392334,1.3874499797821045,0.3072899878025055
2007,7,12,21,0,0.8517709970474243,8.009699821472168,255,6.712900161743164,5.783299922943115,7538,10.01200008392334,1.365820050239563,0.3265799880027771
2007,7,13,0,0,0.8447020053863525,7.963699817657471,255,6.7347002029418945,5.833399772644043,7015,10.01200008392334,1.3225500583648682,0.32023999094963074
2007,7,13,3,0,0.844353973865509,8.003399848937988,255,6.8821001052856445,6.057799816131592,6535,10.01200008392334,1.2735999822616577,0.3104900121688843
2007,7,13,6,0,0.8483960032463074,8.076000213623047,255,7.083899974822998,6.371200084686279,6161,10.01200008392334,1.2308599948883057,0.2995699942111969
2007,7,13,9,0,0.8555700182914734,8.125699996948242,255,7.1996002197265625,6.545899868011475,5901,9.101699829101562,1.200700044631958,0.2933900058269501
2007,7,13,12,0,0.8613089919090271,8.139599800109863,255,7.260700225830078,6.652200222015381,5753,9.101699829101562,1.1848000288009644,0.28891000151634216
2007,7,13,15,0,0.8616949915885925,8.103099822998047,255,7.27209997177124,6.70359992980957,5637,9.101699829101562,1.1761399507522583,0.2843700051307678
2007,7,13,18,0,0.8582379817962646,8.0378999710083,255,7.257699966430664,6.730500221252441,5467,9.101699829101562,1.1637799739837646,0.2800399959087372
2007,7,13,21,0,0.8543429970741272,7.8078999519348145,255,6.71019983291626,5.775599956512451,5249,9.101699829101562,1.1585700511932373,0.2970399856567383
2007,7,14,0,0,0.8484230041503906,7.657100200653076,255,6.54610013961792,5.701499938964844,5067,9.101699829101562,1.1494699716567993,0.3141300082206726
2007,7,14,3,0,0.8388239741325378,7.717100143432617,245,6.810699939727783,6.153900146484375,5010,9.101699829101562,1.1380499601364136,0.3008800148963928
2007,7,14,6,0,0.8328359723091125,7.649099826812744,245,6.8653998374938965,6.331399917602539,5378,8.274100303649902,1.184790015220642,0.2934499979019165
2007,7,14,9,0,0.8347010016441345,7.659200191497803,235,6.964399814605713,6.507500171661377,5830,8.274100303649902,1.233299970626831,0.28231000900268555
2007,7,14,12,0,0.8389390110969543,7.728799819946289,235,7.08650016784668,6.673699855804443,6132,8.274100303649902,1.259160041809082,0.2727299928665161
2007,7,14,15,0,0.8423920273780823,7.788899898529053,225,7.167099952697754,6.776800155639648,6091,8.274100303649902,1.2496800422668457,0.26921001076698303
2007,7,14,18,0,0.8405299782752991,7.8277997970581055,225,7.206699848175049,6.824699878692627,5822,8.274100303649902,1.2181799411773682,0.27011001110076904
2007,7,14,21,0,0.835893988609314,7.847400188446045,225,7.218599796295166,6.83519983291626,5503,8.274100303649902,1.1822500228881836,0.2727600038051605
2007,7,15,0,0,0.8307099938392639,7.852099895477295,225,7.207900047302246,6.8242998123168945,5155,8.274100303649902,1.1430399417877197,0.2785300016403198
2007,7,15,3,0,0.8264859914779663,7.8557000160217285,225,7.173600196838379,6.775100231170654,4762,7.5218000411987305,1.0970900058746338,0.28883999586105347
2007,7,15,6,0,0.8240659832954407,7.863500118255615,225,7.127600193023682,6.70359992980957,4366,7.5218000411987305,1.0484999418258667,0.30177998542785645
2007,7,15,9,0,0.8248440027236938,7.874100208282471,225,7.082200050354004,6.627900123596191,4066,7.5218000411987305,1.009809970855713,0.31387001276016235
2007,7,15,12,0,0.8355770111083984,7.867800235748291,225,7.007599830627441,6.456699848175049,4061,7.5218000411987305,1.0092300176620483,0.3188599944114685
2007,7,15,15,0,0.8620460033416748,7.532199859619141,225,6.416999816894531,5.6118998527526855,4736,8.274100303649902,1.1167999505996704,0.3390499949455261
2007,7,15,18,0,0.8761270046234131,7.331600189208984,215,6.215199947357178,5.433899879455566,5219,8.274100303649902,1.1901700496673584,0.34481000900268555
2007,7,15,21,0,0.8737419843673706,7.111499786376953,215,5.8678998947143555,5.040599822998047,4986,7.5218000411987305,1.181920051574707,0.366210013628006
2007,7,16,0,0,0.8695499897003174,6.941100120544434,215,5.700099945068359,4.915200233459473,4733,7.5218000411987305,1.165779948234558,0.3800100088119507
2007,7,16,3,0,0.8680940270423889,7.052700042724609,215,5.951399803161621,5.242800235748291,4595,7.5218000411987305,1.1387799978256226,0.3652999997138977
2007,7,16,6,0,0.8709729909896851,7.175600051879883,225,6.208199977874756,5.591400146484375,4723,7.5218000411987305,1.1443899869918823,0.3481700122356415
2007,7,16,9,0,0.8815280199050903,7.31689977645874,225,6.4253997802734375,5.852200031280518,5019,7.5218000411987305,1.1686300039291382,0.33131998777389526
2007,7,16,12,0,0.8910980224609375,7.465700149536133,225,6.635700225830078,6.094200134277344,5380,7.5218000411987305,1.1981799602508545,0.3144899904727936
2007,7,16,15,0,0.8957340121269226,7.548600196838379,225,6.758999824523926,6.247200012207031,5459,7.5218000411987305,1.200410008430481,0.3053399920463562
2007,7,16,18,0,0.8955069780349731,7.559999942779541,225,6.774400234222412,6.273799896240234,5195,7.5218000411987305,1.1699299812316895,0.3057900071144104
2007,7,16,21,0,0.8921480178833008,7.533100128173828,225,6.714099884033203,6.188499927520752,4779,7.5218000411987305,1.1237200498580933,0.3125799894332886
2007,7,17,0,0,0.8862929940223694,7.405600070953369,225,6.346199989318848,5.560800075531006,4373,7.5218000411987305,1.0841799974441528,0.33281999826431274
2007,7,17,3,0,0.8789209723472595,7.504700183868408,225,6.548600196838379,5.92110013961792,4000,7.5218000411987305,1.0282800197601318,0.3353999853134155
2007,7,17,6,0,0.8714150190353394,7.562099933624268,225,6.597700119018555,6.009500026702881,3670,7.5218000411987305,0.9797800183296204,0.34373998641967773
2007,7,17,9,0,0.8647140264511108,7.61329984664917,225,6.597799777984619,5.990900039672852,3396,7.5218000411987305,0.9380999803543091,0.3530600070953369
2007,7,17,12,0,0.8590930104255676,7.6682000160217285,225,6.602099895477295,5.972400188446045,3175,6.837800025939941,0.9027699828147888,0.3610599935054779
2007,7,17,15,0,0.8534250259399414,7.723199844360352,225,6.61460018157959,5.964900016784668,3007,6.837800025939941,0.8744699954986572,0.3671000003814697
2007,7,17,18,0,0.8464319705963135,7.779399871826172,225,6.63700008392334,5.970600128173828,2885,11.013500213623047,0.8529199957847595,0.37112000584602356
2007,7,17,21,0,0.8402690291404724,7.843900203704834,235,6.668799877166748,5.986599922180176,2812,11.013500213623047,0.8380600214004517,0.37435999512672424
2007,7,18,0,0,0.8351839780807495,7.879499912261963,235,6.68120002746582,5.994699954986572,2821,11.013500213623047,0.8372099995613098,0.3784399926662445
2007,7,18,3,0,0.8322939872741699,7.848400115966797,235,6.645400047302246,5.970900058746338,2919,11.013500213623047,0.8532599806785583,0.3838900029659271
2007,7,18,6,0,0.8293250203132629,7.839700222015381,235,6.621200084686279,5.940700054168701,3023,11.013500213623047,0.8688600063323975,0.3869900107383728
2007,7,18,9,0,0.8276010155677795,7.865200042724609,235,6.659999847412109,5.970900058746338,3203,11.013500213623047,0.8931000232696533,0.38179999589920044
2007,7,18,12,0,0.8253539800643921,7.8709001541137695,235,6.75570011138916,6.10260009765625,3608,11.013500213623047,0.948390007019043,0.3688099980354309
2007,7,18,15,0,0.8178279995918274,7.889999866485596,235,6.821599960327148,6.208799839019775,3995,10.01200008392334,0.9966899752616882,0.3664799928665161
2007,7,18,18,0,0.809008002281189,8.015199661254883,235,6.889900207519531,6.257900238037109,4127,10.01200008392334,1.0033999681472778,0.37459999322891235
2007,7,18,21,0,0.8043850064277649,8.178000450134277,235,6.97160005569458,6.2789998054504395,4135,10.01200008392334,0.9926699995994568,0.37915000319480896
2007,7,19,0,0,0.8103929758071899,7.821499824523926,245,6.173399925231934,5.199699878692627,4252,10.01200008392334,1.0304900407791138,0.420089989900589
2007,7,19,3,0,0.8165249824523926,7.657299995422363,245,6.115300178527832,5.2657999992370605,4414,10.01200008392334,1.0619499683380127,0.4277400076389313
2007,7,19,6,0,0.8172630071640015,7.790800094604492,245,6.296999931335449,5.461999893188477,4406,10.01200008392334,1.0513800382614136,0.4178600013256073
2007,7,19,9,0,0.8196319937705994,7.99399995803833,245,6.472300052642822,5.603000164031982,4376,10.01200008392334,1.0327099561691284,0.4138300120830536
2007,7,19,12,0,0.8213859796524048,8.034899711608887,255,6.226500034332275,5.138800144195557,4387,10.01200008392334,1.0302599668502808,0.42695000767707825
2007,7,19,15,0,0.8237550258636475,8.046699523925781,255,6.158699989318848,5.096399784088135,4401,9.101699829101562,1.029670000076294,0.4421199858188629
2007,7,19,18,0,0.8218860030174255,7.8744001388549805,255,5.8454999923706055,4.776599884033203,4432,9.101699829101562,1.044819951057434,0.4633899927139282
2007,7,19,21,0,0.7944920063018799,6.793000221252441,245,4.897200107574463,4.0920000076293945,5063,9.101699829101562,1.208109974861145,0.5371500253677368
2007,7,20,0,0,0.7717480063438416,6.4741997718811035,235,4.953499794006348,4.255199909210205,6052,9.101699829101562,1.3574899435043335,0.5171499848365784
2007,7,20,3,0,0.7530329823493958,6.604599952697754,235,5.126500129699707,4.4217000007629395,6272,9.101699829101562,1.3675199747085571,0.5060399770736694
2007,7,20,6,0,0.7412229776382446,6.934000015258789,235,5.399099826812744,4.648099899291992,6069,9.101699829101562,1.3094600439071655,0.5002599954605103
2007,7,20,9,0,0.7291399836540222,7.3592000007629395,235,5.769599914550781,4.962399959564209,5795,9.101699829101562,1.2381399869918823,0.4872500002384186
2007,7,20,12,0,0.7225340008735657,7.617599964141846,245,5.931700229644775,5.055799961090088,5608,9.101699829101562,1.194640040397644,0.4845699965953827
2007,7,20,15,0,0.7205880284309387,7.5447998046875,235,5.723800182342529,4.8292999267578125,5659,9.101699829101562,1.2047899961471558,0.5085999965667725
2007,7,20,18,0,0.726406991481781,7.482999801635742,235,5.6280999183654785,4.748799800872803,5875,12.114999771118164,1.2317800521850586,0.5244799852371216
2007,7,20,21,0,0.7284510135650635,7.084499835968018,235,5.246200084686279,4.424499988555908,6589,12.114999771118164,1.3429100513458252,0.5450699925422668
2007,7,21,0,0,0.7476249933242798,6.650199890136719,225,5.278299808502197,4.588399887084961,10351,6.216100215911865,1.7506699562072754,0.489190012216568
2007,7,21,3,0,0.7209749817848206,7.131400108337402,225,5.722700119018555,4.953100204467773,11849,6.837800025939941,1.8067200183868408,0.456030011177063
2007,7,21,6,0,0.6902049779891968,7.496799945831299,235,5.971399784088135,5.141200065612793,11886,6.837800025939941,1.7594900131225586,0.45465999841690063
2007,7,21,9,0,0.6874579787254333,7.50439977645874,235,5.9303998947143555,5.097700119018555,12234,11.013500213623047,1.7829099893569946,0.46004998683929443
2007,7,21,12,0,0.7024580240249634,7.710999965667725,245,6.148099899291992,5.291399955749512,12357,11.013500213623047,1.7662800550460815,0.44488999247550964
2007,7,21,15,0,0.7222930192947388,8.105999946594238,245,6.602200031280518,5.730999946594238,12300,11.013500213623047,1.7159600257873535,0.42114999890327454
2007,7,21,18,0,0.7438650131225586,8.23449993133545,255,6.689799785614014,5.771900177001953,12440,11.013500213623047,1.711150050163269,0.4178299903869629
2007,7,21,21,0,0.769258975982666,8.277600288391113,255,6.791999816894531,5.889599800109863,12241,11.013500213623047,1.6934900283813477,0.4074600040912628
2007,7,22,0,0,0.7883309721946716,8.288700103759766,255,6.879499912261963,5.998000144958496,11780,11.013500213623047,1.6611499786376953,0.3940800130367279
2007,7,22,3,0,0.7696570158004761,7.5680999755859375,245,5.901400089263916,4.973400115966797,12656,10.01200008392334,1.8067599534988403,0.44628000259399414
2007,7,22,6,0,0.7797459959983826,7.093900203704834,225,5.864200115203857,5.128399848937988,21181,7.5218000411987305,2.4328699111938477,0.4059000015258789
2007,7,22,9,0,0.8376970291137695,7.724699974060059,215,6.660900115966797,5.919400215148926,32392,8.274100303649902,2.886970043182373,0.3353399932384491
2007,7,22,12,0,0.8328049778938293,8.224800109863281,215,7.251699924468994,6.545899868011475,31067,9.101699829101562,2.7347300052642822,0.3060300052165985
2007,7,22,15,0,0.8273969888687134,8.321999549865723,215,7.348400115966797,6.605000019073486,29050,9.101699829101562,2.6293699741363525,0.2951200008392334
2007,7,22,18,0,0.8204389810562134,8.452799797058105,215,7.568999767303467,6.884099960327148,26350,9.101699829101562,2.4842400550842285,0.2799600064754486
2007,7,22,21,0,0.8055160045623779,8.47089958190918,225,7.587699890136719,6.893400192260742,22976,9.101699829101562,2.316230058670044,0.2808600068092346
2007,7,23,0,0,0.7967849969863892,8.550100326538086,225,7.773900032043457,7.2256999015808105,19866,9.101699829101562,2.1413400173187256,0.2786099910736084
2007,7,23,3,0,0.7934579849243164,8.585599899291992,235,7.8144001960754395,7.287700176239014,17218,8.274100303649902,1.986989974975586,0.28485000133514404
2007,7,23,6,0,0.8025280237197876,8.63129997253418,235,7.8765997886657715,7.427199840545654,15095,8.274100303649902,1.8529499769210815,0.29280999302864075
2007,7,23,9,0,0.811710000038147,8.683500289916992,235,7.8968000411987305,7.452899932861328,13574,8.274100303649902,1.7490999698638916,0.3024600148200989
2007,7,23,12,0,0.8257009983062744,8.774999618530273,245,7.943999767303467,7.488100051879883,12654,8.274100303649902,1.676759958267212,0.3108299970626831
2007,7,23,15,0,0.8387050032615662,8.890299797058105,245,8.018199920654297,7.545100212097168,12126,8.274100303649902,1.627619981765747,0.3155600130558014
2007,7,23,18,0,0.8503310084342957,9.004799842834473,245,8.078900337219238,7.549200057983398,11792,8.274100303649902,1.5922499895095825,0.317220002412796
2007,7,23,21,0,0.8591780066490173,9.068499565124512,255,7.986700057983398,7.2758002281188965,11719,8.274100303649902,1.579110026359558,0.32486000657081604
2007,7,24,0,0,0.8711389899253845,8.831199645996094,255,7.16949987411499,6.0100998878479,12170,10.01200008392334,1.6283999681472778,0.36702001094818115
2007,7,24,3,0,0.8764950037002563,8.775300025939941,255,6.9369001388549805,5.749300003051758,12687,10.01200008392334,1.6646699905395508,0.3879300057888031
2007,7,24,6,0,0.878445029258728,8.93120002746582,255,7.170199871063232,6.044099807739258,12847,13.326800346374512,1.6570299863815308,0.3837200105190277
2007,7,24,9,0,0.8820909857749939,9.11240005493164,265,7.480800151824951,6.4430999755859375,12760,13.326800346374512,1.6324800252914429,0.37299999594688416
2007,7,24,12,0,0.886663019657135,9.315699577331543,265,7.691800117492676,6.607100009918213,12478,13.326800346374512,1.5943299531936646,0.36129000782966614
2007,7,24,15,0,0.8892539739608765,9.537400245666504,265,7.955100059509277,6.853099822998047,12124,13.326800346374512,1.5511800050735474,0.34696999192237854
2007,7,24,18,0,0.8907570242881775,9.637399673461914,265,8.012499809265137,6.812300205230713,11806,13.326800346374512,1.521939992904663,0.3400999903678894
2007,7,24,21,0,0.8919039964675903,9.533300399780273,265,7.7444000244140625,6.4156999588012695,11654,12.114999771118164,1.5214099884033203,0.3486100137233734
2007,7,25,0,0,0.890155017375946,8.526000022888184,265,6.355000019073486,5.154099941253662,12320,12.114999771118164,1.66103994846344,0.4308199882507324
2007,7,25,3,0,0.8822550177574158,7.7210001945495605,265,5.903500080108643,4.983799934387207,13850,12.114999771118164,1.8613699674606323,0.46066001057624817
2007,7,25,6,0,0.87950199842453,7.63040018081665,265,6.067599773406982,5.209700107574463,14655,12.114999771118164,1.9329400062561035,0.4337100088596344
2007,7,25,9,0,0.8862169981002808,7.888299942016602,265,6.457900047302246,5.616799831390381,14011,12.114999771118164,1.8594599962234497,0.40417999029159546
2007,7,25,12,0,0.8924919962882996,8.251399993896484,265,6.951700210571289,6.1757001876831055,12708,12.114999771118164,1.7289899587631226,0.37985000014305115
2007,7,25,15,0,0.8915179967880249,8.486100196838379,265,7.176700115203857,6.384300231933594,11130,12.114999771118164,1.592769980430603,0.374889999628067
2007,7,25,18,0,0.8864579796791077,8.446000099182129,265,6.928599834442139,5.967700004577637,9777,11.013500213623047,1.4954700469970703,0.3920699954032898
2007,7,25,21,0,0.8791319727897644,7.658199787139893,265,5.836900234222412,4.883299827575684,9229,11.013500213623047,1.529579997062683,0.4631899893283844
2007,7,26,0,0,0.8694750070571899,6.923999786376953,265,5.386499881744385,4.632500171661377,9896,11.013500213623047,1.6736700534820557,0.4857200086116791
2007,7,26,3,0,0.8623110055923462,6.702300071716309,265,5.353300094604492,4.664700031280518,10336,6.216100215911865,1.743749976158142,0.46988001465797424
2007,7,26,6,0,0.8626239895820618,6.924200057983398,265,5.645100116729736,4.947500228881836,9861,6.216100215911865,1.6758899688720703,0.44343000650405884
2007,7,26,9,0,0.8648210167884827,7.385300159454346,265,6.042200088500977,5.311600208282471,8418,11.013500213623047,1.4940600395202637,0.4371100068092346
2007,7,26,12,0,0.8638020157814026,7.725599765777588,265,6.197299957275391,5.371799945831299,7683,11.013500213623047,1.391160011291504,0.4444499909877777
2007,7,26,15,0,0.8635929822921753,8.177599906921387,265,6.588399887084961,5.693999767303467,7522,10.01200008392334,1.3347599506378174,0.4288400113582611
2007,7,26,18,0,0.865684986114502,8.615799903869629,265,7.007900238037109,6.006899833679199,7648,10.01200008392334,1.3094500303268433,0.4021399915218353
2007,7,26,21,0,0.8705750107765198,8.88640022277832,265,7.276700019836426,6.125100135803223,8082,10.01200008392334,1.3255800008773804,0.37435999512672424
2007,7,27,0,0,0.8751029968261719,9.02340030670166,265,7.463799953460693,6.275300025939941,8690,10.01200008392334,1.3644800186157227,0.35521000623703003
2007,7,27,3,0,0.8785820007324219,9.280099868774414,265,8.003999710083008,6.976900100708008,9401,10.01200008392334,1.398650050163269,0.32374998927116394
2007,7,27,6,0,0.8810700178146362,9.47659969329834,265,8.445500373840332,7.665800094604492,10287,10.01200008392334,1.4469000101089478,0.30024001002311707
2007,7,27,9,0,0.8820840120315552,9.568599700927734,265,8.643699645996094,8,11116,10.01200008392334,1.4963200092315674,0.28881001472473145
2007,7,27,12,0,0.8819620013237,9.560600280761719,265,8.651100158691406,8.050399780273438,11611,10.01200008392334,1.5301599502563477,0.2874299883842468
2007,7,27,15,0,0.8812010288238525,9.537300109863281,265,8.61520004272461,7.998600006103516,11626,10.01200008392334,1.5335500240325928,0.28762000799179077
2007,7,27,18,0,0.8808000087738037,9.499099731445312,265,8.502799987792969,7.7245001792907715,11278,10.01200008392334,1.51419997215271,0.2883000075817108
2007,7,27,21,0,0.8792250156402588,9.229900360107422,265,7.773499965667725,6.535200119018555,10835,10.01200008392334,1.5071899890899658,0.31556999683380127
2007,7,28,0,0,0.8771960139274597,9.206999778747559,265,7.848199844360352,6.741399765014648,10302,10.01200008392334,1.4715800285339355,0.31547999382019043
2007,7,28,3,0,0.8745279908180237,9.337699890136719,265,8.1673002243042,7.220699787139893,9766,10.01200008392334,1.4220800399780273,0.3012399971485138
2007,7,28,6,0,0.8706439733505249,9.438699722290039,265,8.390600204467773,7.572700023651123,9389,10.01200008392334,1.386139988899231,0.2916400134563446
2007,7,28,9,0,0.867035984992981,9.507599830627441,265,8.536199569702148,7.802199840545654,9120,10.01200008392334,1.3608200550079346,0.2846199870109558
2007,7,28,12,0,0.865073025226593,9.50529956817627,265,8.53689956665039,7.7667999267578125,8936,10.01200008392334,1.3475600481033325,0.2815299928188324
2007,7,28,15,0,0.8651840090751648,9.263400077819824,265,8.046199798583984,6.999499797821045,8871,10.01200008392334,1.3619799613952637,0.3000899851322174
2007,7,28,18,0,0.8632339835166931,8.858099937438965,265,7.283299922943115,6.050899982452393,8779,10.01200008392334,1.3880300521850586,0.3358300030231476
2007,7,28,21,0,0.8543850183486938,8.24269962310791,265,6.46019983291626,5.330399990081787,8779,10.01200008392334,1.4420599937438965,0.3885299861431122
2007,7,29,0,0,0.8431400060653687,7.848400115966797,265,6.181000232696533,5.187099933624268,8969,10.01200008392334,1.4968600273132324,0.4066700041294098
2007,7,29,3,0,0.8393430113792419,7.926400184631348,265,6.414299964904785,5.475500106811523,8775,10.01200008392334,1.4737199544906616,0.39045000076293945
2007,7,29,6,0,0.845238983631134,8.207599639892578,265,6.86359977722168,5.989500045776367,8323,9.101699829101562,1.4095499515533447,0.36388999223709106
2007,7,29,9,0,0.8517040014266968,8.187199592590332,265,6.710899829864502,5.707699775695801,7980,9.101699829101562,1.3822100162506104,0.366890013217926
2007,7,29,12,0,0.8592140078544617,7.781899929046631,265,6.383900165557861,5.513599872589111,8351,9.101699829101562,1.452970027923584,0.3857400119304657
2007,7,29,15,0,0.8610619902610779,7.928599834442139,265,6.704500198364258,5.950099945068359,8043,9.101699829101562,1.4120299816131592,0.3680399954319
2007,7,29,18,0,0.8661029934883118,8.146599769592285,265,6.9629998207092285,6.1855998039245605,7795,9.101699829101562,1.370519995689392,0.35089999437332153
2007,7,29,21,0,0.8789780139923096,8.263899803161621,265,7.041900157928467,6.132599830627441,8421,9.101699829101562,1.4150700569152832,0.334850013256073
2007,7,30,0,0,0.8926360011100769,8.1806001663208,265,6.848100185394287,5.854599952697754,9619,9.101699829101562,1.521939992904663,0.33726000785827637
2007,7,30,3,0,0.8999729752540588,8.063599586486816,265,6.6631999015808105,5.655399799346924,10529,9.101699829101562,1.6051700115203857,0.3452000021934509
2007,7,30,6,0,0.902321994304657,7.983099937438965,265,6.649199962615967,5.7210001945495605,11031,9.101699829101562,1.6518700122833252,0.34828999638557434
2007,7,30,9,0,0.9057369828224182,8.05210018157959,265,6.862400054931641,6.025000095367432,11311,9.101699829101562,1.665310025215149,0.33608001470565796
2007,7,30,12,0,0.9089919924736023,8.20359992980957,265,7.04580020904541,6.2052998542785645,11316,9.101699829101562,1.6491899490356445,0.3264400064945221
2007,7,30,15,0,0.9126160144805908,8.416199684143066,265,7.343299865722656,6.544300079345703,11179,9.101699829101562,1.6170099973678589,0.31161999702453613
2007,7,30,18,0,0.9141449928283691,8.43340015411377,265,7.2581000328063965,6.337900161743164,10986,9.101699829101562,1.60139000415802,0.31520000100135803
2007,7,30,21,0,0.9133049845695496,8.018400192260742,265,6.55019998550415,5.531199932098389,10947,9.101699829101562,1.641610026359558,0.35813000798225403
2007,7,31,0,0,0.9072620272636414,7.269599914550781,275,5.8520002365112305,5.023900032043457,11736,9.101699829101562,1.7900500297546387,0.4046800136566162
2007,7,31,3,0,0.9037079811096191,7.174600124359131,275,5.86299991607666,5.065100193023682,11457,10.01200008392334,1.782639980316162,0.3946399986743927
2007,7,31,6,0,0.9053900241851807,7.392399787902832,275,6.263199806213379,5.541999816894531,10415,10.01200008392334,1.673949956893921,0.36618998646736145
2007,7,31,9,0,0.9075149893760681,7.593800067901611,275,6.583199977874756,5.934100151062012,9230,10.01200008392334,1.5539000034332275,0.34957000613212585
2007,7,31,12,0,0.9048439860343933,7.695400238037109,275,6.69320011138916,6.071499824523926,8149,10.01200008392334,1.448830008506775,0.355569988489151
2007,7,31,15,0,0.8988360166549683,7.808899879455566,265,6.7565999031066895,6.125699996948242,7184,9.101699829101562,1.3481099605560303,0.371069997549057
2007,7,31,18,0,0.8941540122032166,7.958799839019775,265,6.819799900054932,6.146900177001953,6294,9.101699829101562,1.247230052947998,0.3867399990558624
2007,7,31,21,0,0.8898820281028748,7.812399864196777,265,6.304900169372559,5.348299980163574,5656,9.101699829101562,1.1926900148391724,0.418040007352829
2007,8,1,0,0,0.8816980123519897,6.498499870300293,265,4.992700099945068,4.273900032043457,6358,9.101699829101562,1.3925199508666992,0.5053200125694275
2007,8,1,3,0,0.869638979434967,6.42609977722168,275,5.094900131225586,4.424300193786621,6542,9.101699829101562,1.4212000370025635,0.48723000288009644
2007,8,1,6,0,0.8668000102043152,6.666200160980225,265,5.331999778747559,4.655399799346924,6001,6.216100215911865,1.3327699899673462,0.4869399964809418
2007,8,1,9,0,0.8712040185928345,6.961900234222412,265,5.619999885559082,4.939799785614014,5549,6.216100215911865,1.2505899667739868,0.4860300123691559
2007,8,1,12,0,0.8769429922103882,7.199699878692627,265,5.896699905395508,5.239200115203857,5266,6.216100215911865,1.1963000297546387,0.47696998715400696
2007,8,1,15,0,0.8787440061569214,7.399600028991699,265,6.0782999992370605,5.410900115966797,5015,17.73889923095703,1.1499600410461426,0.47383999824523926
2007,8,1,18,0,0.8798679709434509,7.238900184631348,265,5.689799785614014,4.865799903869629,4743,17.73889923095703,1.1315799951553345,0.4905500113964081
2007,8,1,21,0,0.8855109810829163,6.444699764251709,265,5.0121002197265625,4.319200038909912,5648,6.216100215911865,1.315310001373291,0.5148400068283081
2007,8,2,0,0,0.8860620260238647,6.486499786376953,265,5.172100067138672,4.496300220489502,6991,6.216100215911865,1.4602899551391602,0.4852199852466583
2007,8,2,3,0,0.8831239938735962,6.8358001708984375,265,5.422599792480469,4.6869001388549805,7594,16.125999450683594,1.4781800508499146,0.48177000880241394
2007,8,2,6,0,0.8897619843482971,7.278500080108643,255,5.859799861907959,5.108399868011475,8255,16.125999450683594,1.489009976387024,0.4659300148487091
2007,8,2,9,0,0.8982599973678589,7.53410005569458,255,6.1981000900268555,5.457600116729736,9186,16.125999450683594,1.5435099601745605,0.44117000699043274
2007,8,2,12,0,0.9014120101928711,7.5945000648498535,255,6.314499855041504,5.572400093078613,9628,16.125999450683594,1.5759199857711792,0.4237299859523773
2007,8,2,15,0,0.9031350016593933,7.541999816894531,255,6.19379997253418,5.408400058746338,8829,8.274100303649902,1.5149799585342407,0.428710013628006
2007,8,2,18,0,0.9054319858551025,7.252399921417236,255,5.833099842071533,5.0329999923706055,8155,9.101699829101562,1.487380027770996,0.4436799883842468
2007,8,2,21,0,0.907833993434906,7.1407999992370605,255,5.656799793243408,4.8460001945495605,7448,9.101699829101562,1.4328399896621704,0.4544000029563904
2007,8,3,0,0,0.9054229855537415,7.198299884796143,255,5.616499900817871,4.781799793243408,6891,9.101699829101562,1.3702399730682373,0.46604999899864197
2007,8,3,3,0,0.9060800075531006,7.718599796295166,255,6.078800201416016,5.187699794769287,6302,8.274100303649902,1.2596700191497803,0.45208999514579773
2007,8,3,6,0,0.9104769825935364,8.14169979095459,245,6.458799839019775,5.524400234222412,6027,14.659700393676758,1.1946099996566772,0.44165998697280884
2007,8,3,9,0,0.9123280048370361,8.253100395202637,245,6.570199966430664,5.6479997634887695,6007,14.659700393676758,1.1821999549865723,0.4435499906539917
2007,8,3,12,0,0.9124789834022522,8.198100090026855,245,6.5370001792907715,5.64769983291626,6003,14.659700393676758,1.1851099729537964,0.44988998770713806
2007,8,3,15,0,0.9129440188407898,8.1451997756958,245,6.507500171661377,5.64900016784668,5785,14.659700393676758,1.1669700145721436,0.4542900025844574
2007,8,3,18,0,0.9137930274009705,8.073100090026855,245,6.45989990234375,5.615699768066406,5411,8.274100303649902,1.1340800523757935,0.456169992685318
2007,8,3,21,0,0.9155229926109314,7.937399864196777,245,6.374599933624268,5.551199913024902,5071,8.274100303649902,1.108549952507019,0.4563399851322174
2007,8,4,0,0,0.9126549959182739,7.4720001220703125,245,5.770400047302246,4.8780999183654785,4993,8.274100303649902,1.137220025062561,0.47953999042510986
2007,8,4,3,0,0.9049670100212097,7.155399799346924,245,5.63070011138916,4.843599796295166,5247,7.5218000411987305,1.1945099830627441,0.4792200028896332
2007,8,4,6,0,0.8916910290718079,6.9191999435424805,255,5.619800090789795,4.927499771118164,6048,7.5218000411987305,1.3082900047302246,0.45945000648498535
2007,8,4,9,0,0.8897449970245361,7.063899993896484,255,5.981500148773193,5.375199794769287,6912,6.837800025939941,1.3867199420928955,0.41721001267433167
2007,8,4,12,0,0.8831369876861572,7.24399995803833,255,6.238699913024902,5.66379976272583,7203,6.837800025939941,1.398319959640503,0.39469000697135925
2007,8,4,15,0,0.878840982913971,7.371799945831299,265,6.473299980163574,5.949999809265137,7804,7.5218000411987305,1.4449100494384766,0.3671799898147583
2007,8,4,18,0,0.8800519704818726,7.508900165557861,265,6.696000099182129,6.213399887084961,8183,7.5218000411987305,1.4677499532699585,0.3423599898815155
2007,8,4,21,0,0.8749729990959167,7.538899898529053,265,6.752600193023682,6.286300182342529,7924,7.5218000411987305,1.442080020904541,0.3343900144100189
2007,8,5,0,0,0.8706700205802917,7.562099933624268,275,6.763400077819824,6.285999774932861,7277,7.5218000411987305,1.3792699575424194,0.3347899913787842
2007,8,5,3,0,0.873852014541626,7.503600120544434,275,6.633999824523926,6.064599990844727,7016,7.5218000411987305,1.3601800203323364,0.3384299874305725
2007,8,5,6,0,0.8923259973526001,7.440400123596191,275,6.640200138092041,6.1184000968933105,8364,7.5218000411987305,1.495110034942627,0.32109999656677246
2007,8,5,9,0,0.8977689743041992,7.5671000480651855,275,6.84630012512207,6.389599800109863,9140,7.5218000411987305,1.5509799718856812,0.3021700084209442
2007,8,5,12,0,0.8935049772262573,7.617700099945068,275,6.888500213623047,6.440000057220459,8475,7.5218000411987305,1.48757004737854,0.30441999435424805
2007,8,5,15,0,0.8898969888687134,7.618100166320801,275,6.842400074005127,6.372399806976318,7624,7.5218000411987305,1.409600019454956,0.3144800066947937
2007,8,5,18,0,0.8870459794998169,7.657100200653076,275,6.825900077819824,6.324699878692627,6877,6.837800025939941,1.333840012550354,0.32374998927116394
2007,8,5,21,0,0.8842949867248535,7.681000232696533,275,6.667799949645996,5.968900203704834,6252,6.837800025939941,1.2685799598693848,0.3373199999332428
2007,8,6,0,0,0.885017991065979,7.2170000076293945,275,5.759399890899658,4.873499870300293,6241,10.01200008392334,1.308609962463379,0.3984299898147583
2007,8,6,3,0,0.8866339921951294,7.356299877166748,275,5.99970006942749,5.167200088500977,6453,10.01200008392334,1.3169900178909302,0.38736000657081604
2007,8,6,6,0,0.8940240144729614,7.655700206756592,285,6.49370002746582,5.749100208282471,6858,9.101699829101562,1.3302700519561768,0.35495999455451965
2007,8,6,9,0,0.904600977897644,7.842599868774414,285,6.864299774169922,6.201600074768066,7765,9.101699829101562,1.4000600576400757,0.321370005607605
2007,8,6,12,0,0.9133300185203552,7.962200164794922,285,7.143099784851074,6.582300186157227,8837,9.101699829101562,1.4842599630355835,0.29346001148223877
2007,8,6,15,0,0.916297972202301,7.998199939727783,285,7.247300148010254,6.747300148010254,9096,9.101699829101562,1.5035300254821777,0.2827700078487396
2007,8,6,18,0,0.915992021560669,7.97599983215332,285,7.239999771118164,6.759799957275391,8615,9.101699829101562,1.465630054473877,0.282260000705719
2007,8,6,21,0,0.9132090210914612,7.914299964904785,285,7.0868000984191895,6.470699787139893,7721,9.101699829101562,1.3933000564575195,0.28946998715400696
2007,8,7,0,0,0.9081209897994995,7.866300106048584,285,6.948999881744385,6.240799903869629,6760,9.101699829101562,1.3077000379562378,0.2997699975967407
2007,8,7,3,0,0.9030140042304993,7.9105000495910645,275,7.0721001625061035,6.494100093841553,6011,9.101699829101562,1.2291799783706665,0.30072999000549316
2007,8,7,6,0,0.897229015827179,7.928100109100342,275,7.1371002197265625,6.618299961090088,5770,9.101699829101562,1.2033100128173828,0.2983799874782562
2007,8,7,9,0,0.8916019797325134,7.93179988861084,285,7.204100131988525,6.728300094604492,5947,9.101699829101562,1.2222399711608887,0.2895500063896179
2007,8,7,12,0,0.8824149966239929,7.892600059509277,285,7.185100078582764,6.736499786376953,5787,8.274100303649902,1.2088600397109985,0.2917500138282776
2007,8,7,15,0,0.869691014289856,7.859099864959717,275,7.104899883270264,6.645299911499023,5232,8.274100303649902,1.150670051574707,0.3085100054740906
2007,8,7,18,0,0.8560680150985718,7.872200012207031,275,7.030300140380859,6.532800197601318,4669,8.274100303649902,1.084220051765442,0.3327299952507019
2007,8,7,21,0,0.8435720205307007,7.928599834442139,275,6.980899810791016,6.428699970245361,4240,8.274100303649902,1.0272400379180908,0.3581799864768982
2007,8,8,0,0,0.8350859880447388,7.989999771118164,265,6.94290018081665,6.331999778747559,3931,8.274100303649902,0.9834100008010864,0.3797000050544739
2007,8,8,3,0,0.8341699838638306,7.987500190734863,265,6.894999980926514,6.274199962615967,3746,8.274100303649902,0.9590399861335754,0.3940800130367279
2007,8,8,6,0,0.8346959948539734,7.868299961090088,265,6.796000003814697,6.2027997970581055,3800,8.274100303649902,0.9735699892044067,0.3988499939441681
2007,8,8,9,0,0.8353260159492493,7.742099761962891,275,6.7083001136779785,6.137599945068359,4117,8.274100303649902,1.0225900411605835,0.39598000049591064
2007,8,8,12,0,0.8360949754714966,7.673399925231934,275,6.632699966430664,6.055699825286865,4666,8.274100303649902,1.0937399864196777,0.3977600038051605
2007,8,8,15,0,0.8354939818382263,7.699900150299072,275,6.610599994659424,5.993899822235107,5528,7.5218000411987305,1.187980055809021,0.40101999044418335
2007,8,8,18,0,0.8318679928779602,7.807700157165527,275,6.608099937438965,5.8927001953125,6472,8.274100303649902,1.275339961051941,0.40529000759124756
2007,8,8,21,0,0.8259040117263794,7.986599922180176,275,6.681300163269043,5.88070011138916,7030,8.274100303649902,1.312250018119812,0.4060699939727783
2007,8,9,0,0,0.8250939846038818,7.855299949645996,275,6.270100116729736,5.30620002746582,7368,8.274100303649902,1.3549000024795532,0.4252699911594391
2007,8,9,3,0,0.827983021736145,7.849400043487549,275,6.28380012512207,5.338500022888184,7471,8.274100303649902,1.3651700019836426,0.42065998911857605
2007,8,9,6,0,0.834185004234314,7.904699802398682,275,6.510900020599365,5.66949987411499,7706,9.101699829101562,1.3819199800491333,0.40338999032974243
2007,8,9,9,0,0.8364459872245789,8.043700218200684,275,6.763400077819824,5.989799976348877,8097,9.101699829101562,1.4035199880599976,0.38760000467300415
2007,8,9,12,0,0.8286979794502258,8.319299697875977,275,7.046199798583984,6.264800071716309,8285,9.101699829101562,1.3932299613952637,0.3775100111961365
2007,8,9,15,0,0.8172720074653625,8.612700462341309,275,7.311600208282471,6.484600067138672,8333,9.101699829101562,1.3703900575637817,0.3685300052165985
2007,8,9,18,0,0.8098340034484863,8.759400367736816,275,7.386099815368652,6.445099830627441,8273,9.101699829101562,1.3529499769210815,0.3621399998664856
2007,8,9,21,0,0.8082699775695801,8.724499702453613,275,7.235300064086914,6.157400131225586,8050,9.101699829101562,1.3382699489593506,0.3613100051879883
2007,8,10,0,0,0.810371994972229,8.655699729919434,275,7.157899856567383,6.06279993057251,7669,9.101699829101562,1.312980055809021,0.35749000310897827
2007,8,10,3,0,0.8101930022239685,8.712800025939941,275,7.3043999671936035,6.22599983215332,7175,9.101699829101562,1.266569972038269,0.3431299924850464
2007,8,10,6,0,0.803521990776062,8.857799530029297,275,7.650000095367432,6.735300064086914,6720,9.101699829101562,1.2148900032043457,0.32747000455856323
2007,8,10,9,0,0.7913730144500732,8.928000450134277,265,7.758600234985352,6.9008002281188965,6400,9.101699829101562,1.1793999671936035,0.32743000984191895
2007,8,10,12,0,0.7867940068244934,8.825400352478027,265,7.582200050354004,6.739799976348877,6278,9.101699829101562,1.1735999584197998,0.3462800085544586
2007,8,10,15,0,0.7820280194282532,8.70419979095459,265,7.408299922943115,6.577000141143799,6177,9.101699829101562,1.1713800430297852,0.36305001378059387
2007,8,10,18,0,0.7800210118293762,8.594799995422363,265,7.2804999351501465,6.470399856567383,6005,8.274100303649902,1.1622300148010254,0.3743799924850464
2007,8,10,21,0,0.7838640213012695,8.440400123596191,265,7.085599899291992,6.2600998878479,5841,8.274100303649902,1.1572799682617188,0.38515999913215637
2007,8,11,0,0,0.7872840166091919,8.284199714660645,265,6.796999931335449,5.842700004577637,5586,8.274100303649902,1.1435500383377075,0.3942300081253052
2007,8,11,3,0,0.7875450253486633,8.26990032196045,265,6.785200119018555,5.837299823760986,5274,8.274100303649902,1.1123700141906738,0.3937000036239624
2007,8,11,6,0,0.7862889766693115,8.291999816894531,265,6.740499973297119,5.769599914550781,5140,8.274100303649902,1.0957599878311157,0.4006499946117401
2007,8,11,9,0,0.7848359942436218,8.361000061035156,255,6.758900165557861,5.783699989318848,5220,8.274100303649902,1.0980499982833862,0.4095099866390228
2007,8,11,12,0,0.7838900089263916,8.486700057983398,255,6.844099998474121,5.859300136566162,5250,8.274100303649902,1.091249942779541,0.4145500063896179
2007,8,11,15,0,0.7819539904594421,8.616999626159668,255,6.980299949645996,5.993899822235107,5134,8.274100303649902,1.069849967956543,0.4120999872684479
2007,8,11,18,0,0.7811440229415894,8.724100112915039,255,7.112400054931641,6.105800151824951,4934,8.274100303649902,1.0419600009918213,0.4020799994468689
2007,8,11,21,0,0.7820640206336975,8.77750015258789,255,7.122900009155273,6.014100074768066,4725,8.274100303649902,1.0165799856185913,0.39142999053001404
2007,8,12,0,0,0.7826390266418457,8.850299835205078,255,7.238999843597412,6.140200138092041,4502,12.114999771118164,0.9876099824905396,0.3822399973869324
2007,8,12,3,0,0.7816780209541321,8.953499794006348,255,7.42549991607666,6.4054999351501465,4263,12.114999771118164,0.954509973526001,0.3773699998855591
2007,8,12,6,0,0.7801070213317871,9.027799606323242,255,7.492300033569336,6.494200229644775,4072,12.114999771118164,0.9277899861335754,0.3811599910259247
2007,8,12,9,0,0.7792620062828064,9.022899627685547,255,7.3927998542785645,6.378499984741211,3977,16.125999450683594,0.9160599708557129,0.39419999718666077
2007,8,12,12,0,0.778764009475708,8.964699745178223,255,7.241099834442139,6.205100059509277,3910,16.125999450683594,0.9107900261878967,0.4064599871635437
2007,8,12,15,0,0.7768629789352417,8.94629955291748,255,7.1809000968933105,6.124000072479248,3760,16.125999450683594,0.8940399885177612,0.4088999927043915
2007,8,12,18,0,0.7730780243873596,8.957799911499023,245,7.183599948883057,6.110300064086914,3565,11.013500213623047,0.8699600100517273,0.40575000643730164
2007,8,12,21,0,0.7696139812469482,8.965399742126465,245,7.1894001960754395,6.1016998291015625,3350,11.013500213623047,0.8428900241851807,0.4021199941635132
2007,8,13,0,0,0.767570972442627,8.878700256347656,245,6.948599815368652,5.719099998474121,3151,11.013500213623047,0.8216699957847595,0.4056999981403351
2007,8,13,3,0,0.7685049772262573,8.90880012512207,245,7.067399978637695,5.923900127410889,3040,14.659700393676758,0.8055099844932556,0.40185999870300293
2007,8,13,6,0,0.7765219807624817,8.961700439453125,245,7.252500057220459,6.156300067901611,3167,14.659700393676758,0.8209199905395508,0.38543999195098877
2007,8,13,9,0,0.7954970002174377,8.976900100708008,255,7.521900177001953,6.509900093078613,3643,14.659700393676758,0.8829100131988525,0.35447999835014343
2007,8,13,12,0,0.8177310228347778,8.910599708557129,255,7.723400115966797,6.852700233459473,4292,10.01200008392334,0.9659199714660645,0.3258900046348572
2007,8,13,15,0,0.8267959952354431,8.798600196838379,255,7.782599925994873,7.043900012969971,4787,9.101699829101562,1.0294599533081055,0.31077998876571655
2007,8,13,18,0,0.825078010559082,8.661800384521484,265,7.747099876403809,7.1092000007629395,5040,8.274100303649902,1.0667400360107422,0.30445000529289246
2007,8,13,21,0,0.8223609924316406,8.503899574279785,265,7.617400169372559,6.977099895477295,5183,8.274100303649902,1.0935300588607788,0.30219000577926636
2007,8,14,0,0,0.818274974822998,7.535200119018555,265,5.8871002197265625,4.86269998550415,5528,8.274100303649902,1.2041499614715576,0.39342001080513
2007,8,14,3,0,0.8132809996604919,7.053999900817871,265,5.5391998291015625,4.671500205993652,5895,8.274100303649902,1.2877899408340454,0.41738998889923096
2007,8,14,6,0,0.8073490262031555,7.266600131988525,265,5.921299934387207,5.0970001220703125,5649,8.274100303649902,1.2412699460983276,0.39142000675201416
2007,8,14,9,0,0.8030869960784912,7.536399841308594,275,6.329400062561035,5.554699897766113,5282,8.274100303649902,1.177649974822998,0.3667699992656708
2007,8,14,12,0,0.7989839911460876,7.742000102996826,275,6.616099834442139,5.864500045776367,4875,8.274100303649902,1.1157000064849854,0.34940001368522644
2007,8,14,15,0,0.7926369905471802,7.865600109100342,275,6.793700218200684,6.066199779510498,4393,8.274100303649902,1.0504599809646606,0.34018999338150024
2007,8,14,18,0,0.7827669978141785,7.918600082397461,275,6.871300220489502,6.166999816894531,3910,8.274100303649902,0.9873200058937073,0.3393099904060364
2007,8,14,21,0,0.773015022277832,7.945199966430664,265,6.893899917602539,6.204999923706055,3495,8.274100303649902,0.9311400055885315,0.34477999806404114
2007,8,15,0,0,0.76180100440979,7.790500164031982,265,6.386300086975098,5.369900226593018,3222,8.274100303649902,0.9026299715042114,0.3699299991130829
2007,8,15,3,0,0.7501279711723328,7.6774001121521,265,6.178599834442139,5.224599838256836,3072,8.274100303649902,0.8862400054931641,0.3994100093841553
2007,8,15,6,0,0.7391539812088013,7.723299980163574,255,6.211900234222412,5.303999900817871,2931,8.274100303649902,0.861050009727478,0.4115999937057495
2007,8,15,9,0,0.7330620288848877,7.877299785614014,255,6.369699954986572,5.469799995422363,2750,8.274100303649902,0.8241299986839294,0.4110499918460846
2007,8,15,12,0,0.7277839779853821,8.036800384521484,255,6.565100193023682,5.673500061035156,2532,8.274100303649902,0.7819899916648865,0.4041900038719177
2007,8,15,15,0,0.7239519953727722,8.129899978637695,255,6.724100112915039,5.867300033569336,2297,8.274100303649902,0.7404599785804749,0.3977299928665161
2007,8,15,18,0,0.7226899862289429,8.168700218200684,255,6.825500011444092,6.015900135040283,2071,8.274100303649902,0.7016500234603882,0.3949800133705139
2007,8,15,21,0,0.724494993686676,8.042099952697754,255,6.39109992980957,5.283199787139893,1896,8.274100303649902,0.6776800155639648,0.4088999927043915
2007,8,16,0,0,0.7342519760131836,7.023799896240234,255,4.9670000076293945,4.057700157165527,1949,7.5218000411987305,0.7371699810028076,0.5184400081634521
2007,8,16,3,0,0.7286990284919739,7.206999778747559,255,5.186399936676025,4.243599891662598,1972,13.326800346374512,0.7307500243186951,0.5057100057601929
2007,8,16,6,0,0.7309880256652832,7.668600082397461,245,5.782599925994873,4.8018999099731445,2036,13.326800346374512,0.7174199819564819,0.46799999475479126
2007,8,16,9,0,0.736312985420227,7.966599941253662,245,6.23859977722168,5.264800071716309,2175,13.326800346374512,0.7260800004005432,0.43751001358032227
2007,8,16,12,0,0.7497460246086121,8.169400215148926,235,6.594900131225586,5.667099952697754,2400,13.326800346374512,0.7522799968719482,0.4141499996185303
2007,8,16,15,0,0.7587630152702332,8.219599723815918,235,6.829699993133545,6.003799915313721,2562,13.326800346374512,0.7753400206565857,0.39590999484062195
2007,8,16,18,0,0.7614480257034302,8.188300132751465,235,6.954400062561035,6.242199897766113,2637,13.326800346374512,0.7892799973487854,0.38411998748779297
2007,8,16,21,0,0.7588040232658386,8.053899765014648,235,6.761899948120117,5.9182000160217285,2607,13.326800346374512,0.7930700182914734,0.3837699890136719
2007,8,17,0,0,0.7729690074920654,6.690100193023682,235,5.00570011138916,4.195899963378906,2891,13.326800346374512,0.9227100014686584,0.49094000458717346
2007,8,17,3,0,0.7824259996414185,6.271200180053711,235,4.88670015335083,4.205399990081787,3293,11.013500213623047,1.021299958229065,0.48392000794410706
2007,8,17,6,0,0.8118630051612854,6.305099964141846,225,5.176400184631348,4.548600196838379,3853,6.216100215911865,1.1045199632644653,0.43404000997543335
2007,8,17,9,0,0.8483099937438965,6.6605000495910645,225,5.741099834442139,5.142300128936768,4844,6.837800025939941,1.207129955291748,0.3646300137042999
2007,8,17,12,0,0.863303005695343,6.786900043487549,225,5.7769999504089355,5.042099952697754,5800,6.837800025939941,1.3109699487686157,0.34310001134872437
2007,8,17,15,0,0.8747640252113342,6.7855000495910645,225,5.789700031280518,5.074999809265137,6973,7.5218000411987305,1.4389599561691284,0.334850013256073
2007,8,17,18,0,0.8851550221443176,6.798099994659424,215,5.783899784088135,5.061699867248535,8549,7.5218000411987305,1.5932300090789795,0.33044999837875366
2007,8,17,21,0,0.8874310255050659,6.884699821472168,215,5.841599941253662,5.103099822998047,9356,8.274100303649902,1.6561299562454224,0.32903000712394714
2007,8,18,0,0,0.889303982257843,7.107999801635742,215,6.122600078582764,5.401899814605713,8959,8.274100303649902,1.5938400030136108,0.3143399953842163
2007,8,18,3,0,0.8888760209083557,7.357399940490723,225,6.490900039672852,5.829400062561035,7880,8.274100303649902,1.4682899713516235,0.2925800085067749
2007,8,18,6,0,0.8866710066795349,7.393899917602539,225,6.569300174713135,5.929100036621094,6681,8.274100303649902,1.348479986190796,0.2880299985408783
2007,8,18,9,0,0.8798480033874512,7.353600025177002,225,6.586100101470947,6.019700050354004,5563,8.274100303649902,1.2334200143814087,0.2917900085449219
2007,8,18,12,0,0.8699920177459717,7.271900177001953,225,6.464900016784668,5.86929988861084,4705,7.5218000411987305,1.1399699449539185,0.306659996509552
2007,8,18,15,0,0.8615850210189819,7.181399822235107,225,6.331600189208984,5.729300022125244,4072,7.5218000411987305,1.0665600299835205,0.3248099982738495
2007,8,18,18,0,0.8550289869308472,7.126399993896484,225,6.266900062561035,5.695199966430664,3615,7.5218000411987305,1.0080499649047852,0.3396500051021576
2007,8,18,21,0,0.8511970043182373,7.011199951171875,235,6.006700038909912,5.295100212097168,3278,7.5218000411987305,0.9677799940109253,0.35813000798225403
2007,8,19,0,0,0.847582995891571,6.75600004196167,235,5.591599941253662,4.836299896240234,3061,7.5218000411987305,0.9529799818992615,0.3910300135612488
2007,8,19,3,0,0.8486199975013733,6.7519001960754395,235,5.657199859619141,4.951399803161621,2883,6.837800025939941,0.9248899817466736,0.390749990940094
2007,8,19,6,0,0.8516870141029358,6.770899772644043,235,5.783299922943115,5.1595001220703125,2786,6.837800025939941,0.9077600240707397,0.38464999198913574
2007,8,19,9,0,0.8517330288887024,6.767399787902832,235,5.833700180053711,5.2571001052856445,2665,6.837800025939941,0.8878300189971924,0.3837200105190277
2007,8,19,12,0,0.849032998085022,6.77370023727417,235,5.853600025177002,5.299200057983398,2519,6.837800025939941,0.8624200224876404,0.3881399929523468
2007,8,19,15,0,0.8500789999961853,6.787399768829346,245,5.864999771118164,5.326200008392334,2402,6.837800025939941,0.8404899835586548,0.39614999294281006
2007,8,19,18,0,0.851294994354248,6.793799877166748,245,5.855999946594238,5.329100131988525,2297,6.837800025939941,0.8204699754714966,0.4081200063228607
2007,8,19,21,0,0.8514310121536255,6.80049991607666,245,5.808000087738037,5.260799884796143,2160,6.837800025939941,0.794160008430481,0.42500001192092896
2007,8,20,0,0,0.8518120050430298,6.673399925231934,245,5.411799907684326,4.665200233459473,2021,6.837800025939941,0.7751799821853638,0.4572399854660034
2007,8,20,3,0,0.8519819974899292,6.831299781799316,245,5.652100086212158,5.020199775695801,1874,6.837800025939941,0.7355999946594238,0.4663499891757965
2007,8,20,6,0,0.8562819957733154,6.994200229644775,245,5.791200160980225,5.186699867248535,1820,6.216100215911865,0.7146999835968018,0.47363001108169556
2007,8,20,9,0,0.8756840229034424,7.48390007019043,245,6.163700103759766,5.499499797821045,2142,6.216100215911865,0.7468699812889099,0.45614001154899597
2007,8,20,12,0,0.904433012008667,8.318900108337402,245,6.993199825286865,6.205699920654297,3374,11.013500213623047,0.887939989566803,0.38370001316070557
2007,8,20,15,0,0.9191300272941589,8.8858003616333,255,7.816699981689453,7.050300121307373,5728,10.01200008392334,1.121209979057312,0.3068000078201294
2007,8,20,18,0,0.9250659942626953,9.050399780273438,255,8.206000328063965,7.553100109100342,8221,10.01200008392334,1.3338700532913208,0.26444000005722046
2007,8,20,21,0,0.9224960207939148,9.002900123596191,255,8.2121000289917,7.535099983215332,9310,10.01200008392334,1.42576003074646,0.251010000705719
2007,8,21,0,0,0.9159970283508301,8.711400032043457,255,7.713900089263916,6.826000213623047,8930,9.101699829101562,1.421679973602295,0.27386000752449036
2007,8,21,3,0,0.9131219983100891,8.273699760437012,255,7.228000164031982,6.417399883270264,9407,9.101699829101562,1.4997700452804565,0.30285000801086426
2007,8,21,6,0,0.9065009951591492,8.212300300598145,255,7.205100059509277,6.440800189971924,10173,9.101699829101562,1.5662000179290771,0.30267998576164246
2007,8,21,9,0,0.8985810279846191,8.305299758911133,255,7.35830020904541,6.654699802398682,10013,9.101699829101562,1.544260025024414,0.29659000039100647
2007,8,21,12,0,0.8945729732513428,8.36460018157959,255,7.415900230407715,6.705699920654297,9992,9.101699829101562,1.536389946937561,0.2950200140476227
2007,8,21,15,0,0.9021419882774353,8.45259952545166,265,7.5894999504089355,6.980999946594238,11108,9.101699829101562,1.6112300157546997,0.2847000062465668
2007,8,21,18,0,0.9129719734191895,8.565400123596191,265,7.80210018157959,7.280900001525879,12358,9.101699829101562,1.6884599924087524,0.2685999870300293
2007,8,21,21,0,0.9181209802627563,8.628800392150879,265,7.917799949645996,7.44890022277832,12623,9.101699829101562,1.699679970741272,0.26170000433921814
2007,8,22,0,0,0.9203699827194214,8.680800437927246,265,7.975299835205078,7.531099796295166,12418,10.01200008392334,1.6790900230407715,0.2639000117778778
2007,8,22,3,0,0.921654999256134,8.77340030670166,265,8.038999557495117,7.591800212860107,12325,10.01200008392334,1.6606899499893188,0.270330011844635
2007,8,22,6,0,0.9238020181655884,8.915200233459473,275,8.133999824523926,7.666100025177002,12563,10.01200008392334,1.6588599681854248,0.27682000398635864
2007,8,22,9,0,0.9292529821395874,9.072400093078613,275,8.241800308227539,7.744699954986572,12962,10.01200008392334,1.6661200523376465,0.28102999925613403
2007,8,22,12,0,0.9339510202407837,9.195599555969238,275,8.333600044250488,7.808700084686279,13237,11.013500213623047,1.6697900295257568,0.28060999512672424
2007,8,22,15,0,0.9373949766159058,9.253999710083008,275,8.385899543762207,7.844299793243408,13316,11.013500213623047,1.669029951095581,0.27689000964164734
2007,8,22,18,0,0.9400780200958252,9.263699531555176,275,8.396900177001953,7.844600200653076,13119,11.013500213623047,1.656209945678711,0.273499995470047
2007,8,22,21,0,0.9424539804458618,9.2677001953125,275,8.394200325012207,7.824900150299072,12617,11.013500213623047,1.6242599487304688,0.2714099884033203
2007,8,23,0,0,0.9439190030097961,9.059100151062012,275,7.732800006866455,6.595200061798096,11964,11.013500213623047,1.6012300252914429,0.29475000500679016
2007,8,23,3,0,0.9424160122871399,8.559300422668457,275,6.858099937438965,5.665900230407715,11457,11.013500213623047,1.614590048789978,0.3469800055027008
2007,8,23,6,0,0.9408760070800781,8.480400085449219,275,6.948299884796143,5.900899887084961,10798,11.013500213623047,1.575850009918213,0.34619998931884766
2007,8,23,9,0,0.9420850276947021,8.557999610900879,275,7.231500148773193,6.31879997253418,10020,11.013500213623047,1.5118999481201172,0.32973000407218933
2007,8,23,12,0,0.9431999921798706,8.566300392150879,275,7.332099914550781,6.478300094604492,9234,11.013500213623047,1.451859951019287,0.3212200105190277
2007,8,23,15,0,0.9435420036315918,8.50629997253418,275,7.329100131988525,6.520599842071533,8579,11.013500213623047,1.4058400392532349,0.3186500072479248
2007,8,23,18,0,0.9436339735984802,8.433699607849121,275,7.296999931335449,6.521100044250488,8088,11.013500213623047,1.3723000288009644,0.3181599974632263
2007,8,23,21,0,0.9435719847679138,8.077699661254883,275,6.696199893951416,5.7164998054504395,8055,10.01200008392334,1.4023100137710571,0.34365999698638916
2007,8,24,0,0,0.939303994178772,7.23859977722168,275,5.798299789428711,4.9359002113342285,9178,10.01200008392334,1.587149977684021,0.395579993724823
2007,8,24,3,0,0.937732994556427,7.2855000495910645,275,6.050000190734863,5.263199806213379,9784,10.01200008392334,1.6349899768829346,0.36956000328063965
2007,8,24,6,0,0.9412530064582825,7.562099933624268,275,6.511499881744385,5.8231000900268555,9633,10.01200008392334,1.5915600061416626,0.3401699960231781
2007,8,24,9,0,0.9445800185203552,7.739299774169922,275,6.764100074768066,6.127999782562256,9297,10.01200008392334,1.5446699857711792,0.3267900049686432
2007,8,24,12,0,0.9468860030174255,7.836299896240234,275,6.857800006866455,6.215700149536133,8867,10.01200008392334,1.4982000589370728,0.3248000144958496
2007,8,24,15,0,0.9486470222473145,7.880199909210205,275,6.877099990844727,6.224899768829346,8468,10.01200008392334,1.4590599536895752,0.32853999733924866
2007,8,24,18,0,0.9499419927597046,7.92609977722168,275,6.800899982452393,6.027599811553955,7937,10.01200008392334,1.4072599411010742,0.3373599946498871
2007,8,24,21,0,0.9493340253829956,7.741399765014648,275,6.251299858093262,5.282400131225586,7453,10.01200008392334,1.3791500329971313,0.37716999650001526
2007,8,25,0,0,0.9445180296897888,7.447400093078613,275,5.811299800872803,4.877500057220459,7457,9.101699829101562,1.4060900211334229,0.41811999678611755
2007,8,25,3,0,0.9437100291252136,7.739699840545654,275,6.1930999755859375,5.274400234222412,7484,9.101699829101562,1.3789600133895874,0.4031499922275543
2007,8,25,6,0,0.9462490081787109,7.872200012207031,275,6.442999839782715,5.561600208282471,8365,10.01200008392334,1.44514000415802,0.3875400125980377
2007,8,25,9,0,0.9480929970741272,8.09119987487793,275,6.898099899291992,6.122700214385986,9987,10.01200008392334,1.5583399534225464,0.3524399995803833
2007,8,25,12,0,0.9491999745368958,8.390199661254883,275,7.314300060272217,6.581299781799316,10788,10.01200008392334,1.589769959449768,0.3247300088405609
2007,8,25,15,0,0.9498170018196106,8.622699737548828,275,7.6194000244140625,6.918399810791016,10784,10.01200008392334,1.5666799545288086,0.3073599934577942
2007,8,25,18,0,0.9490810036659241,8.766799926757812,275,7.806300163269043,7.136899948120117,10395,10.01200008392334,1.5243699550628662,0.2996099889278412
2007,8,25,21,0,0.9459959864616394,8.801899909973145,275,7.82919979095459,7.143099784851074,9884,10.01200008392334,1.4828799962997437,0.3022499978542328
2007,8,26,0,0,0.939149022102356,8.617400169372559,275,7.523600101470947,6.704500198364258,9793,10.01200008392334,1.4927899837493896,0.3193199932575226
2007,8,26,3,0,0.932407021522522,8.166600227355957,275,6.886899948120117,5.986400127410889,10563,10.01200008392334,1.5956300497055054,0.35343000292778015
2007,8,26,6,0,0.928879976272583,7.815800189971924,275,6.661799907684326,5.889999866485596,12807,10.01200008392334,1.800920009613037,0.3567200005054474
2007,8,26,9,0,0.9272770285606384,7.8109002113342285,275,6.718800067901611,5.972300052642822,14216,8.274100303649902,1.8997299671173096,0.34630000591278076
2007,8,26,12,0,0.9247140288352966,7.76669979095459,275,6.691699981689453,5.9608001708984375,14403,8.274100303649902,1.918179988861084,0.34617000818252563
2007,8,26,15,0,0.9220899939537048,7.848400115966797,275,6.824100017547607,6.142499923706055,13348,8.274100303649902,1.8356599807739258,0.342849999666214
2007,8,26,18,0,0.918412983417511,7.920599937438965,275,6.844399929046631,6.119100093841553,12176,8.274100303649902,1.7434099912643433,0.34821000695228577
2007,8,26,21,0,0.9128320217132568,7.915500164031982,275,6.700399875640869,5.872200012207031,11549,8.274100303649902,1.6969900131225586,0.3627200126647949
2007,8,27,0,0,0.9048770070075989,7.891300201416016,275,6.528500080108643,5.632900238037109,11281,10.01200008392334,1.6779600381851196,0.38148999214172363
2007,8,27,3,0,0.8974310159683228,8.097200393676758,275,6.791600227355957,5.936200141906738,11044,9.101699829101562,1.6363500356674194,0.3752500116825104
2007,8,27,6,0,0.8928179740905762,8.305399894714355,275,7.075200080871582,6.282199859619141,10766,9.101699829101562,1.5929299592971802,0.3657500147819519
2007,8,27,9,0,0.8896920084953308,8.463800430297852,275,7.276100158691406,6.520199775695801,10376,9.101699829101562,1.5473999977111816,0.358240008354187
2007,8,27,12,0,0.8867250084877014,8.603899955749512,275,7.437300205230713,6.687900066375732,9851,9.101699829101562,1.4941099882125854,0.3509100079536438
2007,8,27,15,0,0.8832939863204956,8.728099822998047,275,7.58620023727417,6.842400074005127,9279,9.101699829101562,1.4386800527572632,0.3431600034236908
2007,8,27,18,0,0.87848299741745,8.836899757385254,275,7.724699974060059,6.993800163269043,8731,9.101699829101562,1.385949969291687,0.33649998903274536
2007,8,27,21,0,0.8719350099563599,8.908699989318848,275,7.782400131225586,7.006499767303467,8239,9.101699829101562,1.3398900032043457,0.3341600000858307
2007,8,28,0,0,0.8649629950523376,8.6318998336792,275,7.014100074768066,5.845799922943115,7888,9.101699829101562,1.3321499824523926,0.36921000480651855
2007,8,28,3,0,0.8576290011405945,8.572699546813965,275,6.90910005569458,5.758999824523926,7472,9.101699829101562,1.3003300428390503,0.3816100060939789
2007,8,28,6,0,0.8541049957275391,8.782600402832031,265,7.316699981689453,6.287899971008301,6903,9.101699829101562,1.2333699464797974,0.3701300024986267
2007,8,28,9,0,0.8531749844551086,8.927200317382812,265,7.597599983215332,6.684199810028076,6326,9.101699829101562,1.1702699661254883,0.36427000164985657
2007,8,28,12,0,0.8526290059089661,8.9975004196167,265,7.747900009155273,6.92140007019043,5755,9.101699829101562,1.1112099885940552,0.3615100085735321
2007,8,28,15,0,0.851364016532898,9.034600257873535,265,7.822400093078613,7.052700042724609,5198,8.274100303649902,1.0530999898910522,0.359470009803772
2007,8,28,18,0,0.8493880033493042,9.088600158691406,265,7.870800018310547,7.119800090789795,4688,8.274100303649902,0.9956700205802917,0.35833001136779785
2007,8,28,21,0,0.8490980267524719,9.173700332641602,265,7.930699825286865,7.1757001876831055,4353,8.274100303649902,0.9535099864006042,0.3579399883747101
2007,8,29,0,0,0.8589310050010681,9.0024995803833,265,7.751500129699707,7.046899795532227,4643,8.274100303649902,0.9947599768638611,0.3704499900341034
2007,8,29,3,0,0.8741520047187805,8.6003999710083,265,7.357900142669678,6.695300102233887,5595,8.274100303649902,1.1207300424575806,0.3908900022506714
2007,8,29,6,0,0.877469003200531,8.635000228881836,265,7.317999839782715,6.586299896240234,6006,12.114999771118164,1.1589900255203247,0.39851999282836914
2007,8,29,9,0,0.878898024559021,8.786100387573242,265,7.436100006103516,6.644999980926514,6202,11.013500213623047,1.1674100160598755,0.39114999771118164
2007,8,29,12,0,0.8836759924888611,8.846500396728516,265,7.588799953460693,6.804699897766113,6577,11.013500213623047,1.1996099948883057,0.36833998560905457
2007,8,29,15,0,0.8940110206604004,8.843700408935547,275,7.766499996185303,7.054599761962891,7383,11.013500213623047,1.274530053138733,0.3349800109863281
2007,8,29,18,0,0.9051769971847534,8.842000007629395,275,7.929900169372559,7.3130998611450195,8456,9.101699829101562,1.3674399852752686,0.30539000034332275
2007,8,29,21,0,0.9115179777145386,8.842599868774414,275,8.014399528503418,7.455999851226807,9328,9.101699829101562,1.438230037689209,0.29166001081466675
2007,8,30,0,0,0.9132909774780273,8.412300109863281,275,6.9328999519348145,5.811800003051758,9978,9.101699829101562,1.5273100137710571,0.3471499979496002
2007,8,30,3,0,0.9101020097732544,7.977399826049805,275,6.312900066375732,5.258299827575684,10850,9.101699829101562,1.6369600296020508,0.4014799892902374
2007,8,30,6,0,0.9084159731864929,8.332300186157227,275,6.8125,5.802000045776367,10754,9.101699829101562,1.5920699834823608,0.3900899887084961
2007,8,30,9,0,0.907895028591156,8.69849967956543,275,7.371399879455566,6.454999923706055,10251,9.101699829101562,1.5194100141525269,0.3716000020503998
2007,8,30,12,0,0.9096840023994446,8.84689998626709,265,7.658599853515625,6.815100193023682,9708,9.101699829101562,1.466230034828186,0.3559499979019165
2007,8,30,15,0,0.9100790023803711,8.853300094604492,265,7.770400047302246,7.0131001472473145,9187,9.101699829101562,1.4265899658203125,0.3433699905872345
2007,8,30,18,0,0.9098129868507385,8.81029987335205,265,7.723199844360352,6.923399925231934,8791,9.101699829101562,1.399590015411377,0.3370800018310547
2007,8,30,21,0,0.9083369970321655,8.80210018157959,265,7.5980000495910645,6.666900157928467,8560,9.101699829101562,1.3810299634933472,0.34463000297546387
2007,8,31,0,0,0.9042940139770508,8.357099533081055,265,6.556000232696533,5.397799968719482,8728,9.101699829101562,1.4302699565887451,0.4135499894618988
2007,8,31,3,0,0.8994309902191162,8.501099586486816,265,6.743899822235107,5.66379976272583,8899,9.101699829101562,1.4280600547790527,0.4272400140762329
2007,8,31,6,0,0.8974019885063171,8.976499557495117,265,7.3495001792907715,6.3225998878479,8929,9.101699829101562,1.3874900341033936,0.412200003862381
2007,8,31,9,0,0.8971359729766846,9.316300392150879,265,7.803599834442139,6.821000099182129,9041,9.101699829101562,1.3678499460220337,0.3970699906349182
2007,8,31,12,0,0.8984130024909973,9.485799789428711,265,8.10260009765625,7.2154998779296875,9261,9.101699829101562,1.3711400032043457,0.3857499957084656
2007,8,31,15,0,0.9010300040245056,9.558799743652344,265,8.291199684143066,7.513000011444092,9555,9.101699829101562,1.387369990348816,0.37696999311447144
2007,8,31,18,0,0.9050139784812927,9.585700035095215,265,8.404000282287598,7.7195000648498535,9836,9.101699829101562,1.4057400226593018,0.37033000588417053
2007,8,31,21,0,0.9072830080986023,9.605600357055664,265,8.462300300598145,7.834499835968018,9998,9.101699829101562,1.415310025215149,0.3677400052547455
2007,9,1,0,0,0.9065799713134766,9.586799621582031,265,8.367799758911133,7.609300136566162,10001,9.101699829101562,1.4163099527359009,0.3704499900341034
2007,9,1,3,0,0.9029979705810547,9.582099914550781,265,8.356200218200684,7.645999908447266,9873,9.101699829101562,1.406540036201477,0.37481001019477844
2007,9,1,6,0,0.8976470232009888,9.584400177001953,265,8.324299812316895,7.633800029754639,9634,9.101699829101562,1.3876399993896484,0.38168999552726746
2007,9,1,9,0,0.8939629793167114,9.674400329589844,255,8.321100234985352,7.6016998291015625,9462,9.101699829101562,1.3654099702835083,0.393310010433197
2007,9,1,12,0,0.890487015247345,9.827799797058105,255,8.347000122070312,7.577400207519531,9331,17.73889923095703,1.340749979019165,0.4059999883174896
2007,9,1,15,0,0.8874179720878601,9.999799728393555,255,8.381500244140625,7.55049991607666,9190,17.73889923095703,1.3145899772644043,0.41677001118659973
2007,9,1,18,0,0.8842769861221313,10.16510009765625,255,8.42080020904541,7.526599884033203,9026,16.125999450683594,1.2881699800491333,0.42392000555992126
2007,9,1,21,0,0.8810409903526306,10.288599967956543,255,8.44849967956543,7.501999855041504,8792,16.125999450683594,1.2607200145721436,0.4281199872493744
2007,9,2,0,0,0.879951000213623,10.339699745178223,245,8.374899864196777,7.2895002365112305,8521,16.125999450683594,1.2362500429153442,0.43202000856399536
2007,9,2,3,0,0.8789680004119873,10.354399681091309,245,8.281299591064453,7.09089994430542,8286,16.125999450683594,1.21697998046875,0.4364199936389923
2007,9,2,6,0,0.8786119818687439,10.460800170898438,245,8.432999610900879,7.366600036621094,8113,16.125999450683594,1.1962000131607056,0.43685999512672424
2007,9,2,9,0,0.8793500065803528,10.606399536132812,245,8.530799865722656,7.479400157928467,7967,16.125999450683594,1.1746799945831299,0.4378499984741211
2007,9,2,12,0,0.8810080289840698,10.800000190734863,245,8.62600040435791,7.528900146484375,7760,16.125999450683594,1.1459200382232666,0.4373300075531006
2007,9,2,15,0,0.8831030130386353,10.944299697875977,235,8.572799682617188,7.316699981689453,7436,16.125999450683594,1.111739993095398,0.4402399957180023
2007,9,2,18,0,0.9149029850959778,8.391400337219238,235,6.234099864959717,5.1971001625061035,10716,16.125999450683594,1.553570032119751,0.5292400121688843
2007,9,2,21,0,0.9304590225219727,7.853899955749512,225,6.3144001960754395,5.4496002197265625,17412,8.274100303649902,2.0759201049804688,0.45785999298095703
2007,9,3,0,0,0.9254689812660217,7.880499839782715,225,6.442999839782715,5.598199844360352,20660,8.274100303649902,2.263040065765381,0.4314799904823303
2007,9,3,3,0,0.9231190085411072,8.242199897766113,225,6.745999813079834,5.847099781036377,20636,8.274100303649902,2.205359935760498,0.4206100106239319
2007,9,3,6,0,0.9288210272789001,8.810700416564941,225,7.333899974822998,6.407800197601318,21124,9.101699829101562,2.1498000621795654,0.39383000135421753
2007,9,3,9,0,0.9338809847831726,9.319100379943848,225,8.016400337219238,7.199900150299072,21725,10.01200008392334,2.1143600940704346,0.3612000048160553
2007,9,3,12,0,0.9388989806175232,9.549099922180176,235,8.339599609375,7.621300220489502,20997,10.01200008392334,2.0506999492645264,0.3497900068759918
2007,9,3,15,0,0.9414070248603821,9.599499702453613,235,8.407099723815918,7.740799903869629,19138,10.01200008392334,1.9515299797058105,0.35319000482559204
2007,9,3,18,0,0.9412569999694824,9.543399810791016,235,8.31410026550293,7.661300182342529,16738,9.101699829101562,1.829740047454834,0.3661099970340729
2007,9,3,21,0,0.9396939873695374,9.459099769592285,235,8.150199890136719,7.482699871063232,14309,9.101699829101562,1.6976799964904785,0.38488999009132385
2007,9,4,0,0,0.9377440214157104,9.39840030670166,235,7.951399803161621,7.23799991607666,12200,9.101699829101562,1.5691100358963013,0.4089899957180023
2007,9,4,3,0,0.9356769919395447,9.225700378417969,235,7.521999835968018,6.6407999992370605,10785,8.274100303649902,1.4854899644851685,0.44227999448776245
2007,9,4,6,0,0.9350789785385132,8.66469955444336,225,6.98199987411499,6.1682000160217285,11177,16.125999450683594,1.5639300346374512,0.47130998969078064
2007,9,4,9,0,0.9345399737358093,8.696999549865723,225,7.059000015258789,6.280399799346924,11397,16.125999450683594,1.575700044631958,0.46832001209259033
2007,9,4,12,0,0.9307649731636047,8.926400184631348,225,7.264900207519531,6.473100185394287,11298,16.125999450683594,1.545639991760254,0.46042999625205994
2007,9,4,15,0,0.9253450036048889,9.16919994354248,225,7.5177998542785645,6.717400074005127,11524,16.125999450683594,1.5384000539779663,0.4449799954891205
2007,9,4,18,0,0.9174020290374756,9.426300048828125,225,7.80709981918335,6.993199825286865,12164,16.125999450683594,1.5573899745941162,0.4233599901199341
2007,9,4,21,0,0.9116420149803162,9.636699676513672,235,8.0733003616333,7.2540998458862305,12956,16.125999450683594,1.5886499881744385,0.40077999234199524
2007,9,5,0,0,0.9104179739952087,9.367300033569336,235,7.7469000816345215,6.819499969482422,13794,13.326800346374512,1.666599988937378,0.40314000844955444
2007,9,5,3,0,0.8963459730148315,8.758199691772461,235,7.103499889373779,6.177599906921387,14523,12.114999771118164,1.777109980583191,0.4233599901199341
2007,9,5,6,0,0.8774480223655701,8.40820026397705,245,7.067200183868408,6.3242998123168945,15826,7.5218000411987305,1.9048500061035156,0.40439000725746155
2007,9,5,9,0,0.868270993232727,8.347900390625,255,7.213099956512451,6.547900199890137,17100,8.274100303649902,1.9960299730300903,0.37356001138687134
2007,9,5,12,0,0.8622909784317017,8.281299591064453,255,7.110799789428711,6.395599842071533,16163,8.274100303649902,1.9502400159835815,0.37595999240875244
2007,9,5,15,0,0.8559070229530334,8.200400352478027,255,6.925899982452393,6.172900199890137,13688,8.274100303649902,1.8009599447250366,0.39862000942230225
2007,9,5,18,0,0.8505650162696838,7.880000114440918,255,6.320700168609619,5.448599815368652,11632,7.5218000411987305,1.691059947013855,0.44742000102996826
2007,9,5,21,0,0.8456419706344604,7.36929988861084,255,5.771699905395508,4.973899841308594,11066,6.837800025939941,1.706820011138916,0.48987001180648804
2007,9,6,0,0,0.841268002986908,7.034200191497803,265,5.597599983215332,4.894899845123291,11690,6.216100215911865,1.8000099658966064,0.49296000599861145
2007,9,6,3,0,0.8368949890136719,7.339700222015381,265,5.777500152587891,5.007800102233887,10645,6.216100215911865,1.6764700412750244,0.49222999811172485
2007,9,6,6,0,0.8435850143432617,7.809899806976318,265,6.103400230407715,5.229599952697754,11815,14.659700393676758,1.707419991493225,0.46963998675346375
2007,9,6,9,0,0.8746160268783569,8.547100067138672,275,6.999599933624268,6.0625,15588,11.013500213623047,1.8743000030517578,0.3946399986743927
2007,9,6,12,0,0.8985689878463745,8.918299674987793,275,7.502600193023682,6.534999847412109,19502,11.013500213623047,2.05253005027771,0.3511500060558319
2007,9,6,15,0,0.9115059971809387,9.167400360107422,275,7.973599910736084,7.161499977111816,21307,11.013500213623047,2.115190029144287,0.3226499855518341
2007,9,6,18,0,0.9163740277290344,9.320300102233887,275,8.226900100708008,7.500800132751465,21056,11.013500213623047,2.084059953689575,0.3091999888420105
2007,9,6,21,0,0.9172070026397705,9.403200149536133,285,8.283100128173828,7.490499973297119,20820,12.114999771118164,2.0615599155426025,0.3057999908924103
2007,9,7,0,0,0.9177759885787964,8.92710018157959,285,7.313799858093262,6.1971001625061035,21893,12.114999771118164,2.1712899208068848,0.35638999938964844
2007,9,7,3,0,0.9176049828529358,8.812299728393555,285,7.38040018081665,6.4039998054504395,23573,11.013500213623047,2.2711100578308105,0.3511100113391876
2007,9,7,6,0,0.9200779795646667,8.856800079345703,285,7.583899974822998,6.705699920654297,24655,11.013500213623047,2.3197500705718994,0.3343900144100189
2007,9,7,9,0,0.9227629899978638,8.993000030517578,285,7.914599895477295,7.191199779510498,24586,11.013500213623047,2.3007500171661377,0.31220000982284546
2007,9,7,12,0,0.9228540062904358,9.046699523925781,285,7.953499794006348,7.189899921417236,22216,11.013500213623047,2.1806600093841553,0.3088200092315674
2007,9,7,15,0,0.9203659892082214,9.029800415039062,285,7.934500217437744,7.173099994659424,19558,11.013500213623047,2.0489799976348877,0.31005001068115234
2007,9,7,18,0,0.9161490201950073,8.964799880981445,285,7.847499847412109,7.064300060272217,17244,11.013500213623047,1.9326200485229492,0.31422001123428345
2007,9,7,21,0,0.9110689759254456,8.848400115966797,285,7.676199913024902,6.838399887084961,15309,11.013500213623047,1.834920048713684,0.3219299912452698
2007,9,8,0,0,0.9045820236206055,8.611200332641602,285,7.236599922180176,6.2515997886657715,13609,10.01200008392334,1.7557899951934814,0.34435001015663147
2007,9,8,3,0,0.8960970044136047,8.45359992980957,285,7.063300132751465,6.100299835205078,12177,10.01200008392334,1.6776100397109985,0.3564999997615814
2007,9,8,6,0,0.8872630000114441,8.347800254821777,285,7.071199893951416,6.2393999099731445,11109,10.01200008392334,1.613360047340393,0.36076000332832336
2007,9,8,9,0,0.8833900094032288,8.306699752807617,275,7.168399810791016,6.450200080871582,10488,10.01200008392334,1.5727699995040894,0.35440999269485474
2007,9,8,12,0,0.8802530169487,8.347999572753906,275,7.297599792480469,6.6427998542785645,10050,10.01200008392334,1.536270022392273,0.3456999957561493
2007,9,8,15,0,0.8759769797325134,8.406499862670898,275,7.39109992980957,6.7667999267578125,9287,9.101699829101562,1.4711300134658813,0.3424000144004822
2007,9,8,18,0,0.8741310238838196,8.416399955749512,275,7.424099922180176,6.823999881744385,8531,9.101699829101562,1.408869981765747,0.341839998960495
2007,9,8,21,0,0.8744810223579407,8.383399963378906,275,7.412700176239014,6.826900005340576,8030,9.101699829101562,1.3698400259017944,0.34088999032974243
2007,9,9,0,0,0.8720200061798096,8.114899635314941,275,6.747399806976318,5.766200065612793,7631,9.101699829101562,1.3582600355148315,0.36851000785827637
2007,9,9,3,0,0.8695530295372009,7.730400085449219,275,6.203800201416016,5.243100166320801,7480,9.101699829101562,1.3785799741744995,0.40536001324653625
2007,9,9,6,0,0.8758760094642639,7.758500099182129,275,6.473299980163574,5.6483001708984375,7626,9.101699829101562,1.3900599479675293,0.38683998584747314
2007,9,9,9,0,0.8872249722480774,7.945199966430664,275,6.933000087738037,6.274400234222412,8337,8.274100303649902,1.4377399682998657,0.3488500118255615
2007,9,9,12,0,0.8955770134925842,8.09850025177002,275,7.253600120544434,6.713799953460693,9085,8.274100303649902,1.4878499507904053,0.31995001435279846
2007,9,9,15,0,0.8978220224380493,8.130499839782715,285,7.239299774169922,6.572800159454346,8799,8.274100303649902,1.4613200426101685,0.3150399923324585
2007,9,9,18,0,0.8820279836654663,7.837399959564209,285,6.483099937438965,5.521500110626221,8116,8.274100303649902,1.428339958190918,0.3631500005722046
2007,9,9,21,0,0.8878459930419922,8.240400314331055,285,7.158999919891357,6.421899795532227,7358,8.274100303649902,1.321969985961914,0.34172001481056213
2007,9,10,0,0,0.8889790177345276,8.521699905395508,285,7.445700168609619,6.724100112915039,7084,8.274100303649902,1.2725600004196167,0.33618998527526855
2007,9,10,3,0,0.8931490182876587,8.689000129699707,275,7.361000061035156,6.28249979019165,7082,11.013500213623047,1.2588399648666382,0.33601999282836914
2007,9,10,6,0,0.898222029209137,8.749899864196777,275,7.422399997711182,6.492300033569336,7340,11.013500213623047,1.2755000591278076,0.34731000661849976
2007,9,10,9,0,0.9020400047302246,8.880399703979492,275,7.537799835205078,6.611800193786621,7511,11.013500213623047,1.2791399955749512,0.3458699882030487
2007,9,10,12,0,0.9047759771347046,9.103699684143066,275,7.797800064086914,6.866000175476074,7446,11.013500213623047,1.2561099529266357,0.33274999260902405
2007,9,10,15,0,0.9087349772453308,9.166000366210938,275,7.975200176239014,7.115799903869629,7596,11.013500213623047,1.2647199630737305,0.31922000646591187
2007,9,10,18,0,0.9130669832229614,9.083399772644043,275,8.019700050354004,7.280399799346924,7938,11.013500213623047,1.3008099794387817,0.3105199933052063
2007,9,10,21,0,0.9135220050811768,9.088500022888184,275,8.051600456237793,7.3516998291015625,7708,11.013500213623047,1.2819000482559204,0.30866000056266785
2007,9,11,0,0,0.9120010137557983,9.180899620056152,275,8.107500076293945,7.360899925231934,7213,10.01200008392334,1.233489990234375,0.30956000089645386
2007,9,11,3,0,0.9096850156784058,9.214799880981445,275,7.926599979400635,6.870800018310547,6789,10.01200008392334,1.194659948348999,0.31808000802993774
2007,9,11,6,0,0.9060909748077393,9.049099922180176,275,7.557000160217285,6.462200164794922,6566,10.01200008392334,1.1860500574111938,0.34769999980926514
2007,9,11,9,0,0.9018449783325195,8.910799980163574,275,7.388000011444092,6.342599868774414,6443,10.01200008392334,1.184399962425232,0.364439994096756
2007,9,11,12,0,0.8973000049591064,8.881400108337402,275,7.403800010681152,6.399099826812744,6234,10.01200008392334,1.1670399904251099,0.365229994058609
2007,9,11,15,0,0.8999419808387756,8.496500015258789,275,7.196599960327148,6.353799819946289,6701,10.01200008392334,1.2407300472259521,0.3664200007915497
2007,9,11,18,0,0.9108120203018188,8.218400001525879,275,7.208799839019775,6.5391998291015625,8314,10.01200008392334,1.4117000102996826,0.3359600007534027
2007,9,11,21,0,0.9137060046195984,8.134400367736816,275,7.167300224304199,6.5055999755859375,8862,9.101699829101562,1.466770052909851,0.32697001099586487
2007,9,12,0,0,0.9138950109481812,8.064200401306152,275,7.00570011138916,6.262599945068359,8743,9.101699829101562,1.4627699851989746,0.3372899889945984
2007,9,12,3,0,0.9142069816589355,8.133500099182129,275,7.1417999267578125,6.504499912261963,8792,9.101699829101562,1.4590799808502197,0.3386699855327606
2007,9,12,6,0,0.9195730090141296,8.275899887084961,275,7.401400089263916,6.8480000495910645,10510,8.274100303649902,1.582069993019104,0.3201200067996979
2007,9,12,9,0,0.9220309853553772,8.44849967956543,285,7.642899990081787,7.152699947357178,12016,8.274100303649902,1.6734700202941895,0.30862000584602356
2007,9,12,12,0,0.9172250032424927,8.546699523925781,285,7.711699962615967,7.224999904632568,12090,8.274100303649902,1.66621994972229,0.3159500062465668
2007,9,12,15,0,0.9104650020599365,8.611700057983398,275,7.70959997177124,7.192599773406982,11617,8.274100303649902,1.6241400241851807,0.3272700011730194
2007,9,12,18,0,0.9068570137023926,8.665800094604492,275,7.688199996948242,7.126200199127197,10860,8.274100303649902,1.5627000331878662,0.33671000599861145
2007,9,12,21,0,0.9030470252037048,8.740099906921387,275,7.673600196838379,7.049099922180176,9779,11.013500213623047,1.4739199876785278,0.3440999984741211
2007,9,13,0,0,0.900085985660553,8.824299812316895,275,7.596199989318848,6.777299880981445,8637,11.013500213623047,1.3765900135040283,0.3486599922180176
2007,9,13,3,0,0.8987550139427185,8.947799682617188,275,7.681300163269043,6.8267998695373535,7703,10.01200008392334,1.289870023727417,0.3443099856376648
2007,9,13,6,0,0.8969789743423462,9.084600448608398,275,7.841000080108643,7.0040998458862305,7065,10.01200008392334,1.2251800298690796,0.3362100124359131
2007,9,13,9,0,0.8924980163574219,9.21780014038086,275,7.97160005569458,7.123300075531006,6646,10.01200008392334,1.1785500049591064,0.3326199948787689
2007,9,13,12,0,0.8845000267028809,9.342100143432617,275,8.075200080871582,7.2129998207092285,6292,10.01200008392334,1.1375199556350708,0.33472999930381775
2007,9,13,15,0,0.8761249780654907,9.464500427246094,275,8.166099548339844,7.292200088500977,6045,10.01200008392334,1.1059199571609497,0.3403399884700775
2007,9,13,18,0,0.871300995349884,9.574000358581543,275,8.258500099182129,7.3846001625061035,6006,10.01200008392334,1.0942000150680542,0.34411999583244324
2007,9,13,21,0,0.870061993598938,9.628800392150879,275,8.169899940490723,7.100100040435791,6121,10.01200008392334,1.0993900299072266,0.3503200113773346
2007,9,14,0,0,0.8687760233879089,9.155200004577637,275,6.997799873352051,5.618299961090088,6242,14.659700393676758,1.137719988822937,0.4065299928188324
2007,9,14,3,0,0.8651139736175537,9.46969985961914,275,7.513400077819824,6.2210001945495605,6239,14.659700393676758,1.1145399808883667,0.3898800015449524
2007,9,14,6,0,0.8634610176086426,9.852800369262695,275,8.031599998474121,6.767199993133545,6295,13.326800346374512,1.094040036201477,0.36781999468803406
2007,9,14,9,0,0.8620889782905579,10.106900215148926,275,8.441900253295898,7.238999843597412,6241,13.326800346374512,1.0743000507354736,0.34804001450538635
2007,9,14,12,0,0.8640149831771851,10.219499588012695,275,8.712300300598145,7.6006999015808105,6210,12.114999771118164,1.0663100481033325,0.33092001080513
2007,9,14,15,0,0.8707910180091858,10.239700317382812,275,8.877099990844727,7.860400199890137,6338,12.114999771118164,1.0774699449539185,0.31463998556137085
2007,9,14,18,0,0.8799660205841064,10.199600219726562,275,8.9753999710083,8.059700012207031,6655,12.114999771118164,1.1083099842071533,0.30055999755859375
2007,9,14,21,0,0.8861950039863586,10.178899765014648,275,9.053000450134277,8.228899955749512,7105,12.114999771118164,1.1480200290679932,0.29416999220848083
2007,9,15,0,0,0.8860189914703369,10.218299865722656,275,8.910699844360352,7.73829984664917,7620,11.013500213623047,1.1870100498199463,0.3013699948787689
2007,9,15,3,0,0.8832489848136902,10.503299713134766,275,9.347900390625,8.483599662780762,8275,11.013500213623047,1.2180800437927246,0.30160999298095703
2007,9,15,6,0,0.8800269961357117,10.731800079345703,275,9.620200157165527,8.852499961853027,8820,11.013500213623047,1.2422200441360474,0.2993299961090088
2007,9,15,9,0,0.8775269985198975,10.820099830627441,275,9.752699851989746,9.020700454711914,9004,11.013500213623047,1.2494900226593018,0.29229000210762024
2007,9,15,12,0,0.8765649795532227,10.794300079345703,275,9.785200119018555,9.085800170898438,8885,11.013500213623047,1.243340015411377,0.28279000520706177
2007,9,15,15,0,0.8771659731864929,10.749699592590332,275,9.789799690246582,9.12030029296875,8742,11.013500213623047,1.2370400428771973,0.27605000138282776
2007,9,15,18,0,0.875154972076416,10.817099571228027,275,9.851699829101562,9.192299842834473,8816,11.013500213623047,1.2384699583053589,0.2810699939727783
2007,9,15,21,0,0.8682659864425659,11.00879955291748,275,9.979299545288086,9.30720043182373,9088,11.013500213623047,1.2450200319290161,0.29607000946998596
2007,9,16,0,0,0.862483024597168,11.230199813842773,265,10.094499588012695,9.370599746704102,9198,11.013500213623047,1.2381199598312378,0.3134300112724304
2007,9,16,3,0,0.8554660081863403,11.353400230407715,265,10.11970043182373,9.32450008392334,8823,11.013500213623047,1.204990029335022,0.32642999291419983
2007,9,16,6,0,0.8483440279960632,11.381999969482422,265,10.126299858093262,9.37090015411377,8113,11.013500213623047,1.1533199548721313,0.33173999190330505
2007,9,16,9,0,0.8475599884986877,11.508500099182129,265,10.26099967956543,9.488100051879883,7964,11.013500213623047,1.1326700448989868,0.32041001319885254
2007,9,16,12,0,0.8631680011749268,11.805700302124023,275,10.75469970703125,10.022600173950195,10061,13.326800346374512,1.2510299682617188,0.2753799855709076
2007,9,16,15,0,0.887939989566803,11.784099578857422,275,11.01609992980957,10.453900337219238,14083,12.114999771118164,1.4836100339889526,0.23534999787807465
2007,9,16,18,0,0.8934599757194519,11.506400108337402,275,10.833100318908691,10.353899955749512,16884,12.114999771118164,1.6516200304031372,0.2318899929523468
2007,9,16,21,0,0.889083981513977,11.087800025939941,275,9.952400207519531,8.674400329589844,18045,11.013500213623047,1.7462600469589233,0.26361000537872314
2007,9,17,0,0,0.8777850270271301,10.104299545288086,265,8.311800003051758,6.929299831390381,18625,11.013500213623047,1.8664499521255493,0.35207000374794006
2007,9,17,3,0,0.865962028503418,9.881500244140625,265,8.303600311279297,7.257299900054932,18067,11.013500213623047,1.86149001121521,0.3665800094604492
2007,9,17,6,0,0.8676400184631348,9.7076997756958,265,8.429800033569336,7.6392998695373535,18588,11.013500213623047,1.9113800525665283,0.3485499918460846
2007,9,17,9,0,0.8740280270576477,9.413200378417969,265,8.387200355529785,7.803800106048584,21160,11.013500213623047,2.0810000896453857,0.32517001032829285
2007,9,17,12,0,0.8794220089912415,9.299500465393066,275,8.319299697875977,7.751399993896484,21925,11.013500213623047,2.1356799602508545,0.3146800100803375
2007,9,17,15,0,0.8731150031089783,9.217100143432617,275,8.097399711608887,7.363399982452393,19936,10.01200008392334,2.0454399585723877,0.3270300030708313
2007,9,17,18,0,0.8628119826316833,9.224200248718262,275,8.008299827575684,7.231200218200684,17802,10.01200008392334,1.92917001247406,0.34349000453948975
2007,9,17,21,0,0.852275013923645,9.311699867248535,275,7.976799964904785,7.084000110626221,16467,10.01200008392334,1.8429100513458252,0.35486000776290894
2007,9,18,0,0,0.8483099937438965,8.723600387573242,265,6.924600124359131,5.81879997253418,16772,10.01200008392334,1.9231200218200684,0.4127500057220459
2007,9,18,3,0,0.8449609875679016,8.70989990234375,275,7.1875,6.263199806213379,17621,10.01200008392334,1.974020004272461,0.399399995803833
2007,9,18,6,0,0.8428540229797363,8.875,275,7.425000190734863,6.533199787139893,17601,10.01200008392334,1.9531199932098389,0.3864400088787079
2007,9,18,9,0,0.8427159786224365,8.91469955444336,275,7.480500221252441,6.58459997177124,17501,10.01200008392334,1.9434499740600586,0.38135001063346863
2007,9,18,12,0,0.83952397108078,8.934100151062012,275,7.48769998550415,6.578400135040283,16502,10.01200008392334,1.8851399421691895,0.38144001364707947
2007,9,18,15,0,0.8315780162811279,8.996399879455566,275,7.519999980926514,6.5945000648498535,14701,10.01200008392334,1.7720400094985962,0.3839600086212158
2007,9,18,18,0,0.8223469853401184,9.001700401306152,275,7.438899993896484,6.445400238037109,13146,10.01200008392334,1.6742700338363647,0.39125001430511475
2007,9,18,21,0,0.816402018070221,8.959400177001953,265,7.286200046539307,6.215700149536133,12240,10.01200008392334,1.6187599897384644,0.40105000138282776
2007,9,19,0,0,0.8153740167617798,8.588000297546387,265,6.635000228881836,5.506199836730957,11977,10.01200008392334,1.6362099647521973,0.43952998518943787
2007,9,19,3,0,0.8176389932632446,8.635100364685059,265,6.931300163269043,5.967800140380859,11895,9.101699829101562,1.6256999969482422,0.4318099915981293
2007,9,19,6,0,0.8310070037841797,8.63700008392334,265,7.1956000328063965,6.373300075531006,12685,9.101699829101562,1.6822999715805054,0.40957000851631165
2007,9,19,9,0,0.8397719860076904,8.651300430297852,265,7.440899848937988,6.7403998374938965,13581,9.101699829101562,1.744230031967163,0.38141000270843506
2007,9,19,12,0,0.8454130291938782,8.6899995803833,275,7.614999771118164,6.995800018310547,13541,9.101699829101562,1.7405500411987305,0.36208999156951904
2007,9,19,15,0,0.8462820053100586,8.72029972076416,275,7.70550012588501,7.125899791717529,12640,8.274100303649902,1.6794899702072144,0.35258999466896057
2007,9,19,18,0,0.8470649719238281,8.746299743652344,275,7.7769999504089355,7.22760009765625,11704,8.274100303649902,1.6141899824142456,0.3443799912929535
2007,9,19,21,0,0.8475049734115601,8.762299537658691,275,7.811999797821045,7.259500026702881,10924,8.274100303649902,1.5582400560379028,0.3390899896621704
2007,9,20,0,0,0.8459870219230652,8.279399871826172,275,6.749300003051758,5.70389986038208,10427,8.274100303649902,1.5678800344467163,0.3881399929523468
2007,9,20,3,0,0.845412015914917,7.686399936676025,275,6.177999973297119,5.289999961853027,10417,8.274100303649902,1.6289299726486206,0.42809998989105225
2007,9,20,6,0,0.849249005317688,7.747099876403809,275,6.488399982452393,5.738999843597412,10262,8.274100303649902,1.6109299659729004,0.4072999954223633
2007,9,20,9,0,0.8596590161323547,7.875500202178955,275,6.768899917602539,6.091000080108643,10445,8.274100303649902,1.6133999824523926,0.38168999552726746
2007,9,20,12,0,0.8655490279197693,7.542600154876709,275,6.280099868774414,5.484000205993652,10591,8.274100303649902,1.6630799770355225,0.40011000633239746
2007,9,20,15,0,0.8590689897537231,7.545100212097168,275,6.426499843597412,5.77400016784668,9359,7.5218000411987305,1.5613199472427368,0.4007500112056732
2007,9,20,18,0,0.8405590057373047,7.61269998550415,275,6.285799980163574,5.531799793243408,7154,7.5218000411987305,1.3535399436950684,0.4351699948310852
2007,9,20,21,0,0.8392410278320312,7.780600070953369,265,6.36269998550415,5.625100135803223,6143,7.5218000411987305,1.2356599569320679,0.4567300081253052
2007,9,21,0,0,0.8815339803695679,8.006999969482422,275,6.911799907684326,6.276199817657471,9083,7.5218000411987305,1.4893100261688232,0.3882899880409241
2007,9,21,3,0,0.8978390097618103,8.271499633789062,275,7.3358001708984375,6.793399810791016,12586,8.274100303649902,1.7279000282287598,0.3515700101852417
2007,9,21,6,0,0.9003919959068298,8.6141996383667,275,7.634799957275391,7.09089994430542,14823,8.274100303649902,1.831380009651184,0.3535099923610687
2007,9,21,9,0,0.9076060056686401,9.011500358581543,285,7.883900165557861,7.280099868774414,16425,8.274100303649902,1.8739299774169922,0.36871999502182007
2007,9,21,12,0,0.9151039719581604,9.586899757385254,285,8.248700141906738,7.532199859619141,17976,8.274100303649902,1.8855600357055664,0.37915998697280884
2007,9,21,15,0,0.9220399856567383,10.134400367736816,285,8.674799919128418,7.85860013961792,19346,16.125999450683594,1.8899099826812744,0.36980998516082764
2007,9,21,18,0,0.9284980297088623,10.571999549865723,285,9.091099739074707,8.203800201416016,20714,16.125999450683594,1.9055700302124023,0.3501099944114685
2007,9,21,21,0,0.9341790080070496,10.910599708557129,285,9.405699729919434,8.36359977722168,22215,14.659700393676758,1.9357199668884277,0.32971999049186707
2007,9,22,0,0,0.9364269971847534,11.02910041809082,285,9.419899940490723,8.146200180053711,22659,14.659700393676758,1.9416199922561646,0.3186900019645691
2007,9,22,3,0,0.9366430044174194,10.996100425720215,285,9.446100234985352,8.252900123596191,22788,14.659700393676758,1.9509799480438232,0.31251999735832214
2007,9,22,6,0,0.9363240003585815,10.55720043182373,285,8.775699615478516,7.325399875640869,23604,14.659700393676758,2.0348401069641113,0.32756999135017395
2007,9,22,9,0,0.933210015296936,9.723600387573242,285,7.910999774932861,6.671800136566162,27168,13.326800346374512,2.2902400493621826,0.36421000957489014
2007,9,22,12,0,0.9348800182342529,9.912300109863281,285,8.344200134277344,7.220799922943115,32500,13.326800346374512,2.482419967651367,0.334199994802475
2007,9,22,15,0,0.9378899931907654,10.253100395202637,285,8.958000183105469,8.005900382995605,35721,12.114999771118164,2.5565500259399414,0.2984499931335449
2007,9,22,18,0,0.9400609731674194,10.378399848937988,285,9.163599967956543,8.190199851989746,35482,12.114999771118164,2.533210039138794,0.2803399860858917
2007,9,22,21,0,0.9410359859466553,10.3681001663208,285,9.24020004272461,8.315600395202637,33975,12.114999771118164,2.4834699630737305,0.27046000957489014
2007,9,23,0,0,0.9405549764633179,10.211400032043457,285,8.973099708557129,7.881400108337402,32496,12.114999771118164,2.452320098876953,0.27526000142097473
2007,9,23,3,0,0.939520001411438,10.092300415039062,285,8.93589973449707,7.977099895477295,31731,11.013500213623047,2.442039966583252,0.27538999915122986
2007,9,23,6,0,0.9385160207748413,9.984100341796875,285,8.957900047302246,8.186100006103516,30983,11.013500213623047,2.4307100772857666,0.27254998683929443
2007,9,23,9,0,0.9373250007629395,9.904199600219727,285,8.951800346374512,8.286399841308594,29383,11.013500213623047,2.380150079727173,0.2705000042915344
2007,9,23,12,0,0.9354439973831177,9.862700462341309,285,8.953700065612793,8.336000442504883,27034,11.013500213623047,2.2903099060058594,0.26826998591423035
2007,9,23,15,0,0.9323779940605164,9.798999786376953,285,8.904800415039062,8.307600021362305,24512,11.013500213623047,2.1905200481414795,0.2703399956226349
2007,9,23,18,0,0.9276360273361206,9.7052001953125,285,8.797900199890137,8.200900077819824,22314,11.013500213623047,2.1028800010681152,0.27810999751091003
2007,9,23,21,0,0.9206669926643372,9.622300148010254,285,8.674500465393066,8.052000045776367,20306,11.013500213623047,2.0169200897216797,0.29027000069618225
2007,9,24,0,0,0.9120069742202759,9.513299942016602,285,8.36460018157959,7.464200019836426,18358,11.013500213623047,1.9307700395584106,0.3092299997806549
2007,9,24,3,0,0.9019790291786194,9.484999656677246,285,8.326199531555176,7.476099967956543,16483,11.013500213623047,1.8334200382232666,0.3209399878978729
2007,9,24,6,0,0.8906829953193665,9.44379997253418,285,8.291199684143066,7.50540018081665,14995,10.01200008392334,1.753350019454956,0.3317900002002716
2007,9,24,9,0,0.8771759867668152,9.416899681091309,275,8.2253999710083,7.456500053405762,13955,10.01200008392334,1.6934599876403809,0.3472500145435333
2007,9,24,12,0,0.8618130087852478,9.491800308227539,275,8.219300270080566,7.437699794769287,13098,10.01200008392334,1.631909966468811,0.36675000190734863
2007,9,24,15,0,0.8425499796867371,9.651000022888184,275,8.256600379943848,7.434000015258789,12071,10.01200008392334,1.550220012664795,0.38798001408576965
2007,9,24,18,0,0.8263700008392334,9.79640007019043,265,8.270400047302246,7.395899772644043,10689,10.01200008392334,1.4446799755096436,0.4069199860095978
2007,9,24,21,0,0.818884015083313,9.880200386047363,265,8.175800323486328,7.154699802398682,9139,9.101699829101562,1.3272199630737305,0.42197999358177185
2007,9,25,0,0,0.8146430253982544,9.761500358581543,265,7.52269983291626,6.1793999671936035,8140,9.101699829101562,1.2561999559402466,0.45715999603271484
2007,9,25,3,0,0.823947012424469,9.269800186157227,265,7.078700065612793,5.919099807739258,9127,9.101699829101562,1.3646199703216553,0.4855499863624573
2007,9,25,6,0,0.8356289863586426,9.161999702453613,265,7.207099914550781,6.113500118255615,12197,17.73889923095703,1.5882699489593506,0.46160000562667847
2007,9,25,9,0,0.8394439816474915,9.625699996948242,265,7.821700096130371,6.777299880981445,14697,17.73889923095703,1.6952600479125977,0.42412999272346497
2007,9,25,12,0,0.8553990125656128,10.138699531555176,275,8.564900398254395,7.596799850463867,17937,13.326800346374512,1.820389986038208,0.3731499910354614
2007,9,25,15,0,0.87493497133255,10.405799865722656,275,9.07040023803711,8.21030044555664,21389,13.326800346374512,1.9616199731826782,0.3316600024700165
2007,9,25,18,0,0.8855040073394775,10.466500282287598,275,9.206100463867188,8.307499885559082,23662,12.114999771118164,2.058150053024292,0.31071001291275024
2007,9,25,21,0,0.8878620266914368,10.459600448608398,275,9.25469970703125,8.401100158691406,24727,12.114999771118164,2.1060900688171387,0.2990800142288208
2007,9,26,0,0,0.8858140110969543,10.494099617004395,285,9.395299911499023,8.609399795532227,24413,12.114999771118164,2.091360092163086,0.2839199900627136
2007,9,26,3,0,0.8788759708404541,10.488800048828125,275,9.496100425720215,8.79800033569336,23010,12.114999771118164,2.033780097961426,0.2728100121021271
2007,9,26,6,0,0.8725060224533081,10.414299964904785,275,9.4891996383667,8.862099647521973,21057,11.013500213623047,1.955899953842163,0.26883000135421753
2007,9,26,9,0,0.8659449815750122,10.270999908447266,275,9.378299713134766,8.796199798583984,18818,11.013500213623047,1.8658299446105957,0.2710300087928772
2007,9,26,12,0,0.8614760041236877,10.092300415039062,275,9.21780014038086,8.66349983215332,16828,11.013500213623047,1.784350037574768,0.2752299904823303
2007,9,26,15,0,0.8596779704093933,9.925600051879883,275,9.06190013885498,8.523200035095215,15237,11.013500213623047,1.7158199548721313,0.27904000878334045
2007,9,26,18,0,0.8571990132331848,9.76449966430664,275,8.904600143432617,8.376799583435059,13688,10.01200008392334,1.6425100564956665,0.2839600145816803
2007,9,26,21,0,0.8543840050697327,9.615799903869629,275,8.763299942016602,8.246700286865234,12323,10.01200008392334,1.5728800296783447,0.28790000081062317
2007,9,27,0,0,0.8510090112686157,9.503000259399414,275,8.621500015258789,8.038599967956543,11278,10.01200008392334,1.5151100158691406,0.29140999913215637
2007,9,27,3,0,0.845907986164093,9.452899932861328,275,8.54520034790039,7.928599834442139,10440,10.01200008392334,1.4615600109100342,0.2955400049686432
2007,9,27,6,0,0.841609001159668,9.47599983215332,275,8.577300071716309,8.011500358581543,9992,10.01200008392334,1.426859974861145,0.29846999049186707
2007,9,27,9,0,0.8424919843673706,9.584099769592285,275,8.687600135803223,8.146400451660156,10298,9.101699829101562,1.437849998474121,0.2980799973011017
2007,9,27,12,0,0.8478040099143982,9.713600158691406,275,8.829999923706055,8.303000450134277,11091,9.101699829101562,1.4800599813461304,0.29245999455451965
2007,9,27,15,0,0.8559479713439941,9.793499946594238,285,8.92240047454834,8.401399612426758,11594,9.101699829101562,1.5059399604797363,0.28696998953819275
2007,9,27,18,0,0.8641380071640015,9.814900398254395,285,8.772899627685547,7.902400016784668,11636,11.013500213623047,1.5059900283813477,0.28937000036239624
2007,9,27,21,0,0.8711199760437012,9.723199844360352,285,8.481599807739258,7.452700138092041,11605,10.01200008392334,1.510409951210022,0.3042199909687042
2007,9,28,0,0,0.884302020072937,9.296799659729004,285,7.9421000480651855,6.864099979400635,12779,10.01200008392334,1.6251699924468994,0.3241400122642517
2007,9,28,3,0,0.8950679898262024,8.685099601745605,285,7.242400169372559,6.214099884033203,15302,10.01200008392334,1.8476899862289429,0.35095998644828796
2007,9,28,6,0,0.9011049866676331,8.477499961853027,285,7.127399921417236,6.2017998695373535,16827,10.01200008392334,1.9652199745178223,0.3511199951171875
2007,9,28,9,0,0.9033010005950928,8.381999969482422,285,7.065999984741211,6.165599822998047,17119,10.01200008392334,1.995710015296936,0.34922000765800476
2007,9,28,12,0,0.9041280150413513,8.427300453186035,285,7.263899803161621,6.470900058746338,16975,9.101699829101562,1.9835699796676636,0.33375000953674316
2007,9,28,15,0,0.9069460034370422,8.649999618530273,285,7.639599800109863,6.95989990234375,16687,9.101699829101562,1.9407099485397339,0.310699999332428
2007,9,28,18,0,0.9108740091323853,8.850000381469727,285,7.863999843597412,7.147299766540527,17072,10.01200008392334,1.9394500255584717,0.29541999101638794
2007,9,28,21,0,0.9152299761772156,9.038700103759766,285,8.093099594116211,7.403600215911865,18238,10.01200008392334,1.981410026550293,0.28404998779296875
2007,9,29,0,0,0.9206590056419373,9.170599937438965,285,8.1358003616333,7.281099796295166,19755,10.01200008392334,2.0453999042510986,0.2790899872779846
2007,9,29,3,0,0.9258249998092651,9.373800277709961,285,8.487700462341309,7.821100234985352,20790,10.01200008392334,2.0729598999023438,0.26458001136779785
2007,9,29,6,0,0.9304779767990112,9.510899543762207,285,8.689200401306152,8.109199523925781,21981,10.01200008392334,2.1138699054718018,0.25655001401901245
2007,9,29,9,0,0.9343249797821045,9.587300300598145,285,8.805500030517578,8.264300346374512,22931,11.013500213623047,2.1497199535369873,0.24974000453948975
2007,9,29,12,0,0.9362760186195374,9.618900299072266,285,8.876899719238281,8.368499755859375,22303,11.013500213623047,2.1171000003814697,0.2438099980354309
2007,9,29,15,0,0.9364010095596313,9.592000007629395,285,8.822500228881836,8.216400146484375,20402,10.01200008392334,2.0288000106811523,0.24301999807357788
2007,9,29,18,0,0.9039829969406128,8.681099891662598,285,6.952400207519531,5.7342000007629395,18549,10.01200008392334,2.0389599800109863,0.3438799977302551
2007,9,29,21,0,0.7681210041046143,7.27810001373291,265,5.8277997970581055,4.996200084686279,18576,10.01200008392334,2.2457900047302246,0.4064899981021881
2007,9,30,0,0,0.795930027961731,7.131499767303467,225,6.077700138092041,5.36359977722168,29865,9.101699829101562,2.899250030517578,0.3350600004196167
2007,9,30,3,0,0.8417189717292786,7.765999794006348,215,6.73829984664917,5.974400043487549,47275,9.101699829101562,3.4875099658966064,0.3024500012397766
2007,9,30,6,0,0.8058350086212158,8.311800003051758,225,7.53410005569458,6.930300235748291,46986,9.101699829101562,3.3560900688171387,0.2561599910259247
2007,9,30,9,0,0.7753700017929077,8.347399711608887,225,7.5030999183654785,6.801300048828125,43358,9.101699829101562,3.2165000438690186,0.25863999128341675
2007,9,30,12,0,0.7678430080413818,8.032699584960938,215,7.112299919128418,6.387700080871582,47303,9.101699829101562,3.4284000396728516,0.2802799940109253
2007,9,30,15,0,0.7605080008506775,8.578100204467773,215,7.906799793243408,7.411399841308594,48211,9.101699829101562,3.340369939804077,0.24334000051021576
2007,9,30,18,0,0.7457240223884583,8.999199867248535,225,8.43529987335205,8.05210018157959,42735,9.101699829101562,3.060800075531006,0.22675000131130219
2007,9,30,21,0,0.7490580081939697,9.169899940490723,235,8.541899681091309,8.095600128173828,37808,9.101699829101562,2.8443899154663086,0.2384600043296814
2007,10,1,0,0,0.7628139853477478,9.41819953918457,245,8.678099632263184,8.15410041809082,36086,9.101699829101562,2.729029893875122,0.26037999987602234
2007,10,1,3,0,0.7889519929885864,9.87969970703125,265,9.076700210571289,8.589599609375,38097,10.01200008392334,2.7182300090789795,0.27597999572753906
2007,10,1,6,0,0.8267499804496765,10.397600173950195,265,9.510600090026855,9.020400047302246,42014,11.013500213623047,2.7616701126098633,0.28543001413345337
2007,10,1,9,0,0.8626880049705505,10.859999656677246,275,9.878100395202637,9.337900161743164,46307,12.114999771118164,2.8185598850250244,0.2895900011062622
2007,10,1,12,0,0.8828250169754028,11.179200172424316,275,10.146599769592285,9.565199851989746,49706,13.326800346374512,2.865799903869629,0.2868500053882599
2007,10,1,15,0,0.8942000269889832,11.34850025177002,275,10.309100151062012,9.706399917602539,51079,13.326800346374512,2.876699924468994,0.280349999666214
2007,10,1,18,0,0.9041330218315125,11.415200233459473,275,10.36460018157959,9.73840045928955,51460,13.326800346374512,2.8754899501800537,0.2764500081539154
2007,10,1,21,0,0.9128029942512512,11.390199661254883,275,10.321399688720703,9.669500350952148,50766,13.326800346374512,2.858750104904175,0.2759000062942505
2007,10,2,0,0,0.9172260165214539,11.285099983215332,275,10.17959976196289,9.427900314331055,47349,13.326800346374512,2.7764201164245605,0.2757300138473511
2007,10,2,3,0,0.9167159795761108,10.97659969329834,275,9.534799575805664,8.312399864196777,42770,13.326800346374512,2.6808700561523438,0.29260000586509705
2007,10,2,6,0,0.9043729901313782,10.221199989318848,275,8.279000282287598,6.872000217437744,39088,13.326800346374512,2.6659300327301025,0.3479200005531311
2007,10,2,9,0,0.868910014629364,9.149700164794922,275,7.22629976272583,6.073400020599365,37854,13.326800346374512,2.793790102005005,0.40167000889778137
2007,10,2,12,0,0.8516849875450134,8.571399688720703,265,7.171599864959717,6.304100036621094,42691,12.114999771118164,3.097870111465454,0.374210000038147
2007,10,2,15,0,0.8502990007400513,9.127599716186523,265,8.093400001525879,7.456099987030029,39288,12.114999771118164,2.8800299167633057,0.31488001346588135
2007,10,2,18,0,0.8591859936714172,9.350099563598633,275,8.399399757385254,7.787700176239014,36379,11.013500213623047,2.737600088119507,0.293179988861084
2007,10,2,21,0,0.8695150017738342,9.49779987335205,275,8.632699966430664,8.109700202941895,34004,11.013500213623047,2.6247599124908447,0.27955999970436096
2007,10,3,0,0,0.8784530162811279,9.617899894714355,275,8.758700370788574,8.219499588012695,32880,11.013500213623047,2.5625500679016113,0.2730500102043152
2007,10,3,3,0,0.888109028339386,9.718600273132324,285,8.863900184631348,8.33430004119873,32863,11.013500213623047,2.546030044555664,0.2695600092411041
2007,10,3,6,0,0.8974350094795227,9.843600273132324,285,8.986599922180176,8.458600044250488,33968,11.013500213623047,2.567970037460327,0.2672699987888336
2007,10,3,9,0,0.9070050120353699,10.054200172424316,285,9.196499824523926,8.661100387573242,34716,11.013500213623047,2.5624101161956787,0.2624799907207489
2007,10,3,12,0,0.9142699837684631,10.23449993133545,285,9.375800132751465,8.834699630737305,35313,11.013500213623047,2.555880069732666,0.2589600086212158
2007,10,3,15,0,0.9194999933242798,10.35990047454834,285,9.48639965057373,8.935099601745605,35843,12.114999771118164,2.5548601150512695,0.25936999917030334
2007,10,3,18,0,0.9231209754943848,10.469799995422363,285,9.559399604797363,8.986900329589844,37378,12.114999771118164,2.590329885482788,0.263700008392334
2007,10,3,21,0,0.9248510003089905,10.534500122070312,285,9.539199829101562,8.869199752807617,41708,12.114999771118164,2.723439931869507,0.2707900106906891
2007,10,4,0,0,0.9304659962654114,10.721099853515625,285,9.749600410461426,9.097200393676758,45909,12.114999771118164,2.826809883117676,0.26451000571250916
2007,10,4,3,0,0.9350320100784302,10.871100425720215,285,9.946499824523926,9.34570026397705,47339,12.114999771118164,2.8462400436401367,0.25703999400138855
2007,10,4,6,0,0.9372360110282898,10.916999816894531,285,10.0177001953125,9.433099746704102,45840,12.114999771118164,2.793750047683716,0.2521899938583374
2007,10,4,9,0,0.9378799796104431,10.88029956817627,285,10.00629997253418,9.436100006103516,42541,12.114999771118164,2.6977899074554443,0.24852000176906586
2007,10,4,12,0,0.9382010102272034,10.81760025024414,285,9.973299980163574,9.419599533081055,39128,12.114999771118164,2.597870111465454,0.24469000101089478
2007,10,4,15,0,0.9390090107917786,10.781599998474121,285,9.968199729919434,9.43220043182373,36911,12.114999771118164,2.529750108718872,0.24055999517440796
2007,10,4,18,0,0.940654993057251,10.814900398254395,285,10.024700164794922,9.502099990844727,36515,12.114999771118164,2.512120008468628,0.23691999912261963
2007,10,4,21,0,0.9428449869155884,10.912300109863281,285,10.137900352478027,9.623499870300293,37581,12.114999771118164,2.5344998836517334,0.23322999477386475
2007,10,5,0,0,0.9443389773368835,10.983200073242188,285,10.230400085449219,9.726799964904785,38328,12.114999771118164,2.549570083618164,0.22849999368190765
2007,10,5,3,0,0.9443010091781616,10.97189998626709,285,10.243000030517578,9.754300117492676,37474,12.114999771118164,2.5234200954437256,0.2248300015926361
2007,10,5,6,0,0.942907989025116,10.919099807739258,285,10.202300071716309,9.723600387573242,35676,12.114999771118164,2.4702301025390625,0.22407999634742737
2007,10,5,9,0,0.9420109987258911,10.924099922180176,285,10.206700325012207,9.729399681091309,34719,12.114999771118164,2.436079978942871,0.2243800014257431
2007,10,5,12,0,0.9431660175323486,10.98449993133545,285,10.283300399780273,9.810799598693848,35380,12.114999771118164,2.450969934463501,0.21990999579429626
2007,10,5,15,0,0.943930983543396,10.95009994506836,285,10.287300109863281,9.835000038146973,35037,12.114999771118164,2.445460081100464,0.21322999894618988
2007,10,5,18,0,0.9431390166282654,10.776800155639648,285,10.146100044250488,9.716500282287598,32071,12.114999771118164,2.365230083465576,0.21007999777793884
2007,10,5,21,0,0.941648006439209,10.526800155639648,285,9.912099838256836,9.497599601745605,27852,12.114999771118164,2.2385199069976807,0.21086999773979187
2007,10,6,0,0,0.9398139715194702,10.256799697875977,285,9.647899627685547,9.240699768066406,23827,11.013500213623047,2.105600118637085,0.21347999572753906
2007,10,6,3,0,0.9372789859771729,9.994000434875488,285,9.385600090026855,8.98069953918457,20249,11.013500213623047,1.9735900163650513,0.21685999631881714
2007,10,6,6,0,0.9333339929580688,9.745100021362305,285,9.134099960327148,8.729000091552734,17025,11.013500213623047,1.8386900424957275,0.22078000009059906
2007,10,6,9,0,0.9270470142364502,9.503100395202637,285,8.876399993896484,8.45680046081543,13986,11.013500213623047,1.6923799514770508,0.22717000544071198
2007,10,6,12,0,0.9045950174331665,8.648799896240234,285,7.0767998695373535,5.773900032043457,11174,10.01200008392334,1.592360019683838,0.30827000737190247
2007,10,6,15,0,0.8370519876480103,7.343599796295166,275,6.118599891662598,5.3059000968933105,15334,10.01200008392334,2.0409600734710693,0.3535099923610687
2007,10,6,18,0,0.7707160115242004,7.357900142669678,265,6.251100063323975,5.476600170135498,18909,10.01200008392334,2.2681500911712646,0.33118000626564026
2007,10,6,21,0,0.7177370190620422,7.266499996185303,265,6.13100004196167,5.354599952697754,17783,9.101699829101562,2.2135701179504395,0.3404400050640106
2007,10,7,0,0,0.6614959836006165,7.007199764251709,255,5.876200199127197,5.146200180053711,19283,9.101699829101562,2.347320079803467,0.3590799868106842
2007,10,7,3,0,0.6476119756698608,7.184100151062012,245,6.098800182342529,5.383299827575684,22412,6.837800025939941,2.4948298931121826,0.35133999586105347
2007,10,7,6,0,0.6512969732284546,7.285799980163574,245,6.217199802398682,5.521900177001953,28392,6.837800025939941,2.783289909362793,0.35350000858306885
2007,10,7,9,0,0.6786760091781616,7.749499797821045,245,6.657199859619141,5.918600082397461,39483,6.837800025939941,3.1733899116516113,0.3401600122451782
2007,10,7,12,0,0.7181069850921631,8.30620002746582,255,7.204800128936768,6.4334001541137695,54043,10.01200008392334,3.572779893875122,0.32210999727249146
2007,10,7,15,0,0.7372339963912964,8.505499839782715,245,7.356900215148926,6.541900157928467,72046,11.013500213623047,4.068920135498047,0.32030001282691956
2007,10,7,18,0,0.7831270098686218,9.524200439453125,255,8.651599884033203,8.091899871826172,81959,11.013500213623047,4.069119930267334,0.2732900083065033
2007,10,7,21,0,0.8135169744491577,10.10770034790039,265,9.339400291442871,8.862000465393066,76652,12.114999771118164,3.797830104827881,0.2496899962425232
2007,10,8,0,0,0.8309680223464966,10.187999725341797,265,9.444999694824219,8.984199523925781,65683,12.114999771118164,3.4993200302124023,0.2441900074481964
2007,10,8,3,0,0.8406350016593933,10.144200325012207,265,9.41919994354248,8.977999687194824,56830,12.114999771118164,3.264400005340576,0.243149995803833
2007,10,8,6,0,0.8530930280685425,10.130900382995605,275,9.425399780273438,8.99839973449707,50734,12.114999771118164,3.088550090789795,0.24087999761104584
2007,10,8,9,0,0.867127001285553,10.165599822998047,275,9.478400230407715,9.060500144958496,46544,11.013500213623047,2.953939914703369,0.23746000230312347
2007,10,8,12,0,0.8802850246429443,10.206600189208984,275,9.537699699401855,9.127099990844727,43707,11.013500213623047,2.857059955596924,0.23337000608444214
2007,10,8,15,0,0.8917269706726074,10.217399597167969,275,9.562800407409668,9.157600402832031,40758,11.013500213623047,2.7581300735473633,0.23002000153064728
2007,10,8,18,0,0.902534008026123,10.232799530029297,275,9.583700180053711,9.178199768066406,37902,11.013500213623047,2.657399892807007,0.2276100069284439
2007,10,8,21,0,0.9101459980010986,10.310400009155273,275,9.652000427246094,9.237899780273438,35951,11.013500213623047,2.575309991836548,0.2273699939250946
2007,10,9,0,0,0.9122229814529419,10.392499923706055,275,9.724100112915039,9.299200057983398,34062,11.013500213623047,2.493680000305176,0.22693000733852386
2007,10,9,3,0,0.9100790023803711,10.395899772644043,275,9.699299812316895,9.189599990844727,31272,11.013500213623047,2.388979911804199,0.22628000378608704
2007,10,9,6,0,0.8879349827766418,9.735400199890137,275,7.969200134277344,6.508399963378906,27810,11.013500213623047,2.3333001136779785,0.3046000003814697
2007,10,9,9,0,0.8692389726638794,9.358400344848633,275,7.333700180053711,5.8628997802734375,22200,11.013500213623047,2.1308200359344482,0.33649998903274536
2007,10,9,12,0,0.7570589780807495,8.127099990844727,275,5.9868998527526855,4.850299835205078,18032,11.013500213623047,2.0728600025177,0.4270800054073334
2007,10,9,15,0,0.6605889797210693,7.667900085449219,245,5.912600040435791,4.928599834442139,16767,11.013500213623047,2.0706799030303955,0.4150499999523163
2007,10,9,18,0,0.8589760065078735,9.304200172424316,225,7.64769983291626,6.407299995422363,41641,11.013500213623047,2.927309989929199,0.3327299952507019
2007,10,9,21,0,0.928596019744873,10.86620044708252,225,8.97089958190918,7.544899940490723,122700,13.326800346374512,4.5555901527404785,0.33559998869895935
2007,10,10,0,0,0.9303150177001953,11.794699668884277,225,9.814800262451172,8.315299987792969,202209,14.659700393676758,5.562769889831543,0.33028000593185425
2007,10,10,3,0,0.9293619990348816,12.256400108337402,225,10.583600044250488,9.294599533081055,208367,14.659700393676758,5.523580074310303,0.3017899990081787
2007,10,10,6,0,0.9296810030937195,12.138099670410156,225,10.812199592590332,9.807999610900879,163343,14.659700393676758,4.923160076141357,0.2741900086402893
2007,10,10,9,0,0.9245319962501526,11.723799705505371,225,10.614700317382812,9.781299591064453,117974,13.326800346374512,4.278900146484375,0.2576499879360199
2007,10,10,12,0,0.9095669984817505,11.629599571228027,235,10.671500205993652,9.9822998046875,101500,13.326800346374512,3.99330997467041,0.24478000402450562
2007,10,10,15,0,0.8987269997596741,11.649100303649902,235,10.855199813842773,10.324199676513672,98885,12.114999771118164,3.941849946975708,0.2277899980545044
2007,10,10,18,0,0.88993901014328,11.396100044250488,245,10.705400466918945,10.253399848937988,87271,12.114999771118164,3.7591800689697266,0.21698999404907227
2007,10,10,21,0,0.8744339942932129,11.107999801635742,245,10.479399681091309,10.071200370788574,75522,12.114999771118164,3.5581400394439697,0.21094000339508057
2007,10,11,0,0,0.8675029873847961,10.894399642944336,255,10.295299530029297,9.907699584960938,66502,11.013500213623047,3.382810115814209,0.2089100033044815
2007,10,11,3,0,0.8653290271759033,10.677200317382812,255,10.095000267028809,9.719900131225586,57507,11.013500213623047,3.187580108642578,0.20857000350952148
2007,10,11,6,0,0.8618410229682922,10.3725004196167,255,9.811300277709961,9.451000213623047,47658,11.013500213623047,2.9572699069976807,0.20784999430179596
2007,10,11,9,0,0.8585309982299805,10.002900123596191,265,9.463600158691406,9.117799758911133,38045,11.013500213623047,2.705430030822754,0.20744000375270844
2007,10,11,12,0,0.84996497631073,9.62660026550293,265,9.111599922180176,8.782600402832031,29790,10.01200008392334,2.4536499977111816,0.20753000676631927
2007,10,11,15,0,0.8365749716758728,9.284700393676758,265,8.790900230407715,8.47819995880127,23166,10.01200008392334,2.2131900787353516,0.20872999727725983
2007,10,11,18,0,0.8205029964447021,8.98330020904541,265,8.502099990844727,8.201800346374512,17915,10.01200008392334,1.985360026359558,0.21212999522686005
2007,10,11,21,0,0.8038319945335388,8.738699913024902,255,8.261899948120117,7.969600200653076,13955,9.101699829101562,1.7805900573730469,0.21744999289512634
2007,10,12,0,0,0.7913320064544678,8.55109977722168,255,8.076700210571289,7.790900230407715,11603,9.101699829101562,1.643630027770996,0.22311000525951385
2007,10,12,3,0,0.7913140058517456,8.483799934387207,255,7.990099906921387,7.699999809265137,11231,9.101699829101562,1.622849941253662,0.23274999856948853
2007,10,12,6,0,0.8194789886474609,8.808500289916992,245,8.259099960327148,7.938000202178955,12865,9.101699829101562,1.6973199844360352,0.24049000442028046
2007,10,12,9,0,0.8584020137786865,9.346099853515625,235,8.776700019836426,8.434200286865234,16616,11.013500213623047,1.8620400428771973,0.23212000727653503
2007,10,12,12,0,0.8866040110588074,9.69950008392334,235,9.146400451660156,8.806500434875488,19749,11.013500213623047,1.9856300354003906,0.22137999534606934
2007,10,12,15,0,0.8966760039329529,9.868599891662598,235,9.324799537658691,8.991999626159668,20683,11.013500213623047,2.0109200477600098,0.21714000403881073
2007,10,12,18,0,0.8975520133972168,9.961999893188477,235,9.423100471496582,9.09469985961914,20728,11.013500213623047,2.0017499923706055,0.21505999565124512
2007,10,12,21,0,0.8931440114974976,9.972200393676758,235,9.437899589538574,9.1141996383667,20205,11.013500213623047,1.975559949874878,0.2147900015115738
2007,10,13,0,0,0.8811540007591248,9.934900283813477,235,9.411600112915039,9.095399856567383,19848,10.01200008392334,1.9635299444198608,0.2138500064611435
2007,10,13,3,0,0.8670499920845032,9.87969970703125,235,9.352299690246582,9.035400390625,19087,10.01200008392334,1.9324699640274048,0.216729998588562
2007,10,13,6,0,0.8528770208358765,9.82960033416748,235,9.271300315856934,8.942299842834473,17742,10.01200008392334,1.8680200576782227,0.22643999755382538
2007,10,13,9,0,0.8368549942970276,9.827500343322754,245,9.222999572753906,8.87559986114502,16642,10.01200008392334,1.807610034942627,0.23882000148296356
2007,10,13,12,0,0.8278170228004456,9.861599922180176,245,9.218799591064453,8.855299949645996,16046,10.01200008392334,1.7694499492645264,0.24741999804973602
2007,10,13,15,0,0.8174819946289062,9.887100219726562,245,9.223999977111816,8.850799560546875,15620,10.01200008392334,1.7420799732208252,0.2511399984359741
2007,10,13,18,0,0.8094320297241211,9.873299598693848,245,9.200599670410156,8.822400093078613,14947,9.101699829101562,1.7050800323486328,0.2531700134277344
2007,10,13,21,0,0.8056640028953552,9.83430004119873,245,9.147000312805176,8.762700080871582,13898,9.101699829101562,1.6474599838256836,0.2570199966430664
2007,10,14,0,0,0.806240975856781,9.815699577331543,245,9.092300415039062,8.692500114440918,12671,9.101699829101562,1.5736000537872314,0.26482999324798584
2007,10,14,3,0,0.808571994304657,9.870100021362305,255,9.095600128173828,8.670100212097168,12028,11.013500213623047,1.5262999534606934,0.27246999740600586
2007,10,14,6,0,0.8158609867095947,10.016900062561035,255,9.226900100708008,8.779600143432617,13225,12.114999771118164,1.5856900215148926,0.267630010843277
2007,10,14,9,0,0.8406670093536377,10.038999557495117,265,9.28339958190918,8.837699890136719,15707,11.013500213623047,1.7273800373077393,0.25676000118255615
2007,10,14,12,0,0.8604440093040466,9.92199993133545,265,9.191300392150879,8.751500129699707,17365,11.013500213623047,1.8307100534439087,0.2527100145816803
2007,10,14,15,0,0.8708760142326355,9.815799713134766,265,9.090800285339355,8.650799751281738,17519,11.013500213623047,1.8515100479125977,0.25301000475883484
2007,10,14,18,0,0.8761270046234131,9.755000114440918,265,9.024399757385254,8.579400062561035,16782,11.013500213623047,1.819159984588623,0.25492000579833984
2007,10,14,21,0,0.8785709738731384,9.732199668884277,265,8.990500450134277,8.535300254821777,15951,11.013500213623047,1.7759300470352173,0.2569800019264221
2007,10,15,0,0,0.8803830146789551,9.613499641418457,265,8.558699607849121,7.5802998542785645,15480,10.01200008392334,1.7605400085449219,0.2717899978160858
2007,10,15,3,0,0.8760020136833191,9.218700408935547,265,7.811600208282471,6.696100234985352,15828,10.01200008392334,1.8190699815750122,0.31540000438690186
2007,10,15,6,0,0.8700469732284546,8.979700088500977,255,7.570099830627441,6.527500152587891,16502,10.01200008392334,1.883810043334961,0.3300899863243103
2007,10,15,9,0,0.8690639734268188,8.932499885559082,255,7.728400230407715,6.8678998947143555,16980,10.01200008392334,1.9184000492095947,0.3194800019264221
2007,10,15,12,0,0.8653039932250977,8.85789966583252,255,7.647200107574463,6.735300064086914,17112,10.01200008392334,1.9365400075912476,0.3165299892425537
2007,10,15,15,0,0.8526449799537659,8.584799766540527,255,7.25570011138916,6.277699947357178,16909,10.01200008392334,1.958359956741333,0.3344399929046631
2007,10,15,18,0,0.8365330100059509,8.478400230407715,255,7.159900188446045,6.225500106811523,16466,10.01200008392334,1.9451600313186646,0.3422600030899048
2007,10,15,21,0,0.8254960179328918,8.56410026550293,255,7.207300186157227,6.251399993896484,15644,10.01200008392334,1.8838200569152832,0.34654000401496887
2007,10,16,0,0,0.8238360285758972,8.862299919128418,255,7.497099876403809,6.551400184631348,15472,10.01200008392334,1.8344800472259521,0.34784001111984253
2007,10,16,3,0,0.8387050032615662,9.514100074768066,265,8.216699600219727,7.384799957275391,17408,13.326800346374512,1.8633999824523926,0.3376300036907196
2007,10,16,6,0,0.8603460192680359,10.037099838256836,265,8.546500205993652,7.494500160217285,21966,13.326800346374512,2.0236399173736572,0.33142998814582825
2007,10,16,9,0,0.8758270144462585,10.223199844360352,265,8.696900367736816,7.6020002365112305,26755,13.326800346374512,2.2078700065612793,0.32374000549316406
2007,10,16,12,0,0.8634330034255981,9.60789966583252,265,7.480299949645996,6.071199893951416,28773,13.326800346374512,2.3682799339294434,0.37310001254081726
2007,10,16,15,0,0.8078500032424927,8.762900352478027,255,7.015200138092041,5.896200180053711,30047,12.114999771118164,2.558650016784668,0.38446998596191406
2007,10,16,18,0,0.7583810091018677,8.14229965209961,235,6.638000011444092,5.6707000732421875,32364,12.114999771118164,2.7813498973846436,0.3764500021934509
2007,10,16,21,0,0.7573990225791931,8.768099784851074,235,7.662199974060059,6.843900203704834,35256,9.101699829101562,2.7984800338745117,0.3059599995613098
2007,10,17,0,0,0.7488639950752258,8.860400199890137,245,7.831999778747559,7.0808000564575195,32206,8.274100303649902,2.6603200435638428,0.2970399856567383
2007,10,17,3,0,0.7746580243110657,9.201899528503418,255,8.269800186157227,7.629700183868408,32140,12.114999771118164,2.5991199016571045,0.2874400019645691
2007,10,17,6,0,0.8021690249443054,9.24429988861084,255,7.704100131988525,6.567500114440918,36302,12.114999771118164,2.741499900817871,0.33722999691963196
2007,10,17,9,0,0.8196529746055603,9.66409969329834,265,8.15939998626709,7.09660005569458,43800,12.114999771118164,2.9276700019836426,0.3391900062561035
2007,10,17,12,0,0.8505060076713562,10.521400451660156,265,9.312100410461426,8.509400367736816,51423,13.326800346374512,3.0182700157165527,0.3022400140762329
2007,10,17,15,0,0.8774870038032532,11.141799926757812,275,10.046299934387207,9.388199806213379,57798,13.326800346374512,3.0936200618743896,0.2874700129032135
2007,10,17,18,0,0.9148979783058167,12.192899703979492,275,10.921600341796875,10.175700187683105,74056,13.326800346374512,3.317379951477051,0.2979600131511688
2007,10,17,21,0,0.9442989826202393,13.391500473022461,275,12.117799758911133,11.271400451660156,114820,16.125999450683594,3.900369882583618,0.26780998706817627
2007,10,18,0,0,0.9531310200691223,13.656800270080566,275,12.542900085449219,11.763299942016602,139701,16.125999450683594,4.248380184173584,0.24341000616550446
2007,10,18,3,0,0.9536060094833374,13.439499855041504,275,12.397299766540527,11.684900283813477,136243,16.125999450683594,4.234690189361572,0.2393999993801117
2007,10,18,6,0,0.9525820016860962,13.153200149536133,275,12.143600463867188,11.467100143432617,125927,14.659700393676758,4.123419761657715,0.23980000615119934
2007,10,18,9,0,0.9519420266151428,12.904999732971191,275,11.932900428771973,11.276200294494629,115539,14.659700393676758,3.994920015335083,0.2379000037908554
2007,10,18,12,0,0.9512050151824951,12.664400100708008,275,11.67590045928955,10.88379955291748,103543,14.659700393676758,3.8252201080322266,0.23666000366210938
2007,10,18,15,0,0.933493971824646,11.907899856567383,275,10.147299766540527,8.427200317382812,89910,14.659700393676758,3.691800117492676,0.2837800085544586
2007,10,18,18,0,0.7903820276260376,10.107500076293945,265,7.825900077819824,6.354700088500977,80227,13.326800346374512,3.8326399326324463,0.38440001010894775
2007,10,18,21,0,0.7353050112724304,10.708200454711914,245,9.628199577331543,8.776300430297852,86674,12.114999771118164,3.888629913330078,0.26728999614715576
2007,10,19,0,0,0.7613570094108582,11.047300338745117,235,10.392200469970703,9.956000328063965,102349,11.013500213623047,4.158180236816406,0.21647000312805176
2007,10,19,3,0,0.7597990036010742,11.109999656677246,235,10.4753999710083,10.062399864196777,95330,12.114999771118164,3.99780011177063,0.21283000707626343
2007,10,19,6,0,0.7438669800758362,10.975500106811523,235,10.373600006103516,9.98390007019043,75507,12.114999771118164,3.5873100757598877,0.20892000198364258
2007,10,19,9,0,0.7414339780807495,10.775799751281738,245,10.217399597167969,9.856200218200684,59965,11.013500213623047,3.2373199462890625,0.20377999544143677
2007,10,19,12,0,0.7489179968833923,10.542699813842773,245,10.01930046081543,9.677499771118164,49146,11.013500213623047,2.9745500087738037,0.20003999769687653
2007,10,19,15,0,0.7649880051612854,9.896599769592285,245,8.823100090026855,7.8130998611450195,42076,11.013500213623047,2.8538200855255127,0.2521800100803375
2007,10,19,18,0,0.7885919809341431,9.012800216674805,245,7.869800090789795,6.996399879455566,40037,11.013500213623047,2.937390089035034,0.29580000042915344
2007,10,19,21,0,0.8037710189819336,8.878100395202637,245,7.832099914550781,7.03380012512207,38165,10.01200008392334,2.8992300033569336,0.29335999488830566
2007,10,20,0,0,0.8267719745635986,8.956899642944336,245,7.642300128936768,6.719900131225586,42743,10.01200008392334,3.0492401123046875,0.35440000891685486
2007,10,20,3,0,0.8605960011482239,10.026700019836426,245,8.545299530029297,7.64709997177124,64482,10.01200008392334,3.4996700286865234,0.3842799961566925
2007,10,20,6,0,0.898980975151062,11.670599937438965,255,10.11620044708252,9.157899856567383,114693,17.73889923095703,4.249549865722656,0.34393998980522156
2007,10,20,9,0,0.9242269992828369,12.864899635314941,265,11.467300415039062,10.53849983215332,185672,16.125999450683594,5.085460186004639,0.2911500036716461
2007,10,20,12,0,0.9381539821624756,13.337599754333496,265,12.14900016784668,11.36870002746582,212206,16.125999450683594,5.316440105438232,0.261819988489151
2007,10,20,15,0,0.9433460235595703,13.399499893188477,265,12.349800109863281,11.675600051879883,202390,14.659700393676758,5.175370216369629,0.24684999883174896
2007,10,20,18,0,0.9451329708099365,13.27649974822998,265,12.296799659729004,11.672499656677246,183075,14.659700393676758,4.947549819946289,0.24009999632835388
2007,10,20,21,0,0.9452469944953918,12.982799530029297,265,12.054100036621094,11.462800025939941,158135,14.659700393676758,4.658669948577881,0.23637999594211578
2007,10,21,0,0,0.9453099966049194,12.543800354003906,265,11.651700019836426,11.083600044250488,132361,14.659700393676758,4.351190090179443,0.23548999428749084
2007,10,21,3,0,0.9452409744262695,12.075400352478027,265,11.211999893188477,10.658699989318848,109092,13.326800346374512,4.044189929962158,0.23548999428749084
2007,10,21,6,0,0.9443709850311279,11.65880012512207,265,10.83650016784668,10.305299758911133,88455,13.326800346374512,3.723759889602661,0.23326000571250916
2007,10,21,9,0,0.9425579905509949,11.27750015258789,265,10.498700141906738,9.991499900817871,70676,13.326800346374512,3.4012999534606934,0.23019999265670776
2007,10,21,12,0,0.9393020272254944,10.90250015258789,265,10.146300315856934,9.640299797058105,55881,12.114999771118164,3.092400074005127,0.22949999570846558
2007,10,21,15,0,0.9326220154762268,10.416399955749512,265,9.378299713134766,8.413999557495117,43861,12.114999771118164,2.8184499740600586,0.24907000362873077
2007,10,21,18,0,0.8891029953956604,8.773599624633789,265,7.182600021362305,6.112599849700928,37729,11.013500213623047,2.878999948501587,0.35725000500679016
2007,10,21,21,0,0.8457890152931213,8.171199798583984,245,6.880799770355225,5.988100051879883,37212,11.013500213623047,2.990880012512207,0.3424200117588043
2007,10,22,0,0,0.8401319980621338,8.203499794006348,235,7.0447001457214355,6.210899829864502,42841,10.01200008392334,3.209480047225952,0.3202599883079529
2007,10,22,3,0,0.8420420289039612,8.324700355529785,235,7.1265997886657715,6.262599945068359,53463,10.01200008392334,3.5539700984954834,0.3199400007724762
2007,10,22,6,0,0.8397489786148071,8.666299819946289,235,7.471099853515625,6.594600200653076,58725,10.01200008392334,3.637890100479126,0.3122900128364563
2007,10,22,9,0,0.842985987663269,8.954999923706055,235,7.7052998542785645,6.7895002365112305,62121,11.013500213623047,3.6651999950408936,0.31668999791145325
2007,10,22,12,0,0.8451359868049622,9.114299774169922,245,7.779799938201904,6.834700107574463,64778,11.013500213623047,3.6963798999786377,0.3290799856185913
2007,10,22,15,0,0.8493009805679321,9.280099868774414,245,7.924300193786621,6.961900234222412,63335,12.114999771118164,3.6146700382232666,0.32815998792648315
2007,10,22,18,0,0.8514450192451477,9.265800476074219,245,7.895899772644043,6.929999828338623,61777,12.114999771118164,3.572279930114746,0.32958999276161194
2007,10,22,21,0,0.8651819825172424,9.531999588012695,255,8.31719970703125,7.4405999183654785,59476,12.114999771118164,3.4528300762176514,0.3054499924182892
2007,10,23,0,0,0.8852450251579285,9.764599800109863,255,8.589200019836426,7.708799839019775,56752,11.013500213623047,3.326930046081543,0.29256999492645264
2007,10,23,3,0,0.9051169753074646,10.078200340270996,255,9.030099868774414,8.257699966430664,53956,11.013500213623047,3.1852800846099854,0.2751699984073639
2007,10,23,6,0,0.9203439950942993,10.351400375366211,255,9.353699684143066,8.597200393676758,51688,11.013500213623047,3.0682499408721924,0.2629599869251251
2007,10,23,9,0,0.9300860166549683,10.54740047454834,255,9.666299819946289,9.054699897766113,49462,12.114999771118164,2.968859910964966,0.2501800060272217
2007,10,23,12,0,0.9356459975242615,10.660699844360352,255,9.850000381469727,9.303299903869629,46967,12.114999771118164,2.87568998336792,0.24065999686717987
2007,10,23,15,0,0.9401440024375916,10.723600387573242,255,9.958200454711914,9.447799682617188,44022,12.114999771118164,2.7750799655914307,0.2343900054693222
2007,10,23,18,0,0.9446099996566772,10.764399528503418,255,10.025300025939941,9.534099578857422,41538,12.114999771118164,2.689810037612915,0.23048000037670135
2007,10,23,21,0,0.9485099911689758,10.788299560546875,255,10.067899703979492,9.587400436401367,39585,12.114999771118164,2.6226398944854736,0.22742000222206116
2007,10,24,0,0,0.9495360255241394,10.526399612426758,255,9.447099685668945,8.499300003051758,38685,12.114999771118164,2.6268200874328613,0.25679001212120056
2007,10,24,3,0,0.9436349868774414,10.200599670410156,255,8.811200141906738,7.639699935913086,39507,12.114999771118164,2.6993300914764404,0.29019999504089355
2007,10,24,6,0,0.9410290122032166,10.253600120544434,255,8.845499992370605,7.707699775695801,41511,12.114999771118164,2.7562899589538574,0.29629001021385193
2007,10,24,9,0,0.9466239809989929,10.803799629211426,255,9.57450008392334,8.572999954223633,48084,12.114999771118164,2.876300096511841,0.2761400043964386
2007,10,24,12,0,0.9519820213317871,11.333499908447266,255,10.268799781799316,9.40820026397705,62590,13.326800346374512,3.187340021133423,0.25382000207901
2007,10,24,15,0,0.9565799832344055,11.295499801635742,255,10.360600471496582,9.66469955444336,65275,13.326800346374512,3.262929916381836,0.24226999282836914
2007,10,24,18,0,0.9542419910430908,10.92650032043457,255,9.872300148010254,8.982999801635742,56640,12.114999771118164,3.102679967880249,0.25211000442504883
2007,10,24,21,0,0.9436740279197693,10.389800071716309,255,9.090700149536133,7.9781999588012695,49921,12.114999771118164,3.001879930496216,0.27768000960350037
2007,10,25,0,0,0.9282640218734741,9.913900375366211,255,8.570099830627441,7.492800235748291,47959,12.114999771118164,3.0266199111938477,0.2939800024032593
2007,10,25,3,0,0.9144060015678406,9.733599662780762,255,8.526399612426758,7.568399906158447,44514,11.013500213623047,2.9529800415039062,0.2856900095939636
2007,10,25,6,0,0.8981959819793701,9.406999588012695,255,8.203300476074219,7.266600131988525,38801,11.013500213623047,2.815380096435547,0.29218000173568726
2007,10,25,9,0,0.8879250288009644,9.235899925231934,265,8.057000160217285,7.1244001388549805,32160,11.013500213623047,2.5936501026153564,0.29061999917030334
2007,10,25,12,0,0.8801959753036499,8.963399887084961,265,7.7729997634887695,6.853099822998047,27726,11.013500213623047,2.4512600898742676,0.29864999651908875
2007,10,25,15,0,0.8760089874267578,8.914299964904785,265,7.837100028991699,6.989699840545654,24324,11.013500213623047,2.3067800998687744,0.2867099940776825
2007,10,25,18,0,0.8728839755058289,8.814599990844727,265,7.727200031280518,6.84689998626709,21569,11.013500213623047,2.188199996948242,0.28512001037597656
2007,10,25,21,0,0.873615026473999,8.856800079345703,265,7.940199851989746,7.205999851226807,18983,10.01200008392334,2.0505199432373047,0.2674799859523773
2007,10,26,0,0,0.874875009059906,8.843299865722656,265,8.021499633789062,7.343900203704834,16905,10.01200008392334,1.9396100044250488,0.25363999605178833
2007,10,26,3,0,0.8770589828491211,8.74370002746582,275,7.955100059509277,7.287199974060059,15282,10.01200008392334,1.857990026473999,0.24809999763965607
2007,10,26,6,0,0.8858360052108765,8.584500312805176,275,7.875699996948242,7.357100009918213,13951,10.01200008392334,1.7945400476455688,0.24823999404907227
2007,10,26,9,0,0.8928599953651428,8.486599922180176,275,7.813399791717529,7.338099956512451,12678,9.101699829101562,1.7226799726486206,0.2461100071668625
2007,10,26,12,0,0.8949810266494751,8.473600387573242,275,7.825399875640869,7.368899822235107,11183,9.101699829101562,1.6200300455093384,0.2428400069475174
2007,10,26,15,0,0.8988900184631348,8.475299835205078,285,7.848199844360352,7.406499862670898,9901,9.101699829101562,1.524780035018921,0.24039000272750854
2007,10,26,18,0,0.9037430286407471,8.462800025939941,285,7.846499919891357,7.406599998474121,8851,9.101699829101562,1.4431899785995483,0.2393600046634674
2007,10,26,21,0,0.9077339768409729,8.432600021362305,285,7.816400051116943,7.370999813079834,7893,9.101699829101562,1.3657499551773071,0.240229994058609
2007,10,27,0,0,0.9126530289649963,8.380399703979492,285,7.761000156402588,7.318699836730957,6997,9.101699829101562,1.290410041809082,0.2423900067806244
2007,10,27,3,0,0.9169579744338989,8.310999870300293,285,7.701700210571289,7.266499996185303,6139,9.101699829101562,1.2145700454711914,0.24289999902248383
2007,10,27,6,0,0.9215430021286011,8.339099884033203,285,7.656700134277344,7.191100120544434,5523,9.101699829101562,1.1481399536132812,0.274509996175766
2007,10,27,9,0,0.9335020184516907,8.960100173950195,285,7.890399932861328,7.248899936676025,5922,9.101699829101562,1.1317800283432007,0.3587599992752075
2007,10,27,12,0,0.9555960297584534,10.588700294494629,285,8.884300231933594,7.775599956512451,9665,14.659700393676758,1.2979300022125244,0.3692600131034851
2007,10,27,15,0,0.968155026435852,11.731900215148926,285,10.112700462341309,8.74470043182373,18276,14.659700393676758,1.6780200004577637,0.29721999168395996
2007,10,27,18,0,0.9705950021743774,11.982999801635742,285,10.836700439453125,9.795700073242188,27287,14.659700393676758,2.0298399925231934,0.2464199960231781
2007,10,27,21,0,0.9694839715957642,11.95930004119873,275,11.127099990844727,10.433300018310547,32323,13.326800346374512,2.21628999710083,0.21976999938488007
2007,10,28,0,0,0.9719690084457397,11.82450008392334,275,11.152799606323242,10.668999671936035,34150,13.326800346374512,2.2969799041748047,0.20584000647068024
2007,10,28,3,0,0.9728969931602478,11.608099937438965,275,11.001500129699707,10.582599639892578,34342,13.326800346374512,2.3323800563812256,0.19990000128746033
2007,10,28,6,0,0.9732660055160522,11.387399673461914,275,10.802200317382812,10.410400390625,33628,12.114999771118164,2.3374900817871094,0.20017999410629272
2007,10,28,9,0,0.9732170104980469,11.170700073242188,275,10.58530044555664,10.201399803161621,32223,12.114999771118164,2.3168399333953857,0.2033499926328659
2007,10,28,12,0,0.9725450277328491,10.935700416564941,275,10.344400405883789,9.96049976348877,30223,12.114999771118164,2.2746798992156982,0.20698000490665436
2007,10,28,15,0,0.9712179899215698,10.690500259399414,275,10.085700035095215,9.694899559020996,27626,12.114999771118164,2.206470012664795,0.21182000637054443
2007,10,28,18,0,0.9687579870223999,10.440500259399414,275,9.776300430297852,9.251999855041504,24626,12.114999771118164,2.114650011062622,0.21797999739646912
2007,10,28,21,0,0.9639530181884766,9.806300163269043,265,8.457599639892578,7.208399772644043,21975,12.114999771118164,2.06919002532959,0.27498000860214233
2007,10,29,0,0,0.9500110149383545,8.999699592590332,265,7.4095001220703125,6.239699840545654,20454,11.013500213623047,2.093980073928833,0.33235999941825867
2007,10,29,3,0,0.9323099851608276,8.54170036315918,265,6.945499897003174,5.865099906921387,18734,11.013500213623047,2.0642199516296387,0.3566400110721588
2007,10,29,6,0,0.9131039977073669,8.134599685668945,265,6.579999923706055,5.594299793243408,18301,11.013500213623047,2.0969901084899902,0.3771899938583374
2007,10,29,9,0,0.9296140074729919,8.609399795532227,265,7.3557000160217285,6.518400192260742,17190,11.013500213623047,1.9730900526046753,0.34005001187324524
2007,10,29,12,0,0.9394490122795105,9.002699851989746,265,7.817399978637695,7.046299934387207,16298,11.013500213623047,1.8728699684143066,0.3336600065231323
2007,10,29,15,0,0.942816972732544,9.347800254821777,265,8.037799835205078,7.198699951171875,16648,10.01200008392334,1.8475799560546875,0.34836000204086304
2007,10,29,18,0,0.9470540285110474,9.784099578857422,275,8.168999671936035,7.047699928283691,17757,10.01200008392334,1.851680040359497,0.3609600067138672
2007,10,29,21,0,0.9499710202217102,9.94890022277832,275,8.023699760437012,6.722099781036377,19588,14.659700393676758,1.9186700582504272,0.37749001383781433
2007,10,30,0,0,0.9507369995117188,9.902199745178223,275,7.867099761962891,6.55049991607666,22266,14.659700393676758,2.0462300777435303,0.3877899944782257
2007,10,30,3,0,0.9515560269355774,10.207200050354004,275,8.378299713134766,7.161799907684326,24102,14.659700393676758,2.0925800800323486,0.36388999223709106
2007,10,30,6,0,0.95204097032547,10.467499732971191,275,8.580100059509277,7.210899829864502,24813,13.326800346374512,2.092590093612671,0.34804999828338623
2007,10,30,9,0,0.9526820182800293,10.725899696350098,275,9.007499694824219,7.72730016708374,25697,13.326800346374512,2.1010899543762207,0.3270300030708313
2007,10,30,12,0,0.9537580013275146,10.88640022277832,285,9.416500091552734,8.305999755859375,27232,13.326800346374512,2.1476800441741943,0.302949994802475
2007,10,30,15,0,0.956574022769928,10.93649959564209,285,9.72350025177002,8.813599586486816,28538,13.326800346374512,2.1974198818206787,0.2789599895477295
2007,10,30,18,0,0.9578890204429626,10.886199951171875,285,9.86340045928955,9.118300437927246,28418,13.326800346374512,2.203089952468872,0.2616100013256073
2007,10,30,21,0,0.9571570158004761,10.779899597167969,285,9.867799758911133,9.227800369262695,26612,12.114999771118164,2.1476800441741943,0.2525700032711029
2007,10,31,0,0,0.9535560011863708,10.645500183105469,285,9.784799575805664,9.201600074768066,23735,12.114999771118164,2.0460898876190186,0.2514899969100952
2007,10,31,3,0,0.9469529986381531,10.52340030670166,285,9.675399780273438,9.11970043182373,20813,12.114999771118164,1.9313700199127197,0.25661998987197876
2007,10,31,6,0,0.9386129975318909,10.435099601745605,285,9.581100463867188,9.037699699401855,18461,12.114999771118164,1.8295199871063232,0.2640500068664551
2007,10,31,9,0,0.932541012763977,10.41469955444336,285,9.559599876403809,9.024299621582031,17366,12.114999771118164,1.7768000364303589,0.26721999049186707
2007,10,31,12,0,0.9337670207023621,10.54539966583252,285,9.711999893188477,9.184800148010254,18532,12.114999771118164,1.8207000494003296,0.259660005569458
2007,10,31,15,0,0.9412919878959656,10.773500442504883,285,9.973699569702148,9.46150016784668,21854,12.114999771118164,1.9506900310516357,0.24913999438285828
2007,10,31,18,0,0.9494230151176453,11.08899974822998,285,10.282099723815918,9.773799896240234,27423,12.114999771118164,2.145509958267212,0.24835999310016632
2007,10,31,21,0,0.9551920294761658,11.50570011138916,285,10.600000381469727,9.984299659729004,35986,12.114999771118164,2.399480104446411,0.25547999143600464
2007,11,1,0,0,0.9594380259513855,12.006199836730957,285,10.696499824523926,9.406399726867676,50626,14.659700393676758,2.765630006790161,0.26284998655319214
2007,11,1,3,0,0.962082028388977,12.178099632263184,285,10.91819953918457,9.793499946594238,69177,14.659700393676758,3.2020699977874756,0.2584399878978729
2007,11,1,6,0,0.9610229730606079,12.192500114440918,285,11.09280014038086,10.194600105285645,74237,13.326800346374512,3.3165500164031982,0.2508299946784973
2007,11,1,9,0,0.9574450254440308,11.894700050354004,285,10.558500289916992,9.39739990234375,69832,13.326800346374512,3.2621800899505615,0.2688399851322174
2007,11,1,12,0,0.953948974609375,11.662199974060059,285,10.312899589538574,9.170299530029297,62983,13.326800346374512,3.135010004043579,0.27382999658584595
2007,11,1,15,0,0.9514819979667664,11.55780029296875,285,10.316800117492676,9.32919979095459,57132,13.326800346374512,3.003619909286499,0.2701900005340576
2007,11,1,18,0,0.9491860270500183,11.555299758911133,285,10.46560001373291,9.687999725341797,54394,13.326800346374512,2.933720111846924,0.2632099986076355
2007,11,1,21,0,0.9468479752540588,11.664799690246582,285,10.659700393676758,9.98009967803955,54175,13.326800346374512,2.912450075149536,0.2560499906539917
2007,11,2,0,0,0.9448630213737488,11.831700325012207,285,10.872900009155273,10.230999946594238,55311,13.326800346374512,2.9179399013519287,0.24935999512672424
2007,11,2,3,0,0.9436010122299194,11.976499557495117,285,11.047599792480469,10.42710018157959,56027,13.326800346374512,2.9153900146484375,0.2445800006389618
2007,11,2,6,0,0.9428650140762329,12.035799980163574,285,11.131500244140625,10.528300285339355,54594,13.326800346374512,2.8693699836730957,0.2409999966621399
2007,11,2,9,0,0.9425889849662781,12.013899803161621,285,11.123800277709961,10.532500267028809,50856,13.326800346374512,2.7727599143981934,0.23973000049591064
2007,11,2,12,0,0.9422140121459961,11.936699867248535,285,11.04740047454834,10.46049976348877,45520,13.326800346374512,2.634040117263794,0.24112999439239502
2007,11,2,15,0,0.9395480155944824,11.806900024414062,285,10.907099723815918,10.316499710083008,38894,13.326800346374512,2.4514400959014893,0.24435000121593475
2007,11,2,18,0,0.9337279796600342,11.697199821472168,275,10.754599571228027,10.132100105285645,31936,13.326800346374512,2.233949899673462,0.2511500120162964
2007,11,2,21,0,0.9273689985275269,11.591500282287598,275,9.928199768066406,8.256500244140625,27059,13.326800346374512,2.063469886779785,0.28321999311447144
2007,11,3,0,0,0.9185580015182495,10.662199974060059,275,8.139399528503418,6.498700141906738,29225,16.125999450683594,2.2380599975585938,0.3869200050830841
2007,11,3,3,0,0.9214900135993958,10.437299728393555,275,8.3016996383667,6.881199836730957,40932,16.125999450683594,2.6876800060272217,0.3808099925518036
2007,11,3,6,0,0.92610102891922,10.732099533081055,275,8.762700080871582,7.356200218200684,51279,14.659700393676758,2.964020013809204,0.3557400107383728
2007,11,3,9,0,0.9329169988632202,11.162400245666504,275,9.493200302124023,8.256400108337402,53795,14.659700393676758,2.968859910964966,0.3226499855518341
2007,11,3,12,0,0.937736988067627,11.3193998336792,285,9.817500114440918,8.639900207519531,52063,14.659700393676758,2.8987600803375244,0.3000600039958954
2007,11,3,15,0,0.9381399750709534,11.171299934387207,285,9.548399925231934,8.178500175476074,48514,14.659700393676758,2.8204400539398193,0.29997000098228455
2007,11,3,18,0,0.9288449883460999,10.690299987792969,275,8.72920036315918,7.206500053405762,43926,13.326800346374512,2.7511799335479736,0.3296400010585785
2007,11,3,21,0,0.9163129925727844,10.061300277709961,275,7.994500160217285,6.602700233459473,39898,13.326800346374512,2.7137200832366943,0.36553001403808594
2007,11,4,0,0,0.9067350029945374,9.439900398254395,275,7.560800075531006,6.375199794769287,38294,13.326800346374512,2.7618799209594727,0.3842700123786926
2007,11,4,3,0,0.9074910283088684,9.396599769592285,275,7.854100227355957,6.825500011444092,37108,13.326800346374512,2.7379300594329834,0.3571999967098236
2007,11,4,6,0,0.9109299778938293,9.438699722290039,275,8.118000030517578,7.20389986038208,38459,12.114999771118164,2.789720058441162,0.3314799964427948
2007,11,4,9,0,0.9200699925422668,9.816800117492676,275,8.806400299072266,8.11139965057373,41964,12.114999771118164,2.8575499057769775,0.2865400016307831
2007,11,4,12,0,0.926842987537384,9.885100364685059,275,8.937000274658203,8.278900146484375,37917,12.114999771118164,2.707819938659668,0.2756899893283844
2007,11,4,15,0,0.9288870096206665,9.824600219726562,275,8.880399703979492,8.263400077819824,32047,11.013500213623047,2.4982099533081055,0.2798599898815155
2007,11,4,18,0,0.9270240068435669,9.80270004272461,275,8.855799674987793,8.256400108337402,27824,11.013500213623047,2.3309900760650635,0.28433001041412354
2007,11,4,21,0,0.922074019908905,9.83329963684082,275,8.87660026550293,8.283699989318848,24913,11.013500213623047,2.201819896697998,0.2895500063896179
2007,11,5,0,0,0.916208028793335,9.899999618530273,275,8.93179988861084,8.339699745178223,22895,11.013500213623047,2.1026198863983154,0.29357001185417175
2007,11,5,3,0,0.9111239910125732,9.955699920654297,275,8.98550033569336,8.394499778747559,21125,11.013500213623047,2.0134999752044678,0.2946600019931793
2007,11,5,6,0,0.9073960185050964,9.969300270080566,275,9.010700225830078,8.424599647521973,19237,11.013500213623047,1.920549988746643,0.2928900122642517
2007,11,5,9,0,0.9044079780578613,9.937800407409668,275,8.997599601745605,8.41919994354248,17160,11.013500213623047,1.8179099559783936,0.2900499999523163
2007,11,5,12,0,0.9008259773254395,9.882100105285645,275,8.952899932861328,8.379199981689453,15048,11.013500213623047,1.7084399461746216,0.2891699969768524
2007,11,5,15,0,0.8949009776115417,9.839099884033203,275,8.891200065612793,8.300100326538086,13101,10.01200008392334,1.5979199409484863,0.293720006942749
2007,11,5,18,0,0.8866029977798462,9.838399887084961,265,8.813799858093262,8.128700256347656,11492,10.01200008392334,1.4955799579620361,0.3045099973678589
2007,11,5,21,0,0.8803709745407104,9.794899940490723,265,8.533499717712402,7.645899772644043,10359,10.01200008392334,1.4210799932479858,0.3295600116252899
2007,11,6,0,0,0.8761379718780518,9.898900032043457,265,8.564399719238281,7.651299953460693,9615,10.01200008392334,1.3591500520706177,0.34174999594688416
2007,11,6,3,0,0.8806530237197876,10.137299537658691,265,8.898300170898438,8.110199928283691,9507,10.01200008392334,1.332419991493225,0.3379000127315521
2007,11,6,6,0,0.8934680223464966,10.42549991607666,265,9.313199996948242,8.65530014038086,11066,10.01200008392334,1.414430022239685,0.3177100121974945
2007,11,6,9,0,0.9084699749946594,10.62030029296875,265,9.691699981689453,9.117400169372559,14676,10.01200008392334,1.6137100458145142,0.28294000029563904
2007,11,6,12,0,0.91736900806427,10.58650016784668,265,9.803899765014648,9.312999725341797,17908,11.013500213623047,1.789430022239685,0.2611500024795532
2007,11,6,15,0,0.9219080209732056,10.436599731445312,265,9.706000328063965,9.26099967956543,18778,11.013500213623047,1.8507399559020996,0.25916001200675964
2007,11,6,18,0,0.9233480095863342,10.302800178527832,265,9.544599533081055,9.104900360107422,18123,10.01200008392334,1.833109974861145,0.27241000533103943
2007,11,6,21,0,0.9210039973258972,10.252099990844727,265,9.415800094604492,8.95300006866455,17324,10.01200008392334,1.7963299751281738,0.29203000664711
2007,11,7,0,0,0.9157270193099976,10.288200378417969,265,9.35509967803955,8.852399826049805,16838,10.01200008392334,1.764680027961731,0.30897998809814453
2007,11,7,3,0,0.9090679883956909,10.366900444030762,265,9.344900131225586,8.79699993133545,16482,10.01200008392334,1.7354099750518799,0.31960999965667725
2007,11,7,6,0,0.9033039808273315,10.478799819946289,265,9.38640022277832,8.7947998046875,16309,10.01200008392334,1.7130999565124512,0.3244900107383728
2007,11,7,9,0,0.9026669859886169,10.646599769592285,265,9.527400016784668,8.90410041809082,17252,12.114999771118164,1.7442599534988403,0.3202199935913086
2007,11,7,12,0,0.9084699749946594,10.749099731445312,265,9.69849967956543,9.07610034942627,20677,12.114999771118164,1.900149941444397,0.3033599853515625
2007,11,7,15,0,0.9123179912567139,10.639800071716309,265,9.626399993896484,8.98069953918457,24034,11.013500213623047,2.063309907913208,0.29613998532295227
2007,11,7,18,0,0.9099879860877991,10.386699676513672,265,9.19320011138916,8.27280044555664,23817,11.013500213623047,2.0833799839019775,0.31047001481056213
2007,11,7,21,0,0.9028549790382385,10.161399841308594,265,8.846199989318848,7.867199897766113,21396,11.013500213623047,1.9991400241851807,0.3286899924278259
2007,11,8,0,0,0.8973479866981506,10.027299880981445,255,8.612000465393066,7.5644001960754395,18850,11.013500213623047,1.8896299600601196,0.34202998876571655
2007,11,8,3,0,0.8907470107078552,10.02280044555664,255,8.64210033416748,7.741099834442139,16912,10.01200008392334,1.7886500358581543,0.35109999775886536
2007,11,8,6,0,0.8835099935531616,10.063300132751465,255,8.666099548339844,7.815400123596191,15440,10.01200008392334,1.7032599449157715,0.3601199984550476
2007,11,8,9,0,0.8772209882736206,10.078100204467773,255,8.644399642944336,7.815499782562256,14178,10.01200008392334,1.62909996509552,0.36991000175476074
2007,11,8,12,0,0.8721820116043091,10.047900199890137,255,8.57699966430664,7.7581000328063965,12975,17.73889923095703,1.559630036354065,0.37902000546455383
2007,11,8,15,0,0.8719130158424377,9.973999977111816,245,8.43120002746582,7.585000038146973,11879,17.73889923095703,1.496809959411621,0.3902199864387512
2007,11,8,18,0,0.8737630248069763,9.713299751281738,245,7.918499946594238,6.8694000244140625,11064,17.73889923095703,1.463479995727539,0.4150199890136719
2007,11,8,21,0,0.8715370297431946,8.599900245666504,245,6.373700141906738,5.218900203704834,11343,16.125999450683594,1.5809400081634521,0.4890500009059906
2007,11,9,0,0,0.8654450178146362,7.67579984664917,235,5.849800109863281,4.959499835968018,13163,6.837800025939941,1.8161499500274658,0.5058799982070923
2007,11,9,3,0,0.8652669787406921,7.2316999435424805,225,5.737299919128418,4.932600021362305,17804,7.5218000411987305,2.1956400871276855,0.4629499912261963
2007,11,9,6,0,0.8777940273284912,7.264900207519531,215,6.062399864196777,5.3125,30270,8.274100303649902,2.8765199184417725,0.38646000623703003
2007,11,9,9,0,0.8838120102882385,7.972799777984619,215,6.902500152587891,6.160200119018555,41059,9.101699829101562,3.1937599182128906,0.3285599946975708
2007,11,9,12,0,0.8794659972190857,8.350600242614746,225,7.311200141906738,6.569300174713135,48852,9.101699829101562,3.3949100971221924,0.3106499910354614
2007,11,9,15,0,0.8867059946060181,9.542699813842773,245,8.431500434875488,7.632199764251709,70559,11.013500213623047,3.7636799812316895,0.29412999749183655
2007,11,9,18,0,0.9144420027732849,10.696100234985352,255,9.665499687194824,8.937199592590332,95157,12.114999771118164,4.074319839477539,0.2673799991607666
2007,11,9,21,0,0.9299330115318298,11.331199645996094,255,10.463600158691406,9.888799667358398,104947,13.326800346374512,4.129149913787842,0.2410700023174286
2007,11,10,0,0,0.9217560291290283,11.070199966430664,255,10.278599739074707,9.755800247192383,83710,12.114999771118164,3.745579957962036,0.23366999626159668
2007,11,10,3,0,0.8949980139732361,10.285499572753906,265,9.372599601745605,8.621600151062012,55071,12.114999771118164,3.184040069580078,0.2487799972295761
2007,11,10,6,0,0.7969509959220886,8.308099746704102,245,6.9532999992370605,6.042300224304199,43492,11.013500213623047,3.1972599029541016,0.35135000944137573
2007,11,10,9,0,0.811922013759613,8.164899826049805,225,7.24370002746582,6.580900192260742,49636,10.01200008392334,3.4708800315856934,0.29631999135017395
2007,11,10,12,0,0.8030880093574524,8.49370002746582,235,7.709700107574463,7.160699844360352,44075,9.101699829101562,3.2029900550842285,0.2723200023174286
2007,11,10,15,0,0.7978789806365967,8.852100372314453,245,8.150799751281738,7.688199996948242,43914,9.101699829101562,3.122960090637207,0.25797998905181885
2007,11,10,18,0,0.8034260272979736,9.490400314331055,255,8.840700149536133,8.455400466918945,49494,10.01200008392334,3.180579900741577,0.24696999788284302
2007,11,10,21,0,0.8431620001792908,10.446100234985352,265,9.718099594116211,9.286399841308594,65978,11.013500213623047,3.4554600715637207,0.2467000037431717
2007,11,11,0,0,0.8779000043869019,11.144599914550781,265,10.390899658203125,9.931099891662598,83583,12.114999771118164,3.7303900718688965,0.2374500036239624
2007,11,11,3,0,0.8830469846725464,11.287799835205078,265,10.522199630737305,10.034500122070312,83490,12.114999771118164,3.6967198848724365,0.23397000133991241
2007,11,11,6,0,0.852528989315033,10.136699676513672,265,8.28689956665039,6.915900230407715,78742,12.114999771118164,3.8054399490356445,0.33768001198768616
2007,11,11,9,0,0.8405370116233826,10.217499732971191,265,9.11050033569336,8.37559986114502,78107,12.114999771118164,3.7903900146484375,0.2904900014400482
2007,11,11,12,0,0.8535370230674744,10.428099632263184,265,9.521200180053711,8.946800231933594,70041,12.114999771118164,3.5525999069213867,0.2636600136756897
2007,11,11,15,0,0.8625349998474121,10.463500022888184,265,9.63479995727539,9.120200157165527,58816,12.114999771118164,3.251970052719116,0.2528800070285797
2007,11,11,18,0,0.858879029750824,10.076299667358398,265,8.72249984741211,7.580599784851074,50256,12.114999771118164,3.0681300163269043,0.29159998893737793
2007,11,11,21,0,0.8025670051574707,8.653499603271484,255,7.097499847412109,6.115499973297119,48889,12.114999771118164,3.29475998878479,0.375900000333786
2007,11,12,0,0,0.8123739957809448,8.030099868774414,225,6.928999900817871,6.170000076293945,82903,9.101699829101562,4.512969970703125,0.3290799856185913
2007,11,12,3,0,0.7911829948425293,8.81029987335205,235,7.635300159454346,6.806000232696533,116301,10.01200008392334,5.062749862670898,0.3187299966812134
2007,11,12,6,0,0.7841920256614685,9.601900100708008,235,8.323800086975098,7.415900230407715,170773,12.114999771118164,5.8192901611328125,0.3167000114917755
2007,11,12,9,0,0.7846570014953613,10.250300407409668,245,8.818099975585938,7.772799968719482,197288,12.114999771118164,6.002490043640137,0.3180600106716156
2007,11,12,12,0,0.7954480051994324,10.484700202941895,235,9.192700386047363,8.269200325012207,235260,13.326800346374512,6.4699201583862305,0.3018200099468231
2007,11,12,15,0,0.8547040224075317,10.941499710083008,225,9.686400413513184,8.755399703979492,341803,13.326800346374512,7.59591007232666,0.2847200036048889
2007,11,12,18,0,0.8793269991874695,12.02340030670166,225,11.081199645996094,10.441900253295898,363763,13.326800346374512,7.399640083312988,0.24017000198364258
2007,11,12,21,0,0.849793016910553,12.088199615478516,235,11.294899940490723,10.76099967956543,261789,13.326800346374512,6.261250019073486,0.22148999571800232
2007,11,13,0,0,0.8224719762802124,11.613800048828125,245,10.836999893188477,10.32289981842041,197641,13.326800346374512,5.58266019821167,0.22600999474525452
2007,11,13,3,0,0.8155980110168457,11.475600242614746,245,10.752400398254395,10.270899772644043,155978,12.114999771118164,5.000949859619141,0.21974000334739685
2007,11,13,6,0,0.810912013053894,11.315099716186523,245,10.600600242614746,10.114700317382812,130230,12.114999771118164,4.612209796905518,0.21854999661445618
2007,11,13,9,0,0.8137779831886292,11.189499855041504,255,10.525699615478516,10.080599784851074,111375,12.114999771118164,4.29863977432251,0.2133300006389618
2007,11,13,12,0,0.8178269863128662,11.044599533081055,255,10.408900260925293,9.985400199890137,95726,12.114999771118164,4.020450115203857,0.21074999868869781
2007,11,13,15,0,0.8215550184249878,10.914600372314453,255,10.319299697875977,9.930399894714355,82384,12.114999771118164,3.7603299617767334,0.2065100073814392
2007,11,13,18,0,0.8260700106620789,10.800800323486328,255,10.245499610900879,9.886199951171875,71537,12.114999771118164,3.529939889907837,0.2013999968767166
2007,11,13,21,0,0.8314430117607117,10.659600257873535,255,10.12969970703125,9.788999557495117,62426,12.114999771118164,3.3271501064300537,0.1985899955034256
2007,11,14,0,0,0.836217999458313,10.503499984741211,255,9.988699913024902,9.65839958190918,54926,11.013500213623047,3.151779890060425,0.19742000102996826
2007,11,14,3,0,0.8408060073852539,10.361700057983398,255,9.855999946594238,9.531900405883789,48749,11.013500213623047,2.9959800243377686,0.1970600038766861
2007,11,14,6,0,0.8467170000076294,10.243300437927246,265,9.739299774169922,9.416299819946289,43055,11.013500213623047,2.836590051651001,0.19787000119686127
2007,11,14,9,0,0.852869987487793,10.127400398254395,265,9.619999885559082,9.292900085449219,37506,11.013500213623047,2.6666998863220215,0.19960999488830566
2007,11,14,12,0,0.8567320108413696,9.99020004272461,265,9.423700332641602,8.937800407409668,32185,11.013500213623047,2.4914300441741943,0.20284000039100647
2007,11,14,15,0,0.8432329893112183,9.4350004196167,265,8.03969955444336,6.7459001541137695,26968,11.013500213623047,2.3522400856018066,0.2696300148963928
2007,11,14,18,0,0.8267499804496765,9.102399826049805,265,7.480199813842773,6.1641998291015625,20831,11.013500213623047,2.108299970626831,0.3004299998283386
2007,11,14,21,0,0.751567006111145,7.97790002822876,255,6.0192999839782715,4.887800216674805,15269,11.013500213623047,1.9370499849319458,0.39344000816345215
2007,11,15,0,0,0.6812719702720642,6.4532999992370605,215,5.172100067138672,4.481599807739258,16501,9.101699829101562,2.263360023498535,0.41802000999450684
2007,11,15,3,0,0.8754240274429321,7.239500045776367,205,6.14109992980957,5.399600028991699,38042,10.01200008392334,3.243619918823242,0.33667001128196716
2007,11,15,6,0,0.904229998588562,8.713700294494629,215,7.568399906158447,6.73330020904541,83417,10.01200008392334,4.320819854736328,0.30709999799728394
2007,11,15,9,0,0.9059609770774841,9.614700317382812,225,8.4931001663208,7.695400238037109,100707,11.013500213623047,4.473080158233643,0.2924700081348419
2007,11,15,12,0,0.909542977809906,9.931500434875488,225,8.850899696350098,8.081899642944336,93321,12.114999771118164,4.22314977645874,0.2820099890232086
2007,11,15,15,0,0.9068430066108704,10.235600471496582,235,9.155799865722656,8.37030029296875,83871,12.114999771118164,3.9308600425720215,0.2767699956893921
2007,11,15,18,0,0.9072819948196411,10.727899551391602,235,9.441399574279785,8.439800262451172,93131,12.114999771118164,4.016049861907959,0.2871200144290924
2007,11,15,21,0,0.8972740173339844,10.678899765014648,235,9.160499572753906,7.999800205230713,100888,13.326800346374512,4.181560039520264,0.30972999334335327
2007,11,16,0,0,0.8754839897155762,9.90880012512207,235,8.18529987335205,6.9899001121521,106299,13.326800346374512,4.48121976852417,0.35008999705314636
2007,11,16,3,0,0.8766409754753113,9.916299819946289,235,8.522199630737305,7.508699893951416,118433,13.326800346374512,4.745279788970947,0.31692999601364136
2007,11,16,6,0,0.8820359706878662,10.438899993896484,235,9.395899772644043,8.674799919128418,116031,12.114999771118164,4.565899848937988,0.2723099887371063
2007,11,16,9,0,0.87322998046875,10.7524995803833,235,9.903499603271484,9.323200225830078,98125,12.114999771118164,4.13060998916626,0.24332000315189362
2007,11,16,12,0,0.8685190081596375,10.776100158691406,245,10.039299964904785,9.548500061035156,82369,12.114999771118164,3.7841498851776123,0.22925999760627747
2007,11,16,15,0,0.86981201171875,10.782899856567383,245,10.086899757385254,9.64109992980957,72097,12.114999771118164,3.540339946746826,0.22609999775886536
2007,11,16,18,0,0.8729310035705566,11.147199630737305,255,10.388299942016602,9.920000076293945,75607,12.114999771118164,3.5490500926971436,0.23805999755859375
2007,11,16,21,0,0.8987100124359131,12.324999809265137,265,11.363100051879883,10.788800239562988,112053,13.326800346374512,4.05748987197876,0.25878000259399414
2007,11,17,0,0,0.9267619848251343,13.285400390625,265,12.277600288391113,11.64739990234375,163442,16.125999450683594,4.677410125732422,0.24681000411510468
2007,11,17,3,0,0.9337040185928345,13.45989990234375,265,12.484199523925781,11.862000465393066,173821,16.125999450683594,4.782100200653076,0.237869992852211
2007,11,17,6,0,0.9333860278129578,13.339500427246094,275,12.386500358581543,11.779600143432617,161568,14.659700393676758,4.633820056915283,0.23601000010967255
2007,11,17,9,0,0.9356570243835449,13.17039966583252,275,12.237600326538086,11.643699645996094,146575,14.659700393676758,4.44665002822876,0.23508000373840332
2007,11,17,12,0,0.9368219971656799,12.983699798583984,275,12.073599815368652,11.49209976196289,131188,14.659700393676758,4.242249965667725,0.23353999853134155
2007,11,17,15,0,0.9373180270195007,12.774499893188477,275,11.89009952545166,11.322199821472168,115001,14.659700393676758,4.010469913482666,0.2315399944782257
2007,11,17,18,0,0.9383080005645752,12.568499565124512,275,11.728400230407715,11.182900428771973,101488,14.659700393676758,3.8048300743103027,0.22662000358104706
2007,11,17,21,0,0.9393320083618164,12.321200370788574,275,11.523599624633789,10.992300033569336,89911,13.326800346374512,3.626120090484619,0.22213999927043915
2007,11,18,0,0,0.9345840215682983,10.485600471496582,275,8.512999534606934,7.145100116729736,87608,13.326800346374512,3.9201700687408447,0.3516699969768524
2007,11,18,3,0,0.9332280158996582,10.543000221252441,275,9.140000343322754,8.18120002746582,79089,13.326800346374512,3.7283101081848145,0.3124200105667114
2007,11,18,6,0,0.9357799887657166,10.805299758911133,275,9.650099754333496,8.886199951171875,67713,13.326800346374512,3.4060699939727783,0.28244999051094055
2007,11,18,9,0,0.935683012008667,10.86769962310791,275,9.867300033569336,9.214400291442871,60438,13.326800346374512,3.2121500968933105,0.26409000158309937
2007,11,18,12,0,0.9275709986686707,10.827500343322754,275,9.928000450134277,9.350299835205078,55717,12.114999771118164,3.095319986343384,0.2542099952697754
2007,11,18,15,0,0.9124259948730469,10.799200057983398,275,9.972800254821777,9.451700210571289,54265,12.114999771118164,3.0626800060272217,0.24718999862670898
2007,11,18,18,0,0.9033589959144592,10.802200317382812,275,10.025899887084961,9.540499687194824,53316,12.114999771118164,3.0372400283813477,0.24108000099658966
2007,11,18,21,0,0.8998439908027649,10.77280044555664,275,10.025799751281738,9.560700416564941,50135,12.114999771118164,2.9516000747680664,0.2375199943780899
2007,11,19,0,0,0.8998630046844482,10.723699569702148,275,9.98490047454834,9.52649974822998,45474,12.114999771118164,2.8198699951171875,0.237419992685318
2007,11,19,3,0,0.900646984577179,10.68589973449707,275,9.932999610900879,9.468899726867676,40292,12.114999771118164,2.6603100299835205,0.2411700040102005
2007,11,19,6,0,0.9014949798583984,10.695199966430664,275,9.896100044250488,9.3725004196167,35786,12.114999771118164,2.505160093307495,0.2469400018453598
2007,11,19,9,0,0.9032660126686096,10.598199844360352,275,9.514200210571289,8.549599647521973,33081,12.114999771118164,2.4193999767303467,0.263700008392334
2007,11,19,12,0,0.9053040146827698,10.54990005493164,275,9.578200340270996,8.874099731445312,30946,12.114999771118164,2.3473401069641113,0.26392999291419983
2007,11,19,15,0,0.9069049954414368,10.458399772644043,275,9.523799896240234,8.905699729919434,28940,11.013500213623047,2.2823801040649414,0.2668600082397461
2007,11,19,18,0,0.9076439738273621,10.410099983215332,275,9.461799621582031,8.863699913024902,27449,11.013500213623047,2.2281301021575928,0.2734200060367584
2007,11,19,21,0,0.906449019908905,10.355999946594238,275,9.341500282287598,8.711899757385254,26669,11.013500213623047,2.2008800506591797,0.2842400074005127
2007,11,20,0,0,0.9028580188751221,10.286199569702148,275,9.218799591064453,8.562999725341797,26448,11.013500213623047,2.198669910430908,0.29284998774528503
2007,11,20,3,0,0.9018210172653198,10.299699783325195,275,9.238200187683105,8.580100059509277,26157,11.013500213623047,2.184839963912964,0.2906700074672699
2007,11,20,6,0,0.9046549797058105,10.317399978637695,275,9.350899696350098,8.73840045928955,27307,11.013500213623047,2.233370065689087,0.2757999897003174
2007,11,20,9,0,0.9037479758262634,10.251199722290039,275,9.3774995803833,8.824000358581543,27517,11.013500213623047,2.2540900707244873,0.26396000385284424
2007,11,20,12,0,0.8967769742012024,10.130200386047363,275,9.274299621582031,8.741000175476074,24924,11.013500213623047,2.1613500118255615,0.26436999440193176
2007,11,20,15,0,0.889618992805481,9.990699768066406,275,9.112000465393066,8.57289981842041,21650,11.013500213623047,2.0305399894714355,0.27074000239372253
2007,11,20,18,0,0.8849350214004517,9.874199867248535,275,8.966899871826172,8.413599967956543,18824,11.013500213623047,1.9059699773788452,0.2768000066280365
2007,11,20,21,0,0.882390022277832,9.79889965057373,275,8.879599571228027,8.315099716186523,16638,11.013500213623047,1.8001199960708618,0.27869001030921936
2007,11,21,0,0,0.879787027835846,9.749899864196777,275,8.835200309753418,8.266300201416016,14887,11.013500213623047,1.7084499597549438,0.2777000069618225
2007,11,21,3,0,0.8755589723587036,9.71090030670166,275,8.807600021362305,8.241800308227539,13410,10.01200008392334,1.6258900165557861,0.27682000398635864
2007,11,21,6,0,0.8696169853210449,9.667799949645996,265,8.772299766540527,8.212800025939941,12067,10.01200008392334,1.5465099811553955,0.2778800129890442
2007,11,21,9,0,0.8642690181732178,9.602299690246582,265,8.695300102233887,8.139200210571289,10603,10.01200008392334,1.455180048942566,0.2847299873828888
2007,11,21,12,0,0.8601750135421753,9.632699966430664,265,8.618399620056152,8.039299964904785,9225,10.01200008392334,1.3538700342178345,0.31738999485969543
2007,11,21,15,0,0.8728960156440735,10.448800086975098,265,8.918000221252441,8.18340015411377,9428,9.101699829101562,1.3033100366592407,0.40518999099731445
2007,11,21,18,0,0.9227650165557861,13.401399612426758,265,10.966500282287598,9.654199600219727,18177,16.125999450683594,1.5631400346755981,0.39337998628616333
2007,11,21,21,0,0.9581180214881897,15.633600234985352,275,13.606800079345703,11.873800277709961,50510,19.513200759887695,2.3841099739074707,0.2857699990272522
2007,11,22,0,0,0.9672420024871826,15.982799530029297,275,14.55109977722168,13.183500289916992,100004,19.513200759887695,3.305490016937256,0.2360599935054779
2007,11,22,3,0,0.9692599773406982,15.657400131225586,275,14.621000289916992,13.782500267028809,132409,17.73889923095703,3.8371500968933105,0.21371999382972717
2007,11,22,6,0,0.9692360162734985,15.15880012512207,275,14.273900032043457,13.625100135803223,134828,17.73889923095703,3.935080051422119,0.2056100070476532
2007,11,22,9,0,0.9682959914207458,14.559599876403809,275,13.720499992370605,13.122099876403809,115244,16.125999450683594,3.7174301147460938,0.20552000403404236
2007,11,22,12,0,0.9669920206069946,13.987500190734863,275,13.177900314331055,12.604499816894531,94010,16.125999450683594,3.4331600666046143,0.20578999817371368
2007,11,22,15,0,0.96458500623703,13.40939998626709,275,12.610400199890137,12.042400360107422,74449,14.659700393676758,3.131380081176758,0.20855000615119934
2007,11,22,18,0,0.9617000222206116,12.845199584960938,275,12.041799545288086,11.430100440979004,59599,14.659700393676758,2.874969959259033,0.210099995136261
2007,11,22,21,0,0.9591590166091919,12.41759967803955,275,11.627900123596191,11.037300109863281,48983,14.659700393676758,2.661479949951172,0.21145999431610107
2007,11,23,0,0,0.9553020000457764,11.93649959564209,275,11.167799949645996,10.611800193786621,38433,13.326800346374512,2.4176700115203857,0.21467000246047974
2007,11,23,3,0,0.9521549940109253,11.514900207519531,275,10.786199569702148,10.266500473022461,30964,13.326800346374512,2.2212400436401367,0.21344999969005585
2007,11,23,6,0,0.9492110013961792,11.175999641418457,275,10.371899604797363,9.699899673461914,25636,13.326800346374512,2.059999942779541,0.21953999996185303
2007,11,23,9,0,0.9451310038566589,10.809800148010254,275,10.02649974822998,9.410300254821777,20275,12.114999771118164,1.8722699880599976,0.22447000443935394
2007,11,23,12,0,0.9401440024375916,10.447099685668945,275,9.638400077819824,8.99269962310791,16213,12.114999771118164,1.7115999460220337,0.23114000260829926
2007,11,23,15,0,0.9357420206069946,10.175600051879883,275,9.300399780273438,8.584199905395508,13285,12.114999771118164,1.5753099918365479,0.24286000430583954
2007,11,23,18,0,0.9313790202140808,9.989299774169922,275,9.026200294494629,8.258299827575684,10853,12.114999771118164,1.4403400421142578,0.265390008687973
2007,11,23,21,0,0.9286929965019226,10.047900199890137,265,8.938599586486816,8.142399787902832,9381,11.013500213623047,1.334190011024475,0.30518999695777893
2007,11,24,0,0,0.9292060136795044,10.653400421142578,265,9.187800407409668,8.270099639892578,9619,11.013500213623047,1.3026700019836426,0.3598800003528595
2007,11,24,3,0,0.9252020120620728,11.655400276184082,265,9.791000366210938,8.717900276184082,12440,11.013500213623047,1.4005399942398071,0.3800700008869171
2007,11,24,6,0,0.9251949787139893,12.73289966583252,265,10.78909969329834,9.555100440979004,19201,14.659700393676758,1.6467599868774414,0.3435699939727783
2007,11,24,9,0,0.9289659857749939,13.456500053405762,265,11.81980037689209,10.56309986114502,30013,17.73889923095703,1.9900399446487427,0.289000004529953
2007,11,24,12,0,0.9282259941101074,13.43910026550293,265,12.02810001373291,10.661600112915039,38802,17.73889923095703,2.2634100914001465,0.2585600018501282
2007,11,24,15,0,0.9246820211410522,13.139100074768066,265,11.767399787902832,10.305700302124023,43256,13.326800346374512,2.421380043029785,0.24979999661445618
2007,11,24,18,0,0.9206179976463318,12.911700248718262,265,11.714500427246094,10.545999526977539,43714,16.125999450683594,2.459969997406006,0.2443699985742569
2007,11,24,21,0,0.9168189764022827,12.648799896240234,265,11.615799903869629,10.732500076293945,40919,16.125999450683594,2.4100000858306885,0.23959000408649445
2007,11,25,0,0,0.9141389727592468,11.647299766540527,265,9.974900245666504,8.517399787902832,40075,14.659700393676758,2.499530076980591,0.2981800138950348
2007,11,25,3,0,0.911204993724823,10.963000297546387,265,9.348600387573242,8.234000205993652,38226,14.659700393676758,2.529059886932373,0.3262600004673004
2007,11,25,6,0,0.9104909896850586,10.825799942016602,265,9.340399742126465,8.314299583435059,32469,14.659700393676758,2.35125994682312,0.31606000661849976
2007,11,25,9,0,0.9089310169219971,10.634300231933594,265,9.280500411987305,8.352800369262695,27329,14.659700393676758,2.1833200454711914,0.3059599995613098
2007,11,25,12,0,0.9075139760971069,10.481399536132812,265,9.222900390625,8.362600326538086,23653,14.659700393676758,2.0511600971221924,0.29846999049186707
2007,11,25,15,0,0.9064900279045105,10.389300346374512,265,9.208100318908691,8.406599998474121,20855,14.659700393676758,1.9380500316619873,0.29295000433921814
2007,11,25,18,0,0.9049720168113708,10.2431001663208,265,9.139599800109863,8.404000282287598,18194,14.659700393676758,1.8275799751281738,0.289029985666275
2007,11,25,21,0,0.9023619890213013,10.021300315856934,265,9.00160026550293,8.334600448608398,15619,13.326800346374512,1.717919945716858,0.2844499945640564
2007,11,26,0,0,0.8993629813194275,9.825699806213379,265,8.877699851989746,8.265700340270996,13594,13.326800346374512,1.6236200332641602,0.2790600061416626
2007,11,26,3,0,0.8964849710464478,9.703700065612793,265,8.800700187683105,8.223199844360352,12124,13.326800346374512,1.5458799600601196,0.2755799889564514
2007,11,26,6,0,0.8937280178070068,9.607000350952148,265,8.728599548339844,8.158599853515625,10877,13.326800346374512,1.4738600254058838,0.2738899886608124
2007,11,26,9,0,0.8894829750061035,9.482399940490723,265,8.639599800109863,8.092700004577637,9565,12.114999771118164,1.3939100503921509,0.2721099853515625
2007,11,26,12,0,0.8832399845123291,9.319899559020996,265,8.491000175476074,7.925000190734863,8164,11.013500213623047,1.3020299673080444,0.27191001176834106
2007,11,26,15,0,0.8590670228004456,8.222000122070312,265,6.785799980163574,5.8206000328063965,7430,9.101699829101562,1.3286000490188599,0.3630799949169159
2007,11,26,18,0,0.8109920024871826,7.034900188446045,245,5.487599849700928,4.668600082397461,9281,9.101699829101562,1.6113200187683105,0.45548999309539795
2007,11,26,21,0,0.7871869802474976,7.133299827575684,245,5.641900062561035,4.865699768066406,17963,6.837800025939941,2.2186999320983887,0.4605900049209595
2007,11,27,0,0,0.8255239725112915,8.426600456237793,245,7.090199947357178,6.271599769592285,31346,12.114999771118164,2.6819698810577393,0.3725399971008301
2007,11,27,3,0,0.8695200085639954,8.178799629211426,255,6.639699935913086,5.7256999015808105,36193,11.013500213623047,2.9290599822998047,0.39948999881744385
2007,11,27,6,0,0.8923180103302002,8.457200050354004,265,7.188000202178955,6.370299816131592,51749,9.101699829101562,3.4527299404144287,0.36726999282836914
2007,11,27,9,0,0.9192410111427307,9.60669994354248,275,8.020999908447266,7.031499862670898,58823,9.101699829101562,3.405050039291382,0.38339000940322876
2007,11,27,12,0,0.9352179765701294,10.646400451660156,275,8.776599884033203,7.566999912261963,67178,14.659700393676758,3.4086899757385254,0.3722200095653534
2007,11,27,15,0,0.9425470232963562,11.215800285339355,275,9.390800476074219,8.149999618530273,70400,14.659700393676758,3.3782498836517334,0.34375
2007,11,27,18,0,0.9433959722518921,11.434499740600586,275,9.787199974060059,8.613300323486328,65944,14.659700393676758,3.2350900173187256,0.31898999214172363
2007,11,27,21,0,0.9418330192565918,11.491700172424316,275,10.020299911499023,8.96150016784668,60913,14.659700393676758,3.103569984436035,0.30118998885154724
2007,11,28,0,0,0.9417330026626587,11.548299789428711,285,10.281700134277344,9.416500091552734,56627,13.326800346374512,2.9870200157165527,0.28327998518943787
2007,11,28,3,0,0.9412850141525269,11.543800354003906,285,10.368200302124023,9.558300018310547,52343,13.326800346374512,2.874850034713745,0.2734200060367584
2007,11,28,6,0,0.9412879943847656,11.520600318908691,285,10.381099700927734,9.610400199890137,49675,13.326800346374512,2.805259943008423,0.27052000164985657
2007,11,28,9,0,0.9426699876785278,11.576399803161621,285,10.473400115966797,9.733200073242188,49253,13.326800346374512,2.786139965057373,0.2665500044822693
2007,11,28,12,0,0.945501983165741,11.67710018157959,285,10.626299858093262,9.928299903869629,49711,13.326800346374512,2.785599946975708,0.2607100009918213
2007,11,28,15,0,0.9477649927139282,11.703800201416016,285,10.700699806213379,10.039799690246582,48637,13.326800346374512,2.7525999546051025,0.25575000047683716
2007,11,28,18,0,0.9484639763832092,11.609299659729004,285,10.623499870300293,9.931500434875488,44497,13.326800346374512,2.646850109100342,0.25286999344825745
2007,11,28,21,0,0.9359890222549438,10.832300186157227,285,8.809300422668457,7.133500099182129,38377,13.326800346374512,2.553679943084717,0.31766998767852783
2007,11,29,0,0,0.8728830218315125,9.179400444030762,275,7.185800075531006,5.973800182342529,35256,13.326800346374512,2.6901800632476807,0.4027400016784668
2007,11,29,3,0,0.8111900091171265,8.649900436401367,255,7.008800029754639,5.956399917602539,36060,12.114999771118164,2.8298299312591553,0.38620999455451965
2007,11,29,6,0,0.8091819882392883,9.0246000289917,265,7.554100036621094,6.519199848175049,35635,12.114999771118164,2.753000020980835,0.35187000036239624
2007,11,29,9,0,0.875527024269104,9.935199737548828,265,8.950499534606934,8.290499687194824,43898,11.013500213623047,2.8994901180267334,0.2851000130176544
2007,11,29,12,0,0.9227610230445862,10.555100440979004,275,9.771200180053711,9.27280044555664,60548,11.013500213623047,3.288520097732544,0.24668000638484955
2007,11,29,15,0,0.936007022857666,10.642499923706055,275,9.871100425720215,9.401399612426758,57750,11.013500213623047,3.19854998588562,0.2506999969482422
2007,11,29,18,0,0.9414910078048706,10.646599769592285,275,9.825699806213379,9.347200393676758,52019,11.013500213623047,3.0362300872802734,0.26642999053001404
2007,11,29,21,0,0.9464179873466492,10.706299781799316,275,9.793100357055664,9.278200149536133,47156,11.013500213623047,2.8782999515533447,0.28407999873161316
2007,11,30,0,0,0.951104998588562,10.937100410461426,275,9.876399993896484,9.286700248718262,43911,16.125999450683594,2.7355399131774902,0.3015100061893463
2007,11,30,3,0,0.9540010094642639,11.13759994506836,275,9.985600471496582,9.340299606323242,41113,16.125999450683594,2.612950086593628,0.30636000633239746
2007,11,30,6,0,0.9561480283737183,11.327199935913086,275,10.139699935913086,9.456199645996094,39483,16.125999450683594,2.530940055847168,0.3018699884414673
2007,11,30,9,0,0.9576449990272522,11.526599884033203,275,10.320699691772461,9.605899810791016,38335,14.659700393676758,2.4648399353027344,0.29517999291419983
2007,11,30,12,0,0.9587759971618652,11.681400299072266,275,10.486800193786621,9.753299713134766,37113,14.659700393676758,2.4041900634765625,0.28619998693466187
2007,11,30,15,0,0.9597370028495789,11.782899856567383,275,10.63070011138916,9.8927001953125,36132,14.659700393676758,2.3591699600219727,0.27500998973846436
2007,11,30,18,0,0.9604169726371765,11.832200050354004,275,10.71560001373291,9.932999610900879,35087,14.659700393676758,2.3189899921417236,0.2648800015449524
2007,11,30,21,0,0.9604970216751099,11.770999908447266,275,10.719400405883789,9.99940013885498,33156,13.326800346374512,2.2621400356292725,0.2577899992465973
2007,12,1,0,0,0.9606840014457703,11.60099983215332,285,10.562399864196777,9.819899559020996,30680,13.326800346374512,2.1961700916290283,0.2547700107097626
2007,12,1,3,0,0.960752010345459,11.418700218200684,285,10.431699752807617,9.725500106811523,27654,13.326800346374512,2.106719970703125,0.25036001205444336
2007,12,1,6,0,0.9599080085754395,11.205599784851074,285,10.240799903869629,9.553299903869629,24010,13.326800346374512,1.9872699975967407,0.2504799962043762
2007,12,1,9,0,0.9578149914741516,10.976799964904785,285,10.034700393676758,9.393099784851074,20275,13.326800346374512,1.8512699604034424,0.2547999918460846
2007,12,1,12,0,0.9546819925308228,10.756799697875977,285,9.8125,9.198699951171875,17219,12.114999771118164,1.7290799617767334,0.2646400034427643
2007,12,1,15,0,0.951645016670227,10.626700401306152,285,9.578800201416016,8.812700271606445,15296,12.114999771118164,1.6427199840545654,0.2821800112724304
2007,12,1,18,0,0.9181849956512451,9.522500038146973,275,6.902299880981445,5.389100074768066,14665,12.114999771118164,1.7020800113677979,0.4171600043773651
2007,12,1,21,0,0.9236980080604553,10.021499633789062,275,7.636300086975098,6.115900039672852,14184,12.114999771118164,1.6247600317001343,0.40689998865127563
2007,12,2,0,0,0.8768270015716553,8.980600357055664,275,6.814499855041504,5.73360013961792,16017,17.73889923095703,1.8305699825286865,0.47881999611854553
2007,12,2,3,0,0.8591709733009338,8.387399673461914,265,6.1768999099731445,5.183599948883057,16799,16.125999450683594,1.9413100481033325,0.5214599967002869
2007,12,2,6,0,0.8558509945869446,7.664000034332275,265,5.9182000160217285,5.131400108337402,22224,16.125999450683594,2.3520100116729736,0.5190799832344055
2007,12,2,9,0,0.8762969970703125,7.90939998626709,255,6.465099811553955,5.670499801635742,30749,7.5218000411987305,2.7424099445343018,0.4398399889469147
2007,12,2,12,0,0.8940399885177612,8.534600257873535,265,7.172900199890137,6.3958001136779785,31781,8.274100303649902,2.677299976348877,0.40185999870300293
2007,12,2,15,0,0.9018219709396362,9.041799545288086,265,7.605400085449219,6.853799819946289,28141,14.659700393676758,2.4321401119232178,0.4048599898815155
2007,12,2,18,0,0.9042099714279175,9.73740005493164,265,8.039199829101562,7.197700023651123,25291,14.659700393676758,2.2001800537109375,0.41565999388694763
2007,12,2,21,0,0.9005089998245239,10.530799865722656,265,8.410699844360352,7.156099796295166,25169,14.659700393676758,2.091399908065796,0.40884000062942505
2007,12,3,0,0,0.8722289800643921,10.788800239562988,265,8.25409984588623,6.7480998039245605,27352,14.659700393676758,2.1461598873138428,0.4138000011444092
2007,12,3,3,0,0.7776939868927002,10.955400466918945,225,9.780099868774414,8.982600212097168,59676,11.013500213623047,3.1793699264526367,0.29328998923301697
2007,12,3,6,0,0.8335199952125549,11.547300338745117,215,10.680000305175781,10.105199813842773,82030,12.114999771118164,3.6131300926208496,0.24403999745845795
2007,12,3,9,0,0.8553900122642517,11.907899856567383,215,10.98330020904541,10.30840015411377,90717,13.326800346374512,3.723910093307495,0.24181999266147614
2007,12,3,12,0,0.9149649739265442,9.95419979095459,205,8.508500099182129,7.531599998474121,245639,13.326800346374512,6.812550067901611,0.33671000599861145
2007,12,3,15,0,0.9386399984359741,12.44540023803711,215,11.046099662780762,10.07349967956543,444191,14.659700393676758,8.005499839782715,0.2881700098514557
2007,12,3,18,0,0.942143976688385,12.78499984741211,215,11.371100425720215,10.433899879455566,409113,16.125999450683594,7.564060211181641,0.2888300120830536
2007,12,3,21,0,0.9438329935073853,13.146200180053711,215,11.69540023803711,10.743900299072266,375247,16.125999450683594,7.129950046539307,0.2887499928474426
2007,12,4,0,0,0.9455540180206299,13.284700393676758,215,11.693499565124512,10.618800163269043,346944,16.125999450683594,6.813930034637451,0.2967100143432617
2007,12,4,3,0,0.9411550164222717,12.508299827575684,215,10.512299537658691,9.050100326538086,319453,16.125999450683594,6.763790130615234,0.332040011882782
2007,12,4,6,0,0.9400269985198975,12.223099708557129,215,10.591699600219727,9.491499900817871,319856,16.125999450683594,6.866040229797363,0.3169400095939636
2007,12,4,9,0,0.9373970031738281,12.353500366210938,215,10.907299995422363,9.968500137329102,310384,16.125999450683594,6.725100040435791,0.3012700080871582
2007,12,4,12,0,0.9277650117874146,12.696200370788574,225,11.198699951171875,10.256199836730957,300784,14.659700393676758,6.526599884033203,0.30959001183509827
2007,12,4,15,0,0.9163470268249512,13.776300430297852,235,12.003899574279785,10.890999794006348,337438,14.659700393676758,6.615409851074219,0.322409987449646
2007,12,4,18,0,0.9218080043792725,14.40719985961914,235,12.444999694824219,11.13290023803711,398941,17.73889923095703,7.012249946594238,0.3179500102996826
2007,12,4,21,0,0.9247009754180908,14.251700401306152,245,12.339500427246094,11.045900344848633,381483,17.73889923095703,6.887969970703125,0.3127399981021881
2007,12,5,0,0,0.92876797914505,14.10830020904541,245,12.379300117492676,11.21500015258789,316206,17.73889923095703,6.297540187835693,0.29938000440597534
2007,12,5,3,0,0.9309970140457153,14.069499969482422,245,12.613200187683105,11.636199951171875,253778,16.125999450683594,5.643610000610352,0.2770099937915802
2007,12,5,6,0,0.9307119846343994,13.879400253295898,245,12.643600463867188,11.836099624633789,206127,16.125999450683594,5.12067985534668,0.26012998819351196
2007,12,5,9,0,0.9286670088768005,13.553000450134277,245,12.466099739074707,11.776200294494629,165491,16.125999450683594,4.648240089416504,0.249439999461174
2007,12,5,12,0,0.9257969856262207,13.126099586486816,235,12.127900123596191,11.500900268554688,130388,14.659700393676758,4.202360153198242,0.24393999576568604
2007,12,5,15,0,0.9225829839706421,12.66450023651123,235,11.72760009765625,11.14210033416748,102302,14.659700393676758,3.8025100231170654,0.24119000136852264
2007,12,5,18,0,0.918641984462738,12.230299949645996,235,11.339900016784668,10.784099578857422,80961,14.659700393676758,3.4556000232696533,0.23940999805927277
2007,12,5,21,0,0.9148449897766113,11.843600273132324,235,10.985600471496582,10.450400352478027,64473,13.326800346374512,3.1462299823760986,0.23893000185489655
2007,12,6,0,0,0.911126971244812,11.503800392150879,235,10.667799949645996,10.147199630737305,51871,13.326800346374512,2.8747498989105225,0.2396399974822998
2007,12,6,3,0,0.9068670272827148,11.240900039672852,235,10.424099922180176,9.913700103759766,43097,13.326800346374512,2.659679889678955,0.2395399957895279
2007,12,6,6,0,0.9029859900474548,11.062000274658203,235,10.258700370788574,9.753399848937988,36994,13.326800346374512,2.4900801181793213,0.23902000486850739
2007,12,6,9,0,0.8988509774208069,10.910099983215332,235,10.116499900817871,9.614299774169922,31936,12.114999771118164,2.334660053253174,0.2389499992132187
2007,12,6,12,0,0.8937720060348511,10.753899574279785,235,9.969200134277344,9.463700294494629,27555,12.114999771118164,2.1892800331115723,0.23884999752044678
2007,12,6,15,0,0.8886409997940063,10.563599586486816,235,9.768799781799316,9.231200218200684,24141,12.114999771118164,2.072819948196411,0.24073000252246857
2007,12,6,18,0,0.8828309774398804,10.390899658203125,235,9.573100090026855,8.981800079345703,21325,12.114999771118164,1.9689799547195435,0.24265000224113464
2007,12,6,21,0,0.8761090040206909,10.258199691772461,235,9.446399688720703,8.880800247192383,18745,12.114999771118164,1.8617500066757202,0.24352000653743744
2007,12,7,0,0,0.869022011756897,10.160300254821777,235,9.400899887084961,8.892999649047852,16308,11.013500213623047,1.7482800483703613,0.24034999310970306
2007,12,7,3,0,0.8599129915237427,10.05679988861084,235,9.334699630737305,8.869600296020508,14109,11.013500213623047,1.63742995262146,0.23958000540733337
2007,12,7,6,0,0.8525000214576721,9.923800468444824,245,9.21090030670166,8.763199806213379,12057,11.013500213623047,1.526379942893982,0.24292999505996704
2007,12,7,9,0,0.842365026473999,9.249899864196777,245,8.376700401306152,7.880899906158447,11142,11.013500213623047,1.5257899761199951,0.2863900065422058
2007,12,7,12,0,0.8380839824676514,8.701899528503418,265,7.9243998527526855,7.468400001525879,13273,10.01200008392334,1.7283200025558472,0.28422001004219055
2007,12,7,15,0,0.8705360293388367,8.743300437927246,275,8.059700012207031,7.639999866485596,15580,9.101699829101562,1.8720300197601318,0.2621400058269501
2007,12,7,18,0,0.8950179815292358,8.818499565124512,275,8.149900436401367,7.738699913024902,15905,9.101699829101562,1.8832299709320068,0.25769999623298645
2007,12,7,21,0,0.9154300093650818,8.916600227355957,285,8.255599975585938,7.8470001220703125,16221,9.101699829101562,1.8906199932098389,0.25589999556541443
2007,12,8,0,0,0.9331690073013306,9.02810001373291,285,8.369400024414062,7.96589994430542,16893,9.101699829101562,1.9163600206375122,0.2585900127887726
2007,12,8,3,0,0.9438409805297852,9.125399589538574,285,8.446800231933594,8.043700218200684,17485,9.101699829101562,1.9376100301742554,0.26927998661994934
2007,12,8,6,0,0.9522460103034973,9.169400215148926,285,8.443099975585938,8.025699615478516,19557,9.101699829101562,2.043800115585327,0.2878499925136566
2007,12,8,9,0,0.9562209844589233,9.241100311279297,285,8.390399932861328,7.911399841308594,20081,9.101699829101562,2.0598700046539307,0.31953999400138855
2007,12,8,12,0,0.9592589735984802,9.643199920654297,285,8.459099769592285,7.733099937438965,19823,9.101699829101562,1.9909800291061401,0.37031999230384827
2007,12,8,15,0,0.9553830027580261,10.001700401306152,285,7.840400218963623,6.4182000160217285,21214,9.101699829101562,2.0032498836517334,0.43248000741004944
2007,12,8,18,0,0.9642059803009033,11.117199897766113,285,9.040900230407715,7.691199779510498,23734,17.73889923095703,1.9850399494171143,0.4032599925994873
2007,12,8,21,0,0.9696930050849915,12.067000389099121,285,10.112700462341309,8.8725004196167,27963,17.73889923095703,2.045799970626831,0.35850000381469727
2007,12,9,0,0,0.9737769961357117,12.733099937438965,285,11.014900207519531,9.814499855041504,32932,16.125999450683594,2.1470398902893066,0.30943000316619873
2007,12,9,3,0,0.9754350185394287,12.887399673461914,285,11.420299530029297,10.337800025939941,34784,14.659700393676758,2.190459966659546,0.2781299948692322
2007,12,9,6,0,0.9759520292282104,12.722100257873535,285,11.445199966430664,10.458900451660156,33281,14.659700393676758,2.159709930419922,0.25854000449180603
2007,12,9,9,0,0.9755520224571228,12.534799575805664,285,11.388400077819824,10.48390007019043,31094,14.659700393676758,2.1071200370788574,0.24594999849796295
2007,12,9,12,0,0.9745399951934814,12.340100288391113,285,11.25529956817627,10.40880012512207,28237,14.659700393676758,2.02839994430542,0.24345000088214874
2007,12,9,15,0,0.9728400111198425,12.06190013885498,285,10.98270034790039,10.169099807739258,24668,14.659700393676758,1.9235999584197998,0.25001999735832214
2007,12,9,18,0,0.9699230194091797,11.743300437927246,285,10.627400398254395,9.811300277709961,21204,14.659700393676758,1.8134599924087524,0.26159000396728516
2007,12,9,21,0,0.9661830067634583,11.587599754333496,285,10.418299674987793,9.560400009155273,19050,13.326800346374512,1.7325700521469116,0.2701199948787689
2007,12,10,0,0,0.9625719785690308,11.610699653625488,285,10.397500038146973,9.47920036315918,18022,14.659700393676758,1.6818000078201294,0.2711000144481659
2007,12,10,3,0,0.9586420059204102,11.675800323486328,285,10.457300186157227,9.49209976196289,17200,14.659700393676758,1.6362899541854858,0.264710009098053
2007,12,10,6,0,0.9552440047264099,11.719599723815918,275,10.531700134277344,9.543299674987793,16691,13.326800346374512,1.6081600189208984,0.25516000390052795
2007,12,10,9,0,0.9534440040588379,11.313199996948242,275,9.912300109863281,8.725700378417969,18558,13.326800346374512,1.7314399480819702,0.2727600038051605
2007,12,10,12,0,0.951882004737854,10.82979965209961,275,9.548399925231934,8.536700248718262,23846,13.326800346374512,2.0179200172424316,0.27724000811576843
2007,12,10,15,0,0.9517430067062378,10.669500350952148,275,9.587200164794922,8.75469970703125,26827,13.326800346374512,2.1645500659942627,0.2625899910926819
2007,12,10,18,0,0.9505940079689026,10.535499572753906,275,9.561599731445312,8.826700210571289,25030,12.114999771118164,2.110340118408203,0.25332000851631165
2007,12,10,21,0,0.94753497838974,10.346699714660645,275,9.396699905395508,8.697500228881836,21271,12.114999771118164,1.9689300060272217,0.25275999307632446
2007,12,11,0,0,0.943801999092102,10.19729995727539,275,9.269599914550781,8.592900276184082,17897,12.114999771118164,1.8234800100326538,0.2525100111961365
2007,12,11,3,0,0.9384260177612305,10.079000473022461,275,9.17199993133545,8.534099578857422,15407,12.114999771118164,1.7045999765396118,0.2542499899864197
2007,12,11,6,0,0.9351800084114075,9.995100021362305,265,9.081299781799316,8.450799942016602,13483,12.114999771118164,1.6028900146484375,0.257889986038208
2007,12,11,9,0,0.9343870282173157,9.991000175476074,265,9.031900405883789,8.331700325012207,12001,12.114999771118164,1.5123100280761719,0.263590008020401
2007,12,11,12,0,0.9253100156784058,9.686300277709961,265,8.34529972076416,7.30810022354126,10925,11.013500213623047,1.4661699533462524,0.30542001128196716
2007,12,11,15,0,0.896120011806488,9.324700355529785,265,7.729499816894531,6.6992998123168945,11253,11.013500213623047,1.5152000188827515,0.3638400137424469
2007,12,11,18,0,0.888338029384613,9.612299919128418,265,7.46019983291626,6.106800079345703,12947,11.013500213623047,1.589020013809204,0.40213000774383545
2007,12,11,21,0,0.8781020045280457,9.403900146484375,255,6.906599998474121,5.591300010681152,18873,13.326800346374512,1.9303100109100342,0.45364001393318176
2007,12,12,0,0,0.8564929962158203,9.002099990844727,255,6.737400054931641,5.584099769592285,31201,14.659700393676758,2.542840003967285,0.4636000096797943
2007,12,12,3,0,0.8693299889564514,9.61359977722168,255,7.630499839782715,6.445199966430664,43984,14.659700393676758,2.919600009918213,0.4007300138473511
2007,12,12,6,0,0.9072790145874023,9.590700149536133,265,7.690499782562256,6.521100044250488,48232,13.326800346374512,3.0681099891662598,0.387719988822937
2007,12,12,9,0,0.9196069836616516,9.60770034790039,265,8.13129997253418,7.186200141906738,51310,13.326800346374512,3.1757700443267822,0.35199999809265137
2007,12,12,12,0,0.9241129755973816,10.03320026397705,265,8.673399925231934,7.785299777984619,46310,13.326800346374512,2.9451699256896973,0.3295600116252899
2007,12,12,15,0,0.9257190227508545,10.342100143432617,265,9.126899719238281,8.35159969329834,43583,13.326800346374512,2.8099300861358643,0.31053000688552856
2007,12,12,18,0,0.9297890067100525,10.528300285339355,275,9.224800109863281,8.288200378417969,43658,12.114999771118164,2.7818500995635986,0.3079400062561035
2007,12,12,21,0,0.9357230067253113,10.88949966430664,275,9.634200096130371,8.740400314331055,47813,12.114999771118164,2.852449893951416,0.2968200147151947
2007,12,13,0,0,0.9401410222053528,11.28689956665039,275,10.194600105285645,9.4399995803833,53050,13.326800346374512,2.9413700103759766,0.27285999059677124
2007,12,13,3,0,0.9424620270729065,11.535300254821777,275,10.576499938964844,9.937199592590332,56214,13.326800346374512,2.98826003074646,0.2530499994754791
2007,12,13,6,0,0.944096028804779,11.613300323486328,285,10.719200134277344,10.122300148010254,55379,13.326800346374512,2.9535000324249268,0.24216000735759735
2007,12,13,9,0,0.9443010091781616,11.517499923706055,285,10.658900260925293,10.085200309753418,50852,13.326800346374512,2.845099925994873,0.23763999342918396
2007,12,13,12,0,0.9415130019187927,11.32610034942627,285,10.499799728393555,9.9483003616333,44457,13.326800346374512,2.68927001953125,0.23518000543117523
2007,12,13,15,0,0.9367700219154358,11.107799530029297,285,10.309900283813477,9.774100303649902,37698,13.326800346374512,2.5084800720214844,0.2338400036096573
2007,12,13,18,0,0.9271860122680664,10.557600021362305,275,9.0649995803833,7.643499851226807,31495,12.114999771118164,2.3611900806427,0.2768099904060364
2007,12,13,21,0,0.9130629897117615,9.378199577331543,275,7.754000186920166,6.62939977645874,30543,12.114999771118164,2.487410068511963,0.3485400080680847
2007,12,14,0,0,0.9078099727630615,9.373700141906738,275,8.235699653625488,7.504799842834473,29284,12.114999771118164,2.4479598999023438,0.31683000922203064
2007,12,14,3,0,0.9077119827270508,9.455699920654297,275,8.38659954071045,7.741300106048584,25718,12.114999771118164,2.2881500720977783,0.321370005607605
2007,12,14,6,0,0.9125639796257019,9.736100196838379,275,8.538599967956543,7.871300220489502,23270,11.013500213623047,2.143009901046753,0.3578700125217438
2007,12,14,9,0,0.921176016330719,10.43589973449707,275,8.860699653625488,8.043299674987793,23769,11.013500213623047,2.077500104904175,0.4060400128364563
2007,12,14,12,0,0.9215459823608398,11.087900161743164,275,8.247900009155273,6.650100231170654,28551,19.513200759887695,2.185810089111328,0.4703199863433838
2007,12,14,15,0,0.8932780027389526,10.7121000289917,275,7.552000045776367,6.08620023727417,37252,17.73889923095703,2.5255401134490967,0.5156499743461609
2007,12,14,18,0,0.8503710031509399,10.343700408935547,265,7.419600009918213,6.064799785614014,50588,17.73889923095703,2.9916601181030273,0.5123000144958496
2007,12,14,21,0,0.8176299929618835,10.184100151062012,265,7.561100006103516,6.252299785614014,58744,17.73889923095703,3.253880023956299,0.4847399890422821
2007,12,15,0,0,0.7788990139961243,9.733699798583984,255,7.434899806976318,6.223400115966797,58001,16.125999450683594,3.3237099647521973,0.46373000741004944
2007,12,15,3,0,0.7428929805755615,9.175299644470215,245,7.144400119781494,6.045300006866455,56356,16.125999450683594,3.3958098888397217,0.45115000009536743
2007,12,15,6,0,0.7377790212631226,8.628499984741211,235,6.917399883270264,5.933700084686279,63303,16.125999450683594,3.7448999881744385,0.4262399971485138
2007,12,15,9,0,0.7776389718055725,9.410099983215332,235,8.136199951171875,7.330100059509277,72868,9.101699829101562,3.845870018005371,0.34292998909950256
2007,12,15,12,0,0.804714024066925,9.65369987487793,245,8.49269962310791,7.7322998046875,71641,9.101699829101562,3.7601399421691895,0.3155499994754791
2007,12,15,15,0,0.8200240135192871,9.651200294494629,255,8.55519962310791,7.812600135803223,64764,10.01200008392334,3.5779800415039062,0.30232998728752136
2007,12,15,18,0,0.8438199758529663,9.66450023651123,255,8.55150032043457,7.77400016784668,62086,10.01200008392334,3.5007500648498535,0.3009699881076813
2007,12,15,21,0,0.8711640238761902,10.296699523925781,265,9.040900230407715,8.184900283813477,69175,11.013500213623047,3.5504000186920166,0.3122600018978119
2007,12,16,0,0,0.9111379981040955,11.653200149536133,265,10.364999771118164,9.461600303649902,106987,14.659700393676758,4.087709903717041,0.2864300012588501
2007,12,16,3,0,0.9226359724998474,12.268099784851074,275,11.040399551391602,10.092000007629395,134591,14.659700393676758,4.441090106964111,0.26194000244140625
2007,12,16,6,0,0.9093080163002014,11.770099639892578,275,10.012700080871582,8.583600044250488,135128,14.659700393676758,4.549630165100098,0.3014099895954132
2007,12,16,9,0,0.8683149814605713,10.879199981689453,265,9.152999877929688,7.90369987487793,123051,13.326800346374512,4.5520501136779785,0.3296099901199341
2007,12,16,12,0,0.7768920063972473,9.337400436401367,245,7.698500156402588,6.620200157165527,122108,13.326800346374512,4.976109981536865,0.3646799921989441
2007,12,16,15,0,0.7896270155906677,9.745599746704102,235,8.26259994506836,7.1350998878479,121960,12.114999771118164,4.867269992828369,0.3160099983215332
2007,12,16,18,0,0.8178179860115051,9.789600372314453,225,8.395299911499023,7.361100196838379,138757,12.114999771118164,5.177619934082031,0.3102000057697296
2007,12,16,21,0,0.836430013179779,10.240300178527832,225,9.10830020904541,8.229999542236328,148413,12.114999771118164,5.224999904632568,0.27226001024246216
2007,12,17,0,0,0.8163340091705322,10.285200119018555,225,9.343899726867676,8.624899864196777,118426,12.114999771118164,4.666560173034668,0.25005999207496643
2007,12,17,3,0,0.802157998085022,10.155200004577637,225,9.194499969482422,8.426600456237793,91873,11.013500213623047,4.145170211791992,0.2510400116443634
2007,12,17,6,0,0.7993350028991699,10.144399642944336,235,9.234700202941895,8.52180004119873,75160,11.013500213623047,3.7542600631713867,0.2481600046157837
2007,12,17,9,0,0.8060600161552429,10.418899536132812,235,9.66510009765625,9.134300231933594,67271,11.013500213623047,3.4975199699401855,0.23567000031471252
2007,12,17,12,0,0.8278220295906067,10.856599807739258,255,9.865300178527832,9.191900253295898,93160,11.013500213623047,3.9970500469207764,0.266510009765625
2007,12,17,15,0,0.8737499713897705,11.743399620056152,265,10.881199836730957,10.312299728393555,127139,13.326800346374512,4.447850227355957,0.24011999368667603
2007,12,17,18,0,0.891668975353241,12.061699867248535,265,11.233400344848633,10.712400436401367,126715,13.326800346374512,4.366660118103027,0.23532000184059143
2007,12,17,21,0,0.8983200192451477,12.159500122070312,265,11.24429988861084,10.638299942016602,117682,13.326800346374512,4.18366003036499,0.2415499985218048
2007,12,18,0,0,0.9018020033836365,11.915800094604492,275,10.654399871826172,9.618499755859375,108568,13.326800346374512,4.060480117797852,0.26594001054763794
2007,12,18,3,0,0.9049429893493652,11.720499992370605,275,10.525300025939941,9.626700401306152,96721,13.326800346374512,3.871340036392212,0.2678999900817871
2007,12,18,6,0,0.9062319993972778,11.572199821472168,275,10.419300079345703,9.52810001373291,83003,13.326800346374512,3.615910053253174,0.2641400098800659
2007,12,18,9,0,0.8984169960021973,11.321000099182129,275,10.245699882507324,9.449999809265137,70457,13.326800346374512,3.3785998821258545,0.2631700038909912
2007,12,18,12,0,0.8840140104293823,11.045100212097168,275,9.89739990234375,8.835800170898438,59337,13.326800346374512,3.14985990524292,0.2628600001335144
2007,12,18,15,0,0.8470699787139893,10.644700050354004,265,9.254400253295898,7.8302998542785645,52156,13.326800346374512,3.0209100246429443,0.2740600109100342
2007,12,18,18,0,0.7611610293388367,10.173100471496582,255,8.95930004119873,7.917399883270264,53473,12.114999771118164,3.148329973220825,0.28165000677108765
2007,12,18,21,0,0.7256709933280945,10.217300415039062,245,9.38129997253418,8.806599617004395,61012,12.114999771118164,3.3642001152038574,0.2518799901008606
2007,12,19,0,0,0.714743971824646,10.46030044555664,235,9.755499839782715,9.289299964904785,58148,11.013500213623047,3.242259979248047,0.22981999814510345
2007,12,19,3,0,0.7184439897537231,10.618900299072266,245,9.995699882507324,9.58650016784668,52759,11.013500213623047,3.063110113143921,0.21588000655174255
2007,12,19,6,0,0.7289590239524841,10.583600044250488,245,9.928999900817871,9.414199829101562,46554,11.013500213623047,2.8840599060058594,0.21629999577999115
2007,12,19,9,0,0.7454779744148254,10.118000030517578,245,8.975099563598633,7.973700046539307,43194,11.013500213623047,2.846290111541748,0.2651500105857849
2007,12,19,12,0,0.7344269752502441,8.950900077819824,245,7.150400161743164,5.947700023651123,42221,11.013500213623047,3.0076498985290527,0.3608599901199341
2007,12,19,15,0,0.817779004573822,8.786600112915039,225,7.856599807739258,7.201099872589111,68719,10.01200008392334,3.912990093231201,0.2824999988079071
2007,12,19,18,0,0.820222020149231,9.24209976196289,225,8.459099769592285,7.899899959564209,72412,10.01200008392334,3.9077999591827393,0.25049999356269836
2007,12,19,21,0,0.8216279745101929,9.398799896240234,225,8.596599578857422,8.000499725341797,76078,10.01200008392334,3.9654700756073,0.2472500056028366
2007,12,20,0,0,0.8179500102996826,9.660599708557129,235,8.950900077819824,8.442899703979492,73442,10.01200008392334,3.8351399898529053,0.2325199991464615
2007,12,20,3,0,0.8135870099067688,9.809300422668457,245,9.072999954223633,8.54319953918457,74230,11.013500213623047,3.817460060119629,0.23503999412059784
2007,12,20,6,0,0.828993022441864,10.166000366210938,255,9.468099594116211,8.998200416564941,79619,11.013500213623047,3.8655800819396973,0.23117999732494354
2007,12,20,9,0,0.8502110242843628,10.57919979095459,255,9.898900032043457,9.464500427246094,82790,12.114999771118164,3.8424899578094482,0.2283100038766861
2007,12,20,12,0,0.8686580061912537,10.825499534606934,265,10.108099937438965,9.664400100708008,79931,12.114999771118164,3.719369888305664,0.2357800006866455
2007,12,20,15,0,0.8871150016784668,11.11970043182373,265,10.263199806213379,9.725799560546875,80647,12.114999771118164,3.669600009918213,0.2547700107097626
2007,12,20,18,0,0.9042860269546509,11.184700012207031,265,9.943599700927734,8.999300003051758,85062,13.326800346374512,3.74399995803833,0.2858099937438965
2007,12,20,21,0,0.9162110090255737,11.211299896240234,265,9.979399681091309,9.08329963684082,84975,13.326800346374512,3.7339999675750732,0.28650999069213867
2007,12,21,0,0,0.9227709770202637,11.258500099182129,265,10.126799583435059,9.308099746704102,77306,13.326800346374512,3.5541200637817383,0.2745400071144104
2007,12,21,3,0,0.9260929822921753,11.142999649047852,265,9.906800270080566,8.939599990844727,68246,13.326800346374512,3.3587300777435303,0.27974000573158264
2007,12,21,6,0,0.9304739832878113,11.248299598693848,275,10.180299758911133,9.451199531555176,61137,13.326800346374512,3.1623499393463135,0.2680700123310089
2007,12,21,9,0,0.9349780082702637,11.367600440979004,275,10.417799949645996,9.785900115966797,56975,13.326800346374512,3.035099983215332,0.2531700134277344
2007,12,21,12,0,0.9381399750709534,11.364399909973145,275,10.509099960327148,9.947799682617188,54397,13.326800346374512,2.9684898853302,0.24163000285625458
2007,12,21,15,0,0.9390640258789062,11.241299629211426,275,10.440799713134766,9.920900344848633,50585,13.326800346374512,2.884049892425537,0.23649999499320984
2007,12,21,18,0,0.9377319812774658,11.075599670410156,275,10.283699989318848,9.753999710083008,45254,12.114999771118164,2.754539966583252,0.23697000741958618
2007,12,21,21,0,0.9330229759216309,10.753199577331543,275,9.5108003616333,8.181400299072266,38932,12.114999771118164,2.6000499725341797,0.25676000118255615
2007,12,22,0,0,0.9024760127067566,9.572999954223633,275,7.74399995803833,6.437099933624268,32513,12.114999771118164,2.534630060195923,0.3487200140953064
2007,12,22,3,0,0.8206279873847961,8.2322998046875,255,6.645999908447266,5.6616997718811035,29013,12.114999771118164,2.613460063934326,0.3900499939918518
2007,12,22,6,0,0.7873979806900024,7.587200164794922,235,6.313399791717529,5.491300106048584,33598,9.101699829101562,2.959439992904663,0.36733999848365784
2007,12,22,9,0,0.8250960111618042,8.213899612426758,225,6.9847002029418945,6.107500076293945,47272,10.01200008392334,3.3670599460601807,0.33024999499320984
2007,12,22,12,0,0.833541989326477,8.585800170898438,225,7.237100124359131,6.309899806976318,85096,11.013500213623047,4.390779972076416,0.3438200056552887
2007,12,22,15,0,0.8342880010604858,9.43120002746582,225,8.037699699401855,7.053400039672852,141662,12.114999771118164,5.352260112762451,0.33072999119758606
2007,12,22,18,0,0.8382109999656677,10.76930046081543,235,9.750499725341797,9.086600303649902,139390,12.114999771118164,4.913440227508545,0.2736299932003021
2007,12,22,21,0,0.8455759882926941,11.92590045928955,255,10.799599647521973,10.094400405883789,147848,12.114999771118164,4.753280162811279,0.27952998876571655
2007,12,23,0,0,0.8669030070304871,12.471500396728516,255,11.37030029296875,10.678400039672852,159412,14.659700393676758,4.796750068664551,0.26570001244544983
2007,12,23,3,0,0.8777009844779968,12.306099891662598,265,11.345100402832031,10.747300148010254,140007,14.659700393676758,4.530280113220215,0.25016000866889954
2007,12,23,6,0,0.8792769908905029,12.096500396728516,265,11.220499992370605,10.68340015411377,124450,13.326800346374512,4.318019866943359,0.24281999468803406
2007,12,23,9,0,0.8804489970207214,12.000399589538574,265,11.178899765014648,10.671699523925781,116941,13.326800346374512,4.20674991607666,0.23537999391555786
2007,12,23,12,0,0.8761339783668518,11.737700462341309,275,10.892600059509277,10.302200317382812,100208,13.326800346374512,3.9485299587249756,0.2367199957370758
2007,12,23,15,0,0.8458799719810486,10.658900260925293,265,9.01669979095459,7.672100067138672,79678,12.114999771118164,3.7206900119781494,0.3090200126171112
2007,12,23,18,0,0.7955120205879211,9.823699951171875,255,8.36620044708252,7.298900127410889,70261,12.114999771118164,3.6750900745391846,0.3248000144958496
2007,12,23,21,0,0.808197021484375,10.10770034790039,245,9.029800415039062,8.25570011138916,62817,11.013500213623047,3.4285500049591064,0.2838200032711029
2007,12,24,0,0,0.8344569802284241,10.10260009765625,255,8.91819953918457,8.016500473022461,58240,11.013500213623047,3.300189971923828,0.2884100079536438
2007,12,24,3,0,0.8479580283164978,10.11520004272461,255,8.738499641418457,7.696899890899658,58649,12.114999771118164,3.306420087814331,0.3142299950122833
2007,12,24,6,0,0.8937309980392456,12.124899864196777,265,9.895099639892578,8.508199691772461,114240,17.73889923095703,4.136569976806641,0.38712000846862793
2007,12,24,9,0,0.9359700083732605,13.873900413513184,275,12.052800178527832,10.811699867248535,228369,17.73889923095703,5.400680065155029,0.3083699941635132
2007,12,24,12,0,0.9426810145378113,14.02180004119873,275,12.416999816894531,11.308300018310547,267254,16.125999450683594,5.802820205688477,0.28745999932289124
2007,12,24,15,0,0.9456200003623962,14.095399856567383,275,12.633199691772461,11.654199600219727,282276,16.125999450683594,5.943809986114502,0.2761099934577942
2007,12,24,18,0,0.9481480121612549,14.08430004119873,275,12.758000373840332,11.856200218200684,285763,16.125999450683594,5.977200031280518,0.26190000772476196
2007,12,24,21,0,0.9499160051345825,14.007100105285645,275,12.871100425720215,12.109999656677246,266908,16.125999450683594,5.789140224456787,0.24456000328063965
2007,12,25,0,0,0.950901985168457,13.860099792480469,275,12.845100402832031,12.166799545288086,232356,16.125999450683594,5.430779933929443,0.2329999953508377
2007,12,25,3,0,0.95033198595047,13.616100311279297,275,12.67770004272461,12.052300453186035,194756,16.125999450683594,5.02193021774292,0.22664999961853027
2007,12,25,6,0,0.9488610029220581,13.325499534606934,275,12.451299667358398,11.869000434875488,162597,14.659700393676758,4.646200180053711,0.22131000459194183
2007,12,25,9,0,0.946474015712738,12.977499961853027,275,12.147700309753418,11.592700004577637,131574,14.659700393676758,4.245719909667969,0.2182299941778183
2007,12,25,12,0,0.9420549869537354,12.48330020904541,275,11.441800117492676,10.326899528503418,97959,14.659700393676758,3.7505600452423096,0.22708000242710114
2007,12,25,15,0,0.9044079780578613,10.599800109863281,275,8.484100341796875,6.982999801635742,72232,13.326800346374512,3.534409999847412,0.35229000449180603
2007,12,25,18,0,0.8103539943695068,8.785200119018555,255,7.105500221252441,6.042300224304199,74815,13.326800346374512,4.035999774932861,0.38308000564575195
2007,12,25,21,0,0.8206009864807129,9.660900115966797,245,8.352100372314453,7.4045000076293945,100067,12.114999771118164,4.437530040740967,0.3121599853038788
2007,12,26,0,0,0.8386170268058777,10.787599563598633,255,9.81350040435791,9.16510009765625,98479,12.114999771118164,4.126369953155518,0.264490008354187
2007,12,26,3,0,0.8685920238494873,10.871399879455566,255,9.776200294494629,9.053400039672852,101722,12.114999771118164,4.167379856109619,0.28099000453948975
2007,12,26,6,0,0.8996509909629822,10.866399765014648,265,9.646699905395508,8.795599937438965,106135,12.114999771118164,4.253590106964111,0.2917799949645996
2007,12,26,9,0,0.9213070273399353,10.893500328063965,265,9.658100128173828,8.788100242614746,125776,13.326800346374512,4.622439861297607,0.2915799915790558
2007,12,26,12,0,0.9289789795875549,11.239399909973145,265,9.990300178527832,9.119799613952637,149195,13.326800346374512,4.93641996383667,0.2872900068759918
2007,12,26,15,0,0.937021017074585,11.624699592590332,275,10.266799926757812,9.296199798583984,164084,13.326800346374512,5.068389892578125,0.29124999046325684
2007,12,26,18,0,0.9461860060691833,12.301600456237793,275,10.962800025939941,10.018699645996094,179595,14.659700393676758,5.128530025482178,0.28376999497413635
2007,12,26,21,0,0.9520360231399536,13.07979965209961,275,11.659500122070312,10.65820026397705,202117,14.659700393676758,5.248509883880615,0.2826499938964844
2007,12,27,0,0,0.9533060193061829,13.611900329589844,275,12.340100288391113,11.461999893188477,210792,16.125999450683594,5.231200218200684,0.2601799964904785
2007,12,27,3,0,0.9523289799690247,13.597900390625,275,12.471799850463867,11.698699951171875,183249,16.125999450683594,4.875969886779785,0.24469000101089478
2007,12,27,6,0,0.9509689807891846,13.34589958190918,275,12.322999954223633,11.63230037689209,150800,16.125999450683594,4.470419883728027,0.23691999912261963
2007,12,27,9,0,0.9498649835586548,12.976400375366211,275,12.03219985961914,11.404000282287598,122771,14.659700393676758,4.101650238037109,0.23263999819755554
2007,12,27,12,0,0.9485539793968201,12.671600341796875,275,11.787099838256836,11.196700096130371,104212,14.659700393676758,3.8336000442504883,0.22777999937534332
2007,12,27,15,0,0.9470189809799194,12.304800033569336,275,11.253100395202637,10.144700050354004,84775,14.659700393676758,3.5204899311065674,0.23140999674797058
2007,12,27,18,0,0.9110509753227234,10.622200012207031,275,8.29990005493164,6.683899879455566,69605,13.326800346374512,3.461669921875,0.3587999939918518
2007,12,27,21,0,0.8046479821205139,9.269599914550781,255,7.511499881744385,6.374499797821045,63388,13.326800346374512,3.594449996948242,0.37766000628471375
2007,12,28,0,0,0.7804660201072693,9.405599594116211,245,8.189399719238281,7.304200172424316,64294,13.326800346374512,3.617379903793335,0.3108299970626831
2007,12,28,3,0,0.7795760035514832,9.840700149536133,245,9.024999618530273,8.497400283813477,55756,12.114999771118164,3.291290044784546,0.2605000138282776
2007,12,28,6,0,0.7902269959449768,9.863800048828125,245,9.200599670410156,8.79010009765625,55856,10.01200008392334,3.2977099418640137,0.23715999722480774
2007,12,28,9,0,0.8213409781455994,9.913700103759766,255,9.171299934387207,8.66670036315918,57621,11.013500213623047,3.3380401134490967,0.24323000013828278
2007,12,28,12,0,0.8647050261497498,10.189399719238281,265,9.234100341796875,8.496000289916992,64827,11.013500213623047,3.4738399982452393,0.26131999492645264
2007,12,28,15,0,0.8908569812774658,10.466500282287598,265,9.409199714660645,8.621600151062012,73573,12.114999771118164,3.6339900493621826,0.2737500071525574
2007,12,28,18,0,0.9027950167655945,10.877599716186523,265,9.823100090026855,9.11050033569336,79255,12.114999771118164,3.683180093765259,0.279339998960495
2007,12,28,21,0,0.9178069829940796,11.425999641418457,275,10.023699760437012,8.987000465393066,88989,12.114999771118164,3.7838499546051025,0.3082300126552582
2007,12,29,0,0,0.9315149784088135,11.628100395202637,275,9.726699829101562,8.420000076293945,107936,16.125999450683594,4.112569808959961,0.35210999846458435
2007,12,29,3,0,0.9413650035858154,12.257499694824219,275,10.583000183105469,9.500300407409668,119676,16.125999450683594,4.1981401443481445,0.3274900019168854
2007,12,29,6,0,0.9480000138282776,12.663700103759766,275,11.172499656677246,10.209400177001953,122722,16.125999450683594,4.168369770050049,0.301690012216568
2007,12,29,9,0,0.9513720273971558,12.825900077819824,275,11.492500305175781,10.634599685668945,121752,16.125999450683594,4.11929988861084,0.28286999464035034
2007,12,29,12,0,0.9531639814376831,12.912300109863281,275,11.686699867248535,10.899399757385254,117444,16.125999450683594,4.02938985824585,0.27066001296043396
2007,12,29,15,0,0.9540590047836304,12.950599670410156,275,11.794599533081055,11.049200057983398,110768,16.125999450683594,3.9059600830078125,0.2625100016593933
2007,12,29,18,0,0.9541239738464355,12.96030044555664,275,11.797300338745117,10.958000183105469,104368,14.659700393676758,3.788209915161133,0.25742998719215393
2007,12,29,21,0,0.9494400024414062,12.65410041809082,275,10.905699729919434,9.251999855041504,95700,14.659700393676758,3.6725399494171143,0.2817400097846985
2007,12,30,0,0,0.9323019981384277,11.916999816894531,275,9.754300117492676,8.09060001373291,86956,14.659700393676758,3.618259906768799,0.3316900134086609
2007,12,30,3,0,0.9281430244445801,10.056900024414062,275,8.660099983215332,7.762499809265137,152662,14.659700393676758,5.339300155639648,0.3383899927139282
2007,12,30,6,0,0.9371899962425232,11.222100257873535,275,10.060799598693848,9.308199882507324,214422,13.326800346374512,5.9286298751831055,0.2845099866390228
2007,12,30,9,0,0.9471589922904968,12.126899719238281,275,10.907999992370605,10.081500053405762,254466,14.659700393676758,6.151679992675781,0.27226999402046204
2007,12,30,12,0,0.9468790292739868,11.807499885559082,275,10.57610034942627,9.748700141906738,256127,13.326800346374512,6.272900104522705,0.2788099944591522
2007,12,30,15,0,0.945127010345459,11.817899703979492,275,10.644000053405762,9.860300064086914,241983,13.326800346374512,6.096310138702393,0.2729400098323822
2007,12,30,18,0,0.9473689794540405,12.14229965209961,275,10.92080020904541,10.104000091552734,232691,14.659700393676758,5.881609916687012,0.275299996137619
2007,12,30,21,0,0.9513279795646667,12.720999717712402,275,11.321999549865723,10.373600006103516,254965,14.659700393676758,5.988959789276123,0.28650999069213867
2007,12,31,0,0,0.9519230127334595,12.951600074768066,275,11.476699829101562,10.463800430297852,270011,16.125999450683594,6.0944600105285645,0.2876499891281128
2007,12,31,3,0,0.953577995300293,12.8326997756958,285,11.436300277709961,10.474300384521484,235733,16.125999450683594,5.7228899002075195,0.2805199921131134
2007,12,31,6,0,0.9558740258216858,12.647700309753418,285,11.413700103759766,10.565999984741211,185451,14.659700393676758,5.119359970092773,0.26638999581336975
2007,12,31,9,0,0.957397997379303,12.407500267028809,285,11.328800201416016,10.593299865722656,142356,14.659700393676758,4.538579940795898,0.25279998779296875
2007,12,31,12,0,0.9583640098571777,12.173800468444824,285,11.240300178527832,10.61460018157959,112135,14.659700393676758,4.077559947967529,0.23938000202178955
2007,12,31,15,0,0.9584289789199829,11.927599906921387,285,11.084400177001953,10.525500297546387,89849,13.326800346374512,3.698820114135742,0.2312999963760376
2007,12,31,18,0,0.9572420120239258,11.623600006103516,285,10.836799621582031,10.318300247192383,71520,13.326800346374512,3.356019973754883,0.2272299975156784
2007,12,31,21,0,0.9561039805412292,11.353799819946289,285,10.604299545288086,10.102299690246582,57993,13.326800346374512,3.0685698986053467,0.2232999950647354
